24.319437,32.636345,0.0,-18.649557,85.97004,0.0,-10.688291,26.634443,0.0
15.982645,-32.882137,0.0,50.918373,55.210865,0.0,-40.328518,74.44477,0.0
-82.90321,83.28178,0.0,98.48617,54.400394,0.0,-11.951497,-42.915592,0.0
-23.223764,-41.035828,0.0,-13.202067,-78.3601,0.0,-17.087124,93.75772,0.0
-92.31665,-11.9386215,0.0,-75.05232,-83.61532,0.0,2.5503004,-50.9635,0.0
-37.466328,74.20537,0.0,95.0974,-8.200479,0.0,-48.83074,-11.200486,0.0
-71.96646,85.4671,0.0,-88.20485,15.899933,0.0,-79.298584,-42.537968,0.0
-99.556564,96.2741,0.0,1.3795205,76.56048,0.0,10.118408,16.469685,0.0
17.615158,-89.40729,0.0,-31.701397,-88.138664,0.0,-20.309912,-28.494621,0.0
-73.55415,83.81716,0.0,-76.02209,-74.576866,0.0,-79.142265,62.653126,0.0
-88.91115,-30.668058,0.0,-96.7413,71.65549,0.0,99.97302,-72.44567,0.0
64.24792,11.683073,0.0,29.193127,-20.706875,0.0,76.95932,-87.04055,0.0
51.305683,-16.318277,0.0,-41.985027,-99.41531,0.0,62.753075,-42.07754,0.0
50.91282,41.31073,0.0,-26.106937,-30.000248,0.0,-33.71612,-8.193293,0.0
2.5582488,79.5134,0.0,-27.059525,26.777802,0.0,-89.43183,7.621589,0.0
1.4915053,-46.836464,0.0,-0.6226664,86.30377,0.0,68.627045,92.93685,0.0
-95.06822,-28.459698,0.0,-40.77619,86.873886,0.0,-35.45147,3.3523643,0.0
67.579155,-24.078144,0.0,-41.952106,-37.597786,0.0,-63.618256,78.194786,0.0
43.244343,32.03515,0.0,-2.1320019,-37.71377,0.0,-68.59459,-91.55663,0.0
65.41997,43.92973,0.0,66.213974,30.038029,0.0,-34.576126,14.691627,0.0
-79.96371,-28.457184,0.0,-51.394867,35.40124,0.0,-53.708046,3.6083097,0.0
-83.44335,-5.4059095,0.0,42.137814,93.95568,0.0,4.2102637,21.08951,0.0
-41.012047,65.92041,0.0,70.765526,-84.85257,0.0,-77.60734,3.3038547,0.0
-49.314095,-66.20586,0.0,59.759132,-78.41091,0.0,51.7776,1.4818054,0.0
-90.30952,16.995169,0.0,-93.65922,85.584946,0.0,90.3956,-4.5141273,0.0
-23.79885,15.668953,0.0,-24.520668,20.908964,0.0,60.529705,-33.56516,0.0
-21.50081,-84.32753,0.0,26.934937,96.50824,0.0,-51.63144,-90.876976,0.0
-32.982048,51.081696,0.0,12.988702,-93.15267,0.0,31.32765,-48.260967,0.0
-54.73435,-13.262673,0.0,-32.227345,73.404144,0.0,53.77252,56.540653,0.0
68.91323,-56.43291,0.0,56.361755,-72.2773,0.0,51.462532,-33.678185,0.0
-30.386087,81.082596,0.0,92.35832,-49.650265,0.0,71.722145,-81.346146,0.0
-87.915634,-93.977264,0.0,-23.46679,7.273203,0.0,-95.8722,-19.882528,0.0
57.7505,18.207,0.0,24.663887,-51.442112,0.0,-47.23536,52.743614,0.0
-96.99973,83.73963,0.0,-52.097725,24.205261,0.0,62.216476,-21.405876,0.0
63.071335,-38.417233,0.0,-76.197365,-95.09376,0.0,-80.3203,36.088734,0.0
-46.317066,-60.554295,0.0,-77.799194,52.047676,0.0,97.70353,-59.53284,0.0
-75.62812,-77.883156,0.0,67.5415,71.83263,0.0,54.86381,-64.31722,0.0
36.289185,-94.46927,0.0,14.776642,-92.28616,0.0,-60.429058,77.55827,0.0
20.268131,19.631355,0.0,-47.753742,72.90879,0.0,89.30539,85.628235,0.0
-6.759847,22.639923,0.0,-53.81345,41.182686,0.0,7.7874045,23.137972,0.0
-60.29749,-82.12678,0.0,-6.766616,-79.59705,0.0,26.75811,19.402842,0.0
33.08988,-94.2199,0.0,19.806677,-14.755486,0.0,63.070694,-67.83881,0.0
-19.07269,-29.027311,0.0,-69.52316,75.02332,0.0,-93.0368,33.895996,0.0
-30.15361,-62.479095,0.0,50.07057,-62.145527,0.0,16.483393,4.29213,0.0
65.37902,39.252613,0.0,32.18735,-95.054306,0.0,-32.779636,13.699407,0.0
53.594284,-21.01772,0.0,50.221127,-92.47344,0.0,46.732643,98.01387,0.0
40.54495,91.45581,0.0,-53.968662,-55.032665,0.0,-68.102036,98.92613,0.0
57.818687,97.04514,0.0,-38.326504,-76.55508,0.0,87.83633,-90.539185,0.0
-48.46427,-15.117971,0.0,12.161683,-37.354374,0.0,1.7378306,79.10686,0.0
-9.588779,91.75308,0.0,-34.857323,-96.16216,0.0,67.35079,-47.122448,0.0
59.02623,75.37236,0.0,-52.2817,-49.625336,0.0,97.744576,30.489403,0.0
14.55964,-80.41499,0.0,46.463295,-83.487366,0.0,-42.56823,22.820326,0.0
-78.91309,-5.7485795,0.0,39.097034,92.42981,0.0,62.09114,-66.81517,0.0
-24.730043,-91.82164,0.0,-13.716833,-29.042194,0.0,-90.398735,1.582183,0.0
-78.05165,74.473404,0.0,-94.115234,-59.985504,0.0,-39.711792,-89.347855,0.0
54.90687,-77.849594,0.0,5.3274903,11.167466,0.0,-15.684037,-31.640846,0.0
67.57251,58.94637,0.0,-29.554447,-84.31649,0.0,-82.09814,53.162014,0.0
-81.49985,40.656624,0.0,78.424484,4.2675176,0.0,-0.31647006,99.12554,0.0
-96.38186,-23.522745,0.0,-56.353146,-86.868935,0.0,52.87847,76.3576,0.0
-79.168236,-41.929344,0.0,-2.2550938,10.170901,0.0,29.314774,-79.72603,0.0
-28.471195,25.339338,0.0,92.92164,-97.490395,0.0,58.104385,56.286633,0.0
-98.634766,-32.177174,0.0,-89.26818,-65.53228,0.0,27.70333,-24.417953,0.0
-13.739265,18.646992,0.0,-83.389465,-81.55537,0.0,-79.98466,-60.362724,0.0
60.548462,88.46287,0.0,-25.933033,-38.594154,0.0,94.02847,88.90034,0.0
74.00554,98.65479,0.0,53.759476,24.816742,0.0,64.013565,86.82348,0.0
-93.97759,55.95656,0.0,95.32234,-71.6586,0.0,20.37425,85.59459,0.0
78.65599,-86.02039,0.0,-22.54768,-40.72378,0.0,40.574253,-88.66938,0.0
31.25114,89.87109,0.0,-42.821285,-8.509726,0.0,-90.90961,-64.01213,0.0
-26.572031,-6.1037574,0.0,94.56963,-84.757965,0.0,63.795357,50.1274,0.0
1.9390633,-93.76758,0.0,-50.222908,-14.616714,0.0,-92.352005,-28.735905,0.0
65.48709,-89.59273,0.0,-81.82665,11.735611,0.0,46.628807,-41.33426,0.0
2.5684018,21.095236,0.0,-71.07361,-79.19174,0.0,-54.68203,-88.16064,0.0
14.36091,-16.284777,0.0,14.416828,33.868885,0.0,-20.458616,99.22102,0.0
-21.73555,15.09732,0.0,-52.62324,93.00145,0.0,0.9065955,11.06103,0.0
50.254093,-99.56437,0.0,69.75665,98.42991,0.0,-80.47626,18.978283,0.0
-92.28317,12.840915,0.0,-27.539108,-13.035473,0.0,-11.551358,24.055563,0.0
-92.07906,53.27195,0.0,-46.731377,-12.064953,0.0,-44.880478,44.387333,0.0
-83.998924,-72.99128,0.0,84.808815,94.82065,0.0,-99.219696,-88.863205,0.0
96.796555,-60.58312,0.0,61.83814,-35.2238,0.0,-30.57278,-4.431943,0.0
93.97725,-3.3026981,0.0,-41.942074,-96.35754,0.0,88.01278,18.81633,0.0
-58.95492,78.0311,0.0,68.389595,48.582157,0.0,-87.57518,69.31323,0.0
-48.408234,28.7519,0.0,-98.36201,41.19215,0.0,-84.54229,76.48703,0.0
78.931915,-99.886696,0.0,-77.383446,-22.909283,0.0,20.382832,-27.440262,0.0
14.8614645,-31.161755,0.0,81.22585,-90.81831,0.0,14.16432,-49.230766,0.0
-4.4241953,-77.3055,0.0,76.78209,27.903095,0.0,96.91981,-71.21313,0.0
35.525455,82.09184,0.0,-31.550863,-56.486057,0.0,-88.406944,65.18598,0.0
-24.933697,-43.721287,0.0,61.42455,1.835055,0.0,-91.70913,-90.52204,0.0
97.35807,-11.430194,0.0,17.511591,-85.32524,0.0,-48.76068,-13.645235,0.0
-39.230988,-31.15979,0.0,-6.3228474,-32.168808,0.0,66.88646,-83.33695,0.0
-53.478218,14.217551,0.0,95.576454,-99.34992,0.0,57.684017,32.31424,0.0
-15.644563,-80.85897,0.0,22.14015,87.47689,0.0,-47.212646,28.617798,0.0
72.11265,16.462719,0.0,54.20447,46.926605,0.0,96.95388,17.295698,0.0
6.7792583,-49.948257,0.0,-98.16199,57.70315,0.0,-39.152588,81.12956,0.0
-47.108166,-94.44601,0.0,-78.89585,97.51996,0.0,66.90289,-88.35324,0.0
-26.126104,-3.0809376,0.0,-26.688599,-6.88858,0.0,65.22242,68.98615,0.0
49.631645,-47.533085,0.0,15.225206,-18.64789,0.0,29.203657,-44.094864,0.0
72.76599,-90.00044,0.0,61.59129,75.32266,0.0,-30.880205,71.44421,0.0
69.753456,-32.494938,0.0,57.249985,72.96917,0.0,78.33467,15.454869,0.0
-29.14308,15.233244,0.0,30.96242,-83.923706,0.0,-84.95609,75.25833,0.0
-35.02277,-23.404284,0.0,-43.607098,-33.839947,0.0,-51.793858,65.83085,0.0
64.94885,38.56517,0.0,-95.175354,-24.0244,0.0,-88.08458,25.644493,0.0
-33.19966,-14.1301985,0.0,-43.22075,-0.99329615,0.0,60.611145,50.98768,0.0
-83.532364,-50.495514,0.0,-54.06321,-26.024498,0.0,3.4476771,-93.23783,0.0
-83.69295,-8.488513,0.0,64.52445,-10.4612665,0.0,-23.88249,5.8901935,0.0
-82.84133,-18.234667,0.0,57.683914,10.051795,0.0,-29.167313,29.993362,0.0
-47.227222,-16.463377,0.0,18.41599,-32.02003,0.0,-30.004366,98.70652,0.0
21.81825,80.41133,0.0,-32.356503,88.87809,0.0,24.586113,-78.59577,0.0
-90.33166,43.426235,0.0,-8.148631,-51.256813,0.0,-51.016415,78.57751,0.0
27.36993,-91.86815,0.0,99.9022,15.819752,0.0,-84.513794,-61.655914,0.0
-32.14855,16.749159,0.0,-51.133957,45.24158,0.0,20.986092,97.39515,0.0
-98.07618,77.71837,0.0,64.034065,58.02857,0.0,10.402711,-84.53026,0.0
-73.588715,-90.86392,0.0,-53.021175,64.593735,0.0,-32.72828,71.54824,0.0
64.55362,42.081085,0.0,-96.737526,-44.757862,0.0,-35.593365,56.374844,0.0
-5.880108,-98.489655,0.0,94.02356,-48.911507,0.0,64.39182,-37.051575,0.0
-49.90762,64.99394,0.0,-46.547176,89.72491,0.0,-99.391014,84.11071,0.0
-69.82425,87.552986,0.0,-48.92747,-77.81352,0.0,29.47609,-4.0398207,0.0
-61.381367,93.383934,0.0,-79.04832,9.082638,0.0,-40.489307,62.976078,0.0
-15.836569,-41.56835,0.0,11.9270935,-54.34548,0.0,94.951775,-39.075363,0.0
55.197456,95.78158,0.0,-33.614758,6.9495573,0.0,82.858,5.3102674,0.0
24.495504,15.839471,0.0,-95.424736,53.418663,0.0,-75.91443,14.400507,0.0
66.398926,-58.119045,0.0,96.31879,2.117899,0.0,-75.07269,-14.530001,0.0
92.390205,66.16131,0.0,-96.18607,-45.449844,0.0,-37.770702,7.16775,0.0
18.343573,-49.45353,0.0,-59.54225,75.20762,0.0,-96.23013,72.95611,0.0
-43.9511,-38.04242,0.0,17.814957,-10.699815,0.0,59.53948,93.2798,0.0
33.595356,-86.979065,0.0,24.881027,-43.835274,0.0,-32.595123,-27.786695,0.0
6.3435516,87.6214,0.0,31.372656,77.16361,0.0,-91.931175,33.36982,0.0
58.43726,28.491756,0.0,-1.7010745,-75.27608,0.0,-33.31601,-38.949867,0.0
-44.044563,56.536385,0.0,1.9642528,-49.87706,0.0,77.65907,-88.1679,0.0
8.892587,-91.597824,0.0,15.121628,89.45947,0.0,-91.57482,95.920685,0.0
68.671486,-24.53827,0.0,52.358585,-96.866455,0.0,-85.97669,-54.136177,0.0
-43.908623,-79.65796,0.0,91.7986,18.1699,0.0,73.17315,1.014712,0.0
67.0151,-3.77933,0.0,-94.18855,7.2200494,0.0,18.004513,7.3492436,0.0
-12.549224,-43.24854,0.0,19.567152,-41.50093,0.0,83.95034,29.16961,0.0
-56.33495,-92.64976,0.0,-51.526154,-17.35026,0.0,-90.665215,-71.44121,0.0
6.517135,83.259636,0.0,51.67576,-6.055164,0.0,61.223957,-20.821306,0.0
53.191067,17.100876,0.0,74.6003,22.837038,0.0,-45.445457,-43.32235,0.0
-91.73548,-97.43467,0.0,16.83293,25.194416,0.0,-42.224762,52.35766,0.0
31.576807,-49.106785,0.0,64.26035,44.901363,0.0,-89.29974,-7.3453217,0.0
55.058475,84.22124,0.0,62.316555,-51.08881,0.0,-92.65733,0.29759026,0.0
59.68223,-70.90359,0.0,-8.941314,-81.64624,0.0,89.562675,81.51155,0.0
-32.998985,-29.01926,0.0,6.65937,-33.8647,0.0,40.498695,-85.73336,0.0
-40.814163,-69.31205,0.0,-80.305145,-97.141014,0.0,-39.449295,10.463483,0.0
16.121328,19.050406,0.0,-95.71689,90.79589,0.0,20.568314,-12.618465,0.0
-96.55704,62.39624,0.0,99.43373,-41.679943,0.0,-45.61422,-38.12371,0.0
-86.64458,67.75629,0.0,59.406693,91.70343,0.0,-9.599758,-99.430595,0.0
-30.819511,75.39335,0.0,92.02695,-94.89265,0.0,-29.190908,-18.575245,0.0
13.476918,-99.76541,0.0,-47.928833,-3.8626635,0.0,-78.18038,83.27865,0.0
-63.39522,-84.35188,0.0,-7.165794,-79.53215,0.0,61.599174,-42.907814,0.0
18.235518,-48.168377,0.0,-90.838455,93.24326,0.0,74.79935,-78.24747,0.0
-84.01344,-0.8570779,0.0,16.31238,-50.95696,0.0,57.081944,43.01305,0.0
74.84974,32.41726,0.0,51.673817,73.64473,0.0,-95.73603,-51.09487,0.0
-39.423534,-79.55685,0.0,-53.676926,-32.107388,0.0,-32.32022,40.869617,0.0
96.89667,-68.80319,0.0,91.82801,-80.155525,0.0,62.185078,-19.005327,0.0
-56.891407,-83.69118,0.0,-46.59615,-60.52442,0.0,40.560013,-78.71608,0.0
1.6446702,-75.43704,0.0,46.557083,-81.367325,0.0,76.42896,-94.22831,0.0
-46.85647,62.32827,0.0,-63.115406,89.900856,0.0,28.346973,-42.632156,0.0
60.363117,74.533585,0.0,-71.0904,-87.636696,0.0,-36.805862,-39.927116,0.0
-45.111755,-67.116295,0.0,33.17517,79.70872,0.0,93.11055,-57.991146,0.0
-72.11058,88.33878,0.0,-42.27683,33.180943,0.0,59.327778,88.09333,0.0
-2.159296,22.227695,0.0,-90.777,35.724327,0.0,-32.026737,21.17513,0.0
-34.76269,8.686526,0.0,29.239532,-27.725203,0.0,36.665844,98.49701,0.0
94.76035,-49.110157,0.0,52.427525,20.937172,0.0,-15.6432495,10.213959,0.0
-19.836557,19.013689,0.0,-8.099648,-79.56113,0.0,-43.685303,-31.669273,0.0
47.163174,-41.10849,0.0,96.52858,-30.51371,0.0,-99.87777,53.420017,0.0
79.44269,16.81894,0.0,41.70867,-54.047012,0.0,-44.502632,16.613695,0.0
-35.388386,-42.03049,0.0,22.899933,11.780869,0.0,-65.939735,79.46149,0.0
-81.88572,-84.634476,0.0,-76.782646,-66.54965,0.0,52.59272,-96.41634,0.0
52.39126,83.10677,0.0,82.67126,6.0822134,0.0,67.78695,0.82324547,0.0
-76.497375,-35.327606,0.0,-93.619644,-37.249992,0.0,-3.2279537,11.965895,0.0
92.154686,-85.24523,0.0,16.97833,17.530666,0.0,-99.50733,12.956694,0.0
97.34314,-3.587533,0.0,-82.55547,63.344048,0.0,-38.028442,1.0448661,0.0
81.425835,85.66204,0.0,-57.86631,98.0144,0.0,38.486122,21.41639,0.0
97.13673,85.265465,0.0,-86.934654,50.544575,0.0,-41.362816,-35.324017,0.0
-10.748763,25.015812,0.0,-38.177094,31.523397,0.0,80.19374,-83.30168,0.0
83.0594,-95.83223,0.0,-6.618034,-51.983307,0.0,-28.266018,-96.502594,0.0
62.746765,-29.60173,0.0,39.748028,93.067245,0.0,63.49908,-37.00791,0.0
0.28707042,13.501387,0.0,12.943462,80.73353,0.0,-75.77903,70.17966,0.0
53.82,-10.30653,0.0,-99.29301,-85.16327,0.0,37.845028,21.100012,0.0
-81.58561,-55.67921,0.0,-86.52973,72.01604,0.0,69.091934,-28.636368,0.0
-75.66954,-5.237979,0.0,-9.47958,22.57719,0.0,-70.09353,93.695145,0.0
-43.4705,65.73079,0.0,-97.51062,63.347725,0.0,5.514331,93.24121,0.0
16.850618,-79.3248,0.0,-94.16591,-52.643543,0.0,29.726028,-41.93481,0.0
-43.670094,79.69398,0.0,-78.42919,-60.090813,0.0,33.406456,-40.902943,0.0
-85.00112,-88.7041,0.0,-61.667774,86.62974,0.0,65.13812,-50.74568,0.0
69.5561,52.299774,0.0,-51.80428,51.317085,0.0,29.269342,-15.196054,0.0
-52.81928,-29.959518,0.0,-98.54047,92.69749,0.0,-10.054742,99.461845,0.0
-92.862656,-87.221954,0.0,11.640192,-39.60651,0.0,-79.407715,67.945435,0.0
-47.056965,8.256385,0.0,99.72315,-26.408344,0.0,21.655807,-32.136124,0.0
51.872845,-88.141525,0.0,90.644394,-22.532562,0.0,-46.57878,26.422434,0.0
-43.196766,69.769844,0.0,-32.499294,20.757488,0.0,-30.236788,-90.70495,0.0
-90.21272,-48.102657,0.0,-34.056667,-59.65533,0.0,27.795025,1.0564061,0.0
-24.42442,-19.038033,0.0,-89.44728,88.624275,0.0,58.705284,-47.432274,0.0
63.19512,-76.18472,0.0,-29.706911,-75.35076,0.0,-52.73095,45.32745,0.0
-98.166794,-21.738222,0.0,-13.90751,-29.416359,0.0,-75.491455,-32.715374,0.0
-38.12705,23.365278,0.0,29.861904,30.535282,0.0,62.29202,-13.287816,0.0
-91.185616,-24.917694,0.0,-78.54836,-52.81424,0.0,1.4419248,19.219772,0.0
-37.865257,82.26698,0.0,-50.712067,57.700184,0.0,68.72737,-19.70021,0.0
-68.14299,-98.31258,0.0,57.61214,-37.051678,0.0,-88.04634,-26.989843,0.0
25.862595,33.155598,0.0,95.89467,57.460125,0.0,-40.6501,35.51505,0.0
-45.529213,49.088898,0.0,-27.346672,-37.38573,0.0,-46.923923,92.41571,0.0
26.673578,-41.726913,0.0,-57.719006,87.160866,0.0,90.48904,48.806934,0.0
67.07658,-78.92618,0.0,-45.193645,25.286226,0.0,22.465717,-94.10179,0.0
97.755005,-14.523537,0.0,81.80319,4.426169,0.0,-59.92232,-84.636314,0.0
90.56564,-63.658245,0.0,53.843033,58.81644,0.0,38.196743,-81.796425,0.0
34.472023,-95.84471,0.0,-12.629622,-93.884834,0.0,46.451485,-43.61299,0.0
-44.26809,58.434605,0.0,-5.287369,86.74977,0.0,-88.43525,-3.052304,0.0
-30.876627,-28.707748,0.0,-62.621235,92.2461,0.0,-83.97198,-15.733492,0.0
-39.315147,66.98301,0.0,-31.8532,14.334056,0.0,-39.546566,91.26716,0.0
-52.23142,-64.20504,0.0,2.1616802,87.5748,0.0,43.62414,-47.37023,0.0
-70.00925,95.513435,0.0,-50.158638,-47.118515,0.0,-40.630814,-81.478035,0.0
-51.461292,-82.666214,0.0,58.315918,64.69136,0.0,2.9116547,19.9172,0.0
-36.755367,-3.528245,0.0,-98.86078,47.15019,0.0,41.157597,98.85354,0.0
49.012287,22.591122,0.0,83.433395,27.496414,0.0,-35.86762,54.880146,0.0
-97.39901,-77.94695,0.0,-96.04059,27.710848,0.0,-43.76968,-18.167326,0.0
-40.84411,84.718605,0.0,-72.856285,-92.47419,0.0,-99.0072,11.910076,0.0
-63.00103,-98.300446,0.0,-31.040682,-46.175606,0.0,-97.35592,47.933113,0.0
-17.37122,29.823227,0.0,-53.108795,97.67071,0.0,55.892555,-20.386944,0.0
96.98501,-2.2507508,0.0,63.86619,93.832726,0.0,44.00546,-52.038837,0.0
50.342167,14.220989,0.0,53.187767,-83.80962,0.0,-61.53609,79.931984,0.0
-7.9292417,32.520226,0.0,-40.83311,-28.93291,0.0,-94.69033,-46.262943,0.0
20.772795,81.11886,0.0,-94.71484,-48.069904,0.0,-81.499954,-50.602886,0.0
53.375362,-88.96387,0.0,-96.52368,19.144983,0.0,-91.524765,44.702854,0.0
60.12215,-67.41674,0.0,-72.65485,-76.494644,0.0,-92.785736,20.482048,0.0
-5.108757,-83.36204,0.0,3.0137427,-29.305094,0.0,-27.568907,-14.989189,0.0
-3.6187072,76.50081,0.0,54.90248,23.959814,0.0,62.00152,1.0696341,0.0
-20.687155,80.60054,0.0,89.21774,-96.40264,0.0,-84.06022,-90.49887,0.0
51.311977,39.68021,0.0,-55.998226,78.75752,0.0,-4.539653,-32.23691,0.0
22.05961,18.932278,0.0,86.845566,-85.47794,0.0,-95.674164,35.723984,0.0
83.50185,23.59584,0.0,-14.615054,-96.590096,0.0,96.32202,-82.95977,0.0
9.257276,-77.19943,0.0,-77.72905,-45.077988,0.0,-25.048672,81.244156,0.0
9.167857,-35.904022,0.0,-64.995674,-84.94856,0.0,67.95361,-16.780863,0.0
-40.60155,-3.1904676,0.0,-38.07245,89.16819,0.0,-69.67439,-90.327675,0.0
25.765272,-37.976597,0.0,28.90561,-90.33019,0.0,59.035618,36.279243,0.0
-51.394047,39.07117,0.0,-27.071018,-52.564682,0.0,-37.579624,-39.25361,0.0
-44.063305,-79.47708,0.0,-77.32504,-6.9532266,0.0,18.286629,-80.68201,0.0
-82.24447,84.1572,0.0,98.70473,-58.39404,0.0,-39.470074,-27.821556,0.0
-77.256905,-19.075344,0.0,-98.081566,-97.85256,0.0,-89.92248,-6.1025233,0.0
-20.6301,-76.42528,0.0,52.452244,-38.31902,0.0,11.174792,-84.93328,0.0
11.617412,-93.08695,0.0,-49.576057,6.768141,0.0,83.80559,76.52454,0.0
-96.90356,10.119177,0.0,18.421286,1.057124,0.0,-97.278625,-0.020134114,0.0
77.44457,-94.23778,0.0,-38.400978,10.02074,0.0,-53.626324,22.053547,0.0
-10.964507,-37.375828,0.0,27.09057,27.980206,0.0,66.026306,-71.406364,0.0
-80.53401,47.0083,0.0,-78.785255,-53.248055,0.0,40.56222,-75.724976,0.0
32.101948,31.134644,0.0,25.744629,80.7577,0.0,19.928587,3.229489,0.0
-26.769258,79.712494,0.0,53.825428,44.380436,0.0,52.775093,-45.93275,0.0
-31.480051,-0.3379436,0.0,67.12995,-92.06091,0.0,54.645042,-25.851513,0.0
-93.65437,42.903164,0.0,26.24461,-15.405024,0.0,-32.47995,4.2703733,0.0
59.22968,18.288158,0.0,63.11623,84.53155,0.0,57.869476,31.300003,0.0
-50.199802,16.641563,0.0,11.281221,99.95881,0.0,-17.89477,94.079704,0.0
31.404793,87.45448,0.0,-99.030136,-63.502193,0.0,9.254652,-27.430988,0.0
-97.04389,49.578823,0.0,6.593308,79.21635,0.0,77.84222,29.586828,0.0
-75.668755,-22.97435,0.0,33.33457,-43.07293,0.0,62.88931,28.113111,0.0
-41.15207,67.57925,0.0,-17.348639,81.613144,0.0,-98.16037,-82.895676,0.0
-37.375168,44.85649,0.0,5.1195774,81.41238,0.0,-77.13645,-24.283106,0.0
47.07218,-51.27083,0.0,30.90387,90.57398,0.0,-8.933172,88.664185,0.0
-82.81033,-90.736565,0.0,-81.06329,-77.32262,0.0,-44.913036,-99.10833,0.0
-70.667694,78.30293,0.0,65.92621,-4.9146557,0.0,29.487234,-6.389575,0.0
81.34546,96.36891,0.0,-90.825935,43.49068,0.0,63.713707,-88.305786,0.0
-96.87563,53.61142,0.0,-45.351627,75.94592,0.0,68.15264,5.4494715,0.0
-21.586214,-24.360998,0.0,-48.8217,-71.53346,0.0,89.14125,33.637585,0.0
94.74601,-42.897427,0.0,31.973394,76.323135,0.0,59.012474,-17.08039,0.0
-6.772197,20.940214,0.0,-3.7293525,97.4651,0.0,28.291538,-88.127914,0.0
19.097113,-16.755606,0.0,53.283867,82.69248,0.0,-90.16173,51.745186,0.0
-38.928722,20.568785,0.0,-13.622,76.60693,0.0,-27.19497,-23.559269,0.0
55.292553,64.19355,0.0,-83.448906,-29.573236,0.0,3.3303947,-34.863148,0.0
57.79722,84.73162,0.0,86.30679,94.52207,0.0,-88.23921,-33.79505,0.0
37.430164,-41.209976,0.0,2.9245942,28.23324,0.0,29.650547,-42.223976,0.0
-20.044037,9.5964775,0.0,-75.87483,-7.482927,0.0,-31.884718,-40.33583,0.0
-25.601042,-7.7037826,0.0,67.60701,29.443354,0.0,60.500263,89.7246,0.0
45.451824,-44.488228,0.0,-54.401936,-12.806264,0.0,8.143365,-84.914246,0.0
68.99082,-36.309532,0.0,23.673208,0.17784745,0.0,-76.520164,91.64705,0.0
-77.15953,72.272194,0.0,61.816647,-84.17868,0.0,60.74888,40.405262,0.0
-35.62571,40.31532,0.0,-34.816917,60.460407,0.0,-34.567326,-71.58756,0.0
-45.434433,34.136677,0.0,-95.35427,-24.273378,0.0,-78.333595,-67.57786,0.0
-46.493263,26.916765,0.0,9.4909115,-54.3063,0.0,-76.62425,50.467224,0.0
19.119595,-14.731039,0.0,52.47799,-17.39672,0.0,-18.777454,87.41548,0.0
59.506668,56.15803,0.0,-58.074226,78.97379,0.0,75.74936,-84.82248,0.0
-97.0526,-53.895382,0.0,54.777996,58.97485,0.0,-91.65541,-97.08343,0.0
55.451923,47.932865,0.0,-6.094332,31.755949,0.0,23.45634,31.58406,0.0
96.14972,-78.95224,0.0,-47.591637,2.6760192,0.0,37.472317,-98.70837,0.0
1.8214253,98.03048,0.0,-93.67041,56.51807,0.0,17.677784,-52.62306,0.0
97.6995,88.05892,0.0,-81.701584,30.333471,0.0,-81.440834,88.37333,0.0
62.302887,48.90042,0.0,-97.12242,74.57121,0.0,9.943798,85.97551,0.0
-94.74539,62.88214,0.0,-24.93229,-22.853748,0.0,-97.74166,67.75878,0.0
-96.57591,-19.684568,0.0,-78.55923,62.121643,0.0,64.446175,-62.66267,0.0
60.622387,82.33235,0.0,-98.10844,-8.755152,0.0,54.57041,-72.55122,0.0
-77.60943,-17.516037,0.0,77.294655,30.075935,0.0,28.388569,-87.05415,0.0
24.919605,98.31648,0.0,41.529606,-93.69353,0.0,97.16801,78.084206,0.0
-41.193382,92.76221,0.0,-58.50832,91.09187,0.0,-81.53729,-89.91564,0.0
90.81438,65.27637,0.0,21.175503,88.2641,0.0,33.88018,97.31623,0.0
90.99367,-55.159004,0.0,-52.00048,20.265068,0.0,-47.43719,47.595055,0.0
17.528471,-96.52148,0.0,65.88181,-61.05904,0.0,92.17133,-59.228653,0.0
55.895454,-54.18442,0.0,-81.48794,96.24106,0.0,-30.381155,-63.44277,0.0
18.64122,-76.17785,0.0,-42.318417,65.354416,0.0,44.720203,33.502823,0.0
-54.78979,28.690454,0.0,-44.52731,-87.69993,0.0,46.882885,22.243034,0.0
66.13343,-61.462574,0.0,95.09793,94.121826,0.0,62.645195,9.707769,0.0
-19.21793,28.604704,0.0,40.286915,82.638115,0.0,92.56486,-48.910732,0.0
-46.798286,-74.13325,0.0,61.618237,24.815132,0.0,54.35122,89.589386,0.0
25.90947,83.85346,0.0,-58.790092,99.531815,0.0,14.64374,30.18502,0.0
-96.912445,-94.371315,0.0,-20.700453,-45.51236,0.0,-99.353546,30.685324,0.0
62.186462,-80.7852,0.0,-46.413177,98.53697,0.0,-46.151775,81.6878,0.0
-90.452446,72.653786,0.0,-49.933674,44.863297,0.0,-33.94581,-97.179855,0.0
94.18274,11.035834,0.0,20.082115,6.5644884,0.0,27.256046,-88.490326,0.0
-81.11701,-0.86286056,0.0,31.627586,-96.48735,0.0,12.713,-88.42883,0.0
-27.598967,27.69202,0.0,-29.529125,-79.78459,0.0,45.51993,-86.85379,0.0
-13.876309,86.15751,0.0,95.52644,-56.88137,0.0,60.05655,2.5289965,0.0
-89.57638,-55.62778,0.0,-95.078316,24.92581,0.0,-33.39547,0.05273432,0.0
55.969078,87.07226,0.0,-62.620056,86.607544,0.0,65.55854,-51.736027,0.0
-15.19074,76.06185,0.0,-92.00259,-63.78555,0.0,-38.827652,97.8177,0.0
-7.241277,-48.364277,0.0,-76.17345,-75.03856,0.0,-25.455555,86.666885,0.0
-25.120407,-5.918915,0.0,4.223339,-79.1468,0.0,-78.762,-59.594036,0.0
17.41524,-14.057941,0.0,-36.400898,84.838165,0.0,-81.12906,-67.525246,0.0
-99.255745,44.728,0.0,67.202484,62.779747,0.0,-98.436356,-38.237137,0.0
96.13303,-41.856693,0.0,-3.831105,15.80947,0.0,-84.094,-14.052305,0.0
-54.70275,-38.27902,0.0,-27.791052,-76.58862,0.0,66.146286,-35.653316,0.0
95.04375,-61.87986,0.0,93.3931,-52.916946,0.0,43.694374,33.323784,0.0
50.78513,-52.30335,0.0,-21.514273,94.14216,0.0,-14.186485,-46.86896,0.0
74.4261,-96.676,0.0,-37.174458,-32.047207,0.0,46.061363,28.627068,0.0
-49.00027,24.144966,0.0,5.6260705,-85.50664,0.0,95.70971,-52.032684,0.0
58.33391,-0.6300503,0.0,-78.025085,77.4657,0.0,-84.34841,74.371864,0.0
-81.05606,80.18803,0.0,83.71034,97.49749,0.0,-40.604736,45.26003,0.0
-60.456684,-77.798836,0.0,66.00205,-70.10816,0.0,29.52882,-85.69203,0.0
1.1285874,16.065918,0.0,-80.68973,-48.315,0.0,-2.0051546,29.174524,0.0
-70.96528,-88.37392,0.0,16.301096,3.4842646,0.0,51.251663,33.555897,0.0
-32.032375,-92.04923,0.0,61.30293,62.225094,0.0,24.788624,-3.8159556,0.0
-35.656883,7.1867433,0.0,10.610834,-83.406395,0.0,51.460457,86.9822,0.0
-66.00137,-75.465065,0.0,46.284176,-77.05556,0.0,18.412968,32.98732,0.0
70.9699,96.486,0.0,76.86219,76.7705,0.0,-29.346998,-32.241188,0.0
-49.575974,41.587032,0.0,56.520065,-44.59337,0.0,6.683156,26.958035,0.0
23.54819,-75.89701,0.0,96.82088,-80.05581,0.0,-68.005875,76.232834,0.0
97.97727,-12.406601,0.0,55.788273,49.040863,0.0,-15.826,-75.978714,0.0
40.051895,99.49074,0.0,-73.52903,89.74254,0.0,-84.980225,46.463783,0.0
29.461203,-81.388275,0.0,-45.916714,-96.558205,0.0,12.56336,12.108301,0.0
-60.922737,-93.040825,0.0,4.5911107,27.881954,0.0,96.419205,32.83802,0.0
92.31136,-82.66325,0.0,-94.31409,-41.656406,0.0,69.605644,1.6012176,0.0
59.5032,-97.008484,0.0,-51.771763,-98.51832,0.0,-36.419315,31.357172,0.0
-86.11463,-31.774904,0.0,-45.03822,36.105236,0.0,-87.9834,73.608665,0.0
-54.523888,58.098743,0.0,64.24726,-6.876118,0.0,-96.04528,-5.7797685,0.0
67.632545,9.468303,0.0,95.82162,-14.409758,0.0,-79.40903,-60.956367,0.0
-52.14257,-7.0541887,0.0,-38.763474,-40.43343,0.0,95.01145,-45.707855,0.0
-54.43614,76.519485,0.0,80.41184,86.7032,0.0,60.436035,-24.683615,0.0
-27.757853,-99.580894,0.0,87.55317,95.897026,0.0,78.37642,-87.96113,0.0
14.390015,-4.032758,0.0,-46.471893,-51.67991,0.0,-35.43548,-66.16164,0.0
-80.65318,-99.62794,0.0,93.43294,-36.90353,0.0,91.22832,-47.10746,0.0
-32.296204,90.72172,0.0,98.78267,6.9136443,0.0,-2.5864372,-98.04394,0.0
23.615557,85.82429,0.0,65.737015,-64.87478,0.0,-96.41147,79.65991,0.0
61.25551,66.82105,0.0,93.02465,-11.022352,0.0,-43.34601,-21.29923,0.0
-28.56464,-48.3628,0.0,26.242144,-93.38061,0.0,43.355038,78.69282,0.0
66.47428,-68.429634,0.0,-54.883068,58.29684,0.0,60.17863,84.68168,0.0
6.4615784,85.82922,0.0,-32.4798,-56.128284,0.0,65.79691,-32.43472,0.0
63.334488,87.34471,0.0,-84.79552,75.25543,0.0,42.741405,33.223595,0.0
-82.20163,-51.9911,0.0,-88.23268,-24.235298,0.0,-7.312242,33.38387,0.0
-49.745068,-32.858196,0.0,-81.88468,6.07165,0.0,-78.20652,15.588618,0.0
80.552765,87.89005,0.0,52.260178,70.009705,0.0,38.53073,-49.844505,0.0
-29.883928,79.32774,0.0,49.936913,-82.49094,0.0,65.93548,-40.06661,0.0
-92.92977,25.096533,0.0,-9.579647,-31.23254,0.0,-90.47447,99.28026,0.0
97.57752,-79.764885,0.0,-89.86818,-84.9859,0.0,-28.210035,-21.600203,0.0
-30.690228,28.91571,0.0,-97.6553,-8.526705,0.0,68.58031,-26.785212,0.0
-99.82428,-6.9151196,0.0,79.20704,99.35317,0.0,-98.38478,-88.64719,0.0
34.58302,90.10015,0.0,-38.37305,-81.6442,0.0,-79.57598,-58.482292,0.0
-23.592857,32.086365,0.0,-98.20558,2.593044,0.0,-33.86926,-90.805176,0.0
-51.66891,88.334694,0.0,-43.732826,-55.116646,0.0,-28.281902,-16.868261,0.0
-6.7568974,-35.227573,0.0,-81.70791,19.788908,0.0,94.26587,-89.95804,0.0
-12.730544,8.871207,0.0,-40.72258,-77.46413,0.0,90.72469,-57.900265,0.0
77.643555,82.5917,0.0,22.334318,75.44421,0.0,-53.332054,-46.308826,0.0
-42.677048,-4.725439,0.0,12.554297,86.729744,0.0,-42.314133,-6.146673,0.0
-53.147453,-55.719036,0.0,57.39722,80.05387,0.0,97.45001,26.13221,0.0
56.037987,-44.352455,0.0,-56.200993,-86.52005,0.0,88.41711,4.760739,0.0
31.979086,25.078218,0.0,-89.9811,-22.685707,0.0,-91.02704,-3.6511996,0.0
-34.776413,98.22977,0.0,-46.125805,-80.1529,0.0,-39.3909,-77.42085,0.0
-81.79532,-74.75427,0.0,-71.82565,83.26555,0.0,-75.42001,29.55679,0.0
35.586273,92.13638,0.0,48.661728,-49.30063,0.0,92.205765,31.515686,0.0
89.81236,-76.24352,0.0,-83.889046,-82.98149,0.0,98.19234,98.346596,0.0
80.2893,-87.41327,0.0,59.7741,-82.43414,0.0,95.31437,10.307512,0.0
91.13037,-58.79496,0.0,-47.81239,16.045815,0.0,19.604662,98.13264,0.0
-79.56908,41.352512,0.0,77.49403,11.000978,0.0,60.77646,-76.05898,0.0
97.70692,1.008523,0.0,-2.7200713,18.060692,0.0,78.04876,31.502213,0.0
11.940743,15.959429,0.0,-12.384718,-77.6831,0.0,-60.71488,92.97001,0.0
93.66555,-69.704994,0.0,57.20398,38.929974,0.0,-97.20152,67.72769,0.0
5.4176173,-36.73385,0.0,-29.85996,-99.446815,0.0,37.190346,95.69339,0.0
-44.09309,25.108894,0.0,-83.344826,-43.092674,0.0,-91.27259,-37.069542,0.0
-75.995445,-69.80079,0.0,36.85509,90.70405,0.0,-87.40892,17.90941,0.0
-27.484903,-53.657406,0.0,67.53492,26.218506,0.0,-64.073296,-81.056946,0.0
20.20834,92.957855,0.0,43.329914,-49.777493,0.0,-9.725832,-44.750553,0.0
-69.056885,90.46827,0.0,62.108936,48.923866,0.0,99.8698,-36.30699,0.0
-75.40124,97.66672,0.0,-69.85971,-78.777534,0.0,-63.069473,94.14548,0.0
92.62589,-43.639927,0.0,-87.61228,-38.626926,0.0,-17.780684,-91.96652,0.0
82.218895,24.056759,0.0,59.084415,24.918648,0.0,-97.323975,5.6267767,0.0
-62.744404,-93.96455,0.0,-18.007114,28.584696,0.0,97.994736,32.18213,0.0
-39.05766,-82.08898,0.0,92.42488,31.658539,0.0,-27.18472,-87.52866,0.0
64.88785,71.62708,0.0,-29.74055,-42.646748,0.0,-27.391506,8.285128,0.0
35.857143,-95.90404,0.0,84.07237,19.62771,0.0,13.60104,-25.326176,0.0
88.424194,-97.24742,0.0,-86.90654,-79.55066,0.0,44.538406,-89.86933,0.0
-91.24423,70.446724,0.0,-88.746216,-57.714813,0.0,-37.73076,-79.59525,0.0
99.3984,-34.017372,0.0,-54.29088,77.19405,0.0,-26.701612,-18.337063,0.0
37.316547,32.966896,0.0,-75.027245,64.954605,0.0,-31.792898,21.624804,0.0
48.803493,23.80756,0.0,87.923874,-79.962814,0.0,-28.619587,92.12616,0.0
94.753944,19.315256,0.0,54.50484,29.43212,0.0,95.011765,34.6806,0.0
-86.20881,-87.11359,0.0,-52.493843,-43.51985,0.0,-94.22025,-4.875995,0.0
-80.04808,59.909172,0.0,-76.83589,90.741844,0.0,58.755737,-75.15048,0.0
8.590136,77.91079,0.0,-98.31819,-99.41859,0.0,7.2026916,-98.23294,0.0
24.47881,-16.214676,0.0,-17.793703,83.240204,0.0,54.710445,12.411787,0.0
42.262707,96.28217,0.0,43.28297,21.128275,0.0,-51.564686,16.867554,0.0
29.45255,-7.0589375,0.0,-18.486551,21.474497,0.0,-35.79281,72.92533,0.0
-2.902339,-33.159145,0.0,-76.811775,94.05132,0.0,-35.785652,96.48157,0.0
-84.01207,47.065475,0.0,-80.350975,32.025684,0.0,-92.06831,-19.523115,0.0
-32.10272,-49.502712,0.0,-42.074738,41.36704,0.0,-30.240013,-99.11327,0.0
-83.05381,-86.26657,0.0,95.29755,-80.63517,0.0,-26.59453,12.696923,0.0
46.544468,28.264818,0.0,96.348564,-17.035826,0.0,-30.299986,9.69271,0.0
18.028185,-86.53761,0.0,51.46277,-96.24766,0.0,97.17338,-15.6658745,0.0
67.77601,19.543919,0.0,81.409294,-92.34749,0.0,36.89734,22.144053,0.0
50.008747,56.79374,0.0,21.844587,25.927908,0.0,84.981766,17.084234,0.0
35.62166,-98.716225,0.0,-33.517838,21.542429,0.0,-27.333714,-51.314598,0.0
-54.529514,53.683933,0.0,51.77407,-0.6267907,0.0,48.13729,-85.96341,0.0
35.814587,76.51846,0.0,-86.71737,40.906406,0.0,-62.320152,99.7628,0.0
-12.500188,99.64491,0.0,-65.87287,87.52959,0.0,-50.798462,-86.48178,0.0
92.337364,64.89732,0.0,-69.38182,-86.53226,0.0,21.838139,-15.2385645,0.0
-37.044056,25.384808,0.0,-25.025396,-11.276576,0.0,-34.95341,58.21026,0.0
-92.245865,-35.955036,0.0,44.03883,-54.021835,0.0,16.776388,-2.2118196,0.0
-15.803757,14.181078,0.0,-45.82857,-63.55197,0.0,99.20707,-70.26525,0.0
-81.66472,2.286092,0.0,75.19353,-95.286385,0.0,58.515392,-90.37876,0.0
-83.24474,14.884179,0.0,-92.14519,15.44679,0.0,64.86342,24.923988,0.0
66.76582,-95.449554,0.0,17.072598,-31.890995,0.0,30.72065,26.183544,0.0
-42.466457,-30.627695,0.0,52.59593,-16.779942,0.0,-89.18988,-14.094388,0.0
-77.09262,49.664,0.0,94.683266,-75.77544,0.0,-23.893087,2.7454803,0.0
29.592482,-26.95342,0.0,65.7084,11.048742,0.0,15.891656,83.74466,0.0
83.98759,6.8304305,0.0,60.24556,-97.496475,0.0,71.36744,7.984054,0.0
-11.135921,32.261185,0.0,-44.534805,-91.930626,0.0,-84.41792,82.26493,0.0
78.37399,20.577957,0.0,-95.973404,80.38827,0.0,-49.670464,-59.75645,0.0
67.70451,59.326584,0.0,72.35907,26.140364,0.0,-75.092865,6.667248,0.0
-3.914103,26.965506,0.0,-91.17629,-90.5115,0.0,-84.867584,-59.1314,0.0
-71.813995,-81.71306,0.0,-84.96773,-62.22936,0.0,89.10047,-76.36739,0.0
-54.53109,-62.23414,0.0,12.549018,79.789604,0.0,25.541409,-93.42034,0.0
60.467854,-55.375748,0.0,-54.39508,12.857013,0.0,-53.353027,-48.577553,0.0
3.483564,-83.91086,0.0,-36.749508,4.689161,0.0,29.676794,-87.08116,0.0
-87.63308,25.318268,0.0,-39.97595,38.30129,0.0,97.560455,-62.42673,0.0
-91.87338,35.84467,0.0,-46.12987,-40.226433,0.0,93.46046,73.15617,0.0
74.26948,77.03988,0.0,-34.331936,23.26235,0.0,-11.597688,-80.55215,0.0
-51.86164,-19.832542,0.0,-91.33032,32.71473,0.0,-89.31569,-54.44246,0.0
-81.80212,58.670933,0.0,25.987234,99.6559,0.0,58.32731,86.219185,0.0
-33.483875,-1.8541383,0.0,-83.96227,40.358166,0.0,-97.98945,-94.409935,0.0
-90.6669,87.12053,0.0,67.349396,39.886528,0.0,-8.623114,17.265453,0.0
-37.003304,71.183556,0.0,-26.135128,18.262405,0.0,36.497013,-40.551903,0.0
-98.296616,34.081703,0.0,-0.14849268,-37.153225,0.0,61.862217,-89.36333,0.0
-27.002048,92.209366,0.0,-87.41609,-16.169794,0.0,-37.964237,54.29276,0.0
65.22061,97.06837,0.0,93.79613,63.404037,0.0,81.078,-77.71959,0.0
-98.65366,-4.7694316,0.0,-43.489525,28.45895,0.0,72.332535,28.518707,0.0
96.35401,41.58557,0.0,58.940735,35.43503,0.0,53.74267,-23.400915,0.0
69.65467,-87.359085,0.0,-79.6428,6.992261,0.0,-40.24325,-37.362988,0.0
67.37677,28.592613,0.0,12.210408,-39.4291,0.0,26.187037,84.79804,0.0
-51.219986,87.02578,0.0,58.301327,-0.85337824,0.0,56.020096,-50.275818,0.0
-33.53845,38.721905,0.0,22.967054,-12.662623,0.0,75.685036,-80.60926,0.0
-27.886576,77.77369,0.0,95.789085,-70.687454,0.0,95.167076,-20.710674,0.0
9.440022,-35.51419,0.0,-95.876465,-43.50187,0.0,-22.168695,78.37203,0.0
-93.09481,55.795807,0.0,-76.977745,-45.638927,0.0,67.87587,75.43117,0.0
55.618446,-34.044697,0.0,34.81085,83.71525,0.0,-10.391286,11.251162,0.0
34.42341,-88.90467,0.0,96.062744,-86.33561,0.0,65.25377,-84.63207,0.0
-24.814077,-50.429405,0.0,-17.835646,-28.796972,0.0,89.90521,95.49762,0.0
-70.65468,97.716866,0.0,51.481537,-33.20631,0.0,-30.39054,16.37505,0.0
18.56697,-3.7412915,0.0,67.27447,-63.48858,0.0,-13.05978,-43.757137,0.0
19.46393,77.976295,0.0,60.862293,-12.254627,0.0,-73.55929,-79.16245,0.0
90.053215,39.270954,0.0,-16.661943,34.316605,0.0,66.877235,-37.34395,0.0
52.07339,82.86815,0.0,-48.39507,58.034634,0.0,-80.63035,-44.411095,0.0
-43.044643,23.960297,0.0,-49.548847,98.90872,0.0,29.122526,-99.04857,0.0
53.50039,-18.07037,0.0,62.882915,29.083498,0.0,58.80168,54.836037,0.0
91.67674,98.10962,0.0,-54.452915,74.8244,0.0,-72.694626,91.046646,0.0
-81.310074,85.59266,0.0,-69.574135,-83.01647,0.0,80.29166,-84.8143,0.0
-95.50216,-41.581387,0.0,93.09507,36.48442,0.0,63.149933,83.57973,0.0
-78.06046,73.24217,0.0,-78.67102,-75.026024,0.0,-59.492546,-82.99093,0.0
99.63472,-11.3657465,0.0,-41.614628,-44.84222,0.0,-38.370148,37.15187,0.0
-9.665727,24.289534,0.0,95.06221,77.589966,0.0,-81.857025,36.5044,0.0
-99.97518,-69.22155,0.0,-90.5502,-75.09423,0.0,-6.4058375,-87.90274,0.0
-11.062838,16.301046,0.0,-24.642595,84.006584,0.0,15.764141,-40.305073,0.0
-35.79133,-94.914,0.0,86.47218,-89.474815,0.0,-90.35986,2.3960037,0.0
-19.58376,92.34337,0.0,-7.5324206,-94.888794,0.0,81.767006,24.58687,0.0
-97.74393,-64.7771,0.0,48.7275,-83.08155,0.0,44.400375,76.1269,0.0
-41.38152,1.7187368,0.0,-48.88165,-52.62465,0.0,-91.686295,44.748642,0.0
-53.437252,-7.18112,0.0,85.71157,-75.568924,0.0,-91.50411,96.09128,0.0
61.665833,-38.663364,0.0,17.257898,-35.22342,0.0,43.48495,96.106865,0.0
-17.73101,76.01099,0.0,-7.9159136,27.264929,0.0,-82.21217,55.96869,0.0
-67.17582,86.25436,0.0,26.131592,-3.497412,0.0,69.080246,-19.490702,0.0
72.99391,10.146448,0.0,63.1093,-68.118805,0.0,-38.53177,-49.71898,0.0
64.95005,-50.663994,0.0,-8.180696,-90.867134,0.0,52.61164,13.6572895,0.0
2.317448,-95.00293,0.0,-23.94274,82.77513,0.0,90.48125,-42.9851,0.0
93.17442,-5.0966744,0.0,-20.732046,-93.17962,0.0,-84.40904,-24.395523,0.0
-87.066246,14.18133,0.0,93.480934,98.71317,0.0,2.9953601,-39.99947,0.0
-54.119095,-32.21573,0.0,-76.470505,88.348145,0.0,-79.5169,-97.19264,0.0
61.364944,62.08257,0.0,-54.26228,-63.854782,0.0,-53.09666,-36.609516,0.0
19.228148,-80.40161,0.0,15.093824,-98.07367,0.0,-43.321205,58.0186,0.0
-17.358063,80.311775,0.0,-4.1401334,-31.005512,0.0,36.372364,30.590893,0.0
-16.444136,-98.23754,0.0,2.4444487,-83.5324,0.0,21.93246,5.2352877,0.0
-51.331844,-9.182527,0.0,-72.918304,-80.55713,0.0,52.557346,87.21026,0.0
-50.963722,-48.064247,0.0,-28.613384,-41.701878,0.0,56.20969,-27.172665,0.0
-7.0893645,-84.86906,0.0,2.725982,78.96716,0.0,-16.752708,97.63853,0.0
-81.678955,94.1986,0.0,-38.39993,-68.96638,0.0,-3.4011385,96.309425,0.0
23.071,-50.066994,0.0,-94.10617,71.20397,0.0,63.24147,10.7638035,0.0
-34.3143,98.74372,0.0,10.412774,90.31667,0.0,-76.38904,60.25476,0.0
-22.540741,14.827001,0.0,-81.61232,-53.12754,0.0,-80.25299,91.718506,0.0
-47.637962,79.730896,0.0,92.973564,-13.180478,0.0,-98.59915,12.78734,0.0
28.737713,-15.4233265,0.0,-32.104984,-50.682392,0.0,-52.316803,7.3750787,0.0
-79.54368,43.052532,0.0,-4.906094,76.849945,0.0,50.929962,-70.69119,0.0
15.0580435,-47.112637,0.0,40.55298,90.94956,0.0,52.792534,82.52902,0.0
-13.875994,-50.168434,0.0,66.076385,-55.922924,0.0,-53.016125,93.74421,0.0
-50.570778,-61.981636,0.0,42.712093,-45.0464,0.0,81.69423,9.2295475,0.0
70.46163,99.28527,0.0,79.96555,77.99219,0.0,-81.55218,-2.8796415,0.0
55.339878,-10.502502,0.0,93.27895,75.464386,0.0,-59.469925,89.05763,0.0
-75.60202,-64.86539,0.0,-93.0543,96.90036,0.0,-75.87488,68.156075,0.0
56.66097,4.2037315,0.0,1.3390703,82.203865,0.0,23.122326,1.3004544,0.0
96.18436,-30.328897,0.0,-99.7285,73.38481,0.0,-24.202898,-54.94792,0.0
92.87682,13.57791,0.0,14.015365,-52.310867,0.0,-97.1527,-91.90939,0.0
-44.503765,-56.806313,0.0,-95.82963,-18.850077,0.0,-88.78684,-55.35102,0.0
99.567474,-78.90627,0.0,-30.904352,65.8798,0.0,-34.37251,-26.153854,0.0
56.018913,-9.30605,0.0,81.981674,10.900763,0.0,55.422714,-53.677536,0.0
-87.728386,44.52347,0.0,-37.123726,5.35613,0.0,-48.05721,-3.863576,0.0
-46.221855,24.457644,0.0,-14.26116,27.398048,0.0,-77.09552,78.65349,0.0
-39.389004,-48.224434,0.0,-77.68291,-55.04686,0.0,12.974511,-47.360077,0.0
-51.798485,-7.561544,0.0,-26.081493,-94.367584,0.0,-99.7549,32.182583,0.0
60.070827,78.596695,0.0,0.22172606,-99.37107,0.0,17.464201,-36.18221,0.0
-39.8773,-93.226974,0.0,-38.26294,37.849056,0.0,-30.332802,7.966562,0.0
51.373493,80.52339,0.0,-49.674484,30.878891,0.0,-35.44506,-95.82555,0.0
-39.19314,-56.196617,0.0,35.943756,-80.316414,0.0,42.04813,25.314602,0.0
76.122406,87.31353,0.0,67.99398,-92.67987,0.0,-74.36535,80.54657,0.0
28.875803,12.430482,0.0,39.82393,95.569725,0.0,65.61205,-27.96356,0.0
94.57476,68.53364,0.0,-51.359787,-43.215214,0.0,-75.84854,61.111664,0.0
-8.429865,-99.559525,0.0,28.60888,-77.427376,0.0,-72.06849,89.587845,0.0
-33.20241,1.9612767,0.0,50.891136,-25.616573,0.0,-2.4796324,20.353659,0.0
-96.27438,-0.43657067,0.0,8.292358,-93.45252,0.0,8.516235,-45.124245,0.0
-38.4703,38.500984,0.0,47.39358,-90.03151,0.0,69.38053,54.082626,0.0
-86.51418,52.516468,0.0,3.466136,33.401196,0.0,-82.8462,13.042667,0.0
-93.446465,-16.82329,0.0,-93.896904,-41.73431,0.0,32.09019,79.7961,0.0
26.993517,7.8140745,0.0,-17.079165,-98.72597,0.0,-93.677315,-56.0653,0.0
56.266644,-95.00689,0.0,-44.404583,41.724323,0.0,-81.12923,-96.17948,0.0
93.56208,-19.67768,0.0,37.959118,-92.75946,0.0,-43.01628,3.376501,0.0
-53.321354,-1.670077,0.0,-89.059685,95.03832,0.0,-21.503386,-28.208136,0.0
60.670498,35.393353,0.0,75.08011,90.53756,0.0,58.127495,44.80492,0.0
-29.563812,27.823227,0.0,92.036766,96.60092,0.0,68.05915,70.39121,0.0
-91.12082,-54.495083,0.0,-30.007736,4.8039927,0.0,-94.02994,94.166756,0.0
96.51237,71.39542,0.0,56.539146,-61.79415,0.0,60.41468,-31.22265,0.0
-91.003136,-57.168045,0.0,-88.4409,84.93534,0.0,-32.146275,96.02761,0.0
-78.07051,0.30128968,0.0,-31.607998,34.562923,0.0,-14.824525,-40.653122,0.0
6.564261,-85.8741,0.0,-32.087105,-52.54087,0.0,-87.47306,53.856754,0.0
-30.640974,57.021732,0.0,-48.052254,63.084667,0.0,67.780106,32.08762,0.0
-41.835228,86.687904,0.0,-22.221663,90.567055,0.0,97.02942,-26.909878,0.0
-51.59405,81.30231,0.0,59.216267,83.41448,0.0,-11.733658,-45.3548,0.0
58.9846,68.65038,0.0,-29.83403,90.43463,0.0,54.251244,54.77215,0.0
-34.60665,60.355274,0.0,-57.882317,83.53573,0.0,-51.372982,38.22035,0.0
58.979492,-71.724335,0.0,89.05884,86.83158,0.0,91.203384,71.043594,0.0
5.5989537,97.90653,0.0,-42.811527,85.863434,0.0,68.666,-82.681305,0.0
-30.928099,7.360669,0.0,-44.461372,-7.130471,0.0,-3.4460917,-81.63855,0.0
-34.58529,-38.3449,0.0,55.595642,41.977657,0.0,-30.016905,-22.660244,0.0
-37.202824,71.33783,0.0,55.5633,12.85064,0.0,-54.190613,-48.950798,0.0
40.80725,-84.261986,0.0,97.67014,-14.876943,0.0,-22.769861,13.077903,0.0
29.838385,-1.0325859,0.0,-79.71807,47.508465,0.0,76.78514,-96.75133,0.0
-16.988716,97.290596,0.0,-34.554398,40.667652,0.0,-49.479603,70.34612,0.0
8.699082,-81.33581,0.0,42.620285,21.385641,0.0,-15.370543,-80.36789,0.0
59.70697,-98.3165,0.0,90.10545,-70.25279,0.0,17.5081,14.452247,0.0
-92.89299,-4.7118006,0.0,13.212943,16.314941,0.0,58.938663,-55.108494,0.0
68.66454,85.72939,0.0,56.972385,-72.01275,0.0,-35.12235,-11.869112,0.0
27.135315,-18.453629,0.0,63.91982,81.992065,0.0,-87.07651,90.07917,0.0
-47.968845,11.333265,0.0,12.629693,-26.300764,0.0,-42.976727,-1.2393488,0.0
-76.19897,94.72406,0.0,73.17717,16.46969,0.0,58.902214,-26.460659,0.0
95.62492,-51.56449,0.0,-31.032862,-52.973194,0.0,29.686764,-2.2506196,0.0
74.16541,82.49328,0.0,-93.34553,6.5867863,0.0,35.326977,-52.830273,0.0
-83.36353,6.775628,0.0,-38.903,49.1018,0.0,-61.464226,-95.98184,0.0
-36.510998,-74.64356,0.0,-38.9337,35.241444,0.0,49.877888,-85.34104,0.0
-44.341988,-68.526695,0.0,84.243095,2.072176,0.0,93.80945,-56.165222,0.0
-23.81779,24.005142,0.0,-99.12052,73.42073,0.0,-63.950466,80.5884,0.0
-92.683304,-94.31812,0.0,77.28486,80.74338,0.0,71.82815,-88.961174,0.0
-21.435966,-32.732285,0.0,-51.795967,95.26936,0.0,-75.92859,62.4661,0.0
-38.957165,-0.48927894,0.0,-48.640392,-19.56368,0.0,8.779023,11.03261,0.0
54.585163,-92.803215,0.0,58.37342,41.713367,0.0,-47.836914,69.29586,0.0
66.81197,99.40623,0.0,66.9922,92.87246,0.0,33.006573,87.45803,0.0
-52.903694,-95.825676,0.0,-87.521935,23.785948,0.0,-35.31746,-97.475494,0.0
52.35811,-8.957782,0.0,-65.812904,-83.419266,0.0,-78.72728,78.19479,0.0
13.281046,14.579216,0.0,86.048645,81.1139,0.0,37.296135,91.973076,0.0
80.84182,94.454956,0.0,11.335303,-99.43625,0.0,-8.9372225,82.5338,0.0
-82.7762,-41.260227,0.0,-43.59806,15.086101,0.0,-37.43431,20.271986,0.0
-39.708954,-66.72886,0.0,78.49155,2.7463202,0.0,-14.296487,-76.51325,0.0
-32.14358,23.298342,0.0,-86.61135,5.0462317,0.0,-49.23313,-64.562584,0.0
85.85316,26.667233,0.0,-8.284838,24.531609,0.0,-12.952482,8.6693735,0.0
-18.277803,-33.64744,0.0,-53.795914,-65.98751,0.0,-41.829422,-42.305855,0.0
-82.715164,-23.660357,0.0,-84.67247,56.98942,0.0,-88.955124,-22.189821,0.0
66.83774,-77.469666,0.0,15.190394,-44.36172,0.0,-4.57675,30.37116,0.0
-38.101093,70.195984,0.0,95.803375,-96.99886,0.0,74.340294,82.52158,0.0
-79.91763,1.22762,0.0,-81.42364,-89.33572,0.0,59.885952,-83.72284,0.0
90.0847,28.008064,0.0,-81.661865,-82.98085,0.0,-53.48896,-94.57999,0.0
22.15444,0.5113016,0.0,-18.39474,97.09799,0.0,47.07946,-46.692616,0.0
-73.47495,94.989235,0.0,-72.56564,77.02125,0.0,-86.47362,-43.225964,0.0
-60.40874,-88.888504,0.0,-8.586116,33.42111,0.0,71.844345,-84.760284,0.0
46.72275,76.30721,0.0,-77.20385,71.58452,0.0,96.12239,-42.61663,0.0
-41.75769,27.124607,0.0,13.145315,92.47142,0.0,-15.779048,76.60836,0.0
83.18447,85.80951,0.0,98.36497,51.761494,0.0,-30.201061,76.95033,0.0
54.282913,-73.96992,0.0,14.883933,1.5442195,0.0,56.583683,70.592514,0.0
-90.82042,48.66392,0.0,-50.416492,-38.63591,0.0,-86.75752,6.175769,0.0
31.873232,26.153904,0.0,-49.799484,37.46266,0.0,55.51395,-53.489353,0.0
-23.88793,13.450305,0.0,-77.25981,-23.884892,0.0,-32.67577,9.787087,0.0
66.21247,7.1417117,0.0,81.60072,81.77615,0.0,-7.1681776,83.73942,0.0
-95.5154,67.36455,0.0,93.984314,34.22609,0.0,40.044273,33.645985,0.0
-16.23352,-33.070568,0.0,95.354836,12.894174,0.0,-60.82995,-85.92099,0.0
26.628056,1.3955926,0.0,41.225754,-86.77306,0.0,-99.27523,77.23626,0.0
66.98827,74.73628,0.0,-42.468002,25.854986,0.0,35.69005,27.3336,0.0
48.465237,75.748856,0.0,-62.665012,90.32168,0.0,51.333992,99.55404,0.0
-50.516823,-83.46004,0.0,-88.995346,57.198544,0.0,98.66132,-75.01476,0.0
-46.064552,7.8396153,0.0,-97.559525,31.03534,0.0,68.459854,76.9703,0.0
16.435682,29.647657,0.0,90.78596,27.60356,0.0,22.68561,21.23119,0.0
-25.022081,25.759275,0.0,54.34618,66.4127,0.0,-26.664595,75.2743,0.0
24.454628,12.145016,0.0,-83.59216,7.0362887,0.0,60.866062,98.34066,0.0
-22.439611,-21.590435,0.0,-34.86874,88.50469,0.0,-27.037735,11.522574,0.0
19.357464,23.597275,0.0,4.2141004,20.588995,0.0,-79.84609,-75.8699,0.0
99.46498,44.99467,0.0,-89.03567,5.392735,0.0,48.135693,30.19125,0.0
19.149326,-0.2140771,0.0,97.28918,-60.644886,0.0,-91.91889,-56.587597,0.0
43.405575,-90.65082,0.0,-86.93208,66.595055,0.0,35.98986,26.117302,0.0
-18.72775,98.84768,0.0,-36.765877,37.81178,0.0,-13.606895,-79.393036,0.0
-61.36188,-83.66463,0.0,-89.2883,39.488506,0.0,59.089745,57.246025,0.0
-10.676893,-97.42479,0.0,58.990437,-85.02225,0.0,97.53309,-87.71602,0.0
95.13813,8.860291,0.0,-80.55054,12.729154,0.0,-39.378647,40.92912,0.0
-89.17671,-21.062508,0.0,-2.0090275,15.142415,0.0,17.515558,27.346233,0.0
48.54935,33.33939,0.0,94.91071,-83.17869,0.0,-34.49237,-53.00826,0.0
21.762426,3.0585518,0.0,-29.64708,-14.218967,0.0,-87.311714,-19.04249,0.0
-3.5535638,75.35873,0.0,-32.71513,85.8422,0.0,84.4305,21.300955,0.0
92.74071,-59.55384,0.0,-89.217026,-53.543972,0.0,12.788988,29.607893,0.0
49.12697,79.31532,0.0,69.202034,63.519386,0.0,-49.469273,-31.497093,0.0
-81.28533,-61.388927,0.0,67.83561,84.86615,0.0,-15.942882,-50.626816,0.0
77.6786,3.6458366,0.0,-26.385443,10.186922,0.0,-99.80271,90.19323,0.0
88.3125,26.076832,0.0,-36.58244,81.20795,0.0,53.340347,26.376608,0.0
17.239754,-27.350903,0.0,-42.943962,-72.62918,0.0,94.035965,-52.73594,0.0
-22.496605,-27.555729,0.0,11.717418,-83.02976,0.0,35.763298,-81.394104,0.0
1.2623948,-77.55109,0.0,-39.903206,97.07673,0.0,-41.171173,-75.15027,0.0
55.700115,-44.856792,0.0,63.028687,-3.3237684,0.0,75.67773,-78.74929,0.0
-63.5266,79.234474,0.0,19.06433,81.59248,0.0,-88.53757,21.4763,0.0
-38.21837,-31.274292,0.0,-78.59841,39.786453,0.0,-96.324394,13.613007,0.0
-39.888294,-71.84776,0.0,-54.79376,-82.87048,0.0,-85.40393,-61.76567,0.0
64.88463,50.41277,0.0,50.040062,-71.67112,0.0,-73.12882,-88.82568,0.0
46.59609,83.96784,0.0,69.75999,1.4141055,0.0,23.07363,34.28363,0.0
-52.626778,-86.86767,0.0,-87.05742,55.34171,0.0,91.66252,-59.814404,0.0
82.06662,8.829783,0.0,70.984184,-84.56666,0.0,-47.34008,15.021997,0.0
-82.26557,-20.98871,0.0,93.05405,-80.822044,0.0,53.318764,-24.396479,0.0
60.326122,23.034311,0.0,-66.391235,92.20356,0.0,-39.719685,-67.77274,0.0
-41.0873,-78.6566,0.0,33.29443,95.666,0.0,-75.47078,87.49964,0.0
55.265575,91.885185,0.0,-74.56318,75.37344,0.0,64.80406,45.03443,0.0
-99.07346,-20.62446,0.0,-3.1819606,91.88068,0.0,-82.57013,-76.435585,0.0
6.618556,76.13582,0.0,-29.8014,-11.523568,0.0,-83.02438,48.047695,0.0
-84.30769,9.545953,0.0,60.814125,10.852939,0.0,-79.717285,-16.125242,0.0
-44.328636,-66.27434,0.0,47.473244,-53.00549,0.0,-27.09875,-5.2209163,0.0
-6.206836,-86.42344,0.0,-45.209957,44.52463,0.0,6.512774,32.774574,0.0
90.3739,-26.303783,0.0,-37.307484,38.47269,0.0,-99.75393,-68.22045,0.0
-83.267075,75.91334,0.0,-7.9298067,15.172967,0.0,98.24696,79.77856,0.0
83.647606,26.366205,0.0,-18.682943,-40.137432,0.0,-81.85859,-44.231255,0.0
-87.71338,29.794914,0.0,-37.2972,-28.602962,0.0,50.371727,17.513365,0.0
22.85811,-47.389244,0.0,-45.783092,90.85291,0.0,-94.92229,-85.7119,0.0
72.34898,-78.00858,0.0,-77.77667,-89.4075,0.0,93.59093,62.940052,0.0
4.407204,-80.77745,0.0,-21.66553,88.84219,0.0,-34.849407,-75.81503,0.0
6.2763696,-33.79756,0.0,94.05764,10.488825,0.0,44.70069,-47.16515,0.0
-94.82125,-12.994734,0.0,27.879436,-2.422776,0.0,-54.84587,-3.8042955,0.0
20.345161,-21.557491,0.0,-17.03988,-30.918146,0.0,95.405624,-29.220884,0.0
66.9556,-71.8658,0.0,64.69784,-96.95859,0.0,-2.1809456,-79.01653,0.0
30.072123,94.35486,0.0,45.68264,99.121086,0.0,34.73588,79.48692,0.0
81.170616,-86.31182,0.0,-49.825024,-16.528816,0.0,-91.02782,-49.126812,0.0
22.378328,30.20894,0.0,68.603615,-88.2205,0.0,-38.099968,73.98759,0.0
94.24752,-4.2515464,0.0,-59.521828,91.83783,0.0,-84.52075,-59.00979,0.0
-87.43807,-56.207855,0.0,82.1215,9.114669,0.0,96.88181,43.122375,0.0
55.501453,-3.196898,0.0,15.539067,0.5433549,0.0,97.71464,16.40971,0.0
-50.665577,-13.122607,0.0,21.800697,16.406422,0.0,-28.493486,34.77207,0.0
-30.832558,34.587475,0.0,-78.598045,35.557777,0.0,-65.835495,92.65008,0.0
56.780884,49.30552,0.0,-44.136627,24.61777,0.0,-14.604668,95.41416,0.0
-93.58598,19.320244,0.0,23.349724,27.280916,0.0,25.661097,-49.91325,0.0
99.36535,-36.146996,0.0,-42.10971,86.467316,0.0,17.646162,-0.9728521,0.0
15.485978,34.56004,0.0,-24.342127,95.85897,0.0,-85.201,7.2393584,0.0
6.888606,76.8633,0.0,-98.89036,-7.0854154,0.0,-33.36071,-65.796425,0.0
-27.825445,3.4555893,0.0,-70.63236,75.17018,0.0,53.25014,91.387856,0.0
81.92073,12.485885,0.0,-45.32211,-48.480377,0.0,-22.128372,87.17969,0.0
-47.659817,77.46835,0.0,-76.369774,-91.009995,0.0,87.61869,28.750608,0.0
99.45805,-28.321362,0.0,14.298855,26.798864,0.0,56.059425,-97.16074,0.0
54.36543,-53.422905,0.0,-45.86277,7.7440033,0.0,17.562706,-79.77904,0.0
19.734812,-30.225203,0.0,62.644753,-13.965824,0.0,-34.05633,-31.919592,0.0
78.0492,7.345099,0.0,14.929611,78.05965,0.0,-26.534502,25.787012,0.0
-49.63785,-70.1492,0.0,62.731472,20.177992,0.0,-33.48833,-68.93835,0.0
-99.81563,-92.91775,0.0,75.45114,20.75237,0.0,0.16788708,-44.601967,0.0
-78.441376,0.21963845,0.0,27.13467,13.653143,0.0,-81.05283,-87.41561,0.0
-28.835627,-54.336544,0.0,-65.80096,83.76139,0.0,-76.92568,-86.65119,0.0
10.258603,89.768486,0.0,-91.06911,-70.80077,0.0,-85.48581,47.344967,0.0
-68.67332,-92.856735,0.0,30.938711,86.51407,0.0,-31.034199,38.12361,0.0
38.277794,96.80256,0.0,-32.024673,32.150043,0.0,-25.443909,15.986836,0.0
-77.11837,47.64167,0.0,24.46325,86.28122,0.0,-44.031925,38.92196,0.0
-25.572237,-86.078964,0.0,-19.604269,-50.130398,0.0,60.85263,79.97208,0.0
44.45539,89.83618,0.0,85.761185,34.50375,0.0,-12.884679,76.09141,0.0
56.78166,-81.45921,0.0,-92.38048,33.845055,0.0,-16.478237,24.400154,0.0
5.1166754,8.282177,0.0,73.99139,17.898146,0.0,-23.364538,94.162346,0.0
-3.78072,95.029526,0.0,79.34938,88.15102,0.0,64.08209,-89.05644,0.0
4.2410307,90.91295,0.0,-84.045715,-58.709774,0.0,-21.635647,-40.812565,0.0
-91.07534,-35.194675,0.0,36.349552,32.67054,0.0,-36.96905,-1.8807299,0.0
-49.539627,-16.648006,0.0,-97.455315,-16.313898,0.0,1.9697388,-31.729212,0.0
60.33996,-26.2211,0.0,-35.821995,74.55699,0.0,69.32661,82.671074,0.0
80.426994,-75.78452,0.0,55.17588,75.349884,0.0,21.950546,16.421082,0.0
-87.23033,-50.469334,0.0,94.659454,31.009386,0.0,29.560188,81.27309,0.0
90.67238,31.012232,0.0,92.174255,-27.759108,0.0,-80.99456,-30.25046,0.0
-62.566006,-87.23273,0.0,-33.218555,32.66415,0.0,99.219536,-97.61429,0.0
-88.59255,-33.901623,0.0,17.627869,86.50481,0.0,-75.60622,77.57755,0.0
51.383766,53.22964,0.0,48.479534,-76.71509,0.0,31.926655,34.970875,0.0
92.859955,5.260341,0.0,-49.62751,85.96375,0.0,-48.823906,36.2205,0.0
-97.58405,62.300323,0.0,-43.215626,-81.14855,0.0,99.15211,15.035717,0.0
92.70711,6.8100004,0.0,8.996979,94.350334,0.0,52.15061,-85.056786,0.0
-98.734535,-52.986572,0.0,-49.260357,-92.94937,0.0,-99.235725,75.950584,0.0
23.960796,27.868002,0.0,-43.935688,53.247902,0.0,99.35409,54.567814,0.0
0.4837723,-42.3004,0.0,-45.436256,-84.94515,0.0,-0.074207544,-44.78149,0.0
17.189137,-48.342266,0.0,64.79725,-7.8682985,0.0,-27.35089,-50.736614,0.0
-54.20403,-12.531419,0.0,32.801445,-91.08224,0.0,-85.09411,94.358826,0.0
-22.515871,9.114106,0.0,-4.157128,75.00746,0.0,66.598274,57.30625,0.0
51.73831,-33.48211,0.0,30.407024,97.56543,0.0,21.483162,14.07285,0.0
-83.22917,-11.810618,0.0,92.58759,30.594206,0.0,-49.441975,39.46297,0.0
90.11763,-96.588646,0.0,48.56618,89.50967,0.0,-88.060905,-13.372062,0.0
-13.845486,87.13775,0.0,91.056854,13.936377,0.0,23.417429,-98.80732,0.0
-93.28141,-57.45203,0.0,-27.423212,-38.53964,0.0,-97.75643,49.66424,0.0
46.092884,81.328,0.0,62.817894,43.0213,0.0,-3.0515232,93.03845,0.0
64.083885,80.74561,0.0,39.044888,-54.90513,0.0,22.001205,28.817888,0.0
-31.80978,-0.9951264,0.0,96.15143,-59.98411,0.0,-40.03287,66.313866,0.0
-79.38591,-20.452826,0.0,-37.654045,61.391243,0.0,24.920668,-53.808575,0.0
50.128326,40.416027,0.0,-34.205757,-85.31316,0.0,4.6973825,99.58517,0.0
15.827733,-6.7376623,0.0,16.412178,5.413154,0.0,-47.027687,-79.804794,0.0
-78.28301,59.0672,0.0,-9.493453,-47.97589,0.0,30.069914,22.125795,0.0
-89.63237,96.23274,0.0,23.065859,3.5572817,0.0,-32.943573,19.053026,0.0
57.33324,83.48219,0.0,7.002031,89.05474,0.0,-91.72018,-75.09046,0.0
23.415178,29.259808,0.0,15.09321,12.273567,0.0,-10.646979,85.3507,0.0
-48.5151,22.015764,0.0,-34.953064,-33.156975,0.0,29.733677,12.880227,0.0
-56.935432,98.080925,0.0,93.657616,65.32721,0.0,75.35624,2.3035853,0.0
-22.10307,87.64184,0.0,94.72996,-26.980537,0.0,68.29983,-32.89408,0.0
46.55714,75.63736,0.0,-74.06995,85.50559,0.0,24.96805,3.5718303,0.0
-92.33803,-66.58416,0.0,-86.6913,3.9344845,0.0,87.40151,20.563608,0.0
-78.71879,-75.909584,0.0,82.52548,19.898636,0.0,86.23064,20.819519,0.0
-98.248344,-55.6888,0.0,-78.05312,44.62069,0.0,-13.251185,-49.912617,0.0
-74.5161,-92.849686,0.0,88.5685,-84.43878,0.0,-10.064723,-34.49833,0.0
79.36274,80.22182,0.0,-24.936388,-7.110451,0.0,95.53625,-14.106562,0.0
-82.724205,36.299145,0.0,50.446404,-83.82124,0.0,-39.50599,-91.454666,0.0
-48.135254,21.546963,0.0,-39.36843,-52.009167,0.0,-78.1123,-15.119855,0.0
-46.54067,-65.301735,0.0,-35.761257,59.200108,0.0,69.93359,10.555661,0.0
-43.020782,-34.236786,0.0,25.794033,81.876915,0.0,-98.51348,8.330152,0.0
72.17231,19.423502,0.0,24.10157,3.141686,0.0,38.234577,24.322601,0.0
-89.84468,58.634754,0.0,-97.115875,96.805824,0.0,-54.919983,97.55387,0.0
78.634285,-96.54823,0.0,-24.677498,-37.87693,0.0,49.282623,-54.791054,0.0
-91.98434,22.176664,0.0,80.12443,90.79726,0.0,38.261333,28.40612,0.0
-92.91421,-2.517559,0.0,-80.39313,8.533202,0.0,-60.248856,-80.43799,0.0
-78.668434,-46.400795,0.0,69.13344,56.716785,0.0,-37.729057,-4.0783257,0.0
-27.126379,-1.1928626,0.0,71.25757,-78.57014,0.0,4.4431925,-75.701035,0.0
17.494843,-96.28129,0.0,-95.62857,85.80394,0.0,17.821953,97.35304,0.0
65.48635,68.240074,0.0,-76.61654,69.62819,0.0,-24.07233,86.32674,0.0
-10.37773,-75.36577,0.0,-85.93336,83.70857,0.0,34.170235,-84.32685,0.0
75.069336,14.649599,0.0,-48.07317,-68.29057,0.0,80.30579,96.40042,0.0
-59.98773,87.91047,0.0,-3.609214,12.627955,0.0,-25.271837,-40.56276,0.0
-52.070854,-50.501038,0.0,-82.278206,-31.154709,0.0,-80.62082,73.07073,0.0
49.81756,91.35687,0.0,-81.7977,40.501026,0.0,2.2855196,-45.24596,0.0
54.5523,4.283517,0.0,-23.834087,-17.447584,0.0,95.35668,-53.289703,0.0
-25.945448,-49.835163,0.0,-46.164734,17.106405,0.0,-19.35341,-80.938866,0.0
-92.135414,-85.28852,0.0,-94.717964,20.765594,0.0,99.57391,10.919441,0.0
-27.346638,10.452561,0.0,-59.142788,-87.79251,0.0,-24.459684,6.2280765,0.0
67.94602,11.746464,0.0,60.79871,-11.699344,0.0,16.04211,-28.084429,0.0
61.752693,72.96141,0.0,-53.503666,6.256741,0.0,-87.04831,71.94862,0.0
22.104118,34.814434,0.0,-14.631188,-75.43688,0.0,-7.9578857,-43.96487,0.0
-28.231483,-18.838373,0.0,20.980583,-80.11019,0.0,63.0552,-75.919136,0.0
13.313467,8.237466,0.0,5.8088717,25.153854,0.0,-85.4837,-28.353846,0.0
-48.036503,1.5681423,0.0,-54.98248,74.57878,0.0,47.475395,-89.793076,0.0
-80.25604,75.84613,0.0,-79.56062,-23.91601,0.0,-30.522495,96.35417,0.0
-99.94919,81.31008,0.0,77.88949,21.209593,0.0,-52.638706,40.231125,0.0
-53.79318,-90.145134,0.0,29.303349,-16.448185,0.0,-77.128296,-15.27351,0.0
20.22426,-99.380066,0.0,68.27711,86.0611,0.0,-54.293507,46.240295,0.0
-75.51429,64.42884,0.0,61.441795,59.087894,0.0,68.554886,46.99584,0.0
-77.24985,-19.307547,0.0,-34.028275,50.106457,0.0,-25.17244,-37.159843,0.0
-50.33275,79.31883,0.0,31.442211,-47.50334,0.0,-14.547472,95.93018,0.0
-52.376263,-66.92724,0.0,-8.026464,98.17199,0.0,-28.405981,17.055761,0.0
-53.341267,-1.4941983,0.0,53.22099,-53.626934,0.0,53.115055,6.0377984,0.0
-1.5279022,22.055666,0.0,91.56623,-89.0415,0.0,-42.049526,-3.6260674,0.0
75.51725,-91.18893,0.0,71.62511,-79.13662,0.0,31.716433,76.10284,0.0
52.32022,-3.9259403,0.0,-78.99733,12.051736,0.0,11.316559,-47.12659,0.0
-92.53752,71.00733,0.0,-53.592934,79.12231,0.0,32.705296,-44.296864,0.0
-9.446281,-89.606674,0.0,-51.89246,14.392048,0.0,8.790156,-44.97314,0.0
64.16177,-84.529915,0.0,-4.4720864,-48.871147,0.0,85.57145,11.438261,0.0
67.820885,10.899479,0.0,27.212934,-81.991554,0.0,-45.47696,-98.64075,0.0
-92.13504,45.54423,0.0,-2.9111388,-98.94038,0.0,-77.13294,-66.71818,0.0
8.574869,-32.06502,0.0,-88.00976,38.459557,0.0,24.508299,14.626556,0.0
21.307482,-29.36321,0.0,65.76474,-76.828766,0.0,-25.73377,5.943662,0.0
69.78029,94.56941,0.0,31.186247,-41.28822,0.0,-81.96433,70.172295,0.0
-5.32334,-50.112236,0.0,59.647457,-81.612816,0.0,-41.65905,9.672615,0.0
17.416769,78.66765,0.0,-11.854897,89.47537,0.0,10.250416,20.079063,0.0
0.29765955,-54.958828,0.0,44.532845,30.671865,0.0,-51.593227,89.665985,0.0
89.063126,-90.98193,0.0,52.598484,91.97044,0.0,63.455647,81.171524,0.0
-99.87081,-46.75045,0.0,-89.347946,-64.06515,0.0,-51.85973,-80.250114,0.0
60.52507,-7.1136346,0.0,68.07535,71.973854,0.0,-87.79078,81.95356,0.0
17.285868,28.6022,0.0,68.383766,-79.70912,0.0,68.39211,-77.55582,0.0
-39.438328,73.44308,0.0,93.850464,37.598278,0.0,88.83867,27.158016,0.0
-77.39965,-17.781496,0.0,14.352072,93.60925,0.0,17.147486,-33.98005,0.0
-50.526543,41.425205,0.0,-75.26458,-73.75198,0.0,64.53155,84.83835,0.0
52.05281,-47.004272,0.0,50.96879,24.725857,0.0,-42.544445,25.051096,0.0
91.35067,-34.25667,0.0,-41.211002,-45.31412,0.0,71.355064,9.358554,0.0
59.04248,-91.681526,0.0,5.3313994,-81.237465,0.0,1.7293726,75.40396,0.0
-76.07667,72.80287,0.0,66.00399,31.058792,0.0,-40.219986,-20.24513,0.0
-84.38002,-20.425627,0.0,67.670555,3.105615,0.0,20.742943,-52.31473,0.0
-45.55096,-85.21602,0.0,27.03372,-34.663506,0.0,-85.42642,-98.86857,0.0
-31.643745,-18.726656,0.0,-32.689434,-82.50461,0.0,53.195442,26.034693,0.0
-90.666115,-57.1358,0.0,63.87409,75.27728,0.0,90.303955,-28.12357,0.0
-22.973595,20.213453,0.0,60.75,40.011326,0.0,55.084682,89.097084,0.0
-76.99446,94.649666,0.0,74.64039,6.396954,0.0,93.882454,-11.285972,0.0
-72.10707,-76.65964,0.0,-89.18953,-83.479836,0.0,5.8904896,-44.90689,0.0
-91.927025,-70.4721,0.0,-81.13711,79.35925,0.0,-27.999218,-75.72104,0.0
54.924946,-77.97159,0.0,83.00137,19.558317,0.0,62.911148,-35.418423,0.0
68.77314,47.766155,0.0,-52.143665,89.440025,0.0,59.045643,-86.42874,0.0
-78.7933,21.782513,0.0,-53.566673,-13.504778,0.0,-90.249855,-98.86772,0.0
-90.50301,97.23259,0.0,94.78719,-16.64408,0.0,-22.522537,-96.31757,0.0
-35.951992,-67.99929,0.0,-51.575783,9.279342,0.0,-42.159065,39.0539,0.0
54.913815,53.22679,0.0,-86.29637,77.073586,0.0,-79.25222,12.688795,0.0
53.525356,-40.20828,0.0,-63.291294,97.22037,0.0,-92.128654,96.106735,0.0
-75.26846,-69.57637,0.0,97.14293,-2.568558,0.0,-8.189304,30.507185,0.0
-21.703083,89.41072,0.0,-1.7363627,-87.45483,0.0,30.950367,22.276735,0.0
-3.4636538,31.718798,0.0,60.511265,45.721073,0.0,61.803074,-59.113167,0.0
-35.913296,29.003757,0.0,-5.3310604,87.82048,0.0,38.803356,87.89349,0.0
30.508453,30.651058,0.0,-91.538345,65.58008,0.0,-28.286003,85.53158,0.0
22.370377,-12.72297,0.0,-67.04453,-86.01478,0.0,55.0869,-26.67511,0.0
-29.233131,-97.77933,0.0,50.348118,47.677906,0.0,82.98997,31.078062,0.0
14.170258,-54.70063,0.0,63.163605,-27.567163,0.0,-96.69348,87.29968,0.0
-30.021873,12.409558,0.0,-50.865097,44.691196,0.0,-81.894875,0.5572806,0.0
70.19115,11.123092,0.0,-22.73227,-53.739784,0.0,-13.670448,88.6851,0.0
51.65091,34.262833,0.0,29.357233,4.8192906,0.0,-90.053024,60.240097,0.0
-93.66871,39.30585,0.0,66.15431,63.78464,0.0,-17.656189,-97.00401,0.0
42.504967,-40.599846,0.0,-84.184975,-25.036047,0.0,67.78286,86.76995,0.0
65.64601,25.086477,0.0,-31.068733,-81.118965,0.0,-50.650455,37.744774,0.0
64.03516,11.471493,0.0,-39.36808,15.418675,0.0,-72.81404,97.66995,0.0
10.232165,77.12605,0.0,-92.63373,92.42037,0.0,-48.538498,-95.33105,0.0
-94.262794,-57.883595,0.0,43.179077,-47.00806,0.0,83.50026,88.32787,0.0
80.49438,-94.89977,0.0,67.06298,78.54447,0.0,68.80981,88.932106,0.0
-83.16983,-39.587666,0.0,41.900585,96.21455,0.0,15.498085,86.549706,0.0
71.60486,98.301605,0.0,-93.92098,-96.43563,0.0,81.894936,9.018696,0.0
20.210262,25.762367,0.0,96.55576,13.684742,0.0,55.225746,82.35601,0.0
-77.60616,87.152306,0.0,-84.34357,64.63408,0.0,-81.092445,54.51748,0.0
-24.224812,-77.86876,0.0,27.626993,-28.657146,0.0,-80.2345,-30.09561,0.0
-92.50993,71.47275,0.0,2.025937,-78.21955,0.0,-86.895256,73.9971,0.0
-40.011322,-99.989655,0.0,22.329943,-1.9638169,0.0,-87.65648,69.262245,0.0
67.43361,72.54395,0.0,14.923528,-81.91668,0.0,-16.168694,-36.84163,0.0
-49.566967,14.876547,0.0,47.192284,-89.32463,0.0,2.8024194,-90.58023,0.0
-50.787136,31.82838,0.0,19.470705,-39.94195,0.0,-25.87281,-21.989176,0.0
2.5280678,-41.183033,0.0,-13.985949,-86.46645,0.0,59.467026,-97.24538,0.0
-96.37968,37.933384,0.0,-48.442802,73.22338,0.0,-30.533945,95.14637,0.0
59.956776,-89.85306,0.0,-32.28413,-99.56212,0.0,92.63661,-1.0429587,0.0
-29.071054,-93.4751,0.0,-30.392681,76.482666,0.0,-84.45652,25.423424,0.0
-63.05161,79.57574,0.0,65.07661,24.81378,0.0,92.02177,77.22572,0.0
-49.96573,35.869984,0.0,-36.38992,85.93514,0.0,-56.54893,91.505226,0.0
93.32236,66.01936,0.0,-67.38112,75.19819,0.0,-76.162445,-89.67536,0.0
26.110527,34.330692,0.0,-22.392405,2.2552729,0.0,-87.54558,12.268399,0.0
59.326374,-93.18342,0.0,83.907425,88.61868,0.0,-47.665203,76.01255,0.0
-73.13899,94.594345,0.0,-48.253517,-40.347363,0.0,-78.04959,9.408431,0.0
12.842565,99.18886,0.0,-57.048103,76.498,0.0,94.54919,64.94399,0.0
32.922455,22.877016,0.0,16.45014,19.640747,0.0,31.577076,28.881666,0.0
-86.27693,-80.134315,0.0,-55.140026,-84.896416,0.0,-91.87501,1.8081757,0.0
70.44827,31.993723,0.0,-10.721732,-46.10145,0.0,64.639626,-96.14788,0.0
-32.554264,-93.26643,0.0,51.786335,-46.68406,0.0,84.401535,33.864456,0.0
-3.172642,-54.053085,0.0,16.550692,29.604034,0.0,80.027176,5.4137354,0.0
-44.549603,58.938644,0.0,25.021915,75.9176,0.0,-77.76549,-92.90129,0.0
99.20575,-36.93895,0.0,-19.458843,-53.956127,0.0,-88.734436,-58.82096,0.0
52.487988,70.601585,0.0,53.072983,92.4361,0.0,58.91478,70.21598,0.0
-91.07673,-53.446022,0.0,55.47838,-92.142105,0.0,24.172562,-30.66798,0.0
-85.27867,-19.869696,0.0,-21.102722,5.877929,0.0,56.99368,-31.059933,0.0
12.681332,-29.898294,0.0,92.646454,-72.86883,0.0,-41.416676,-22.604734,0.0
51.290474,78.59471,0.0,-78.746704,-91.00596,0.0,17.981009,-87.63443,0.0
19.842136,-18.582117,0.0,10.485179,-79.064804,0.0,55.833626,83.46089,0.0
17.208511,-83.843124,0.0,-97.276024,-96.203766,0.0,16.379414,-35.453323,0.0
15.865855,13.477859,0.0,67.586334,-78.55276,0.0,19.281057,-19.255745,0.0
-21.362951,-39.47338,0.0,-78.08093,-99.3118,0.0,91.05698,48.06431,0.0
50.431103,98.71508,0.0,-27.12806,-91.14488,0.0,63.969322,37.04504,0.0
-93.88068,73.915375,0.0,-38.469982,97.38407,0.0,69.84818,47.314854,0.0
-45.727554,-24.551563,0.0,-32.217102,-50.043266,0.0,17.529976,23.150553,0.0
32.409653,75.949356,0.0,91.646355,-0.9634926,0.0,-22.35835,-32.648148,0.0
90.4269,62.535168,0.0,-32.959415,-65.7818,0.0,9.247749,-52.889442,0.0
16.807251,-41.495476,0.0,92.73599,3.795698,0.0,64.47922,33.42655,0.0
55.930954,63.021038,0.0,-77.8892,-69.4511,0.0,96.43943,-88.21837,0.0
8.865859,-88.46429,0.0,-42.6826,38.529564,0.0,-99.12337,45.709312,0.0
97.91021,70.760635,0.0,-5.4173636,-50.378365,0.0,-26.843925,-86.93943,0.0
-20.721054,92.683105,0.0,-22.585028,-26.388067,0.0,63.75683,-20.182205,0.0
16.510437,-40.445774,0.0,-1.3232032,-41.37352,0.0,55.725037,-14.880336,0.0
17.4241,-51.898422,0.0,-43.882206,-10.979837,0.0,-44.694527,9.448145,0.0
-17.79901,-75.83271,0.0,92.006195,54.50385,0.0,-6.5875587,85.10504,0.0
95.54414,-50.590706,0.0,-20.922045,-91.55215,0.0,84.14985,29.385347,0.0
-43.460003,-58.756805,0.0,92.49065,19.213337,0.0,-41.904465,-16.416365,0.0
-77.771706,81.04765,0.0,8.975887,-88.11398,0.0,62.69549,87.706764,0.0
-33.058758,-33.31833,0.0,-39.309566,-40.674778,0.0,-16.498514,78.985344,0.0
57.9304,-19.482224,0.0,65.54704,37.703728,0.0,96.86506,-39.171734,0.0
-76.23925,4.9683247,0.0,-40.667427,-10.5199,0.0,-39.65272,-6.335727,0.0
61.260426,59.369083,0.0,-41.575134,75.79383,0.0,-39.32712,-44.214283,0.0
-44.503246,-73.71505,0.0,58.717674,43.139988,0.0,27.939703,97.61129,0.0
-43.945152,-75.17137,0.0,61.654705,90.82485,0.0,-25.863512,29.430822,0.0
-92.2292,-58.988194,0.0,-87.65198,58.63392,0.0,53.987423,57.535122,0.0
94.50293,-35.933193,0.0,-23.231398,-75.88995,0.0,-44.050663,61.79208,0.0
60.06614,36.57181,0.0,-44.83108,-6.6907034,0.0,34.72952,93.147484,0.0
-97.75646,67.09374,0.0,79.663765,88.279274,0.0,-89.31155,67.28893,0.0
55.519863,-58.087017,0.0,98.10223,-4.279109,0.0,-35.301144,-26.015785,0.0
-59.638985,79.20808,0.0,90.76843,57.711075,0.0,40.121243,-75.62185,0.0
92.099464,58.880215,0.0,95.80283,-50.99068,0.0,52.073772,87.34465,0.0
-84.15431,-45.592163,0.0,22.612423,95.28169,0.0,71.41332,90.5696,0.0
-44.204895,59.08501,0.0,-48.039898,-61.70903,0.0,-33.395195,35.85223,0.0
6.5697656,-35.963787,0.0,-98.58313,-44.137737,0.0,-81.51497,21.008057,0.0
-50.556656,45.58821,0.0,-79.704865,72.21314,0.0,48.829983,-45.94257,0.0
-30.158266,50.407143,0.0,29.797577,12.992656,0.0,7.402848,-85.94741,0.0
94.1802,-55.060005,0.0,-29.484741,91.92057,0.0,-47.032272,-23.62168,0.0
-81.3199,31.363665,0.0,-75.04518,-79.91391,0.0,37.657948,-80.10963,0.0
31.192993,-94.94887,0.0,52.926826,-8.067279,0.0,76.639084,78.22416,0.0
61.854927,-66.0891,0.0,-91.821335,34.498676,0.0,-24.515484,27.447617,0.0
-31.740295,-41.94003,0.0,33.81395,-85.65006,0.0,-85.71192,-49.041748,0.0
-93.97986,-36.573696,0.0,-87.11536,-44.398308,0.0,-41.106396,77.25811,0.0
-24.906544,-29.26493,0.0,50.97684,73.36868,0.0,15.848579,32.07706,0.0
11.812116,-43.30017,0.0,-52.268585,15.460919,0.0,93.67777,99.565865,0.0
99.230385,55.069294,0.0,-84.227875,-25.938728,0.0,5.847888,-81.46929,0.0
-16.884417,-32.18267,0.0,91.49031,-54.621967,0.0,-36.829853,-70.38747,0.0
-43.21446,82.96849,0.0,-94.992645,-19.027351,0.0,3.6260293,-81.77905,0.0
51.13069,34.059402,0.0,1.4786694,-76.66046,0.0,-97.63657,-5.2068353,0.0
63.44362,-92.59201,0.0,-22.094816,-98.19404,0.0,-91.18031,26.178637,0.0
99.28803,54.37302,0.0,33.470085,-48.62412,0.0,20.040535,-91.93827,0.0
-45.623825,52.75397,0.0,99.61625,-11.593603,0.0,-78.30849,24.37069,0.0
51.216167,-58.2947,0.0,-34.143555,24.603338,0.0,25.099482,-24.55768,0.0
52.945198,-99.49501,0.0,5.571054,33.36464,0.0,-22.447174,-43.312756,0.0
-73.95953,92.86668,0.0,-94.88728,34.2568,0.0,-93.337715,93.259026,0.0
53.75741,-57.39008,0.0,-89.21086,-37.390354,0.0,21.1518,-43.876087,0.0
-1.0347039,-98.69922,0.0,-83.59009,89.45084,0.0,96.17107,-87.65552,0.0
51.681923,62.277782,0.0,-94.130974,63.853382,0.0,91.244225,25.127266,0.0
-47.98649,-52.162823,0.0,-90.60047,-14.813765,0.0,-2.5536458,76.117485,0.0
-43.39159,-60.07286,0.0,-54.50472,-43.04504,0.0,-75.73228,72.037994,0.0
-77.46368,8.316516,0.0,10.010924,-31.643032,0.0,-97.57589,-15.025544,0.0
26.87494,3.4661314,0.0,-89.26582,-43.70444,0.0,66.829544,-41.851402,0.0
-28.190727,-5.782509,0.0,-49.048306,35.20338,0.0,77.00922,32.20432,0.0
-65.12174,-78.928604,0.0,-35.44116,-9.513271,0.0,-40.398087,-30.872763,0.0
92.16229,-57.88723,0.0,-36.04689,2.9493508,0.0,85.100945,78.91138,0.0
24.558723,-96.61604,0.0,92.28333,-83.078094,0.0,44.42663,34.657112,0.0
-12.913907,16.956045,0.0,50.91248,-76.911835,0.0,16.473413,-29.640207,0.0
-34.474,-38.60266,0.0,-26.348011,-84.5924,0.0,-70.260284,-78.26908,0.0
-37.181786,93.23675,0.0,-82.93429,22.389467,0.0,-41.14688,20.8593,0.0
-84.760445,-12.205465,0.0,53.149666,-66.0118,0.0,-83.64569,72.18662,0.0
-78.19568,72.40962,0.0,50.167423,76.641426,0.0,-68.51558,-88.63573,0.0
22.64929,7.0299625,0.0,73.468895,86.775,0.0,3.779344,-87.72456,0.0
2.9059117,23.858938,0.0,59.337887,79.069046,0.0,-76.323975,-97.72007,0.0
90.40407,96.1967,0.0,-42.33769,83.82739,0.0,-8.595145,27.679817,0.0
-52.16753,-34.280624,0.0,7.936107,-26.167742,0.0,-44.148716,-1.9014529,0.0
43.065384,-79.556984,0.0,37.80233,98.013,0.0,-95.90519,50.04057,0.0
54.36889,36.664738,0.0,96.24984,95.76225,0.0,1.5445666,-92.50566,0.0
-74.45611,-96.7908,0.0,-35.033134,93.53732,0.0,-43.142685,-36.571793,0.0
-77.32653,-28.576124,0.0,16.355917,26.509789,0.0,-48.284172,-63.34699,0.0
-84.24887,15.5565195,0.0,-48.662052,-24.875748,0.0,-42.219852,-25.525911,0.0
-37.14592,10.268781,0.0,99.42954,-11.858477,0.0,81.36271,-95.38274,0.0
-92.144684,-11.090326,0.0,5.440343,-32.70387,0.0,-28.890202,-41.650227,0.0
71.75074,-86.92123,0.0,-84.34571,-1.2323982,0.0,-45.944824,34.620216,0.0
-11.14452,75.31075,0.0,40.03451,23.652122,0.0,-25.156178,-45.29833,0.0
-45.135777,-10.514425,0.0,-30.519224,91.50289,0.0,65.511635,66.70969,0.0
12.830542,34.273945,0.0,71.46212,6.283041,0.0,-40.987144,16.999933,0.0
-53.28592,0.9170545,0.0,-54.54054,20.443909,0.0,50.61029,-48.177837,0.0
23.151894,-19.430023,0.0,85.367294,-88.06894,0.0,-35.01206,36.936615,0.0
27.507315,90.32419,0.0,-22.295856,-32.869274,0.0,-39.82237,61.361298,0.0
-1.0952761,-40.341457,0.0,16.210272,-99.10011,0.0,-43.13825,-25.792334,0.0
21.477385,-8.294404,0.0,54.10102,98.40353,0.0,43.219646,-46.70768,0.0
92.168335,59.04878,0.0,-82.43482,32.97012,0.0,-71.65696,-82.661385,0.0
-39.70916,-56.816883,0.0,18.476667,-13.078946,0.0,-32.40246,56.146877,0.0
-52.98638,25.859514,0.0,-0.603605,33.918217,0.0,-59.890797,-96.71234,0.0
-35.55191,2.7751143,0.0,21.670727,87.42404,0.0,-45.295628,-84.216385,0.0
95.96269,-39.923424,0.0,15.66896,-83.137215,0.0,10.559649,23.200142,0.0
96.73368,-67.94806,0.0,-36.972897,-17.921879,0.0,-96.69255,-66.27015,0.0
60.20449,-15.394156,0.0,-79.03628,98.11615,0.0,-78.420044,42.458817,0.0
39.663895,75.129005,0.0,-57.028164,-81.752174,0.0,-7.5741324,83.8242,0.0
30.225859,75.60606,0.0,-50.295273,2.6082046,0.0,68.88451,39.759754,0.0
-30.905655,83.61643,0.0,-44.69386,3.891761,0.0,0.016679375,-88.86722,0.0
-48.1642,79.40763,0.0,90.465126,91.43893,0.0,38.980717,28.525942,0.0
56.015007,10.786538,0.0,-97.53012,-24.837255,0.0,-91.818405,-31.038692,0.0
56.095222,-46.110497,0.0,11.567393,96.79987,0.0,-19.623833,4.99135,0.0
30.063705,-45.917534,0.0,-1.7542309,18.970322,0.0,2.081009,15.199027,0.0
-60.732418,81.49733,0.0,-88.99963,-42.959583,0.0,-50.27932,-5.0839014,0.0
78.750534,13.856294,0.0,-93.330215,72.30282,0.0,51.226627,-7.2658205,0.0
56.34484,-89.352,0.0,-5.4328995,-79.01562,0.0,-76.84184,-54.08248,0.0
-52.955032,-86.84426,0.0,47.293224,75.21554,0.0,27.370623,-12.165953,0.0
-95.84856,-37.548485,0.0,-51.78559,-15.166226,0.0,59.962444,-59.217125,0.0
50.6617,98.67771,0.0,60.68102,11.431205,0.0,78.89535,0.14117493,0.0
46.86712,-81.211044,0.0,58.63975,-80.65814,0.0,-12.244847,13.158961,0.0
69.94442,-19.721209,0.0,-59.426434,-80.38069,0.0,-63.41563,-81.0334,0.0
78.17335,-94.81545,0.0,-52.853573,84.0739,0.0,91.11735,13.852843,0.0
-51.79785,99.90572,0.0,-95.027,-40.340546,0.0,-2.2904935,-47.01904,0.0
-25.27939,15.056326,0.0,5.3902683,-82.344,0.0,-2.331488,10.509501,0.0
57.10815,20.081621,0.0,28.062061,78.090004,0.0,-24.525194,-23.25515,0.0
-0.04976647,97.574295,0.0,96.64426,13.343772,0.0,66.151955,-21.357801,0.0
80.99152,27.720636,0.0,65.14427,-18.528254,0.0,38.067616,20.28753,0.0
-99.5395,-67.56319,0.0,65.16455,84.94505,0.0,-14.906587,33.292892,0.0
-10.567619,-94.27832,0.0,55.026028,-2.2127926,0.0,-55.760025,-78.77374,0.0
-25.546711,-46.0303,0.0,-33.441753,-52.452038,0.0,-43.342995,-51.18153,0.0
52.892498,44.790516,0.0,-40.448097,64.41579,0.0,-30.726328,-24.268188,0.0
-86.68211,-7.730732,0.0,7.122218,-77.93381,0.0,96.83633,-52.657635,0.0
4.1493797,-75.457794,0.0,25.952463,-76.842674,0.0,3.9904985,32.32549,0.0
33.60377,-42.06419,0.0,-46.83423,1.0324957,0.0,23.627985,84.87006,0.0
34.33297,-92.22711,0.0,-30.45306,85.07686,0.0,-97.29405,-41.70963,0.0
-26.957214,-29.59679,0.0,59.644493,15.238409,0.0,45.23275,-43.354755,0.0
-79.46886,-79.65322,0.0,24.818867,-5.4618287,0.0,-3.1296399,-45.929867,0.0
-33.99827,53.81367,0.0,-5.4250517,12.232746,0.0,80.43973,11.5436945,0.0
81.841125,18.863945,0.0,-47.16969,81.108055,0.0,56.552082,-16.500694,0.0
-20.947472,17.003935,0.0,61.11364,52.44335,0.0,91.45928,-43.272667,0.0
-0.58154655,84.39509,0.0,62.009,65.451866,0.0,-31.448807,40.288097,0.0
-1.1851302,-81.00914,0.0,-43.288692,77.08687,0.0,-99.76222,90.42494,0.0
-83.26022,-42.94098,0.0,64.11534,38.84877,0.0,-80.49922,-97.550934,0.0
23.57286,-44.72015,0.0,53.726887,-8.49518,0.0,99.9429,-44.81107,0.0
-97.0303,-9.549627,0.0,47.16145,-45.715607,0.0,92.55125,-70.22443,0.0
21.682621,-26.832026,0.0,-50.839264,34.57352,0.0,28.304712,6.7043414,0.0
-86.235565,37.814243,0.0,26.99386,-21.55414,0.0,60.254852,-61.70584,0.0
8.788983,25.539812,0.0,-91.15565,62.712955,0.0,-12.906248,80.71038,0.0
-32.160423,56.443157,0.0,75.19461,-98.21906,0.0,-77.243996,84.31465,0.0
35.714943,-87.27404,0.0,-7.983598,13.250598,0.0,10.950413,75.41162,0.0
-85.72703,-45.183186,0.0,65.59439,81.63974,0.0,-40.65513,-75.246155,0.0
-6.985936,-49.196007,0.0,-96.39901,79.811806,0.0,58.83938,-92.863174,0.0
-8.598098,-46.562756,0.0,26.46722,-45.917545,0.0,-86.740364,67.56632,0.0
61.330357,-65.70742,0.0,-31.108028,-11.679713,0.0,-7.207762,-93.44667,0.0
56.879612,52.802692,0.0,59.077385,40.765156,0.0,64.26566,-4.723677,0.0
73.24878,28.557981,0.0,-89.244286,-3.8765278,0.0,11.792017,80.359,0.0
52.732735,-59.570248,0.0,-62.957714,91.127525,0.0,-95.17864,36.462147,0.0
90.1811,97.161514,0.0,63.919445,-48.969833,0.0,94.83412,-68.05762,0.0
-53.16217,-38.160297,0.0,57.609104,5.9857893,0.0,68.32901,-63.980225,0.0
-87.35168,-41.85352,0.0,65.815506,-94.10021,0.0,86.87459,94.56652,0.0
-87.56518,-61.454174,0.0,-49.695053,35.887627,0.0,-38.5187,-47.42389,0.0
61.49062,45.545025,0.0,36.83884,88.306145,0.0,55.122734,7.8462243,0.0
-52.805428,-19.912199,0.0,53.461777,13.497556,0.0,90.57556,14.268146,0.0
6.9020314,-91.44716,0.0,93.42386,-91.78326,0.0,-71.633385,-76.018425,0.0
85.37949,20.451374,0.0,86.62983,-90.856514,0.0,-35.311974,-53.83862,0.0
-39.19936,-9.349105,0.0,13.081169,11.344184,0.0,67.03859,87.47761,0.0
90.13125,-71.36563,0.0,76.13537,-92.956055,0.0,-79.58006,-70.100426,0.0
29.584663,-17.337364,0.0,-45.74859,-85.356026,0.0,99.018425,40.10677,0.0
41.188114,-84.8504,0.0,65.55575,-37.454346,0.0,-38.9238,79.133995,0.0
98.508156,97.22661,0.0,-23.011627,-75.65337,0.0,28.645422,97.96121,0.0
8.495414,-46.76447,0.0,69.98182,-80.781975,0.0,5.4531784,9.47117,0.0
-89.16032,94.93942,0.0,-10.637323,78.8112,0.0,82.517586,-87.144585,0.0
-99.12809,33.654293,0.0,-96.196045,-66.71265,0.0,55.48132,93.55111,0.0
-83.756195,15.949737,0.0,-32.126232,-83.53012,0.0,55.249924,80.06189,0.0
-61.012615,-83.9615,0.0,76.044136,9.890816,0.0,95.1623,48.219517,0.0
-32.81186,-56.35996,0.0,-22.286276,0.4517646,0.0,6.8917623,-50.589165,0.0
-67.10973,-75.558365,0.0,-42.325825,51.35203,0.0,98.06599,7.1763926,0.0
96.55888,84.36563,0.0,62.53108,-98.71129,0.0,95.63056,-0.36699304,0.0
-94.44906,-92.21283,0.0,33.311882,-94.349594,0.0,-25.037613,16.58449,0.0
37.643505,-50.65295,0.0,-23.281118,21.464088,0.0,0.8512437,12.054614,0.0
-85.87002,-24.605904,0.0,69.618225,50.46602,0.0,-89.548325,-90.767075,0.0
61.59662,35.88932,0.0,-39.633266,77.05082,0.0,-53.996254,-88.67069,0.0
-34.060116,25.687006,0.0,-22.83592,21.576458,0.0,7.8503623,-95.741646,0.0
50.209236,74.26442,0.0,-87.55739,4.990003,0.0,-85.91225,-94.09164,0.0
-75.82816,10.682346,0.0,-92.31814,34.71476,0.0,-41.469505,-59.845623,0.0
1.268359,-53.377052,0.0,50.63752,-30.0663,0.0,97.10285,29.45572,0.0
-97.13442,-23.180359,0.0,29.352684,20.937073,0.0,34.10157,91.92038,0.0
56.184193,2.6084368,0.0,-38.86773,-30.172956,0.0,59.68709,93.616745,0.0
41.087353,-75.28306,0.0,40.43253,85.289734,0.0,-36.575947,70.07883,0.0
-91.77117,81.21764,0.0,-54.937862,-17.202433,0.0,-46.977814,-29.11665,0.0
18.243013,86.29656,0.0,97.65369,18.920345,0.0,93.15554,-98.28563,0.0
78.93254,77.53158,0.0,-54.40541,-34.65976,0.0,66.48126,-37.153824,0.0
-97.94366,0.21677884,0.0,96.99608,12.110657,0.0,-53.757675,23.260443,0.0
-76.34973,45.880016,0.0,25.33509,-82.94538,0.0,-51.18606,24.210838,0.0
81.27527,5.572387,0.0,-94.08522,-87.580475,0.0,9.220473,24.376602,0.0
35.542107,22.737532,0.0,94.46207,39.8479,0.0,-5.9939547,-33.177284,0.0
52.25315,-31.92494,0.0,91.688675,-56.720806,0.0,-77.93235,30.281744,0.0
57.352757,19.162876,0.0,-39.886692,15.446944,0.0,34.45515,22.293474,0.0
-31.739193,22.391495,0.0,71.28704,26.51022,0.0,6.491566,26.310703,0.0
96.54342,-91.82717,0.0,-91.32632,11.837329,0.0,7.6279664,-92.11483,0.0
-98.33055,-1.772513,0.0,-5.814271,90.69147,0.0,-67.78164,-98.698204,0.0
-75.26643,-74.32719,0.0,96.34729,2.5415761,0.0,-5.5680065,-53.41366,0.0
22.565807,-51.25625,0.0,-77.429,-92.90531,0.0,53.04155,-82.13456,0.0
52.034595,77.90657,0.0,-45.9579,57.747963,0.0,-38.19201,73.216156,0.0
93.203285,36.540062,0.0,-74.25229,78.521385,0.0,-84.06298,99.348495,0.0
-51.040684,12.94479,0.0,-12.521333,19.982548,0.0,91.98172,42.955452,0.0
7.495053,19.299099,0.0,57.281124,37.99074,0.0,93.587105,-20.943657,0.0
60.74874,-69.93644,0.0,-47.668415,-79.00639,0.0,51.119408,36.338623,0.0
81.10899,-77.48154,0.0,-94.30087,97.0767,0.0,12.699677,0.7863187,0.0
59.723667,-64.47455,0.0,-47.38879,54.084003,0.0,-98.694,75.34756,0.0
92.3325,0.26981604,0.0,-25.894608,-15.417337,0.0,-40.639614,-39.686714,0.0
-36.895092,-36.792618,0.0,15.530545,33.004932,0.0,-88.24821,7.7139297,0.0
29.708757,-95.33875,0.0,99.367805,-24.510899,0.0,-34.737263,-18.641481,0.0
-94.1393,-45.910656,0.0,-31.30297,38.231472,0.0,-61.05607,83.67503,0.0
85.271515,-78.15819,0.0,-40.62195,38.23427,0.0,58.47113,-23.422813,0.0
-82.97654,-37.362602,0.0,64.52788,7.02351,0.0,33.494846,92.47127,0.0
1.32502,98.99683,0.0,60.120476,-78.98339,0.0,39.769997,-42.81572,0.0
-97.8115,-94.82441,0.0,-50.89827,86.39025,0.0,-12.247185,13.192567,0.0
-97.21948,1.4367032,0.0,46.342354,-46.66813,0.0,-13.677505,-49.183697,0.0
-55.123455,-86.4207,0.0,-13.135615,22.070654,0.0,44.69107,-45.92141,0.0
-52.892426,-77.892296,0.0,-13.41104,-41.49168,0.0,10.883159,-94.3548,0.0
48.853455,28.592516,0.0,59.777897,-26.901312,0.0,23.524624,-2.0739753,0.0
62.43321,-3.3539577,0.0,-18.85304,-86.67332,0.0,-93.78117,84.04643,0.0
33.856716,30.03495,0.0,62.66096,36.38811,0.0,-83.46359,30.042542,0.0
66.202194,33.548134,0.0,26.327074,-84.25399,0.0,-79.61323,-75.45808,0.0
77.75704,4.6817017,0.0,4.5468497,-32.268654,0.0,-90.58709,-80.102844,0.0
37.730934,-42.06754,0.0,90.84315,81.20581,0.0,63.816456,-96.925964,0.0
72.2918,-85.38651,0.0,-20.677044,-81.60127,0.0,-91.75999,-94.85188,0.0
-34.883244,-93.72509,0.0,55.88847,-59.568054,0.0,5.4752684,88.965096,0.0
-75.93623,-31.424559,0.0,99.34957,-65.730385,0.0,-53.976784,85.55515,0.0
-86.42105,8.298337,0.0,69.867584,-6.2728715,0.0,-81.84936,-74.16159,0.0
-44.807667,18.723272,0.0,-65.18755,-84.06313,0.0,-78.39159,-69.83039,0.0
5.8252087,-81.593216,0.0,4.648611,16.713789,0.0,-3.397328,13.939012,0.0
-9.848686,91.78176,0.0,-89.01381,-45.418953,0.0,-46.18289,57.966946,0.0
-88.58089,0.44285443,0.0,-91.27769,56.666195,0.0,65.577866,96.05418,0.0
-31.712387,19.766476,0.0,-49.985825,-41.7903,0.0,40.737568,97.5181,0.0
-85.46113,30.76871,0.0,56.69506,78.99173,0.0,12.1045885,21.332005,0.0
-60.47947,99.53204,0.0,-24.65771,19.922205,0.0,-29.934566,-15.061735,0.0
52.841373,-25.31773,0.0,93.53637,-30.58885,0.0,-97.04884,-9.263205,0.0
74.17478,96.47359,0.0,43.758446,-78.64808,0.0,29.495625,-2.3094802,0.0
-47.366436,17.101194,0.0,66.436844,-32.22813,0.0,-40.184097,70.562775,0.0
-44.11305,-46.081894,0.0,-59.98075,82.97179,0.0,51.683628,-26.570887,0.0
-88.41226,-1.6238567,0.0,84.143974,-81.40407,0.0,54.99428,-76.27909,0.0
-20.19072,10.457711,0.0,92.43745,25.999308,0.0,-21.030647,-42.11937,0.0
-52.951023,63.766556,0.0,25.710653,24.193073,0.0,-50.19958,-15.056801,0.0
-95.26283,-10.30754,0.0,-36.87204,62.3609,0.0,-18.454868,22.875841,0.0
-43.70863,-31.076357,0.0,-47.98701,78.855446,0.0,2.279066,87.15887,0.0
96.763756,-62.0593,0.0,83.633995,27.693674,0.0,-28.095037,89.75047,0.0
62.479313,-44.604603,0.0,-48.85838,81.10688,0.0,14.731256,-39.681652,0.0
-58.90553,96.14069,0.0,-7.4538617,-47.26718,0.0,-98.45417,64.67846,0.0
95.558624,-84.317085,0.0,95.36967,-21.608425,0.0,82.66766,29.584322,0.0
-75.600235,-46.11455,0.0,60.53252,21.84692,0.0,0.24309817,-77.37552,0.0
-97.67657,95.49451,0.0,18.664072,-79.88586,0.0,58.88397,-6.9754333,0.0
-13.182226,-84.97867,0.0,-80.731,-47.562553,0.0,78.19386,-86.56726,0.0
71.39384,-89.92018,0.0,-43.019154,82.131714,0.0,93.87499,-94.58994,0.0
-84.13348,-98.25092,0.0,-80.21922,-30.875765,0.0,-36.215527,-17.451694,0.0
97.330696,32.928974,0.0,-86.88131,-15.6319685,0.0,61.08763,-4.350895,0.0
67.794205,44.60591,0.0,5.070565,12.415252,0.0,-81.731186,65.961914,0.0
-40.737854,-54.588203,0.0,-22.610077,-89.693924,0.0,11.124855,-87.235176,0.0
16.70983,-75.971886,0.0,50.758167,89.36563,0.0,10.657959,11.033143,0.0
60.85723,33.02929,0.0,-92.19224,-74.17617,0.0,-78.12926,-55.138176,0.0
-76.12137,12.405283,0.0,71.47305,19.118385,0.0,56.56677,88.47517,0.0
66.22955,7.338482,0.0,-30.323666,-45.32519,0.0,27.022728,-17.685734,0.0
-30.013914,-57.599365,0.0,-48.34725,-20.734438,0.0,-88.32006,29.63525,0.0
50.806637,75.16384,0.0,42.800602,97.57848,0.0,96.777885,-90.81151,0.0
-90.725975,-15.087031,0.0,-54.72739,22.76996,0.0,-93.12192,47.39656,0.0
49.181305,32.842113,0.0,60.67417,10.963321,0.0,-92.63282,-78.4151,0.0
-22.564213,83.84146,0.0,55.21606,-34.39181,0.0,91.87594,39.32571,0.0
79.872345,0.40754992,0.0,-90.84181,-92.98428,0.0,-29.964716,26.377184,0.0
-32.252644,16.531883,0.0,60.283966,7.964086,0.0,90.02082,98.86147,0.0
66.02618,-48.154945,0.0,-60.541275,-86.1339,0.0,69.769356,-52.527676,0.0
-47.050167,-22.97802,0.0,4.39891,-82.75981,0.0,64.410286,65.66407,0.0
54.886116,-68.64218,0.0,-91.63286,-84.80313,0.0,-35.169003,-34.037624,0.0
3.8875995,-35.639847,0.0,22.625462,98.989784,0.0,-85.67501,23.136795,0.0
-2.694448,91.58511,0.0,56.40001,26.952375,0.0,94.26524,-46.221004,0.0
-89.286255,35.391212,0.0,-45.121273,71.281166,0.0,-96.46582,-41.78454,0.0
51.722454,-13.713346,0.0,-33.579506,54.411118,0.0,-91.40367,-98.43227,0.0
69.33588,-6.865943,0.0,-33.082623,0.21026334,0.0,93.05677,30.864729,0.0
3.23178,99.78996,0.0,-28.343386,93.11919,0.0,-31.00027,72.74537,0.0
49.16988,98.285034,0.0,26.10097,24.249945,0.0,93.482,86.45897,0.0
-83.93604,-84.678986,0.0,-21.193132,-96.17497,0.0,-58.616554,91.88084,0.0
3.4714296,76.26178,0.0,-81.28591,-83.6042,0.0,77.734665,8.785867,0.0
-98.46462,-60.197052,0.0,-36.4357,-5.3015738,0.0,49.706837,91.266685,0.0
49.036846,22.02867,0.0,-17.108984,17.349804,0.0,4.816406,15.170915,0.0
60.975838,-18.964664,0.0,-52.531143,-15.609936,0.0,73.07674,28.712912,0.0
-30.352869,91.34101,0.0,43.54511,77.55353,0.0,74.28194,-80.142876,0.0
-33.691376,30.733461,0.0,21.262173,-75.3516,0.0,-53.26923,-67.05958,0.0
-77.76388,53.829906,0.0,24.204235,-13.084488,0.0,87.6645,93.5715,0.0
9.727071,-34.78945,0.0,64.53809,26.635723,0.0,-82.16227,26.240644,0.0
-21.110188,88.86549,0.0,-13.585661,13.117466,0.0,71.37589,86.77841,0.0
24.842192,26.325607,0.0,-36.86862,-99.36827,0.0,-9.154765,93.764,0.0
-11.499654,-80.36327,0.0,87.446075,-84.08912,0.0,4.3004866,-31.345255,0.0
-39.560623,52.64514,0.0,67.051476,-88.16483,0.0,15.93737,-4.6849055,0.0
96.28679,15.209471,0.0,-11.065772,-80.68049,0.0,-82.57133,-41.41424,0.0
8.513386,-42.91645,0.0,15.335532,-92.22116,0.0,-39.03071,-98.240524,0.0
-42.211132,29.337866,0.0,-54.285255,39.587524,0.0,43.289497,93.73039,0.0
-84.23029,-14.869705,0.0,-15.438254,28.026617,0.0,28.77959,-9.001325,0.0
-30.862238,-52.67329,0.0,66.30359,52.72213,0.0,-99.09924,75.18714,0.0
98.26184,-77.24267,0.0,-35.01611,43.24499,0.0,-81.2544,-28.655407,0.0
-41.415405,71.864876,0.0,58.501232,68.50245,0.0,-75.692215,-8.026475,0.0
84.703964,-84.59981,0.0,-27.752024,-14.298261,0.0,-39.388313,-55.40143,0.0
-97.55559,78.84371,0.0,-51.241306,-39.85914,0.0,-84.93725,84.372,0.0
25.289577,88.9648,0.0,4.1244216,-49.16208,0.0,-73.35883,-77.962875,0.0
66.27997,86.87174,0.0,-40.637955,-53.133244,0.0,-37.615437,-55.353054,0.0
27.293325,-4.1324873,0.0,-89.94797,-36.888973,0.0,-41.811035,53.65733,0.0
-45.62504,98.07998,0.0,-68.1728,-89.24217,0.0,13.410972,-82.376205,0.0
4.9955926,-96.24203,0.0,48.397816,24.35181,0.0,-54.025505,88.536674,0.0
-39.8804,10.94516,0.0,-52.37877,7.6441684,0.0,63.85643,98.6625,0.0
51.77363,64.327065,0.0,22.700459,80.578354,0.0,51.164913,25.665545,0.0
-90.48803,32.834515,0.0,-8.688415,-78.97166,0.0,59.85654,-64.05413,0.0
4.808678,-33.94132,0.0,60.650356,34.66562,0.0,64.75653,94.18293,0.0
-38.257824,-25.916376,0.0,-54.46206,-22.914885,0.0,-42.140842,51.577198,0.0
94.010925,20.818718,0.0,81.658646,-98.81974,0.0,9.059482,10.111872,0.0
-98.10405,43.79344,0.0,-90.99306,82.52349,0.0,-41.753418,-89.544914,0.0
47.549103,-48.17991,0.0,-88.07812,-11.362957,0.0,-28.718113,95.91773,0.0
-35.014256,11.35018,0.0,99.19932,-79.470406,0.0,-43.41164,58.86135,0.0
18.078833,13.415614,0.0,15.34525,84.642044,0.0,34.518368,82.15048,0.0
-76.834435,78.78128,0.0,83.11947,-75.6655,0.0,-84.63002,61.674305,0.0
13.559574,16.836979,0.0,21.24202,-5.5210257,0.0,24.716124,-32.487385,0.0
-45.525497,39.634575,0.0,-47.090645,-94.80815,0.0,43.97469,-44.346,0.0
-52.841278,14.085258,0.0,-96.35087,-76.86077,0.0,-75.30584,70.9339,0.0
17.517296,-48.631313,0.0,61.81369,65.45779,0.0,19.52749,20.61247,0.0
-80.17774,67.52821,0.0,18.073792,88.898125,0.0,40.271046,31.98947,0.0
-86.52466,-11.751757,0.0,45.022827,-84.3452,0.0,-79.67962,18.246504,0.0
36.34756,79.527626,0.0,50.635277,-18.500645,0.0,-34.568344,-49.626823,0.0
-8.515381,-95.34822,0.0,-45.286137,44.976173,0.0,96.53098,0.41279796,0.0
-31.228298,37.721344,0.0,-70.634575,-78.09778,0.0,92.444855,60.136147,0.0
-25.788088,-79.99057,0.0,23.555172,-91.113754,0.0,-38.7085,-36.87741,0.0
90.419685,-25.663969,0.0,-1.9012856,-31.620464,0.0,-47.325756,32.216263,0.0
54.25592,72.217995,0.0,-70.73982,-81.42079,0.0,-92.59358,84.53531,0.0
-37.77023,65.658134,0.0,-93.39563,54.1523,0.0,77.56866,11.439383,0.0
-63.183247,81.717636,0.0,-21.683327,-48.29901,0.0,74.89581,91.05198,0.0
-51.007713,-61.75292,0.0,-84.96061,90.21545,0.0,70.02706,-98.474525,0.0
0.7157585,29.847641,0.0,59.52947,-74.07669,0.0,-39.687267,-33.879894,0.0
12.803424,-22.489939,0.0,91.24888,-81.62679,0.0,71.55658,12.129463,0.0
62.45073,-85.83346,0.0,-99.89705,48.63848,0.0,57.27629,88.3009,0.0
36.430584,-94.37018,0.0,97.16745,35.701,0.0,-83.83997,10.162719,0.0
64.59079,19.363356,0.0,-87.20192,2.7576823,0.0,-35.533077,42.4148,0.0
47.876205,-44.042423,0.0,93.71155,13.072834,0.0,98.35598,35.514458,0.0
-35.099205,57.80906,0.0,-77.07597,-1.8841149,0.0,-22.627333,-96.41552,0.0
-98.779366,-31.825966,0.0,-35.69539,-3.1889615,0.0,-38.966896,3.1484036,0.0
-43.548096,63.617783,0.0,8.459378,-85.44655,0.0,-22.598492,3.4607847,0.0
-51.87505,51.63573,0.0,-30.82305,-77.80228,0.0,8.670384,-52.013607,0.0
-16.29229,-40.815964,0.0,-40.545246,66.12557,0.0,-22.772236,16.330278,0.0
-5.1733766,96.71575,0.0,-27.345274,-94.34265,0.0,-65.83228,-93.24584,0.0
-98.10043,-11.315345,0.0,21.143944,85.43082,0.0,60.21611,-3.4855795,0.0
19.729715,12.983051,0.0,-24.462687,-15.1445265,0.0,47.749897,20.897177,0.0
-16.287748,82.36988,0.0,-48.22146,64.17333,0.0,78.85301,2.2846646,0.0
-44.10573,55.01459,0.0,-56.593876,86.50036,0.0,58.194263,47.029297,0.0
-52.46904,29.210968,0.0,91.173584,-93.74898,0.0,26.031376,-46.96145,0.0
15.3169365,22.67502,0.0,-30.187246,13.578303,0.0,-37.208065,-80.661,0.0
-54.38046,-83.553986,0.0,52.54433,14.713041,0.0,-24.05243,6.6084414,0.0
17.291449,96.15962,0.0,-82.66032,60.866276,0.0,-97.3081,-80.03161,0.0
-26.589682,-47.045517,0.0,88.03352,82.283066,0.0,94.53319,-98.410194,0.0
91.285225,-74.06168,0.0,0.03670001,92.15573,0.0,-50.246067,-66.26712,0.0
-94.27547,35.23984,0.0,-22.589903,11.645828,0.0,-97.416046,30.597519,0.0
40.16499,-54.018936,0.0,-99.017296,-73.08858,0.0,-13.571849,-42.696445,0.0
-53.347057,23.477928,0.0,-30.027569,87.85799,0.0,-31.42001,44.92315,0.0
-53.84156,25.436779,0.0,55.37349,-31.359718,0.0,-16.764471,75.37004,0.0
-27.433084,11.707472,0.0,40.898415,78.75298,0.0,83.32183,-95.6895,0.0
-92.82979,-13.560896,0.0,-24.841413,-14.483129,0.0,-91.76214,-91.59183,0.0
-76.35,-22.198341,0.0,-83.00452,8.435714,0.0,98.21638,-41.67807,0.0
-52.57813,-15.479316,0.0,-24.679018,-33.28565,0.0,-50.206543,-38.15019,0.0
-39.64097,35.83207,0.0,-40.26979,92.35489,0.0,-22.32862,24.91744,0.0
78.07129,76.49693,0.0,28.541666,-83.85362,0.0,74.63226,18.374472,0.0
45.3338,79.89257,0.0,50.656242,-0.9981477,0.0,-76.15252,78.12046,0.0
-53.923565,-83.76272,0.0,91.210495,21.725985,0.0,-48.885918,-70.22845,0.0
51.240322,-46.144,0.0,92.62111,40.18045,0.0,-52.20491,-69.5397,0.0
-23.682835,7.935915,0.0,-20.884075,10.940522,0.0,-20.712927,79.255615,0.0
67.957466,-73.585106,0.0,33.463886,-52.953354,0.0,94.10456,-73.66159,0.0
-10.287716,-98.11446,0.0,-91.59849,-48.906113,0.0,-10.768873,-33.11903,0.0
-91.47848,20.035152,0.0,-90.838585,21.654037,0.0,86.46988,-85.81781,0.0
91.367096,-91.87135,0.0,55.12881,-59.1275,0.0,58.49981,-75.94974,0.0
-62.117672,-97.4376,0.0,44.792793,-79.938,0.0,98.57347,-70.6925,0.0
-21.859015,-46.06247,0.0,-59.052902,99.73066,0.0,30.003557,32.054634,0.0
51.11286,63.08786,0.0,14.63733,-3.1909485,0.0,43.924725,-76.79076,0.0
53.70729,-97.95702,0.0,60.764,3.661422,0.0,13.682844,-48.04257,0.0
-26.198063,-8.424412,0.0,-12.262113,-47.895206,0.0,59.81786,47.653896,0.0
13.722694,-35.262676,0.0,7.960406,-50.939194,0.0,-63.21062,-89.03332,0.0
48.89412,-88.603485,0.0,87.39186,79.37662,0.0,-98.35896,60.60027,0.0
63.34662,70.143074,0.0,6.2724934,-51.743187,0.0,81.32613,80.056114,0.0
-98.992386,-84.64423,0.0,-52.599514,88.37555,0.0,-8.54654,-79.54549,0.0
-3.427137,-41.24829,0.0,-89.49346,-30.079197,0.0,-35.085308,-10.176224,0.0
-8.754399,-87.93718,0.0,-87.371544,54.21034,0.0,53.050617,43.909893,0.0
-85.32113,81.547844,0.0,-77.112816,-30.248272,0.0,-53.333862,47.41332,0.0
-35.318115,62.475895,0.0,-11.363416,82.60523,0.0,-33.014694,38.06677,0.0
25.551323,77.05767,0.0,-97.58377,-10.060087,0.0,91.80436,-7.4334974,0.0
-1.0730144,-76.69577,0.0,52.95009,70.20805,0.0,94.52855,-42.258816,0.0
60.891605,48.07132,0.0,2.2630732,-77.29468,0.0,66.720955,33.88453,0.0
-80.558075,-98.14308,0.0,-91.753174,42.984905,0.0,63.866398,90.68483,0.0
46.64059,25.568213,0.0,41.14891,83.7957,0.0,-37.24751,91.02373,0.0
-91.46091,-40.47332,0.0,-53.0675,-20.875141,0.0,61.397575,-59.4952,0.0
97.48244,98.24754,0.0,-81.0548,34.715103,0.0,-48.97232,-30.06028,0.0
22.65031,-17.254917,0.0,-78.47379,15.801054,0.0,-53.089546,66.441345,0.0
-4.804345,-34.022163,0.0,-9.573617,-94.54005,0.0,-98.41698,77.61373,0.0
77.340195,19.470963,0.0,58.474213,65.59338,0.0,75.14509,33.724426,0.0
17.138039,-36.642265,0.0,-79.65171,-15.512802,0.0,-81.12784,-41.337677,0.0
67.78134,-41.08838,0.0,-52.83389,-43.19353,0.0,-45.858585,-53.18612,0.0
-48.956394,87.26662,0.0,58.65854,-95.22266,0.0,64.5785,-35.02157,0.0
21.106613,23.532043,0.0,53.138317,13.239381,0.0,-62.50923,-91.87809,0.0
-9.394871,90.49367,0.0,15.288346,6.061126,0.0,-85.889366,43.81888,0.0
-53.751385,-58.510567,0.0,37.022102,77.24501,0.0,97.91094,-13.004904,0.0
-66.31143,91.06368,0.0,-41.368893,-71.54948,0.0,-85.129875,-86.41509,0.0
67.12475,-46.826534,0.0,-41.61251,-52.97094,0.0,2.1140323,-85.18074,0.0
-0.5359546,-97.23807,0.0,-99.113045,-46.69049,0.0,-3.1081471,23.448614,0.0
-35.57178,-19.002596,0.0,43.413322,99.136475,0.0,-13.944863,99.32961,0.0
7.9784575,20.163816,0.0,14.508393,-78.898605,0.0,-46.867733,76.188614,0.0
29.739443,23.812584,0.0,58.38323,33.657898,0.0,93.98124,-20.279686,0.0
-83.08841,-85.55946,0.0,63.012814,41.587055,0.0,-0.8903163,33.51485,0.0
-76.102394,12.401614,0.0,-33.686905,33.592976,0.0,73.33227,-86.24089,0.0
-53.843613,59.938217,0.0,-93.14383,-52.843533,0.0,60.037743,56.843304,0.0
-43.394066,4.5191,0.0,86.17184,4.3093276,0.0,-42.334183,-53.824993,0.0
-62.45612,-84.15592,0.0,-36.323193,-67.61733,0.0,-20.805515,7.9076343,0.0
53.128338,-37.64128,0.0,-43.38053,-1.5682839,0.0,66.48964,90.42003,0.0
-81.81182,-20.03655,0.0,67.735146,61.75146,0.0,20.020283,-28.386736,0.0
18.332703,30.24207,0.0,95.98553,-37.995872,0.0,-79.09212,71.80166,0.0
67.91428,-66.67487,0.0,97.23255,-8.776237,0.0,-82.4069,6.5572042,0.0
-38.43116,75.02227,0.0,52.8704,-1.8793858,0.0,21.098223,98.0973,0.0
-54.864983,-59.004944,0.0,86.52183,-86.196045,0.0,56.99121,21.339628,0.0
-39.05849,70.66945,0.0,65.177315,87.551506,0.0,13.851128,99.12245,0.0
-46.432125,-56.754345,0.0,29.197681,-22.055828,0.0,74.02928,28.537106,0.0
76.32402,3.373719,0.0,-11.671582,-41.38064,0.0,86.65797,23.926287,0.0
57.680084,16.958078,0.0,-75.48629,-8.995295,0.0,86.36527,-76.99456,0.0
-46.905064,71.96847,0.0,24.701246,-80.62828,0.0,-90.123184,99.252205,0.0
-89.70064,-71.55803,0.0,54.794872,-74.54155,0.0,-29.24966,85.360466,0.0
76.07087,3.9300408,0.0,23.505323,-97.898926,0.0,-41.73648,-66.66185,0.0
4.662003,18.244188,0.0,81.84541,80.91269,0.0,35.716976,-40.858337,0.0
31.845776,-42.790432,0.0,70.944466,88.56789,0.0,-49.87446,-19.798355,0.0
-96.93312,-9.3568945,0.0,-51.532574,-90.02134,0.0,68.65116,56.30176,0.0
-30.223068,-90.67175,0.0,3.6680818,97.38566,0.0,50.041542,-60.736298,0.0
-58.679737,-94.52729,0.0,-37.86291,3.3807414,0.0,68.610466,69.60168,0.0
-54.539318,-33.76432,0.0,58.366417,31.165394,0.0,-38.377113,78.204605,0.0
25.619349,21.590796,0.0,66.55371,13.618884,0.0,66.04845,-97.53831,0.0
10.11086,-83.31994,0.0,-5.1011615,-83.14527,0.0,0.8616366,-52.22528,0.0
-87.15543,8.271266,0.0,-53.182323,-99.44286,0.0,-3.0461216,-39.797634,0.0
83.0359,17.05042,0.0,13.287402,-40.398106,0.0,6.7383866,-48.173885,0.0
72.47343,25.587875,0.0,-38.37486,37.648502,0.0,67.575294,-69.40199,0.0
43.171906,-77.48792,0.0,-7.877187,-99.919334,0.0,-95.03134,75.80375,0.0
-37.472992,99.262665,0.0,-20.664028,-38.773792,0.0,22.154303,-86.81772,0.0
59.21455,-40.679955,0.0,99.0938,-96.06241,0.0,91.43667,81.701096,0.0
-45.205894,-86.98467,0.0,91.62207,55.175125,0.0,-42.61438,24.324556,0.0
-77.93865,-42.168972,0.0,-84.53644,40.189484,0.0,18.089785,31.40302,0.0
-76.57513,13.919105,0.0,-98.45318,-85.11458,0.0,64.24339,3.8239503,0.0
34.219296,82.22408,0.0,-27.715586,-77.410995,0.0,85.79576,15.258328,0.0
-31.49962,-93.40838,0.0,89.383934,-96.804474,0.0,-6.4056187,-81.82155,0.0
-35.66997,95.70081,0.0,-34.683376,5.9525814,0.0,59.327694,-49.25272,0.0
-87.625465,-49.242702,0.0,21.897102,-25.435022,0.0,15.07345,-8.363733,0.0
-80.676186,-88.19196,0.0,39.174168,-40.367893,0.0,-27.802767,-49.261833,0.0
-80.3232,79.92025,0.0,-34.39379,8.93196,0.0,-49.390327,98.29753,0.0
-84.81458,-87.020775,0.0,-42.17714,-32.582737,0.0,69.33534,59.244217,0.0
-40.78049,-51.752068,0.0,41.288784,94.15107,0.0,-95.396996,2.1193836,0.0
-54.39352,-64.9582,0.0,-75.31326,-6.0839195,0.0,-49.104458,98.597855,0.0
83.06043,-93.13785,0.0,-90.113716,8.709407,0.0,59.64946,83.59181,0.0
-23.17825,77.948204,0.0,39.67413,-46.571995,0.0,54.72186,68.96352,0.0
57.255814,-73.45577,0.0,29.098656,-47.0299,0.0,61.57783,91.21625,0.0
-49.40145,-2.821953,0.0,-92.94775,-11.240304,0.0,-85.04283,-33.385586,0.0
-83.683876,94.46392,0.0,15.411887,-83.552185,0.0,-89.07646,8.476222,0.0
30.311626,88.959595,0.0,6.2632413,88.17373,0.0,-3.0636668,76.46641,0.0
-82.10779,24.20186,0.0,-27.537811,-30.295834,0.0,-23.192726,-92.975006,0.0
-96.874664,-73.44036,0.0,83.61148,-80.69652,0.0,-89.28977,96.71886,0.0
-0.87093633,92.478935,0.0,52.06178,19.460041,0.0,-79.62685,-25.803936,0.0
-89.95343,-64.511986,0.0,-46.537926,-65.71803,0.0,53.35576,-56.817398,0.0
-52.581825,-18.906834,0.0,-72.711174,-90.399826,0.0,-77.982735,75.35126,0.0
83.60726,6.7147923,0.0,-19.636282,78.577805,0.0,-12.047448,99.910995,0.0
18.40485,11.260207,0.0,-10.042892,-53.593277,0.0,51.733723,-22.251764,0.0
-16.630098,84.94381,0.0,40.463253,-75.89383,0.0,-77.375015,-52.019173,0.0
98.76169,-44.410156,0.0,88.75831,90.65146,0.0,-16.93021,98.7804,0.0
50.256565,-7.600185,0.0,-87.340706,-52.590927,0.0,-84.56131,-89.76183,0.0
13.900783,19.581564,0.0,-87.61575,-52.74843,0.0,80.11749,-86.58591,0.0
-62.856373,92.37006,0.0,-25.480133,-28.172373,0.0,15.505481,-40.534325,0.0
5.673763,18.961004,0.0,67.92063,24.727537,0.0,-71.40363,97.248344,0.0
26.08515,-42.233402,0.0,-54.45915,95.69099,0.0,92.102295,-2.3594189,0.0
-87.299965,28.047222,0.0,40.837074,93.415375,0.0,53.06214,-78.83489,0.0
-51.596657,-89.54624,0.0,96.98398,38.031578,0.0,55.952496,55.653328,0.0
50.290245,-7.308651,0.0,51.994434,-34.38682,0.0,72.90066,-93.054825,0.0
38.179966,83.44973,0.0,-23.330578,-89.88345,0.0,69.09237,-52.690754,0.0
-35.312206,50.883675,0.0,20.850569,-2.172654,0.0,50.604435,13.120029,0.0
78.28152,34.684013,0.0,-77.30055,-75.34658,0.0,-87.58154,-7.9567995,0.0
-78.373245,-63.67131,0.0,-95.35303,8.85182,0.0,-34.699554,-16.682697,0.0
0.5248773,25.936241,0.0,60.962646,-92.55315,0.0,61.812233,-63.567627,0.0
-40.138283,-59.103577,0.0,95.29449,77.680565,0.0,61.411785,-74.31595,0.0
28.486917,-19.566883,0.0,4.108019,19.751984,0.0,-20.243269,7.7352695,0.0
-39.355923,-49.30468,0.0,-34.972137,35.14192,0.0,1.3339771,81.17251,0.0
-6.087104,-50.773705,0.0,-59.19137,76.4499,0.0,64.07082,15.889331,0.0
-81.503456,-34.44722,0.0,-9.176836,34.12753,0.0,52.77063,14.122158,0.0
-80.21188,95.34347,0.0,-0.7881936,96.61066,0.0,-90.4445,-3.2861536,0.0
-70.21842,94.80793,0.0,-85.03995,-72.60382,0.0,-52.32604,-90.584145,0.0
-88.50338,-46.31038,0.0,-94.48317,67.09902,0.0,79.66195,19.206892,0.0
20.384983,-95.13423,0.0,62.426037,-94.74147,0.0,69.439674,-24.129242,0.0
76.041336,-92.35438,0.0,-25.03059,91.150635,0.0,64.14085,-86.75783,0.0
-92.33604,-66.58965,0.0,55.31385,98.21619,0.0,28.896809,-85.500015,0.0
52.188732,23.77743,0.0,-98.08472,99.1982,0.0,-11.774476,-35.61863,0.0
-87.17479,81.55142,0.0,6.477565,89.886284,0.0,51.74896,-21.350424,0.0
-34.2925,29.273912,0.0,63.501213,38.61406,0.0,95.35976,32.602264,0.0
-75.598946,-2.2631083,0.0,-99.1253,73.292,0.0,-81.050476,-86.46658,0.0
-83.43082,12.9991665,0.0,59.28664,-27.765493,0.0,41.458252,86.951515,0.0
65.130554,-42.328316,0.0,95.37846,-46.053333,0.0,30.402075,97.40929,0.0
-27.707752,-85.83539,0.0,-25.756042,3.0119536,0.0,-50.858414,-48.318996,0.0
94.435005,-52.331894,0.0,55.47492,57.56695,0.0,70.24187,-95.66598,0.0
-36.56476,-67.00511,0.0,-54.580223,40.088062,0.0,-75.84833,93.67693,0.0
-73.68523,-99.821815,0.0,10.593197,25.687115,0.0,59.972473,98.99992,0.0
-40.278564,71.24718,0.0,-89.40176,-16.651194,0.0,-22.19621,-79.36198,0.0
-78.24612,95.64589,0.0,26.156067,-54.134987,0.0,21.904135,-95.60182,0.0
46.788353,28.78311,0.0,35.431858,94.99419,0.0,83.27345,78.199295,0.0
22.262487,7.226522,0.0,61.00543,-39.789715,0.0,-48.921665,-77.97981,0.0
-46.89134,-62.91,0.0,-99.41858,12.187891,0.0,50.53704,-66.53673,0.0
-80.023636,24.594189,0.0,6.0820236,-40.687313,0.0,61.46863,-70.456856,0.0
93.002495,97.609184,0.0,-47.055313,66.64959,0.0,-97.122475,-74.658615,0.0
-96.411316,91.89837,0.0,26.486938,33.05187,0.0,-36.93165,-66.89808,0.0
69.13272,75.07306,0.0,23.385084,-23.49234,0.0,45.1411,-82.15329,0.0
-50.3384,-62.582546,0.0,45.089066,21.344587,0.0,-82.250496,-73.85903,0.0
5.0908365,31.568592,0.0,-63.534252,-88.609344,0.0,-32.45907,22.892866,0.0
55.44859,-0.52203614,0.0,45.78645,-75.11164,0.0,-43.097603,-12.921557,0.0
79.45129,3.0787044,0.0,-16.870815,87.09373,0.0,-29.692032,31.50676,0.0
-83.32783,32.39614,0.0,98.89478,-78.42955,0.0,-79.67678,7.8140206,0.0
83.99669,-99.95969,0.0,16.668137,-38.976185,0.0,-35.931156,-74.2335,0.0
-79.6165,-77.62581,0.0,67.63177,-66.213425,0.0,30.691542,-92.551636,0.0
-97.90785,-49.269615,0.0,-47.223244,-0.7412496,0.0,-99.84877,-44.10957,0.0
5.6091304,-49.46189,0.0,55.89511,-0.89879316,0.0,60.226162,-11.050975,0.0
-37.949486,65.94236,0.0,-53.96378,-37.246887,0.0,46.877186,-43.305843,0.0
76.22377,76.83321,0.0,81.36227,94.975075,0.0,68.08455,-50.601986,0.0
-32.735447,17.802105,0.0,-20.473923,-35.0645,0.0,-32.580906,-31.699139,0.0
-14.377654,-84.86707,0.0,-40.65389,76.05085,0.0,-20.434471,-38.725033,0.0
49.248592,94.00674,0.0,93.46014,78.883,0.0,-51.087463,96.785995,0.0
-76.60336,-90.718094,0.0,-79.865616,78.84452,0.0,79.575226,86.90206,0.0
-51.896538,6.1798306,0.0,63.49971,-24.935232,0.0,-30.641916,36.99008,0.0
45.88081,80.6204,0.0,59.379803,32.06427,0.0,-17.151703,96.038704,0.0
-24.032154,90.69848,0.0,-51.344685,15.785687,0.0,27.703857,14.721385,0.0
89.10062,30.766935,0.0,-40.41259,85.83788,0.0,-99.983574,88.97938,0.0
18.690514,-79.38599,0.0,-53.14157,-59.970253,0.0,-84.242096,47.270958,0.0
-52.947353,-52.916462,0.0,32.11418,-49.05009,0.0,-69.56955,87.753426,0.0
-37.25816,58.91355,0.0,-51.471012,-30.006529,0.0,-87.81611,64.091515,0.0
-91.002655,57.601723,0.0,-85.240135,90.061676,0.0,-89.158775,58.78347,0.0
50.87564,91.65471,0.0,-84.21115,33.231895,0.0,-82.9992,34.93047,0.0
88.40527,-76.13954,0.0,-8.623457,95.35499,0.0,55.27767,-12.606104,0.0
96.72298,72.17596,0.0,-48.25153,82.98504,0.0,64.245865,-95.3218,0.0
15.2975025,6.8187976,0.0,58.85027,-71.1307,0.0,54.8755,30.49472,0.0
51.634468,-25.499931,0.0,55.527256,65.266106,0.0,60.155876,-87.1258,0.0
-47.5154,-9.019348,0.0,-91.31266,-81.44866,0.0,45.57663,-92.624794,0.0
56.19264,50.470364,0.0,-6.231166,-95.48979,0.0,4.968599,-98.22183,0.0
-35.469036,-98.568665,0.0,-93.68204,-9.08558,0.0,8.453731,-44.317436,0.0
22.30189,33.575417,0.0,62.47613,29.606178,0.0,-49.263256,24.767092,0.0
30.830532,-85.86451,0.0,-26.593163,87.32572,0.0,64.87187,30.182215,0.0
63.77325,73.906685,0.0,-56.22607,95.66891,0.0,-29.87765,93.13883,0.0
32.42426,-83.75715,0.0,3.0595224,-86.67769,0.0,79.22231,99.037285,0.0
84.43557,17.589523,0.0,58.136143,-39.70877,0.0,-38.771465,5.951963,0.0
-29.273624,-96.9672,0.0,-40.6744,74.696556,0.0,50.925797,-10.298827,0.0
24.646677,98.636826,0.0,-43.004307,75.360634,0.0,4.3804955,91.81075,0.0
-96.01826,17.335768,0.0,13.931008,12.424388,0.0,-66.650215,89.80291,0.0
81.96072,0.936257,0.0,-94.05226,-33.739536,0.0,-21.351305,77.96803,0.0
94.53967,-72.186844,0.0,-68.73604,75.0497,0.0,-74.14544,-85.20004,0.0
-15.789163,-79.18447,0.0,-89.30241,-23.274534,0.0,68.810455,-46.68404,0.0
-25.071339,-78.70653,0.0,61.387302,-64.11213,0.0,36.04764,-48.92267,0.0
45.924557,33.66385,0.0,2.933783,-79.365074,0.0,58.71676,-82.504036,0.0
62.893482,13.750401,0.0,-97.49616,-31.783854,0.0,45.747242,-47.779617,0.0
-14.716155,-76.02941,0.0,-30.767551,55.099068,0.0,-39.680283,46.13008,0.0
-45.81362,-0.00887645,0.0,-24.064987,80.87976,0.0,56.072582,68.84662,0.0
-25.375937,-94.328606,0.0,-94.51815,24.630274,0.0,20.189474,17.030895,0.0
-39.61506,-80.577156,0.0,-23.868097,23.094606,0.0,-28.447172,18.59787,0.0
-81.20289,12.023758,0.0,5.3558187,-43.544544,0.0,-94.32258,-71.85668,0.0
-20.638939,-32.06939,0.0,16.343534,-13.400596,0.0,82.09818,84.79914,0.0
55.780716,-49.73857,0.0,97.734726,-82.49836,0.0,48.97281,-81.085236,0.0
50.182423,-14.574558,0.0,52.149975,98.659386,0.0,-33.36073,-63.17399,0.0
-20.67114,-42.715168,0.0,-42.19006,-1.449,0.0,-93.95749,-12.438201,0.0
-69.01508,-81.73171,0.0,62.898773,39.070793,0.0,90.52104,-2.2483401,0.0
60.95718,-55.94194,0.0,-10.052512,-34.68446,0.0,-26.223658,10.873901,0.0
-33.341488,-36.57649,0.0,57.303173,11.609792,0.0,4.8663955,29.140596,0.0
66.56384,39.048183,0.0,-13.01865,-35.08991,0.0,-90.149574,-23.583979,0.0
52.558273,-89.97309,0.0,37.198997,26.98598,0.0,-81.23809,12.342954,0.0
33.8453,-86.76514,0.0,65.150085,-33.54157,0.0,59.447895,-79.87688,0.0
-22.542265,-24.699339,0.0,73.519554,-99.285126,0.0,-49.69795,-14.111517,0.0
79.39559,84.52977,0.0,-3.4642067,13.252341,0.0,-39.287163,51.21866,0.0
54.63506,40.93268,0.0,61.49394,-46.16793,0.0,-45.785778,40.39674,0.0
28.699629,96.834755,0.0,-37.016613,40.581886,0.0,63.203106,42.886868,0.0
-17.673124,-79.618904,0.0,-90.559135,0.07754055,0.0,-53.509544,-24.650084,0.0
15.07395,92.71144,0.0,-68.2629,83.30035,0.0,41.476135,90.39734,0.0
-93.2085,45.178123,0.0,97.054855,99.26183,0.0,47.003876,85.098114,0.0
-21.051863,-51.779217,0.0,-75.625916,-8.858725,0.0,-43.46534,3.3807647,0.0
-41.98078,53.77293,0.0,25.522888,-17.744675,0.0,73.80058,-81.907394,0.0
90.69223,-6.2577324,0.0,-13.062895,84.36175,0.0,50.63326,32.86612,0.0
-75.55666,-48.897453,0.0,-30.266375,-95.73528,0.0,-24.582884,17.039717,0.0
7.462809,84.6146,0.0,-24.294725,-46.092827,0.0,-10.199183,-52.135975,0.0
-33.356968,-14.3217,0.0,-41.956593,76.26781,0.0,27.456295,-53.333164,0.0
88.3404,-89.69393,0.0,97.6413,-55.90507,0.0,57.438957,-99.69568,0.0
-57.992714,78.53301,0.0,50.78349,11.017387,0.0,-31.746927,-22.328125,0.0
15.192801,83.33323,0.0,56.415134,-43.967983,0.0,9.622565,-38.071697,0.0
4.7603717,-84.62456,0.0,82.75835,-82.916016,0.0,-26.776466,80.628494,0.0
-42.25473,69.143814,0.0,-78.64733,34.85674,0.0,2.211908,-53.638657,0.0
11.86014,-26.579271,0.0,-46.404366,35.765167,0.0,-53.257637,63.39319,0.0
-33.26851,-39.213474,0.0,-49.953274,63.35687,0.0,-46.36417,84.06055,0.0
41.501286,84.43254,0.0,10.59516,-82.7849,0.0,91.71095,-98.14779,0.0
51.891014,2.2778306,0.0,46.546204,22.339497,0.0,-15.596647,-35.53829,0.0
47.375057,79.984505,0.0,63.546947,-40.25467,0.0,8.362086,19.262104,0.0
69.79793,13.621283,0.0,-80.531525,61.512012,0.0,-88.742134,-84.806015,0.0
-2.8933692,-90.58515,0.0,38.540897,34.796055,0.0,58.53697,61.9967,0.0
-29.753578,-33.09225,0.0,92.40985,20.777018,0.0,9.582394,-29.933472,0.0
18.379696,-54.941597,0.0,-9.581863,-52.81853,0.0,-78.96601,3.523967,0.0
-94.84099,14.0857725,0.0,-75.92979,-33.60685,0.0,21.533394,99.91809,0.0
69.88344,74.32679,0.0,-89.00334,91.856155,0.0,-16.04932,94.96808,0.0
-89.557274,83.850586,0.0,-88.7855,-75.24629,0.0,-96.82146,-74.31481,0.0
18.325075,96.252365,0.0,-13.245625,-92.61296,0.0,19.492226,-26.350487,0.0
83.50791,22.910728,0.0,-59.004,80.20765,0.0,79.768524,-89.60721,0.0
84.59233,-92.719406,0.0,-38.39673,11.48415,0.0,5.516657,-28.28102,0.0
-48.548855,71.78656,0.0,-31.42292,73.419174,0.0,-43.988777,76.42153,0.0
-89.719475,-65.81205,0.0,-39.499454,92.29062,0.0,98.667046,-11.371892,0.0
-31.170622,21.636032,0.0,-87.84899,-71.02712,0.0,-1.9474529,-91.6119,0.0
11.016506,7.713152,0.0,47.58281,20.726236,0.0,18.181845,95.35267,0.0
6.933664,-80.0254,0.0,7.0101724,-77.01404,0.0,-90.779785,20.579773,0.0
63.100784,34.60529,0.0,90.91961,-72.38198,0.0,-12.57806,25.575928,0.0
-32.886673,-53.66857,0.0,97.3949,98.38862,0.0,-87.40238,2.2836192,0.0
46.290184,78.83134,0.0,14.33051,-0.703969,0.0,26.469536,-39.596466,0.0
-95.33129,90.40203,0.0,15.521052,-50.081,0.0,-28.636358,4.048605,0.0
-33.391796,11.453862,0.0,29.809324,76.068794,0.0,-33.72243,-75.21565,0.0
94.04429,21.786253,0.0,-86.71258,-51.710155,0.0,63.099144,17.837267,0.0
-95.815605,86.608604,0.0,90.94107,-20.798315,0.0,-81.70259,67.88397,0.0
-41.622597,-93.611,0.0,73.60058,-85.69023,0.0,-96.666016,-66.53145,0.0
2.086528,30.060251,0.0,-77.64792,85.72554,0.0,-82.962326,17.536705,0.0
34.25536,-76.508514,0.0,-93.91762,28.810734,0.0,68.411964,7.178645,0.0
-66.811676,-89.565506,0.0,-35.132103,-36.47405,0.0,-50.54687,-35.506886,0.0
-40.020924,-63.150032,0.0,94.92402,-9.813206,0.0,44.64899,-50.382866,0.0
91.53537,46.837852,0.0,37.055458,-93.79398,0.0,-33.51834,-52.3771,0.0
-23.796797,27.911743,0.0,51.91273,-89.00116,0.0,-36.473156,82.451225,0.0
-93.17438,-43.187668,0.0,-35.05877,-25.212526,0.0,15.022225,15.908175,0.0
90.1263,-21.611742,0.0,-8.738711,33.36182,0.0,-79.175835,-24.236284,0.0
-85.263954,-5.5530624,0.0,-23.893267,75.22047,0.0,87.62009,75.44315,0.0
-36.18413,19.243439,0.0,46.979946,20.658964,0.0,-19.227432,91.762886,0.0
53.81199,99.017265,0.0,15.3257065,-39.037785,0.0,-34.438858,46.349083,0.0
-29.732704,-16.442017,0.0,-48.01982,66.2432,0.0,-46.3839,83.81358,0.0
-96.280235,-20.592295,0.0,-96.771935,-40.279488,0.0,0.020253725,83.46856,0.0
10.44332,5.3760753,0.0,63.15288,-60.33449,0.0,25.091976,-90.885925,0.0
15.204387,-28.066011,0.0,-53.79135,-44.388145,0.0,-43.051743,3.7897234,0.0
-77.65878,-36.14175,0.0,64.2624,60.35259,0.0,50.629986,-25.805174,0.0
14.072584,27.551928,0.0,-25.809454,-41.61881,0.0,-89.236275,39.432987,0.0
-5.3883147,-93.43228,0.0,59.67378,43.293575,0.0,51.374714,-33.235077,0.0
98.9643,-33.96746,0.0,78.567116,1.3215505,0.0,-50.80223,25.107464,0.0
-79.6637,-57.660385,0.0,94.66745,-60.274345,0.0,53.29268,40.490498,0.0
3.5023687,8.129115,0.0,95.50726,27.874012,0.0,35.945354,-79.07735,0.0
96.11387,-47.203682,0.0,-22.900011,-20.292885,0.0,-35.79318,25.465237,0.0
-29.979702,-75.67046,0.0,-94.9945,3.633076,0.0,28.719934,-3.5842931,0.0
-80.61197,-50.308025,0.0,40.597836,-84.55611,0.0,20.727625,-24.162039,0.0
26.76463,-34.330486,0.0,63.214558,28.400068,0.0,56.792393,-59.913834,0.0
66.110176,94.23975,0.0,-17.6229,28.666328,0.0,-87.89442,34.579437,0.0
-66.11573,-86.29014,0.0,-26.225946,-91.29068,0.0,-61.112263,85.61828,0.0
-85.83699,54.208714,0.0,17.564547,34.89776,0.0,-15.60791,-46.287712,0.0
14.982129,10.063805,0.0,-32.397854,29.982765,0.0,42.052223,-94.26213,0.0
30.600256,-42.88727,0.0,40.30533,-52.067593,0.0,8.562192,-51.899895,0.0
-38.324425,-92.59613,0.0,71.39355,15.125141,0.0,-28.28486,-42.256123,0.0
-44.486694,-39.763634,0.0,48.341187,76.563095,0.0,32.891804,27.823666,0.0
50.226807,20.232676,0.0,-49.314716,84.438576,0.0,-87.628716,-6.4341254,0.0
65.36088,-98.987915,0.0,56.665676,-98.901955,0.0,-84.23169,-18.449892,0.0
85.97349,91.60905,0.0,-91.42834,76.310814,0.0,29.084755,-17.110138,0.0
-43.935085,-0.42167765,0.0,-36.21047,22.643463,0.0,-92.53149,0.49017158,0.0
-95.04794,57.53048,0.0,9.785309,86.33908,0.0,-49.61893,40.528706,0.0
-23.28126,24.748934,0.0,-76.29904,-17.78717,0.0,-81.8628,35.421486,0.0
-9.501511,-34.244755,0.0,77.17861,-80.87252,0.0,90.256386,43.921135,0.0
8.494333,-51.242912,0.0,69.87113,88.731514,0.0,64.28063,-10.859286,0.0
-87.38751,-9.477234,0.0,51.77175,54.587044,0.0,59.438725,-82.422226,0.0
27.623243,-96.25183,0.0,-83.967094,-79.01212,0.0,-96.17527,62.05706,0.0
-99.10072,-77.10648,0.0,30.765335,-78.22421,0.0,-98.192894,-63.61955,0.0
-0.14150871,29.453527,0.0,98.1896,-48.32152,0.0,-23.835407,89.87022,0.0
90.77484,44.623924,0.0,-39.677357,-26.831266,0.0,81.69966,92.79927,0.0
16.417435,33.740147,0.0,-72.793396,77.69793,0.0,-37.131027,95.57399,0.0
28.925299,-37.15273,0.0,-79.30088,-70.02566,0.0,-80.86429,38.298214,0.0
19.169466,90.703575,0.0,9.603057,-79.158104,0.0,18.728073,17.067732,0.0
-35.75175,-17.310244,0.0,65.54836,-1.7723389,0.0,46.716965,-54.61426,0.0
61.63325,70.00515,0.0,90.80702,37.666626,0.0,57.945576,42.458065,0.0
-36.371574,-58.64294,0.0,-83.53546,99.11391,0.0,-7.536728,33.500286,0.0
-83.343346,71.503876,0.0,29.968489,-49.568043,0.0,-78.26112,37.591255,0.0
-67.250565,-84.217995,0.0,99.05383,11.20776,0.0,28.652277,19.368093,0.0
-61.64195,-99.198166,0.0,-32.010483,-25.622557,0.0,49.823597,21.81064,0.0
22.57072,-94.672966,0.0,-29.003592,-96.72186,0.0,-93.28447,-5.0752497,0.0
77.79542,85.69602,0.0,21.928167,-15.567474,0.0,-8.2597885,-42.760548,0.0
-83.26658,-31.70345,0.0,-30.207132,-1.3133228,0.0,-32.100395,26.09191,0.0
56.420624,-95.14826,0.0,-89.33376,5.077503,0.0,-39.49731,-86.95045,0.0
-2.684576,77.474174,0.0,3.4239185,-30.330856,0.0,-97.75821,51.36088,0.0
-15.354658,76.9784,0.0,-89.805504,-22.688293,0.0,35.020786,29.37418,0.0
-28.876694,-88.006424,0.0,-19.896994,94.22178,0.0,-70.732956,-87.675125,0.0
-49.533478,42.18718,0.0,57.32123,-49.993748,0.0,97.48672,45.166103,0.0
-77.788994,35.327473,0.0,62.487286,-99.23438,0.0,-54.64521,10.203851,0.0
-35.43395,31.686571,0.0,-37.330685,-12.101971,0.0,16.72439,-49.90796,0.0
-0.7045511,76.059814,0.0,55.814552,-83.507385,0.0,27.167055,84.10084,0.0
-36.60039,19.575323,0.0,-91.02534,-19.570183,0.0,-90.6073,-55.351765,0.0
-37.346584,-60.59935,0.0,-54.39519,20.033745,0.0,-31.882587,87.48247,0.0
-93.27059,78.2093,0.0,62.107624,-85.82379,0.0,-78.250404,-34.474327,0.0
-57.620514,-80.440834,0.0,25.298717,-50.40715,0.0,87.20287,-95.908005,0.0
4.646908,31.651136,0.0,-3.6998796,28.61948,0.0,99.94508,56.785156,0.0
91.84611,58.436134,0.0,90.110275,-37.053867,0.0,54.564137,78.93868,0.0
-36.200043,51.590534,0.0,4.0534396,-44.234314,0.0,-8.604663,76.89988,0.0
-2.403799,88.97897,0.0,-53.024494,-42.1587,0.0,40.91768,82.42008,0.0
-11.086999,77.83341,0.0,-40.320904,-5.09372,0.0,18.851042,-84.34776,0.0
-76.586754,53.31919,0.0,69.037285,-32.771053,0.0,76.264496,30.132654,0.0
-88.88718,40.85028,0.0,-38.12057,52.924885,0.0,32.06822,-84.50096,0.0
-94.734695,-9.443899,0.0,65.29564,48.86379,0.0,-47.34475,-15.823656,0.0
-83.69376,7.785718,0.0,-92.96357,70.17607,0.0,97.85757,78.81087,0.0
50.134686,15.533561,0.0,-32.087757,-60.97134,0.0,98.09576,78.06278,0.0
-96.08628,12.241575,0.0,86.875984,6.3482656,0.0,54.261326,-94.116554,0.0
98.48307,37.96248,0.0,-91.92137,47.496796,0.0,-77.55792,-27.830698,0.0
2.157417,79.434906,0.0,-87.411415,81.15238,0.0,-55.572247,98.88393,0.0
88.67437,-84.350426,0.0,54.54818,43.24348,0.0,-41.363297,32.923565,0.0
-34.49634,-70.084564,0.0,64.60844,-97.61226,0.0,-83.158035,94.497604,0.0
-28.270561,15.80176,0.0,-21.19661,23.785406,0.0,-86.51087,90.74995,0.0
-17.914604,-29.091526,0.0,56.11452,-87.80788,0.0,-63.881348,-77.94794,0.0
-60.112247,84.72783,0.0,98.072426,84.04426,0.0,61.936832,83.29124,0.0
59.255394,35.794624,0.0,-40.565636,-9.676091,0.0,-42.56296,-58.64448,0.0
-10.484484,-84.1373,0.0,-0.3604314,89.68926,0.0,-29.343712,-2.1756418,0.0
64.76586,-49.14986,0.0,-67.52795,-93.19374,0.0,10.657561,12.131663,0.0
-32.49544,-66.31556,0.0,-98.11916,81.85974,0.0,81.67904,-94.85382,0.0
-80.27818,-40.105133,0.0,-2.393568,-36.841793,0.0,-83.34073,19.216673,0.0
61.361233,-57.280354,0.0,-91.02834,-29.056246,0.0,-23.334116,-97.359604,0.0
-81.53481,96.92318,0.0,-83.33766,75.1941,0.0,18.371517,-22.284346,0.0
98.08185,88.96149,0.0,99.77721,40.377575,0.0,-43.63954,-19.251211,0.0
89.98078,29.194847,0.0,-77.489075,-31.510115,0.0,36.35936,-98.28875,0.0
-69.276886,84.22984,0.0,-19.72754,-46.88593,0.0,-85.350334,19.526674,0.0
-17.272802,-89.37617,0.0,-49.08655,74.56994,0.0,73.14921,-95.06507,0.0
91.8269,-84.15983,0.0,-46.986336,19.641674,0.0,-77.28482,37.00754,0.0
-32.893333,87.98031,0.0,-80.25893,-39.92087,0.0,97.76367,-76.45407,0.0
54.728065,59.416744,0.0,96.301544,70.483444,0.0,52.357372,81.23981,0.0
-51.172855,-4.816793,0.0,-81.96546,-86.10021,0.0,-88.38387,-48.54648,0.0
8.117929,-45.297253,0.0,96.85287,38.891914,0.0,-40.211178,-51.122593,0.0
-1.5271596,78.22335,0.0,-48.986,-43.809044,0.0,82.397964,-84.13187,0.0
-76.27329,40.161453,0.0,23.597063,7.1773148,0.0,-9.928441,31.578342,0.0
23.021059,-18.932667,0.0,11.709334,7.6621785,0.0,-38.975735,38.27605,0.0
-29.068851,-50.39806,0.0,63.339382,22.31211,0.0,-48.25122,62.89426,0.0
-97.47142,-37.63326,0.0,-44.65342,25.85528,0.0,-54.18119,-56.97928,0.0
-92.84202,42.689537,0.0,-8.54487,9.722099,0.0,62.863167,38.381916,0.0
32.462322,32.316463,0.0,48.136364,-52.108955,0.0,-17.522366,95.71456,0.0
-79.38355,-53.791626,0.0,-92.77768,97.12524,0.0,-44.957863,-51.823242,0.0
59.125603,3.2260153,0.0,-96.44554,29.294836,0.0,4.1479692,-48.11106,0.0
-92.187164,-28.621445,0.0,4.8086414,-80.89711,0.0,1.0128809,12.846236,0.0
53.49303,34.60703,0.0,-19.69367,-27.29789,0.0,-5.3867817,-79.486496,0.0
-22.774744,-22.76079,0.0,52.709633,92.0651,0.0,-31.485062,-6.287229,0.0
-30.446821,-31.247013,0.0,-36.506985,40.73928,0.0,18.727934,-51.127975,0.0
31.742685,-76.87549,0.0,37.773235,28.192354,0.0,96.95737,-58.64492,0.0
-40.12814,84.461266,0.0,52.2136,-19.815872,0.0,-48.82956,-93.22838,0.0
64.11793,97.15426,0.0,-82.837105,28.0533,0.0,-50.398296,5.5958433,0.0
-75.05435,71.25489,0.0,58.729595,25.10156,0.0,-25.487696,-22.168228,0.0
15.281629,-26.146376,0.0,-94.08678,-16.958605,0.0,60.56675,-69.79411,0.0
-79.418755,-28.371157,0.0,8.961433,-45.254013,0.0,54.909306,52.068146,0.0
-15.635647,-84.28011,0.0,-78.27641,-14.979411,0.0,-10.012192,-86.2203,0.0
-89.68662,81.994965,0.0,-98.30542,-10.263496,0.0,-24.13478,95.051216,0.0
-76.64037,-56.443577,0.0,-46.22654,-6.9045386,0.0,-4.4034696,24.33842,0.0
-51.128494,-65.3035,0.0,62.282806,94.57757,0.0,-75.46235,-92.21159,0.0
66.88387,0.7900744,0.0,-26.25026,-3.3617115,0.0,80.572845,-82.4078,0.0
-3.1441815,-87.939186,0.0,83.13489,-81.96286,0.0,-78.4322,-51.502304,0.0
91.12262,-71.770256,0.0,61.150455,-91.00839,0.0,84.45956,-98.3114,0.0
-37.369415,-13.229274,0.0,-42.927944,-99.486465,0.0,-34.173546,62.019882,0.0
65.74942,-78.70503,0.0,32.530106,-88.56847,0.0,62.265892,96.48373,0.0
-76.29601,77.784805,0.0,12.502313,86.44152,0.0,69.6042,4.856943,0.0
8.56445,29.838428,0.0,-62.190792,98.66027,0.0,-48.569664,63.66419,0.0
-54.391174,-76.12207,0.0,-63.85112,-76.078384,0.0,34.29066,92.783844,0.0
38.017376,92.19656,0.0,37.12107,98.55555,0.0,-48.37362,-61.07151,0.0
-13.104168,22.123713,0.0,99.9327,11.470899,0.0,39.500504,80.35399,0.0
-54.29929,-81.89502,0.0,-97.275024,22.52503,0.0,-37.57217,5.8839393,0.0
-82.37402,-62.709652,0.0,94.603775,-94.40483,0.0,-4.6218953,-36.30747,0.0
-43.80083,-78.213135,0.0,96.498085,-50.10445,0.0,40.871143,-75.90963,0.0
-34.731068,63.845123,0.0,22.321358,-38.568108,0.0,-77.33632,57.434067,0.0
-65.935715,-95.72085,0.0,-54.37365,81.425766,0.0,-38.838566,-33.460766,0.0
-14.025845,-33.09438,0.0,61.721546,73.794395,0.0,-41.73536,-7.1014247,0.0
59.646534,-67.482956,0.0,18.17371,-44.03373,0.0,-22.917315,-42.50527,0.0
-23.056171,79.31989,0.0,-44.166737,-14.575487,0.0,1.501803,-95.896545,0.0
86.163506,91.939186,0.0,28.240316,77.98537,0.0,-21.801716,-83.17412,0.0
98.01533,-95.59604,0.0,-53.545948,26.536032,0.0,95.06158,62.996197,0.0
98.41737,93.037575,0.0,-27.433441,-27.15831,0.0,-41.350178,89.913284,0.0
-34.080547,-51.652905,0.0,56.195396,40.36802,0.0,0.5571697,-39.6664,0.0
-80.583984,65.50177,0.0,-84.276794,32.760105,0.0,-95.20025,-98.24606,0.0
-0.66747886,-92.970856,0.0,13.7194,10.974401,0.0,16.77877,-0.62359565,0.0
82.11977,16.984453,0.0,86.150795,95.93872,0.0,1.3599175,-84.417274,0.0
-40.07056,93.95595,0.0,-54.944153,-35.567883,0.0,-21.276407,20.434177,0.0
93.58277,-95.50952,0.0,81.187904,30.358786,0.0,95.60467,55.75248,0.0
-82.99351,72.668465,0.0,-0.18538599,90.775856,0.0,7.8586516,-52.928734,0.0
50.162865,-25.26588,0.0,-89.87029,-95.62161,0.0,-96.29167,-24.014202,0.0
6.397327,-95.912056,0.0,-97.717415,7.0009937,0.0,-86.78534,72.100746,0.0
-54.602264,-83.82807,0.0,59.823048,-36.186745,0.0,18.79085,-76.371254,0.0
-22.435492,-24.214108,0.0,-81.21821,-45.303085,0.0,41.824276,91.82062,0.0
-25.67711,93.89761,0.0,52.801853,36.31122,0.0,27.234755,79.663155,0.0
-99.044556,-34.063084,0.0,62.51547,95.386894,0.0,91.77022,50.010933,0.0
54.58679,-32.6211,0.0,-82.53614,-44.21967,0.0,31.274668,-84.46346,0.0
64.86481,-39.57573,0.0,-36.277397,-27.062046,0.0,-7.2022185,31.537212,0.0
48.877773,84.799286,0.0,74.411095,-94.31013,0.0,-78.82226,85.35468,0.0
-43.399242,-39.101883,0.0,81.48107,-85.04801,0.0,-89.75276,-30.375843,0.0
66.48472,-28.678856,0.0,-58.9934,95.67491,0.0,-17.778208,-32.372864,0.0
98.57365,-43.89778,0.0,-72.76925,98.851906,0.0,-77.63416,-45.53672,0.0
30.258842,-53.26641,0.0,29.324818,17.499537,0.0,-52.339996,74.58944,0.0
-37.61206,78.239845,0.0,-77.97445,45.485043,0.0,29.256971,19.804436,0.0
55.28103,80.48085,0.0,-33.553406,-2.9390736,0.0,-52.295284,-95.751564,0.0
-38.684864,-25.692593,0.0,24.779846,26.156734,0.0,-83.75974,62.692513,0.0
-52.861103,-27.341785,0.0,-75.19361,31.57493,0.0,65.153305,-25.30006,0.0
-33.358574,-68.61466,0.0,13.674097,-99.44023,0.0,59.7341,54.98172,0.0
6.4415407,-43.321564,0.0,-99.1527,-14.635932,0.0,-8.028563,21.905704,0.0
-80.27763,82.698975,0.0,-52.591476,67.28083,0.0,-38.489704,-98.40462,0.0
-18.775776,-80.49953,0.0,-34.09662,-12.384592,0.0,-13.036962,-37.287395,0.0
-89.08813,83.66524,0.0,-69.937256,-97.65218,0.0,9.453986,5.520129,0.0
28.349386,-51.215107,0.0,-26.330246,-15.410372,0.0,61.606762,39.255997,0.0
-99.06552,-6.726987,0.0,-18.650402,-49.869987,0.0,-84.45938,13.860054,0.0
-99.269196,-32.946358,0.0,-76.98839,-72.541046,0.0,-36.18326,-61.447933,0.0
-85.36935,-84.0296,0.0,-47.939114,-73.81184,0.0,42.98212,29.76447,0.0
-99.62406,-31.974604,0.0,-7.5954633,29.126568,0.0,56.35416,43.915943,0.0
-47.170563,-35.883728,0.0,-32.219654,75.7178,0.0,-35.88871,-95.47532,0.0
-40.79285,-23.074364,0.0,-63.51395,83.88883,0.0,66.66301,34.70075,0.0
-76.73173,-52.674408,0.0,27.305916,11.333259,0.0,40.6952,22.849045,0.0
20.740965,-30.552305,0.0,90.5069,-81.7581,0.0,32.209236,-91.45025,0.0
51.543674,-83.35894,0.0,-49.88226,-30.355427,0.0,-98.49644,-6.661315,0.0
61.83742,13.036156,0.0,-41.309258,-37.041767,0.0,-83.524086,-10.085542,0.0
42.15657,-83.29716,0.0,-60.52974,76.76095,0.0,-54.292065,55.267612,0.0
58.667927,-70.56746,0.0,-64.20244,-88.79994,0.0,98.330894,65.1402,0.0
96.26117,-41.023514,0.0,15.687015,17.359339,0.0,71.1265,-79.100685,0.0
-31.427782,-4.89346,0.0,-68.83218,-78.83731,0.0,56.125645,-44.502357,0.0
55.76914,-92.30988,0.0,53.985977,-36.07414,0.0,4.3654447,9.956139,0.0
8.408517,5.8605742,0.0,58.772976,-85.98293,0.0,-46.53702,-34.444336,0.0
87.40589,1.7571886,0.0,52.62949,84.28084,0.0,-87.70253,71.54818,0.0
-7.9512296,25.778572,0.0,62.377808,-9.315089,0.0,-44.226803,-63.857296,0.0
76.732216,4.178462,0.0,42.926796,88.25171,0.0,52.9889,39.613636,0.0
-41.02393,34.469696,0.0,-85.1587,-67.0911,0.0,-48.18838,-2.0713892,0.0
-27.30632,-10.451793,0.0,56.94889,-94.30297,0.0,11.25777,97.29577,0.0
-30.305237,78.35903,0.0,-45.611702,-53.516994,0.0,84.58552,-88.91736,0.0
-27.108,11.302116,0.0,-79.07047,-71.81365,0.0,61.76564,2.0013223,0.0
99.4995,-3.09598,0.0,65.14736,83.31256,0.0,56.766632,-5.6026525,0.0
-38.711494,-25.706812,0.0,64.584785,60.583298,0.0,-23.992779,77.65848,0.0
-41.599144,43.260685,0.0,-49.274075,-9.396217,0.0,51.628227,60.618275,0.0
11.241662,6.8663874,0.0,80.2018,21.055246,0.0,-79.29167,-6.8569202,0.0
93.16291,8.7608795,0.0,16.002916,-3.8923376,0.0,89.857704,91.22311,0.0
51.447548,-22.7952,0.0,-2.6909246,31.050798,0.0,-87.36962,60.939205,0.0
-30.31991,49.538876,0.0,-26.624077,-27.810017,0.0,62.137997,73.602936,0.0
77.86127,79.90356,0.0,-27.824688,8.962758,0.0,-45.257618,-72.30459,0.0
-88.40843,-43.832054,0.0,-35.61377,-5.4254823,0.0,18.926773,11.452666,0.0
-98.343834,-57.718685,0.0,-30.997446,-61.533176,0.0,78.886055,33.0728,0.0
-49.720634,10.930187,0.0,62.813854,-69.35532,0.0,14.843771,-33.13802,0.0
74.72213,-92.274956,0.0,-97.41054,-42.36564,0.0,55.23711,2.1282618,0.0
94.51771,-29.341228,0.0,-47.561768,-55.624634,0.0,-52.90174,-19.719572,0.0
-37.66351,-69.452484,0.0,-34.69846,-71.91914,0.0,-35.881855,-49.97889,0.0
-27.509918,25.605558,0.0,25.16706,-8.051058,0.0,46.599316,-90.86924,0.0
68.31091,-68.73563,0.0,-33.886322,39.31126,0.0,-27.688616,-27.92693,0.0
-91.76403,-23.804882,0.0,3.462727,-29.699839,0.0,58.802788,72.94654,0.0
55.27307,-84.863625,0.0,-26.93144,-81.188385,0.0,93.54218,93.26898,0.0
-49.390335,1.457135,0.0,-82.0561,-47.331852,0.0,24.669966,-0.71694183,0.0
14.666169,-19.300554,0.0,-52.65986,2.9894552,0.0,46.93791,-44.505424,0.0
-85.3592,66.767624,0.0,90.75673,75.23661,0.0,-23.76892,4.661802,0.0
75.330505,86.16344,0.0,-40.597336,-74.526215,0.0,22.75527,-95.33601,0.0
-43.470554,13.072184,0.0,-50.979935,-70.815704,0.0,21.084509,17.374683,0.0
69.08791,36.208054,0.0,-49.42422,-33.975372,0.0,99.945946,-63.44742,0.0
85.11397,-77.666115,0.0,-64.47134,-85.59274,0.0,59.240395,-7.1907587,0.0
-24.853287,-90.12471,0.0,-98.38843,-59.509617,0.0,-41.739742,-79.13594,0.0
50.369614,34.85121,0.0,60.701744,-84.92689,0.0,37.115788,93.72604,0.0
-78.51035,93.414215,0.0,-95.18025,65.66215,0.0,-34.833603,-84.19413,0.0
99.43605,43.821495,0.0,95.48182,5.6695724,0.0,68.61249,-44.52737,0.0
-42.040485,20.172089,0.0,74.65347,-91.7942,0.0,42.44687,87.70286,0.0
41.125095,-84.035965,0.0,-31.476757,70.830185,0.0,-37.972485,-85.68209,0.0
-98.17806,-98.30821,0.0,-90.660126,95.67149,0.0,62.170204,8.305414,0.0
17.180702,76.49013,0.0,-2.860805,-35.902996,0.0,-29.71145,-89.42144,0.0
94.541,-71.90827,0.0,-82.52952,-34.450066,0.0,96.03422,66.49891,0.0
-48.641834,66.911644,0.0,55.27273,-2.1963217,0.0,27.30584,-12.424102,0.0
-8.700847,23.828514,0.0,64.192604,52.704895,0.0,-10.667066,-82.412506,0.0
-33.70073,9.576901,0.0,8.444745,-52.693832,0.0,97.74518,-86.37056,0.0
68.81004,49.593643,0.0,-35.756905,-62.92721,0.0,55.88025,90.23199,0.0
65.234085,66.65337,0.0,16.465147,6.2090926,0.0,59.815445,5.243272,0.0
67.6831,-60.634712,0.0,-48.21739,4.3342376,0.0,-36.054726,70.40327,0.0
24.393263,-89.02449,0.0,-39.42846,-74.13784,0.0,20.357891,23.3002,0.0
65.60631,81.07773,0.0,-42.68106,-63.51095,0.0,32.894108,23.330118,0.0
-24.04602,-41.952896,0.0,-14.597079,-45.68753,0.0,51.127487,34.27673,0.0
82.06819,2.5053825,0.0,83.37751,21.01969,0.0,13.3321905,-81.48103,0.0
-53.68132,9.389733,0.0,54.66062,-89.28332,0.0,-28.72746,25.052332,0.0
-2.3441663,85.981766,0.0,-86.069626,-34.17907,0.0,-6.876296,16.684633,0.0
-43.596226,4.01665,0.0,-53.26261,-39.715927,0.0,-82.646576,-63.674778,0.0
-15.017594,89.31478,0.0,33.763424,85.988365,0.0,88.03868,-77.65831,0.0
-53.427155,13.470209,0.0,-52.002502,57.675255,0.0,-87.40411,30.126438,0.0
-40.609344,35.76274,0.0,-18.507504,78.426735,0.0,-6.354121,85.21735,0.0
-41.938503,-77.80424,0.0,-39.979393,78.2999,0.0,-53.75274,-66.23393,0.0
28.5727,4.8714666,0.0,91.62855,83.62561,0.0,-15.529198,-84.34607,0.0
-43.676556,-63.25552,0.0,-30.705225,3.0476406,0.0,19.998522,-46.17044,0.0
47.43645,26.316406,0.0,-45.516193,-95.913956,0.0,-67.146,-82.60878,0.0
-16.7414,27.55544,0.0,63.344406,-91.06125,0.0,-36.954796,-30.839191,0.0
-20.752928,12.620567,0.0,-36.531586,77.588326,0.0,-91.86013,10.773541,0.0
38.803116,-75.31331,0.0,-70.92521,75.10803,0.0,90.24269,36.27546,0.0
-52.77225,39.106262,0.0,38.016624,24.23482,0.0,55.1047,8.193897,0.0
90.13889,22.789127,0.0,98.49351,-70.23603,0.0,-19.67774,21.312925,0.0
-43.717823,47.35375,0.0,20.67846,-20.999552,0.0,62.10251,-59.553986,0.0
-5.909877,-33.34888,0.0,-49.12805,-81.94951,0.0,-52.961823,-31.42896,0.0
-63.98558,91.12582,0.0,58.82516,92.15783,0.0,-42.095116,94.98523,0.0
66.41382,0.8155244,0.0,-55.598976,-88.32474,0.0,-84.609085,24.886896,0.0
-80.89975,36.849873,0.0,-48.51013,67.09895,0.0,66.51411,92.22913,0.0
-96.63924,93.84577,0.0,-2.9036875,76.051956,0.0,80.45554,98.354744,0.0
-45.807995,86.32806,0.0,-18.842667,21.943842,0.0,38.91319,86.48066,0.0
92.007195,-48.246185,0.0,-30.610683,-84.0452,0.0,60.147034,-21.90654,0.0
17.882751,82.168755,0.0,55.915054,37.249104,0.0,-2.3035307,-47.21434,0.0
53.348137,-69.95852,0.0,-19.05878,8.269779,0.0,12.614506,77.57788,0.0
-3.3892744,16.350582,0.0,-97.00961,22.495634,0.0,67.08015,-79.42119,0.0
-40.065186,-44.38451,0.0,42.05112,92.46392,0.0,60.69431,-86.321495,0.0
89.01258,7.7539124,0.0,-99.11456,9.513129,0.0,-53.276894,-67.48723,0.0
68.06371,52.53498,0.0,-95.65247,-10.415795,0.0,-62.10641,84.58032,0.0
-28.577103,93.59127,0.0,-19.750282,98.318,0.0,-90.643135,64.42958,0.0
38.59602,-52.492737,0.0,98.403694,-24.02625,0.0,-6.156282,23.536455,0.0
88.77213,27.731455,0.0,-40.71929,-76.74838,0.0,51.66533,39.034065,0.0
-75.16278,38.42691,0.0,15.723721,-83.01898,0.0,87.859665,22.461246,0.0
96.76733,-91.408,0.0,18.89064,18.694836,0.0,52.064705,57.038433,0.0
-99.00392,87.511,0.0,-23.898663,-82.74134,0.0,52.814625,-79.892334,0.0
-30.05045,6.1454473,0.0,-46.72348,42.686314,0.0,-42.629345,-33.331863,0.0
88.19402,-94.91177,0.0,5.081178,26.419815,0.0,-57.91838,99.9044,0.0
46.143745,-97.058334,0.0,92.96056,54.97505,0.0,-27.993559,29.834341,0.0
36.352234,-79.0742,0.0,98.974236,-47.41693,0.0,-82.634865,-7.724838,0.0
31.555326,96.71253,0.0,-17.86613,-92.316605,0.0,34.8721,31.654625,0.0
65.80984,35.92128,0.0,52.736706,-20.455484,0.0,93.338234,96.69977,0.0
50.822987,48.431606,0.0,-50.113956,60.20913,0.0,-36.63729,-10.241791,0.0
24.702574,1.5272516,0.0,64.13449,-6.5127764,0.0,-84.63487,-93.44217,0.0
-81.510796,-84.18637,0.0,-54.335503,-42.830387,0.0,51.966938,-48.16358,0.0
97.54014,-19.643206,0.0,25.74873,-96.271935,0.0,17.730133,21.039024,0.0
-65.1767,76.826904,0.0,-52.618763,74.19937,0.0,-51.623627,-69.013695,0.0
27.299202,86.84231,0.0,-30.797636,-98.54323,0.0,65.50504,79.85766,0.0
90.09176,39.89242,0.0,-80.579315,-5.4454107,0.0,-41.870018,65.1733,0.0
96.81335,34.972595,0.0,90.52265,67.89061,0.0,-79.047325,-87.64388,0.0
19.535265,75.47991,0.0,-95.81231,-40.416527,0.0,18.753008,-17.661058,0.0
2.0360742,28.832249,0.0,53.05364,-28.224428,0.0,-93.492645,98.88412,0.0
65.40613,-45.331005,0.0,98.7393,-49.29837,0.0,27.71589,-85.903725,0.0
90.624176,40.854416,0.0,74.66213,-78.25593,0.0,61.395336,-60.6974,0.0
98.31135,-51.09741,0.0,75.92455,-76.78991,0.0,51.746387,32.151337,0.0
61.54537,-56.279705,0.0,-14.103131,-54.224113,0.0,46.67075,-87.94518,0.0
47.727383,91.893654,0.0,-81.16892,-92.9056,0.0,55.520782,-15.434038,0.0
62.89308,33.059093,0.0,-17.100836,17.13434,0.0,-37.49639,95.604126,0.0
-41.102562,12.401874,0.0,26.426588,11.025737,0.0,21.48271,-82.3896,0.0
-10.266693,93.33272,0.0,-46.388996,94.061676,0.0,-53.17476,32.201904,0.0
-75.548294,-91.507164,0.0,29.31065,76.39166,0.0,46.271114,97.2908,0.0
9.039253,-83.16668,0.0,-24.256636,-44.214344,0.0,-49.356552,16.122892,0.0
84.18243,27.040434,0.0,-23.01653,17.577938,0.0,61.0017,54.964745,0.0
90.66937,32.525898,0.0,-74.54417,-86.630486,0.0,61.166615,87.6415,0.0
88.86314,93.1091,0.0,-84.36747,90.081184,0.0,-39.85358,82.23997,0.0
96.39803,-54.937355,0.0,4.9368935,98.236115,0.0,62.815464,71.271805,0.0
-89.32454,-30.22087,0.0,90.94396,-70.682884,0.0,-86.87941,-16.81546,0.0
48.36434,-80.461685,0.0,-44.260067,-67.60093,0.0,40.356815,-95.89315,0.0
-46.25267,-14.247329,0.0,46.943047,88.7789,0.0,-43.72982,-82.47933,0.0
44.081074,82.872604,0.0,30.298122,23.855684,0.0,49.050034,92.3329,0.0
51.024933,33.277874,0.0,-87.90772,-85.61443,0.0,-76.79215,4.5407505,0.0
-42.537674,-31.646751,0.0,82.09101,-93.8506,0.0,59.580982,-47.110878,0.0
34.709183,-47.435234,0.0,-80.85768,39.780045,0.0,-9.026713,30.136028,0.0
-21.966782,-93.134254,0.0,-18.3735,76.668236,0.0,55.036892,86.553215,0.0
-36.71212,-23.993168,0.0,-34.370506,-99.211975,0.0,93.47633,74.63884,0.0
2.2823944,34.166702,0.0,-81.27834,-45.60763,0.0,-77.06347,-46.560555,0.0
63.618893,1.3680999,0.0,-4.1248035,-86.35973,0.0,9.42522,28.22532,0.0
16.95513,99.82417,0.0,-45.03489,10.580822,0.0,-89.92413,12.773853,0.0
-23.085512,12.024902,0.0,0.5633931,-48.32327,0.0,-34.29373,54.94759,0.0
-87.23301,1.1106266,0.0,11.43588,-91.35301,0.0,70.19213,17.173058,0.0
63.676113,46.05673,0.0,-32.912933,85.56538,0.0,-51.635357,81.18301,0.0
53.06589,55.31567,0.0,-48.78202,35.272644,0.0,14.238621,-27.789295,0.0
-33.31316,-79.35521,0.0,13.322483,20.120169,0.0,-51.987755,-52.971127,0.0
-38.52899,88.86535,0.0,-76.4876,-10.28061,0.0,-87.67036,-17.182768,0.0
65.8797,-45.33545,0.0,-38.613087,70.77751,0.0,54.256275,-95.44507,0.0
-1.6080657,28.69879,0.0,71.96009,81.376465,0.0,-10.44727,-29.311304,0.0
-50.65165,55.241222,0.0,-48.39679,-52.91118,0.0,21.373756,-29.815464,0.0
-92.39263,-38.927605,0.0,-78.33783,77.18547,0.0,26.670736,16.054668,0.0
-74.349686,-76.0974,0.0,-14.836897,7.9662027,0.0,-53.418755,23.998081,0.0
-31.849976,-60.477238,0.0,-78.255844,-23.035458,0.0,-47.438026,-57.790974,0.0
76.3957,87.16152,0.0,-23.650572,19.97718,0.0,98.11224,68.593025,0.0
-36.327675,26.72877,0.0,50.98265,64.90365,0.0,-42.300983,-70.17825,0.0
97.847984,-97.76627,0.0,31.429577,-42.35478,0.0,-75.9084,-17.807636,0.0
-36.187534,-40.697926,0.0,93.56683,82.37624,0.0,-54.195824,-26.04517,0.0
-30.242167,77.42242,0.0,-48.86538,23.49221,0.0,-99.69733,-33.54987,0.0
22.863852,-16.409698,0.0,-79.226494,4.5746784,0.0,42.663727,28.725613,0.0
-98.50841,-34.11493,0.0,27.065441,-2.2197428,0.0,-37.786373,-0.40535718,0.0
-92.435356,74.44506,0.0,-18.031378,80.958206,0.0,80.61127,-79.02587,0.0
-36.116745,90.24972,0.0,-47.81898,-57.844284,0.0,-11.750273,17.946392,0.0
29.549513,-26.0675,0.0,65.77891,-67.95874,0.0,12.696923,17.536638,0.0
-46.33087,75.30326,0.0,48.33094,86.59106,0.0,55.025177,13.427614,0.0
34.05571,85.22093,0.0,-51.42026,93.76096,0.0,59.123215,-54.181156,0.0
-8.816494,82.06038,0.0,9.354711,-78.63362,0.0,-91.58987,-22.06236,0.0
23.898949,-46.77904,0.0,-6.7132826,76.63287,0.0,39.002434,-81.71543,0.0
94.68856,25.4119,0.0,-87.94528,-55.71341,0.0,65.51197,48.655636,0.0
-7.433054,98.9435,0.0,72.97192,94.406006,0.0,-15.577356,80.42229,0.0
83.180565,-90.51921,0.0,94.19539,52.29921,0.0,-7.4413104,-92.90649,0.0
99.51315,51.455395,0.0,66.80568,35.51716,0.0,-32.90886,28.84719,0.0
26.277182,-23.894487,0.0,26.83464,-94.25908,0.0,19.219309,-84.315414,0.0
12.006682,5.144174,0.0,32.295303,-95.668236,0.0,-1.9634014,-82.610016,0.0
-4.1465497,-47.05668,0.0,-5.075155,-34.659786,0.0,-36.502865,-69.10123,0.0
-45.89339,90.04994,0.0,63.21808,-97.17809,0.0,90.73049,98.31712,0.0
-84.990074,-67.93485,0.0,20.71563,81.34368,0.0,55.579987,92.57164,0.0
-7.707683,10.707131,0.0,-32.001568,-72.75771,0.0,-91.68118,-18.964012,0.0
-95.44534,-37.403614,0.0,53.25177,-49.941273,0.0,-62.227867,-92.65852,0.0
96.46558,-34.807182,0.0,-35.08695,-43.963997,0.0,-88.12204,-94.39887,0.0
23.690327,-8.090691,0.0,68.89994,-18.606304,0.0,-3.9034867,15.386214,0.0
-92.61394,28.98608,0.0,8.450098,-81.09112,0.0,26.179617,9.029308,0.0
-3.6146226,12.240365,0.0,55.43378,-0.97224575,0.0,60.888824,37.923862,0.0
16.186903,-33.09621,0.0,-84.69601,56.66251,0.0,11.950621,23.38938,0.0
-80.39642,-96.083565,0.0,29.482836,-26.382397,0.0,11.150584,-25.376945,0.0
48.03952,21.681068,0.0,43.12817,-82.98671,0.0,-28.478987,-7.523461,0.0
94.86801,-2.953302,0.0,-63.463783,85.70429,0.0,-17.02053,-28.220493,0.0
-47.172256,79.442116,0.0,63.588684,-37.748596,0.0,98.79678,13.764932,0.0
35.743134,93.1943,0.0,94.61211,-44.19118,0.0,-23.943272,-23.56748,0.0
-24.499409,-4.629958,0.0,-46.34702,80.65039,0.0,42.00751,-54.336945,0.0
-9.774654,29.979876,0.0,50.31386,20.80133,0.0,-8.421807,21.619246,0.0
5.5797334,-97.60345,0.0,83.936226,-90.85634,0.0,-93.93564,-68.10797,0.0
48.61546,-84.32609,0.0,58.824028,23.721466,0.0,-81.99242,-32.88348,0.0
91.17424,14.756424,0.0,-47.976288,-27.768496,0.0,-2.3923867,-40.706635,0.0
26.56345,-11.145704,0.0,53.558075,70.06311,0.0,-20.280865,80.21812,0.0
-98.98853,-73.65542,0.0,48.507275,94.55502,0.0,58.39748,50.965694,0.0
43.546368,-40.019238,0.0,69.01952,11.857032,0.0,-92.095024,54.100853,0.0
-95.82821,-14.569765,0.0,-31.851204,-21.599848,0.0,-42.54813,44.549305,0.0
-96.141464,90.64709,0.0,67.03609,-76.89059,0.0,16.38475,89.132515,0.0
-88.539764,-93.94705,0.0,58.643948,73.59065,0.0,-65.87762,99.049576,0.0
-85.6364,-18.43049,0.0,-40.01006,-7.86739,0.0,-96.25642,14.599977,0.0
91.948296,-90.09241,0.0,84.274284,87.61323,0.0,85.59667,99.95373,0.0
49.37658,96.81365,0.0,-89.92579,87.699844,0.0,-82.80562,25.570173,0.0
-95.55286,48.843258,0.0,38.752342,80.538605,0.0,81.02492,2.9041655,0.0
5.528284,-38.495197,0.0,57.713795,-29.982262,0.0,-85.16903,19.267227,0.0
-89.37931,-69.90785,0.0,-39.049484,50.552776,0.0,96.905525,-35.702553,0.0
56.080498,-53.10125,0.0,-53.034096,18.56669,0.0,49.18072,90.253,0.0
-93.74334,61.338547,0.0,-98.92179,67.8366,0.0,1.2613678,-83.52384,0.0
-79.48296,-67.4668,0.0,-39.96146,65.762085,0.0,91.40447,23.018774,0.0
-48.35537,-54.338753,0.0,76.193375,31.971731,0.0,97.861946,81.484314,0.0
-96.43031,71.85902,0.0,-40.99911,-98.72775,0.0,68.14085,2.1817186,0.0
-35.47491,-34.41647,0.0,66.19321,-94.62749,0.0,55.260372,-63.62921,0.0
37.559437,-76.41374,0.0,89.25438,27.335598,0.0,-65.35927,-78.284935,0.0
92.24293,9.780713,0.0,-42.339794,-27.261246,0.0,-32.767246,72.78741,0.0
-1.1392614,-76.156944,0.0,-50.120842,-65.06633,0.0,99.13092,43.281837,0.0
-82.98131,36.39961,0.0,-57.651215,85.57859,0.0,60.636646,-0.14068663,0.0
-89.23024,38.43214,0.0,-36.470543,-30.751196,0.0,-2.1589947,-91.83098,0.0
-35.071915,72.57603,0.0,58.347435,-1.8460442,0.0,-98.719345,87.24077,0.0
-14.235341,78.08395,0.0,-72.48354,89.20834,0.0,21.566547,-10.766839,0.0
30.189304,88.44092,0.0,-84.3223,-20.712646,0.0,-25.06359,94.70613,0.0
-95.46379,-1.3417568,0.0,-38.273243,-86.168304,0.0,4.505487,-97.10803,0.0
26.177883,-46.57351,0.0,-54.06705,-89.05216,0.0,8.500289,82.55474,0.0
-82.50474,-34.833794,0.0,98.943054,24.296753,0.0,25.108677,90.110085,0.0
-49.645535,27.110472,0.0,-98.80696,26.925764,0.0,94.13976,40.799065,0.0
21.397236,-42.08684,0.0,64.03378,99.153046,0.0,65.04621,78.34451,0.0
-36.619324,-83.28922,0.0,83.26647,-84.379906,0.0,33.44588,-93.22019,0.0
69.033134,35.7313,0.0,3.975676,-99.53458,0.0,92.43418,-0.33874586,0.0
-96.33737,15.070566,0.0,10.717139,80.7029,0.0,29.359388,-51.844994,0.0
-99.9025,25.767904,0.0,18.960115,82.93478,0.0,9.225589,-30.991947,0.0
-44.388355,-39.478283,0.0,-97.266914,0.31531408,0.0,-76.04431,-59.036743,0.0
57.05216,87.479744,0.0,-32.192356,61.41259,0.0,54.63024,-59.70752,0.0
59.820618,-70.359474,0.0,-14.004289,-47.235233,0.0,-88.934326,-79.12878,0.0
-57.805744,90.3969,0.0,-87.59614,80.93015,0.0,85.107086,88.03129,0.0
-95.81845,70.64942,0.0,-79.37316,31.55932,0.0,-83.158646,72.79782,0.0
-45.326126,17.991272,0.0,-45.01363,82.65367,0.0,30.450775,-41.035404,0.0
16.983875,-33.87555,0.0,-98.535934,43.07886,0.0,83.33032,93.2805,0.0
-53.63872,8.814522,0.0,56.08105,-92.7627,0.0,8.80546,-88.320145,0.0
-95.83588,43.55886,0.0,-53.078663,33.482075,0.0,-58.808525,-96.83913,0.0
-75.01443,-53.81326,0.0,-92.882935,81.73959,0.0,-84.415215,15.876508,0.0
-79.859474,-0.083263665,0.0,-38.73847,-16.076542,0.0,-39.37097,64.095375,0.0
-26.80477,-82.57726,0.0,68.86529,-86.92506,0.0,-39.938877,-82.912056,0.0
23.355677,-91.7224,0.0,-63.664757,98.688156,0.0,-26.891232,5.4368577,0.0
93.78695,75.01039,0.0,69.298836,8.874009,0.0,11.64262,11.77696,0.0
59.39358,74.37343,0.0,-70.54209,86.12579,0.0,90.219696,76.013,0.0
-36.366158,-46.933994,0.0,15.278653,-6.9640923,0.0,-36.611107,54.959297,0.0
-92.34953,-47.1323,0.0,16.392607,11.805064,0.0,-76.17372,69.70119,0.0
90.25424,-34.907097,0.0,-36.278477,41.790844,0.0,-23.650272,76.63912,0.0
49.85934,-88.25043,0.0,34.556316,20.178297,0.0,-9.770346,78.314606,0.0
97.32202,88.14596,0.0,-6.3590937,93.0749,0.0,94.80805,-19.195255,0.0
-25.384106,12.222667,0.0,-45.89193,-3.173965,0.0,-42.494637,32.14626,0.0
68.89681,26.89163,0.0,35.62351,-43.85895,0.0,48.053833,-44.839703,0.0
-44.855225,9.250279,0.0,-54.357574,5.388733,0.0,-39.895084,87.461815,0.0
-50.277626,31.284199,0.0,-61.87392,89.09669,0.0,-20.41674,-81.12478,0.0
-29.336214,-96.940674,0.0,-70.44332,-89.83782,0.0,30.774754,-99.01221,0.0
-89.64895,13.9325285,0.0,-24.114403,-92.70772,0.0,-98.32691,20.042648,0.0
97.14689,-16.106672,0.0,42.88438,30.802612,0.0,0.20353492,-38.842854,0.0
90.41201,0.14864078,0.0,-89.725105,-68.56964,0.0,99.33502,23.088572,0.0
87.43679,4.604283,0.0,81.16592,-87.53161,0.0,73.70058,83.141365,0.0
-36.752068,8.397127,0.0,-37.69378,26.807802,0.0,67.83545,70.71775,0.0
15.165249,-39.56208,0.0,56.095127,35.237392,0.0,60.07192,95.14012,0.0
16.45136,-50.922077,0.0,-42.94192,28.94811,0.0,-23.260624,3.493848,0.0
-76.521805,-58.093967,0.0,-25.776966,-40.521297,0.0,89.51844,0.49410805,0.0
67.657974,72.93962,0.0,-82.91524,-71.281395,0.0,42.031567,-90.92613,0.0
-0.058225747,79.75071,0.0,13.8333235,-44.999565,0.0,98.56214,-20.234108,0.0
-76.90454,78.9723,0.0,-29.579277,83.612404,0.0,-10.329262,87.96567,0.0
-3.4180956,94.053825,0.0,31.249107,98.4697,0.0,-87.02828,-13.196711,0.0
-97.659615,-56.73522,0.0,-81.21533,-81.086075,0.0,-77.182785,-24.179703,0.0
-78.66838,-41.483395,0.0,-47.37692,-85.37978,0.0,-73.53752,92.33887,0.0
99.60138,-19.240803,0.0,-75.81079,14.886808,0.0,-75.16785,54.899883,0.0
-53.50749,63.1234,0.0,12.738548,-27.009937,0.0,-57.44375,-81.97742,0.0
-14.729341,-83.69814,0.0,45.209038,-99.24456,0.0,62.19555,87.4374,0.0
-85.08204,32.353447,0.0,76.31133,29.037401,0.0,-67.34835,-95.83073,0.0
-96.794266,23.714756,0.0,-13.15505,-82.29472,0.0,13.901645,24.484745,0.0
-96.47993,84.56102,0.0,-91.14538,80.27211,0.0,-42.036263,70.15628,0.0
-39.039024,22.834682,0.0,66.40643,28.581097,0.0,74.17936,80.99529,0.0
-13.6444025,29.152813,0.0,78.66544,-93.64414,0.0,-99.45756,-46.7908,0.0
-10.432813,28.016178,0.0,96.22917,62.91109,0.0,-17.054564,-30.914995,0.0
-3.5715146,24.539503,0.0,-33.435406,4.8035965,0.0,-10.999886,-50.01441,0.0
-87.62082,-97.891075,0.0,-49.460716,-50.444664,0.0,41.986073,23.257124,0.0
69.672806,2.4151525,0.0,1.7245775,-96.06387,0.0,-44.54329,62.448048,0.0
-84.53622,-60.80388,0.0,91.56277,85.57791,0.0,-47.26274,-9.905806,0.0
-89.74925,24.12282,0.0,-79.06753,98.0255,0.0,-38.108715,-42.796696,0.0
29.45734,-17.791382,0.0,-35.609425,-32.307484,0.0,-44.656433,-33.72847,0.0
96.281555,5.6061916,0.0,-18.140547,-83.11979,0.0,-65.3522,79.09791,0.0
66.95844,39.95263,0.0,-40.82647,-30.5243,0.0,58.507313,28.835703,0.0
-71.80165,-97.001236,0.0,-43.988792,28.370975,0.0,83.17769,27.97272,0.0
57.382267,61.463768,0.0,-92.96051,-55.285454,0.0,79.3934,27.16979,0.0
25.026918,-47.90158,0.0,82.81848,15.700183,0.0,9.283455,78.62285,0.0
41.753826,-94.05428,0.0,67.81904,-97.99125,0.0,57.166946,-11.872272,0.0
35.79934,-96.96172,0.0,29.974257,8.029897,0.0,-36.881096,93.20361,0.0
-97.309204,14.013483,0.0,-77.07026,-10.564941,0.0,57.415363,-4.9732904,0.0
60.906704,25.609547,0.0,96.52996,20.81343,0.0,-52.23012,8.122318,0.0
55.776443,47.470497,0.0,-46.020065,-34.048786,0.0,40.776245,-45.536537,0.0
-31.608255,-12.359353,0.0,40.292736,-44.78548,0.0,95.446724,86.6465,0.0
12.725313,92.02187,0.0,15.689037,90.80894,0.0,22.13726,-46.906273,0.0
95.07279,-49.343025,0.0,25.262407,33.7762,0.0,22.317305,79.78373,0.0
-20.9521,-47.48593,0.0,-74.58859,-86.68242,0.0,16.571276,95.05582,0.0
22.078959,-9.504657,0.0,-44.60732,12.78891,0.0,-13.472036,-86.19976,0.0
-43.699512,59.872803,0.0,67.08735,54.95682,0.0,-99.3829,11.214641,0.0
-41.120525,61.16996,0.0,-1.3496504,-79.626755,0.0,55.994797,-81.8618,0.0
89.54041,94.37724,0.0,2.0084498,-47.631992,0.0,-52.51166,-37.246616,0.0
-55.8477,90.18862,0.0,-36.48125,-94.72949,0.0,-36.269436,72.77448,0.0
-97.141205,30.163937,0.0,27.225704,-75.82838,0.0,64.791336,-28.381365,0.0
-18.300617,5.917091,0.0,-11.499408,28.933607,0.0,-81.41742,-1.0770516,0.0
-82.960045,-4.6091404,0.0,-99.67683,78.57438,0.0,-30.862785,24.987791,0.0
-49.100132,-53.924896,0.0,-54.8175,-56.523476,0.0,-29.415112,78.109215,0.0
95.10661,2.824032,0.0,-95.29206,32.788197,0.0,-59.130527,-76.3118,0.0
32.086853,-95.5297,0.0,40.10321,-45.073013,0.0,-6.337945,-35.429535,0.0
-81.03383,51.323097,0.0,-98.60765,-7.0111165,0.0,23.718473,-90.26387,0.0
75.74528,33.59309,0.0,-86.16966,-54.731216,0.0,-35.319935,15.137982,0.0
-82.641716,-79.91233,0.0,29.868673,18.93018,0.0,-27.483412,-22.71018,0.0
-82.7583,3.041153,0.0,28.115099,-15.266416,0.0,-88.90361,-24.114988,0.0
-78.47224,0.5097355,0.0,17.923876,32.537746,0.0,-13.425145,33.7053,0.0
-82.87209,-45.42722,0.0,62.755978,-48.637993,0.0,-13.320886,90.83788,0.0
-40.965336,-9.034257,0.0,-90.13458,94.832664,0.0,31.127254,-53.396038,0.0
90.68301,-70.779175,0.0,-37.321064,80.10437,0.0,26.471663,-2.1938515,0.0
-76.72301,-22.191813,0.0,20.008286,-29.415138,0.0,59.019493,-39.157875,0.0
93.598114,-11.095405,0.0,-81.40436,29.874025,0.0,17.146742,78.98076,0.0
65.8698,-78.240974,0.0,-5.8334045,97.109985,0.0,-0.4961078,-98.84503,0.0
59.46942,-21.85324,0.0,37.972027,82.25988,0.0,-47.16878,-95.56001,0.0
39.38967,22.299988,0.0,-90.031235,91.329575,0.0,-4.8853755,-83.21455,0.0
-51.564373,98.584915,0.0,-40.6986,-61.067646,0.0,66.86298,-80.04484,0.0
39.164234,-92.09688,0.0,-63.7115,-97.27683,0.0,52.963768,80.19283,0.0
-41.2677,-81.241264,0.0,1.4556957,-50.261948,0.0,-45.268806,-69.18875,0.0
66.29664,-85.01006,0.0,90.86554,-57.917324,0.0,84.07342,1.4804184,0.0
-80.13654,57.241554,0.0,-38.69783,-77.693985,0.0,-94.07533,46.2873,0.0
65.47556,-41.8548,0.0,-20.443735,-28.20176,0.0,93.46741,39.399067,0.0
-97.23423,-87.81147,0.0,20.506664,-85.58058,0.0,-76.341835,-35.453938,0.0
-36.884323,-87.174515,0.0,-81.21524,22.048468,0.0,-92.544426,-72.138054,0.0
30.352634,-76.90004,0.0,67.77097,5.587118,0.0,-99.84185,-63.58254,0.0
36.379314,86.43439,0.0,10.557188,-75.90211,0.0,-68.2055,76.98678,0.0
64.613884,-49.71584,0.0,67.908485,58.73863,0.0,69.22292,-91.873825,0.0
-79.46927,99.806625,0.0,92.96738,74.44001,0.0,-89.50114,-78.05483,0.0
-52.7868,12.762257,0.0,-75.23165,-16.884174,0.0,82.49067,28.20203,0.0
-51.113068,17.790188,0.0,-47.45232,-58.94499,0.0,57.0894,-13.632179,0.0
0.28250587,-93.35639,0.0,39.83626,-95.83362,0.0,-43.222664,18.030708,0.0
8.009598,80.97419,0.0,-92.144394,18.34927,0.0,65.58693,79.74041,0.0
-42.059994,-44.052727,0.0,-80.232925,57.6866,0.0,77.20187,1.9357717,0.0
-76.608765,-93.73508,0.0,93.24652,-32.621567,0.0,70.22833,-76.22493,0.0
90.28385,-37.474033,0.0,-87.56702,96.769684,0.0,-83.57879,-91.11942,0.0
-71.83156,-94.8397,0.0,-93.29996,22.10548,0.0,-34.015797,89.60427,0.0
-97.36811,-10.01976,0.0,85.59622,95.46784,0.0,19.314974,-26.753366,0.0
-36.169815,-91.860245,0.0,33.082882,96.401596,0.0,-43.7229,-64.22453,0.0
91.065155,6.444316,0.0,17.152122,78.024,0.0,-12.30141,-81.906944,0.0
-21.853437,33.41262,0.0,-40.899555,0.9179655,0.0,-73.09083,-87.0468,0.0
-11.128151,93.25233,0.0,-20.582674,-27.531366,0.0,42.161865,96.088524,0.0
-81.8946,19.255676,0.0,-32.75718,34.49319,0.0,-12.3870125,29.689592,0.0
3.1763992,88.949066,0.0,-77.62764,-44.47192,0.0,14.282464,-20.675076,0.0
64.91983,45.85165,0.0,65.666214,-87.56553,0.0,34.27524,-96.41475,0.0
-15.365238,80.071266,0.0,9.130842,-87.26691,0.0,-42.617493,-86.20022,0.0
-77.01399,42.147293,0.0,-42.441395,-4.717668,0.0,75.53816,98.94719,0.0
66.7272,36.13299,0.0,-48.521206,96.23687,0.0,29.787962,81.70891,0.0
66.84415,-76.83507,0.0,-37.677956,-35.70929,0.0,20.564295,77.98195,0.0
33.42113,33.04427,0.0,39.150333,29.501816,0.0,59.597736,13.25744,0.0
-68.92469,80.011955,0.0,10.823213,93.77855,0.0,41.70822,82.025635,0.0
-46.625103,-62.89998,0.0,-32.603374,-29.581743,0.0,-25.426935,99.98738,0.0
-91.3658,-66.50751,0.0,26.128315,-16.759525,0.0,-59.71125,75.25347,0.0
-87.14872,29.281181,0.0,23.817442,90.04166,0.0,57.479553,-51.337685,0.0
-96.471504,-17.462091,0.0,-48.288372,31.389315,0.0,99.888504,68.08614,0.0
47.338055,21.02834,0.0,95.23306,72.76069,0.0,46.88471,92.21021,0.0
60.8774,98.51996,0.0,7.8028536,-33.865383,0.0,-75.40108,-51.917625,0.0
58.408806,87.33277,0.0,-98.86094,88.23238,0.0,-49.102325,91.25102,0.0
55.906067,-9.314016,0.0,41.108337,89.49058,0.0,23.749228,-11.701335,0.0
59.054207,-91.72778,0.0,66.34066,-21.558908,0.0,-23.723894,-76.89468,0.0
86.97031,94.16742,0.0,-32.64765,99.385,0.0,-61.320423,-88.16085,0.0
56.127254,-85.77081,0.0,-20.99594,-77.240685,0.0,-4.8545394,-51.349167,0.0
47.79805,97.529945,0.0,-49.650482,-6.543236,0.0,63.77606,40.770176,0.0
27.14513,-23.27628,0.0,-16.235542,91.24929,0.0,93.72882,55.53345,0.0
67.02619,97.99267,0.0,-85.47001,58.541348,0.0,78.34014,84.440636,0.0
-26.264046,-13.904895,0.0,99.939896,-36.22902,0.0,96.23916,-70.24766,0.0
89.13106,-94.470215,0.0,-34.261284,3.510502,0.0,86.01363,86.16128,0.0
-79.36812,-24.203526,0.0,-4.539947,-33.768665,0.0,88.8779,99.99639,0.0
-53.847694,-46.365643,0.0,-49.054375,82.74524,0.0,-91.792816,7.7632217,0.0
47.713345,33.009712,0.0,-20.412102,83.91169,0.0,-10.7478895,-95.952385,0.0
18.716633,11.057146,0.0,-45.501347,28.566074,0.0,28.602894,86.17631,0.0
67.842964,42.718452,0.0,-41.44582,-45.314556,0.0,49.63714,-95.04543,0.0
-26.84914,-1.6804283,0.0,-59.60771,-85.24733,0.0,-45.742992,-87.23289,0.0
-49.94509,85.770325,0.0,-31.391478,-36.809956,0.0,-44.72591,11.4646635,0.0
59.97925,92.402176,0.0,55.534523,1.6876756,0.0,64.79393,-16.543211,0.0
3.0312743,31.25329,0.0,-23.27207,86.84604,0.0,-16.825266,81.84695,0.0
28.503902,11.16756,0.0,-54.087173,-81.0903,0.0,67.45759,-66.05928,0.0
-76.80954,28.621035,0.0,39.44408,94.78742,0.0,-54.141502,4.1992884,0.0
-42.52072,8.445393,0.0,15.748623,-52.70827,0.0,-91.595985,-15.299322,0.0
68.140976,-52.06851,0.0,-14.120398,91.481766,0.0,4.2897882,-49.65831,0.0
-82.53554,-95.87661,0.0,-19.313778,92.59807,0.0,-44.56258,48.3238,0.0
-82.97073,46.20488,0.0,-46.514774,57.22455,0.0,64.0235,-84.04186,0.0
95.499596,-49.55014,0.0,93.657104,-3.6611083,0.0,-86.65006,84.79224,0.0
76.78649,82.49164,0.0,-45.607395,39.600784,0.0,-81.099754,92.8931,0.0
-52.802082,36.925385,0.0,59.353466,-30.990469,0.0,38.42577,22.390432,0.0
98.338715,-77.070206,0.0,-81.337494,67.50783,0.0,-87.14453,-64.55481,0.0
-43.975975,-84.88399,0.0,-16.90222,20.80432,0.0,81.62234,96.46971,0.0
-9.620971,97.90088,0.0,63.144928,-17.97996,0.0,-83.5746,81.27285,0.0
99.63563,31.884586,0.0,31.230162,89.91063,0.0,82.61365,21.317795,0.0
47.750946,91.317635,0.0,-42.30608,52.206757,0.0,-10.963048,24.640505,0.0
64.50176,-23.985146,0.0,99.08606,-68.763855,0.0,28.904984,-45.442215,0.0
-69.8102,93.87723,0.0,64.50969,92.03597,0.0,52.77835,5.1111555,0.0
14.0845375,-3.7937768,0.0,96.38696,17.565332,0.0,-38.83798,-54.84809,0.0
92.69241,-28.687492,0.0,-54.795578,-86.01315,0.0,-44.424976,5.8410153,0.0
62.319122,40.380604,0.0,-38.6586,-64.99221,0.0,-91.04448,-73.43591,0.0
86.74869,-91.74778,0.0,52.75449,99.30334,0.0,-65.872475,-75.01847,0.0
-96.9027,61.113934,0.0,-21.169601,-84.226524,0.0,-48.22515,-41.553288,0.0
49.155785,87.82074,0.0,-47.7827,93.044174,0.0,-54.673447,2.0004172,0.0
20.445896,-28.840355,0.0,-26.574747,-24.37099,0.0,-64.69405,76.48788,0.0
21.765682,-92.88398,0.0,10.392867,-95.26585,0.0,-68.48685,-83.27312,0.0
30.8052,21.393276,0.0,25.069105,-1.2352773,0.0,36.010788,-82.10817,0.0
83.41503,94.219986,0.0,-39.92085,-17.742815,0.0,1.3423212,91.66949,0.0
62.63401,-25.6683,0.0,84.842224,33.059315,0.0,-52.881443,-10.412301,0.0
-7.522562,-99.05312,0.0,62.180347,22.246307,0.0,-46.110573,-29.67569,0.0
-92.823044,56.897808,0.0,-29.331242,-91.83436,0.0,-87.62112,-36.736553,0.0
78.22366,99.07581,0.0,-63.12377,-88.80031,0.0,21.289146,-30.144236,0.0
56.22058,-27.063974,0.0,-13.857724,13.811633,0.0,-62.83169,-89.96719,0.0
92.65096,60.454887,0.0,75.49925,-80.06238,0.0,-43.23199,-33.137188,0.0
63.595146,-14.465634,0.0,51.19963,15.511346,0.0,-75.05295,-27.235622,0.0
-38.448437,-44.858944,0.0,91.19091,66.170044,0.0,73.54616,-82.42899,0.0
-81.85306,-83.81106,0.0,45.16509,32.01002,0.0,-95.354485,34.216007,0.0
-58.466644,-78.776955,0.0,-30.793648,22.596296,0.0,20.133705,-42.130234,0.0
-84.45179,35.304264,0.0,-1.8717241,-90.24675,0.0,-31.004143,-80.98512,0.0
63.545513,-76.00425,0.0,2.126541,77.605354,0.0,1.342346,94.499565,0.0
43.197662,-88.17779,0.0,-78.21539,-88.82167,0.0,92.11776,91.27841,0.0
25.103113,-77.081116,0.0,-4.700389,87.929924,0.0,18.79351,98.719696,0.0
-80.43639,-71.61572,0.0,-47.88833,27.521872,0.0,64.755135,1.9315258,0.0
44.466457,-79.35557,0.0,-24.418295,15.763982,0.0,-95.640076,-28.686563,0.0
-59.35039,82.84009,0.0,52.643044,24.461382,0.0,-43.740677,-1.5194077,0.0
2.0364506,96.66261,0.0,-90.12358,-19.837421,0.0,-54.067223,-71.94675,0.0
56.978863,-35.19163,0.0,92.58017,-88.57795,0.0,-33.678604,-8.25649,0.0
-10.028493,-52.125793,0.0,65.90235,-14.014686,0.0,13.768109,0.6167257,0.0
-72.527176,-95.62171,0.0,-37.87741,-62.66793,0.0,-39.738537,96.85204,0.0
90.18505,37.9433,0.0,-43.231987,-53.509304,0.0,3.116118,-87.7438,0.0
52.467163,-18.506243,0.0,-18.834837,21.346958,0.0,-20.264217,9.850183,0.0
27.337238,83.67013,0.0,-31.770224,23.30374,0.0,67.326546,-44.746574,0.0
-50.67164,64.68121,0.0,11.657968,27.084074,0.0,-33.894005,-79.99929,0.0
-34.140667,44.978123,0.0,-93.62872,-99.80377,0.0,-40.59285,17.924923,0.0
-23.146801,-36.30928,0.0,-86.702225,57.832245,0.0,-34.46898,42.988407,0.0
72.787895,85.07605,0.0,93.8624,80.28414,0.0,63.336693,-55.183502,0.0
80.87796,-91.185196,0.0,95.93802,-2.3619583,0.0,49.969578,-95.00736,0.0
-95.72049,34.399925,0.0,7.448451,-36.35542,0.0,-89.48645,-47.170303,0.0
-77.73337,34.28112,0.0,17.36316,-3.5250146,0.0,80.40779,-87.568504,0.0
99.91391,70.039734,0.0,33.632042,78.465546,0.0,16.401144,-24.203043,0.0
-91.48473,-61.6536,0.0,23.779299,-7.930018,0.0,-16.518978,-88.14141,0.0
19.13461,7.3788548,0.0,-22.440777,-75.9401,0.0,22.996384,83.38846,0.0
64.38692,-32.271526,0.0,12.536006,84.635635,0.0,5.384396,96.35108,0.0
-96.48842,24.092888,0.0,59.515915,76.46787,0.0,-97.415,-33.06206,0.0
-53.506092,-83.114586,0.0,50.65753,-70.024925,0.0,1.6077572,-82.67607,0.0
38.25806,34.51762,0.0,68.18064,91.602066,0.0,86.09454,-92.35826,0.0
68.86341,-30.102158,0.0,16.00762,-95.200714,0.0,-44.93454,68.992004,0.0
-44.913498,-21.745964,0.0,85.20288,88.108284,0.0,-52.25645,-44.256443,0.0
-45.24036,44.08048,0.0,31.169138,76.90727,0.0,78.13345,94.601105,0.0
21.580784,-42.92904,0.0,78.318634,0.04037256,0.0,-53.43215,93.14766,0.0
-99.65874,60.7827,0.0,27.060453,-85.90675,0.0,23.943092,-27.6604,0.0
32.114666,28.071451,0.0,-25.90533,-47.01085,0.0,-91.1505,-30.442095,0.0
69.08691,-73.4977,0.0,55.07676,32.31683,0.0,-71.0777,-94.585976,0.0
-89.56311,-63.463474,0.0,-12.241855,-34.268936,0.0,-46.74632,-81.640396,0.0
7.2501655,24.768456,0.0,-8.603548,-53.784706,0.0,41.19713,22.887413,0.0
76.39333,-87.856964,0.0,-56.977467,-77.81416,0.0,24.65435,3.9069817,0.0
77.81733,78.5026,0.0,-79.132774,58.66701,0.0,-29.592127,4.7351313,0.0
-19.619713,92.78485,0.0,-31.02091,-77.97932,0.0,-98.418236,-62.000916,0.0
3.398337,-78.53193,0.0,23.289772,3.3799229,0.0,-94.70816,-17.253147,0.0
-37.663475,-25.152847,0.0,1.8597126,33.953465,0.0,57.818268,-8.24184,0.0
-15.011172,-82.618286,0.0,46.008102,28.927563,0.0,25.41787,-92.133575,0.0
-72.821846,94.339615,0.0,-75.813545,-94.65993,0.0,17.140375,9.899823,0.0
-35.890232,61.912296,0.0,58.957348,-32.005074,0.0,-54.482857,33.783337,0.0
87.67201,4.714154,0.0,65.26631,-69.749954,0.0,90.84444,-12.86447,0.0
-46.03035,-47.728367,0.0,93.100105,58.619194,0.0,-84.94783,11.698149,0.0
-17.038082,-36.68343,0.0,66.49196,-13.720348,0.0,-75.632614,37.87982,0.0
77.70474,-82.05503,0.0,39.92664,-91.88647,0.0,50.567223,-57.016457,0.0
-36.0624,-84.69,0.0,11.720241,-94.861374,0.0,27.854527,-23.281446,0.0
95.00747,-81.58418,0.0,68.97788,-45.494957,0.0,-75.31944,-81.751816,0.0
-26.150156,-90.68704,0.0,-89.62985,34.52443,0.0,21.535196,-20.310436,0.0
-21.909252,-33.30662,0.0,10.964666,-83.1399,0.0,-82.89479,-65.377144,0.0
-8.211884,-80.02662,0.0,-42.819275,-53.170937,0.0,-48.848892,-37.43159,0.0
-76.40205,26.671005,0.0,-81.6265,-3.361102,0.0,48.50328,-92.53566,0.0
-46.736546,5.4104486,0.0,59.801964,-94.31778,0.0,-18.833578,-31.384665,0.0
-39.9706,-13.338723,0.0,60.596672,-15.056657,0.0,-23.258621,-81.57737,0.0
-66.481735,-85.39297,0.0,27.207802,-48.16047,0.0,-25.337015,-46.696625,0.0
-61.92701,86.44413,0.0,97.19168,-59.203754,0.0,61.027348,-51.755997,0.0
80.517624,-75.77622,0.0,-25.998123,19.641176,0.0,62.664352,32.229233,0.0
3.495779,26.41735,0.0,64.334366,-23.873432,0.0,-79.88181,-88.60525,0.0
-87.42791,57.835594,0.0,65.13656,-47.33704,0.0,-53.219437,89.179565,0.0
-37.04694,-61.04931,0.0,-93.15908,-81.27333,0.0,24.113207,-18.210815,0.0
-51.571106,7.143314,0.0,96.893,37.05065,0.0,53.26804,-88.59436,0.0
87.06479,19.798126,0.0,0.90584654,-38.734367,0.0,14.051518,-28.74739,0.0
-3.2954617,10.092267,0.0,16.403948,-94.86099,0.0,-17.24053,22.629244,0.0
14.223317,-29.501839,0.0,-93.02165,-13.993086,0.0,63.38361,2.6118543,0.0
31.608679,-85.8351,0.0,-75.52131,-95.08254,0.0,21.484447,89.51166,0.0
-46.81619,9.095916,0.0,86.016464,88.588,0.0,-31.924517,-70.65837,0.0
9.540044,-30.080698,0.0,51.7808,64.46001,0.0,-27.33256,82.2968,0.0
13.646259,-36.04755,0.0,-99.03373,74.43543,0.0,-54.54431,-32.220196,0.0
54.748165,90.172775,0.0,-71.94817,75.275604,0.0,29.68156,-7.3134394,0.0
-17.140448,-94.98675,0.0,-99.409515,22.502962,0.0,-77.45858,-23.555914,0.0
-39.730812,-97.7125,0.0,-43.800106,19.8287,0.0,-48.628258,-29.372911,0.0
-49.359406,-44.68966,0.0,97.92574,-87.48255,0.0,-5.697672,34.913963,0.0
10.553463,-83.594986,0.0,-30.217936,-17.069424,0.0,50.796017,95.58516,0.0
67.952835,75.84973,0.0,78.73756,0.026664404,0.0,9.995694,76.519196,0.0
-45.656647,62.042973,0.0,-94.346275,-13.254676,0.0,-14.481911,94.267166,0.0
96.79967,32.87632,0.0,44.91655,89.0781,0.0,85.02926,98.54845,0.0
11.774998,34.197727,0.0,-94.86871,88.848785,0.0,68.49699,16.483755,0.0
25.391487,-53.232643,0.0,-3.2430074,23.958755,0.0,-33.03031,-33.08574,0.0
57.61305,39.961933,0.0,-7.1032314,-92.97462,0.0,97.56249,74.72826,0.0
34.54848,75.37183,0.0,-87.507286,-43.48806,0.0,-98.07085,59.815434,0.0
-87.84956,-15.2708025,0.0,-35.240803,-20.067915,0.0,-99.41938,64.57435,0.0
-31.482885,95.817154,0.0,-17.160898,-50.405197,0.0,11.984516,97.50787,0.0
-57.647053,-98.83282,0.0,60.77524,-48.17443,0.0,-5.1486015,11.989635,0.0
9.518551,-33.418686,0.0,63.79598,32.72472,0.0,53.949207,-65.83414,0.0
60.7525,6.252692,0.0,-2.5127869,98.04423,0.0,-42.395187,17.120777,0.0
35.420197,-87.10006,0.0,-94.98868,-42.724983,0.0,-36.79008,-42.971577,0.0
-18.902191,26.395956,0.0,50.927967,87.40577,0.0,91.457,43.373184,0.0
-31.005142,-65.51345,0.0,-5.741186,27.274603,0.0,0.91761744,89.3696,0.0
-90.43937,-43.81879,0.0,62.748497,-95.04383,0.0,-28.03539,27.256992,0.0
98.62286,86.33358,0.0,90.62698,-0.98894715,0.0,65.52843,91.311485,0.0
-87.3836,-69.2138,0.0,58.62426,-83.432396,0.0,26.906027,34.372322,0.0
52.83532,-11.337553,0.0,2.4212172,-75.05908,0.0,68.34552,-83.071915,0.0
59.062687,37.373196,0.0,58.328785,11.222142,0.0,-10.726622,87.14974,0.0
-79.9277,-19.42606,0.0,-39.887493,-0.8695077,0.0,-85.05668,-98.17529,0.0
-87.52529,-1.3723972,0.0,98.71859,89.3599,0.0,36.233418,-43.532196,0.0
-45.740223,7.586939,0.0,56.204655,16.499205,0.0,59.484226,-69.12143,0.0
13.925618,9.678304,0.0,57.009712,42.065346,0.0,28.774729,14.143136,0.0
-93.94669,-78.53414,0.0,-40.2599,28.310234,0.0,-81.26956,58.262955,0.0
-21.811531,-25.931597,0.0,-97.12581,-34.949768,0.0,-11.457046,-80.443665,0.0
52.201538,8.4818325,0.0,9.051211,-84.2874,0.0,-49.32574,28.142805,0.0
-77.23907,30.366722,0.0,47.771072,21.781593,0.0,78.950676,-80.84208,0.0
-94.83707,-65.049484,0.0,-19.529358,85.82049,0.0,98.86987,57.258736,0.0
-21.935791,-85.84188,0.0,56.56292,87.574936,0.0,-93.61009,43.930878,0.0
-96.42164,17.423098,0.0,96.2575,23.03488,0.0,59.3282,33.33904,0.0
-72.17928,-89.55449,0.0,-83.724434,0.24139848,0.0,53.35026,48.146194,0.0
62.061253,67.20477,0.0,0.579361,24.417862,0.0,93.489845,66.38535,0.0
59.856194,34.807846,0.0,-48.286613,78.74875,0.0,62.857887,53.63233,0.0
37.40198,-91.55134,0.0,-77.94835,-78.39989,0.0,-52.6509,-27.855848,0.0
38.43925,93.8285,0.0,-35.063713,18.622559,0.0,39.562145,20.53156,0.0
-55.505764,84.522446,0.0,-86.023735,-79.10151,0.0,-88.42841,4.808013,0.0
-1.7436498,83.03384,0.0,-2.254396,-87.20891,0.0,-17.75613,82.40058,0.0
-82.667336,-44.569244,0.0,65.733894,23.38564,0.0,-51.767582,-7.9115977,0.0
57.65241,-84.343575,0.0,-8.182661,-82.072754,0.0,9.620309,11.767868,0.0
66.04574,93.23718,0.0,-18.893566,-95.035324,0.0,-48.319553,39.34139,0.0
-24.998583,84.26787,0.0,-18.459354,-52.172092,0.0,3.565441,-52.593433,0.0
-51.957893,27.870716,0.0,-32.31502,85.5632,0.0,-90.79397,12.106759,0.0
-37.279675,-5.5193534,0.0,-88.50206,34.146214,0.0,-92.473946,29.60651,0.0
53.108566,10.394724,0.0,97.47702,-97.542595,0.0,-27.909655,-77.5939,0.0
-83.473045,89.117584,0.0,-43.05272,22.345636,0.0,94.50366,30.874924,0.0
-32.565636,-68.76984,0.0,-42.9733,-6.546751,0.0,93.598335,64.390495,0.0
-6.9887333,21.838226,0.0,-84.92192,1.6253067,0.0,2.690898,-28.86672,0.0
-91.101524,-22.457996,0.0,66.25754,-80.84617,0.0,96.70256,64.95543,0.0
66.798,98.91659,0.0,-59.053337,83.317566,0.0,2.2000012,-75.8228,0.0
99.8941,-89.60026,0.0,-13.40609,-31.652842,0.0,93.23834,57.283447,0.0
-98.31084,-87.61851,0.0,-66.281044,-86.87677,0.0,11.564445,84.89842,0.0
-45.686832,-45.383915,0.0,-50.335747,70.393906,0.0,70.306015,28.888924,0.0
-44.349945,42.702114,0.0,29.853643,95.60177,0.0,9.527943,24.291237,0.0
-40.90577,77.73839,0.0,-39.864178,-34.121006,0.0,58.40673,-98.33914,0.0
29.797516,28.459843,0.0,-79.10617,-15.330779,0.0,-35.437862,91.60006,0.0
41.406548,82.55617,0.0,-4.7516966,-90.25567,0.0,77.69727,33.089386,0.0
61.74646,59.584522,0.0,70.66421,99.71762,0.0,-77.32476,-11.229384,0.0
2.7981725,-89.61279,0.0,-33.45101,64.733635,0.0,4.824444,-95.11058,0.0
62.183216,-95.29053,0.0,95.93954,17.280832,0.0,99.4148,-21.826868,0.0
-0.7376848,28.135162,0.0,-54.302776,70.35703,0.0,54.853355,70.59677,0.0
-84.05223,61.27014,0.0,-82.666374,-88.01109,0.0,60.25789,29.592096,0.0
-26.017244,-5.7446,0.0,-34.965816,-84.68202,0.0,-39.912872,53.386528,0.0
-31.045149,-0.5648322,0.0,-94.9776,-18.504242,0.0,-99.59639,-91.61732,0.0
-79.5866,-36.739456,0.0,-87.598755,-24.58597,0.0,12.633527,33.02941,0.0
-40.562294,65.845215,0.0,11.14583,5.5607224,0.0,49.373795,-78.71047,0.0
96.86973,-57.119793,0.0,49.206024,77.38672,0.0,-80.142784,93.46414,0.0
-9.272576,21.264574,0.0,60.705807,-64.17807,0.0,-19.761639,75.32124,0.0
97.39509,-9.06533,0.0,-45.50041,88.23484,0.0,-47.790005,77.02392,0.0
16.694004,21.63831,0.0,-21.644121,-48.096115,0.0,-44.408688,-21.093521,0.0
-21.143162,27.450533,0.0,54.254448,71.730316,0.0,60.32216,-85.07236,0.0
-79.83132,98.15967,0.0,-84.61132,-6.461992,0.0,16.98367,79.85534,0.0
66.96855,-45.492275,0.0,97.04538,6.4147425,0.0,-45.32715,-69.96333,0.0
8.026028,-47.84273,0.0,-86.20421,-81.22706,0.0,29.797462,84.94966,0.0
1.4885832,17.79388,0.0,-30.626833,37.763412,0.0,-89.18452,27.694626,0.0
35.888462,-43.521824,0.0,49.503597,-96.51969,0.0,57.98909,90.25638,0.0
50.27996,-24.803265,0.0,46.865093,84.37282,0.0,-24.929829,-17.39793,0.0
-99.172874,40.564983,0.0,-31.327063,7.743913,0.0,-73.177765,-86.31561,0.0
-98.740295,-26.623072,0.0,74.893715,-99.36052,0.0,-42.02062,-30.967613,0.0
88.14615,8.86532,0.0,-34.374523,52.19305,0.0,89.00926,28.023834,0.0
-47.280678,21.58391,0.0,-43.945408,48.65562,0.0,-25.292871,-48.84453,0.0
-78.38721,21.799433,0.0,68.292076,74.27971,0.0,16.451061,-30.260952,0.0
-78.801254,-31.491371,0.0,14.916431,-99.826004,0.0,94.29471,26.010551,0.0
12.896632,24.513433,0.0,90.90874,-53.23088,0.0,55.39607,-1.5314696,0.0
96.04011,33.12617,0.0,99.60195,-63.616417,0.0,16.412167,10.059594,0.0
-95.854774,-90.5806,0.0,-33.778526,10.013174,0.0,-73.16003,87.200935,0.0
-42.377872,-18.992596,0.0,-64.72276,90.3723,0.0,37.256813,-78.58815,0.0
69.46311,-77.18132,0.0,-42.575092,-67.20047,0.0,-26.13884,-85.00609,0.0
28.897083,-80.88464,0.0,3.4966323,97.597084,0.0,-32.946156,82.23447,0.0
55.00075,71.93728,0.0,-79.205505,70.40103,0.0,48.854103,-52.810375,0.0
61.29541,92.27749,0.0,-27.200466,-7.276731,0.0,58.363552,87.72812,0.0
78.53328,16.581753,0.0,-92.08997,9.144978,0.0,16.593552,-47.309288,0.0
-93.90882,-98.814865,0.0,20.797842,-38.301052,0.0,-2.3564668,83.85673,0.0
7.947859,-75.20811,0.0,92.449524,41.359314,0.0,54.48125,3.917426,0.0
-29.57503,29.47781,0.0,9.201577,-52.322216,0.0,-7.285435,-79.99124,0.0
65.13926,-85.61546,0.0,58.48144,46.692715,0.0,49.462368,23.06337,0.0
-31.034245,-74.53877,0.0,83.28281,-98.937904,0.0,53.222908,-82.55889,0.0
-34.841236,70.187775,0.0,65.590065,9.815758,0.0,63.9393,50.416992,0.0
54.21119,63.111427,0.0,16.864035,-93.43309,0.0,45.534256,93.046165,0.0
-95.38717,32.82832,0.0,62.943253,-74.145065,0.0,56.137863,-69.83326,0.0
99.142395,-24.026327,0.0,-32.113815,50.309982,0.0,-19.940243,94.21142,0.0
92.78231,-15.194334,0.0,19.99543,-15.389303,0.0,44.635868,89.887794,0.0
57.48664,99.66321,0.0,73.94084,94.50059,0.0,-74.676796,76.09185,0.0
57.439342,-1.7444181,0.0,-75.25951,-60.919113,0.0,47.96007,91.168915,0.0
-28.098026,76.369385,0.0,44.194054,-48.934933,0.0,-33.720776,85.67716,0.0
61.613556,51.011135,0.0,-91.779755,-22.79184,0.0,-52.09162,-38.584797,0.0
9.787907,-27.160833,0.0,54.918484,44.66539,0.0,92.01554,20.054342,0.0
92.227615,63.091236,0.0,-54.00525,-22.479406,0.0,-17.146368,-26.580948,0.0
79.6232,-87.01965,0.0,-88.7214,95.87213,0.0,-32.519363,30.425564,0.0
-95.730705,-59.46745,0.0,-88.81049,20.197311,0.0,-35.912273,35.19708,0.0
-64.83068,85.75233,0.0,-80.97146,2.6004384,0.0,54.643795,-82.069626,0.0
-44.165462,27.298393,0.0,-86.92458,28.70889,0.0,62.316036,-51.990593,0.0
-93.20561,-48.98384,0.0,54.194004,8.854681,0.0,-17.149683,28.538826,0.0
-35.98322,37.281757,0.0,24.007553,-99.89747,0.0,29.269924,25.97869,0.0
-15.33915,-36.17388,0.0,-88.90993,94.70337,0.0,-52.110565,52.661263,0.0
53.222733,-3.3717806,0.0,-30.164675,-47.37822,0.0,23.749088,-31.42305,0.0
-84.29817,34.56694,0.0,79.30168,31.911238,0.0,-80.67381,75.63157,0.0
-53.86903,-86.26793,0.0,94.54129,87.11645,0.0,-3.6971605,93.36936,0.0
64.089966,72.642235,0.0,-51.543297,50.715706,0.0,-70.384346,81.91385,0.0
-25.46525,92.394806,0.0,-97.161674,-22.741959,0.0,87.94759,-83.12163,0.0
65.69154,-29.699791,0.0,15.709097,92.19345,0.0,-33.53378,70.83855,0.0
53.917206,-1.1946825,0.0,-42.824596,1.6957072,0.0,59.493427,-98.33558,0.0
16.38818,-13.45544,0.0,-59.44022,-90.34621,0.0,-23.536552,-41.3967,0.0
-15.858492,81.623314,0.0,88.21068,-88.48394,0.0,13.40657,77.58316,0.0
22.012941,-19.558481,0.0,-53.706223,35.923664,0.0,-87.649635,20.243431,0.0
4.440921,-47.2584,0.0,59.71302,-70.48548,0.0,-37.397263,31.02894,0.0
-95.39969,19.986221,0.0,63.142906,-63.84052,0.0,99.67217,-40.147842,0.0
96.245705,-26.126144,0.0,-87.71796,76.57262,0.0,51.982796,-30.699812,0.0
29.492008,-88.86628,0.0,-86.37334,-82.44828,0.0,-81.408554,7.8131504,0.0
59.033962,-45.842056,0.0,-60.48317,-87.9983,0.0,63.54751,-33.27416,0.0
-94.98245,-15.590622,0.0,65.19535,84.108986,0.0,-49.02824,20.500998,0.0
51.694286,-68.83825,0.0,-96.55392,-0.07686556,0.0,35.824055,-48.822796,0.0
55.53704,-65.72005,0.0,-32.76918,-98.138855,0.0,91.46638,-19.432455,0.0
-74.28091,89.550995,0.0,-98.63325,42.300385,0.0,2.123085,81.81695,0.0
-85.32659,47.067898,0.0,23.985914,79.265465,0.0,71.192055,-91.49734,0.0
36.197826,82.57626,0.0,-69.54835,85.9542,0.0,-23.964668,-91.746025,0.0
-82.706535,5.796159,0.0,-45.162235,-70.55116,0.0,25.833216,11.202648,0.0
51.20916,-24.647518,0.0,-6.1513066,-37.123478,0.0,-22.106659,2.2381566,0.0
-11.990627,-51.66985,0.0,98.12592,19.229948,0.0,-94.46047,92.697624,0.0
-50.05237,-95.27471,0.0,24.256458,18.014618,0.0,-40.517982,-49.969803,0.0
49.930237,22.906837,0.0,65.7078,93.95697,0.0,-30.762928,-28.034262,0.0
45.594097,-46.455494,0.0,-84.973946,0.77280766,0.0,23.09834,80.390816,0.0
96.69023,96.72435,0.0,59.741245,26.117382,0.0,-95.72477,-11.729527,0.0
-40.037495,-78.94278,0.0,-85.563934,-57.67363,0.0,-86.33082,-61.900414,0.0
45.56739,-84.14678,0.0,-77.13867,21.132101,0.0,33.645164,27.923288,0.0
48.585007,-79.41911,0.0,44.679443,27.074818,0.0,-95.10222,-7.172764,0.0
-31.935835,-14.627088,0.0,71.59243,16.827217,0.0,-72.91035,-80.41883,0.0
43.30744,89.180824,0.0,-29.81064,22.202324,0.0,-61.206997,82.59815,0.0
59.576954,-25.94757,0.0,61.49949,-19.479597,0.0,-35.83539,-35.191864,0.0
-62.92721,96.55021,0.0,33.07011,-87.10768,0.0,18.31959,-10.161574,0.0
-29.21466,-83.163345,0.0,-88.88116,62.373135,0.0,34.14753,81.25211,0.0
-49.57232,-8.716567,0.0,-54.548393,21.16053,0.0,-53.809464,74.79117,0.0
14.716829,7.372712,0.0,96.16597,50.654224,0.0,12.140353,-87.86586,0.0
2.6682436,-32.660713,0.0,77.22804,26.856281,0.0,-67.77225,90.37195,0.0
28.469084,-33.715233,0.0,95.422104,-84.11947,0.0,55.112465,24.183208,0.0
33.95395,-95.44814,0.0,21.1042,-90.31188,0.0,59.652035,96.253685,0.0
95.58643,-58.84198,0.0,58.927444,-66.336464,0.0,-53.42652,31.75913,0.0
30.769562,-50.277424,0.0,-32.490704,-9.744977,0.0,-34.29815,-71.85056,0.0
60.6293,-30.746326,0.0,-18.492119,-92.77341,0.0,-47.75717,47.007168,0.0
-29.991434,-31.208466,0.0,-79.581436,62.882286,0.0,-48.45248,-38.510334,0.0
-52.371525,-74.471214,0.0,61.087112,42.561424,0.0,62.098434,-42.845848,0.0
84.61893,-92.16097,0.0,-40.37129,92.77967,0.0,-40.633324,65.59993,0.0
66.10522,89.28387,0.0,-95.955284,-18.566675,0.0,48.16568,-44.44876,0.0
-74.448456,99.10327,0.0,78.17072,97.02336,0.0,56.42336,44.39811,0.0
-95.54042,66.40505,0.0,78.92445,-89.352585,0.0,-78.38924,-22.628824,0.0
-24.573774,1.3839126,0.0,-83.00979,-8.882627,0.0,54.74537,70.7885,0.0
-99.14262,-40.454144,0.0,-42.2152,-92.63715,0.0,-49.38062,1.8276106,0.0
-85.8274,98.3742,0.0,-12.797417,29.746346,0.0,-94.6162,-91.61232,0.0
-45.125206,-91.413315,0.0,-45.27452,-52.8478,0.0,82.90564,12.317717,0.0
60.831764,80.88825,0.0,-27.100914,24.237795,0.0,29.607536,87.90002,0.0
-98.56947,98.56222,0.0,71.7142,2.6431267,0.0,-94.469894,25.559809,0.0
28.076033,92.42747,0.0,67.022194,-78.27304,0.0,-83.41266,19.750324,0.0
-98.21099,-93.8319,0.0,99.71402,11.536604,0.0,-87.804344,-78.57876,0.0
-37.648617,84.41088,0.0,98.6102,-0.6395048,0.0,92.49053,43.376266,0.0
99.720085,-0.31535593,0.0,16.086195,-53.656754,0.0,-80.14852,36.217007,0.0
-32.995346,-14.937898,0.0,-14.865211,-36.763763,0.0,-91.93662,-35.99917,0.0
-73.81969,-94.635765,0.0,-27.73201,94.50666,0.0,92.81232,38.774822,0.0
64.841095,-31.592827,0.0,2.5224893,88.38082,0.0,99.14981,24.807482,0.0
-79.241516,90.11746,0.0,-5.9486203,-84.70179,0.0,-85.403854,-90.16195,0.0
-79.77396,40.276207,0.0,15.477983,-23.337894,0.0,38.88913,79.5397,0.0
-56.93492,-95.30429,0.0,-47.137558,-82.65101,0.0,97.9895,7.5070806,0.0
90.49048,-13.069701,0.0,63.418137,-31.896559,0.0,-15.040027,83.11255,0.0
-46.899517,-23.354492,0.0,-95.64853,-29.679459,0.0,50.287895,-60.27063,0.0
72.05723,88.33595,0.0,-52.136295,30.993752,0.0,-28.572737,88.025635,0.0
52.241714,-48.407257,0.0,-86.88523,-61.61442,0.0,7.7826023,81.36942,0.0
81.3668,81.430374,0.0,-90.898476,-96.95944,0.0,-68.6265,-93.51082,0.0
-84.77231,-7.2576675,0.0,97.21983,-76.650055,0.0,-47.34089,48.604927,0.0
30.58506,84.348465,0.0,94.305534,-26.77995,0.0,-21.17788,-27.640865,0.0
53.905388,-9.087478,0.0,96.283035,-29.675554,0.0,-87.29165,33.98778,0.0
-57.704887,-82.59641,0.0,-11.620418,26.425388,0.0,71.85423,29.535297,0.0
-22.2419,-48.1098,0.0,86.122025,20.249523,0.0,52.933544,-45.399296,0.0
-94.82582,26.25722,0.0,-18.386139,88.278465,0.0,12.139787,83.25579,0.0
63.32267,4.826738,0.0,-83.60001,46.86752,0.0,-43.390152,-0.55175143,0.0
-87.06326,-36.11618,0.0,69.19963,-75.865295,0.0,-98.87977,-47.167614,0.0
95.73485,-74.9668,0.0,-84.927704,-49.07748,0.0,-50.34332,-82.40701,0.0
-52.29966,-36.74684,0.0,1.0294832,-54.503826,0.0,21.385456,-93.59045,0.0
98.79077,-2.025481,0.0,-75.358734,38.811005,0.0,13.30741,-51.144417,0.0
-14.326226,32.695904,0.0,65.65939,17.066334,0.0,20.158125,34.41008,0.0
-30.688013,-53.92937,0.0,-91.10583,56.223873,0.0,83.09353,-88.27765,0.0
-15.773635,-93.36762,0.0,-13.509114,-88.60453,0.0,45.895405,81.28265,0.0
-73.76202,85.68042,0.0,18.096823,-85.50405,0.0,-40.672283,-82.33881,0.0
-81.28451,24.888462,0.0,68.4633,-0.13055773,0.0,90.695496,-35.67086,0.0
17.648975,-30.06689,0.0,-99.20392,-94.53767,0.0,78.07414,14.787735,0.0
51.132217,38.450733,0.0,-70.045334,92.81642,0.0,70.35924,6.7555723,0.0
-15.262531,33.34328,0.0,-25.941603,-93.51728,0.0,-20.114992,19.177279,0.0
-74.42137,80.74632,0.0,62.95419,-28.762312,0.0,97.748825,23.841267,0.0
-42.84811,3.978393,0.0,73.30877,86.208,0.0,47.80505,-41.641685,0.0
-32.458286,-36.15716,0.0,74.804344,98.39605,0.0,-80.63855,25.640533,0.0
-53.526836,-18.41904,0.0,-81.45175,11.065834,0.0,-56.751675,92.97441,0.0
91.853546,7.3447804,0.0,-48.124924,19.539986,0.0,-42.122124,-68.08981,0.0
-25.084925,-23.039028,0.0,47.18457,76.7604,0.0,-91.89331,-96.15843,0.0
-82.51716,31.098986,0.0,78.56133,90.20154,0.0,-49.85012,-23.111816,0.0
-4.962179,-81.10457,0.0,-78.49948,51.828293,0.0,21.446274,-13.40091,0.0
30.576582,-49.71552,0.0,-78.20246,-85.31822,0.0,-78.48769,71.15817,0.0
-83.923386,-79.419586,0.0,-27.748434,-34.617157,0.0,30.606762,93.076035,0.0
36.618114,99.55424,0.0,-79.5946,-26.844751,0.0,-25.016554,-80.8817,0.0
93.99364,-77.98816,0.0,-75.30226,22.518332,0.0,18.031672,-13.543951,0.0
-14.786777,79.45352,0.0,47.735447,26.50216,0.0,-1.9354466,23.486864,0.0
15.202172,-17.006166,0.0,39.437775,29.036905,0.0,-93.945496,-29.55799,0.0
47.02336,-91.4208,0.0,40.794136,86.37343,0.0,-29.699753,4.6093864,0.0
62.867134,-48.856136,0.0,-1.8149847,78.9309,0.0,-1.7161108,-46.038105,0.0
63.012466,-4.4028506,0.0,54.031242,91.13973,0.0,-13.84059,11.777459,0.0
44.11764,79.75477,0.0,-79.82696,-8.7340555,0.0,-30.879904,-77.09919,0.0
-36.534245,55.892357,0.0,-92.6422,2.1402886,0.0,99.59687,-85.50317,0.0
96.45237,-89.3507,0.0,38.46505,-85.461136,0.0,61.682045,-25.119219,0.0
89.32212,13.130527,0.0,-25.532755,32.473957,0.0,-44.852657,-30.348585,0.0
87.715996,83.18626,0.0,-31.898783,9.447587,0.0,-47.12954,49.137684,0.0
24.432734,-51.25506,0.0,37.919373,34.34345,0.0,75.74002,86.03104,0.0
-52.08106,-32.06405,0.0,-29.014843,89.64573,0.0,52.08442,-1.6384337,0.0
-46.32161,-41.992825,0.0,20.615177,12.5179,0.0,61.832127,53.737743,0.0
39.32853,29.995317,0.0,-42.20129,17.265182,0.0,-42.389187,-56.083714,0.0
-82.19863,-75.75942,0.0,-40.76286,-8.939264,0.0,-49.022324,15.675752,0.0
7.4173923,87.895004,0.0,-89.11807,-20.90608,0.0,-38.983776,-32.933014,0.0
-49.6843,99.363144,0.0,-85.33024,6.613489,0.0,-83.08098,89.7953,0.0
91.605385,93.308525,0.0,84.36994,-96.07185,0.0,-95.59127,-3.8800488,0.0
-89.04228,21.790516,0.0,-19.660952,34.654022,0.0,-92.86684,30.703915,0.0
-79.10046,-54.363335,0.0,43.721146,96.312126,0.0,-98.89128,69.21274,0.0
52.386707,-87.13251,0.0,-28.948462,80.58863,0.0,-89.41278,29.734764,0.0
46.64568,-75.99033,0.0,-96.47505,89.98247,0.0,13.936679,88.806694,0.0
74.613464,-80.90599,0.0,-42.938774,12.394893,0.0,-87.599,38.000866,0.0
23.952509,16.051155,0.0,-32.601154,-11.938021,0.0,-25.629305,-21.607069,0.0
-52.40928,17.183968,0.0,63.90734,17.440338,0.0,-35.99671,54.41857,0.0
-79.81047,-14.580864,0.0,-82.43161,-27.583275,0.0,-0.8022357,-50.486748,0.0
-48.276386,3.2900393,0.0,66.52722,-95.27716,0.0,-46.64135,51.12912,0.0
16.240849,81.5937,0.0,-91.556725,-85.42584,0.0,13.508845,-50.549904,0.0
67.59767,-49.49197,0.0,73.356636,86.78633,0.0,-54.727642,-8.338671,0.0
39.592518,-88.724396,0.0,-92.79826,-23.663712,0.0,68.8734,11.330712,0.0
8.220296,-76.96346,0.0,-68.11744,-93.98965,0.0,-79.78816,-85.057,0.0
-5.91989,-42.287796,0.0,65.06218,85.264175,0.0,-47.411743,-46.905247,0.0
67.22424,99.05005,0.0,-49.386974,49.337967,0.0,65.08933,59.827778,0.0
62.844494,-51.63223,0.0,68.688194,12.113343,0.0,-51.579155,-39.32717,0.0
73.6057,87.08182,0.0,-13.130352,-95.4767,0.0,91.39314,-72.309586,0.0
-96.12171,54.23094,0.0,47.948036,81.81056,0.0,10.8229265,-87.359825,0.0
-45.715103,-38.59061,0.0,-28.901548,20.991446,0.0,31.689718,97.04038,0.0
-5.695084,-94.09836,0.0,-16.594559,-36.30185,0.0,-15.712949,9.146062,0.0
-92.48346,23.186834,0.0,61.70155,26.01339,0.0,-61.120808,88.377335,0.0
60.149532,96.15884,0.0,51.49595,45.61953,0.0,-10.332824,30.264257,0.0
65.310814,58.330383,0.0,27.413078,-98.213806,0.0,99.562546,93.65449,0.0
15.616403,-15.180428,0.0,9.178324,18.131073,0.0,-80.49154,39.87891,0.0
-11.83591,-39.316746,0.0,90.97613,-76.831024,0.0,72.97307,-75.48318,0.0
37.4868,-78.863625,0.0,-48.903534,73.3982,0.0,86.799,85.37931,0.0
-26.256151,-49.750828,0.0,-75.26256,8.395543,0.0,-54.586258,-28.016706,0.0
-93.32661,39.411877,0.0,65.30449,98.25005,0.0,-47.012783,-4.7208233,0.0
-47.013336,-78.77448,0.0,-17.779041,9.274759,0.0,-0.07046215,-98.67303,0.0
-38.30951,-61.667812,0.0,-10.692124,77.20235,0.0,-70.067116,82.86547,0.0
-75.2607,-5.267791,0.0,73.85581,27.426844,0.0,-44.8413,61.14814,0.0
-34.779266,-52.969017,0.0,63.79914,-13.610991,0.0,54.33974,-89.726326,0.0
13.43097,-35.182278,0.0,1.7303181,12.9498415,0.0,39.217377,21.408539,0.0
79.84574,-93.64365,0.0,-76.89376,-57.158184,0.0,-10.346604,34.640667,0.0
-93.538246,3.6116726,0.0,68.98989,27.292902,0.0,-50.049606,82.30497,0.0
-25.395851,27.274366,0.0,65.75541,24.883745,0.0,-15.444418,-82.58529,0.0
-21.679434,-47.202286,0.0,64.81849,-23.734194,0.0,-85.181816,-80.51588,0.0
81.35093,-84.9151,0.0,61.789665,5.4080877,0.0,23.694468,90.226295,0.0
83.697044,21.718298,0.0,8.355385,-80.303,0.0,-75.77869,89.6038,0.0
-88.17306,-57.98534,0.0,-79.277115,-77.44992,0.0,78.62996,14.533026,0.0
-90.64248,89.75996,0.0,8.021363,75.851494,0.0,41.228706,84.171135,0.0
-37.200977,-75.453384,0.0,-4.0178933,92.63309,0.0,67.10307,-6.324044,0.0
2.5598996,79.1446,0.0,96.5877,-34.891937,0.0,98.12202,64.10704,0.0
75.339874,2.4247005,0.0,37.454052,-46.320057,0.0,-99.337105,-3.1938624,0.0
68.305885,92.397736,0.0,71.10407,21.821459,0.0,-26.917013,-34.587967,0.0
23.57931,-28.410975,0.0,90.85752,-95.87543,0.0,-67.05296,-89.57904,0.0
50.592434,0.95093644,0.0,-87.61561,-82.36191,0.0,-62.26125,76.69804,0.0
-5.7772403,-84.40542,0.0,36.849255,85.686745,0.0,-42.41331,67.25476,0.0
-54.17329,-68.56544,0.0,62.823135,-49.83581,0.0,35.653698,96.76223,0.0
-59.573235,-93.054,0.0,-95.93652,62.027573,0.0,-45.87352,49.616085,0.0
-36.51472,-80.27765,0.0,-7.927937,-99.161766,0.0,99.61288,-93.5422,0.0
-36.637573,-45.02336,0.0,-45.66858,82.04424,0.0,-35.75857,-23.989046,0.0
61.80257,-91.572845,0.0,-91.02936,96.81047,0.0,-44.894516,52.03124,0.0
-43.02731,-37.31146,0.0,-30.092274,98.595276,0.0,91.306076,-30.730259,0.0
-19.536688,16.45226,0.0,15.339781,-47.52099,0.0,-98.83131,40.100254,0.0
-98.353035,62.560974,0.0,84.40414,30.470472,0.0,79.98184,80.918724,0.0
73.98351,-80.99681,0.0,-37.888443,-36.520866,0.0,-47.8964,97.22011,0.0
-51.338943,-27.588095,0.0,28.957043,-49.742733,0.0,-40.536945,64.46237,0.0
-36.958477,98.61565,0.0,-38.163837,66.6873,0.0,-93.374855,-67.09918,0.0
-39.209515,36.705097,0.0,97.31182,-85.87828,0.0,-31.448761,21.717424,0.0
-75.27773,19.160908,0.0,-29.916782,-42.797894,0.0,62.51978,-97.365036,0.0
-78.27959,-28.027979,0.0,89.36704,79.30937,0.0,28.400764,-94.49332,0.0
-15.178287,99.58405,0.0,66.159676,44.743286,0.0,2.3152034,29.344759,0.0
-88.08899,99.747765,0.0,0.03802662,-54.203587,0.0,-46.43921,85.84983,0.0
22.135727,-27.43594,0.0,15.173726,-43.903584,0.0,2.9199252,80.23448,0.0
74.37973,-97.1918,0.0,65.13139,60.101395,0.0,90.4365,4.7408943,0.0
8.826861,80.237335,0.0,-41.55696,68.26468,0.0,-22.253073,88.796,0.0
-23.357817,-84.14933,0.0,3.043442,94.13242,0.0,-1.8744338,-91.05512,0.0
81.86067,82.181435,0.0,65.05142,-31.615696,0.0,-83.37836,37.66995,0.0
93.75573,77.19027,0.0,-30.529272,5.999469,0.0,60.225765,82.61886,0.0
42.51898,25.091389,0.0,25.204489,90.9897,0.0,96.45926,-93.92313,0.0
76.81304,-75.31106,0.0,28.617496,25.373596,0.0,58.92162,43.751305,0.0
52.265488,-3.1614199,0.0,45.083485,95.33378,0.0,16.140455,-17.652218,0.0
68.06242,-7.8706737,0.0,29.391033,31.473331,0.0,-44.606865,48.584007,0.0
22.962305,14.074684,0.0,-60.83535,-92.25788,0.0,91.20649,59.00048,0.0
63.11372,20.834642,0.0,-26.2984,-86.24735,0.0,-77.55668,11.221162,0.0
-6.2190323,-30.801458,0.0,-75.506966,62.549305,0.0,-34.130848,15.495788,0.0
-19.32648,-75.02859,0.0,-91.526436,52.28129,0.0,-30.384558,-41.82879,0.0
-48.332386,54.80854,0.0,-64.01967,-80.539604,0.0,27.015331,-87.36709,0.0
-36.715607,66.00845,0.0,99.20546,59.168915,0.0,37.33838,85.195816,0.0
57.0394,56.06418,0.0,-39.87302,38.453407,0.0,27.917816,78.65703,0.0
-93.841255,39.283245,0.0,-28.590488,-20.672419,0.0,-35.190678,73.38304,0.0
-63.778065,-78.50438,0.0,-91.565834,62.232407,0.0,-57.407085,87.77066,0.0
37.623497,97.7045,0.0,59.521027,-72.848465,0.0,88.236176,75.578835,0.0
-80.05732,-32.826527,0.0,-16.54233,-76.0827,0.0,12.880059,1.6157308,0.0
60.9831,-15.469449,0.0,91.69362,51.626705,0.0,82.508125,95.88963,0.0
-75.74375,79.040596,0.0,-91.44111,-77.556564,0.0,86.66783,-80.04714,0.0
-38.00485,-41.360363,0.0,-15.369603,80.66125,0.0,10.6452265,24.849657,0.0
57.428688,-15.884676,0.0,-76.4986,12.726139,0.0,89.79994,-79.01635,0.0
67.50129,-79.26009,0.0,70.4757,17.516687,0.0,15.769256,-17.723791,0.0
23.585173,27.71705,0.0,47.168217,-76.4032,0.0,-52.770798,-82.340256,0.0
53.01848,52.86779,0.0,26.268541,-79.6255,0.0,66.51339,-93.80105,0.0
-8.982378,76.937546,0.0,22.580078,-12.393323,0.0,-18.72677,5.709373,0.0
-73.066216,-93.0352,0.0,-37.225735,-33.46466,0.0,86.93481,97.15251,0.0
1.2299786,-51.340862,0.0,5.874527,-54.73424,0.0,28.88745,-75.07687,0.0
65.45324,32.30939,0.0,-70.306854,-97.29579,0.0,77.71249,94.93831,0.0
-8.125507,-52.14269,0.0,57.707855,-65.7223,0.0,79.727394,75.26671,0.0
-91.05079,-57.928024,0.0,5.7266817,-49.433002,0.0,16.161251,5.8057766,0.0
-75.316,87.698906,0.0,-78.94309,-1.0910035,0.0,-42.12906,15.658632,0.0
-26.5609,9.706862,0.0,5.2557425,77.6614,0.0,45.66883,-81.21583,0.0
2.7133815,8.878414,0.0,-27.375393,-49.779083,0.0,-14.835034,-94.08281,0.0
-29.887917,-31.110722,0.0,-94.13933,-22.948238,0.0,-53.16554,8.2423725,0.0
-50.80618,-34.589146,0.0,-35.473476,-43.30875,0.0,96.38625,52.859932,0.0
97.81029,-67.694145,0.0,56.008793,-46.42841,0.0,-40.132668,-53.068825,0.0
13.922994,-77.36819,0.0,-28.373854,-88.73122,0.0,-45.695404,66.31809,0.0
-90.07928,95.57826,0.0,-95.624466,3.9876437,0.0,-6.6824884,-31.578838,0.0
92.76347,-33.357834,0.0,80.835205,-87.910645,0.0,-30.123812,-73.97185,0.0
44.667786,99.1428,0.0,-93.18639,63.111183,0.0,-22.285788,18.488993,0.0
-90.73867,-54.044804,0.0,-45.49581,-92.545456,0.0,-18.625208,-77.83763,0.0
-46.906506,-19.82721,0.0,46.51484,-42.46814,0.0,27.161787,30.957975,0.0
-45.337276,16.945433,0.0,27.096863,-48.87208,0.0,-86.48605,81.20255,0.0
8.650105,11.807124,0.0,39.43895,-52.998013,0.0,-41.88864,-45.982487,0.0
-80.55742,-21.631243,0.0,-13.863146,-36.26557,0.0,-81.65778,80.29349,0.0
-27.686262,14.536613,0.0,-95.92667,9.132942,0.0,62.099377,43.86899,0.0
-30.803953,22.69404,0.0,-76.57717,14.729399,0.0,-92.77535,-21.06827,0.0
15.6202135,-16.211174,0.0,-75.84224,19.629002,0.0,-27.703217,19.400425,0.0
0.16723068,96.59904,0.0,-25.377169,32.218643,0.0,39.592674,90.69827,0.0
-39.902775,-87.335144,0.0,80.47481,0.093078926,0.0,-38.91434,72.2539,0.0
-93.36938,-19.563559,0.0,96.587944,-63.04801,0.0,21.59982,4.2572913,0.0
41.41684,28.809317,0.0,-84.2163,7.775924,0.0,-89.64893,-56.976074,0.0
-50.489487,58.394806,0.0,-13.172617,-29.307203,0.0,-21.758871,9.855622,0.0
13.443048,87.94991,0.0,23.447369,82.92192,0.0,25.871437,79.10366,0.0
48.703716,79.59306,0.0,-9.453323,94.3216,0.0,13.355902,-29.835508,0.0
-77.316765,78.0385,0.0,-72.36165,94.32406,0.0,-81.696884,-59.692234,0.0
11.361944,23.19219,0.0,59.863346,6.73813,0.0,-91.92702,-95.55879,0.0
-51.01744,18.104788,0.0,97.92307,-28.76635,0.0,-80.704704,-57.527557,0.0
96.39357,-59.12144,0.0,92.37246,31.948347,0.0,52.78158,-20.503868,0.0
-79.68426,-39.942734,0.0,-0.8469122,-32.4669,0.0,4.77945,14.881973,0.0
99.811966,-42.14664,0.0,-93.226166,-68.744576,0.0,-22.79921,-84.31808,0.0
-65.452675,80.777885,0.0,93.03797,-34.509933,0.0,-31.092987,61.699417,0.0
-56.399555,-83.52348,0.0,-95.16093,76.85966,0.0,60.301315,47.682533,0.0
76.499626,-78.14228,0.0,94.39014,-22.483232,0.0,56.55152,-5.2845073,0.0
-19.544603,-43.625137,0.0,-32.18414,-50.51645,0.0,-52.336697,15.883797,0.0
55.272655,26.90886,0.0,72.48931,76.05369,0.0,-49.87899,14.930794,0.0
-80.57313,-72.77339,0.0,-86.77729,-30.378075,0.0,26.758207,26.823751,0.0
26.440626,-92.234344,0.0,92.18742,-64.801704,0.0,-79.18042,18.067549,0.0
-41.454037,20.94256,0.0,18.851746,24.557022,0.0,25.222698,-3.1367652,0.0
-49.28732,-35.3632,0.0,60.265358,41.6695,0.0,-76.61345,-50.66646,0.0
-54.357193,-53.484806,0.0,51.201836,-55.820965,0.0,-91.84266,84.83356,0.0
-5.5159626,-47.271793,0.0,29.869751,11.94052,0.0,42.444935,-98.378235,0.0
-75.252335,21.609957,0.0,63.88335,36.6737,0.0,52.15638,-0.82400095,0.0
67.21117,-82.37938,0.0,-30.109383,11.223822,0.0,-53.167736,65.73351,0.0
90.91233,-19.361217,0.0,-26.971329,87.901054,0.0,-1.4657902,84.59039,0.0
-21.664553,18.153093,0.0,84.850716,21.587713,0.0,-46.244568,42.79471,0.0
20.977196,-35.631195,0.0,43.62487,99.01049,0.0,-63.527172,76.33373,0.0
48.532505,-53.5758,0.0,-50.97892,-11.311559,0.0,60.193985,-3.337693,0.0
-46.54495,-37.016922,0.0,65.40744,-78.5021,0.0,-30.606516,-68.411,0.0
62.55187,-92.07617,0.0,-82.067345,22.599176,0.0,34.248936,-43.670635,0.0
-81.84787,28.927113,0.0,-31.940073,-3.6216621,0.0,-16.712414,22.015781,0.0
90.77158,85.40246,0.0,31.427942,30.61798,0.0,-18.823412,19.85393,0.0
-80.109985,28.46583,0.0,54.17126,57.62235,0.0,-37.10086,76.90696,0.0
20.21281,97.742294,0.0,79.70745,-82.3499,0.0,85.86404,29.356604,0.0
97.700035,83.15645,0.0,-39.871834,86.62687,0.0,-85.017555,-38.328827,0.0
85.30356,86.72062,0.0,-79.036064,3.5581348,0.0,-43.858795,-35.460274,0.0
-81.79999,44.90135,0.0,66.97071,72.99374,0.0,60.602722,-95.6959,0.0
39.4899,28.26982,0.0,71.4014,-83.63281,0.0,82.37084,5.411311,0.0
41.934807,-47.062,0.0,-3.9576643,-52.77362,0.0,74.79267,28.527763,0.0
-11.87194,80.58573,0.0,-99.98459,78.72575,0.0,96.907394,-92.22909,0.0
55.033527,-33.753353,0.0,6.983698,-35.43289,0.0,58.190025,42.88265,0.0
60.157715,98.838936,0.0,-98.67371,-37.19794,0.0,-44.201756,-5.8542943,0.0
-34.62896,13.188779,0.0,-95.33789,-81.16749,0.0,-49.19512,74.92414,0.0
-7.8744197,-96.57904,0.0,-80.961945,-23.45957,0.0,83.8074,7.4346175,0.0
-48.13769,26.64748,0.0,46.73491,-93.93788,0.0,-54.033825,66.01237,0.0
51.0451,11.051046,0.0,7.3009624,-30.726425,0.0,-52.51304,67.08479,0.0
-93.443924,-48.714367,0.0,-52.278378,29.190294,0.0,19.32856,-26.851938,0.0
-80.00988,77.92196,0.0,56.64769,-97.43514,0.0,-95.16788,5.120893,0.0
84.898315,-84.87654,0.0,94.36718,82.71695,0.0,10.796277,-37.101,0.0
-1.7195634,-52.171394,0.0,-14.929967,79.30522,0.0,61.66108,-95.77092,0.0
74.37098,16.038828,0.0,18.81325,94.76345,0.0,53.065178,-15.787678,0.0
-59.345165,-84.454216,0.0,-90.00165,74.58513,0.0,-58.84579,-99.11863,0.0
80.15603,98.15096,0.0,-37.18088,-28.613586,0.0,58.43724,65.344475,0.0
-75.22084,13.40581,0.0,-50.84924,-87.022675,0.0,-48.904083,-70.1697,0.0
79.681046,75.518776,0.0,-32.549706,-26.932703,0.0,23.372553,-53.44557,0.0
-85.9912,13.99915,0.0,9.489195,-54.98056,0.0,-75.505486,-70.613525,0.0
-15.35642,93.12412,0.0,-19.292713,-75.96639,0.0,15.931379,-81.55072,0.0
16.040688,78.27879,0.0,-88.48265,-43.5654,0.0,65.797775,-32.651157,0.0
55.058453,-96.74671,0.0,92.378654,-36.70833,0.0,70.631165,7.944889,0.0
80.27937,14.317794,0.0,67.462364,25.75894,0.0,36.787212,-82.76821,0.0
57.319992,-26.824406,0.0,-56.40634,-75.79474,0.0,-33.285812,-73.568924,0.0
-13.592605,-43.061012,0.0,-1.5174798,-35.03606,0.0,1.6986659,-79.49654,0.0
-91.9961,62.583588,0.0,96.87219,54.040882,0.0,-12.813211,-37.97826,0.0
-51.28326,-54.720398,0.0,-33.66558,-51.04226,0.0,-52.975533,-98.08528,0.0
-8.494248,-54.824593,0.0,57.875355,-27.345825,0.0,-29.616198,-19.671244,0.0
-43.417095,39.02566,0.0,8.8724985,-45.53881,0.0,-73.35038,-78.68449,0.0
-22.14703,18.729813,0.0,63.151436,19.23745,0.0,31.966196,-84.04095,0.0
-13.310215,-40.942963,0.0,-25.376625,-26.706547,0.0,-41.757206,89.35976,0.0
-98.934364,-88.26059,0.0,21.375233,-16.768251,0.0,50.09056,7.8653383,0.0
-40.427574,66.332,0.0,-24.754353,-49.766445,0.0,-36.31541,-65.06532,0.0
52.139458,-39.61797,0.0,-90.62155,42.73332,0.0,77.615524,76.4241,0.0
70.10418,31.897314,0.0,52.528507,-9.00365,0.0,15.418898,-23.047194,0.0
-84.321625,88.0072,0.0,93.1663,94.10758,0.0,-95.28382,-4.001415,0.0
59.16077,-59.13643,0.0,-26.388351,-85.8052,0.0,94.45714,-96.60123,0.0
-88.51355,23.57235,0.0,57.662235,-68.06103,0.0,-92.95854,75.52869,0.0
-0.8537103,11.804482,0.0,-84.24356,-26.693197,0.0,50.76346,-68.28043,0.0
14.901973,32.73423,0.0,-48.252785,45.180294,0.0,13.61953,-45.990097,0.0
59.385876,76.23651,0.0,-39.246155,-19.694828,0.0,-38.357742,77.12353,0.0
-90.15244,-66.895775,0.0,61.771954,20.373026,0.0,-93.65155,2.5570326,0.0
-20.207623,17.809277,0.0,53.7545,30.467714,0.0,-24.061472,82.3136,0.0
78.46036,11.895215,0.0,-88.530495,26.590652,0.0,-7.7508693,78.41117,0.0
-18.658808,-90.789474,0.0,61.857468,74.9116,0.0,15.604339,80.451096,0.0
-98.72869,8.081528,0.0,-87.01135,-21.764406,0.0,-30.48642,71.011536,0.0
60.365257,-94.94812,0.0,-7.394734,-36.471035,0.0,-93.58506,-80.09088,0.0
-43.766945,52.435444,0.0,56.71941,35.092087,0.0,53.42309,-80.37714,0.0
-21.653416,-52.340324,0.0,68.49835,29.531256,0.0,57.883457,-6.624886,0.0
-65.34401,96.87426,0.0,17.917667,-44.032635,0.0,-37.91681,65.933784,0.0
-88.99094,-80.84893,0.0,63.34025,70.72976,0.0,-26.667477,-4.3880877,0.0
32.31157,29.071045,0.0,-98.62649,63.98186,0.0,-34.447598,-38.57461,0.0
-84.71277,17.96819,0.0,-39.640675,-1.6645874,0.0,23.263805,10.7034,0.0
97.41188,-30.556849,0.0,-36.485424,18.534967,0.0,-32.480526,0.0073132287,0.0
-28.16314,29.296162,0.0,19.504889,15.863392,0.0,-40.476078,11.458784,0.0
92.97935,-79.15267,0.0,-23.484531,-26.23746,0.0,-82.750984,31.184078,0.0
-31.476952,33.70527,0.0,69.831955,74.93405,0.0,-82.8463,-89.999306,0.0
87.30616,13.66527,0.0,4.9675794,-89.07272,0.0,-42.597908,-10.329453,0.0
96.79275,14.397645,0.0,54.495777,84.80426,0.0,56.881947,-88.83289,0.0
-24.217012,-38.871162,0.0,42.202724,-85.046135,0.0,-5.306061,-77.57687,0.0
91.1752,63.232605,0.0,36.921867,21.683432,0.0,87.937195,-78.22061,0.0
-77.2482,-43.706722,0.0,-43.99869,51.59961,0.0,-32.21749,65.20929,0.0
-97.90528,-85.477295,0.0,-65.86598,96.10499,0.0,55.495632,-10.100602,0.0
-5.774515,79.21626,0.0,-94.205086,-89.30317,0.0,29.472143,-88.43738,0.0
-54.866627,37.50443,0.0,-65.038216,92.63418,0.0,-90.99815,-62.80529,0.0
46.399677,-45.557804,0.0,19.189123,90.782486,0.0,-17.57358,96.83479,0.0
1.4164623,-44.372498,0.0,52.099743,-26.866358,0.0,50.90968,-91.9556,0.0
54.743347,-86.21688,0.0,63.068256,65.52437,0.0,-69.13585,82.961105,0.0
-11.128191,-39.716877,0.0,95.12577,-66.140144,0.0,94.40579,52.819717,0.0
-28.845684,-9.144897,0.0,57.677113,-78.56531,0.0,84.60166,-78.603065,0.0
-17.519667,16.11401,0.0,-20.172188,6.32125,0.0,-84.46915,-34.53545,0.0
32.7715,93.090515,0.0,-40.49324,-27.081442,0.0,59.076965,-13.895865,0.0
-26.202002,75.653915,0.0,-75.406166,-94.95687,0.0,-41.433315,13.006086,0.0
-97.292496,5.5209513,0.0,-33.593655,30.482653,0.0,71.35161,25.554705,0.0
37.19302,82.78912,0.0,63.372578,51.949894,0.0,52.91181,-52.787834,0.0
-22.256712,85.15312,0.0,-20.18131,25.077084,0.0,71.24501,-98.30502,0.0
94.885,21.872303,0.0,-75.4791,94.30029,0.0,15.965409,15.803175,0.0
-8.797302,11.254655,0.0,-89.32314,84.84484,0.0,53.189533,-84.33088,0.0
-16.109884,-85.62653,0.0,17.923569,80.7841,0.0,-98.21816,79.39197,0.0
-2.3838246,11.63142,0.0,58.240658,-32.849857,0.0,35.92721,34.673447,0.0
35.318455,21.19996,0.0,22.99161,25.870216,0.0,-13.679644,17.67997,0.0
-41.589237,-4.135312,0.0,58.73873,91.60428,0.0,97.199486,37.894566,0.0
58.216164,-52.662327,0.0,59.463844,-63.41685,0.0,67.26489,32.13818,0.0
-49.409317,-93.436,0.0,-52.72889,2.6469038,0.0,59.276955,-0.118753076,0.0
95.69183,22.738348,0.0,-82.41745,11.486553,0.0,57.857227,77.42769,0.0
-23.11262,91.80176,0.0,64.985405,74.12983,0.0,-35.600853,78.24689,0.0
12.113539,-98.60661,0.0,-40.571583,23.842018,0.0,92.71906,99.761,0.0
-47.2288,-51.4914,0.0,-29.43264,-83.52508,0.0,4.193406,-79.216736,0.0
34.09551,90.02713,0.0,31.060415,23.63418,0.0,14.258536,-76.28705,0.0
99.73988,17.910614,0.0,-84.461586,46.945686,0.0,61.588673,79.18558,0.0
13.611182,-96.32478,0.0,56.054714,-21.005981,0.0,94.93267,58.15049,0.0
85.32702,29.259993,0.0,94.025116,-8.606367,0.0,44.835308,84.70757,0.0
47.85336,97.945885,0.0,-62.799713,-81.42557,0.0,-49.51866,-20.307703,0.0
23.537235,-88.520195,0.0,39.43704,-83.628334,0.0,17.379652,-21.267262,0.0
-50.120934,-29.858,0.0,55.04332,-1.6508874,0.0,-80.52409,28.192308,0.0
-52.213596,-82.72501,0.0,51.793316,9.92235,0.0,73.34989,-89.832,0.0
20.13814,29.616919,0.0,-15.80699,-95.82942,0.0,-90.682755,58.003353,0.0
-21.976732,-36.82471,0.0,-77.98453,-87.354,0.0,-62.746853,97.56608,0.0
-84.86155,-38.471912,0.0,-13.418719,88.92157,0.0,99.29238,-73.52034,0.0
81.82281,-76.565796,0.0,51.113186,-63.390118,0.0,-2.4313262,-81.838196,0.0
-15.845287,-35.984764,0.0,92.961754,63.074818,0.0,-78.21046,-14.74799,0.0
40.438778,-78.99374,0.0,25.964079,17.38961,0.0,8.383042,-93.66089,0.0
-98.65082,-26.039614,0.0,63.135723,-4.0289125,0.0,-95.98731,54.24541,0.0
-45.60726,-6.199326,0.0,94.337036,-87.7884,0.0,-11.803448,32.235115,0.0
-11.735704,80.304276,0.0,-46.476402,-22.084911,0.0,-39.64825,-32.94544,0.0
49.58395,-98.04303,0.0,94.47123,24.252129,0.0,-94.79091,11.904624,0.0
94.67615,65.397385,0.0,-81.907974,85.06211,0.0,-88.45319,-12.0325985,0.0
59.74523,24.248447,0.0,-53.288136,-15.300101,0.0,11.099293,-88.220604,0.0
62.11901,53.525013,0.0,-45.97218,-85.31377,0.0,-89.48377,-46.738594,0.0
-53.097656,-37.547398,0.0,75.475685,30.961765,0.0,-49.655605,37.99611,0.0
5.2959867,14.110166,0.0,69.57482,-34.30884,0.0,56.036266,31.58131,0.0
3.6610732,84.761856,0.0,45.4,-76.95948,0.0,62.11961,-47.049274,0.0
52.41606,-32.831245,0.0,-43.501957,61.404476,0.0,65.275,99.261765,0.0
54.937466,-15.926136,0.0,-50.661583,27.184805,0.0,-41.588547,2.9064457,0.0
91.25884,-20.496492,0.0,-78.48766,85.25685,0.0,18.139175,-30.762867,0.0
-40.294426,-30.195435,0.0,50.880486,11.847594,0.0,21.628044,23.067482,0.0
12.570981,-36.591515,0.0,-51.3614,-49.57953,0.0,4.806462,-36.31481,0.0
-8.214818,90.49243,0.0,-43.61565,86.39732,0.0,-52.14164,-37.993412,0.0
-89.765434,23.69525,0.0,-47.23485,68.90502,0.0,-67.93649,79.22485,0.0
-35.959465,79.85473,0.0,-76.85656,-84.002304,0.0,-31.821758,-14.4681835,0.0
-31.72869,-69.792336,0.0,-53.820885,2.4679039,0.0,29.071083,9.11801,0.0
-90.80407,0.097691946,0.0,-64.51114,86.282166,0.0,57.518658,91.88471,0.0
-24.555439,-81.26008,0.0,-81.85373,-38.432323,0.0,-20.046003,-31.05873,0.0
58.441555,-55.070896,0.0,58.01924,-82.92599,0.0,-39.94114,92.96507,0.0
13.33619,20.8049,0.0,52.196617,81.10213,0.0,56.248653,-90.764404,0.0
32.10226,-51.99333,0.0,-97.53241,-47.27881,0.0,-10.401286,82.48856,0.0
-90.87197,-71.87484,0.0,71.44902,27.600945,0.0,63.48068,97.88029,0.0
52.937824,-7.543313,0.0,-92.587746,-38.621418,0.0,-19.70597,6.914528,0.0
-87.58853,-75.79247,0.0,63.465996,20.856096,0.0,-51.302315,-35.021996,0.0
42.933914,24.820496,0.0,-53.721786,-35.016197,0.0,-7.3803306,79.251,0.0
43.371185,-76.67826,0.0,5.303252,19.345493,0.0,-46.417526,23.46392,0.0
-74.77392,-82.691284,0.0,-48.00666,69.81222,0.0,-71.753334,92.06596,0.0
63.1997,-21.356308,0.0,51.842537,-57.533024,0.0,51.361,-37.115196,0.0
-35.410652,-28.264105,0.0,68.051125,-96.054,0.0,25.184513,-52.03447,0.0
-74.23058,89.19286,0.0,5.8155994,-36.93239,0.0,94.98412,38.69548,0.0
64.071625,13.136087,0.0,95.84388,85.997505,0.0,52.640594,-16.27474,0.0
90.526344,67.492455,0.0,-86.00104,-97.687195,0.0,35.493416,87.15193,0.0
-78.23119,69.195114,0.0,43.331028,-77.82524,0.0,-18.159964,87.20407,0.0
-45.737537,14.114726,0.0,-51.30657,63.06454,0.0,40.19495,34.701447,0.0
-90.8852,13.632799,0.0,-92.065506,68.53773,0.0,-7.2667146,98.318146,0.0
83.11419,19.281069,0.0,-29.058641,26.042309,0.0,97.20009,98.784065,0.0
-96.95379,12.220609,0.0,25.358982,21.950449,0.0,94.03147,-51.253902,0.0
-38.858765,41.467606,0.0,-38.065216,39.10914,0.0,36.9996,20.959473,0.0
-27.582724,-29.689835,0.0,-50.96221,-92.07638,0.0,-29.814598,-95.09302,0.0
41.214584,34.1011,0.0,72.10452,81.638306,0.0,97.05184,53.79591,0.0
69.76796,88.6511,0.0,15.283122,6.4622493,0.0,38.310535,-83.97154,0.0
-97.67487,79.72295,0.0,-3.4278069,-98.349915,0.0,-50.510773,10.868011,0.0
-20.96831,-34.90773,0.0,-12.978563,92.71774,0.0,65.2314,45.718513,0.0
3.0440161,-92.63751,0.0,72.018295,-81.27435,0.0,-40.15999,38.496952,0.0
-98.572014,17.589815,0.0,67.914444,-28.663862,0.0,55.173687,-25.290632,0.0
-88.248726,77.30528,0.0,-89.19439,82.899994,0.0,-45.03141,76.22086,0.0
-38.95399,-9.30193,0.0,-37.919617,-30.169874,0.0,84.57716,76.4701,0.0
-33.5225,-53.21481,0.0,-62.1829,84.55458,0.0,-32.884525,-83.46448,0.0
67.689964,22.793,0.0,55.185547,-34.874374,0.0,-90.29382,79.13628,0.0
-49.07463,-15.3996525,0.0,-15.719236,21.069576,0.0,-42.83665,63.62921,0.0
46.871418,93.71157,0.0,63.181767,14.83611,0.0,-87.84295,97.80837,0.0
-20.128483,-85.435005,0.0,49.75416,21.792892,0.0,-2.4754162,-34.276752,0.0
-79.54346,3.4104905,0.0,93.2024,-69.83163,0.0,-29.967316,-47.020386,0.0
-81.58147,-14.9174795,0.0,25.559229,-53.61349,0.0,52.663944,-82.24677,0.0
97.62736,-14.634894,0.0,-87.39144,64.307274,0.0,3.8209817,90.74303,0.0
25.23452,76.514,0.0,68.45326,38.84479,0.0,44.36806,98.29028,0.0
2.1450455,27.955694,0.0,6.8967385,7.9865146,0.0,-49.656956,42.5475,0.0
-78.37031,61.624832,0.0,-90.607475,67.729034,0.0,-46.6808,-87.835976,0.0
-19.646639,81.72885,0.0,-95.86685,3.458287,0.0,-42.763573,52.539787,0.0
-75.00425,-9.647239,0.0,26.6095,-95.41209,0.0,39.649693,-75.97527,0.0
3.2557173,-36.55406,0.0,67.763306,-45.998703,0.0,38.11046,86.603645,0.0
35.02231,-44.710537,0.0,-78.94183,72.9084,0.0,-57.60556,-81.69237,0.0
-37.32298,-50.604156,0.0,-71.23653,-78.44745,0.0,54.13529,-11.742493,0.0
98.14088,-18.785442,0.0,68.13158,-24.845825,0.0,82.81568,18.617327,0.0
-96.64816,91.741905,0.0,92.41704,35.637638,0.0,67.74515,51.852203,0.0
18.48096,-21.924147,0.0,-14.070473,-34.559208,0.0,-93.60694,-80.6055,0.0
58.44834,35.31681,0.0,-59.233696,81.59752,0.0,53.2967,29.676744,0.0
-4.9866934,-48.060112,0.0,-79.15587,20.969082,0.0,-11.528599,-94.683426,0.0
28.037355,-94.01832,0.0,-3.5866063,-37.123722,0.0,-40.02031,57.935184,0.0
2.6895084,90.81908,0.0,65.299644,-35.863487,0.0,-46.675137,-85.49395,0.0
-28.306108,-26.373966,0.0,-98.41672,-3.4797232,0.0,-94.77832,33.207767,0.0
24.319904,34.209393,0.0,-52.033504,-12.640666,0.0,57.516403,-75.89827,0.0
-32.25794,6.92213,0.0,-36.031517,19.291231,0.0,-31.169138,54.49983,0.0
35.53284,-82.874275,0.0,1.3387579,31.246696,0.0,48.7198,-46.24959,0.0
37.91753,-75.059586,0.0,-32.844242,74.35178,0.0,-86.761246,-52.452633,0.0
85.15712,-84.87184,0.0,56.11076,-0.31643668,0.0,-99.711136,-69.0206,0.0
75.48303,-78.75117,0.0,62.498283,-33.302258,0.0,-10.541915,-49.51566,0.0
-17.334696,-53.412575,0.0,-93.79765,9.654701,0.0,99.606735,97.17431,0.0
95.863945,-6.1629806,0.0,73.42785,19.503267,0.0,-81.05896,11.837586,0.0
95.7898,-0.050834555,0.0,-88.41836,64.36882,0.0,97.49723,-14.26698,0.0
18.956726,-6.2721395,0.0,20.675331,-2.1843536,0.0,18.988298,9.427141,0.0
19.29093,-20.26288,0.0,-76.669785,33.568916,0.0,-35.25052,-53.717228,0.0
6.4645424,76.794205,0.0,-68.17571,89.03165,0.0,-78.45008,-32.814762,0.0
2.7182708,-48.233543,0.0,-85.46375,-3.5696726,0.0,73.09201,28.070654,0.0
-96.54446,88.13364,0.0,32.257362,76.895096,0.0,58.21889,-0.5216489,0.0
-67.82104,-81.77883,0.0,-33.49424,3.1112468,0.0,36.21514,84.061775,0.0
-30.170422,18.419144,0.0,-33.57593,76.979034,0.0,35.68934,-97.96459,0.0
-63.33119,83.38123,0.0,15.58399,-95.12848,0.0,-36.109283,57.993217,0.0
54.38347,-8.826883,0.0,66.84465,-83.33441,0.0,-81.14168,-8.168539,0.0
39.106007,-50.091324,0.0,-77.5911,-16.339678,0.0,-52.526463,-81.08892,0.0
69.51806,89.749405,0.0,63.391773,40.102543,0.0,54.210484,0.9462949,0.0
-81.238945,-38.435066,0.0,-50.679935,6.285446,0.0,67.5308,48.829506,0.0
50.154915,34.249924,0.0,52.716515,69.34302,0.0,70.32338,-87.77906,0.0
-92.91575,-49.29135,0.0,-76.453224,-59.543976,0.0,13.635442,-27.644459,0.0
-77.562325,14.426703,0.0,-24.397762,-0.308129,0.0,31.882078,75.4259,0.0
61.498238,8.378573,0.0,-29.339622,-88.81434,0.0,-84.385765,9.685802,0.0
-85.43706,-0.98398226,0.0,69.11751,-0.36907548,0.0,-83.977554,-82.08326,0.0
-45.68606,-78.8292,0.0,-82.9953,67.62138,0.0,-28.427542,91.28623,0.0
-2.7393978,23.872198,0.0,-8.249671,-46.742443,0.0,35.019615,86.21976,0.0
-82.22364,-50.788715,0.0,-40.88854,47.48066,0.0,31.1547,28.701097,0.0
-78.29659,55.343052,0.0,-17.297314,-35.421814,0.0,-19.830503,30.636303,0.0
-46.718956,85.522644,0.0,83.768135,9.639481,0.0,38.11824,-97.436455,0.0
4.9047027,-28.585005,0.0,-83.434906,-91.87538,0.0,95.89948,-87.36654,0.0
-49.357807,-55.139507,0.0,29.080132,-40.879547,0.0,10.17367,11.923138,0.0
57.370926,4.083209,0.0,-52.307983,-99.56601,0.0,-95.41938,-35.51429,0.0
91.03821,52.07743,0.0,-46.350475,-67.54364,0.0,93.83356,30.93226,0.0
98.099525,-86.876076,0.0,50.95789,30.294474,0.0,-44.10317,2.252153,0.0
-25.882664,81.158264,0.0,47.626644,98.75732,0.0,57.959503,-61.733986,0.0
-34.066875,83.27702,0.0,-76.82273,-10.676969,0.0,-98.77828,-28.61178,0.0
23.223133,80.10126,0.0,68.24922,-88.52937,0.0,43.65727,77.663414,0.0
95.81136,26.258356,0.0,-42.33361,98.87927,0.0,-84.565094,82.51977,0.0
-15.636199,-45.823856,0.0,-89.07234,-65.51695,0.0,-95.66785,4.02224,0.0
-84.067154,14.310823,0.0,55.01732,2.0767596,0.0,-33.57843,-27.065563,0.0
12.97966,-0.34138384,0.0,13.813457,-24.053886,0.0,63.82274,41.522316,0.0
87.44355,-80.6698,0.0,46.4134,82.123436,0.0,20.05243,10.13233,0.0
-47.680283,92.264854,0.0,36.204918,-92.65297,0.0,27.307013,-38.834908,0.0
-75.714874,-43.234062,0.0,-96.528564,-11.79025,0.0,-32.54407,-9.835685,0.0
91.33214,64.27394,0.0,27.732563,85.4533,0.0,-37.757748,-47.013218,0.0
54.726715,-54.74852,0.0,33.79963,-80.121735,0.0,-87.86224,15.606219,0.0
5.8316126,-34.0289,0.0,-87.6648,-78.8096,0.0,-29.786058,15.474233,0.0
-48.13219,-46.614765,0.0,97.952255,-73.86154,0.0,-93.69807,65.06766,0.0
-56.688133,78.36573,0.0,-34.931255,40.24366,0.0,27.699827,9.037784,0.0
86.42847,20.054802,0.0,97.20507,68.88551,0.0,86.90902,-97.33095,0.0
-41.9002,-47.542862,0.0,-11.000601,22.730104,0.0,-26.574865,14.565344,0.0
-77.48475,20.056349,0.0,-43.665947,17.44244,0.0,-38.86773,-80.4754,0.0
-66.09843,-93.63167,0.0,-48.621624,45.16503,0.0,-20.35223,32.097393,0.0
-85.38706,53.58213,0.0,-94.613464,54.97517,0.0,22.256407,-88.699905,0.0
10.795084,10.797089,0.0,5.5848136,98.52509,0.0,29.796955,30.275585,0.0
14.799173,-5.713086,0.0,16.017796,-83.95304,0.0,67.25458,-17.995327,0.0
-47.137287,-38.77857,0.0,36.52477,78.69497,0.0,-41.385464,-71.86789,0.0
-14.53952,-90.72403,0.0,69.96957,84.5218,0.0,97.40924,66.45235,0.0
2.6558754,98.465454,0.0,-6.263789,11.192787,0.0,6.652111,-29.764612,0.0
-2.1751928,14.985318,0.0,40.790165,-77.524345,0.0,-44.33832,5.072606,0.0
63.934345,74.86853,0.0,-84.05889,-65.86935,0.0,56.995304,-43.68381,0.0
0.9837155,-45.703148,0.0,-61.417004,85.10759,0.0,25.318493,-78.24747,0.0
-94.16673,-70.94196,0.0,-95.49705,-91.79252,0.0,-92.33532,52.357784,0.0
-40.531994,-30.545622,0.0,-83.383354,-67.89327,0.0,15.679649,-86.971146,0.0
67.09228,71.545906,0.0,73.64354,22.037983,0.0,-1.6434373,-35.47942,0.0
53.4563,-75.89587,0.0,72.40498,8.874408,0.0,-32.15782,83.98215,0.0
-44.370197,-79.24768,0.0,21.397863,84.81793,0.0,-4.3184133,89.348404,0.0
-44.775192,-53.128014,0.0,92.313484,-80.16727,0.0,-41.51353,52.11407,0.0
14.169102,-20.828278,0.0,-54.801373,-86.96515,0.0,-54.256264,-66.585815,0.0
-36.011906,43.777763,0.0,48.492546,26.184265,0.0,-35.898655,-1.3211844,0.0
57.517155,-16.579422,0.0,38.56388,-89.252785,0.0,63.43604,44.18959,0.0
-2.580392,82.372925,0.0,-51.34746,-57.14471,0.0,53.224792,58.03107,0.0
88.72627,4.065362,0.0,72.489426,-90.91677,0.0,-20.58536,-76.0552,0.0
-59.829388,-91.52997,0.0,63.946144,-73.31416,0.0,-97.27551,-87.03847,0.0
-91.840065,64.502045,0.0,51.6935,4.8223076,0.0,-91.90603,65.54316,0.0
75.021996,27.794039,0.0,-90.91545,-22.280445,0.0,-49.282085,-6.6732,0.0
19.673954,-38.380814,0.0,28.248209,-16.99069,0.0,68.71711,-37.94482,0.0
2.612554,15.625758,0.0,1.8423364,-78.670395,0.0,-81.7632,-75.53088,0.0
59.758205,-60.08098,0.0,-20.34129,92.744514,0.0,-79.134926,-3.8872716,0.0
66.74851,-61.111298,0.0,29.87441,1.6131083,0.0,-20.91133,-31.246758,0.0
23.480894,-16.97668,0.0,65.39416,62.586796,0.0,16.433722,-44.16734,0.0
13.583114,5.199172,0.0,-36.620525,-39.87531,0.0,59.384964,-43.052715,0.0
-10.000378,83.77681,0.0,67.05616,-99.64418,0.0,-4.461182,-83.061325,0.0
55.91869,82.118225,0.0,-40.6958,52.17639,0.0,-43.97655,-41.263165,0.0
52.423954,-81.45138,0.0,-76.28884,-71.13246,0.0,-23.26907,-19.050028,0.0
29.233255,33.008465,0.0,-47.528378,6.1725674,0.0,18.38987,-26.822554,0.0
50.16895,88.80906,0.0,-80.325,-1.0659758,0.0,-85.561104,99.7667,0.0
-98.61407,46.539593,0.0,88.702965,-99.68857,0.0,6.342101,-84.829346,0.0
-85.82198,68.69529,0.0,47.293377,-79.40437,0.0,-0.71998376,91.169334,0.0
30.759813,80.55901,0.0,-57.63027,-92.08651,0.0,35.64145,-52.026035,0.0
23.826773,-90.78467,0.0,91.854614,46.213104,0.0,-91.44308,-80.4379,0.0
50.402782,76.829895,0.0,-90.6136,-10.478688,0.0,-57.211174,91.25947,0.0
91.0505,41.475826,0.0,-51.028175,0.8088849,0.0,-7.841995,-79.18121,0.0
-2.2862718,19.198294,0.0,0.32713243,-40.029884,0.0,81.64596,84.62589,0.0
-80.658676,76.467415,0.0,-83.590546,-66.66441,0.0,90.02431,87.42766,0.0
63.63743,-48.42991,0.0,-0.5619052,77.09216,0.0,-53.445904,92.77438,0.0
-14.243964,-54.841896,0.0,40.587975,80.3442,0.0,-28.951641,-53.382526,0.0
-92.267555,84.95959,0.0,-70.409904,-87.70911,0.0,-54.284924,-98.36029,0.0
62.148735,56.56628,0.0,-73.448784,-78.18463,0.0,-3.160742,92.05266,0.0
-86.961464,62.074337,0.0,-16.2987,-84.08251,0.0,96.4219,35.00236,0.0
34.381935,21.994139,0.0,86.85194,2.8101845,0.0,-52.27492,67.616714,0.0
1.8383791,-35.383495,0.0,64.71597,10.432746,0.0,92.93675,-10.735116,0.0
-3.0356293,19.44066,0.0,-93.148926,-91.83497,0.0,-43.368675,56.597805,0.0
-90.859474,-67.137794,0.0,-76.70912,-53.25352,0.0,-13.690676,33.017906,0.0
-36.344368,-25.316706,0.0,59.072056,62.86317,0.0,-22.127922,30.24891,0.0
-52.04624,-91.70799,0.0,50.19196,36.620693,0.0,45.311478,30.374859,0.0
-40.62918,18.034912,0.0,-53.282402,11.856453,0.0,-51.641033,-2.1944685,0.0
-15.800534,11.687745,0.0,-39.002625,-58.622463,0.0,-13.735931,-77.67168,0.0
-38.3415,44.3478,0.0,-4.973774,-77.533775,0.0,-72.52239,-82.477295,0.0
64.92112,-43.820847,0.0,-98.565926,-89.71162,0.0,48.731632,-88.27166,0.0
59.01142,-17.36694,0.0,-37.751804,42.214825,0.0,-85.925,-75.056145,0.0
-84.63039,-96.0446,0.0,43.07693,-82.56483,0.0,-35.815174,42.687332,0.0
-48.69839,55.92873,0.0,-5.2271633,92.99507,0.0,91.68693,34.24202,0.0
38.851994,29.173607,0.0,-49.89163,-50.993923,0.0,-9.298556,-30.041183,0.0
-86.35641,29.189177,0.0,-73.10203,-76.12947,0.0,-1.6768211,-90.1988,0.0
33.60871,28.807823,0.0,-89.47627,-94.72365,0.0,92.09943,-43.462208,0.0
63.860584,15.322132,0.0,95.80155,-26.49784,0.0,-2.2121983,31.09954,0.0
-81.94398,-87.19746,0.0,-34.37956,-17.979036,0.0,-48.053112,11.638492,0.0
-9.986028,14.539114,0.0,-87.45801,62.294388,0.0,-98.89609,-80.09898,0.0
90.29343,-38.769127,0.0,29.727354,18.42086,0.0,36.963318,25.899958,0.0
58.85145,45.67278,0.0,-36.970913,-82.243904,0.0,-34.45805,7.0598145,0.0
-47.43249,40.778484,0.0,96.11238,5.165069,0.0,-93.947624,-80.40318,0.0
81.19076,80.73379,0.0,0.7180546,9.965332,0.0,-7.1607027,77.85904,0.0
-90.89323,42.796314,0.0,55.24664,36.49656,0.0,70.17226,24.242624,0.0
-42.286377,4.676166,0.0,-20.053919,89.71509,0.0,12.719786,23.04873,0.0
22.054628,19.519474,0.0,-43.99495,8.537925,0.0,-53.977554,-38.458706,0.0
64.50621,14.514222,0.0,-76.67607,92.55991,0.0,-50.197548,-76.53917,0.0
2.3936927,87.21928,0.0,79.62845,-97.27848,0.0,61.094963,25.335276,0.0
83.62155,88.32496,0.0,-43.583187,-85.33521,0.0,23.301859,14.855901,0.0
73.71756,-81.16312,0.0,-94.8722,-40.91478,0.0,88.79664,-78.73576,0.0
-20.178236,-48.904945,0.0,-53.332535,-87.16497,0.0,-61.868874,88.7247,0.0
-97.885376,80.00324,0.0,-50.299908,-82.806946,0.0,41.948032,-94.67432,0.0
5.9583673,80.92354,0.0,10.117999,-51.033386,0.0,44.127316,-49.15095,0.0
11.13751,-98.95701,0.0,96.50917,-27.221848,0.0,56.543552,-67.215485,0.0
6.364572,25.180391,0.0,-43.341682,18.797989,0.0,-83.17088,-76.52663,0.0
5.517632,99.6572,0.0,10.23617,-44.879482,0.0,26.163809,-86.24068,0.0
69.83746,-99.27673,0.0,-81.477234,-5.563897,0.0,5.3240943,-82.74887,0.0
-35.723957,61.99377,0.0,-68.66675,-94.89407,0.0,15.405826,-22.542307,0.0
-66.76658,-75.72071,0.0,67.65874,61.725586,0.0,-43.598892,-57.219383,0.0
-99.05499,60.170284,0.0,25.565516,-34.14475,0.0,69.3083,-98.034096,0.0
21.266476,-26.017662,0.0,54.896053,66.01825,0.0,-80.45315,-12.475413,0.0
49.798786,-99.0462,0.0,-50.00985,19.188585,0.0,73.76226,-86.750244,0.0
96.16531,89.305145,0.0,-79.77261,-73.16503,0.0,-9.184273,11.282093,0.0
-20.102968,-24.327755,0.0,-15.328233,-40.855953,0.0,-49.672947,-8.758681,0.0
-87.9135,-31.244345,0.0,-46.989384,50.54216,0.0,-9.04948,-41.38077,0.0
-0.08771483,78.21805,0.0,-13.961075,-33.5815,0.0,-45.870106,91.31819,0.0
-17.225245,82.64864,0.0,-44.009605,5.525005,0.0,65.85292,-37.435543,0.0
-89.09775,-3.8720222,0.0,66.01569,-82.34718,0.0,-91.43235,-36.614147,0.0
87.72552,94.95858,0.0,-42.00864,-43.962334,0.0,-12.427865,-47.00676,0.0
84.848526,23.73251,0.0,16.36599,-26.473349,0.0,64.122665,-21.694313,0.0
65.706535,-6.487003,0.0,-51.051308,-5.238759,0.0,-9.41803,-44.160774,0.0
94.54843,95.679794,0.0,50.221905,-8.126539,0.0,16.322958,28.509174,0.0
-18.70847,30.87273,0.0,19.92659,93.76022,0.0,57.99773,-5.6811643,0.0
-10.513852,13.248246,0.0,-1.3914355,10.267408,0.0,65.264595,-18.188036,0.0
77.73977,96.75876,0.0,36.78244,-41.79556,0.0,-45.713078,13.770532,0.0
-89.94861,40.044277,0.0,52.532307,-69.34029,0.0,63.32205,-32.344685,0.0
61.194,30.927338,0.0,-98.50897,7.837867,0.0,13.025983,-52.607018,0.0
-25.760996,-81.68778,0.0,88.86659,-78.34373,0.0,25.02402,6.5950923,0.0
65.49458,3.455534,0.0,68.60526,19.885279,0.0,92.352356,-46.511684,0.0
5.475269,-49.5585,0.0,-26.21469,-94.315895,0.0,93.30585,1.5410857,0.0
-86.57543,-33.33452,0.0,89.867935,7.0360465,0.0,-81.87906,-93.970856,0.0
-4.812936,-38.534565,0.0,49.18127,-42.387444,0.0,-38.109875,0.4144311,0.0
53.52769,-60.50197,0.0,-19.86739,30.277441,0.0,14.70073,7.581861,0.0
50.420475,10.040617,0.0,-53.896786,30.932503,0.0,-30.78915,-32.48699,0.0
-53.98341,-90.80986,0.0,13.657505,-82.55375,0.0,-84.09919,4.8829513,0.0
-33.32614,18.87849,0.0,96.23539,70.4347,0.0,68.18975,-21.169834,0.0
-91.79746,-85.028435,0.0,-43.064705,-47.950466,0.0,-31.801456,-13.702749,0.0
72.682076,89.414764,0.0,43.810833,-79.4997,0.0,-46.838905,-30.452135,0.0
-95.73076,-20.619785,0.0,-84.0447,18.259,0.0,-52.72282,10.724699,0.0
-46.57194,16.421667,0.0,-25.22723,-81.07754,0.0,-52.10421,19.815992,0.0
15.268836,-7.611967,0.0,47.076912,-84.82241,0.0,-4.908675,-79.11016,0.0
26.4524,15.53096,0.0,84.75481,34.178146,0.0,-77.64977,7.532738,0.0
30.715786,-97.44983,0.0,87.33821,9.225196,0.0,33.828403,75.746185,0.0
68.09189,-99.08374,0.0,28.038578,-2.9914904,0.0,-41.978764,-36.657776,0.0
-50.853992,-83.436966,0.0,93.53264,-14.00488,0.0,11.25634,-38.96299,0.0
-96.16629,9.023654,0.0,-77.94562,97.78515,0.0,-6.2465043,-78.15189,0.0
25.033434,78.422554,0.0,-47.88823,94.10946,0.0,-40.434383,77.50014,0.0
-4.441169,87.02878,0.0,53.735622,34.133476,0.0,94.36092,52.782,0.0
-38.40928,-56.27582,0.0,-18.475594,-30.259441,0.0,76.01443,-79.52382,0.0
23.098366,12.29359,0.0,-86.64366,-30.249083,0.0,65.08452,-68.03567,0.0
-62.946766,84.75594,0.0,-73.242,79.23211,0.0,14.303108,-79.90587,0.0
-34.13001,72.198425,0.0,14.43023,17.969206,0.0,52.136196,15.46333,0.0
47.28933,-45.82836,0.0,96.536964,-93.79829,0.0,-47.697247,-99.94229,0.0
75.09122,76.80691,0.0,14.750134,5.8733635,0.0,-93.202835,66.22019,0.0
61.624226,11.1623955,0.0,-66.41847,84.03564,0.0,-98.757965,-57.835,0.0
-29.804106,-11.152124,0.0,14.86307,-26.84686,0.0,-87.23673,90.715904,0.0
84.29691,85.60184,0.0,61.21202,40.291527,0.0,-46.673855,8.48537,0.0
-90.62388,-76.46879,0.0,66.09652,-78.80716,0.0,-81.55183,-52.95181,0.0
-77.31006,53.946186,0.0,9.339916,97.83646,0.0,-37.1135,-74.88316,0.0
-95.398705,25.536938,0.0,-6.6989536,-90.01102,0.0,-96.71504,-87.45884,0.0
-52.998783,-77.73801,0.0,-38.894936,-70.22322,0.0,-81.10037,-90.957375,0.0
-90.25582,-76.23756,0.0,90.36259,92.46038,0.0,-47.764965,2.327192,0.0
63.561485,-77.93365,0.0,18.242153,24.426554,0.0,-37.810295,33.026165,0.0
68.30751,-39.334373,0.0,-37.603848,-80.50132,0.0,-15.855976,-81.06497,0.0
73.65457,0.1477328,0.0,-98.88403,-90.56491,0.0,-78.277016,6.5632176,0.0
-82.135414,84.59939,0.0,53.295506,-35.271164,0.0,11.660129,-98.45133,0.0
-53.93345,84.95919,0.0,-34.27188,-26.46979,0.0,67.07784,-11.464931,0.0
69.21799,-53.803547,0.0,31.781342,94.298836,0.0,79.1957,78.74232,0.0
-82.69814,56.9985,0.0,63.856434,-69.96203,0.0,-89.27127,50.304554,0.0
98.641975,13.74573,0.0,60.507984,79.06914,0.0,53.96483,9.841776,0.0
-11.81576,-88.13551,0.0,73.07379,89.23933,0.0,27.332432,-18.567783,0.0
61.81545,-15.151009,0.0,64.94732,90.13096,0.0,97.27018,-75.636696,0.0
62.366932,-5.205232,0.0,-59.996334,-77.04996,0.0,-32.5845,17.93399,0.0
-25.502752,-27.35122,0.0,45.300934,34.442276,0.0,79.79647,83.70967,0.0
93.0437,77.52007,0.0,-18.573708,-35.33542,0.0,42.935177,92.467186,0.0
71.924644,88.202675,0.0,-41.618896,-14.85398,0.0,16.694363,-46.062862,0.0
-22.736603,-98.79245,0.0,53.652737,-77.15528,0.0,62.176804,-99.66706,0.0
-16.758656,-42.938137,0.0,68.67897,-19.049402,0.0,10.778255,-95.582016,0.0
-51.765987,-44.622673,0.0,3.8474398,83.691185,0.0,44.939514,-96.23053,0.0
72.97931,0.10590731,0.0,-41.984055,-17.914518,0.0,-94.16568,3.1984787,0.0
-59.930893,99.99932,0.0,-15.7751045,84.76041,0.0,-15.914743,88.8309,0.0
51.026665,51.07135,0.0,65.24498,-80.82599,0.0,97.26709,28.1557,0.0
15.007903,-51.411514,0.0,12.254516,92.092766,0.0,-69.218376,98.527855,0.0
97.72767,-42.514587,0.0,-20.20253,25.292566,0.0,-27.889534,-41.11818,0.0
-98.94554,-42.272984,0.0,93.90738,93.355705,0.0,17.254826,-97.47601,0.0
76.79249,-94.63747,0.0,-14.090066,86.42263,0.0,-88.41534,-17.316643,0.0
28.541042,77.59408,0.0,-78.91905,90.46281,0.0,-36.722965,-62.92329,0.0
52.19564,-74.73994,0.0,-42.90219,-72.32937,0.0,-36.329594,22.18771,0.0
-15.925835,-91.69122,0.0,47.613922,-53.766514,0.0,28.692623,-46.60305,0.0
-10.270263,-99.51037,0.0,-4.4768324,18.550652,0.0,95.03116,-35.76911,0.0
81.89231,25.065788,0.0,-38.72809,93.54587,0.0,-15.331727,-83.54312,0.0
51.80542,-27.935726,0.0,-45.715134,-19.174696,0.0,-84.34937,-32.107014,0.0
-87.40515,95.35836,0.0,33.868614,85.329445,0.0,58.344555,-59.031216,0.0
17.909855,-54.27342,0.0,-86.36239,37.245018,0.0,64.56995,17.841955,0.0
-70.97723,-90.848076,0.0,-16.009333,77.35886,0.0,90.27434,-12.706601,0.0
-42.954967,-53.05516,0.0,-53.702503,56.399387,0.0,-30.576527,50.393745,0.0
70.76533,-85.66935,0.0,-25.454647,-43.665672,0.0,-27.843924,-3.3541486,0.0
92.14513,24.294594,0.0,-50.010914,-53.861065,0.0,90.28517,-21.04465,0.0
-19.15147,-54.396122,0.0,-43.98194,-84.3986,0.0,19.955902,-10.718666,0.0
-22.259327,88.39038,0.0,-31.133198,53.632645,0.0,66.36575,2.658892,0.0
-52.638344,87.68276,0.0,-50.022892,94.62956,0.0,2.3121,78.66104,0.0
19.15705,-90.62889,0.0,-50.074593,94.54194,0.0,26.807478,-11.142921,0.0
-45.96455,71.97975,0.0,-76.15104,-72.841194,0.0,-91.151596,-85.90044,0.0
-4.499574,-34.21318,0.0,59.639763,-81.594444,0.0,-5.7827597,-96.974655,0.0
82.00575,22.279297,0.0,-36.56839,-97.33684,0.0,-81.46309,-85.57815,0.0
-49.69005,83.896194,0.0,-86.97978,23.284798,0.0,-31.560858,55.33232,0.0
-84.64926,37.473812,0.0,7.0898185,-36.12451,0.0,35.505146,-50.604233,0.0
-54.21083,98.812065,0.0,-14.245653,79.44057,0.0,23.360506,-5.619344,0.0
-25.43742,-48.25638,0.0,-92.00147,66.598564,0.0,-99.4936,-58.799076,0.0
-94.70227,21.188395,0.0,12.5904875,2.7727149,0.0,72.42029,6.8459964,0.0
-29.19819,-15.161116,0.0,22.712616,-49.19637,0.0,-77.98211,-82.76454,0.0
-71.072914,94.26693,0.0,-60.036224,83.397736,0.0,65.035866,14.77203,0.0
-65.469444,91.801285,0.0,-32.70658,-76.79451,0.0,-52.005966,-12.599286,0.0
-1.5756001,-45.02481,0.0,24.52988,-98.13688,0.0,-26.267454,-97.14044,0.0
-81.179115,-19.427282,0.0,-2.185579,-52.8469,0.0,55.564842,-0.27679327,0.0
-86.07336,-79.98569,0.0,-7.1665688,20.172092,0.0,-32.50501,23.08378,0.0
-12.334102,-42.727917,0.0,-48.93474,54.2005,0.0,63.472435,12.8790655,0.0
29.968273,92.68679,0.0,-54.89889,69.89829,0.0,-42.72451,-15.784945,0.0
-90.6953,28.447496,0.0,61.327084,41.16841,0.0,-7.333298,-80.129295,0.0
11.202126,-39.75715,0.0,4.7998595,33.983883,0.0,-75.55295,75.06689,0.0
-57.98474,-93.47202,0.0,97.93404,30.984243,0.0,33.974617,99.54362,0.0
-83.50342,35.523136,0.0,53.263428,-93.65894,0.0,64.68877,15.636108,0.0
94.77581,94.11146,0.0,-45.20487,16.21,0.0,61.665714,11.775071,0.0
29.025745,-54.184723,0.0,-78.65032,61.34505,0.0,40.466625,88.829414,0.0
-94.504616,51.80852,0.0,20.205332,80.488434,0.0,-19.0933,-52.682346,0.0
58.91815,-39.10097,0.0,-31.68156,-9.448965,0.0,-43.82419,-85.1234,0.0
-49.41481,-18.492172,0.0,71.23647,24.707775,0.0,-88.23257,-28.305164,0.0
86.5166,-86.6371,0.0,-77.28932,94.19149,0.0,-87.884636,55.070667,0.0
-19.46922,-98.31676,0.0,-39.380478,-95.679855,0.0,-93.22816,40.933514,0.0
-39.992832,-91.28672,0.0,-30.369493,-99.77395,0.0,13.561218,89.37265,0.0
-9.43061,-87.55018,0.0,-36.990055,92.5821,0.0,-97.48463,52.391808,0.0
17.26792,-41.99675,0.0,-84.2014,96.10295,0.0,-62.938313,-88.34233,0.0
12.560302,19.766949,0.0,-78.007744,25.302666,0.0,92.77258,-89.39166,0.0
-70.66739,-91.282814,0.0,4.217678,-94.90013,0.0,-3.6837554,81.5744,0.0
-37.731377,71.391914,0.0,62.570606,87.85224,0.0,15.760917,-5.776547,0.0
55.241047,-33.528927,0.0,-37.622215,26.149792,0.0,72.729004,-82.67806,0.0
-97.973946,82.512825,0.0,-36.143127,63.3817,0.0,-93.00218,53.253613,0.0
95.51489,40.82991,0.0,52.984425,26.731014,0.0,92.219765,75.796196,0.0
-88.20743,-14.866018,0.0,-53.718407,50.62874,0.0,19.186127,75.22742,0.0
-47.824028,86.633286,0.0,96.90372,-12.332171,0.0,-16.892853,-92.05766,0.0
94.09411,-94.437744,0.0,-23.702066,-43.107555,0.0,-42.011696,67.60324,0.0
-0.13949089,-51.63464,0.0,-10.345975,90.682526,0.0,3.8191435,-78.85864,0.0
-45.1948,52.32257,0.0,43.855865,26.602406,0.0,-53.8641,49.589825,0.0
-0.45943618,75.98662,0.0,53.34484,16.33586,0.0,67.52096,99.81763,0.0
-36.395073,-72.277466,0.0,-91.545715,-53.82681,0.0,-62.36944,98.670975,0.0
23.176071,-6.904093,0.0,-30.845278,-82.91202,0.0,48.96754,85.609245,0.0
-15.4657755,-42.08591,0.0,51.8642,16.140438,0.0,-88.933044,-24.995304,0.0
-47.54797,26.844316,0.0,23.3737,78.73388,0.0,96.53823,28.95656,0.0
-87.61853,37.168324,0.0,90.49485,-52.765568,0.0,-13.286829,-96.61881,0.0
-20.740782,-98.17903,0.0,92.85089,-86.92029,0.0,-32.96694,-27.577976,0.0
-88.43139,73.474915,0.0,25.828619,-34.980915,0.0,51.116825,-70.17728,0.0
-32.106773,-38.10099,0.0,-51.141438,-41.792637,0.0,54.265507,-87.84656,0.0
96.393135,-17.855526,0.0,51.522266,-63.13289,0.0,96.33133,-91.17824,0.0
70.22719,-94.698586,0.0,-84.631966,53.667255,0.0,-90.03239,-54.425316,0.0
-95.25118,-21.818483,0.0,-78.806335,91.61379,0.0,-75.44402,35.23834,0.0
48.44949,78.953094,0.0,62.738235,-20.507906,0.0,-46.919388,47.24408,0.0
-97.88781,16.942608,0.0,85.903206,34.89044,0.0,-52.42304,37.866486,0.0
28.410463,-16.725264,0.0,-27.503004,2.9043546,0.0,-33.43149,-91.13049,0.0
-33.849586,37.65128,0.0,-71.28578,78.07964,0.0,9.867966,-91.945885,0.0
-8.0150385,28.460215,0.0,-8.152756,88.54016,0.0,51.973843,-21.698792,0.0
-0.76182246,-36.3563,0.0,-6.6395597,85.41857,0.0,-38.908234,-43.713173,0.0
17.462467,32.88278,0.0,48.015594,97.406715,0.0,29.642815,24.82353,0.0
-68.167404,-77.26278,0.0,-12.616147,-82.94419,0.0,-43.985725,-34.273182,0.0
54.500175,-59.555275,0.0,67.30847,-10.651841,0.0,-87.24158,73.39375,0.0
-30.503763,95.09649,0.0,-88.195435,-73.248634,0.0,68.59122,68.33705,0.0
-39.568745,-8.426568,0.0,95.82705,-55.66591,0.0,-44.04155,-47.699753,0.0
-26.458466,86.110054,0.0,-13.25988,93.38696,0.0,-25.13064,-81.69313,0.0
66.131325,18.284891,0.0,-57.6034,83.35538,0.0,-98.223366,-81.65805,0.0
-15.115916,-91.48483,0.0,94.45487,-49.9696,0.0,96.82822,80.437454,0.0
-92.63679,-52.995316,0.0,-26.011782,24.636621,0.0,-27.30139,-91.58534,0.0
-51.896893,-78.61937,0.0,-86.92474,68.1754,0.0,-32.90846,66.84185,0.0
70.129234,22.34412,0.0,-79.91166,21.176533,0.0,97.63748,41.090855,0.0
59.37482,-12.752753,0.0,-25.866985,80.53089,0.0,-78.01164,-61.362297,0.0
-98.46597,27.853603,0.0,54.43572,-56.326637,0.0,-39.174873,17.708237,0.0
79.63601,33.29995,0.0,7.752526,22.905024,0.0,9.665662,-45.07709,0.0
-1.1608143,-98.31735,0.0,97.18248,-86.51803,0.0,-38.20191,54.67181,0.0
-19.096315,-28.87468,0.0,97.091194,-21.209248,0.0,-10.352626,-37.45788,0.0
-46.853153,-26.272596,0.0,-38.60892,22.198032,0.0,-92.56632,-42.1182,0.0
21.499838,-49.210476,0.0,57.8208,-60.447247,0.0,97.72986,93.12267,0.0
80.25628,25.37338,0.0,-79.9282,11.342414,0.0,-44.990818,-92.15028,0.0
55.83036,45.530544,0.0,67.45679,93.62582,0.0,20.919718,-96.93847,0.0
-51.809235,15.376622,0.0,-44.05518,-70.98989,0.0,-34.362923,77.67498,0.0
-53.223972,27.932758,0.0,-89.77878,10.37901,0.0,-88.35377,70.42699,0.0
54.393646,-77.94805,0.0,-96.475746,98.84055,0.0,-75.73401,-28.11667,0.0
-43.898773,0.793771,0.0,72.347206,94.341866,0.0,-43.546047,85.93873,0.0
-25.664597,-80.1109,0.0,93.06779,71.13085,0.0,80.84855,29.94532,0.0
-93.06796,-78.48027,0.0,-81.41117,7.6029706,0.0,-89.07174,0.78747696,0.0
4.5901814,87.596825,0.0,53.97552,84.2014,0.0,52.47226,-11.70322,0.0
98.65148,22.386086,0.0,-36.618168,91.46245,0.0,63.85724,-19.45518,0.0
7.027472,-95.64424,0.0,-51.885384,-12.459831,0.0,-60.342052,92.87267,0.0
22.553259,15.812111,0.0,-48.401115,-9.215708,0.0,-84.05581,22.2454,0.0
32.870132,-98.29794,0.0,-85.113304,4.012361,0.0,63.291485,-18.236778,0.0
-88.05914,28.357084,0.0,-21.584023,-88.76564,0.0,59.269756,-78.88044,0.0
-53.048782,23.09116,0.0,74.30365,8.55011,0.0,81.59424,-79.46382,0.0
81.28739,21.81569,0.0,-7.101115,-46.66282,0.0,-23.736778,-80.38272,0.0
-48.056572,-68.46253,0.0,-66.72323,87.22729,0.0,-27.199257,23.242504,0.0
96.500885,-90.36597,0.0,44.02674,32.022224,0.0,21.69155,-89.72026,0.0
59.723347,-13.524755,0.0,99.60275,17.55043,0.0,-45.590996,-46.785007,0.0
-0.61241657,-51.71299,0.0,-44.43245,25.654339,0.0,-87.21447,96.32811,0.0
-85.50078,49.759212,0.0,50.901585,0.81010175,0.0,69.635506,99.91988,0.0
61.82243,-52.402233,0.0,-42.45753,-82.98898,0.0,-22.165815,91.98609,0.0
21.39545,7.9580636,0.0,-39.745735,-14.73849,0.0,73.18038,30.29866,0.0
-18.298996,99.61801,0.0,5.206768,16.170702,0.0,13.269018,-78.51502,0.0
-34.140846,-95.558624,0.0,-87.04873,47.77788,0.0,41.108147,75.601295,0.0
92.67921,-94.6385,0.0,13.360373,-24.22936,0.0,68.121346,6.2298293,0.0
54.641575,-13.529335,0.0,30.224232,22.844803,0.0,-76.56798,-50.260098,0.0
79.64418,24.649189,0.0,-10.793081,93.26179,0.0,-41.724525,70.54953,0.0
-35.1106,33.01604,0.0,-31.381271,22.662706,0.0,-46.206284,-91.50503,0.0
72.242035,-83.36414,0.0,-34.269188,-0.9367411,0.0,-79.96755,-44.900646,0.0
-20.685751,19.988485,0.0,-35.25988,33.961113,0.0,5.870046,-91.180466,0.0
-88.106445,38.74581,0.0,-92.70827,92.20666,0.0,56.162415,25.075308,0.0
-83.69731,54.37335,0.0,10.486898,-42.674667,0.0,6.6097393,94.36525,0.0
-49.142906,-88.40292,0.0,-65.620155,-75.850716,0.0,-85.83699,51.184258,0.0
60.189884,67.20983,0.0,-48.043102,41.452404,0.0,-99.582535,-5.616636,0.0
35.03259,-42.62298,0.0,77.73269,9.94885,0.0,23.654575,78.898605,0.0
14.580012,-52.14226,0.0,24.551466,-26.43444,0.0,60.04381,39.192436,0.0
51.75848,76.893196,0.0,-40.187164,74.47138,0.0,-53.329876,-3.5172684,0.0
25.50064,-75.10433,0.0,58.529263,99.722015,0.0,70.59303,26.938683,0.0
-36.923885,93.91712,0.0,31.519657,85.48598,0.0,-91.74232,-17.91188,0.0
-7.592146,25.639988,0.0,16.69434,-34.980766,0.0,50.883987,-5.871465,0.0
-55.205612,-75.69307,0.0,58.87247,63.50863,0.0,89.366516,77.066124,0.0
35.984447,81.612885,0.0,-1.3695265,20.649115,0.0,62.381756,-27.005362,0.0
-26.62106,92.54523,0.0,92.27729,-91.65969,0.0,90.87801,-9.465536,0.0
64.1456,39.922565,0.0,-82.66241,-49.67834,0.0,-84.92744,-30.170206,0.0
0.456143,26.902348,0.0,-85.81199,-79.68699,0.0,-40.832375,-62.26472,0.0
-49.170742,15.5411625,0.0,-31.64246,42.484493,0.0,-81.13769,8.964057,0.0
49.677284,-89.40781,0.0,-35.62219,21.154625,0.0,-85.49608,95.08531,0.0
64.52445,97.445274,0.0,64.75008,-11.800898,0.0,56.90608,32.107925,0.0
8.649332,85.43272,0.0,94.6905,-88.13578,0.0,-59.811447,79.82263,0.0
-35.94605,71.81488,0.0,-76.86855,33.94602,0.0,-75.20334,-13.346723,0.0
-34.013634,-97.93049,0.0,62.159416,69.47568,0.0,-88.34725,-76.469376,0.0
52.60782,31.713037,0.0,16.673168,30.073883,0.0,-8.318029,-37.795555,0.0
0.6185344,-79.13359,0.0,-49.466137,-50.861374,0.0,51.14588,-64.5742,0.0
-40.315033,34.485565,0.0,92.24918,78.61499,0.0,-36.29302,-46.648457,0.0
69.54296,72.45294,0.0,22.786228,-98.69591,0.0,93.059006,-78.25866,0.0
-46.23143,-3.0854533,0.0,11.464645,-87.897514,0.0,-9.398994,88.860214,0.0
66.89493,85.71408,0.0,-31.182255,12.615381,0.0,-29.349548,-77.25173,0.0
60.80356,-92.521225,0.0,-9.804787,79.29091,0.0,78.99692,83.47688,0.0
-19.428144,86.21554,0.0,-5.564279,-47.48963,0.0,-51.5432,85.04042,0.0
-78.879524,99.37713,0.0,-93.3125,30.01813,0.0,-46.636753,-1.5984199,0.0
-99.41804,-76.47222,0.0,67.760796,65.78693,0.0,80.69791,21.320107,0.0
-88.876045,-4.7609267,0.0,-84.400826,-3.7284493,0.0,-75.67286,-68.45204,0.0
-33.402027,93.19853,0.0,65.71292,-62.695824,0.0,-46.233036,78.53517,0.0
-69.22802,95.234825,0.0,73.56913,24.846003,0.0,-50.386414,-50.058445,0.0
56.34479,29.346132,0.0,24.001078,-76.09024,0.0,20.612722,-81.590836,0.0
46.832314,-80.86079,0.0,-92.74779,3.873727,0.0,-75.52873,57.75428,0.0
-34.097343,-88.162605,0.0,63.549896,-19.70968,0.0,32.327366,26.44728,0.0
43.254017,85.754654,0.0,-16.591278,-47.008434,0.0,-88.834625,83.65537,0.0
-80.48337,79.809975,0.0,82.84541,80.79906,0.0,-42.236332,6.1407886,0.0
13.943444,-50.476727,0.0,-10.939286,-87.691956,0.0,57.40642,30.771828,0.0
15.465662,97.36258,0.0,3.567044,-92.716576,0.0,93.89411,-4.285532,0.0
-31.407242,65.58441,0.0,-31.110308,-51.938778,0.0,96.479454,94.51591,0.0
-42.957005,11.317943,0.0,94.64255,50.96493,0.0,-70.28175,-99.50336,0.0
78.589264,25.65576,0.0,-11.909528,-34.121742,0.0,-88.06327,-26.435015,0.0
13.282111,7.8459167,0.0,-95.788185,-51.942486,0.0,-38.68635,92.45898,0.0
-47.274628,-96.01523,0.0,77.282845,23.85204,0.0,-51.407837,-10.148787,0.0
-84.33831,55.76539,0.0,-84.51875,45.30408,0.0,-15.576113,28.232521,0.0
-78.04283,44.614956,0.0,12.686661,86.18186,0.0,35.89478,-89.745384,0.0
97.68103,-33.28858,0.0,-64.484886,-99.84552,0.0,-78.095535,-43.859276,0.0
71.82263,27.359848,0.0,54.460716,53.059944,0.0,-50.04628,43.23215,0.0
71.24925,12.012408,0.0,88.24102,97.588905,0.0,58.161327,17.493563,0.0
-43.695457,-46.227974,0.0,-53.863567,8.15704,0.0,22.350002,-33.231945,0.0
-27.646814,89.55774,0.0,-78.41173,-30.759754,0.0,-46.047077,-0.6806029,0.0
-81.007034,-23.968214,0.0,-75.28525,37.53184,0.0,-76.36294,18.183542,0.0
54.314125,-6.345965,0.0,-9.631302,-47.347,0.0,51.55126,31.613417,0.0
3.6608331,9.220807,0.0,7.032096,-36.38872,0.0,-77.73276,95.72628,0.0
15.243752,29.511642,0.0,-84.8669,-70.8621,0.0,-29.144777,-26.180338,0.0
69.37841,-11.583133,0.0,85.83374,-99.66637,0.0,-38.55216,56.09198,0.0
-42.03443,-60.913063,0.0,85.91822,18.921503,0.0,-85.955666,46.126263,0.0
-97.5623,-38.89991,0.0,67.553894,-16.540302,0.0,-83.5029,-96.27751,0.0
2.3633764,30.269468,0.0,34.64954,-94.561264,0.0,-72.10735,-88.23249,0.0
83.213646,-97.96353,0.0,-5.5418,32.730972,0.0,-77.05398,-83.874466,0.0
-28.69537,30.731827,0.0,-10.41247,21.399738,0.0,15.178909,-9.530417,0.0
52.473232,76.614784,0.0,18.58368,-48.73338,0.0,92.14911,-11.07231,0.0
-36.976074,-63.64473,0.0,-83.66525,2.4610932,0.0,-84.37028,-26.783607,0.0
53.32281,54.895515,0.0,-92.66663,12.284009,0.0,-29.281372,21.173674,0.0
-65.05036,-97.46378,0.0,-97.655914,-21.823555,0.0,-37.658165,-81.63223,0.0
-20.570963,90.23627,0.0,92.35251,-18.613232,0.0,-91.629776,90.293076,0.0
11.290658,14.786096,0.0,-83.46005,57.955383,0.0,61.064102,10.410776,0.0
3.385045,-89.93715,0.0,-62.69025,-75.66095,0.0,5.986786,-34.052795,0.0
-84.34858,79.672,0.0,-98.11691,89.26112,0.0,-96.364685,-8.847415,0.0
-39.85389,-17.377039,0.0,52.024513,-73.48474,0.0,-33.424786,92.71876,0.0
-51.77051,8.467809,0.0,81.08974,16.911375,0.0,69.37802,-24.688711,0.0
-42.899147,74.061295,0.0,-95.761185,-97.48467,0.0,-38.66117,12.2381115,0.0
20.938616,7.094165,0.0,-76.430435,-31.80547,0.0,-81.47607,-81.69596,0.0
-34.158867,71.22254,0.0,58.343067,-60.965675,0.0,37.55398,-40.059456,0.0
-85.310974,95.773575,0.0,-18.453218,86.25776,0.0,93.6798,65.501144,0.0
98.25584,-37.734196,0.0,-38.72087,57.676895,0.0,-40.202747,27.807837,0.0
-97.45485,-81.71308,0.0,-31.559164,-15.607041,0.0,-75.85627,60.75031,0.0
-65.80854,80.14876,0.0,18.93319,-50.27763,0.0,91.480064,-42.51152,0.0
14.978803,-93.142685,0.0,74.45728,87.75689,0.0,97.82238,3.6237962,0.0
-45.31859,-98.76639,0.0,92.68861,-48.0701,0.0,-47.15977,12.683829,0.0
-95.74768,77.24689,0.0,65.44566,-9.480231,0.0,35.115055,-96.808945,0.0
32.497883,88.849495,0.0,-18.30798,80.08043,0.0,-54.68223,-41.38654,0.0
-20.399347,-79.98899,0.0,-41.598087,-35.1949,0.0,-26.490633,-84.35807,0.0
5.608578,-98.16293,0.0,-36.58287,55.77736,0.0,-8.435301,-90.85245,0.0
-3.3432453,-80.03945,0.0,81.14591,27.332693,0.0,92.27822,-19.62673,0.0
64.05846,-41.087273,0.0,-61.67788,-95.68726,0.0,20.913687,-89.901375,0.0
32.009945,-45.119385,0.0,6.398124,-26.841633,0.0,65.53682,-35.775677,0.0
-54.85658,20.101065,0.0,-20.369791,-96.212585,0.0,67.62553,-0.18044835,0.0
-90.44494,63.32255,0.0,26.537819,97.641075,0.0,32.394413,29.014519,0.0
61.471077,-11.059322,0.0,15.979815,9.626673,0.0,91.21235,84.2521,0.0
13.857984,85.39565,0.0,-20.541868,-96.79891,0.0,46.5492,-48.643467,0.0
-45.81151,-81.45898,0.0,-96.35988,13.391748,0.0,44.113358,-88.77077,0.0
16.049257,-90.63386,0.0,83.42353,77.14898,0.0,-46.619305,65.19534,0.0
20.06148,97.67201,0.0,6.7748237,-91.55289,0.0,-31.891281,-35.08251,0.0
28.700693,34.304115,0.0,-0.84509003,-46.698395,0.0,53.608612,-67.4098,0.0
-49.054863,-42.75955,0.0,81.49608,-75.28282,0.0,-2.2777693,11.303289,0.0
-53.50047,4.5672393,0.0,-51.684277,76.3446,0.0,-97.7725,-59.57993,0.0
-46.739403,54.857338,0.0,67.540924,-25.967285,0.0,13.663486,91.323586,0.0
0.18225798,-86.66529,0.0,-89.087105,-38.05676,0.0,-33.221333,-3.3218162,0.0
-36.067333,57.656113,0.0,-66.71819,-82.45986,0.0,51.235798,-38.709248,0.0
13.6862135,83.72327,0.0,-66.680664,82.97286,0.0,30.420155,82.03573,0.0
54.368862,32.33841,0.0,61.614544,-3.1352718,0.0,36.519207,24.566057,0.0
94.55666,22.100348,0.0,-12.54928,12.003621,0.0,-87.968864,78.41226,0.0
-76.66505,-82.8248,0.0,98.758224,-93.30416,0.0,95.2202,77.19697,0.0
-82.49289,-17.00782,0.0,-40.665257,29.404644,0.0,-38.070736,-29.665867,0.0
8.183854,-42.73264,0.0,54.31482,9.754095,0.0,91.68793,-38.483055,0.0
81.903786,23.411757,0.0,-37.81156,-23.814615,0.0,-70.16448,96.04475,0.0
91.45672,-35.027225,0.0,-82.06332,4.510925,0.0,-88.50308,-3.4346561,0.0
-59.812035,87.22157,0.0,-70.365906,83.81747,0.0,73.537445,11.139522,0.0
53.693073,70.55121,0.0,-95.173706,32.752766,0.0,-94.20426,-54.41886,0.0
-51.36663,55.69977,0.0,50.789314,-24.914438,0.0,43.788433,-89.02746,0.0
-78.08667,-53.249767,0.0,27.754786,21.72072,0.0,0.04260495,99.3585,0.0
-79.83875,90.15518,0.0,-39.512997,-26.79484,0.0,60.63921,41.037415,0.0
-4.7763433,85.69666,0.0,-24.51704,81.31306,0.0,-79.977264,-59.044907,0.0
64.67521,89.841415,0.0,-19.176935,-91.95752,0.0,20.487074,-33.01601,0.0
-10.913219,-85.09706,0.0,16.082638,-3.418058,0.0,-78.517334,47.72073,0.0
-51.43454,-57.668453,0.0,-83.91978,-2.7456307,0.0,86.28558,14.543427,0.0
-25.398367,-21.597832,0.0,59.98691,20.802889,0.0,19.711313,-84.36611,0.0
-35.71731,-2.9203506,0.0,-43.055855,67.29764,0.0,48.42497,82.53773,0.0
-0.17562033,82.76881,0.0,31.002028,-76.698074,0.0,24.68179,-37.62915,0.0
21.10036,-29.421478,0.0,22.299116,-33.321392,0.0,-31.710535,82.1088,0.0
-42.747723,65.71676,0.0,87.3072,18.01358,0.0,-17.165096,-52.09661,0.0
-31.117548,-51.196594,0.0,-84.2158,-14.131066,0.0,-47.949867,87.22004,0.0
-22.454275,-84.27248,0.0,3.4181054,-76.183716,0.0,-84.80314,86.633705,0.0
-34.62631,90.63971,0.0,10.565594,81.38056,0.0,-80.12408,16.988451,0.0
-90.73901,-47.842205,0.0,-66.64422,80.99957,0.0,-30.330278,58.003273,0.0
57.420113,-7.661814,0.0,-20.042654,-50.318127,0.0,-86.70554,87.50905,0.0
60.960514,-58.873573,0.0,-27.076532,-9.418978,0.0,92.53258,75.46082,0.0
-75.355545,75.80094,0.0,-25.10927,-43.421684,0.0,51.91047,-18.595943,0.0
-89.38316,46.460377,0.0,-87.001076,60.30117,0.0,86.88857,83.561516,0.0
80.60367,-92.42515,0.0,-47.508366,3.5654662,0.0,29.983683,78.73074,0.0
88.203735,9.237539,0.0,25.100681,-18.434141,0.0,67.20355,-23.784697,0.0
72.050674,-76.20978,0.0,16.088404,-45.746292,0.0,11.432983,-88.36331,0.0
95.537575,-32.04187,0.0,44.61558,-47.360947,0.0,59.513145,-10.191746,0.0
50.868214,73.26565,0.0,-54.277046,-91.33245,0.0,-37.377476,56.30544,0.0
-99.57017,72.73271,0.0,-2.4640973,-78.828636,0.0,23.811308,-22.362879,0.0
-25.55337,11.020081,0.0,35.86059,-48.297398,0.0,-15.98345,32.000553,0.0
96.125175,-9.335397,0.0,-44.183723,43.948433,0.0,26.633286,7.8393245,0.0
-89.69043,94.579155,0.0,56.827286,-31.779316,0.0,-28.860748,-25.499792,0.0
42.158367,-85.12548,0.0,77.03698,9.512571,0.0,-75.55156,99.16577,0.0
-54.537075,34.642048,0.0,57.965908,46.88924,0.0,5.837539,-33.503742,0.0
-75.53033,-64.92016,0.0,15.489838,98.35451,0.0,23.054708,-13.594589,0.0
-83.12069,21.304111,0.0,-8.82435,-85.5521,0.0,22.070366,-46.874466,0.0
-33.433475,-69.460945,0.0,-3.3419304,-49.92273,0.0,95.82959,-7.9794445,0.0
-44.723026,-20.359358,0.0,-31.455925,90.4023,0.0,6.7324066,98.08042,0.0
59.43425,93.19646,0.0,44.463673,76.73265,0.0,60.119682,-48.983284,0.0
94.428116,-65.55149,0.0,-44.896286,-98.66233,0.0,16.092068,-45.59573,0.0
-79.41695,34.035717,0.0,-35.2189,15.461938,0.0,26.672512,26.23494,0.0
65.84095,-68.82742,0.0,-38.9176,50.016064,0.0,16.755102,-42.3986,0.0
-92.43923,91.77642,0.0,-87.14053,-80.454216,0.0,-48.57734,98.818596,0.0
98.159035,-13.1387415,0.0,93.75256,54.11445,0.0,-80.16064,-49.42393,0.0
62.38848,40.9168,0.0,-77.48986,-74.38604,0.0,86.10043,31.41701,0.0
93.67052,-40.338978,0.0,53.54969,63.131393,0.0,-78.21056,-54.03903,0.0
28.438284,30.747572,0.0,27.62951,15.455212,0.0,52.07475,4.9809446,0.0
-67.85413,77.380646,0.0,-41.895943,-34.41007,0.0,70.58157,7.8849483,0.0
52.304462,-54.055515,0.0,38.09199,-47.109203,0.0,6.9373555,86.59668,0.0
86.98033,20.607157,0.0,-34.660305,-40.42702,0.0,81.49257,97.04794,0.0
96.77176,-91.80106,0.0,82.76758,82.82494,0.0,-46.85762,97.50107,0.0
53.9214,52.28897,0.0,99.09626,-30.082092,0.0,82.04649,-76.41735,0.0
76.514305,-85.98736,0.0,-75.248665,-0.8556403,0.0,-52.98209,-40.962307,0.0
31.307306,87.696304,0.0,30.503286,75.46574,0.0,-64.7379,-85.16954,0.0
17.103773,-95.276505,0.0,62.326374,51.723373,0.0,14.903891,-3.4020698,0.0
-19.442806,-42.740242,0.0,-36.578007,94.80911,0.0,-89.021065,-55.302784,0.0
-44.128014,-54.828255,0.0,30.841751,24.083452,0.0,49.679325,-87.177284,0.0
36.929314,-92.44765,0.0,-89.933586,55.381245,0.0,81.29257,30.973345,0.0
-93.78183,79.22952,0.0,-34.70515,-0.08230259,0.0,-64.407684,-94.93296,0.0
-73.97192,87.96593,0.0,2.9242837,-30.571606,0.0,-47.092697,31.000088,0.0
29.203299,-91.4667,0.0,58.398563,-10.26305,0.0,-47.89012,-93.10191,0.0
-93.8539,8.965044,0.0,-44.75343,10.881333,0.0,-32.46201,-64.16974,0.0
-26.62477,20.42213,0.0,-47.345592,-41.824932,0.0,-50.445473,-66.604324,0.0
93.59346,66.41228,0.0,1.7708782,34.267334,0.0,89.755104,-82.848076,0.0
-76.06061,-80.17369,0.0,-97.90783,56.996372,0.0,-88.69622,-34.799408,0.0
-19.0215,6.954574,0.0,-86.4981,66.4332,0.0,58.163235,43.795254,0.0
-25.597647,-87.83169,0.0,26.625128,27.690737,0.0,-99.72309,-89.23339,0.0
55.289078,39.61741,0.0,60.106705,99.41535,0.0,-40.662308,93.526695,0.0
-83.392876,80.50478,0.0,74.573944,-99.86906,0.0,92.8554,-74.667,0.0
-96.22481,13.209705,0.0,56.00637,-65.602,0.0,-47.63875,-47.343098,0.0
58.188156,-72.76534,0.0,-83.90852,21.061361,0.0,-79.62086,40.038406,0.0
-21.86391,-51.018635,0.0,-6.550302,17.951332,0.0,-81.09126,-15.738273,0.0
28.914078,25.573269,0.0,-95.08712,-63.00151,0.0,-51.09541,93.30887,0.0
17.445398,30.521307,0.0,-30.187126,67.625015,0.0,-94.621346,73.11016,0.0
-92.73612,7.142506,0.0,-91.37621,26.957155,0.0,-88.190704,42.24131,0.0
-58.01163,-85.73176,0.0,-9.7831545,88.495605,0.0,5.500542,12.792927,0.0
-30.999636,-96.47818,0.0,98.1326,61.773228,0.0,-83.080475,93.97437,0.0
39.793976,95.38227,0.0,53.21518,25.342724,0.0,-18.928131,28.044737,0.0
-9.566565,-49.803886,0.0,-96.07494,-9.388829,0.0,33.473206,31.31943,0.0
-81.836754,-35.572086,0.0,-51.73397,-42.82765,0.0,-54.798084,8.47986,0.0
64.88055,-83.15792,0.0,35.65869,92.02917,0.0,-13.996887,83.284386,0.0
58.741287,-32.62373,0.0,99.04649,-82.97557,0.0,82.10588,-85.391136,0.0
-26.08987,-34.270607,0.0,-52.26735,99.82558,0.0,89.315285,-92.94991,0.0
81.951385,-82.08042,0.0,-21.646872,-97.86958,0.0,-24.70151,-51.199593,0.0
-38.164593,39.70481,0.0,-37.590282,-1.4664038,0.0,-62.277744,81.57273,0.0
-71.4609,87.96835,0.0,68.71991,-88.0851,0.0,50.07094,-70.53448,0.0
7.4468064,91.259384,0.0,-18.116856,-79.418396,0.0,-78.10837,1.466793,0.0
-31.191002,33.437027,0.0,-36.87026,35.037247,0.0,-77.16471,-86.32643,0.0
45.707893,98.56813,0.0,56.552216,39.117207,0.0,65.429825,77.459656,0.0
69.186935,80.74031,0.0,-86.71097,27.591717,0.0,65.63497,-2.2879176,0.0
31.514376,86.48528,0.0,25.75253,-81.16132,0.0,-79.12136,-72.70671,0.0
71.72834,98.617645,0.0,-94.21942,-43.98244,0.0,99.05433,50.530483,0.0
26.644712,21.836016,0.0,-97.01602,39.27558,0.0,-11.317493,29.752508,0.0
-40.269554,62.815285,0.0,-39.097042,-81.45944,0.0,-87.698784,-34.36731,0.0
92.669205,43.850296,0.0,37.239555,-94.40681,0.0,17.449629,4.327274,0.0
8.417027,95.11568,0.0,-74.41669,86.547134,0.0,-30.837368,-8.190259,0.0
26.595766,-23.96735,0.0,-17.18803,-28.544857,0.0,64.35459,-61.98852,0.0
39.704063,94.616,0.0,-84.71742,-17.123302,0.0,-27.228188,-92.51939,0.0
56.884285,-17.68972,0.0,-8.1493025,-94.41492,0.0,-92.34601,54.432095,0.0
74.78837,31.048157,0.0,53.51227,-78.3763,0.0,74.088165,20.797491,0.0
-52.47979,17.514942,0.0,-76.977356,-46.22936,0.0,-82.03119,-61.94946,0.0
52.44272,57.059254,0.0,80.009834,-99.09695,0.0,73.19944,99.94762,0.0
-40.94246,27.811586,0.0,61.86173,-57.290146,0.0,93.06152,38.95805,0.0
53.373337,82.12714,0.0,72.609726,-82.241325,0.0,87.8141,86.98641,0.0
59.9846,8.1437845,0.0,-78.20336,45.865444,0.0,-28.662558,-50.071335,0.0
98.183685,3.6505742,0.0,82.70267,10.963762,0.0,18.377588,99.569435,0.0
-36.24829,26.95864,0.0,92.41862,-30.233698,0.0,-93.956955,-15.910865,0.0
68.748695,-34.54887,0.0,84.50015,84.23132,0.0,59.27579,50.431587,0.0
88.529816,-96.340645,0.0,38.308723,86.992645,0.0,-35.082653,67.582726,0.0
-46.762836,-41.771732,0.0,-99.31824,67.71237,0.0,98.20825,-52.857597,0.0
-31.166924,-41.95809,0.0,-39.948566,-13.953307,0.0,98.13813,68.01727,0.0
-4.209138,-93.891785,0.0,64.47121,76.40518,0.0,17.719515,89.95793,0.0
-41.75339,-27.181738,0.0,-90.24517,21.249664,0.0,97.1797,60.189255,0.0
91.4179,28.640291,0.0,93.93882,22.99497,0.0,73.27637,75.39187,0.0
84.698074,94.936386,0.0,-32.41304,15.326707,0.0,-35.774273,67.125275,0.0
-80.97541,-47.28139,0.0,-18.983522,-88.98854,0.0,-95.65688,-4.6704154,0.0
-50.10989,65.36568,0.0,-12.112059,75.389755,0.0,57.227356,-71.97422,0.0
75.77966,-84.33292,0.0,-78.83917,34.550125,0.0,-36.847004,-46.704216,0.0
-52.34608,-53.417152,0.0,-54.978333,-49.951473,0.0,-11.223019,-52.526814,0.0
-94.471985,52.4398,0.0,-70.19638,82.42208,0.0,66.793724,-95.29137,0.0
78.384865,28.754074,0.0,-33.683895,-77.00426,0.0,-0.9765728,-89.14055,0.0
82.060425,78.67685,0.0,-4.4973464,31.941166,0.0,0.9302844,99.63884,0.0
-30.698126,52.338333,0.0,-77.36114,-10.9197035,0.0,-47.353664,-60.18321,0.0
9.372093,-78.31847,0.0,-42.91493,42.672836,0.0,36.5312,-40.569862,0.0
-55.564636,84.26806,0.0,-25.20039,78.57603,0.0,-30.25729,-69.68705,0.0
-38.08308,87.5236,0.0,-19.610573,87.327385,0.0,94.25494,63.27456,0.0
-49.973473,-20.198498,0.0,-26.01011,12.729858,0.0,81.18175,-77.889534,0.0
-93.547,23.860722,0.0,28.42467,-14.143262,0.0,81.42022,-89.30215,0.0
64.21917,-90.10238,0.0,75.51311,84.57233,0.0,-49.503994,-91.097565,0.0
-39.692894,42.173283,0.0,34.29436,-83.7302,0.0,-37.69244,-82.02611,0.0
61.273033,84.73363,0.0,5.8111386,-80.33653,0.0,82.72364,9.649109,0.0
40.272766,78.64964,0.0,-57.079926,75.4574,0.0,-23.240772,-20.045177,0.0
18.04688,-2.660247,0.0,67.1883,31.70962,0.0,56.342667,64.15169,0.0
-4.0076065,-90.73319,0.0,-82.899345,54.590595,0.0,-97.00611,-2.874176,0.0
90.37271,98.2283,0.0,87.6006,-97.75444,0.0,-21.872618,-49.33125,0.0
-11.657941,23.71869,0.0,-47.796898,97.80831,0.0,86.666405,90.08178,0.0
6.95901,-49.078957,0.0,23.314657,-46.133083,0.0,62.265537,5.0555077,0.0
48.39808,91.92711,0.0,-33.943687,24.862843,0.0,97.79703,56.74839,0.0
-45.04046,85.48527,0.0,43.591995,-95.57065,0.0,-93.3527,-43.87353,0.0
23.122084,-33.84753,0.0,-37.42223,-76.835175,0.0,-47.081387,13.38093,0.0
-89.86803,-42.21874,0.0,-12.289375,-87.32129,0.0,97.91322,1.777917,0.0
-34.019707,-73.786385,0.0,-61.3294,-80.689224,0.0,-30.466827,-76.672646,0.0
-68.84435,83.9005,0.0,-74.23365,-81.77997,0.0,19.901075,-29.198101,0.0
34.653885,-48.19484,0.0,67.2444,51.325836,0.0,-18.828897,-87.70835,0.0
27.640446,-44.54307,0.0,-67.85829,-91.87843,0.0,62.49967,-42.424534,0.0
23.2164,3.9665961,0.0,-98.79365,54.885155,0.0,-75.65344,-7.3687806,0.0
-89.01413,74.69207,0.0,-48.37005,81.374176,0.0,14.283416,-52.838257,0.0
-34.91124,-88.576454,0.0,63.172478,60.4625,0.0,13.32548,9.168232,0.0
92.71489,-68.094505,0.0,-75.14008,30.509413,0.0,-94.14858,94.25534,0.0
-82.44558,-61.166317,0.0,-16.595116,-80.74604,0.0,11.19962,-34.300117,0.0
-77.984436,58.31649,0.0,3.0429137,-75.16366,0.0,-98.814545,13.303891,0.0
-83.92462,27.144009,0.0,89.12005,-81.044,0.0,-89.32124,-58.123753,0.0
70.10472,-86.19733,0.0,97.27429,-80.89662,0.0,-49.25119,69.73096,0.0
-51.323364,35.510143,0.0,-99.64265,20.891735,0.0,65.44353,-56.498985,0.0
69.34884,55.35596,0.0,-85.471855,40.922775,0.0,-34.850594,76.92157,0.0
21.885319,-82.88669,0.0,99.49883,55.44148,0.0,92.82833,-25.69528,0.0
94.845856,-4.1903396,0.0,-0.33772877,-32.915672,0.0,-80.074,71.96076,0.0
-6.037434,-32.10875,0.0,-82.66341,-96.613174,0.0,18.340494,-3.9152415,0.0
-34.54045,93.84984,0.0,-30.526285,-36.003128,0.0,23.665668,-76.81398,0.0
-79.59481,10.926778,0.0,-95.38432,-59.52473,0.0,-48.00938,-56.185833,0.0
-39.824516,-86.67767,0.0,98.74344,0.28425857,0.0,55.47758,61.70772,0.0
-36.606174,74.74523,0.0,-56.853767,-78.2298,0.0,86.4089,3.9310186,0.0
53.97198,7.660125,0.0,-42.060696,56.053535,0.0,-48.80805,-21.535223,0.0
-14.818018,-88.40463,0.0,98.09836,-1.0159208,0.0,-3.3220577,-90.91435,0.0
-82.85793,5.141629,0.0,-18.109472,-39.8821,0.0,-93.8056,14.244052,0.0
-45.623573,-67.47333,0.0,-37.74851,26.891802,0.0,-76.15817,-8.669036,0.0
-28.973564,-98.98087,0.0,-34.20579,-90.4594,0.0,31.763605,83.22417,0.0
-90.499596,61.452698,0.0,45.94575,88.73924,0.0,92.72307,-48.569862,0.0
-80.41232,50.916374,0.0,-79.72859,33.29084,0.0,33.18133,-42.339184,0.0
-37.322563,0.4373935,0.0,38.93483,-54.74342,0.0,-85.80099,20.998636,0.0
90.45803,34.813564,0.0,19.601007,33.693787,0.0,-80.890945,-97.46628,0.0
28.717226,17.185719,0.0,-36.87584,-87.90228,0.0,-76.73256,-73.646706,0.0
60.07429,-24.482069,0.0,-98.71603,-48.518986,0.0,-84.873566,-54.25448,0.0
66.40403,-63.6151,0.0,67.678276,-27.55667,0.0,97.93666,92.00058,0.0
74.634186,-96.979,0.0,-45.549175,51.156326,0.0,38.99334,-78.307724,0.0
-97.81191,-6.7259088,0.0,78.77752,26.341948,0.0,84.139565,85.423645,0.0
-94.54531,43.93737,0.0,-26.710281,5.668454,0.0,-79.02585,9.909134,0.0
-61.244644,-78.30876,0.0,66.95671,15.324709,0.0,-54.13031,91.61017,0.0
84.825645,98.979355,0.0,67.54237,86.70311,0.0,-7.4496202,-80.92169,0.0
66.89001,-30.815123,0.0,13.474219,-81.79199,0.0,63.056644,-99.918465,0.0
-30.992447,-86.66492,0.0,-34.003162,-45.355095,0.0,-20.947975,-48.63691,0.0
-8.965941,-75.149376,0.0,57.178726,30.76027,0.0,-96.29485,-98.55946,0.0
83.35802,-77.15702,0.0,66.6685,-37.169777,0.0,-99.87354,-52.353092,0.0
-16.108015,8.414031,0.0,-0.63764966,-99.986145,0.0,30.66927,31.252151,0.0
4.27801,-79.33311,0.0,19.955708,-26.443026,0.0,32.67067,-83.724144,0.0
-46.65425,24.289722,0.0,17.685808,-30.519245,0.0,66.04664,86.23155,0.0
43.146835,94.99176,0.0,32.067898,-52.07644,0.0,-99.07605,-80.20584,0.0
-17.534643,27.250381,0.0,93.11945,-28.75209,0.0,96.22356,-37.749676,0.0
-5.9227657,-83.569756,0.0,51.75235,3.8580105,0.0,5.5278964,-76.28798,0.0
18.197775,-21.932343,0.0,28.820204,84.71339,0.0,3.1231008,-83.784065,0.0
70.93548,-84.179985,0.0,-33.963688,86.454094,0.0,-42.148853,-39.67842,0.0
-92.844215,-0.66119903,0.0,-30.741005,86.18602,0.0,-48.102062,-30.637314,0.0
-88.67099,-15.180888,0.0,-73.0756,-77.76025,0.0,-3.3968842,-49.583,0.0
-87.116516,-12.505586,0.0,72.181694,-76.74115,0.0,-42.08463,-77.851074,0.0
-19.694128,-31.522049,0.0,32.600765,-87.212944,0.0,69.28773,-12.890773,0.0
28.805695,-42.18332,0.0,-11.704595,-42.376183,0.0,-31.504635,-85.94331,0.0
-97.14053,-80.192406,0.0,-51.199257,92.91377,0.0,89.525826,96.673676,0.0
-3.265042,-49.0153,0.0,52.247986,-19.552372,0.0,-45.367737,-59.44116,0.0
34.926956,-91.320946,0.0,26.183336,87.75849,0.0,16.852806,97.27168,0.0
83.057724,1.1241589,0.0,22.420956,-47.84925,0.0,2.1818662,-42.434566,0.0
94.76605,-88.614685,0.0,-98.10233,-94.497185,0.0,-7.1588545,98.56681,0.0
90.78054,18.744701,0.0,-53.238792,36.53049,0.0,63.31843,64.355934,0.0
73.831055,34.86823,0.0,-34.16522,41.077934,0.0,-51.108597,-87.303764,0.0
-83.1486,-90.30856,0.0,-33.76644,-24.022686,0.0,-81.4486,-68.34906,0.0
75.81302,6.595531,0.0,-7.8685145,-76.02274,0.0,20.756325,-38.10442,0.0
-86.12751,-25.293528,0.0,-96.09727,-7.3252716,0.0,93.7592,-62.309166,0.0
-28.191591,-75.98732,0.0,16.512007,31.828203,0.0,88.60155,1.8035189,0.0
-93.76645,43.789047,0.0,-79.716774,-39.72687,0.0,7.497484,13.891049,0.0
90.604614,-64.90894,0.0,-25.117966,-83.35287,0.0,-38.377384,-2.3001366,0.0
-50.193256,58.796017,0.0,-44.14411,-51.632046,0.0,-43.351162,-82.81464,0.0
-92.097664,79.30526,0.0,55.652454,16.524994,0.0,-15.172458,11.066948,0.0
69.76489,-0.5175207,0.0,-70.79416,92.92227,0.0,-52.531116,51.752834,0.0
-33.525944,9.621502,0.0,35.577988,-50.253098,0.0,-93.09368,-59.67883,0.0
79.71084,77.1832,0.0,-34.044662,-0.28350985,0.0,79.722084,-87.149574,0.0
-27.626078,-49.408413,0.0,68.19059,56.720043,0.0,59.296642,56.469418,0.0
10.289792,-35.655373,0.0,-76.175766,68.73515,0.0,56.737267,89.16865,0.0
-83.7643,91.44014,0.0,54.458576,32.796474,0.0,14.232935,-88.30197,0.0
-58.90134,89.4707,0.0,-32.043934,34.90645,0.0,43.82244,91.67063,0.0
62.879826,-60.81908,0.0,-41.898098,-29.346527,0.0,-98.64735,-87.28046,0.0
-30.32761,-97.26466,0.0,98.17131,-81.374664,0.0,-52.365646,-78.67235,0.0
94.42827,-26.798292,0.0,42.462852,-99.786575,0.0,84.73207,2.4193764,0.0
47.693115,87.99054,0.0,-84.295975,13.379659,0.0,-81.64256,96.32154,0.0
-63.434162,-80.5247,0.0,90.112335,-14.883112,0.0,-76.51194,-58.979305,0.0
65.75364,80.76272,0.0,80.56843,83.66643,0.0,-88.28272,-99.36604,0.0
50.971317,3.466778,0.0,-37.179615,-59.491085,0.0,50.38859,-58.266518,0.0
-7.1848145,33.083485,0.0,63.358044,82.83936,0.0,-37.825027,71.4802,0.0
-39.232082,10.360852,0.0,-16.347212,93.97578,0.0,1.1218052,11.457141,0.0
95.02261,61.29533,0.0,93.53558,-55.81987,0.0,-83.53834,-55.10692,0.0
-63.79518,-91.14512,0.0,45.191032,96.59493,0.0,92.412895,81.660645,0.0
-2.072241,-75.32237,0.0,53.25757,-87.69694,0.0,4.379352,-98.36041,0.0
86.634796,-90.63572,0.0,17.618721,-49.004295,0.0,-0.8524149,-97.63866,0.0
-19.98137,75.239685,0.0,-91.92117,13.098358,0.0,-82.60407,17.704023,0.0
-89.81104,-91.19734,0.0,-80.208786,14.927578,0.0,-33.770638,72.64692,0.0
24.22231,-78.38823,0.0,91.53911,91.05271,0.0,64.85705,-97.83918,0.0
64.20615,51.11939,0.0,87.18368,13.273867,0.0,23.321346,1.7939845,0.0
52.393013,0.24301812,0.0,98.18615,-3.730158,0.0,64.261375,23.44194,0.0
68.38046,88.41891,0.0,58.105366,40.293262,0.0,-51.536148,36.554935,0.0
-53.280994,-35.786514,0.0,11.016585,-43.105236,0.0,26.919884,16.605318,0.0
63.44902,81.734375,0.0,29.84919,-94.82507,0.0,-67.25507,-75.321396,0.0
40.15853,82.60862,0.0,-42.65013,-4.3706284,0.0,15.939538,86.609505,0.0
-24.986277,9.352384,0.0,-40.555576,-11.182725,0.0,-66.92806,87.722084,0.0
90.11321,87.312775,0.0,-19.52348,10.982874,0.0,15.351861,-98.937294,0.0
-8.900245,-77.7458,0.0,-37.940975,-71.88603,0.0,65.812645,31.527693,0.0
0.89809775,87.77065,0.0,99.66603,-61.690197,0.0,65.76499,46.064754,0.0
83.074104,-95.32292,0.0,53.650192,54.632008,0.0,16.450716,96.317764,0.0
-56.4177,96.816505,0.0,-34.44026,4.7675037,0.0,-79.68079,-97.322235,0.0
-23.744047,95.56387,0.0,-79.03695,13.244368,0.0,76.97885,79.22571,0.0
-14.96012,79.27334,0.0,-34.816105,70.64632,0.0,-93.04983,53.834694,0.0
35.159473,-48.22043,0.0,-86.69387,-21.653645,0.0,98.44893,8.448648,0.0
-45.249672,-28.608864,0.0,23.085663,83.81833,0.0,-66.570145,-92.75463,0.0
-90.30605,-42.97851,0.0,27.851683,23.988438,0.0,-36.64724,18.458296,0.0
43.560486,-89.039635,0.0,66.85257,76.37238,0.0,50.246964,-67.01712,0.0
-5.14132,-37.349773,0.0,16.959126,-23.257715,0.0,-46.449005,19.129766,0.0
-81.634224,97.59085,0.0,-28.23265,-38.648766,0.0,65.219505,26.329546,0.0
-94.304825,-4.613674,0.0,-87.080025,74.515915,0.0,-49.314148,-66.57331,0.0
-36.33337,-16.866009,0.0,53.39275,-4.646945,0.0,-90.444664,81.16027,0.0
-40.074966,-80.04927,0.0,81.842735,-84.10536,0.0,-34.819214,72.74016,0.0
-28.711813,32.079617,0.0,-11.72133,78.428116,0.0,-52.39374,-41.02597,0.0
99.042244,-83.0609,0.0,-97.64293,61.4866,0.0,91.28028,-46.02724,0.0
-28.32791,-78.77932,0.0,-46.175716,-19.336992,0.0,29.004185,4.1854835,0.0
-96.770775,-90.200645,0.0,-37.986217,19.706177,0.0,-49.506397,39.565567,0.0
5.541153,-92.80201,0.0,-98.39684,-23.78092,0.0,90.07365,56.870205,0.0
-26.845484,-5.6666875,0.0,-40.103916,13.250917,0.0,23.24253,-84.66112,0.0
-20.419792,96.31736,0.0,-8.423793,87.98667,0.0,60.0676,-77.5341,0.0
-97.69973,-72.46782,0.0,56.508442,13.763708,0.0,64.87361,5.4531817,0.0
1.1193676,-82.26429,0.0,-90.100586,27.296028,0.0,-76.73191,-1.4669368,0.0
63.602142,-20.230286,0.0,-75.00479,-84.10123,0.0,-83.28448,89.686424,0.0
97.494606,-86.05685,0.0,-88.91845,-96.601295,0.0,2.4489548,29.788519,0.0
-56.485992,-79.17359,0.0,28.935299,34.6186,0.0,-47.80409,40.68519,0.0
64.55569,-78.90229,0.0,-25.046991,-27.501123,0.0,-45.092457,56.0351,0.0
-95.660576,-23.755394,0.0,97.98086,48.017937,0.0,-44.91494,31.847345,0.0
-54.31554,-1.6120471,0.0,-19.582195,-82.95801,0.0,5.0277433,-91.81286,0.0
-27.685871,-7.218447,0.0,69.623886,-40.436596,0.0,-14.30963,14.833214,0.0
68.39476,-79.34424,0.0,-7.5303736,83.111145,0.0,75.69951,9.133109,0.0
-88.53306,-76.995056,0.0,95.3569,-6.226798,0.0,92.05023,-67.66977,0.0
-34.843063,91.48599,0.0,50.68599,27.682447,0.0,-10.317456,-82.415215,0.0
-85.5935,81.21751,0.0,-81.22152,-81.253105,0.0,-92.3384,54.084568,0.0
14.255514,-50.76675,0.0,25.430634,81.03997,0.0,-72.90625,-82.324066,0.0
-43.6871,16.150911,0.0,-53.591255,-23.256517,0.0,41.71345,88.45532,0.0
37.494385,-80.378456,0.0,95.65457,12.389737,0.0,62.55302,4.974567,0.0
-98.79277,23.625954,0.0,-34.77542,-7.3246636,0.0,-91.18383,78.860344,0.0
-4.6443095,92.90568,0.0,81.00736,11.950109,0.0,-26.261686,7.338046,0.0
-12.197588,91.24993,0.0,-93.78476,-70.183235,0.0,4.458909,-76.93506,0.0
-95.01554,28.251326,0.0,21.84304,93.46534,0.0,91.57907,-60.657738,0.0
-23.540264,2.8995893,0.0,-0.07750843,-76.965256,0.0,60.5536,-18.400576,0.0
51.242626,75.86787,0.0,-85.428696,73.79582,0.0,-88.63089,-62.17497,0.0
-20.858398,-26.197557,0.0,-1.4445366,99.079575,0.0,93.851494,-6.7481627,0.0
-80.956245,-91.41837,0.0,-99.90664,-31.078817,0.0,-80.12931,-65.58271,0.0
-50.472214,-59.731903,0.0,-76.12531,-34.144096,0.0,6.0428233,83.63445,0.0
-19.57581,-43.503593,0.0,-54.894367,32.06348,0.0,42.09061,78.39447,0.0
53.86078,72.91942,0.0,72.54082,32.211246,0.0,-11.812479,-75.3732,0.0
28.28346,18.507648,0.0,-16.959328,83.53761,0.0,18.425268,-97.11664,0.0
-93.42863,-72.32142,0.0,33.44512,80.883965,0.0,53.375015,45.880184,0.0
-78.77353,92.459366,0.0,64.15731,-19.173004,0.0,44.340668,96.62353,0.0
86.49084,11.26799,0.0,64.241745,24.50786,0.0,58.546143,-11.039543,0.0
63.50311,96.37749,0.0,-99.077354,-56.551224,0.0,-6.573425,-47.954296,0.0
-2.2422273,99.938194,0.0,18.502483,-93.56236,0.0,58.48636,8.15237,0.0
-80.918076,51.72633,0.0,62.33821,15.645919,0.0,51.454914,68.3381,0.0
73.96061,94.98363,0.0,57.08727,-7.44784,0.0,99.189125,11.602887,0.0
83.851395,87.50214,0.0,-45.559917,-83.562454,0.0,41.958195,92.79633,0.0
-37.990677,-96.32131,0.0,89.12242,10.169739,0.0,71.092804,89.175224,0.0
-34.187546,-58.123512,0.0,19.965761,-84.30543,0.0,-39.48808,-67.41453,0.0
-82.85304,-7.7782164,0.0,52.00264,3.384362,0.0,71.062256,-95.996475,0.0
-39.740696,86.1559,0.0,-86.29399,2.1034403,0.0,45.02841,77.74199,0.0
-75.7394,-66.53478,0.0,-47.18352,-22.346998,0.0,-2.9106748,-50.431553,0.0
-49.08661,-46.9285,0.0,98.08312,-66.70635,0.0,98.945465,87.11624,0.0
48.239487,21.239511,0.0,89.32264,3.5026274,0.0,-48.773983,64.1822,0.0
-31.055405,60.324806,0.0,-39.485016,73.115685,0.0,-39.306534,-43.540684,0.0
24.391867,-0.63227326,0.0,-40.064053,-88.90822,0.0,-70.84324,88.70812,0.0
30.654058,-75.83692,0.0,11.969426,18.721313,0.0,-7.424504,-53.483025,0.0
90.95882,-54.300213,0.0,-96.16873,-61.666363,0.0,-68.846115,-90.44596,0.0
54.840855,-43.187054,0.0,-37.298306,35.21562,0.0,67.32272,-60.03745,0.0
4.3321342,-43.802525,0.0,-51.553955,40.82881,0.0,-54.4879,-79.40364,0.0
86.0476,81.45905,0.0,-52.9494,12.000915,0.0,-98.405914,-53.360294,0.0
-47.54577,36.55949,0.0,91.879745,-9.025469,0.0,96.17036,75.464645,0.0
-48.730614,-97.295425,0.0,-75.54569,-36.081257,0.0,-87.05642,-38.497307,0.0
-45.970215,-40.200275,0.0,-36.64704,88.58668,0.0,81.35345,83.12797,0.0
51.845425,10.102569,0.0,-39.974827,15.492407,0.0,36.30393,22.811117,0.0
-92.28163,-2.284187,0.0,79.566864,9.950109,0.0,-43.676437,-65.03961,0.0
-14.022317,14.194412,0.0,97.37235,82.6807,0.0,-88.20245,40.367123,0.0
-43.874706,36.731895,0.0,-22.313488,21.303596,0.0,-87.75925,-80.32049,0.0
-81.27076,16.919691,0.0,-12.023506,-92.4922,0.0,-23.374378,-91.57875,0.0
53.521984,-48.06192,0.0,67.10809,-96.26657,0.0,84.929695,3.288537,0.0
-23.719856,87.93514,0.0,67.05919,30.674055,0.0,-92.89078,59.17962,0.0
-95.91411,9.618895,0.0,47.639584,-80.97335,0.0,-17.00038,88.935326,0.0
61.080757,3.9486902,0.0,51.02824,-60.64072,0.0,-19.63423,77.94874,0.0
-54.84894,-83.27027,0.0,39.67171,82.69089,0.0,-94.2555,-42.908886,0.0
-65.67494,87.67331,0.0,28.939547,24.615793,0.0,-38.923656,-48.814877,0.0
-37.254543,8.58035,0.0,66.38195,46.550247,0.0,-47.93736,-96.99928,0.0
28.747656,-83.85989,0.0,16.671585,-95.45166,0.0,-63.17537,-78.921425,0.0
83.70268,1.9512591,0.0,-7.1592636,-33.521027,0.0,-20.443499,-86.40117,0.0
-51.291782,-1.7417268,0.0,-87.40399,42.504883,0.0,77.68118,78.147995,0.0
26.187946,-18.372778,0.0,96.0465,-70.39479,0.0,-77.262665,95.458374,0.0
52.421738,-83.931816,0.0,-42.969757,46.03207,0.0,-60.1722,-94.42858,0.0
3.3104887,-89.32133,0.0,-10.999879,-75.98928,0.0,62.782185,-71.03171,0.0
28.239887,-42.87815,0.0,-6.799197,96.14347,0.0,-26.072159,-96.02245,0.0
-77.83081,75.36575,0.0,-98.80896,-12.164823,0.0,89.01028,-86.66475,0.0
52.976807,-59.66199,0.0,64.03062,-61.401676,0.0,23.72119,-40.82116,0.0
-39.481697,-48.185543,0.0,25.20783,-20.222254,0.0,-35.652523,-23.212982,0.0
-30.21771,87.824326,0.0,-5.042307,97.13412,0.0,-25.110443,17.964584,0.0
85.257,-91.353165,0.0,-95.89797,61.288193,0.0,23.020067,15.520096,0.0
-9.601599,-53.404636,0.0,-85.127716,-23.976658,0.0,-80.58005,33.782227,0.0
-46.74738,-61.976704,0.0,-46.7515,80.92291,0.0,-50.63879,-86.59421,0.0
-84.23153,19.681597,0.0,-38.2959,-81.77969,0.0,-10.539327,19.24482,0.0
54.420715,50.985943,0.0,-68.356705,-92.09893,0.0,-33.436604,4.4721704,0.0
20.99234,27.329092,0.0,-45.21027,-50.771664,0.0,-40.469727,37.641605,0.0
21.617933,-26.386154,0.0,46.93334,-93.534706,0.0,90.67429,1.190349,0.0
7.1269546,-29.155859,0.0,70.38114,25.02722,0.0,33.4035,92.42488,0.0
57.29119,-60.940945,0.0,7.3347473,-25.754519,0.0,61.468998,-59.58653,0.0
-88.35913,85.25096,0.0,-88.560486,-39.148136,0.0,-56.34787,99.57093,0.0
52.30108,49.559776,0.0,67.70043,14.02623,0.0,11.410902,-46.54514,0.0
-78.503,-7.3973427,0.0,-37.527485,-92.14997,0.0,58.645916,-76.23857,0.0
-44.331535,-7.1954174,0.0,-87.25584,77.76918,0.0,-4.0047007,26.193651,0.0
-87.532745,92.28666,0.0,-79.6317,28.859343,0.0,96.36737,-16.850096,0.0
-39.927563,-22.86088,0.0,3.1807134,-48.422142,0.0,7.709258,31.727983,0.0
74.59295,6.5040774,0.0,-25.068716,5.041091,0.0,-14.2118635,-36.80367,0.0
24.71063,23.580578,0.0,33.149284,-78.319214,0.0,72.13737,33.347366,0.0
-32.480053,-64.2396,0.0,95.09295,-26.441656,0.0,-41.220814,93.7976,0.0
-53.130703,63.436787,0.0,60.633152,74.85719,0.0,44.813824,-79.26065,0.0
-52.826744,-73.189156,0.0,90.525505,-37.633183,0.0,87.27045,75.12782,0.0
53.55728,-23.776775,0.0,68.52842,69.7939,0.0,-81.70876,-69.025856,0.0
81.00485,83.09999,0.0,-9.358276,-41.39595,0.0,73.201515,80.10082,0.0
77.32624,-90.55866,0.0,-11.088011,87.59738,0.0,-42.522903,33.420074,0.0
-72.40865,-97.65407,0.0,-87.94282,-54.776764,0.0,27.545568,6.4037094,0.0
8.839623,99.26934,0.0,-33.21432,63.968807,0.0,5.8036103,-91.80645,0.0
99.60092,-22.38092,0.0,57.546562,-8.11417,0.0,66.54891,-70.020195,0.0
14.785571,11.669567,0.0,81.37282,-78.36347,0.0,96.34766,34.163975,0.0
62.811512,-53.27744,0.0,-44.517357,-18.588308,0.0,-96.401146,-74.92756,0.0
-39.109177,39.200336,0.0,48.52253,-49.578987,0.0,-81.19684,-13.791721,0.0
26.94047,96.632904,0.0,-27.91507,-95.15681,0.0,56.839607,22.32475,0.0
-20.234829,-41.01306,0.0,26.192062,-92.69583,0.0,33.096764,93.779625,0.0
90.667366,-99.763954,0.0,92.32853,-17.568197,0.0,-99.74769,-66.11565,0.0
36.22415,-99.605194,0.0,-65.003105,79.13322,0.0,54.965595,37.069847,0.0
-41.037296,-86.45506,0.0,-44.077785,57.873978,0.0,22.401615,-88.29897,0.0
96.605644,-2.1486151,0.0,26.536053,93.51531,0.0,95.26819,31.713482,0.0
70.04526,6.579882,0.0,-9.588359,25.433224,0.0,-87.929596,56.35365,0.0
99.04815,-42.26395,0.0,98.47358,62.718967,0.0,5.9837866,90.54396,0.0
-16.180964,95.34849,0.0,59.209736,-5.321016,0.0,-72.42083,93.61875,0.0
6.0246763,-92.077866,0.0,24.733006,-5.5449157,0.0,-80.4562,34.067326,0.0
-28.886602,-84.80845,0.0,-50.71227,-21.03095,0.0,-3.7387347,83.684685,0.0
-51.208916,-86.401024,0.0,2.579908,-41.69618,0.0,72.10424,22.882711,0.0
25.588339,-26.013088,0.0,-11.251812,23.128086,0.0,-23.557753,17.639864,0.0
54.75893,-42.889072,0.0,-34.09296,-90.278465,0.0,46.59902,94.062675,0.0
-76.0076,-75.83122,0.0,-53.198513,-63.38119,0.0,24.702126,-46.280807,0.0
-73.503265,81.96568,0.0,-43.90911,50.50308,0.0,-99.75311,53.02586,0.0
-92.288445,-3.8657508,0.0,-83.753006,-47.434364,0.0,60.59644,-20.73824,0.0
-83.87373,7.34137,0.0,19.76942,-11.037201,0.0,-97.59376,-20.10559,0.0
18.905111,-41.4738,0.0,41.030785,-91.08887,0.0,57.58305,10.14244,0.0
-35.091713,4.5287437,0.0,-31.850756,-37.187077,0.0,-60.701637,75.376976,0.0
20.33113,-9.287073,0.0,-14.173545,14.997224,0.0,79.36184,2.8630838,0.0
32.42697,-79.47055,0.0,42.823353,31.708559,0.0,-40.60324,-45.784523,0.0
56.797382,0.66111356,0.0,-91.37146,-18.199417,0.0,52.98718,-95.145454,0.0
51.054882,-8.329918,0.0,93.38901,56.231987,0.0,-52.219776,-45.794548,0.0
55.093353,-2.198083,0.0,-24.821484,0.26462284,0.0,55.696484,94.6851,0.0
-38.307667,66.31585,0.0,34.22945,-96.356026,0.0,71.947296,94.0445,0.0
-47.446262,-91.57622,0.0,27.937237,-81.42256,0.0,78.043526,13.3350315,0.0
-30.650017,-3.705782,0.0,-75.85161,-4.4037313,0.0,98.87864,-23.15642,0.0
90.40043,5.9647713,0.0,80.786705,-81.81408,0.0,-77.774734,-99.93488,0.0
-93.95555,-27.46669,0.0,24.904968,-54.002598,0.0,81.86759,75.43124,0.0
98.522995,13.566658,0.0,89.79804,89.677414,0.0,-31.26573,-35.4066,0.0
-92.472626,-83.140945,0.0,-65.470375,78.04693,0.0,-99.12119,52.84662,0.0
90.39861,61.001297,0.0,39.46064,99.49823,0.0,51.627052,70.20814,0.0
39.991314,31.041508,0.0,-59.587864,-91.84483,0.0,55.020847,0.7121383,0.0
1.7284611,-53.146183,0.0,-5.946266,-33.12933,0.0,-92.303566,52.809853,0.0
-32.075935,2.465733,0.0,86.388664,84.81863,0.0,82.125145,3.1723034,0.0
11.25778,-99.799866,0.0,9.883547,29.151365,0.0,-18.649723,-79.56212,0.0
72.34428,-91.94895,0.0,96.82064,-67.466064,0.0,17.070534,-79.39808,0.0
-48.047306,-20.872467,0.0,61.36945,2.8806264,0.0,-34.97743,29.21811,0.0
32.634926,-95.206566,0.0,46.2593,97.245995,0.0,-86.12693,-21.206095,0.0
-85.38056,-36.086765,0.0,-16.17661,-93.13092,0.0,-83.233574,93.15298,0.0
95.006424,7.0007434,0.0,64.53904,1.8179634,0.0,-33.718796,-21.617973,0.0
-3.9839551,-76.14778,0.0,-98.72653,25.93908,0.0,-50.4425,-90.91255,0.0
-2.6112707,22.392994,0.0,59.84015,-66.53454,0.0,-87.63134,55.834297,0.0
15.735614,96.02801,0.0,-12.136953,-32.564205,0.0,38.7181,84.941284,0.0
5.415882,81.53594,0.0,66.051605,-98.81261,0.0,-30.606104,-74.66839,0.0
-12.665662,10.595335,0.0,-13.680736,15.391215,0.0,-98.29926,-57.54727,0.0
-97.58762,11.700185,0.0,58.74037,-14.340209,0.0,36.839214,82.69643,0.0
23.219002,-11.998391,0.0,42.21944,-76.88917,0.0,-51.599834,76.736565,0.0
-27.160273,-19.416605,0.0,-59.059715,89.19227,0.0,90.67572,18.191143,0.0
69.27461,-26.10713,0.0,92.30914,74.65411,0.0,63.08183,7.2538204,0.0
57.73387,35.600323,0.0,-85.19924,-96.75169,0.0,82.38829,78.567825,0.0
58.56378,-71.07581,0.0,-43.453415,46.44105,0.0,5.168689,-93.38969,0.0
-36.113308,-46.556778,0.0,36.75677,79.093155,0.0,89.678764,29.022303,0.0
46.86456,28.663157,0.0,-8.766697,89.913055,0.0,49.99279,-42.3304,0.0
23.656273,-43.034824,0.0,-7.0957284,15.973904,0.0,7.651441,14.69213,0.0
19.99922,33.35336,0.0,53.24535,64.691345,0.0,-40.521103,-74.03445,0.0
6.1952167,-53.831806,0.0,-96.93152,-92.13603,0.0,-90.473,-38.719566,0.0
14.388842,-53.30614,0.0,27.119612,-16.855938,0.0,52.36579,31.475035,0.0
-80.52304,-19.505564,0.0,-18.41785,-49.334496,0.0,-54.836502,68.727455,0.0
-75.331474,-6.0322404,0.0,-76.38502,-49.02517,0.0,62.701202,22.807167,0.0
-37.076015,-32.155876,0.0,87.755196,24.05861,0.0,79.6162,17.958027,0.0
-62.69537,75.06106,0.0,-41.583195,85.07023,0.0,-28.60407,-37.70309,0.0
98.07171,54.433365,0.0,-87.72876,-74.58414,0.0,79.27371,89.592026,0.0
-85.15575,-44.298973,0.0,-80.826035,-31.757343,0.0,-55.92052,-80.45163,0.0
-75.11493,94.4156,0.0,57.13698,77.35588,0.0,6.843465,-27.211885,0.0
-96.70785,-97.327866,0.0,-10.913921,95.86484,0.0,-91.67612,-83.68569,0.0
93.86191,78.89901,0.0,-85.76314,-82.48404,0.0,28.167185,-54.358406,0.0
76.670525,20.978483,0.0,-14.029015,22.90715,0.0,13.021401,-93.988556,0.0
-36.207535,21.985239,0.0,-54.780323,-4.0467973,0.0,22.76552,7.2685075,0.0
-45.753445,78.335785,0.0,-80.63241,98.34279,0.0,-97.62738,66.41783,0.0
-29.948214,87.37687,0.0,12.4708,92.32174,0.0,60.464508,31.347078,0.0
95.11482,38.713184,0.0,96.69621,75.03638,0.0,24.258976,-51.73898,0.0
57.34067,-78.42876,0.0,-12.07837,-40.220562,0.0,65.6434,-72.86781,0.0
50.679966,-42.323605,0.0,-89.733345,-92.91606,0.0,-53.157997,-97.75518,0.0
-53.813118,-88.47652,0.0,14.220262,-84.27286,0.0,51.884434,-58.457283,0.0
-72.10221,80.18376,0.0,-95.88801,44.58048,0.0,95.22854,-70.09969,0.0
74.928024,-87.183685,0.0,-64.20382,79.58582,0.0,13.05602,-88.055374,0.0
-29.74264,-29.135557,0.0,16.985123,98.08914,0.0,7.4606776,78.72923,0.0
7.1454997,18.605415,0.0,-52.975746,-64.65655,0.0,57.940613,54.07506,0.0
-26.477713,17.920341,0.0,-43.678104,72.710655,0.0,89.4912,-90.58818,0.0
-32.49315,19.834494,0.0,-4.681212,-81.85912,0.0,-47.301388,-25.965225,0.0
38.23225,-95.67242,0.0,-99.256775,96.74499,0.0,60.431717,84.92398,0.0
-8.284786,-40.4827,0.0,6.9434333,-90.18177,0.0,-5.7578406,-79.253746,0.0
-7.5828323,-86.72234,0.0,63.475258,-82.516556,0.0,26.188555,18.354998,0.0
25.830591,-6.8756866,0.0,-81.08473,24.443571,0.0,-14.1467285,81.859344,0.0
18.182077,92.12883,0.0,-74.38422,-77.425964,0.0,-31.301632,-49.380016,0.0
-93.41717,45.04577,0.0,54.253796,-3.1742835,0.0,-39.00007,-16.605421,0.0
-45.65223,-4.2686386,0.0,52.533363,-83.16687,0.0,-22.744667,-24.36042,0.0
68.221146,-63.98497,0.0,-41.496696,80.80754,0.0,-98.46541,-1.148419,0.0
-90.32407,-8.167008,0.0,-47.27764,31.249132,0.0,9.675698,83.10536,0.0
64.73235,-80.70504,0.0,46.955795,97.514,0.0,-44.651424,20.519121,0.0
-90.59699,-23.335901,0.0,77.12396,79.987305,0.0,37.829647,87.88404,0.0
-41.62955,-98.74297,0.0,0.43611613,24.594748,0.0,-51.321373,-25.918447,0.0
-54.367283,5.328559,0.0,16.30954,-38.4695,0.0,82.89429,88.41523,0.0
-77.00372,14.106848,0.0,-95.56102,-76.595985,0.0,-15.746115,-82.03646,0.0
-49.196014,-60.87255,0.0,-54.224762,-46.902687,0.0,25.343258,96.42434,0.0
68.23287,-34.672626,0.0,93.2856,-5.009567,0.0,-33.30254,-57.487415,0.0
-52.84169,-38.01931,0.0,-74.17613,97.76009,0.0,65.092834,-56.995316,0.0
-48.406376,95.640884,0.0,40.588806,89.5962,0.0,9.472547,-93.758865,0.0
-57.10666,-85.12478,0.0,26.522808,88.61663,0.0,-51.275246,88.77848,0.0
-13.358794,78.6485,0.0,18.74492,82.668594,0.0,60.33511,-62.943684,0.0
-27.06332,-50.758904,0.0,28.702011,-47.126423,0.0,19.198643,-12.400671,0.0
62.573433,8.512656,0.0,50.318905,87.50532,0.0,53.04988,63.2721,0.0
-38.447144,-71.06229,0.0,2.1549122,28.819555,0.0,-87.51251,18.160122,0.0
90.23799,89.84601,0.0,-30.53476,-93.61729,0.0,97.73922,1.8788202,0.0
22.749363,-38.27225,0.0,-87.00577,-35.563713,0.0,40.58559,-42.121483,0.0
-75.71021,62.207745,0.0,-40.347046,-96.94574,0.0,-81.002014,-92.73198,0.0
-97.71524,-45.02919,0.0,91.311676,81.69981,0.0,55.77277,-24.650625,0.0
-42.149105,81.83222,0.0,47.406815,-78.298935,0.0,-5.483079,-39.9885,0.0
-39.359097,61.366077,0.0,-30.809818,-17.031271,0.0,17.782804,-23.908531,0.0
41.1433,-79.845024,0.0,94.24356,53.033558,0.0,80.27187,8.7580185,0.0
99.385506,-25.10755,0.0,-43.097942,60.236214,0.0,55.115253,-40.801228,0.0
74.7608,-92.887085,0.0,-0.03725698,-85.48396,0.0,97.01408,-93.21769,0.0
-32.13813,89.22813,0.0,25.332092,-12.609222,0.0,65.146255,-65.57708,0.0
28.901043,-78.55697,0.0,-46.677547,-67.04149,0.0,62.136257,73.95563,0.0
-23.945862,88.31544,0.0,-50.753784,-97.23497,0.0,-36.008503,36.557503,0.0
-86.95625,-37.795826,0.0,-4.085569,29.276981,0.0,35.498928,75.026825,0.0
95.67446,23.13826,0.0,-41.925457,-31.919683,0.0,-92.33723,10.367436,0.0
17.45457,-92.53774,0.0,-40.140816,86.12762,0.0,-68.09194,84.35281,0.0
-54.262665,-10.996838,0.0,32.47055,96.808174,0.0,99.461716,-61.630447,0.0
-1.4619837,-32.221367,0.0,-28.96909,84.51179,0.0,47.843796,-80.37974,0.0
-7.6940455,-93.51023,0.0,-0.75778174,87.88036,0.0,-76.35755,-42.59969,0.0
-96.4513,-73.025475,0.0,-94.64379,-29.673178,0.0,-94.74696,7.6911807,0.0
-42.914516,-14.862055,0.0,-32.167103,71.05962,0.0,-39.147774,-63.188972,0.0
72.543335,88.3498,0.0,92.84469,88.94384,0.0,-38.279743,-33.454872,0.0
76.88663,95.78411,0.0,58.676945,21.487133,0.0,-48.871395,89.125534,0.0
61.28316,38.063046,0.0,-18.934452,23.56993,0.0,27.084345,-50.66185,0.0
54.25822,-41.707584,0.0,26.014376,30.211605,0.0,-6.895446,-42.236736,0.0
-81.26779,-88.59782,0.0,-90.385376,-26.719698,0.0,9.092351,19.8593,0.0
-77.66145,14.293024,0.0,30.486149,86.747246,0.0,66.518875,89.17812,0.0
24.793379,14.136211,0.0,-37.494045,33.36168,0.0,9.807344,11.170623,0.0
8.746929,-30.140848,0.0,-96.54343,95.54316,0.0,-87.93962,-58.747555,0.0
-85.93315,-59.87228,0.0,-14.205645,98.98536,0.0,20.363066,3.0840535,0.0
-47.887543,-54.13632,0.0,-37.42849,-84.57195,0.0,24.325796,21.923498,0.0
-85.99973,78.69809,0.0,81.20559,-85.261856,0.0,-80.87307,61.47519,0.0
-39.363754,45.599228,0.0,39.695457,94.85656,0.0,-81.65229,65.29544,0.0
-15.102289,-94.56856,0.0,-35.948536,13.619215,0.0,-37.4836,15.708221,0.0
-51.53622,-65.250854,0.0,91.72127,-47.467644,0.0,-6.089774,90.9283,0.0
37.33406,33.521343,0.0,58.768967,28.669983,0.0,22.846237,85.19615,0.0
-49.54531,44.421963,0.0,60.354557,-79.03634,0.0,82.50381,24.06498,0.0
42.293346,-90.75557,0.0,87.73184,-77.61383,0.0,-95.64724,38.368313,0.0
-44.081516,-24.297411,0.0,-93.91371,52.64868,0.0,-14.438554,87.29413,0.0
-8.011532,-81.113045,0.0,96.89183,-35.927986,0.0,-30.74313,-32.587242,0.0
-23.48772,-83.7939,0.0,-57.80741,78.35074,0.0,21.975025,92.72141,0.0
96.97227,-41.408386,0.0,87.43041,97.17964,0.0,96.594345,-67.21302,0.0
90.61527,-48.470104,0.0,-82.94185,95.486206,0.0,54.615704,10.276955,0.0
52.254013,-87.668755,0.0,59.85027,-23.19519,0.0,-3.4612966,17.003084,0.0
-16.883518,25.740229,0.0,-35.764313,-30.397182,0.0,-80.0283,98.34453,0.0
95.74694,-95.51504,0.0,-93.96768,5.2042327,0.0,51.569275,-84.02678,0.0
19.54763,4.4891853,0.0,-10.663745,-89.34437,0.0,28.434916,81.08041,0.0
57.884308,-28.603624,0.0,-48.083973,-45.18064,0.0,-17.794836,-29.478373,0.0
-26.663849,-98.77438,0.0,-92.951004,-0.80184555,0.0,38.22332,82.00382,0.0
79.98343,92.71679,0.0,-6.138088,23.5841,0.0,-7.1029305,-45.201694,0.0
-82.16249,-59.829597,0.0,57.233948,-31.120121,0.0,-4.5777464,91.15247,0.0
-25.819407,-50.640533,0.0,45.423508,-94.603165,0.0,-56.100304,-95.52366,0.0
-32.98513,-57.544643,0.0,91.65975,-37.33933,0.0,87.97357,15.153668,0.0
-33.659233,-84.71011,0.0,-90.298584,-36.04426,0.0,-43.27948,98.07647,0.0
-42.264492,-10.081701,0.0,-28.172895,-48.331425,0.0,95.55607,-96.97307,0.0
97.80704,-61.389893,0.0,-98.91841,-66.24033,0.0,-0.96552795,-44.79504,0.0
92.217354,41.261772,0.0,66.091064,-36.265667,0.0,-76.555534,25.49053,0.0
26.186813,-11.307481,0.0,20.255264,-48.508865,0.0,98.1986,88.637276,0.0
1.0718287,-42.67376,0.0,15.984642,-33.591145,0.0,-88.007225,87.436714,0.0
-95.34109,-75.272125,0.0,77.11922,24.931202,0.0,-37.47624,-33.369827,0.0
-76.98653,-17.568129,0.0,5.3185368,76.452385,0.0,60.44435,5.9022584,0.0
-97.81087,-98.70099,0.0,-43.783665,-90.96944,0.0,-25.54104,24.361795,0.0
95.62819,44.805397,0.0,57.566887,67.97149,0.0,-15.321105,-77.62664,0.0
35.013622,92.386314,0.0,-8.095932,97.831314,0.0,8.506542,-31.989487,0.0
52.65156,-65.23871,0.0,-99.96934,12.044813,0.0,-32.511143,-75.88732,0.0
78.06728,-91.60454,0.0,57.122066,-49.52228,0.0,-19.568775,11.1716795,0.0
-57.888012,77.774605,0.0,97.74926,-21.216051,0.0,-49.39865,-87.61089,0.0
43.176445,-95.16394,0.0,-86.60236,-31.160694,0.0,73.77033,-92.11991,0.0
-83.93355,-13.880237,0.0,16.175577,-95.33212,0.0,-31.681755,62.81054,0.0
97.727295,-60.692425,0.0,-31.741346,80.15124,0.0,64.20463,65.34718,0.0
-66.21678,-99.0194,0.0,-37.702682,-68.03895,0.0,1.9380063,-92.71666,0.0
-92.97795,54.033764,0.0,-24.016655,-81.166435,0.0,-91.15523,5.5466056,0.0
-10.228703,-86.475334,0.0,77.243965,9.134514,0.0,76.992386,98.73218,0.0
-83.70115,53.76954,0.0,15.51799,3.7672157,0.0,-41.028343,9.195638,0.0
-54.33149,28.930653,0.0,37.79866,91.15633,0.0,36.56574,80.58473,0.0
86.01191,-95.56882,0.0,58.470444,89.99062,0.0,-35.945282,3.0697196,0.0
-95.38826,-89.40034,0.0,-93.5533,-15.102038,0.0,41.549107,30.581821,0.0
58.655865,77.055176,0.0,-18.63209,-87.79538,0.0,-38.01602,21.965837,0.0
59.766026,-78.197624,0.0,-51.788605,-51.22133,0.0,-5.7617526,88.47877,0.0
68.26008,-54.981236,0.0,-75.96023,28.826813,0.0,78.07049,15.590848,0.0
59.983406,-49.54739,0.0,-89.42705,-15.230632,0.0,76.05256,86.00078,0.0
56.02649,-5.2854037,0.0,-21.660017,-87.123695,0.0,8.777941,26.789333,0.0
-83.14008,53.83088,0.0,16.95274,-21.744062,0.0,-22.609148,-53.493793,0.0
27.439804,-17.01112,0.0,-2.3872197,-88.88298,0.0,21.157312,-53.228394,0.0
76.74134,32.785175,0.0,-5.9686704,-32.472923,0.0,25.939863,29.684933,0.0
25.141155,-96.736336,0.0,65.52622,-15.30945,0.0,-46.841286,92.98854,0.0
5.523542,23.582224,0.0,-53.551506,42.93214,0.0,-92.866035,-29.93526,0.0
-76.30065,-9.616428,0.0,1.7849592,77.48828,0.0,73.68182,12.545309,0.0
-64.9509,80.87799,0.0,-24.464231,-98.84602,0.0,-79.3731,-32.15382,0.0
-19.581781,-75.809204,0.0,58.02475,13.546718,0.0,98.59171,2.8974957,0.0
6.06458,85.74005,0.0,67.079094,-72.539536,0.0,79.975784,78.02299,0.0
86.70986,-93.28792,0.0,-30.718643,60.43419,0.0,-35.451714,-74.24419,0.0
-55.722027,-75.636314,0.0,50.62463,71.00853,0.0,20.701733,-1.011974,0.0
-12.8245125,-54.91435,0.0,38.109642,34.231075,0.0,71.07617,27.555826,0.0
-4.2665944,-46.830757,0.0,-99.759315,-33.086674,0.0,58.16644,27.587574,0.0
-68.0455,89.46835,0.0,99.17302,-13.890286,0.0,-87.8807,11.354459,0.0
93.98278,-98.292076,0.0,-60.977493,81.47639,0.0,-24.021866,-32.0055,0.0
98.44439,5.877868,0.0,-85.15995,31.677376,0.0,-75.4949,28.31233,0.0
74.15643,18.557806,0.0,-8.658757,21.040071,0.0,-23.724257,-18.22238,0.0
-99.011765,-74.577415,0.0,-77.130936,-93.84844,0.0,-89.22561,10.687024,0.0
65.52599,93.33499,0.0,-98.52816,-79.77531,0.0,-53.41291,11.537525,0.0
-53.534863,78.26473,0.0,-15.253268,-89.53505,0.0,-92.728,44.973236,0.0
31.390276,-77.85117,0.0,89.50488,91.05726,0.0,-36.059025,-93.4415,0.0
-52.835938,75.70275,0.0,-66.40033,91.99077,0.0,-81.49253,2.75725,0.0
-50.075237,-60.100998,0.0,-51.02874,60.441383,0.0,6.5282655,-85.68346,0.0
-53.765945,-35.255245,0.0,41.27001,96.01668,0.0,71.37973,92.04277,0.0
-51.121166,-39.257664,0.0,5.9324455,26.793118,0.0,-54.648132,-26.500866,0.0
9.755118,23.460995,0.0,92.37568,-67.77898,0.0,91.771774,-64.04498,0.0
12.131615,-29.528364,0.0,-89.84007,-29.314907,0.0,-96.19894,-63.18656,0.0
97.3784,-89.697556,0.0,56.147594,45.629753,0.0,2.8045259,88.97844,0.0
-3.6280644,92.02987,0.0,10.742643,76.75512,0.0,8.191924,80.308876,0.0
64.42538,40.072914,0.0,88.083374,91.07263,0.0,21.091095,4.9127,0.0
-79.55775,82.154434,0.0,50.463734,44.110767,0.0,98.01621,45.932976,0.0
-87.20304,-93.051414,0.0,-25.253717,-52.70141,0.0,11.454119,-41.428356,0.0
-32.612667,0.57690275,0.0,84.48842,24.411081,0.0,-50.05135,51.242943,0.0
-41.154163,-68.90845,0.0,11.177351,-22.117281,0.0,51.5471,-39.171383,0.0
31.339003,-82.265335,0.0,94.90058,89.84511,0.0,-41.908043,-61.084442,0.0
67.14842,-69.22634,0.0,-52.07831,-2.3761191,0.0,32.625267,29.7002,0.0
7.0273786,-92.04515,0.0,-82.873695,22.048294,0.0,11.091353,-25.286455,0.0
-51.6211,-7.9946876,0.0,-46.699795,-23.582846,0.0,70.97121,-83.278435,0.0
-52.83566,85.43853,0.0,-85.47711,84.96555,0.0,-19.843342,-51.421967,0.0
-52.73923,-3.0896978,0.0,-99.42645,-66.247665,0.0,-26.720697,-89.894455,0.0
60.641117,6.4307485,0.0,66.05441,-47.806866,0.0,60.804108,22.474651,0.0
80.93388,28.10214,0.0,11.553913,75.87744,0.0,6.550393,87.33103,0.0
70.88739,10.839531,0.0,-15.845772,75.618576,0.0,57.06815,60.018517,0.0
-76.261955,7.9636393,0.0,-76.66926,61.92557,0.0,27.293554,-3.981304,0.0
2.4912677,24.772295,0.0,61.71002,59.06885,0.0,-46.707676,10.670961,0.0
-90.17968,-86.417366,0.0,37.374134,-86.439804,0.0,-41.05646,86.04727,0.0
-16.235085,-53.849323,0.0,-4.6280456,89.797104,0.0,-35.89118,90.809944,0.0
-73.74528,87.78631,0.0,-14.676407,-95.83914,0.0,68.647934,-35.260975,0.0
41.608658,28.989225,0.0,-99.431625,40.23428,0.0,-20.706074,-23.750666,0.0
-83.75596,77.552666,0.0,15.71916,-14.564891,0.0,69.2275,-17.519707,0.0
92.334404,-27.807241,0.0,60.45548,3.0807223,0.0,-16.153212,91.84547,0.0
54.3486,-31.16714,0.0,-48.94385,-51.22385,0.0,-89.30255,-74.601746,0.0
-83.46376,60.686867,0.0,63.117115,59.58864,0.0,56.052917,10.730735,0.0
59.32011,-36.74531,0.0,39.316296,27.983608,0.0,-43.808212,-78.25339,0.0
43.22505,20.034922,0.0,-43.865067,77.482185,0.0,-83.049484,-63.83476,0.0
-8.968438,-94.55565,0.0,63.124252,3.8010619,0.0,-20.591312,-53.62577,0.0
-40.74439,-10.289477,0.0,66.028694,-68.84462,0.0,-88.33015,-87.80068,0.0
42.824173,-79.89578,0.0,62.447674,55.97063,0.0,52.723404,94.76466,0.0
-77.58931,83.02654,0.0,-35.790546,82.0244,0.0,-29.266819,-51.921688,0.0
-37.21602,12.019609,0.0,-8.803571,-37.188404,0.0,-25.932804,-33.250904,0.0
-82.695244,-71.81084,0.0,77.179535,-97.39463,0.0,54.270267,34.70105,0.0
-46.369373,57.340443,0.0,-98.90463,49.717834,0.0,99.48882,-79.109535,0.0
-47.59598,51.98619,0.0,96.027115,13.569237,0.0,-31.612637,-7.183041,0.0
-26.622831,22.661816,0.0,43.553604,-90.3619,0.0,-1.4574424,-30.334179,0.0
-24.74984,75.55533,0.0,63.11744,64.82113,0.0,-39.068146,60.596382,0.0
-20.387348,78.673935,0.0,-50.054073,12.923558,0.0,-30.600037,-63.89822,0.0
-13.936714,75.57763,0.0,-56.791096,-86.68651,0.0,-32.432636,18.053577,0.0
-40.45596,43.09033,0.0,-6.3009524,99.0548,0.0,-5.470696,76.17973,0.0
61.803246,45.448715,0.0,-84.02639,-30.282658,0.0,83.7141,85.60717,0.0
-56.86809,-76.08999,0.0,-48.661713,22.206976,0.0,-73.45259,-93.54839,0.0
-53.93203,-45.215763,0.0,-32.521576,86.26208,0.0,73.71954,18.627613,0.0
85.537926,5.1082335,0.0,29.300053,3.4653797,0.0,34.025402,32.68253,0.0
-23.825533,25.060984,0.0,-45.306496,-63.240417,0.0,-81.392136,45.34999,0.0
24.852999,-85.04698,0.0,-79.69803,54.725216,0.0,-46.567036,-66.237755,0.0
-93.074875,-48.59485,0.0,35.91712,-85.87219,0.0,-82.53563,-48.27137,0.0
73.73903,75.99172,0.0,99.9968,57.68546,0.0,12.639313,-25.070753,0.0
56.77527,21.523643,0.0,-40.834877,-39.35455,0.0,97.24199,-28.385967,0.0
-29.914053,-27.268019,0.0,-96.14129,-89.27866,0.0,-43.391926,-57.906513,0.0
90.20155,-94.59935,0.0,66.46786,-61.76388,0.0,-97.928116,-96.36173,0.0
93.58817,-26.478798,0.0,-52.655575,96.10649,0.0,-75.5729,5.85885,0.0
50.06694,54.155777,0.0,63.272503,-12.69857,0.0,16.344727,95.96501,0.0
85.29983,-91.5899,0.0,39.185467,-79.03876,0.0,85.17245,21.229998,0.0
-46.23307,7.754399,0.0,-58.679253,98.543045,0.0,-40.678043,57.76767,0.0
-63.401085,80.76664,0.0,52.748726,67.06074,0.0,94.88871,-99.28093,0.0
-23.402689,-50.933823,0.0,-38.110195,86.243385,0.0,84.857254,32.4973,0.0
58.37555,-39.496494,0.0,-77.29033,-77.49641,0.0,-28.985792,15.498657,0.0
55.115284,14.792102,0.0,-39.54083,-31.251656,0.0,94.9909,-23.761059,0.0
42.47752,-94.42231,0.0,-28.303465,29.7308,0.0,98.164215,10.58504,0.0
-11.578016,23.590221,0.0,49.03286,21.162125,0.0,-83.697365,25.747118,0.0
-83.91558,39.45468,0.0,52.843575,-3.5779727,0.0,-11.031984,26.202698,0.0
49.07884,-54.69874,0.0,88.7576,-98.82799,0.0,-94.14634,-36.636925,0.0
81.678276,11.705407,0.0,67.8366,40.38388,0.0,-92.35747,60.443718,0.0
13.31651,-83.258255,0.0,-98.49371,85.818855,0.0,2.9451685,-76.03663,0.0
52.90717,13.808838,0.0,-54.745804,-95.06881,0.0,-38.161922,-73.037384,0.0
-25.623732,-76.40764,0.0,-84.65384,-79.95008,0.0,-20.146578,-26.876335,0.0
-66.083305,89.38233,0.0,-35.47852,10.611173,0.0,-43.172768,93.70691,0.0
-55.077553,97.017555,0.0,-78.51343,85.15241,0.0,27.139648,87.17052,0.0
-43.74525,-39.94211,0.0,-96.58005,-33.226223,0.0,-80.27073,63.491894,0.0
-42.058975,69.39578,0.0,59.62538,96.042175,0.0,-46.229465,34.4235,0.0
32.19323,91.7251,0.0,-99.380005,-53.81038,0.0,90.8807,-10.485649,0.0
43.40695,-52.12523,0.0,82.02701,1.1053941,0.0,-50.75302,33.548683,0.0
12.507797,18.093336,0.0,57.971436,42.69321,0.0,-97.30171,2.9890158,0.0
-26.550245,99.47632,0.0,-84.73307,78.9748,0.0,13.215057,30.245401,0.0
27.113237,-84.41925,0.0,76.7588,-81.08963,0.0,54.973076,-58.03907,0.0
-52.88602,1.6355137,0.0,39.542526,-89.126,0.0,1.0672208,25.492708,0.0
-6.0207157,-48.033634,0.0,60.5281,-46.0015,0.0,-99.53952,45.73453,0.0
-40.364857,86.51606,0.0,-67.21423,-99.314285,0.0,11.213118,-95.478165,0.0
-5.1734443,-43.75493,0.0,84.230194,-96.72699,0.0,-81.06615,3.8149927,0.0
-46.535297,86.70875,0.0,78.31027,90.797516,0.0,-55.01788,-98.22368,0.0
35.104233,96.005104,0.0,23.139421,-99.98476,0.0,97.79427,-42.569134,0.0
-45.670933,-47.520905,0.0,-2.927772,-92.088554,0.0,10.708364,24.340254,0.0
4.2048926,-54.63327,0.0,97.32756,11.945352,0.0,-23.08664,6.7026043,0.0
-51.958195,-70.7042,0.0,89.592636,-89.52428,0.0,78.186646,27.209948,0.0
-92.67449,77.76266,0.0,-72.250084,84.501656,0.0,80.80038,86.86014,0.0
86.22107,25.84117,0.0,-43.28981,23.844734,0.0,-85.6179,-1.2235601,0.0
67.34822,25.662598,0.0,-66.56869,95.23559,0.0,56.31061,39.251408,0.0
19.247997,-12.935297,0.0,70.21903,-84.37586,0.0,-86.64021,-80.00088,0.0
-15.623707,81.369896,0.0,59.62175,-9.006716,0.0,65.763985,-76.3398,0.0
-51.116085,-97.56206,0.0,66.71624,-62.48428,0.0,99.945946,-52.30061,0.0
-62.654434,-98.487305,0.0,-83.20593,-68.66513,0.0,62.666786,92.46482,0.0
-94.90227,-69.34873,0.0,-75.0949,83.19627,0.0,-77.61446,73.12067,0.0
5.8079023,-94.86793,0.0,25.378805,32.553795,0.0,26.71698,-76.17409,0.0
-17.586483,29.137564,0.0,28.891882,-84.27476,0.0,69.38373,75.367035,0.0
-50.43184,43.178062,0.0,24.384644,91.86253,0.0,92.22172,-25.63561,0.0
-86.268974,-76.329346,0.0,1.7575274,-35.12888,0.0,91.297745,35.4165,0.0
-99.677666,61.897552,0.0,-38.566032,-30.496685,0.0,-10.627517,-92.282455,0.0
-40.024708,-9.757864,0.0,26.62016,-98.09316,0.0,47.799614,-81.169914,0.0
-66.04409,95.129875,0.0,-51.271023,92.90292,0.0,-50.321316,-72.83276,0.0
-32.193813,79.862305,0.0,-41.047554,-96.29965,0.0,-22.669125,25.646626,0.0
37.786716,87.0236,0.0,92.45801,54.379715,0.0,-59.976616,-90.13639,0.0
5.6560802,-83.52832,0.0,29.133547,-85.27352,0.0,-88.370575,53.723774,0.0
43.268654,27.179556,0.0,-14.371991,26.77056,0.0,64.593735,11.547937,0.0
89.99164,77.41362,0.0,53.446182,92.69515,0.0,91.03131,17.06911,0.0
-4.984351,-53.038177,0.0,56.94802,48.170357,0.0,-40.44297,-48.74476,0.0
-27.083622,-6.2578435,0.0,-95.545456,-65.54069,0.0,-18.306398,-90.33473,0.0
-82.9343,37.18835,0.0,-43.745018,34.03192,0.0,95.247505,-2.579218,0.0
8.547129,-84.7012,0.0,-49.631294,-52.32531,0.0,55.403152,47.195793,0.0
37.039074,78.70951,0.0,-82.90709,29.025967,0.0,-20.281994,-38.64657,0.0
20.088087,12.937501,0.0,54.188484,1.2387035,0.0,57.22446,40.40741,0.0
-40.42191,1.5996361,0.0,55.134094,-87.2052,0.0,-24.091774,94.76382,0.0
60.9907,-50.61555,0.0,-25.662674,31.579004,0.0,-63.5609,-99.901535,0.0
-94.176735,-55.017128,0.0,-67.013084,94.65165,0.0,-80.41288,-69.01493,0.0
26.179367,4.2284403,0.0,-52.42795,45.910854,0.0,-33.45327,74.81874,0.0
69.566475,-29.90645,0.0,-19.752699,98.55306,0.0,-77.62163,8.252856,0.0
-33.269714,-63.73407,0.0,-31.925999,37.378788,0.0,-22.642288,75.590836,0.0
90.67196,-50.574753,0.0,-21.652525,86.526375,0.0,60.928032,45.878117,0.0
66.97398,-38.713676,0.0,76.15119,-91.08924,0.0,54.57333,-60.519276,0.0
-45.18985,-4.1685305,0.0,-15.534713,27.0079,0.0,-60.92559,-93.1448,0.0
-50.347282,68.90208,0.0,57.935917,-54.360596,0.0,-44.828747,-64.004555,0.0
75.32903,24.14334,0.0,-46.001194,15.885206,0.0,33.62256,-88.42238,0.0
-22.299929,25.044249,0.0,-33.729004,-92.88209,0.0,-38.234848,22.128588,0.0
-89.148926,-66.76245,0.0,-85.51957,72.599915,0.0,17.683985,92.88488,0.0
-59.400063,-93.8166,0.0,75.59486,31.542368,0.0,61.1985,-72.902504,0.0
97.61302,87.8818,0.0,20.265585,-51.92913,0.0,65.17557,-1.9940605,0.0
-58.384983,97.29307,0.0,50.600933,46.179264,0.0,-82.33142,69.780334,0.0
-64.911606,81.93862,0.0,1.1890113,89.40699,0.0,-82.19853,10.518828,0.0
91.23568,-36.664577,0.0,-24.440067,84.8466,0.0,76.80418,-99.16609,0.0
-75.79529,87.800835,0.0,-11.668804,-51.836353,0.0,-21.965136,22.152424,0.0
6.072515,-53.155228,0.0,27.654755,-42.98562,0.0,-21.705622,16.436121,0.0
-90.66203,-59.127644,0.0,95.35855,98.97508,0.0,75.85068,84.09188,0.0
-23.355593,-92.690544,0.0,-81.09366,-40.986732,0.0,78.1141,31.596869,0.0
-17.962494,-93.19095,0.0,20.180447,-33.26619,0.0,14.537568,-44.677822,0.0
21.134712,-30.412525,0.0,-34.735416,36.612995,0.0,-25.829607,-96.5704,0.0
-82.9131,-89.27456,0.0,-21.620224,92.73724,0.0,-80.08679,28.777084,0.0
97.758255,-87.07439,0.0,-85.54495,-57.1338,0.0,51.426765,-27.01627,0.0
93.5367,-89.95583,0.0,-52.430363,35.371975,0.0,-31.272848,-70.23484,0.0
97.30529,-68.01762,0.0,22.166727,-15.423732,0.0,63.66251,54.34236,0.0
-41.797173,1.1171526,0.0,62.401894,-94.74301,0.0,-19.645847,-96.97346,0.0
-86.56534,-9.178794,0.0,22.195538,-51.133366,0.0,-23.622414,-25.953093,0.0
-90.63128,23.043224,0.0,-67.09429,81.79082,0.0,-48.77867,-45.642178,0.0
97.75426,23.722445,0.0,-12.818467,-47.90015,0.0,-37.55654,73.330986,0.0
53.831154,90.91742,0.0,5.772267,93.98167,0.0,-69.118385,78.409485,0.0
-21.126331,-75.983246,0.0,-27.902924,-76.01114,0.0,-38.003296,81.704765,0.0
3.8038259,28.578697,0.0,1.4233166,34.613525,0.0,13.556141,-0.38996112,0.0
-17.620667,32.082973,0.0,8.966916,92.427826,0.0,-45.42422,57.89249,0.0
-23.913422,-17.821604,0.0,-3.065972,16.648264,0.0,-2.5340977,20.83748,0.0
69.087875,-77.237785,0.0,61.80682,-88.14609,0.0,65.002914,-74.39859,0.0
58.797348,-23.290697,0.0,63.4891,-46.126602,0.0,-5.4810247,-98.845375,0.0
-35.85952,76.21336,0.0,-11.947828,-45.90599,0.0,96.88389,-72.65341,0.0
24.914227,-88.642006,0.0,29.644802,11.049181,0.0,-47.173187,-38.254528,0.0
46.52025,24.5216,0.0,56.314594,36.11756,0.0,61.72647,-67.414734,0.0
-45.514244,44.58234,0.0,-96.63441,42.454754,0.0,-97.56796,-25.823215,0.0
9.168104,13.431455,0.0,-93.41482,-92.3036,0.0,-13.54709,33.67387,0.0
-95.927185,37.76356,0.0,19.619715,-24.477047,0.0,11.271288,-48.466198,0.0
40.39651,-87.36953,0.0,58.559986,38.705044,0.0,66.603455,-72.570305,0.0
68.91312,-76.64531,0.0,25.62688,-39.46984,0.0,62.81639,-13.907362,0.0
3.1784513,-86.50338,0.0,-32.243732,29.719076,0.0,-41.045444,-30.413548,0.0
63.240295,-73.57275,0.0,59.814354,-36.051056,0.0,4.336064,-40.723686,0.0
53.065037,-11.283283,0.0,-79.93724,-75.782,0.0,-92.67132,28.366396,0.0
-25.599258,-48.268738,0.0,-54.142017,-3.1694865,0.0,90.1045,-17.046331,0.0
-48.947193,69.36759,0.0,-98.07069,20.311104,0.0,10.280228,88.716255,0.0
26.314535,6.9139166,0.0,64.807495,-55.625427,0.0,-27.351423,99.79289,0.0
-17.034908,26.969625,0.0,-42.203716,81.273445,0.0,-50.91347,16.459412,0.0
-73.86929,86.17204,0.0,-23.288357,87.79069,0.0,59.402874,53.065315,0.0
40.881905,21.67044,0.0,-13.42118,-95.13903,0.0,-26.79584,-92.25103,0.0
-15.315452,-89.79586,0.0,-81.17032,-30.323462,0.0,45.788174,28.739195,0.0
52.130836,80.37086,0.0,62.327427,-52.522667,0.0,9.886427,-80.32147,0.0
27.01115,-22.869804,0.0,-33.343307,20.795818,0.0,-35.034756,62.437134,0.0
-54.610992,70.91767,0.0,39.285694,-98.193794,0.0,-77.85905,-76.95932,0.0
-98.34667,48.574722,0.0,51.922623,-4.395159,0.0,-86.06093,73.81753,0.0
-92.43887,-19.870977,0.0,-34.613464,-17.51411,0.0,-11.1335745,10.778305,0.0
-78.14341,-61.750477,0.0,8.7085285,93.64979,0.0,50.47766,-18.526583,0.0
49.182724,88.2066,0.0,-96.53556,48.055477,0.0,77.4236,83.47527,0.0
-94.18104,-50.33631,0.0,-35.79682,-55.890182,0.0,91.499825,-95.30307,0.0
60.30721,-84.96496,0.0,-12.385205,-51.021225,0.0,-75.4817,-84.23359,0.0
63.799076,-34.01698,0.0,28.03341,81.24449,0.0,-42.99109,9.254075,0.0
69.278336,-40.137928,0.0,9.210933,75.76347,0.0,67.040764,-92.6028,0.0
-26.54192,19.997183,0.0,-14.831276,29.801706,0.0,92.21078,91.44935,0.0
-39.06829,75.46292,0.0,25.407436,-97.374695,0.0,-0.5048905,94.149796,0.0
68.76514,7.5997696,0.0,24.692383,-12.829895,0.0,-99.40574,29.865276,0.0
-0.07408834,-41.67935,0.0,91.075516,13.732943,0.0,8.1833935,80.55649,0.0
89.88381,85.68361,0.0,64.268135,40.762238,0.0,97.46797,20.514036,0.0
63.57802,-86.09242,0.0,81.75769,7.062676,0.0,-97.78609,28.113457,0.0
-5.3090224,30.608957,0.0,-82.40041,-55.30534,0.0,-27.72475,17.411467,0.0
-75.08905,75.63184,0.0,21.753424,-40.520058,0.0,-98.21627,-85.08221,0.0
-16.010033,-88.752144,0.0,68.574585,-8.642412,0.0,-88.18729,25.948019,0.0
17.98104,-8.326149,0.0,3.6519895,-81.717255,0.0,-35.439857,-59.350845,0.0
-28.30774,83.65738,0.0,76.07206,80.81919,0.0,-13.9106045,-44.84175,0.0
78.42866,-85.719864,0.0,-35.434464,-5.904327,0.0,1.793294,13.649085,0.0
83.917854,83.78867,0.0,57.394222,-92.09338,0.0,-51.46679,71.785545,0.0
42.073364,83.705414,0.0,72.87111,86.98871,0.0,-88.99654,-54.154083,0.0
-74.63855,-96.403366,0.0,-96.97099,3.6653078,0.0,13.206024,-85.295715,0.0
-50.904892,58.70109,0.0,-95.12305,37.22217,0.0,-94.5225,-97.49985,0.0
87.74015,-79.874855,0.0,24.902052,86.852295,0.0,94.677025,88.34573,0.0
5.3842854,24.458801,0.0,95.354416,-11.603703,0.0,40.842796,-98.68365,0.0
23.346325,-93.80261,0.0,-26.542519,10.340824,0.0,40.571857,78.94483,0.0
84.38034,-97.11828,0.0,-95.163124,-27.750874,0.0,17.510004,94.11209,0.0
-88.30303,47.287594,0.0,69.11525,40.21714,0.0,19.03897,3.7934413,0.0
-41.160942,-27.035381,0.0,95.697426,-2.655582,0.0,-97.79965,60.510494,0.0
68.30038,59.966724,0.0,94.91181,52.036163,0.0,46.71004,-44.346462,0.0
-30.893206,-47.96382,0.0,-48.758663,9.643049,0.0,-67.49016,83.72295,0.0
-72.85226,91.32036,0.0,-54.926025,92.46328,0.0,-47.03817,67.515076,0.0
-43.602066,-98.35346,0.0,29.232635,16.564144,0.0,68.74195,49.007996,0.0
84.45116,31.997389,0.0,56.882977,-59.97788,0.0,-54.3607,-83.31753,0.0
54.629314,-44.34846,0.0,-48.971264,45.130005,0.0,15.808793,26.5557,0.0
45.740192,83.48633,0.0,-87.34559,-84.14028,0.0,-12.697823,86.183716,0.0
65.439354,38.52281,0.0,66.47267,48.576775,0.0,85.585365,-79.04187,0.0
-20.61882,91.71013,0.0,-54.099937,54.573456,0.0,51.09076,73.275696,0.0
61.6632,-97.43222,0.0,19.97908,-93.982124,0.0,83.216446,22.022835,0.0
-90.802414,-80.158485,0.0,-67.35324,86.771484,0.0,-97.27541,61.67117,0.0
-48.253956,-48.396515,0.0,97.69248,-7.955879,0.0,95.17867,-3.0181127,0.0
-24.639807,78.10838,0.0,-53.71974,-92.54548,0.0,-88.12622,66.50916,0.0
-99.55376,-36.59705,0.0,28.91928,-19.70867,0.0,53.519604,44.2239,0.0
-79.56149,-46.16099,0.0,-77.99942,24.876787,0.0,37.38376,-44.85604,0.0
19.260473,-31.943716,0.0,67.429794,-48.04635,0.0,-92.68195,81.15185,0.0
-51.98512,3.6397197,0.0,-39.736946,-21.204006,0.0,92.20492,-66.47513,0.0
12.683582,14.992731,0.0,1.7220392,27.685698,0.0,-46.95645,0.4406676,0.0
67.89115,57.796658,0.0,6.850904,-27.653675,0.0,-75.12739,-63.453224,0.0
48.533367,97.924126,0.0,-85.127235,-89.63639,0.0,63.981236,-88.29239,0.0
10.575858,-98.845276,0.0,-90.835655,65.22341,0.0,-45.97546,-69.70853,0.0
81.27521,-88.643814,0.0,-48.431168,-96.23271,0.0,-32.69721,-98.728035,0.0
-93.05065,-57.900032,0.0,-37.209454,-28.572807,0.0,-29.452848,-91.50133,0.0
-14.898334,79.58122,0.0,92.4773,60.894566,0.0,-79.12348,60.405064,0.0
29.554031,1.3237284,0.0,-79.6929,-10.711094,0.0,51.232357,87.271416,0.0
-3.4753635,-44.41013,0.0,50.9834,-92.20045,0.0,-23.183174,-40.77334,0.0
15.159496,30.285885,0.0,95.830414,99.19348,0.0,-49.657455,-73.07567,0.0
-94.28509,-85.45132,0.0,-43.494843,-99.56674,0.0,93.672356,36.673393,0.0
-54.575024,79.11774,0.0,-25.940605,-36.394615,0.0,75.76346,99.775734,0.0
-44.097782,85.18821,0.0,-88.00547,-56.04271,0.0,-97.78844,70.89335,0.0
51.457664,35.371136,0.0,-36.317047,-62.27227,0.0,-93.42494,-73.80444,0.0
-45.293312,99.94434,0.0,-16.953997,-98.36191,0.0,54.69228,-55.473698,0.0
95.540665,56.255844,0.0,-83.94597,23.757153,0.0,85.8605,-84.09641,0.0
51.81727,-98.26734,0.0,2.304539,-80.030045,0.0,38.680862,-48.657604,0.0
33.002476,-40.07652,0.0,-76.06096,-96.273506,0.0,29.644667,-15.905238,0.0
-30.915606,89.463326,0.0,10.204633,-94.55871,0.0,57.574776,-31.959688,0.0
6.2812643,-79.39564,0.0,62.07029,75.6431,0.0,90.632095,56.58729,0.0
98.59957,19.748993,0.0,-26.915535,-7.305735,0.0,51.380585,-10.178286,0.0
15.692075,25.23658,0.0,-95.30382,99.893135,0.0,91.21765,39.789185,0.0
-76.76003,-12.4639845,0.0,84.72751,9.735986,0.0,51.674267,98.15842,0.0
5.2085214,23.337555,0.0,59.36741,18.868526,0.0,93.593666,35.228764,0.0
77.123924,27.94129,0.0,58.55651,-59.67104,0.0,61.14831,19.350206,0.0
-99.003914,99.55484,0.0,62.84351,-97.279976,0.0,-49.678806,-0.28325495,0.0
-4.2104635,-49.93216,0.0,53.259937,8.656434,0.0,-99.51655,30.035316,0.0
74.18597,75.38649,0.0,-98.56449,62.70527,0.0,-64.7142,78.20538,0.0
-3.8952541,31.911613,0.0,-25.623844,19.819098,0.0,-28.84662,-91.38108,0.0
-80.054695,-43.541603,0.0,89.822945,-92.38461,0.0,99.68085,-20.587,0.0
66.70848,-65.07798,0.0,54.517952,79.77246,0.0,-5.7072163,-51.418606,0.0
12.67259,80.300064,0.0,-85.71556,43.823208,0.0,-46.297417,-57.175404,0.0
38.827316,-81.034706,0.0,40.107857,-98.17757,0.0,-92.83377,94.18908,0.0
33.145424,-75.12999,0.0,4.2449436,94.375786,0.0,78.308174,3.2910836,0.0
45.08934,78.134384,0.0,55.669785,-35.126244,0.0,50.615723,11.378239,0.0
39.370872,-99.70082,0.0,-42.795765,90.51694,0.0,-93.463135,68.47149,0.0
1.3653411,-98.789505,0.0,22.977995,87.83159,0.0,79.801155,99.019844,0.0
97.420654,39.110348,0.0,-75.76975,27.546667,0.0,60.35584,-74.62799,0.0
14.167634,-40.805737,0.0,-56.099224,-89.708855,0.0,-73.395325,-85.34401,0.0
-12.119982,-81.469765,0.0,-52.50855,-79.91229,0.0,61.74776,80.91242,0.0
-26.830072,-22.74026,0.0,-48.371353,-40.392136,0.0,73.834885,5.4936094,0.0
-76.509674,-40.27566,0.0,-39.156685,-57.027145,0.0,-83.75613,71.87224,0.0
-77.28577,93.5489,0.0,-83.037735,-18.76187,0.0,-29.093613,-53.41621,0.0
-45.36509,97.37192,0.0,-65.819,89.145325,0.0,43.666115,-52.09499,0.0
41.36598,-94.41152,0.0,19.56239,-23.632277,0.0,60.930576,-77.97215,0.0
-51.07845,-6.388225,0.0,53.437172,-55.68325,0.0,-23.251091,-21.478607,0.0
-41.565533,46.7683,0.0,72.25207,30.366102,0.0,-77.80815,-89.639206,0.0
1.6116436,77.91928,0.0,96.632,-87.15945,0.0,51.162178,70.15675,0.0
-65.4325,-84.67935,0.0,-39.60174,-43.767414,0.0,-37.021305,-72.485664,0.0
-65.370804,-76.2899,0.0,-80.960495,13.049612,0.0,20.35831,-99.869644,0.0
58.484646,60.761887,0.0,-3.6515572,-33.7977,0.0,-39.788948,-82.54622,0.0
44.74552,91.163414,0.0,-24.944231,-75.03676,0.0,17.283276,-48.017864,0.0
-75.0274,52.21994,0.0,-45.841022,81.1927,0.0,21.456108,-39.631668,0.0
-13.698754,12.955694,0.0,61.514637,14.475176,0.0,26.365816,-77.252365,0.0
-31.171463,46.11039,0.0,-9.437884,76.43945,0.0,55.591698,74.51865,0.0
-82.865814,26.048576,0.0,61.969273,-84.66851,0.0,-76.14537,-76.27132,0.0
-35.94337,-48.710987,0.0,-79.090324,55.479855,0.0,-86.8543,60.792347,0.0
41.899197,-47.03475,0.0,68.96663,-63.07838,0.0,69.94465,-80.46439,0.0
98.979004,97.65422,0.0,96.21872,16.301975,0.0,-0.6941128,-39.87825,0.0
-27.156343,97.43914,0.0,-24.808046,12.595615,0.0,-1.6959486,11.984601,0.0
75.767166,79.97257,0.0,-85.584015,33.108097,0.0,-77.21039,-80.07306,0.0
66.35349,7.4582386,0.0,-60.29133,88.59367,0.0,-27.559958,-81.395485,0.0
80.46083,-86.89368,0.0,90.87577,-36.62737,0.0,-27.694992,-99.299355,0.0
-42.08181,62.235043,0.0,63.652412,-82.38041,0.0,33.72391,91.93912,0.0
78.903366,-83.72248,0.0,61.928093,34.742264,0.0,48.07596,-91.94237,0.0
98.977295,-28.356804,0.0,37.709183,87.70441,0.0,-0.72747236,77.87967,0.0
-92.66622,74.89301,0.0,-29.91,-80.9612,0.0,-45.80319,22.516102,0.0
6.5453367,-83.3376,0.0,-80.24938,-37.584362,0.0,24.463312,97.41668,0.0
28.291288,20.23508,0.0,54.395267,-71.36642,0.0,53.788578,-47.845585,0.0
18.694746,92.4396,0.0,-50.277847,-80.92042,0.0,-94.61972,80.15968,0.0
41.13617,-98.27676,0.0,2.749965,-53.165283,0.0,-26.258606,-79.39481,0.0
-26.686459,24.031628,0.0,67.137215,-12.921548,0.0,63.303455,13.625541,0.0
-24.726665,-76.543274,0.0,-35.953785,-87.18988,0.0,83.77962,21.383028,0.0
-88.01488,-49.08164,0.0,-81.313545,-27.467594,0.0,-51.648094,21.018751,0.0
40.700928,-98.14826,0.0,78.58094,6.649978,0.0,-77.2521,67.81067,0.0
47.938263,-76.26241,0.0,-12.175094,-98.54221,0.0,-35.669106,50.371677,0.0
68.457184,-38.693157,0.0,-97.37881,1.2178043,0.0,91.02961,30.434566,0.0
-30.490547,26.243431,0.0,-75.469406,96.4226,0.0,-78.59929,14.636931,0.0
56.1396,37.88774,0.0,-42.67361,-23.639576,0.0,10.776763,14.610601,0.0
-83.73643,22.66949,0.0,-87.203,-67.70286,0.0,-97.52239,-62.645206,0.0
54.70741,-28.693466,0.0,24.358538,8.744432,0.0,1.3587027,-90.805405,0.0
-22.935013,32.463486,0.0,-46.371944,-7.504581,0.0,-67.172905,-99.03876,0.0
21.80814,99.00759,0.0,55.49205,-88.142235,0.0,72.2191,-92.45496,0.0
49.49766,81.62407,0.0,77.55037,29.364199,0.0,54.124664,-19.85708,0.0
-19.9913,32.22861,0.0,-60.7166,75.554924,0.0,57.62424,-60.84421,0.0
51.55071,-39.105907,0.0,46.09688,87.501335,0.0,60.201195,-41.419315,0.0
-71.24782,94.68832,0.0,-83.409225,10.440963,0.0,63.72849,78.9181,0.0
64.48114,-91.123505,0.0,-47.032715,-18.752115,0.0,-78.56302,-64.84236,0.0
16.473854,-33.28443,0.0,-32.49335,28.82152,0.0,-59.26938,88.63973,0.0
-37.522297,-22.920658,0.0,99.07868,11.960649,0.0,88.48961,90.192505,0.0
-93.94224,73.82456,0.0,-78.930916,49.6164,0.0,57.357533,86.6812,0.0
-92.06011,-3.2423084,0.0,52.40645,93.08405,0.0,-37.480534,-88.2721,0.0
-77.397224,-85.35462,0.0,71.930824,-89.72313,0.0,-95.95344,31.414019,0.0
-17.11739,-43.72983,0.0,-11.346344,-75.77368,0.0,-33.449627,93.08533,0.0
-30.00635,-85.01427,0.0,20.217953,-82.85762,0.0,52.529644,-46.446327,0.0
36.499893,-46.992947,0.0,-21.67732,-77.734924,0.0,93.19927,86.70241,0.0
-31.232983,-49.735474,0.0,73.09902,92.14138,0.0,-22.575724,86.80591,0.0
-89.4397,53.9442,0.0,-48.818317,-17.783749,0.0,23.283512,-28.515318,0.0
-99.465675,51.67895,0.0,-88.8938,24.55637,0.0,55.407345,-43.135235,0.0
57.536655,41.505405,0.0,-32.494648,42.472702,0.0,-43.33643,-40.524685,0.0
-98.70775,20.158022,0.0,-64.13968,93.300575,0.0,-69.83403,-83.22865,0.0
-10.650073,22.10885,0.0,-26.407658,-24.186922,0.0,56.515842,14.785028,0.0
-80.82561,-45.042027,0.0,-31.90359,59.894657,0.0,76.328514,84.29341,0.0
-13.845391,92.81172,0.0,-94.902374,82.690384,0.0,75.75358,77.7466,0.0
62.988182,10.529911,0.0,-74.74213,-87.95356,0.0,-33.80355,-80.70768,0.0
-33.084904,25.605051,0.0,7.6830754,19.683382,0.0,15.681483,10.535187,0.0
61.66729,33.73708,0.0,58.50776,-21.923746,0.0,11.274361,24.838879,0.0
-39.84962,-52.731136,0.0,59.613056,16.576838,0.0,-75.05006,-8.119798,0.0
-77.70635,-79.40917,0.0,-42.29033,-86.48464,0.0,-4.5577016,85.37589,0.0
-79.03345,-9.471086,0.0,-42.703785,13.778393,0.0,-58.427525,-79.97231,0.0
-89.23486,-6.2364764,0.0,53.398067,86.22233,0.0,-7.2934685,-38.573296,0.0
98.365746,-29.918598,0.0,-44.026356,30.01337,0.0,-42.605885,22.90929,0.0
-18.826242,-52.918713,0.0,70.48493,1.7723751,0.0,58.877293,43.014538,0.0
60.87445,-74.90668,0.0,-43.988834,28.104761,0.0,67.12276,78.39231,0.0
8.841499,-49.87263,0.0,-80.4257,48.646408,0.0,38.39864,88.27479,0.0
-34.720695,-52.612015,0.0,86.59376,30.08373,0.0,-97.813934,-21.636658,0.0
-80.3581,54.41858,0.0,-83.81275,-49.999382,0.0,-39.1258,-17.618948,0.0
-91.79811,-46.107086,0.0,-3.5001218,89.77719,0.0,-86.7553,-50.052074,0.0
9.553714,-92.97058,0.0,-75.85073,-52.328568,0.0,-54.722828,-42.435226,0.0
-35.779545,34.2931,0.0,-43.229313,10.851972,0.0,-62.92924,94.04798,0.0
95.53652,-36.25221,0.0,-78.48756,-78.597244,0.0,-41.853405,-90.66831,0.0
70.05345,8.520316,0.0,48.436413,80.678,0.0,-93.14629,73.608574,0.0
90.320854,70.997734,0.0,55.060825,57.554962,0.0,54.259827,68.931595,0.0
-90.278694,-66.55411,0.0,90.92692,-76.9897,0.0,-42.491405,-92.976036,0.0
92.1735,-96.45832,0.0,94.593636,-36.86161,0.0,-18.24847,-39.37211,0.0
-51.048027,51.764683,0.0,45.28349,33.994034,0.0,13.944677,-0.24177216,0.0
50.158745,-93.827385,0.0,66.859474,-24.777842,0.0,-95.37347,78.16592,0.0
44.036335,-89.58787,0.0,57.01009,-93.60238,0.0,-15.993554,-89.812675,0.0
80.156425,33.647408,0.0,-95.80796,-17.998974,0.0,-69.65781,-94.99768,0.0
-40.793697,-7.4680376,0.0,-75.71164,46.974636,0.0,-31.951014,-68.67122,0.0
-11.296937,94.744156,0.0,-34.039932,-31.427717,0.0,-33.62267,-46.233902,0.0
67.98021,20.039656,0.0,-33.278034,87.67294,0.0,-88.32761,70.33897,0.0
-18.791796,-45.511505,0.0,-43.38219,-64.37657,0.0,-26.592888,10.315932,0.0
-44.073524,-68.93342,0.0,20.46174,-21.172823,0.0,31.253252,-40.60774,0.0
62.25181,-54.14649,0.0,-54.717316,58.59148,0.0,-82.66036,51.139744,0.0
-84.18049,-83.47441,0.0,29.127062,21.12399,0.0,58.475048,42.27193,0.0
-83.8128,-13.991056,0.0,-29.310972,85.71314,0.0,-28.870949,21.06818,0.0
-79.53531,-92.48003,0.0,13.82655,10.38832,0.0,46.337624,-92.31932,0.0
-44.81705,-56.438877,0.0,-48.518726,-7.57549,0.0,63.508053,-9.60485,0.0
99.102455,31.222605,0.0,22.392138,85.93387,0.0,42.664665,96.97846,0.0
-79.827934,-2.6403828,0.0,-81.9681,-26.183374,0.0,55.401188,-93.05833,0.0
-51.173435,27.00338,0.0,-98.748375,-80.0039,0.0,3.0394862,83.642784,0.0
6.061726,-30.568316,0.0,-93.67798,51.535233,0.0,27.301813,-4.3915296,0.0
-35.49319,-92.8766,0.0,23.00075,81.731834,0.0,-42.846664,-54.128613,0.0
3.0687904,31.761103,0.0,-94.25316,-38.34073,0.0,-32.222103,-35.555157,0.0
8.856348,86.089195,0.0,-32.25221,64.97387,0.0,-98.84131,61.523525,0.0
-44.57189,26.324047,0.0,98.969986,28.349348,0.0,36.57274,-51.054916,0.0
-34.44194,-68.45426,0.0,-20.226599,-40.512592,0.0,96.91608,74.82814,0.0
53.45489,38.862522,0.0,-51.149075,48.068245,0.0,65.38218,-33.76078,0.0
-89.20545,34.381313,0.0,30.38283,-48.368225,0.0,-38.086845,-57.346386,0.0
0.7270067,-96.5977,0.0,-0.65865934,-54.23022,0.0,19.087847,-19.106733,0.0
2.269287,-81.4325,0.0,68.784386,45.827934,0.0,-80.298744,93.09934,0.0
-17.708828,30.31779,0.0,-31.51917,57.216274,0.0,-51.988728,-50.388405,0.0
-90.04822,-74.70747,0.0,-47.907074,-60.177845,0.0,-42.651997,33.055065,0.0
-84.03801,85.261826,0.0,98.007866,-44.092262,0.0,50.44414,-97.039185,0.0
35.856094,26.611078,0.0,-62.88121,76.79184,0.0,39.832165,-95.97837,0.0
49.605007,24.427183,0.0,25.648039,99.26894,0.0,1.705608,76.344345,0.0
-80.61757,-60.720867,0.0,51.41483,57.483425,0.0,13.2204,96.42567,0.0
80.51796,24.045977,0.0,-40.227295,11.78439,0.0,-22.920708,78.535,0.0
16.24025,20.558819,0.0,-95.19251,-37.872593,0.0,-2.3279414,-50.354916,0.0
-48.565468,95.14638,0.0,-48.65674,13.353615,0.0,28.76531,-16.768076,0.0
-4.7995768,26.086731,0.0,22.346262,-13.032029,0.0,18.78139,-21.789192,0.0
25.188334,-11.127163,0.0,47.417282,25.85049,0.0,6.4231915,-52.707397,0.0
57.49569,37.936848,0.0,2.3411677,-88.86344,0.0,-46.95882,-58.90644,0.0
88.69879,29.699286,0.0,-70.60467,-77.19682,0.0,-2.435597,34.154408,0.0
93.05754,-98.20711,0.0,-7.665788,96.28484,0.0,9.293645,4.156438,0.0
55.78185,-92.47831,0.0,97.83863,22.554087,0.0,-22.36164,16.242512,0.0
-36.275536,-91.71033,0.0,64.63281,81.228065,0.0,98.69371,-13.643886,0.0
-12.211182,27.504097,0.0,-18.271332,-83.956604,0.0,-47.840775,-71.07548,0.0
-99.19919,35.8039,0.0,66.652916,-15.403149,0.0,60.981102,86.60044,0.0
-37.68927,50.916607,0.0,90.20533,-68.52954,0.0,-96.940094,-16.565212,0.0
60.259945,95.117004,0.0,-24.62443,-4.4437227,0.0,-45.694702,-90.05898,0.0
26.512455,82.09765,0.0,60.27233,-59.067375,0.0,52.80978,41.980022,0.0
-38.275055,93.19872,0.0,80.99708,30.93141,0.0,7.8891625,29.98837,0.0
-38.29918,-29.515087,0.0,-6.170063,76.9777,0.0,-85.56142,-19.851397,0.0
-82.75947,96.27513,0.0,39.09767,-51.863174,0.0,59.573566,-53.868237,0.0
96.28075,79.16934,0.0,69.638054,54.780735,0.0,-48.382717,49.970036,0.0
-48.60824,5.8657756,0.0,-1.3557723,84.02302,0.0,12.146935,-28.577978,0.0
-17.422873,92.32305,0.0,55.152264,23.304638,0.0,-37.904064,92.11321,0.0
69.72726,-88.860954,0.0,60.65436,88.52694,0.0,-83.30639,-67.42478,0.0
-91.75628,34.678665,0.0,-17.451183,99.02279,0.0,14.16101,-44.814964,0.0
58.045296,30.366644,0.0,-32.29832,93.26056,0.0,94.55523,-90.6325,0.0
1.7040281,78.727005,0.0,-17.3276,97.80307,0.0,56.153835,-16.386211,0.0
-32.950623,-52.446728,0.0,-18.698627,-24.667606,0.0,-86.89117,30.618128,0.0
-6.5036764,-99.23004,0.0,66.42758,-12.261229,0.0,80.14643,88.40912,0.0
64.65188,71.41272,0.0,-53.7644,92.36294,0.0,63.96331,-28.547691,0.0
-80.52946,-1.9649318,0.0,53.135773,53.289585,0.0,-45.67867,1.0488697,0.0
55.67378,35.94606,0.0,82.08245,9.072129,0.0,91.02287,-91.838005,0.0
98.06218,-67.149536,0.0,47.376823,96.0961,0.0,-97.44595,-6.752029,0.0
-82.24936,21.597702,0.0,-81.43686,26.978971,0.0,-27.235624,-4.8559775,0.0
-14.734858,32.85069,0.0,56.903755,25.094332,0.0,78.22016,22.387735,0.0
85.72799,5.6354227,0.0,83.933304,0.18749633,0.0,53.726124,17.801739,0.0
73.580765,-98.29586,0.0,66.300934,92.51154,0.0,-99.73774,-8.491626,0.0
-5.311747,-75.8952,0.0,65.004295,-82.46164,0.0,-50.861515,-80.22541,0.0
21.880573,-37.296867,0.0,-18.304811,-97.314674,0.0,-36.316116,-49.060623,0.0
-5.2824817,12.838755,0.0,28.739254,-28.275675,0.0,-37.89518,91.6152,0.0
-29.117517,29.143393,0.0,68.8878,32.75459,0.0,-87.78387,-91.40788,0.0
54.758636,-59.78265,0.0,73.020546,9.574,0.0,62.671047,71.618484,0.0
78.11346,-95.06495,0.0,-52.15841,-32.013573,0.0,0.4427418,18.305828,0.0
-39.47987,97.07235,0.0,-21.42873,16.933712,0.0,9.933658,79.18114,0.0
50.664383,-42.957817,0.0,53.439663,45.290344,0.0,-12.025022,90.155334,0.0
-89.6755,15.495891,0.0,41.12554,-75.90805,0.0,54.365623,-4.4469867,0.0
-63.68508,75.66059,0.0,65.914024,37.951946,0.0,-2.9900634,84.98825,0.0
50.265594,69.57896,0.0,-91.01183,-51.926956,0.0,29.805489,-31.197973,0.0
-28.096035,-47.84649,0.0,-43.355976,64.84877,0.0,-41.69963,-33.369946,0.0
-58.41017,-76.61692,0.0,-32.212563,13.511725,0.0,-16.482924,90.374626,0.0
35.571426,33.854458,0.0,22.165924,-6.2617936,0.0,58.22855,-90.67914,0.0
-52.87011,-63.526623,0.0,-50.517376,55.298897,0.0,-89.30949,-87.0298,0.0
-15.703726,-88.130554,0.0,78.011314,19.582827,0.0,67.719574,-82.55706,0.0
96.660805,40.110306,0.0,61.70627,-61.22874,0.0,-24.55039,80.21921,0.0
-97.38709,-42.096195,0.0,12.931126,24.54122,0.0,-18.58072,-33.873,0.0
78.47167,32.573505,0.0,-81.240326,-97.375984,0.0,59.883904,-99.4292,0.0
83.67206,79.87087,0.0,97.78895,67.75506,0.0,39.06726,-92.6246,0.0
56.54699,-17.163658,0.0,-27.007973,32.15749,0.0,-93.705475,-52.55851,0.0
85.073906,-84.14414,0.0,-39.813007,59.488853,0.0,-85.32827,-13.483574,0.0
44.16281,-51.68091,0.0,-35.405724,51.64984,0.0,17.891813,8.621834,0.0
92.73934,-58.000862,0.0,-64.40522,-88.59604,0.0,69.96231,73.57567,0.0
-94.24044,-58.82725,0.0,-50.451958,-10.537196,0.0,-30.917032,67.02017,0.0
65.59791,-8.196415,0.0,18.922403,-5.9765115,0.0,-42.08571,92.09529,0.0
-22.86101,-51.165665,0.0,20.077297,-24.035158,0.0,52.99735,97.06572,0.0
54.193657,-20.54599,0.0,-54.575436,16.477972,0.0,-37.765457,-46.247387,0.0
-6.8486533,-86.50712,0.0,-19.553478,-38.847443,0.0,38.48671,-53.11353,0.0
62.790688,-33.170273,0.0,90.93198,44.125404,0.0,14.772726,31.775463,0.0
-89.59721,-62.04902,0.0,44.423298,-86.33832,0.0,-40.031525,52.544483,0.0
56.67316,-7.945171,0.0,-33.81698,79.46159,0.0,-26.503857,-41.759605,0.0
-38.299812,66.7697,0.0,-92.450066,-8.116924,0.0,-97.873085,-99.31136,0.0
-92.47496,48.864113,0.0,14.458445,5.364373,0.0,-79.87953,-64.41587,0.0
66.14916,84.37692,0.0,51.855225,2.0209756,0.0,-98.79857,3.3638995,0.0
85.651924,94.74051,0.0,-88.23889,3.1865544,0.0,-4.9304585,11.24613,0.0
-10.909066,92.25148,0.0,63.152596,50.535263,0.0,56.791973,46.257137,0.0
-75.68552,-11.620304,0.0,28.365664,22.81086,0.0,-90.59427,94.05263,0.0
-2.1554546,79.57034,0.0,-95.71563,-42.799805,0.0,-62.85755,95.302826,0.0
71.4832,12.60495,0.0,0.21201937,13.326231,0.0,-40.091583,-50.142757,0.0
-18.995663,-85.246346,0.0,-95.080826,-16.636177,0.0,-97.92969,83.116165,0.0
-98.38858,7.820931,0.0,30.575075,-52.563854,0.0,93.74983,69.70963,0.0
49.09849,-44.19064,0.0,-42.35903,92.90188,0.0,-19.005854,-34.4522,0.0
-54.98064,65.14249,0.0,-86.50905,-86.73223,0.0,40.04057,-51.497097,0.0
-18.085049,-29.295507,0.0,-10.741635,92.59128,0.0,23.752115,-96.410484,0.0
3.3910325,-80.353935,0.0,66.92653,87.88061,0.0,90.853325,-92.02931,0.0
-37.60982,-92.89199,0.0,-97.65648,23.835838,0.0,-60.369976,-75.92822,0.0
-85.54916,17.47687,0.0,97.729836,-33.444443,0.0,62.364357,25.843576,0.0
6.2936025,30.03983,0.0,-28.82439,-7.5600796,0.0,-36.0523,19.679901,0.0
-30.652237,-20.043169,0.0,-75.76215,-33.078175,0.0,90.348724,59.3709,0.0
-75.12323,27.355719,0.0,32.93364,92.146706,0.0,-98.67095,-84.64014,0.0
27.60817,-4.834943,0.0,-84.3856,-46.3509,0.0,-35.187473,70.49659,0.0
-40.247543,-96.46014,0.0,-32.211246,-1.1035604,0.0,-36.05807,14.209035,0.0
-84.107216,14.024898,0.0,-81.81393,66.517136,0.0,87.76904,87.87921,0.0
80.90912,10.973162,0.0,68.89724,27.710497,0.0,58.985516,-74.41243,0.0
-78.09037,-24.760368,0.0,64.9492,-52.021626,0.0,75.59871,78.59242,0.0
51.65267,12.689864,0.0,47.035557,23.335928,0.0,-1.61859,-43.24837,0.0
-79.831726,-3.4357426,0.0,16.62401,-17.445856,0.0,-17.871796,-38.428864,0.0
25.834352,-86.90927,0.0,94.48815,54.279358,0.0,-38.149876,43.349762,0.0
98.95423,72.59223,0.0,73.89639,1.2548785,0.0,-23.23709,79.866486,0.0
-99.718956,77.084526,0.0,-92.7552,-92.87217,0.0,-56.06772,92.672325,0.0
-45.196606,-93.0611,0.0,-49.957195,-94.450226,0.0,-48.18588,16.895689,0.0
62.27606,75.75715,0.0,43.248096,85.40517,0.0,22.318771,22.372726,0.0
-78.243286,-20.228191,0.0,4.4947577,88.90386,0.0,93.67834,99.87412,0.0
38.497757,94.4301,0.0,-37.282257,-77.54394,0.0,-91.52979,90.44977,0.0
-75.52589,27.233126,0.0,-2.2670662,-50.26626,0.0,-16.986006,-85.816925,0.0
-6.8622565,-95.74183,0.0,-0.5787033,-75.91681,0.0,24.903883,-26.340849,0.0
92.96397,80.008896,0.0,63.94845,-42.827763,0.0,-56.60538,83.07519,0.0
-38.734146,-84.29929,0.0,-6.2244344,-95.59426,0.0,73.74114,22.916653,0.0
-48.055405,-76.205315,0.0,-27.224733,93.60838,0.0,41.539684,91.24897,0.0
97.79075,56.37364,0.0,-49.816128,74.98492,0.0,-51.26766,-24.485844,0.0
-25.434534,-78.56043,0.0,-96.91755,-34.99628,0.0,-53.285866,-74.60854,0.0
-78.68038,-73.97266,0.0,-92.51442,70.907265,0.0,-63.515484,-82.466225,0.0
-36.640285,98.252975,0.0,-30.910019,-39.26383,0.0,-88.80579,30.377188,0.0
-96.31358,-64.73539,0.0,58.147537,59.639385,0.0,-0.54436415,-29.828857,0.0
-54.034603,92.34176,0.0,-43.89923,78.62727,0.0,25.177002,-83.56961,0.0
6.8963647,21.513662,0.0,-83.68177,-95.15543,0.0,-14.288135,88.03489,0.0
93.1222,92.47705,0.0,38.425995,97.7553,0.0,-70.880135,-96.48418,0.0
-10.3397255,-95.512344,0.0,-67.89603,89.9728,0.0,8.310257,-81.64577,0.0
-84.9908,-99.34533,0.0,-27.496904,33.16189,0.0,-32.65938,76.16017,0.0
-94.94578,96.13989,0.0,-32.82043,-4.2475915,0.0,99.33496,-24.466972,0.0
97.33523,36.927185,0.0,93.6139,22.368334,0.0,31.642366,-80.56343,0.0
-33.34266,-70.88626,0.0,-93.30481,4.90127,0.0,-45.255455,26.221947,0.0
-39.588806,93.633316,0.0,-11.00728,-35.32003,0.0,-82.4989,30.199936,0.0
-98.68096,74.53408,0.0,-35.044582,93.63231,0.0,-45.92465,-5.922286,0.0
-37.361496,17.749886,0.0,-37.849255,-86.39543,0.0,-52.600502,76.3498,0.0
-86.99378,-79.06963,0.0,19.691828,-40.3851,0.0,-93.67605,-8.740247,0.0
91.41607,-96.22517,0.0,34.23458,78.99598,0.0,-39.367348,26.928474,0.0
72.595985,-99.64385,0.0,71.27952,26.37133,0.0,51.67251,85.30472,0.0
-7.554051,-99.73106,0.0,-34.555405,-24.212906,0.0,60.58762,10.393066,0.0
-0.5779481,-40.63595,0.0,-93.884735,-21.296156,0.0,54.695057,46.73368,0.0
-76.88739,-21.823122,0.0,-90.49932,55.51536,0.0,-39.409336,51.295853,0.0
-37.931488,71.75784,0.0,-90.524826,43.614254,0.0,95.718925,-56.601486,0.0
37.06426,86.99713,0.0,91.237816,-57.673767,0.0,-98.135345,-32.251324,0.0
50.04755,2.1910634,0.0,-12.848791,75.51197,0.0,-76.24807,-69.38069,0.0
98.95109,93.64408,0.0,-34.078342,-63.375256,0.0,-53.96111,-97.510826,0.0
-78.52017,-29.57994,0.0,-23.870853,-1.5779423,0.0,-16.667751,92.472984,0.0
-94.16217,-22.242579,0.0,87.05777,27.205673,0.0,21.527552,-50.33359,0.0
52.451637,27.54756,0.0,-48.470596,85.84949,0.0,17.12662,-15.854258,0.0
21.386618,89.14414,0.0,29.9839,-7.9565306,0.0,-39.544724,70.94572,0.0
-40.12314,59.898373,0.0,25.103878,-91.40633,0.0,-52.11342,18.718967,0.0
61.83748,31.282064,0.0,97.956955,83.678856,0.0,41.071068,21.738207,0.0
-14.550988,14.803533,0.0,-66.206985,-98.713936,0.0,11.538022,86.983604,0.0
-89.96315,-83.80446,0.0,-76.358246,-83.255585,0.0,55.75885,87.32548,0.0
76.24739,16.46286,0.0,-38.920837,21.171679,0.0,-54.73973,87.25081,0.0
-98.02825,90.084206,0.0,91.25267,-94.16617,0.0,81.47973,77.90789,0.0
86.661736,16.866861,0.0,19.756592,24.728075,0.0,-11.036049,75.254585,0.0
-48.023342,-34.91194,0.0,-38.08612,-83.963585,0.0,48.84518,-99.73191,0.0
-54.183456,65.17373,0.0,-83.79466,80.35823,0.0,58.37679,-86.32202,0.0
-45.584045,-26.971567,0.0,-80.386154,60.60302,0.0,-77.631905,1.4800552,0.0
55.965233,49.92369,0.0,-6.6447206,-47.068275,0.0,-8.5530815,-92.135635,0.0
4.501791,-78.27805,0.0,10.685701,91.532425,0.0,-83.411736,21.338043,0.0
78.94179,32.540188,0.0,-90.46285,4.377523,0.0,3.3488777,83.239426,0.0
-47.7104,18.397394,0.0,-85.48363,-30.51369,0.0,-84.425865,-62.05456,0.0
60.258453,-41.333363,0.0,-41.00327,-52.46137,0.0,61.26541,74.62761,0.0
24.913687,-32.63047,0.0,18.01064,-23.557884,0.0,-19.890041,94.69541,0.0
-77.56536,-71.53935,0.0,-87.837875,-74.02241,0.0,92.10666,-80.8479,0.0
-21.022984,-45.47059,0.0,-80.39945,-2.5231435,0.0,-98.15425,-75.934105,0.0
-66.33028,-83.202484,0.0,56.071877,-7.684257,0.0,-19.291973,18.265148,0.0
3.6202135,-49.373417,0.0,67.16502,34.118107,0.0,-97.859146,-95.941284,0.0
57.38273,-21.455982,0.0,56.27221,19.692461,0.0,-40.24514,-85.405655,0.0
5.5914116,-31.979176,0.0,-32.371433,87.14629,0.0,-90.04271,4.8092,0.0
-30.450018,-42.536774,0.0,25.233246,93.377205,0.0,-30.249372,-4.4310923,0.0
84.631294,-98.78783,0.0,96.36949,-72.07825,0.0,-98.807785,35.785645,0.0
-31.016302,37.51119,0.0,-91.99897,74.1096,0.0,-94.436844,-20.975164,0.0
19.501173,-20.286116,0.0,-99.99992,1.7085532,0.0,-51.505856,-46.872833,0.0
35.22656,-47.5836,0.0,92.86286,0.30008104,0.0,4.504824,-84.69433,0.0
-77.87768,6.2042427,0.0,40.67582,-90.39124,0.0,-26.110094,-14.04238,0.0
-2.8182313,84.16541,0.0,-50.574005,54.439377,0.0,-96.99425,25.96488,0.0
79.569046,80.52433,0.0,-53.70133,90.4449,0.0,-76.53476,20.416265,0.0
-96.86507,80.56124,0.0,-43.74035,0.44686708,0.0,31.85571,80.7589,0.0
-97.139366,-83.790565,0.0,26.175066,-50.991875,0.0,-35.644848,95.78322,0.0
47.583515,82.88366,0.0,98.35017,-56.9717,0.0,52.57852,-42.75757,0.0
-38.937622,40.999535,0.0,91.06346,64.76807,0.0,-55.310112,-94.13964,0.0
56.04931,-1.0276618,0.0,-46.80042,-93.8703,0.0,-38.751305,61.813637,0.0
92.10826,-75.92489,0.0,96.19139,2.266084,0.0,-52.339188,65.0479,0.0
-41.665726,81.7428,0.0,-6.798569,-83.97154,0.0,-81.300385,56.526005,0.0
-0.95978975,90.79058,0.0,61.7058,74.5963,0.0,41.79083,85.09281,0.0
-71.22408,-75.140526,0.0,-34.913696,-7.500734,0.0,84.65445,26.318184,0.0
95.674675,-28.479063,0.0,-44.1445,81.83932,0.0,-64.15752,-86.97825,0.0
20.846134,-90.24843,0.0,-42.363667,33.220474,0.0,-27.379248,-29.907719,0.0
-51.164925,-54.04184,0.0,-45.625755,-9.729964,0.0,66.12702,35.45127,0.0
93.20066,-50.826168,0.0,95.67984,-36.024883,0.0,-83.66067,35.263927,0.0
-80.02677,-82.438866,0.0,39.018074,22.628572,0.0,-28.347092,-52.000618,0.0
-95.1531,-53.650772,0.0,-82.78052,-52.432194,0.0,-84.97956,-28.48642,0.0
69.02989,4.3534064,0.0,-82.474396,20.53833,0.0,-83.93282,-24.336914,0.0
-46.06473,52.528046,0.0,-88.12585,-29.447435,0.0,27.522358,13.412873,0.0
94.30778,1.6782037,0.0,-96.259636,-59.53147,0.0,-8.334448,-54.569767,0.0
-81.97951,-22.672457,0.0,8.644982,99.05136,0.0,-83.97096,-64.68359,0.0
59.18713,-11.620131,0.0,68.14255,12.533825,0.0,29.824926,-5.2131653,0.0
61.636463,59.59161,0.0,-22.777775,13.450431,0.0,74.90606,10.033795,0.0
-68.93676,99.84765,0.0,-35.645313,-81.06202,0.0,-93.11364,-80.78287,0.0
9.494086,-92.07182,0.0,-42.814304,71.52724,0.0,-61.217113,-91.605255,0.0
-72.69803,85.52618,0.0,-25.207764,92.48134,0.0,82.73359,96.1123,0.0
50.544895,86.462456,0.0,-54.944298,-59.649475,0.0,74.86071,22.759794,0.0
-92.86408,-96.829254,0.0,94.348564,47.851803,0.0,96.46977,-7.1727514,0.0
-37.53043,88.92269,0.0,-47.061024,62.257915,0.0,60.27471,96.82999,0.0
-38.377842,73.08705,0.0,69.17665,11.663699,0.0,59.595245,84.31373,0.0
9.892592,4.2640634,0.0,90.746315,89.07754,0.0,-97.255104,43.185246,0.0
44.87609,-97.5535,0.0,-53.292797,-53.399067,0.0,96.84745,-9.700409,0.0
-86.39078,-65.85792,0.0,95.15206,86.21217,0.0,-17.319607,84.2776,0.0
-93.40156,60.818783,0.0,51.78923,-47.347588,0.0,-47.48861,3.0906441,0.0
68.04842,-39.595806,0.0,-82.83312,92.61949,0.0,0.6116487,-87.80637,0.0
91.411026,47.587894,0.0,-14.58152,-48.8077,0.0,-52.32365,-3.4226625,0.0
-83.99178,-63.879456,0.0,-80.1606,15.460162,0.0,-19.543901,-43.11973,0.0
23.674618,-24.825438,0.0,-24.094343,-82.3539,0.0,15.555471,85.63596,0.0
53.824112,21.839853,0.0,-84.896255,19.111563,0.0,18.458927,-6.1072702,0.0
-46.82615,-29.674498,0.0,-81.05082,-5.9032555,0.0,33.68619,-45.532383,0.0
54.304573,81.58,0.0,-29.466276,33.552505,0.0,94.17816,59.337982,0.0
-15.796057,-50.56562,0.0,-82.572876,-22.413074,0.0,-14.332695,25.2519,0.0
69.347855,-33.89387,0.0,-50.28896,-33.094707,0.0,-50.683807,-31.432934,0.0
-50.549824,13.238605,0.0,-21.272678,10.121309,0.0,-24.243874,-3.7831635,0.0
-14.466824,-45.44998,0.0,37.270718,-43.129585,0.0,15.274372,20.965792,0.0
-80.00846,-11.532184,0.0,-9.271849,-31.538933,0.0,22.367905,75.94429,0.0
-78.18723,29.264164,0.0,-75.33509,78.97774,0.0,-32.162037,-19.60216,0.0
-74.665695,80.097046,0.0,-43.832024,13.543605,0.0,-44.5887,-62.760742,0.0
42.384476,-49.521023,0.0,18.60607,-26.649242,0.0,67.294556,47.779343,0.0
17.151587,89.16413,0.0,-95.67866,-53.838825,0.0,53.938927,43.177086,0.0
67.39887,-46.840813,0.0,-96.56493,-6.825138,0.0,-6.116563,-43.13011,0.0
-91.33187,23.389246,0.0,-33.973827,-75.88594,0.0,-34.887527,46.37455,0.0
-89.12782,-33.181515,0.0,-96.17914,22.223122,0.0,93.252686,58.492012,0.0
-97.766014,-99.21012,0.0,-86.07241,82.12989,0.0,-90.86305,-34.730667,0.0
91.89245,5.5553327,0.0,59.58992,-98.19971,0.0,-52.88513,-68.682846,0.0
-98.87894,-65.13517,0.0,53.876583,-22.233765,0.0,-17.930645,-50.703266,0.0
-51.48779,10.211417,0.0,18.998674,-14.421402,0.0,75.15959,97.012985,0.0
-94.59256,-75.92181,0.0,71.73855,-81.84345,0.0,39.592773,33.780598,0.0
59.178738,18.53191,0.0,20.93692,2.6970227,0.0,-50.146866,-22.781778,0.0
11.729894,-33.554058,0.0,54.547928,-70.951775,0.0,7.60691,-34.078976,0.0
-10.659387,-49.570507,0.0,-34.51105,-37.53952,0.0,-52.40813,-49.262638,0.0
-45.57736,-69.43243,0.0,51.709957,-16.135294,0.0,-93.715775,51.857304,0.0
-44.625168,31.561266,0.0,-36.36335,-74.694855,0.0,-21.263176,-23.00539,0.0
67.046364,-31.709831,0.0,23.979996,29.087831,0.0,55.056694,97.703926,0.0
-33.271015,-99.52169,0.0,85.77691,28.87534,0.0,45.099983,98.15649,0.0
34.192276,95.04542,0.0,21.717789,-41.56134,0.0,72.003136,92.59757,0.0
55.105465,-64.74336,0.0,-53.62177,-83.31637,0.0,47.623466,-90.58105,0.0
-79.535095,29.753468,0.0,85.252846,98.434944,0.0,-76.49537,-82.83307,0.0
-33.498726,-19.864952,0.0,51.390392,-17.104607,0.0,86.625336,2.2246058,0.0
-11.258031,-98.17115,0.0,65.930626,-76.6746,0.0,-19.290277,76.5464,0.0
-4.426257,-35.32367,0.0,24.899029,15.35104,0.0,94.151276,96.5316,0.0
-87.08067,-80.18535,0.0,22.459267,23.306793,0.0,-41.602554,27.54166,0.0
93.09826,55.66875,0.0,-79.71049,-79.36242,0.0,-4.3104744,34.32123,0.0
-76.49151,-67.820625,0.0,78.35131,-82.25778,0.0,33.950813,-40.14278,0.0
-27.329771,-36.866116,0.0,-25.980503,-54.009518,0.0,66.432175,-29.807924,0.0
25.121424,-94.86838,0.0,-95.72996,-3.5827315,0.0,-17.97288,95.06703,0.0
61.834515,-45.549747,0.0,20.123665,27.6195,0.0,-92.5121,21.387186,0.0
97.90303,60.455776,0.0,58.907715,-51.932556,0.0,-84.41139,-89.737274,0.0
-95.09162,69.19661,0.0,-39.26198,62.56025,0.0,-8.905457,25.475462,0.0
60.553207,46.93595,0.0,-92.279045,47.817997,0.0,-84.69512,48.279247,0.0
-35.773502,18.009329,0.0,-69.91526,95.30572,0.0,91.58931,-40.099407,0.0
7.0154967,-51.89042,0.0,86.68766,19.58746,0.0,-92.643845,-94.95539,0.0
-50.87528,22.577766,0.0,-92.474075,60.27913,0.0,-62.212597,-91.70195,0.0
-20.66285,-87.06037,0.0,40.13356,-97.78176,0.0,-54.577263,3.3993957,0.0
-39.53949,61.520287,0.0,-35.98847,-19.990892,0.0,56.01884,-33.170254,0.0
-85.03531,70.69791,0.0,-28.507841,-42.51513,0.0,-23.48183,77.60486,0.0
79.89208,21.89686,0.0,37.56297,98.45944,0.0,33.321846,32.79562,0.0
94.45846,-37.63849,0.0,-98.92245,-44.100605,0.0,-6.32859,-44.746513,0.0
-79.93212,-91.261894,0.0,-72.931046,-78.59126,0.0,85.94306,84.52869,0.0
18.564512,33.407974,0.0,-51.24644,-76.597824,0.0,-85.12631,27.754362,0.0
-41.169437,38.398182,0.0,62.589043,14.422987,0.0,-48.633236,-73.17619,0.0
99.80942,36.048386,0.0,59.239204,43.124702,0.0,-96.94286,81.04487,0.0
-22.231827,34.526207,0.0,99.85176,-41.79416,0.0,-52.587257,33.151134,0.0
-30.698706,86.622025,0.0,-49.004467,57.345383,0.0,-75.197586,40.286846,0.0
50.68808,-3.1377282,0.0,-17.821285,81.61278,0.0,-48.39235,-46.410004,0.0
-60.1041,97.54027,0.0,-40.063015,68.98073,0.0,-67.47457,-80.83065,0.0
-95.02559,-48.151337,0.0,-72.69556,-80.55662,0.0,-85.66454,-1.0513098,0.0
-94.0496,-20.330301,0.0,2.7733808,-53.333843,0.0,-5.3454094,-33.218822,0.0
10.986221,30.787037,0.0,-40.260307,17.433157,0.0,-99.64603,-47.134266,0.0
-80.20527,53.86939,0.0,30.356695,76.91308,0.0,66.80228,-17.895878,0.0
-5.3925405,-35.5947,0.0,-75.56592,57.77919,0.0,95.93371,-59.961994,0.0
93.08513,25.553656,0.0,-9.721204,-92.20771,0.0,55.84878,-73.71582,0.0
86.508064,32.324894,0.0,-28.910858,-44.836205,0.0,92.707344,3.2711866,0.0
-38.67193,-81.746506,0.0,54.050858,-34.857685,0.0,86.59691,-91.42455,0.0
61.200863,44.915024,0.0,90.6332,79.3614,0.0,91.95387,66.421906,0.0
34.204933,85.08233,0.0,-72.082115,-83.45308,0.0,23.579662,-26.490591,0.0
60.7811,50.98024,0.0,-53.907658,-44.370064,0.0,55.52588,97.45501,0.0
-40.350372,67.345184,0.0,97.98992,-31.188814,0.0,91.07819,-40.167866,0.0
-39.404922,18.924305,0.0,-78.67882,75.8782,0.0,19.596918,87.92518,0.0
21.028948,92.64288,0.0,92.4131,9.356235,0.0,-24.948574,-25.476353,0.0
-41.97863,71.94609,0.0,13.46176,24.74836,0.0,-21.570196,-36.36135,0.0
53.62071,-63.06338,0.0,97.52074,98.12668,0.0,-45.645103,-36.8822,0.0
-96.75903,-36.07779,0.0,3.9809885,-51.428646,0.0,-83.77599,32.5341,0.0
-49.0976,90.77074,0.0,72.73129,78.72824,0.0,79.77584,-82.4543,0.0
-84.19938,76.3312,0.0,-42.88734,89.864845,0.0,-9.887037,25.567936,0.0
44.946735,-40.305614,0.0,-29.184961,-47.619522,0.0,48.535393,-50.872875,0.0
-39.91836,70.66943,0.0,44.235966,-93.75458,0.0,-29.129663,-0.1332479,0.0
4.3670278,87.04801,0.0,-21.971031,-97.55283,0.0,53.597202,86.99057,0.0
-21.515478,9.26508,0.0,25.8845,13.008057,0.0,-87.15227,-96.68201,0.0
75.554955,95.64889,0.0,-88.459,32.38928,0.0,4.516146,85.5804,0.0
91.77241,92.43183,0.0,80.08344,25.264233,0.0,-99.8782,-38.601105,0.0
90.907295,-46.996475,0.0,-95.45393,-76.77657,0.0,-83.00017,-11.685262,0.0
32.039608,78.86933,0.0,-43.7901,-65.52441,0.0,99.42294,-28.38462,0.0
-46.530773,19.427973,0.0,-91.229416,81.0858,0.0,24.393515,31.077726,0.0
97.86786,54.001137,0.0,-68.186066,-90.87595,0.0,-98.30901,56.16249,0.0
-78.0836,-63.28787,0.0,68.16354,54.540524,0.0,-54.607903,82.66652,0.0
48.763264,81.141464,0.0,-97.3609,-23.242996,0.0,93.32316,12.07865,0.0
-0.90675896,32.79151,0.0,-51.465828,51.639393,0.0,-19.891912,-89.99946,0.0
46.04239,-46.22152,0.0,-4.635281,12.912387,0.0,-86.60385,-44.594154,0.0
66.93497,-98.26805,0.0,-61.254932,-98.13461,0.0,96.027275,7.2102504,0.0
90.230774,66.25969,0.0,-39.687508,76.10544,0.0,60.70825,-0.44760638,0.0
-93.58022,48.179443,0.0,-93.39809,-43.305603,0.0,-42.921413,-17.828432,0.0
-52.68541,-28.412872,0.0,92.737144,-92.58141,0.0,21.028343,15.293063,0.0
-38.569756,28.322443,0.0,-5.834397,18.757656,0.0,-40.543495,-76.492294,0.0
36.595524,91.63316,0.0,15.812089,-51.785145,0.0,5.735669,-42.89553,0.0
-35.587173,66.5532,0.0,-52.391422,-97.11549,0.0,-80.92551,-26.571426,0.0
-79.124214,-37.36912,0.0,-37.305958,44.678764,0.0,24.76466,-15.4388075,0.0
-37.20565,-98.883514,0.0,29.494265,93.08811,0.0,60.27806,-68.64947,0.0
18.624672,-16.559927,0.0,-44.27077,30.095709,0.0,97.44348,-81.057755,0.0
19.947039,-96.74017,0.0,-98.23534,62.41332,0.0,14.81987,-32.25652,0.0
75.08371,-91.444466,0.0,52.937298,56.59078,0.0,-15.064934,-31.720327,0.0
-11.383662,-35.08862,0.0,-85.22298,-23.230377,0.0,-93.44715,-71.58689,0.0
-16.890064,-47.593613,0.0,-1.9391677,-50.466618,0.0,-38.676323,-10.972153,0.0
29.05599,-0.04135598,0.0,0.0656724,-39.933365,0.0,-26.78628,79.422035,0.0
-88.39056,-34.62825,0.0,55.41264,98.62772,0.0,-49.053413,-56.580894,0.0
-5.908732,97.83677,0.0,-92.48125,-12.233381,0.0,-35.456726,-51.03132,0.0
67.531685,-90.23731,0.0,34.39793,81.41989,0.0,-96.71691,-56.33042,0.0
0.7988839,33.56686,0.0,-33.065235,-81.01286,0.0,63.204674,-39.08219,0.0
-84.25911,52.024643,0.0,-83.27002,-96.60941,0.0,-73.33514,90.76195,0.0
19.388338,-13.21144,0.0,64.90986,-29.520319,0.0,20.306852,86.3763,0.0
67.216125,-1.0166978,0.0,-10.294236,-92.52288,0.0,98.25052,9.745043,0.0
-40.698017,52.623245,0.0,-40.207108,82.58493,0.0,-94.46468,-86.596634,0.0
-15.776681,14.580751,0.0,76.92689,20.940165,0.0,57.791946,68.14704,0.0
-13.889252,-38.86482,0.0,64.935074,-79.04712,0.0,18.828299,14.416523,0.0
-86.66798,91.908,0.0,54.809288,-62.542942,0.0,18.854342,-12.233591,0.0
51.51385,-57.541527,0.0,57.692783,-4.6816735,0.0,87.50033,24.26023,0.0
-33.28314,46.55512,0.0,-78.599594,-68.5488,0.0,62.519794,77.58852,0.0
-35.568386,-68.91704,0.0,-5.2863007,92.25699,0.0,62.365765,55.28325,0.0
16.651852,16.580494,0.0,82.62312,4.8587236,0.0,-92.42418,30.226513,0.0
53.650265,-54.93965,0.0,-96.32977,51.371616,0.0,93.28318,71.692276,0.0
-24.551111,-52.28825,0.0,-11.592675,18.335644,0.0,-25.416866,-46.426544,0.0
13.880498,-3.164513,0.0,-48.32121,31.891117,0.0,95.05441,-34.8325,0.0
-44.454914,-10.6594305,0.0,57.55474,-22.608181,0.0,-74.29183,97.6727,0.0
59.168873,0.1687705,0.0,96.98458,77.698784,0.0,-79.16821,-36.054745,0.0
23.189781,-38.58171,0.0,-15.323757,-39.346325,0.0,-35.19759,26.517593,0.0
78.71372,18.04182,0.0,-1.673816,10.31619,0.0,92.03659,55.271008,0.0
-21.562687,-52.049908,0.0,-29.080133,79.74358,0.0,-47.72646,74.00944,0.0
-41.050068,-60.225517,0.0,-94.91207,59.6219,0.0,98.07576,42.36854,0.0
92.91244,8.223402,0.0,-85.852,-41.014214,0.0,-45.22894,65.32669,0.0
28.716612,-21.869423,0.0,50.652702,-51.000385,0.0,69.81209,-80.30211,0.0
-44.749077,-93.18143,0.0,-95.93222,-48.389244,0.0,-85.96028,-57.453556,0.0
99.18647,89.60373,0.0,44.16833,98.793945,0.0,-86.06002,74.107025,0.0
-22.77589,28.818695,0.0,52.038006,-2.8126228,0.0,97.39371,-48.810314,0.0
-31.119358,75.14752,0.0,-47.21284,10.264992,0.0,7.612533,-81.69157,0.0
34.480404,79.770256,0.0,-34.26256,-13.100864,0.0,-80.54136,2.6893685,0.0
-50.8089,0.43164122,0.0,65.213264,-57.510868,0.0,-58.673172,-98.53601,0.0
-90.291306,75.22469,0.0,-8.983585,79.623,0.0,50.203403,7.441731,0.0
1.2441487,34.276844,0.0,70.98326,-79.93557,0.0,57.267204,70.952644,0.0
22.479788,-4.0064673,0.0,-92.70731,66.11477,0.0,-48.342495,-30.911528,0.0
93.81355,83.6508,0.0,57.033424,-51.964733,0.0,-2.5189652,88.78846,0.0
85.42966,-81.65782,0.0,40.987434,96.24494,0.0,-54.266697,-18.71225,0.0
6.917894,-91.09345,0.0,-89.63788,24.561592,0.0,14.142267,11.75821,0.0
-90.641396,-59.750874,0.0,60.049152,-36.099705,0.0,-62.181927,77.10651,0.0
-41.89199,-87.69877,0.0,18.544313,16.00288,0.0,-30.632174,-12.323872,0.0
73.52898,-89.15496,0.0,58.363724,-18.427254,0.0,92.04866,3.1939774,0.0
-3.0968168,-82.61291,0.0,-94.92975,-17.38757,0.0,-47.96503,-63.939312,0.0
-85.113594,49.456394,0.0,-53.756287,-77.00298,0.0,-81.68173,62.786366,0.0
11.075542,13.61849,0.0,2.434116,-87.73551,0.0,-11.78141,-43.036114,0.0
24.524012,-34.285877,0.0,92.81344,-21.91214,0.0,-93.22128,29.8117,0.0
12.648589,-31.208944,0.0,19.596733,-98.74847,0.0,-27.763943,28.96284,0.0
65.91914,84.88371,0.0,-34.631134,27.133091,0.0,7.883166,-50.957573,0.0
-33.551414,10.587278,0.0,-32.618126,-97.65645,0.0,83.53929,-83.2529,0.0
-96.52949,-50.522774,0.0,50.38454,-69.22892,0.0,-96.157074,79.38515,0.0
-29.213331,-12.309355,0.0,62.28809,-85.52009,0.0,-35.094955,-62.43363,0.0
-23.79346,75.20979,0.0,99.0635,-89.26266,0.0,-54.265793,-89.731476,0.0
-12.27745,16.277039,0.0,-9.606993,90.646065,0.0,24.643576,12.803257,0.0
28.715841,-44.495216,0.0,-75.038246,-39.119125,0.0,60.42423,-86.84796,0.0
-29.295101,-94.12561,0.0,98.00699,-96.4348,0.0,-46.051846,94.692474,0.0
47.702454,77.13088,0.0,98.85192,12.159078,0.0,83.55659,24.152576,0.0
43.584587,-92.41773,0.0,85.191025,75.5122,0.0,1.9974772,-98.69347,0.0
-42.706944,-8.881267,0.0,0.10037029,96.533646,0.0,3.1903427,-87.78848,0.0
-88.93211,-65.65271,0.0,-53.17137,5.3756113,0.0,-40.22868,-13.991231,0.0
-46.802284,3.5860872,0.0,54.616077,-77.63635,0.0,60.320923,11.9832535,0.0
-46.634537,88.06931,0.0,40.22823,-76.34837,0.0,13.328427,99.69229,0.0
-96.831085,-97.51888,0.0,70.69367,-75.10599,0.0,-80.48162,-20.7939,0.0
-36.55474,-34.839817,0.0,44.503082,-43.8277,0.0,-1.9256862,18.591627,0.0
19.395914,6.969477,0.0,-91.72731,-14.437424,0.0,-57.486183,-89.363716,0.0
7.024946,30.803785,0.0,-98.65476,72.17375,0.0,-41.605354,96.202065,0.0
-96.398094,-34.319836,0.0,51.451218,-37.21348,0.0,67.07454,24.902803,0.0
-44.432625,77.67936,0.0,17.748804,17.986765,0.0,66.48018,86.880936,0.0
-30.925585,-25.187513,0.0,94.26716,-80.96821,0.0,-36.747364,7.224262,0.0
-52.27808,-31.993671,0.0,-85.735855,-41.542076,0.0,75.71238,12.386089,0.0
-48.91469,22.456898,0.0,-79.39433,55.780243,0.0,96.822365,-75.77507,0.0
-49.29071,-82.01041,0.0,0.12763222,89.61438,0.0,51.13859,88.623764,0.0
-80.81915,-13.319702,0.0,-59.16626,82.51033,0.0,-24.579048,-79.33701,0.0
60.826546,54.854137,0.0,72.87726,96.534904,0.0,-42.4139,-12.913611,0.0
-63.50036,97.345825,0.0,-0.45065627,-47.543915,0.0,55.00126,-79.01331,0.0
-4.787264,-41.478943,0.0,-75.30411,59.227856,0.0,8.022139,22.987286,0.0
20.460323,16.440638,0.0,75.5123,75.049934,0.0,-65.61774,75.2404,0.0
92.52292,-45.34803,0.0,-35.012566,13.485721,0.0,-99.34698,23.36216,0.0
92.48228,87.066216,0.0,-35.515995,-0.34004956,0.0,58.794476,78.87222,0.0
-46.35831,23.78421,0.0,94.912025,-46.54627,0.0,-51.483196,-23.607496,0.0
-92.09582,-77.02181,0.0,-49.216835,1.6538206,0.0,-34.831593,35.716682,0.0
-79.302574,-17.517794,0.0,-37.501686,7.7725334,0.0,56.17879,12.926597,0.0
-81.087074,-0.77474225,0.0,76.11781,3.4614506,0.0,13.532076,-76.67818,0.0
71.07523,79.054405,0.0,-76.50561,89.17438,0.0,16.863258,93.66578,0.0
-91.149864,-30.945791,0.0,-40.46491,36.32013,0.0,8.796978,27.277842,0.0
81.52223,80.38174,0.0,-87.87472,-12.533803,0.0,82.292946,-90.846924,0.0
50.05617,-10.230725,0.0,-76.14331,26.46612,0.0,-21.622446,12.545308,0.0
73.454155,85.63939,0.0,-8.998882,96.038605,0.0,55.309193,-81.975845,0.0
85.65518,32.954006,0.0,14.749444,75.094475,0.0,-80.48737,94.15286,0.0
56.095123,-23.1397,0.0,4.7895703,-44.762188,0.0,-95.55754,36.278942,0.0
59.83571,66.36486,0.0,-76.40123,78.39845,0.0,10.632494,-30.68483,0.0
-18.706696,-90.55014,0.0,33.2002,-54.023193,0.0,76.63409,77.600044,0.0
-31.100311,-43.27403,0.0,-41.497135,51.605225,0.0,-41.027714,-59.746723,0.0
-79.98373,-50.558197,0.0,84.49929,20.717987,0.0,58.620773,95.16981,0.0
-16.994938,-76.92005,0.0,69.92204,97.62363,0.0,-46.12595,15.740347,0.0
58.65066,12.183045,0.0,41.011063,79.35344,0.0,-48.961918,37.37209,0.0
-34.244213,65.04746,0.0,55.812424,72.362854,0.0,12.357376,18.33815,0.0
-24.922022,-51.347683,0.0,13.602172,15.709575,0.0,78.316925,84.42746,0.0
3.4763157,21.389032,0.0,53.10615,-32.001705,0.0,63.350098,-98.129036,0.0
80.42051,83.0389,0.0,57.137157,-17.162815,0.0,69.97388,26.994286,0.0
-31.491367,-30.477503,0.0,-46.118877,-87.61076,0.0,-53.212566,-53.547745,0.0
-42.857372,9.7191105,0.0,69.01685,51.256874,0.0,-54.831528,-27.6028,0.0
45.414078,-99.21679,0.0,54.742416,-53.30453,0.0,-47.72602,9.322696,0.0
-99.84061,-20.25073,0.0,64.10925,-17.675196,0.0,16.690056,20.928991,0.0
-71.047966,-85.98129,0.0,-89.92344,-38.87297,0.0,-85.67795,-28.948137,0.0
97.26904,-53.356865,0.0,-98.16136,-88.86125,0.0,-41.304848,-58.804157,0.0
20.62317,-86.57512,0.0,-43.6692,76.683105,0.0,-41.30921,12.221747,0.0
-28.486122,85.85944,0.0,35.17552,81.58516,0.0,-88.88156,-36.24817,0.0
40.487606,-98.61584,0.0,-35.01136,54.87725,0.0,-8.949634,31.516417,0.0
3.7362096,99.09977,0.0,-53.64078,5.1944323,0.0,20.8001,-45.610977,0.0
60.467148,-24.5449,0.0,59.336296,-73.558655,0.0,-84.34947,-55.972992,0.0
58.17446,45.63189,0.0,-48.652214,-38.19914,0.0,-77.64323,63.973362,0.0
37.329235,-81.61142,0.0,-91.96613,-20.045858,0.0,-25.069916,17.11148,0.0
-41.97773,-29.823263,0.0,19.68085,-18.98905,0.0,17.690432,23.340858,0.0
13.927642,-25.659447,0.0,90.576035,89.41135,0.0,94.357925,-29.956993,0.0
64.23266,84.63226,0.0,-33.254154,25.980833,0.0,32.1894,-42.78567,0.0
-26.504938,-10.113571,0.0,-88.674385,-91.348236,0.0,-24.073112,-75.9452,0.0
69.645775,50.12723,0.0,-38.28958,48.1284,0.0,-48.84614,14.6071,0.0
-53.596317,34.384563,0.0,92.75291,-19.91955,0.0,-97.82362,63.41549,0.0
44.421726,23.458279,0.0,25.126148,19.615437,0.0,22.339813,-51.346863,0.0
-36.88208,-92.94569,0.0,-93.768105,-48.88223,0.0,-66.48357,-93.18636,0.0
-45.57259,90.49485,0.0,-43.260307,50.069164,0.0,-72.83886,-93.450226,0.0
66.18305,-45.961353,0.0,-94.649734,-35.532654,0.0,-36.903255,-14.173268,0.0
-5.3021717,-30.41246,0.0,-56.373047,88.20016,0.0,-52.748745,-0.6903823,0.0
-5.0806804,16.634417,0.0,-77.352295,-19.035769,0.0,25.858368,-6.6764307,0.0
-78.1652,-42.093136,0.0,1.5813483,-90.40717,0.0,69.68574,-64.262825,0.0
88.8991,10.407427,0.0,52.391685,44.69088,0.0,70.85643,6.3039613,0.0
-88.08136,76.33415,0.0,60.548206,-42.68757,0.0,3.8996387,17.509556,0.0
-25.134752,97.5438,0.0,20.307514,-97.53502,0.0,-50.033348,70.45275,0.0
-82.97043,-47.414787,0.0,79.71358,17.98653,0.0,-91.99042,57.81421,0.0
81.997894,-75.79086,0.0,59.084026,9.112547,0.0,-88.849304,-87.748245,0.0
-9.888487,32.993637,0.0,-79.928116,57.380695,0.0,-52.762917,-4.262411,0.0
-89.5521,31.221418,0.0,-78.50257,-11.975683,0.0,-37.37569,40.528122,0.0
13.552045,-36.30717,0.0,66.81236,28.10675,0.0,-42.72676,-93.32652,0.0
57.667076,3.9422944,0.0,-94.53835,-49.27804,0.0,-87.40504,38.922916,0.0
-32.41741,-47.319008,0.0,97.60078,26.17492,0.0,-9.779178,-43.70104,0.0
-89.09742,66.46626,0.0,76.90315,-87.155426,0.0,90.43095,91.374016,0.0
-2.36738,18.078941,0.0,-15.823372,95.11462,0.0,-7.958773,-78.622025,0.0
69.412384,22.360487,0.0,-79.96228,-10.69928,0.0,98.72159,-99.60814,0.0
65.55722,99.63146,0.0,87.61164,-76.4405,0.0,91.61383,8.183445,0.0
82.79863,-92.68744,0.0,58.82881,-5.753032,0.0,56.386677,-28.878073,0.0
51.35249,23.596022,0.0,-78.32144,-58.449646,0.0,-82.24272,4.391709,0.0
39.55958,26.721956,0.0,0.6982574,-41.852604,0.0,-79.936134,79.046455,0.0
50.50834,-96.02256,0.0,22.206692,24.161203,0.0,-26.87255,-83.605736,0.0
57.33659,56.609768,0.0,-38.73664,34.48138,0.0,-17.092865,88.65381,0.0
-83.34842,-16.223148,0.0,-14.958273,96.492065,0.0,21.321684,76.13039,0.0
-46.391994,-6.23978,0.0,84.18115,-92.89325,0.0,-31.762644,-76.47401,0.0
-48.657864,-85.628746,0.0,9.174219,85.94673,0.0,83.02981,34.245514,0.0
64.40945,57.067135,0.0,22.92845,-41.750114,0.0,90.64206,27.786098,0.0
50.851246,70.00242,0.0,-18.60836,29.965605,0.0,-99.15682,47.17075,0.0
52.114178,-4.3508563,0.0,97.77021,-77.98605,0.0,64.26188,30.126524,0.0
-45.129646,-9.3625345,0.0,48.611645,90.51779,0.0,-82.688774,0.43819997,0.0
95.68115,-52.94309,0.0,98.051544,-38.31053,0.0,-90.11523,42.365623,0.0
-49.18787,61.62717,0.0,-48.81357,-8.46762,0.0,-30.775238,-67.30781,0.0
-44.0334,26.027693,0.0,-98.99142,97.78086,0.0,-32.22918,-63.6998,0.0
68.47298,-99.32453,0.0,94.72241,14.694217,0.0,8.49482,-98.85209,0.0
44.380394,-97.078545,0.0,29.862263,-97.25034,0.0,-53.81822,61.43296,0.0
15.196204,-7.3104134,0.0,90.037506,29.49812,0.0,-86.61299,-81.1182,0.0
58.03424,-45.68493,0.0,12.386009,-49.344376,0.0,91.69749,-87.624985,0.0
61.02399,-76.9853,0.0,-91.7774,-3.749483,0.0,-32.12654,-86.930145,0.0
27.85528,97.145935,0.0,-80.83259,-44.028973,0.0,-43.594273,83.709915,0.0
49.406982,-44.84504,0.0,-81.00134,91.27561,0.0,-55.559296,77.23077,0.0
56.422813,-71.18985,0.0,46.430107,99.05947,0.0,83.405075,22.459473,0.0
-12.80346,-77.617874,0.0,-81.44188,70.22915,0.0,73.39567,96.6754,0.0
-78.78431,14.72335,0.0,86.84384,20.483606,0.0,-90.47994,91.38372,0.0
70.06805,-91.53248,0.0,-87.94784,-66.331856,0.0,-97.97454,14.893948,0.0
26.249933,-0.25557086,0.0,-13.6980715,82.276344,0.0,40.297134,30.560238,0.0
-99.20578,95.01625,0.0,7.2591734,-75.98723,0.0,0.3615358,-29.840538,0.0
46.97617,-75.03466,0.0,46.855328,-95.71069,0.0,19.924257,-17.123878,0.0
75.14496,99.08056,0.0,-78.23721,34.943,0.0,-88.14925,5.811328,0.0
-47.563774,-0.38879776,0.0,-82.50442,-80.44822,0.0,-31.317501,-88.11673,0.0
-93.66268,40.56171,0.0,-11.006006,98.43392,0.0,-13.499148,11.456829,0.0
15.426497,-90.15661,0.0,-32.789696,47.442467,0.0,25.205145,-0.39485207,0.0
-88.33946,-95.64114,0.0,-54.5057,18.465094,0.0,-47.335648,48.10248,0.0
-97.59746,59.62414,0.0,-34.377632,-94.514496,0.0,-38.906162,-43.79217,0.0
-67.03464,-90.914314,0.0,32.689457,94.171585,0.0,-22.176186,79.29952,0.0
51.674496,13.224361,0.0,64.60138,82.675865,0.0,94.961945,-94.39527,0.0
-52.30474,-8.421506,0.0,-91.962036,-18.045486,0.0,57.211937,-31.302584,0.0
3.6757972,-36.350845,0.0,-7.356261,-35.96653,0.0,-87.1815,-95.81406,0.0
83.049255,28.161774,0.0,38.610764,-77.34908,0.0,-84.06895,-59.538876,0.0
-12.988316,-77.4702,0.0,22.645512,-30.307207,0.0,-35.025013,-41.25757,0.0
-69.2717,94.64866,0.0,87.94669,-98.27803,0.0,99.334885,22.365414,0.0
57.05427,26.34425,0.0,22.297985,15.414965,0.0,-92.00903,-94.88603,0.0
54.881287,93.89848,0.0,50.77914,-40.843098,0.0,-50.029503,-66.66342,0.0
-84.33931,8.602856,0.0,-5.7984166,-45.677013,0.0,65.180664,-92.98464,0.0
51.205673,-88.897026,0.0,91.55456,48.375786,0.0,-91.505035,39.6033,0.0
-6.805238,-75.169334,0.0,51.58159,-29.221867,0.0,19.988434,-87.31212,0.0
22.170452,6.4897285,0.0,-27.359142,-41.04498,0.0,56.747482,-17.647001,0.0
67.0021,39.04741,0.0,-46.549374,-19.792353,0.0,-63.91022,-98.5367,0.0
-58.083893,-96.4583,0.0,-32.96624,-7.915904,0.0,-80.27142,-42.523777,0.0
53.257225,-13.103223,0.0,-2.6404908,-87.23838,0.0,6.900891,10.899809,0.0
63.67059,29.504839,0.0,41.062042,75.72923,0.0,-82.36838,79.027336,0.0
-94.67967,21.25739,0.0,69.65853,29.700521,0.0,91.73217,59.471592,0.0
90.68988,80.59305,0.0,17.9343,-3.8291965,0.0,-89.87675,-96.45166,0.0
-47.240967,36.704502,0.0,79.45657,-77.399666,0.0,90.47768,-74.50338,0.0
-79.83081,-69.153435,0.0,-10.533856,-76.84307,0.0,-34.82179,4.20214,0.0
45.37027,-40.289303,0.0,-15.15658,-97.93112,0.0,-76.26453,20.61987,0.0
96.20465,47.73902,0.0,-89.70604,-96.44864,0.0,-51.572384,71.0036,0.0
-50.359974,62.524036,0.0,-84.61532,65.12996,0.0,-80.437164,30.87641,0.0
-21.2287,13.451983,0.0,54.965652,82.310196,0.0,89.43572,93.38856,0.0
-32.988598,-0.11367787,0.0,75.99047,95.59897,0.0,28.80479,19.104027,0.0
-38.09319,3.7692566,0.0,-15.884075,-28.860014,0.0,57.99778,77.95767,0.0
-99.396385,18.11173,0.0,-53.791096,69.688225,0.0,-48.632984,81.99049,0.0
18.213648,-29.245825,0.0,-78.16624,59.178413,0.0,50.419044,-8.627679,0.0
1.5900257,86.98337,0.0,93.51783,-91.74304,0.0,-45.29795,-39.317036,0.0
97.32731,65.034775,0.0,37.01252,-90.581085,0.0,-36.047264,-16.772879,0.0
-88.17565,-81.06383,0.0,63.015415,43.831802,0.0,-19.267479,-54.584003,0.0
66.85956,-88.618065,0.0,55.659267,94.54815,0.0,-14.831453,-96.0863,0.0
-84.841286,-19.880325,0.0,98.83545,-32.968544,0.0,-51.93478,75.590836,0.0
-94.138214,38.23743,0.0,53.634773,71.05957,0.0,-38.32773,59.23508,0.0
82.2357,-85.05173,0.0,-81.74189,87.35022,0.0,-57.035686,94.01278,0.0
-84.51936,-64.69992,0.0,61.710873,17.448704,0.0,72.082275,87.129166,0.0
-76.50585,28.907566,0.0,39.900146,-94.74189,0.0,49.785004,-94.61088,0.0
60.367443,-3.1289766,0.0,3.923557,-30.603252,0.0,65.21795,60.626236,0.0
68.58494,32.60767,0.0,-81.18452,-61.54697,0.0,73.46587,27.956553,0.0
51.752144,-44.516735,0.0,60.640606,-8.785587,0.0,-36.720985,37.362366,0.0
5.8622622,98.28148,0.0,-45.818096,77.28017,0.0,-94.75783,-44.973145,0.0
-27.175627,-87.20941,0.0,12.356813,-86.071175,0.0,68.23509,-20.267506,0.0
-2.2382326,25.864384,0.0,-31.761414,0.9397158,0.0,26.516573,-15.693848,0.0
76.03798,11.5335655,0.0,-57.545372,77.601265,0.0,-7.533652,12.0373955,0.0
83.890915,-84.18059,0.0,60.818798,78.08975,0.0,95.62237,-82.78882,0.0
36.03768,-86.29761,0.0,-15.889521,24.364288,0.0,-27.934965,21.641092,0.0
19.334835,-41.28145,0.0,-91.69507,-8.072461,0.0,97.68025,-55.315918,0.0
-42.424206,48.98496,0.0,-35.560364,76.03282,0.0,20.13072,-83.12037,0.0
-40.92624,63.669315,0.0,97.215866,27.897118,0.0,-57.033363,-87.66175,0.0
67.64514,95.23411,0.0,62.77458,54.890156,0.0,57.25724,13.226104,0.0
42.66798,89.01106,0.0,-25.672462,-34.92083,0.0,-32.284035,-76.37786,0.0
-52.16041,-34.372242,0.0,-80.536606,-80.92177,0.0,66.268074,-60.67837,0.0
72.02455,10.628019,0.0,46.26888,-52.559372,0.0,81.8326,-93.608604,0.0
-76.5366,-43.229923,0.0,31.097712,31.413671,0.0,56.727673,-29.224102,0.0
-54.382065,97.18598,0.0,-16.612263,-28.320257,0.0,-40.702816,-11.467421,0.0
-83.579475,61.979603,0.0,-5.4602633,-85.30993,0.0,-76.44265,11.141126,0.0
-40.502853,-89.25733,0.0,-77.52048,-23.27485,0.0,70.41124,3.2486804,0.0
-35.40112,53.821102,0.0,87.57297,25.11447,0.0,-84.64299,-53.686962,0.0
60.50848,-8.807475,0.0,87.88662,90.76075,0.0,79.27912,99.81386,0.0
-91.38873,-78.599785,0.0,81.28888,78.032776,0.0,26.344467,-49.875774,0.0
-47.376442,-22.034286,0.0,-16.926994,16.477613,0.0,-44.880596,5.1039767,0.0
64.43397,-39.000515,0.0,-15.405649,-83.616714,0.0,-80.189026,-96.915245,0.0
96.9047,-12.875148,0.0,68.51032,-46.35306,0.0,27.390259,91.87545,0.0
-23.275011,-92.352394,0.0,91.67956,31.772545,0.0,-42.748707,-15.781848,0.0
0.044417948,-97.77044,0.0,-42.958893,-42.501602,0.0,66.701675,-74.127396,0.0
50.23448,-55.43174,0.0,-29.770325,-88.670166,0.0,57.993324,-0.6477722,0.0
37.838642,21.58131,0.0,-71.07043,78.92142,0.0,67.84054,-55.964138,0.0
67.73899,55.27748,0.0,-34.89135,-3.0341501,0.0,28.92436,-52.747337,0.0
23.0286,-24.855139,0.0,-2.355259,-96.16733,0.0,99.28015,76.73742,0.0
-40.60638,30.927015,0.0,3.2231405,-95.95733,0.0,54.689373,-5.8256984,0.0
-92.28069,-28.68946,0.0,53.68983,-43.964203,0.0,-46.769733,-88.982445,0.0
-91.25975,-93.525024,0.0,28.337906,30.694878,0.0,58.298912,-14.096422,0.0
2.3166928,-40.74699,0.0,-39.877533,-65.823555,0.0,-16.445272,-88.51007,0.0
-47.77442,24.799189,0.0,-95.83879,-44.53313,0.0,-85.247826,-11.250733,0.0
30.532757,95.90185,0.0,18.430891,6.735796,0.0,-50.477894,-9.477814,0.0
-89.09759,-44.686764,0.0,61.458862,40.66206,0.0,-32.24244,-73.5472,0.0
-38.08484,-93.10414,0.0,-11.290044,-40.362312,0.0,4.6292634,78.53433,0.0
33.356216,-52.23094,0.0,-89.49726,43.05822,0.0,-42.545372,-5.5318937,0.0
-51.645092,81.70746,0.0,75.51928,16.114134,0.0,-88.16082,43.34357,0.0
27.704405,-23.965616,0.0,-99.980286,76.17111,0.0,95.589035,67.73047,0.0
-7.5077567,78.96886,0.0,-22.281649,22.090366,0.0,59.097927,-54.93828,0.0
-37.82538,-80.48321,0.0,-45.55519,51.86817,0.0,97.639465,-70.60408,0.0
32.934208,27.379032,0.0,65.58399,82.52727,0.0,19.247894,-93.95003,0.0
-30.178669,95.75445,0.0,-49.85656,-62.25919,0.0,-38.72412,-18.262556,0.0
-69.94471,-92.86022,0.0,-0.5578549,-44.922386,0.0,1.0483253,-53.38228,0.0
-89.694244,5.3868957,0.0,55.594276,-9.220118,0.0,-9.946893,11.422105,0.0
16.938154,1.7312897,0.0,-30.369255,53.80762,0.0,-36.544216,23.189512,0.0
51.48308,-6.5254664,0.0,59.84508,30.68203,0.0,54.666386,-43.904305,0.0
-91.11116,42.8104,0.0,67.73466,29.439058,0.0,-3.641912,-41.670185,0.0
36.38655,-96.2677,0.0,66.0569,-80.82105,0.0,-78.29271,25.140968,0.0
12.123322,77.048965,0.0,-42.149433,58.97092,0.0,69.31121,-92.36441,0.0
-11.193876,-34.58702,0.0,-17.702995,-85.60786,0.0,99.92443,-82.35819,0.0
-4.5517683,-94.83459,0.0,70.772514,1.168745,0.0,59.966206,-50.22151,0.0
95.19477,-37.75164,0.0,77.826035,79.67693,0.0,91.94299,-52.29702,0.0
-73.15756,95.31124,0.0,31.467161,-86.441536,0.0,20.32671,-43.131844,0.0
83.91783,-76.56087,0.0,60.369938,76.814705,0.0,-16.122587,8.822639,0.0
88.21245,83.28223,0.0,-82.93991,3.603271,0.0,98.704895,-61.117233,0.0
65.34558,18.931269,0.0,0.39777136,83.8777,0.0,38.630154,-93.534004,0.0
23.629585,29.11039,0.0,64.39369,-71.868,0.0,-37.26747,25.163912,0.0
-86.88019,-87.41142,0.0,44.946938,78.47852,0.0,-3.077876,29.040997,0.0
-58.39512,-82.97705,0.0,50.034718,-95.71753,0.0,-28.323402,-85.78106,0.0
-9.892163,-50.66671,0.0,70.484764,-99.34571,0.0,-83.72939,57.184372,0.0
10.109761,-49.885906,0.0,-46.36546,70.08716,0.0,-27.645386,2.591516,0.0
-41.23684,-46.925735,0.0,50.77476,20.37805,0.0,-75.14639,78.85359,0.0
-77.08571,-11.960046,0.0,6.8252034,-50.426205,0.0,-94.671234,17.11611,0.0
17.323566,16.559868,0.0,-60.643536,-84.25155,0.0,-27.05308,-85.66368,0.0
99.66385,45.580166,0.0,-44.099213,94.872475,0.0,45.756397,97.76565,0.0
33.63089,79.34585,0.0,66.25811,61.673016,0.0,54.854076,3.6185894,0.0
49.069756,25.20521,0.0,32.47956,86.21339,0.0,85.05982,-91.27789,0.0
-90.78436,-50.312286,0.0,29.638899,16.853205,0.0,-8.399022,-84.46266,0.0
-32.780212,55.10317,0.0,25.925596,4.922219,0.0,-51.73359,85.19587,0.0
0.7846643,77.47778,0.0,-73.75743,77.772415,0.0,-41.13229,24.597242,0.0
78.68964,9.290086,0.0,18.888538,-0.39582372,0.0,16.532791,-0.5320693,0.0
27.221128,-98.550674,0.0,-97.8172,-69.89773,0.0,-31.29209,18.806293,0.0
-33.601963,-51.51096,0.0,-73.7552,-86.587585,0.0,-36.787956,6.6424513,0.0
69.21458,72.5608,0.0,-19.219427,77.04749,0.0,65.91868,-56.466835,0.0
12.089477,84.25135,0.0,-46.46565,77.32441,0.0,-23.501062,-1.4744323,0.0
68.53753,-99.615486,0.0,-48.163033,54.008976,0.0,-90.57619,-75.3277,0.0
-72.22277,-83.618904,0.0,74.16724,88.63772,0.0,60.42315,11.064083,0.0
-53.389324,-30.724144,0.0,96.878334,52.779716,0.0,-46.860195,-27.311909,0.0
-0.5797416,14.342693,0.0,27.618755,89.46616,0.0,72.01829,93.79365,0.0
-81.85614,57.22763,0.0,-46.385414,-65.77876,0.0,54.86639,-30.963657,0.0
62.790985,63.22754,0.0,50.275707,76.399414,0.0,-42.29195,25.448523,0.0
96.02932,-64.70964,0.0,-91.39897,-62.968464,0.0,-83.41346,73.34907,0.0
35.323658,20.111668,0.0,-26.484997,91.192764,0.0,-5.5770793,92.05861,0.0
-28.090776,-2.3056538,0.0,50.103813,-86.31543,0.0,22.192453,75.06946,0.0
57.086792,-58.2335,0.0,-54.666702,1.0294566,0.0,-62.49629,-96.96439,0.0
-48.486607,-6.7607284,0.0,-32.710335,64.91926,0.0,-30.630173,94.03355,0.0
10.257505,-76.813545,0.0,-53.977474,91.76374,0.0,-71.79997,-75.91847,0.0
93.41394,-77.05856,0.0,-61.715366,-90.688736,0.0,-21.50023,99.525604,0.0
-25.486233,-81.03289,0.0,-91.38895,-51.16534,0.0,-19.055298,-82.14399,0.0
-44.44142,75.97154,0.0,-86.25103,-98.26624,0.0,69.646484,-79.80197,0.0
12.947906,-32.56255,0.0,-37.286556,-16.828959,0.0,5.9818416,82.816734,0.0
51.273705,-25.395025,0.0,-35.163498,37.369442,0.0,-69.81872,94.52609,0.0
-92.5282,41.52761,0.0,-32.432507,-66.67814,0.0,88.2348,33.321568,0.0
-26.252403,-31.88619,0.0,35.226833,-97.330986,0.0,-76.22151,18.521019,0.0
-91.14826,98.2772,0.0,-89.99563,-79.90185,0.0,-32.789635,16.187578,0.0
69.49566,-3.558819,0.0,-17.411077,33.9172,0.0,-92.138824,-64.80822,0.0
-50.829277,-73.11869,0.0,-35.687984,-56.422867,0.0,74.82733,97.971634,0.0
-56.954433,-92.10183,0.0,-62.250023,-99.80991,0.0,24.820936,-97.24671,0.0
-40.954277,31.84862,0.0,-77.759766,58.115726,0.0,91.9486,-62.96199,0.0
55.72915,29.801683,0.0,58.069485,-13.1939125,0.0,55.368134,43.1271,0.0
-76.98605,-47.239944,0.0,19.831097,-81.96838,0.0,31.407185,30.937336,0.0
-43.269497,-41.03373,0.0,-42.28125,82.06416,0.0,-23.348322,6.0931053,0.0
-82.77668,-0.8248049,0.0,-52.303036,-88.86521,0.0,69.295746,-61.367428,0.0
-69.2922,-89.62438,0.0,-95.043465,-28.175497,0.0,86.09873,29.121918,0.0
-16.56087,-38.741516,0.0,60.271862,52.97606,0.0,-34.38353,-13.8872175,0.0
78.81552,94.305016,0.0,-80.66639,13.08764,0.0,52.88348,-55.48103,0.0
46.757668,91.918175,0.0,-98.23032,72.48448,0.0,-98.5718,53.074493,0.0
62.20577,41.914574,0.0,27.033287,33.58853,0.0,-54.22187,8.328312,0.0
42.421925,-47.844162,0.0,-40.869827,43.123436,0.0,44.23497,-81.78335,0.0
-42.20756,65.08576,0.0,-47.87486,23.74415,0.0,-61.74727,83.704796,0.0
25.265812,-91.56683,0.0,50.41107,-26.995659,0.0,67.23726,-47.04311,0.0
63.01924,80.88459,0.0,15.512027,78.86882,0.0,23.732437,-11.579443,0.0
16.20127,-32.48398,0.0,-87.608475,86.10118,0.0,-28.903093,-43.4735,0.0
-26.728546,10.4566145,0.0,-1.9297874,79.32803,0.0,-45.710197,12.510303,0.0
-22.897629,-31.207666,0.0,-19.897738,-96.01445,0.0,95.60551,59.373306,0.0
97.10189,-69.63601,0.0,-19.093546,5.5565844,0.0,-14.048088,77.87016,0.0
26.518824,-94.213585,0.0,16.471498,16.489693,0.0,-84.75948,65.67053,0.0
-48.87281,-9.011295,0.0,-92.32565,14.436629,0.0,-77.16737,21.528929,0.0
-53.524544,73.0551,0.0,-48.500706,17.270653,0.0,31.040775,76.28824,0.0
-85.08675,-48.271008,0.0,24.487593,16.649155,0.0,-11.953195,27.51366,0.0
-48.775673,4.8160143,0.0,-44.43398,19.834368,0.0,-77.9057,-64.2831,0.0
-46.157074,11.544925,0.0,51.57616,96.404274,0.0,-93.515724,94.3911,0.0
9.572851,-41.045174,0.0,28.20782,-22.370354,0.0,21.795584,-18.425768,0.0
57.496483,-70.59061,0.0,-37.563866,31.07379,0.0,-24.464245,-82.53127,0.0
-41.071228,-41.146236,0.0,-60.35917,81.98475,0.0,-15.536398,-36.39016,0.0
53.698032,-99.50022,0.0,-76.861595,12.108645,0.0,83.855934,88.613304,0.0
-66.63662,77.0532,0.0,12.682673,82.23049,0.0,-78.85275,77.929146,0.0
-86.712425,-46.285404,0.0,36.181904,33.40384,0.0,75.191826,17.212057,0.0
-84.95904,51.83713,0.0,-28.332035,-50.313736,0.0,-23.681818,21.116241,0.0
39.806385,99.371506,0.0,-33.17543,-13.498527,0.0,88.883545,3.068594,0.0
-32.225853,-95.197754,0.0,-43.02476,30.603088,0.0,-25.0915,-26.867706,0.0
-86.01695,0.00628086,0.0,38.127754,-80.78048,0.0,73.44728,-76.272,0.0
55.01792,-43.802334,0.0,-54.559227,-37.557205,0.0,37.742264,-83.41935,0.0
-95.893135,47.372543,0.0,-75.98158,12.218387,0.0,32.7072,-90.17331,0.0
-80.996086,35.87389,0.0,-70.454575,76.43581,0.0,-59.34493,-76.00129,0.0
62.451534,-20.051115,0.0,1.9894505,-40.800354,0.0,-68.93194,83.72176,0.0
-81.21659,-33.297844,0.0,68.082924,60.72017,0.0,50.341076,37.11713,0.0
90.1871,-70.749214,0.0,35.428185,86.25035,0.0,-47.867523,8.379261,0.0
90.40765,-61.933815,0.0,-99.74481,-78.4057,0.0,67.87314,17.13647,0.0
-81.928276,6.223657,0.0,98.246605,-56.443886,0.0,-7.9643264,-47.994553,0.0
65.78126,-4.545567,0.0,-41.544518,-13.314704,0.0,-21.469332,-40.167027,0.0
53.66724,67.55088,0.0,56.739162,34.340702,0.0,-54.00721,-35.03188,0.0
73.59215,29.010702,0.0,-38.492123,8.650298,0.0,-36.209915,-80.76037,0.0
55.36383,69.68787,0.0,18.370543,-46.707733,0.0,17.435959,-16.213514,0.0
-15.839258,-33.08667,0.0,-80.54153,-40.622944,0.0,-16.420288,7.819082,0.0
64.34566,-56.036064,0.0,-96.38968,81.07298,0.0,-92.59328,84.69751,0.0
32.82452,-44.509106,0.0,-9.68292,14.474796,0.0,-83.26728,23.122839,0.0
-88.84758,5.870604,0.0,57.64696,49.71039,0.0,25.435545,5.4015145,0.0
40.477867,-52.96861,0.0,62.650997,81.58073,0.0,21.06601,-2.895075,0.0
92.76338,-56.60312,0.0,54.88192,-51.96636,0.0,-56.63067,-91.72981,0.0
18.62564,-7.506412,0.0,-43.568344,-98.94638,0.0,78.50385,33.9099,0.0
-47.110027,90.377495,0.0,53.31171,28.528929,0.0,11.288288,3.0317402,0.0
-37.71572,21.016375,0.0,9.601657,-41.83842,0.0,50.351456,-76.7659,0.0
97.162125,-19.908304,0.0,-12.583703,-86.518394,0.0,-97.42709,-55.174294,0.0
-87.49044,-52.54963,0.0,30.174553,-54.444168,0.0,-4.032408,-81.33527,0.0
-94.661865,40.920197,0.0,18.982607,91.80916,0.0,89.93708,84.05895,0.0
-80.298065,96.43482,0.0,94.338135,25.084208,0.0,79.37616,29.640078,0.0
99.07819,2.3914454,0.0,68.69721,-27.848318,0.0,-28.43099,7.1907544,0.0
81.68708,12.385465,0.0,12.358508,88.906456,0.0,-13.597684,88.46928,0.0
-59.802086,-93.352844,0.0,6.2449822,-85.48547,0.0,-75.61604,-46.372517,0.0
-3.6784866,-38.074463,0.0,86.467865,28.319046,0.0,8.305981,-26.427156,0.0
-24.894915,-84.78875,0.0,-4.0007677,-50.645866,0.0,58.302444,24.831661,0.0
29.057117,34.37838,0.0,2.7311609,97.57965,0.0,-42.993378,6.5816245,0.0
86.95084,-77.809,0.0,50.887836,-70.46946,0.0,-92.73473,90.23068,0.0
-77.710434,-65.03496,0.0,-14.104901,-29.233725,0.0,-81.670425,92.46937,0.0
99.610725,49.055443,0.0,4.197238,34.34067,0.0,98.98377,74.03034,0.0
-25.635284,-87.92477,0.0,-24.442472,15.131115,0.0,90.400734,43.92234,0.0
15.380421,-48.783737,0.0,-53.51454,-73.08375,0.0,21.91481,7.214389,0.0
77.776596,83.42186,0.0,28.403324,26.486803,0.0,-75.38449,41.13558,0.0
-87.5968,-79.63001,0.0,-45.57802,-41.534805,0.0,0.39150023,-45.12663,0.0
-9.64271,-53.182526,0.0,89.55087,29.828247,0.0,92.88153,-73.86631,0.0
-31.932724,2.0163543,0.0,-77.50857,-47.86802,0.0,-8.727798,25.01816,0.0
-47.59714,22.375244,0.0,-68.50294,-76.73773,0.0,52.71241,15.858317,0.0
13.501902,76.40518,0.0,-89.332664,-99.03694,0.0,98.18463,49.917366,0.0
-41.401546,31.154785,0.0,69.82362,12.793733,0.0,81.41699,77.345436,0.0
65.50638,39.62823,0.0,-93.03547,-89.78746,0.0,5.2703977,-51.27012,0.0
-51.90231,29.638527,0.0,91.46139,6.5417495,0.0,-87.9189,-87.02351,0.0
-32.06031,1.1472002,0.0,-43.562374,-46.244408,0.0,-73.04408,-86.01482,0.0
-90.4719,-76.797295,0.0,94.32354,-49.53502,0.0,0.34064618,-46.2851,0.0
-44.957508,-74.16745,0.0,-1.7462581,-49.308643,0.0,-28.725903,76.59723,0.0
50.01879,-71.11009,0.0,-9.092341,95.07532,0.0,-18.057384,-28.784067,0.0
-8.981042,-41.194874,0.0,96.55329,36.47374,0.0,-92.34496,-45.810474,0.0
-22.817646,-47.877087,0.0,-80.9309,87.98196,0.0,98.88436,-43.144592,0.0
-11.666679,-29.031012,0.0,-46.12548,-62.446487,0.0,14.804371,-44.445107,0.0
-85.2368,-6.576352,0.0,-90.36087,-10.336672,0.0,35.069923,29.014141,0.0
72.90447,-83.14664,0.0,-79.69037,22.656494,0.0,30.810478,-76.467575,0.0
31.831522,83.896,0.0,-43.106808,-40.64144,0.0,34.05201,-50.36047,0.0
-31.801952,-80.99718,0.0,-4.1473155,-43.596558,0.0,34.30119,80.5311,0.0
16.834812,95.42317,0.0,-99.79585,48.79243,0.0,68.64722,83.32482,0.0
-77.32453,-64.54946,0.0,-78.68477,46.726784,0.0,85.36388,89.32329,0.0
-47.501476,60.110874,0.0,97.34045,-29.336897,0.0,15.821645,-96.56411,0.0
2.8216703,87.34191,0.0,64.07273,-33.126656,0.0,-87.41595,55.654682,0.0
95.85339,90.12935,0.0,-51.761375,-14.086285,0.0,12.624462,79.80706,0.0
93.94174,-18.442137,0.0,-68.09752,98.49731,0.0,-90.648674,13.832013,0.0
-37.895805,85.71132,0.0,-30.912079,-11.883978,0.0,26.483904,81.79018,0.0
46.943504,-53.908348,0.0,9.380563,-40.32143,0.0,-75.92258,-80.62724,0.0
19.79804,-96.29474,0.0,35.19695,-53.930153,0.0,14.814481,79.84145,0.0
-90.66417,-60.303753,0.0,-92.15981,-2.3732677,0.0,22.55821,-24.022636,0.0
25.737019,87.80705,0.0,6.569436,-28.301489,0.0,-89.16358,-53.833897,0.0
51.194096,55.395214,0.0,67.90888,-29.142448,0.0,54.87438,-26.344254,0.0
63.37252,-0.9352722,0.0,78.68345,98.46992,0.0,-97.6993,-82.37318,0.0
13.49156,1.0265943,0.0,-37.701347,-71.75509,0.0,88.09467,75.771255,0.0
-41.853214,-36.411873,0.0,62.339138,93.44057,0.0,80.76012,82.592674,0.0
63.060192,-14.0922165,0.0,22.214186,-28.606249,0.0,88.79658,2.8712738,0.0
-57.458405,-75.11192,0.0,43.22548,33.274254,0.0,51.41109,-24.62603,0.0
55.794014,53.985237,0.0,31.691376,96.15285,0.0,-11.3912525,26.194386,0.0
-75.66192,76.50648,0.0,62.537846,-21.216047,0.0,5.176196,-87.76347,0.0
38.130657,90.73915,0.0,-97.65075,47.659588,0.0,72.18018,-78.03355,0.0
50.80854,-81.52483,0.0,66.27142,88.52382,0.0,71.38945,8.463388,0.0
-26.262293,-48.254658,0.0,87.70401,7.4082656,0.0,79.37427,96.47947,0.0
-99.15418,-46.11002,0.0,-29.185122,26.592443,0.0,61.446198,10.105776,0.0
-14.881945,97.506256,0.0,-91.22942,-25.103258,0.0,98.1284,-92.91371,0.0
-47.76509,-1.9503008,0.0,-40.501904,33.649426,0.0,-25.833256,-15.7368965,0.0
-89.058105,-60.76588,0.0,62.150806,-33.910526,0.0,-43.038128,12.832521,0.0
-42.731537,-50.777573,0.0,76.264946,25.187635,0.0,64.88989,50.08621,0.0
70.78112,-76.98188,0.0,-71.00903,78.45051,0.0,64.8908,23.109663,0.0
85.40447,26.382301,0.0,-35.02332,23.437843,0.0,96.08325,10.900809,0.0
-79.73117,77.72284,0.0,44.15052,-48.14001,0.0,-68.534424,-83.47823,0.0
-70.499374,91.735634,0.0,-97.60675,-27.74128,0.0,-42.71073,14.274152,0.0
-38.05691,14.2218075,0.0,-14.91252,-53.28473,0.0,-47.57048,23.313646,0.0
-48.58949,72.04641,0.0,50.786995,-71.90594,0.0,7.9961257,-88.76719,0.0
63.754322,-46.07928,0.0,28.321459,-98.021996,0.0,-77.842575,47.55712,0.0
24.196053,-8.280641,0.0,91.224525,75.291275,0.0,-50.56851,-77.8983,0.0
-92.26633,-58.78181,0.0,32.338528,24.761461,0.0,-1.989065,31.775658,0.0
66.9111,88.81142,0.0,-98.97609,-35.505733,0.0,95.015305,-19.68892,0.0
-96.1771,-58.78438,0.0,22.524069,-7.6388946,0.0,-91.59725,80.51209,0.0
-10.213643,-91.43349,0.0,4.6573405,-97.57337,0.0,-42.497303,61.67258,0.0
42.373726,21.59124,0.0,86.575195,-91.21598,0.0,55.027164,-39.12509,0.0
-83.00685,-85.432396,0.0,53.19852,-96.92979,0.0,-15.994443,-39.32542,0.0
0.6624622,80.979805,0.0,-78.9173,-69.322525,0.0,-50.41979,9.40492,0.0
91.26221,66.77766,0.0,-33.097748,5.294711,0.0,-86.34535,-5.179798,0.0
-89.26667,-45.056717,0.0,28.903608,-11.742518,0.0,18.692192,-2.685433,0.0
-98.5014,98.109604,0.0,-49.64273,-36.677906,0.0,-48.426487,96.80605,0.0
-0.9182887,-30.236977,0.0,76.63405,94.32209,0.0,-44.30217,-45.74011,0.0
5.134833,-46.867508,0.0,-40.615425,-35.215054,0.0,26.704716,-90.5328,0.0
51.83684,41.011257,0.0,66.192375,74.6262,0.0,9.8034935,26.921175,0.0
-0.8334905,26.649626,0.0,59.683838,-81.63449,0.0,29.163279,-7.7428875,0.0
-61.207138,94.66217,0.0,-54.304897,67.87948,0.0,98.033295,48.706646,0.0
-21.38583,-33.900707,0.0,-24.554632,92.159065,0.0,39.311848,28.341408,0.0
5.0582347,14.190631,0.0,6.91939,-85.50436,0.0,-53.54427,18.214718,0.0
-93.49131,14.709971,0.0,63.681637,73.94177,0.0,-15.490466,-48.13033,0.0
64.58633,11.480437,0.0,-94.902855,-99.65208,0.0,-3.7033331,97.81599,0.0
-89.43889,39.0357,0.0,52.572536,38.920925,0.0,59.308372,47.95788,0.0
-1.3110844,-45.577034,0.0,-77.76599,-55.069267,0.0,4.156387,30.031544,0.0
-38.820927,89.86119,0.0,19.06157,-90.69571,0.0,98.64363,50.930984,0.0
-53.1427,81.07768,0.0,27.482704,21.712645,0.0,96.74414,56.499435,0.0
-80.838646,-87.3323,0.0,-42.780003,-38.093437,0.0,-48.206116,-57.70264,0.0
78.90008,86.19062,0.0,66.66285,-80.57748,0.0,-11.476289,-33.336975,0.0
40.22058,96.54822,0.0,-81.38507,45.817833,0.0,-91.0815,-40.697758,0.0
-45.293076,-68.01855,0.0,-16.243416,-88.503235,0.0,75.07515,-92.09173,0.0
63.663643,55.638767,0.0,-22.371574,-41.654594,0.0,-89.567955,28.775812,0.0
55.781593,82.14817,0.0,-91.21789,-34.085625,0.0,-59.519268,75.578926,0.0
-36.233047,85.72954,0.0,48.90942,-41.307735,0.0,14.200645,76.088715,0.0
-8.120119,-98.11072,0.0,43.795826,-95.39057,0.0,-42.474663,87.92415,0.0
14.197347,28.412197,0.0,68.97396,-40.132275,0.0,24.45324,83.99827,0.0
4.399363,93.28001,0.0,86.93857,81.92683,0.0,-32.528923,57.779087,0.0
-78.264275,2.244128,0.0,98.668785,9.196997,0.0,-42.299217,15.953141,0.0
-89.46073,40.144524,0.0,-7.0491667,19.333364,0.0,55.66503,-40.68133,0.0
4.8729057,-87.565,0.0,-91.36667,-28.912813,0.0,-74.55836,-75.97234,0.0
69.45746,87.203026,0.0,65.88285,-45.83001,0.0,57.74453,58.767662,0.0
-51.739113,0.37887722,0.0,14.608489,85.336006,0.0,-85.92161,21.145313,0.0
-22.05748,81.43639,0.0,-34.248764,-71.87258,0.0,-28.246746,-89.47492,0.0
69.88283,-35.950336,0.0,-11.816878,84.40241,0.0,32.92682,96.2181,0.0
48.98425,80.91935,0.0,10.059831,16.548553,0.0,-84.354904,16.901628,0.0
1.5517452,77.709755,0.0,20.342556,-6.448367,0.0,65.56779,26.882195,0.0
13.806725,18.210772,0.0,75.17098,-97.62362,0.0,31.915297,-95.16861,0.0
24.715563,-22.637613,0.0,65.70036,-66.960686,0.0,56.871284,-69.05727,0.0
69.741005,47.450695,0.0,35.361656,99.95511,0.0,-12.229257,-80.45793,0.0
-13.044535,12.539649,0.0,-92.69136,-53.101437,0.0,-4.68901,30.509401,0.0
24.228289,-97.891075,0.0,49.5888,85.82047,0.0,51.546597,87.18629,0.0
58.389744,28.983984,0.0,46.28934,-88.05323,0.0,66.759796,94.21417,0.0
-17.440994,-81.98434,0.0,-86.590775,-89.94424,0.0,36.846035,-48.61114,0.0
-57.844776,83.34851,0.0,43.992134,-53.928715,0.0,-85.9368,2.427716,0.0
7.666439,-37.015514,0.0,34.52125,90.01632,0.0,1.1401328,-51.925106,0.0
25.780348,1.3137606,0.0,-54.206173,-68.42089,0.0,89.06847,-84.67762,0.0
-78.465416,6.2777643,0.0,-82.17499,-83.19678,0.0,-21.512726,-80.818726,0.0
-36.96799,6.4281406,0.0,67.02363,18.19248,0.0,69.439384,84.46428,0.0
11.475962,17.632856,0.0,-94.78186,-29.833078,0.0,1.6943198,12.1081915,0.0
54.848774,52.161396,0.0,-73.03463,76.55313,0.0,-31.728342,-68.047646,0.0
47.387623,75.43971,0.0,-42.576416,89.240685,0.0,9.815447,29.968805,0.0
-47.60697,-61.209946,0.0,54.708553,67.40032,0.0,-82.62754,58.38826,0.0
-30.481064,95.7483,0.0,59.95978,-18.760393,0.0,15.340655,5.42696,0.0
75.33648,26.278282,0.0,-86.14664,77.1755,0.0,92.678055,61.47504,0.0
58.96586,49.85022,0.0,-36.73259,-19.64991,0.0,-10.198249,-98.48898,0.0
-9.4394455,92.19678,0.0,-90.45576,29.127808,0.0,-87.59581,-67.98721,0.0
-40.1009,-36.685192,0.0,-45.52282,-18.07345,0.0,38.380814,-47.099422,0.0
-92.72961,-84.28964,0.0,-86.61213,85.47593,0.0,94.78314,0.19435978,0.0
-78.52697,47.515423,0.0,57.95879,81.20062,0.0,-32.88684,-51.681282,0.0
-4.132996,26.927355,0.0,-52.22968,12.922613,0.0,23.778164,-4.725048,0.0
53.83413,-90.83488,0.0,1.5862145,-42.602875,0.0,69.81915,11.135319,0.0
-88.6484,-45.39359,0.0,-46.542553,-30.156654,0.0,-84.76616,-24.989569,0.0
-99.259674,-78.331085,0.0,-54.386948,14.740909,0.0,-94.4944,-91.38579,0.0
91.77501,-96.46147,0.0,60.572838,-21.620056,0.0,-34.98384,10.158881,0.0
98.45819,15.982663,0.0,-26.70252,-51.97428,0.0,90.109985,-86.34502,0.0
90.10106,0.23830867,0.0,-25.818192,91.06147,0.0,33.05994,30.467678,0.0
-53.11072,-5.9864864,0.0,-23.55873,-22.00957,0.0,-43.88374,60.142033,0.0
73.1749,82.07496,0.0,3.0191405,27.915022,0.0,2.0489657,25.662298,0.0
-89.869,-78.2916,0.0,59.577896,-44.004784,0.0,29.652596,-95.11509,0.0
54.053757,-55.420815,0.0,56.495396,53.94503,0.0,64.02306,94.82024,0.0
67.31789,1.6879474,0.0,3.1005173,76.36605,0.0,-95.6774,44.052147,0.0
-17.145039,13.861659,0.0,65.96374,-17.898958,0.0,-56.93547,98.57778,0.0
61.750572,5.2190433,0.0,10.409639,15.024939,0.0,66.68708,-25.507692,0.0
61.72807,50.789196,0.0,-62.379257,87.593025,0.0,-92.620224,59.10206,0.0
-21.39386,8.625058,0.0,3.8323069,-86.010475,0.0,64.327644,48.297874,0.0
-77.84592,-88.75498,0.0,-26.886875,-39.82407,0.0,-28.206202,81.96344,0.0
-49.964706,-55.077034,0.0,50.533142,45.607407,0.0,65.89688,33.926483,0.0
-34.047794,-69.96311,0.0,-71.65981,98.13383,0.0,-2.5846114,-99.33922,0.0
54.43425,-93.91129,0.0,-51.597713,97.46205,0.0,-30.482244,6.604871,0.0
-61.959522,-77.456024,0.0,-89.39587,29.030043,0.0,-66.35647,-90.08227,0.0
36.38369,-76.7915,0.0,53.22239,-82.69225,0.0,-40.041443,-4.570221,0.0
69.991165,-79.30528,0.0,98.02454,-18.788584,0.0,70.34619,83.81588,0.0
-37.456818,-31.354218,0.0,-86.31215,7.079822,0.0,34.920883,25.694044,0.0
6.2917924,-31.262587,0.0,-47.486004,29.640766,0.0,71.96316,-99.46084,0.0
27.832943,86.377975,0.0,-93.46977,-92.09717,0.0,-89.762276,-24.263044,0.0
51.910812,-32.07824,0.0,65.99428,-62.02933,0.0,-97.4708,55.73225,0.0
-5.7305326,-92.39434,0.0,55.79487,13.687452,0.0,-62.701828,-76.35368,0.0
26.83335,94.34551,0.0,-96.233864,-1.8291006,0.0,-80.42583,-5.6561604,0.0
53.05615,-67.10524,0.0,14.886371,-32.06383,0.0,-14.45785,82.01085,0.0
45.63908,-46.34572,0.0,-17.588528,6.3118067,0.0,89.64071,83.01828,0.0
1.3292925,-41.705162,0.0,99.542404,57.504086,0.0,32.89369,-95.191444,0.0
95.88653,87.09939,0.0,-82.82929,87.262054,0.0,-5.37704,94.92178,0.0
20.286682,-15.317707,0.0,-85.26907,-31.436535,0.0,-95.971855,91.95639,0.0
5.6421847,16.257572,0.0,-31.037933,41.531498,0.0,-30.013561,-32.090088,0.0
91.33349,-90.38559,0.0,-24.074356,-28.260733,0.0,69.02056,90.42415,0.0
-35.899162,-48.909412,0.0,-56.59561,77.26503,0.0,-25.512833,-37.373745,0.0
-68.708374,93.7037,0.0,68.110794,-39.557865,0.0,98.1691,-41.59624,0.0
6.8189325,-54.63718,0.0,49.529903,86.747375,0.0,-23.656347,20.31182,0.0
79.06277,-77.92685,0.0,-6.431505,22.277483,0.0,6.6042156,-38.185783,0.0
-30.007877,10.998033,0.0,98.61335,64.13755,0.0,-35.164776,-25.937696,0.0
14.2895155,25.946127,0.0,-42.41039,-79.653435,0.0,-25.851984,-79.28779,0.0
-84.31905,-80.54888,0.0,25.705168,15.510131,0.0,-80.93638,60.279167,0.0
-21.017282,-53.91767,0.0,24.964615,10.980853,0.0,53.990585,-19.790352,0.0
23.193693,3.4918137,0.0,-13.878815,97.33236,0.0,42.830193,32.809452,0.0
-91.702934,-57.726185,0.0,-92.89012,-83.44117,0.0,19.946115,-93.78446,0.0
-88.652985,-13.523639,0.0,1.9079732,-48.84434,0.0,-23.26471,-48.425663,0.0
-3.9912472,-48.073895,0.0,-82.068634,6.592252,0.0,50.378258,-55.92016,0.0
-64.62656,97.503006,0.0,31.688223,-87.9751,0.0,50.02174,-92.81829,0.0
63.800007,49.153027,0.0,-35.623264,-40.39846,0.0,-54.16851,-46.990494,0.0
53.369812,-56.309273,0.0,-1.2062471,-30.348663,0.0,-87.19897,-53.84993,0.0
-91.608925,86.91161,0.0,93.14495,67.44389,0.0,90.870255,-25.713133,0.0
-79.58638,-74.17778,0.0,5.194978,-38.835365,0.0,85.00593,-92.94714,0.0
-93.19714,28.095957,0.0,20.182224,87.4902,0.0,-16.155197,82.98123,0.0
-82.09648,84.43387,0.0,-59.455208,79.97417,0.0,-97.102715,67.84815,0.0
69.58892,-56.13368,0.0,-92.08852,58.42286,0.0,-86.95293,-82.14439,0.0
25.597229,-92.86434,0.0,-99.72023,-80.40952,0.0,-33.52882,-73.62631,0.0
65.29149,-61.10385,0.0,-48.6887,-99.11659,0.0,94.55456,-60.0435,0.0
-36.303875,-74.105835,0.0,17.83654,-23.674244,0.0,41.849743,-42.243477,0.0
21.082535,75.317314,0.0,31.034285,84.12413,0.0,37.864666,-84.6702,0.0
-94.35403,-63.97514,0.0,56.899235,92.19233,0.0,47.01042,88.60105,0.0
-89.425064,79.80291,0.0,-38.51877,-80.68958,0.0,-52.19418,43.002068,0.0
-22.658966,-28.762085,0.0,-51.08812,19.887728,0.0,90.091866,-92.748344,0.0
-86.57155,-18.787933,0.0,-21.629639,4.8496985,0.0,-51.710617,27.325392,0.0
5.908233,-29.786465,0.0,-39.74158,60.164165,0.0,-82.14977,-52.88538,0.0
61.51345,23.37102,0.0,2.14671,28.560755,0.0,-74.149574,-89.899925,0.0
49.21951,82.435524,0.0,-48.978832,25.838245,0.0,-51.829712,-86.4561,0.0
-51.030605,-57.34309,0.0,43.88676,-78.90971,0.0,3.4349554,81.43568,0.0
-82.527695,75.748055,0.0,26.169373,98.060875,0.0,-19.091545,84.551186,0.0
-98.864586,5.504042,0.0,-89.049385,81.80169,0.0,-3.5472882,75.44603,0.0
-80.023796,31.928782,0.0,-88.38807,45.71933,0.0,-84.351685,-51.52549,0.0
27.058449,22.166687,0.0,57.550648,94.73012,0.0,-49.287548,-85.72234,0.0
-28.076979,-3.986168,0.0,-21.374826,98.89863,0.0,44.912388,85.36693,0.0
-38.233887,98.29082,0.0,86.96324,7.888387,0.0,-85.888725,-71.96995,0.0
61.49462,-22.716347,0.0,15.396684,98.339836,0.0,88.84887,99.42885,0.0
-64.82381,80.24964,0.0,23.130102,6.787007,0.0,16.3583,8.228962,0.0
14.172239,91.96651,0.0,-97.226006,-3.4421928,0.0,-77.31444,56.79356,0.0
-34.669933,-23.86569,0.0,-10.638516,-82.43438,0.0,77.7092,5.7447376,0.0
-97.22986,42.748596,0.0,-88.57162,45.919777,0.0,28.153242,-89.69684,0.0
-89.89545,-7.8368664,0.0,58.78836,-91.121155,0.0,-34.61313,40.33774,0.0
65.626274,-80.56779,0.0,-8.991805,-83.03043,0.0,28.908945,92.68678,0.0
25.72395,-51.48455,0.0,56.636368,7.917274,0.0,-83.484245,75.33919,0.0
-37.80632,-90.11079,0.0,94.78308,-98.753654,0.0,-78.91067,-97.64398,0.0
22.274982,-80.17263,0.0,91.43329,-43.10422,0.0,-92.47351,76.841866,0.0
67.40053,-25.38569,0.0,-88.0121,1.676254,0.0,-2.5135772,27.507742,0.0
-20.837978,85.740326,0.0,-30.49917,77.29943,0.0,48.271248,98.19033,0.0
91.7962,81.96055,0.0,-28.464773,86.19204,0.0,-50.872044,76.23735,0.0
51.987976,85.4727,0.0,-37.946133,-31.59589,0.0,-88.05019,-39.8657,0.0
-95.81602,67.588905,0.0,-47.543606,89.318115,0.0,56.3375,28.251799,0.0
15.757091,-11.554333,0.0,-78.37763,-10.922355,0.0,-89.22749,-75.2989,0.0
-97.18009,-57.469234,0.0,-23.587698,22.300034,0.0,21.779987,-50.709305,0.0
57.115635,-25.47621,0.0,-67.33598,-86.62682,0.0,99.6457,66.59157,0.0
-25.828335,24.006884,0.0,-42.098923,-81.02607,0.0,16.8419,4.8698306,0.0
1.0122012,-99.71072,0.0,-35.45081,-66.79208,0.0,96.725296,-19.813738,0.0
-37.69511,-39.696953,0.0,-92.47738,-61.874477,0.0,69.14138,-57.432804,0.0
8.199375,-96.49298,0.0,-31.83647,99.281494,0.0,92.20149,20.584593,0.0
-85.6531,-82.897224,0.0,68.32356,86.52201,0.0,-98.02655,61.600704,0.0
-24.294632,14.0396,0.0,-54.888885,-71.8603,0.0,-43.656773,40.370335,0.0
21.096758,77.24974,0.0,62.689785,78.70926,0.0,-46.092487,-1.5522838,0.0
58.09123,4.16814,0.0,-47.17606,-66.042,0.0,-31.318012,-63.468384,0.0
-87.6536,-30.952833,0.0,-34.143612,-44.37087,0.0,-41.055218,-82.87172,0.0
-80.588646,99.41646,0.0,50.681892,20.025862,0.0,-84.654076,92.65408,0.0
86.66013,-86.23742,0.0,-82.715256,46.98739,0.0,47.15493,23.251152,0.0
-53.64781,-85.672035,0.0,55.876755,28.97822,0.0,21.450987,3.2394097,0.0
0.002994365,-96.35587,0.0,-39.779808,-99.87925,0.0,-7.4284854,-87.80382,0.0
-8.717443,78.98336,0.0,85.726265,23.635849,0.0,-27.147156,85.80661,0.0
-98.31594,95.93772,0.0,-76.70707,1.329967,0.0,-79.60319,44.73011,0.0
-99.69793,-10.882768,0.0,-94.338615,90.619606,0.0,-30.405539,80.261345,0.0
50.49768,-6.0335965,0.0,54.5415,-71.03847,0.0,82.6532,89.90025,0.0
61.916935,66.76225,0.0,-5.437778,18.107618,0.0,95.327034,-0.3906906,0.0
-37.75437,87.188416,0.0,-84.71255,-69.72678,0.0,-98.9486,-38.790985,0.0
-42.20932,88.08648,0.0,-38.470272,-12.699103,0.0,66.99104,-30.181822,0.0
51.340923,76.7919,0.0,7.3422565,-53.718407,0.0,-88.248436,83.28166,0.0
-93.01441,27.03553,0.0,-47.120247,44.855854,0.0,57.033398,-42.27961,0.0
-39.521694,-61.491966,0.0,5.641091,77.292984,0.0,-47.365326,-87.25271,0.0
-65.89965,92.82578,0.0,-95.50612,-91.63287,0.0,7.659321,92.20097,0.0
-22.656435,-25.017832,0.0,57.80801,-16.449785,0.0,2.1443455,98.970535,0.0
93.89128,27.842674,0.0,-36.63611,-93.021805,0.0,-82.35443,-60.705223,0.0
17.513292,96.86409,0.0,32.7568,-49.834442,0.0,-37.88083,29.425982,0.0
-36.032448,-37.624336,0.0,-91.01575,-5.222762,0.0,-23.561079,86.783394,0.0
-4.1872835,-81.00664,0.0,-87.18696,76.592026,0.0,-32.424145,0.82489043,0.0
-23.52687,83.05368,0.0,-67.998024,-77.23477,0.0,25.700977,87.173386,0.0
-52.184856,19.3643,0.0,-41.985027,72.122154,0.0,51.07674,77.766045,0.0
63.259937,85.72045,0.0,20.841192,-45.988308,0.0,47.655384,79.37397,0.0
27.964464,4.489656,0.0,-0.99954623,11.944542,0.0,67.34478,-27.707344,0.0
-62.843994,82.08391,0.0,-77.27901,-10.8596115,0.0,86.73498,15.861137,0.0
61.639458,-75.59541,0.0,54.458134,49.2786,0.0,58.911907,76.93587,0.0
68.78961,24.805655,0.0,-40.502907,94.60468,0.0,25.361036,-35.81482,0.0
33.224533,-42.61432,0.0,60.719433,65.124214,0.0,-38.93768,94.11969,0.0
-51.219734,38.813423,0.0,67.53871,-83.17213,0.0,-44.277466,-2.8224483,0.0
-42.782238,-92.14912,0.0,92.7431,1.2491693,0.0,-29.156635,-80.826584,0.0
52.553883,4.629095,0.0,76.56351,-89.788445,0.0,-45.909176,68.68117,0.0
20.404448,95.30224,0.0,1.6057332,23.574886,0.0,90.64719,95.74691,0.0
15.972308,-38.59449,0.0,90.522865,-40.892036,0.0,-95.95082,92.508575,0.0
72.49108,-79.05906,0.0,-87.81476,-12.221479,0.0,-79.095375,-88.232475,0.0
-36.933674,12.6169195,0.0,95.80423,98.26921,0.0,-86.46987,-63.257675,0.0
-91.14454,13.345113,0.0,-75.73086,-23.156488,0.0,80.49207,82.83949,0.0
82.67701,-95.55891,0.0,61.533226,-84.663605,0.0,56.3942,-8.157262,0.0
18.903,-75.68719,0.0,93.06195,-91.22155,0.0,-11.1930895,15.094003,0.0
63.960644,74.68104,0.0,59.1834,-59.46238,0.0,-84.557556,33.849697,0.0
-7.513169,-95.01665,0.0,8.210436,-36.325558,0.0,-43.504044,24.115267,0.0
-85.25214,-88.700356,0.0,-53.666157,4.8695583,0.0,-30.099312,-29.263937,0.0
89.27986,-95.024475,0.0,-32.614956,-51.816044,0.0,65.465576,-56.17987,0.0
-43.892467,12.77975,0.0,90.31756,93.72705,0.0,-76.22494,72.68087,0.0
15.460491,-82.741905,0.0,33.748497,34.35089,0.0,99.46295,-71.62421,0.0
-86.18394,1.5911897,0.0,23.608704,13.290248,0.0,27.79451,77.29419,0.0
92.7475,87.87749,0.0,-75.462425,26.267292,0.0,-41.64504,1.6109538,0.0
-90.56483,-14.312231,0.0,-53.571865,-58.73319,0.0,-43.460033,-33.39446,0.0
-71.536865,89.38236,0.0,68.140915,-84.37069,0.0,35.45255,91.180855,0.0
6.5546975,24.848667,0.0,-26.342703,29.93336,0.0,-78.765144,61.242798,0.0
67.48842,-23.987202,0.0,-3.4577334,33.55678,0.0,-5.2209787,79.66516,0.0
-95.72327,-50.366558,0.0,55.26543,76.73191,0.0,-27.52175,76.52756,0.0
-43.29513,-6.963383,0.0,-83.44519,-67.64752,0.0,60.061836,18.394941,0.0
66.659454,-83.68306,0.0,66.71717,-37.690384,0.0,27.211027,-51.39911,0.0
2.3783247,20.726635,0.0,68.24511,16.193747,0.0,30.676582,95.534164,0.0
95.022835,28.057127,0.0,60.508877,4.1087327,0.0,-86.11898,96.70454,0.0
-76.41853,-8.183536,0.0,10.021394,-97.49809,0.0,-36.003883,70.03663,0.0
95.2661,11.632341,0.0,64.05906,-18.371792,0.0,72.381546,8.3395405,0.0
69.08563,-69.49659,0.0,-99.80349,7.148097,0.0,18.680088,-76.98041,0.0
-91.68814,-43.435486,0.0,-38.931736,-83.47056,0.0,-43.064995,-53.539318,0.0
23.351831,-9.098279,0.0,-8.878513,92.67145,0.0,-43.84862,-8.185337,0.0
-49.280178,41.79134,0.0,11.842275,27.8546,0.0,56.708508,-81.62304,0.0
-28.846958,2.714305,0.0,36.622803,-47.992733,0.0,56.50393,0.8443018,0.0
-25.764545,33.939163,0.0,-68.62164,-78.22136,0.0,89.57253,8.572437,0.0
57.774326,67.13363,0.0,91.974625,36.775433,0.0,16.800035,-88.06415,0.0
24.190432,13.94369,0.0,9.694677,-88.1417,0.0,-26.29116,-93.945885,0.0
47.18937,-47.69608,0.0,-79.51092,74.79637,0.0,-86.09058,-26.087444,0.0
91.985886,-30.719181,0.0,-82.832214,-13.738561,0.0,-87.27986,-41.01158,0.0
53.36028,18.698093,0.0,44.35193,-94.303604,0.0,50.83364,-41.25985,0.0
64.11874,42.10143,0.0,64.0307,38.65197,0.0,-29.030575,-39.45897,0.0
-14.687833,17.876957,0.0,-10.672297,79.80211,0.0,69.73757,-49.622475,0.0
-67.24675,78.10207,0.0,-32.507385,-93.26343,0.0,50.37538,-47.829994,0.0
-76.97482,-72.33404,0.0,-53.274002,44.034206,0.0,-33.949844,98.73746,0.0
0.6904479,-84.7692,0.0,-91.10591,17.595978,0.0,-17.84921,-87.781555,0.0
14.655542,87.31711,0.0,-26.16717,-4.515487,0.0,-18.39467,26.810759,0.0
-86.01216,93.77534,0.0,-12.566077,76.73523,0.0,-92.15208,68.31734,0.0
91.59663,97.698586,0.0,54.040962,-27.40319,0.0,58.830883,64.05279,0.0
-33.397266,52.143032,0.0,17.89767,-38.528976,0.0,-47.608982,-49.301727,0.0
50.48872,92.46095,0.0,-28.76516,32.29883,0.0,32.60417,21.856735,0.0
-32.60673,70.22361,0.0,68.446,92.57109,0.0,64.4719,19.220524,0.0
24.622274,-81.58221,0.0,65.67284,-5.925377,0.0,-34.753536,29.806314,0.0
-86.81229,-56.748203,0.0,-18.915955,-89.96864,0.0,56.434135,68.82946,0.0
-46.772545,42.5601,0.0,-86.86516,24.946583,0.0,-26.559048,75.18545,0.0
-16.175152,20.800753,0.0,60.105743,-96.11091,0.0,-76.75395,82.46285,0.0
-19.647821,86.09682,0.0,-89.86423,-70.91429,0.0,-85.17903,45.00052,0.0
13.782478,34.790268,0.0,-50.284943,28.941751,0.0,-66.70093,-97.61567,0.0
27.985363,-49.227764,0.0,-6.6403346,-83.907074,0.0,49.165108,99.429054,0.0
-84.222084,84.41218,0.0,-37.118633,-81.58254,0.0,-25.649157,-93.22999,0.0
-98.096825,-26.517262,0.0,1.4532753,-81.704475,0.0,98.07603,89.25779,0.0
69.31317,8.326845,0.0,55.31856,-71.35199,0.0,37.99509,76.92206,0.0
-44.432484,-92.089615,0.0,63.379913,90.73802,0.0,-51.9756,63.92446,0.0
-74.930374,76.212975,0.0,-25.388918,-83.80854,0.0,9.621046,-76.40295,0.0
83.88415,24.000614,0.0,-54.726658,85.77819,0.0,18.990028,-95.280304,0.0
64.394196,78.30038,0.0,69.32312,-98.041954,0.0,-4.472553,-78.91383,0.0
94.570526,-38.8317,0.0,90.81375,6.422511,0.0,61.82577,46.844227,0.0
-80.042946,25.842884,0.0,-0.88457435,13.341074,0.0,27.887375,15.127633,0.0
-39.728016,-19.329195,0.0,54.72809,72.42712,0.0,27.025839,96.075455,0.0
-45.53152,-95.689026,0.0,60.79768,30.661364,0.0,1.7206501,-85.54441,0.0
-72.66125,98.608284,0.0,-94.82959,23.981205,0.0,69.34663,-40.64131,0.0
62.961945,-64.590454,0.0,68.32234,98.00522,0.0,-31.593416,-37.528275,0.0
91.056465,20.283146,0.0,68.228546,-22.531992,0.0,88.81815,-94.00938,0.0
39.624577,-48.66966,0.0,-33.1138,-14.823597,0.0,75.08896,9.29851,0.0
-57.934433,80.69918,0.0,-69.968956,84.80365,0.0,91.30966,-13.70476,0.0
-23.461416,23.71854,0.0,94.95982,78.46579,0.0,-69.83497,-75.196465,0.0
96.79097,95.5076,0.0,-10.437051,80.07992,0.0,23.524342,13.813688,0.0
-31.827858,14.900659,0.0,-82.854866,31.761782,0.0,45.753807,-91.87106,0.0
-53.10548,-37.57301,0.0,-54.849438,-38.806904,0.0,99.69465,-67.04226,0.0
55.26652,0.30566776,0.0,-54.085026,-25.535795,0.0,-96.98148,-32.445183,0.0
61.870876,-90.40656,0.0,-45.956387,-97.41629,0.0,57.61621,-14.6326475,0.0
85.196,98.48851,0.0,58.782997,-10.496018,0.0,32.29131,23.827354,0.0
-62.24188,-85.55038,0.0,69.85594,28.167995,0.0,6.5701795,27.700182,0.0
17.059008,-25.543438,0.0,-93.89507,34.0783,0.0,45.242046,-44.018875,0.0
43.764668,-54.186543,0.0,25.541134,15.56009,0.0,-89.83792,-5.3047,0.0
26.72274,-14.60589,0.0,-91.74443,92.85361,0.0,72.991806,14.731883,0.0
-33.948544,1.343091,0.0,-32.350273,-42.019264,0.0,44.631794,-43.227077,0.0
68.12524,-67.743805,0.0,0.61409914,-46.608173,0.0,-44.2016,-29.316795,0.0
91.46151,35.791378,0.0,30.41355,85.09095,0.0,-37.48004,-59.696594,0.0
76.76742,-77.664375,0.0,-89.56248,13.090077,0.0,-99.186104,44.98683,0.0
-81.64043,10.845157,0.0,-84.97556,-21.861845,0.0,-85.39301,63.152103,0.0
-30.472961,9.8093195,0.0,56.310623,98.37072,0.0,27.031038,-44.97171,0.0
95.638466,70.270355,0.0,-46.618065,-13.852283,0.0,87.79439,1.2851789,0.0
61.32779,-2.7667975,0.0,-95.00291,21.483015,0.0,-19.46258,80.267204,0.0
99.10378,-83.71811,0.0,92.911415,48.03079,0.0,-40.082264,43.818966,0.0
-16.386133,-89.240906,0.0,66.89874,89.23032,0.0,-39.959858,32.5608,0.0
93.39549,33.645653,0.0,-34.684685,13.271285,0.0,-56.97133,81.426056,0.0
15.49117,18.033478,0.0,-0.18900712,27.722221,0.0,-29.129482,90.85557,0.0
-23.904362,-2.7441688,0.0,7.1208487,-98.14146,0.0,26.122566,-24.782303,0.0
88.142044,26.91688,0.0,67.314995,15.872497,0.0,-36.766407,45.112545,0.0
-9.916727,-54.203457,0.0,51.754112,43.253986,0.0,8.95205,14.320119,0.0
85.968895,10.472289,0.0,62.806946,-81.895584,0.0,78.90531,94.57425,0.0
-42.499287,-30.921778,0.0,60.38781,1.2468644,0.0,7.0952215,-27.235397,0.0
52.172337,15.969388,0.0,50.102623,-74.274475,0.0,95.75499,-8.020667,0.0
-84.624535,-27.794703,0.0,-87.842415,13.895808,0.0,22.305096,-7.9606423,0.0
-54.16598,-50.559822,0.0,-86.56173,15.289508,0.0,-23.280268,-53.89749,0.0
85.21727,13.57519,0.0,20.418583,19.19888,0.0,50.355907,-10.098949,0.0
3.844225,20.589384,0.0,-34.40569,-2.747248,0.0,61.95713,-0.5560425,0.0
96.21047,43.49079,0.0,15.509774,24.620348,0.0,56.161057,-66.56606,0.0
75.01062,10.625567,0.0,-50.603374,4.1843266,0.0,-92.79139,18.609022,0.0
83.208336,95.70232,0.0,5.778227,-31.922178,0.0,-11.31961,93.93697,0.0
79.0508,6.4771757,0.0,16.21652,-51.519833,0.0,-59.23593,-96.85535,0.0
41.268402,21.973269,0.0,-25.659657,-16.240513,0.0,-79.502075,-16.389526,0.0
16.497444,-82.371315,0.0,-53.47268,63.5229,0.0,61.338005,76.85116,0.0
57.698826,22.22224,0.0,-29.442244,9.143791,0.0,-71.35013,-78.63788,0.0
22.482393,-81.869064,0.0,34.674145,22.895737,0.0,10.3388815,19.57828,0.0
-92.51399,-90.66016,0.0,-24.16196,28.17231,0.0,-43.582058,-40.69765,0.0
-80.69793,-25.417646,0.0,-16.014135,24.383474,0.0,-23.367294,-96.34721,0.0
60.7315,-25.8773,0.0,-23.116405,-35.37404,0.0,98.26477,47.217476,0.0
-37.767406,39.498375,0.0,-91.801445,11.231207,0.0,5.546275,95.75866,0.0
58.72184,64.19083,0.0,3.285263,-49.08964,0.0,-99.22338,-61.81332,0.0
-90.46032,-44.79147,0.0,56.510094,-3.5079646,0.0,-84.20008,42.28681,0.0
-40.832104,87.815025,0.0,-51.030636,19.216805,0.0,23.68529,-5.779347,0.0
88.22956,-86.04541,0.0,68.20062,77.94791,0.0,60.996452,18.267054,0.0
-89.02969,-39.674007,0.0,68.30675,11.849526,0.0,-32.312397,53.30127,0.0
54.794193,51.041153,0.0,-23.961853,-44.888626,0.0,-91.12949,88.50921,0.0
15.2322235,75.20829,0.0,-87.35479,64.633415,0.0,59.638195,-90.03713,0.0
-96.28226,0.022825202,0.0,-97.39286,-82.72181,0.0,-76.19476,-48.89581,0.0
86.952354,-75.32361,0.0,98.7159,-86.56995,0.0,99.45829,-67.54778,0.0
-44.189407,68.55848,0.0,45.802464,80.26817,0.0,54.578358,81.58099,0.0
-39.678,-12.828784,0.0,63.947372,94.78828,0.0,-92.76666,-79.79962,0.0
55.02058,6.308947,0.0,52.1853,93.10435,0.0,94.984665,46.85557,0.0
63.285122,-48.787624,0.0,-78.62546,62.701015,0.0,-75.23372,19.987732,0.0
-96.39843,92.70052,0.0,93.45029,25.092676,0.0,-19.357702,-46.26344,0.0
89.71422,31.9558,0.0,-24.402103,-85.88245,0.0,-52.1505,-60.765358,0.0
76.62659,5.2356157,0.0,62.257008,-70.45967,0.0,82.015594,97.00886,0.0
96.86712,99.30521,0.0,-48.542664,60.71678,0.0,-61.962246,-93.34324,0.0
-94.57734,-35.100178,0.0,-73.6296,79.48029,0.0,-87.18697,-13.349093,0.0
-13.572331,-88.75637,0.0,79.7772,91.307556,0.0,-96.250496,-60.16116,0.0
-96.54176,-7.631606,0.0,-33.92626,-41.39757,0.0,58.732685,60.467525,0.0
70.56317,-89.59117,0.0,11.880542,10.082981,0.0,56.150208,64.69762,0.0
-32.04233,6.913676,0.0,-50.065342,-89.65186,0.0,64.66352,-90.933,0.0
54.99429,-38.798286,0.0,27.99636,-40.056377,0.0,64.44558,48.879932,0.0
-80.195984,-37.878284,0.0,68.0734,-72.35128,0.0,-45.26519,-40.916046,0.0
-43.918106,68.221794,0.0,-80.40842,50.846752,0.0,1.9069135,-49.050297,0.0
-17.590546,-84.89329,0.0,15.174658,-29.984001,0.0,-83.41608,21.811708,0.0
93.79822,34.041084,0.0,-38.962025,-85.38903,0.0,-79.01714,1.2847359,0.0
78.36457,-82.630455,0.0,-81.91632,-65.9105,0.0,-91.37251,-7.1595354,0.0
11.112366,-89.40081,0.0,-86.99561,-57.648407,0.0,-31.264454,-23.628723,0.0
30.500946,29.19772,0.0,-48.619186,94.28367,0.0,-89.51508,-46.637814,0.0
5.772763,93.63566,0.0,-20.65226,-89.50536,0.0,-29.469011,29.184252,0.0
67.366905,-0.92518187,0.0,19.622734,3.511729,0.0,-96.02469,18.633238,0.0
85.05895,-93.36348,0.0,-27.299347,-48.317455,0.0,-88.438965,-33.234978,0.0
-48.89028,93.91418,0.0,-39.920788,-43.928425,0.0,55.20341,97.68333,0.0
-85.86474,11.519232,0.0,-27.402967,0.3360952,0.0,-46.77698,46.406425,0.0
97.84318,1.769279,0.0,-46.543255,89.9847,0.0,-94.16359,79.509254,0.0
76.76353,-80.64634,0.0,-99.69158,8.105142,0.0,-22.768608,32.832554,0.0
62.228886,-50.834236,0.0,-1.755863,87.01317,0.0,-80.11415,33.818142,0.0
61.95086,-58.636894,0.0,-98.47687,76.97309,0.0,-49.43786,92.77564,0.0
30.200693,-92.99074,0.0,41.79436,-83.39256,0.0,34.330326,87.74549,0.0
-29.968407,-17.50749,0.0,-11.450653,-43.204334,0.0,26.310833,99.14628,0.0
-46.1363,-30.865673,0.0,68.82793,31.696043,0.0,62.42051,-38.64016,0.0
-92.96646,-22.29215,0.0,-25.214394,-13.461766,0.0,-94.711754,79.35664,0.0
44.353188,23.361721,0.0,36.324738,26.632748,0.0,-9.93784,95.90455,0.0
-39.865265,-23.952894,0.0,94.84677,-5.7270985,0.0,20.712484,-24.45585,0.0
-78.80009,-62.12972,0.0,-85.853035,-43.62682,0.0,48.05159,-82.60994,0.0
-12.247575,18.261786,0.0,25.640926,11.985672,0.0,-51.27407,89.552956,0.0
53.028805,30.512814,0.0,-28.077248,8.198502,0.0,61.941746,77.284966,0.0
20.95345,7.0473795,0.0,-87.25567,-53.248466,0.0,58.73245,-13.548924,0.0
-20.55303,-88.1911,0.0,-73.18958,75.85149,0.0,-30.686165,-96.02121,0.0
87.24489,79.82245,0.0,-15.506655,33.835407,0.0,-25.803907,-40.401722,0.0
-48.043995,4.9314585,0.0,96.47827,39.028812,0.0,-83.88696,-71.07862,0.0
-90.20552,39.650715,0.0,40.04837,-44.477463,0.0,-81.393,-46.306602,0.0
2.6775093,23.758148,0.0,-40.19992,61.74339,0.0,81.50552,76.514534,0.0
9.22196,-96.40065,0.0,-2.4159176,98.85837,0.0,-99.77398,-45.132244,0.0
-54.713547,16.717083,0.0,92.322655,-28.397625,0.0,-99.132,76.328865,0.0
66.340065,64.16801,0.0,68.98458,-57.993176,0.0,13.25552,82.23955,0.0
57.145298,92.544365,0.0,-11.677105,12.611876,0.0,-98.48168,-72.80184,0.0
97.434944,61.023106,0.0,-31.04594,-0.82011116,0.0,62.602116,-84.80523,0.0
-78.98956,-38.723812,0.0,-51.62042,10.451246,0.0,10.397525,11.900117,0.0
-32.312305,-33.66281,0.0,-68.04968,96.73207,0.0,-77.00817,61.37718,0.0
48.841045,92.44545,0.0,93.56457,-71.23466,0.0,-17.60355,-90.19937,0.0
68.84813,9.473021,0.0,72.71238,-89.46157,0.0,96.66584,-32.050137,0.0
-31.504288,66.17117,0.0,-46.736225,60.347572,0.0,56.982555,-7.548035,0.0
-1.349495,-99.73267,0.0,75.41312,-91.422554,0.0,80.63234,-77.26174,0.0
-84.42225,4.771196,0.0,-20.390072,-77.62243,0.0,-52.07548,-63.37275,0.0
25.810122,10.920554,0.0,88.5296,90.077995,0.0,-15.05915,-96.6624,0.0
-83.445564,22.465765,0.0,-40.20577,55.806213,0.0,53.386215,-64.061356,0.0
-13.3848295,-30.838348,0.0,-58.330936,-97.36,0.0,28.383158,24.720373,0.0
-99.78099,24.022945,0.0,-40.62336,-1.6598774,0.0,-31.75053,93.74997,0.0
46.90428,78.058716,0.0,13.072197,18.49939,0.0,65.889984,-30.633003,0.0
58.80767,15.385776,0.0,-16.351645,-29.153103,0.0,-45.306072,79.27122,0.0
24.25086,-45.605774,0.0,-67.76849,95.925545,0.0,-96.27441,76.952415,0.0
-29.33148,77.08452,0.0,9.654945,-36.443016,0.0,98.91873,-12.703577,0.0
-50.54049,98.70484,0.0,58.49025,-18.442087,0.0,17.931593,-31.97134,0.0
53.47469,-88.180405,0.0,-29.252857,85.1951,0.0,87.88374,97.06356,0.0
89.402466,93.44319,0.0,56.833824,86.96041,0.0,-92.817444,62.435745,0.0
-3.1298337,97.37774,0.0,93.11018,2.5639234,0.0,60.42511,-9.134271,0.0
55.76622,-63.05543,0.0,15.033096,87.76887,0.0,0.39072314,81.38737,0.0
53.329945,-20.732328,0.0,-86.838646,-19.656574,0.0,-73.85935,85.5069,0.0
45.371056,-98.441605,0.0,-45.518013,-2.8842697,0.0,69.43219,-35.943066,0.0
68.06554,17.42519,0.0,14.732611,-54.30527,0.0,-3.8187315,-95.403656,0.0
94.1652,82.29356,0.0,55.658676,5.006763,0.0,-32.961075,15.032433,0.0
17.153814,-9.127804,0.0,-94.972015,-34.69037,0.0,29.404222,-29.143677,0.0
-81.046585,59.22976,0.0,95.302444,69.06134,0.0,-93.16144,35.316135,0.0
62.895386,-0.93393904,0.0,-93.05869,-56.86337,0.0,97.776924,-97.63347,0.0
-97.10145,65.32004,0.0,-11.334401,-81.710594,0.0,8.509453,-49.65243,0.0
-24.940084,7.3808312,0.0,61.338524,-29.948576,0.0,-25.749863,90.07524,0.0
-86.70023,-60.079933,0.0,20.934666,-50.725933,0.0,20.568356,91.265366,0.0
94.36483,-2.040446,0.0,67.32369,39.86665,0.0,21.577902,24.910152,0.0
-51.007168,10.158522,0.0,15.687886,12.305842,0.0,-76.63119,-24.99552,0.0
-49.496082,-42.05495,0.0,-41.441795,29.159195,0.0,-97.83426,-19.559225,0.0
-62.318306,78.15488,0.0,-30.047934,-93.84048,0.0,65.67647,-6.342279,0.0
-35.122498,-58.583347,0.0,52.89453,19.063894,0.0,36.080387,-40.388973,0.0
34.816517,34.342102,0.0,22.996256,-25.242182,0.0,45.912426,-76.641884,0.0
-44.325096,-11.942091,0.0,65.06965,27.48978,0.0,-95.3786,55.184444,0.0
74.90367,-87.98991,0.0,-99.74933,-40.970383,0.0,29.318272,20.203573,0.0
38.872406,98.67917,0.0,-83.48265,69.47016,0.0,-10.67037,-99.07981,0.0
63.894638,98.83142,0.0,-7.556158,-42.676926,0.0,-35.35715,72.99106,0.0
91.53175,-92.153656,0.0,19.962074,90.75961,0.0,9.903503,80.2811,0.0
-39.349464,-42.14569,0.0,8.163129,-89.480774,0.0,20.409407,-33.35043,0.0
-46.918045,22.677328,0.0,97.46063,-19.664625,0.0,92.44843,-44.977665,0.0
78.56779,94.48925,0.0,-64.20006,95.549255,0.0,-35.607925,-88.29318,0.0
16.468359,-98.27825,0.0,57.645397,19.739792,0.0,-3.938185,-83.6791,0.0
35.073494,78.2627,0.0,-25.233204,24.0572,0.0,10.842049,9.268707,0.0
-83.98353,98.34736,0.0,-29.202934,-25.763237,0.0,25.918072,-26.546177,0.0
-39.451424,47.157646,0.0,11.857021,96.12933,0.0,90.47745,-89.7976,0.0
41.95305,-99.16261,0.0,-24.782848,80.65851,0.0,52.911064,88.04555,0.0
-3.9774063,-49.11996,0.0,3.3218687,-84.94768,0.0,-95.84806,11.778281,0.0
-91.12961,-8.816673,0.0,-5.8290353,-98.4062,0.0,58.505062,81.6805,0.0
43.646717,76.35981,0.0,-82.238785,62.401516,0.0,-19.65298,-30.689056,0.0
-27.831255,3.4895325,0.0,-15.339561,-28.243938,0.0,64.00833,-17.97719,0.0
18.657337,32.767162,0.0,64.69302,-14.688635,0.0,95.21767,-84.280716,0.0
-43.020805,98.368065,0.0,86.27743,31.257223,0.0,99.464714,96.89583,0.0
4.262561,76.0476,0.0,-91.080025,-80.07372,0.0,22.963896,-15.965343,0.0
-24.68042,77.661224,0.0,-30.641523,-94.67468,0.0,-86.127594,51.461464,0.0
1.6483114,-99.51631,0.0,-46.645977,-23.275034,0.0,43.881897,-85.85954,0.0
-84.485275,-51.50856,0.0,23.005228,-8.077469,0.0,-75.33949,-30.373114,0.0
-87.35532,80.21118,0.0,97.5769,96.4548,0.0,2.765025,23.911648,0.0
-47.30791,-23.644402,0.0,60.83896,74.244385,0.0,-88.97663,5.284344,0.0
2.6627696,82.70312,0.0,51.134678,73.2552,0.0,6.896979,87.6315,0.0
99.99711,-29.395813,0.0,67.23602,-97.766525,0.0,-53.48731,50.42428,0.0
86.20956,87.86466,0.0,-34.921375,-3.7104375,0.0,71.447685,19.624489,0.0
-91.326225,75.38378,0.0,58.867695,84.272644,0.0,90.93618,96.423134,0.0
54.658512,-91.587425,0.0,-42.561653,-34.25392,0.0,-87.053345,-85.518776,0.0
-9.733544,11.265211,0.0,-98.67617,-15.927993,0.0,12.298062,-34.47115,0.0
29.952976,-77.5696,0.0,-15.483376,-40.97242,0.0,-21.834915,24.767448,0.0
30.457668,21.914999,0.0,-28.82684,16.359211,0.0,-54.642044,-14.999856,0.0
50.78331,97.71927,0.0,-90.25335,-19.827084,0.0,-55.52037,-92.868546,0.0
21.121685,34.04577,0.0,-85.14316,-49.94877,0.0,-13.319444,-35.283398,0.0
-31.583454,67.92356,0.0,-30.507399,-32.17748,0.0,24.623865,77.02623,0.0
-35.8318,-82.32905,0.0,-25.368984,79.62356,0.0,39.960114,28.265652,0.0
-41.84141,88.00876,0.0,-36.509586,-63.524685,0.0,-28.213577,17.61647,0.0
-38.54022,-79.67367,0.0,45.998856,83.64642,0.0,-96.91575,20.770576,0.0
46.31315,89.30864,0.0,-46.120255,-72.45337,0.0,57.500843,-29.230629,0.0
-23.488537,20.513662,0.0,-46.265392,2.4666114,0.0,25.042145,5.14459,0.0
-33.81076,-39.5041,0.0,4.4187226,-33.96875,0.0,84.14448,-97.24825,0.0
74.65931,17.105505,0.0,-90.71477,-78.2505,0.0,21.071314,-95.71646,0.0
10.472279,21.78363,0.0,10.94568,-54.14862,0.0,-81.69212,72.96857,0.0
-36.928017,-26.555445,0.0,68.8818,-36.25148,0.0,95.04214,-18.699581,0.0
-36.510143,98.332184,0.0,-46.37285,-84.66791,0.0,27.579128,93.541855,0.0
-37.589157,50.964214,0.0,-97.8205,72.94026,0.0,49.98857,79.80554,0.0
-48.713825,52.847275,0.0,-31.600615,-64.1842,0.0,-17.52513,83.21643,0.0
17.81169,75.97896,0.0,-89.8569,28.969683,0.0,27.092634,-89.38448,0.0
40.66437,-48.77048,0.0,-97.26839,-37.404533,0.0,98.42445,-95.90739,0.0
-26.94672,91.09845,0.0,54.168564,73.922325,0.0,4.861274,10.507352,0.0
52.369026,-94.68037,0.0,-25.717197,22.888218,0.0,-52.096943,7.4455967,0.0
69.60884,-41.83554,0.0,-56.686893,87.9822,0.0,-82.9866,-92.978226,0.0
-83.550354,-43.545135,0.0,70.978615,21.27254,0.0,51.041393,36.47504,0.0
-88.443825,20.426052,0.0,-1.2506003,87.68408,0.0,-26.004904,30.588861,0.0
-32.1743,6.68587,0.0,-46.46718,82.455505,0.0,-93.46353,-85.197624,0.0
33.78427,-90.8181,0.0,40.691483,78.54608,0.0,-97.30473,-0.23500739,0.0
31.627567,-96.761635,0.0,64.61817,37.055603,0.0,-34.239246,-57.243908,0.0
-13.934082,-28.94842,0.0,63.715355,74.73435,0.0,-0.21023777,33.84039,0.0
57.10817,18.638609,0.0,70.14917,-86.14688,0.0,-27.042881,-43.34635,0.0
-42.9122,19.107414,0.0,76.3644,5.1142316,0.0,38.26391,-41.807228,0.0
75.93605,19.741686,0.0,-93.62319,-61.097557,0.0,22.797785,-44.703785,0.0
-30.663769,-91.37824,0.0,-66.08904,98.14085,0.0,-93.25974,2.2775538,0.0
34.597954,-80.52245,0.0,-77.71221,-54.123505,0.0,-50.678112,-42.9862,0.0
16.972885,-29.253185,0.0,-43.160316,44.647327,0.0,55.07705,86.68294,0.0
85.14631,90.167725,0.0,-32.797493,-56.322704,0.0,-11.078108,84.293564,0.0
-89.22902,34.57491,0.0,-87.48526,-16.966394,0.0,-93.03993,-52.39985,0.0
-84.263336,46.99278,0.0,-88.557274,47.61815,0.0,-35.466717,-76.14713,0.0
-95.398384,80.77395,0.0,-91.23216,-17.722633,0.0,16.676243,-40.81855,0.0
-50.965565,61.0251,0.0,77.918625,84.02196,0.0,-96.39711,-88.38977,0.0
-95.72005,-41.675327,0.0,-70.43753,83.539925,0.0,39.887306,86.019135,0.0
-6.857387,91.51679,0.0,28.17854,-89.137665,0.0,-66.158676,79.0737,0.0
43.288624,-41.683098,0.0,-78.423294,67.62173,0.0,-20.963924,-46.816242,0.0
29.134617,-82.96345,0.0,-42.47525,51.927197,0.0,-44.118656,-18.151545,0.0
-91.77425,13.967765,0.0,-17.875998,9.185462,0.0,52.077972,88.29121,0.0
-10.634112,99.517975,0.0,-96.95941,33.40612,0.0,35.911835,75.89189,0.0
84.68549,31.341024,0.0,-31.669298,-79.3429,0.0,-2.407281,93.433105,0.0
-48.468155,32.15635,0.0,-75.26528,74.106766,0.0,60.49967,-67.35581,0.0
27.270304,-3.0667877,0.0,51.335125,-47.21691,0.0,57.809063,90.96461,0.0
88.76944,3.648384,0.0,-35.792587,80.634254,0.0,-50.60285,74.74515,0.0
-73.89737,81.123566,0.0,-30.17069,-59.39919,0.0,-61.306908,99.096466,0.0
1.8701447,-80.68142,0.0,16.497328,-41.560104,0.0,-34.20545,-24.187292,0.0
-52.568127,51.878944,0.0,-77.05347,-64.21124,0.0,-89.39311,4.631343,0.0
98.615486,1.7624866,0.0,90.00687,11.770425,0.0,97.03072,-40.69857,0.0
-94.76002,-0.26242822,0.0,-8.909551,10.958935,0.0,-11.657808,-33.47337,0.0
73.626625,80.02097,0.0,-82.389626,33.916405,0.0,-60.881058,-98.56493,0.0
40.816154,-46.629635,0.0,17.903896,33.848644,0.0,-34.208572,11.825274,0.0
56.133114,-99.453354,0.0,82.98723,98.09245,0.0,99.7941,6.032913,0.0
-41.997578,-98.90511,0.0,-49.97664,-61.587917,0.0,75.354965,29.87877,0.0
23.551966,-29.023165,0.0,-19.034166,75.57465,0.0,-42.34879,39.618183,0.0
-83.92045,49.47882,0.0,91.40439,12.390341,0.0,75.98842,-89.55029,0.0
-37.64287,4.5372615,0.0,28.16351,-12.095549,0.0,-87.246216,35.449448,0.0
-91.53559,89.26566,0.0,-49.446213,-61.383003,0.0,-15.234569,75.61353,0.0
-11.976893,19.998976,0.0,36.67062,83.716866,0.0,-6.0272245,98.8275,0.0
-52.829967,-64.68529,0.0,-90.2962,24.860476,0.0,24.437752,-90.10859,0.0
76.44888,13.053875,0.0,-34.027103,-47.531586,0.0,57.989204,57.88845,0.0
82.14642,92.686325,0.0,94.69745,56.17551,0.0,22.990534,-95.14792,0.0
-9.533435,23.82727,0.0,19.06812,80.5326,0.0,-15.470787,-35.772198,0.0
77.4882,6.7591734,0.0,53.576546,-17.84391,0.0,97.17871,-88.96552,0.0
-92.502914,16.625364,0.0,24.913242,23.970675,0.0,-76.23606,-61.132355,0.0
13.198331,20.701557,0.0,-43.144794,54.91506,0.0,99.795395,-94.154106,0.0
-33.863888,-48.752552,0.0,-87.36875,40.60927,0.0,55.09808,57.17123,0.0
92.91453,52.1204,0.0,41.267765,91.923996,0.0,-15.723526,11.987101,0.0
62.398247,-29.06259,0.0,82.83838,23.236551,0.0,92.3801,10.399989,0.0
-77.594345,98.445625,0.0,63.52002,-13.085336,0.0,62.116676,69.649864,0.0
-30.962688,-74.0554,0.0,31.001175,26.588839,0.0,60.277225,22.576258,0.0
59.41768,-70.999016,0.0,51.27477,-15.773173,0.0,-77.506226,-88.86088,0.0
57.76058,29.73813,0.0,84.63403,98.554756,0.0,17.978554,-44.231346,0.0
-79.73664,15.660761,0.0,17.922724,28.725769,0.0,-81.186714,70.901665,0.0
3.6137807,16.387074,0.0,41.86718,89.20102,0.0,41.58767,88.01467,0.0
-18.514647,-83.30659,0.0,-31.23637,91.021095,0.0,18.162539,-94.77664,0.0
-21.400936,-50.854652,0.0,13.663273,91.97643,0.0,-33.593178,39.50715,0.0
-13.155621,92.15694,0.0,-91.28177,-48.122066,0.0,59.907745,73.90094,0.0
-49.974937,50.092503,0.0,91.56131,52.920414,0.0,-96.458694,-99.52209,0.0
-87.40436,-96.72117,0.0,-44.02655,-78.51606,0.0,67.7762,-6.4480176,0.0
-25.11779,88.20276,0.0,71.24816,13.104928,0.0,-49.897312,-69.41637,0.0
49.848675,-85.368385,0.0,-23.279266,75.40916,0.0,26.85455,-46.13962,0.0
62.685436,29.672619,0.0,-14.808745,14.809226,0.0,-54.627266,78.46789,0.0
63.467506,-61.77895,0.0,-37.317154,-69.112,0.0,42.06537,-44.712105,0.0
40.5541,-88.30516,0.0,62.520233,-1.2941569,0.0,-67.80661,-89.36857,0.0
-5.581692,-38.803757,0.0,-35.30159,-94.31253,0.0,-36.83419,-56.19122,0.0
-73.22816,97.285545,0.0,33.379986,-79.653336,0.0,-2.6294057,-99.46715,0.0
-33.948742,-99.69222,0.0,9.589873,86.65314,0.0,-9.346941,77.34798,0.0
-16.011728,-53.050674,0.0,-28.831102,23.689583,0.0,-96.6821,-0.8298958,0.0
-45.531628,77.78851,0.0,-87.13828,-31.914053,0.0,12.925704,20.533562,0.0
64.61774,-99.711105,0.0,12.937581,84.21346,0.0,-90.594765,50.659485,0.0
51.148838,78.06254,0.0,97.55809,42.15453,0.0,11.710721,-30.772692,0.0
48.623863,92.18762,0.0,-81.61549,-83.08006,0.0,-33.01538,60.174694,0.0
-45.577663,65.38618,0.0,-87.60934,0.2565025,0.0,-20.821335,32.158203,0.0
-36.135128,62.50618,0.0,-59.428223,98.523415,0.0,-18.404612,-93.92371,0.0
-40.17743,24.732367,0.0,53.76049,66.39796,0.0,73.39681,-92.75897,0.0
84.45098,-84.629005,0.0,65.82837,-36.028053,0.0,-13.440502,94.47976,0.0
10.758335,-37.649265,0.0,2.7932649,-97.40216,0.0,93.99044,64.443794,0.0
-34.533703,70.26842,0.0,-22.792366,-25.60497,0.0,-53.985176,-57.88793,0.0
-51.417324,70.920044,0.0,-31.783232,-43.66291,0.0,25.766703,85.6551,0.0
11.363162,86.49265,0.0,-26.108952,16.828468,0.0,86.16214,84.658646,0.0
-8.63567,88.54241,0.0,-65.26436,-82.99346,0.0,-38.799335,-35.85024,0.0
-44.030197,23.545977,0.0,-83.732635,-72.08394,0.0,21.868473,82.79264,0.0
7.6086955,8.289566,0.0,53.693398,59.88716,0.0,89.427246,-92.65907,0.0
-30.030165,-8.327717,0.0,22.260046,-83.43494,0.0,-99.45775,-72.37927,0.0
-27.562769,22.673721,0.0,-95.93639,-55.839203,0.0,-53.999542,-22.400755,0.0
19.208624,7.6786904,0.0,-1.9454544,31.102535,0.0,32.4792,78.495445,0.0
72.23353,29.523308,0.0,-81.46298,76.58442,0.0,54.995117,38.944515,0.0
75.60637,98.31058,0.0,-32.347404,-73.71791,0.0,-43.887928,85.11234,0.0
-6.597132,84.99033,0.0,1.5293901,11.163307,0.0,18.449957,29.301205,0.0
-34.473637,-80.68223,0.0,-52.28578,44.03632,0.0,-33.262974,-54.05164,0.0
23.75725,-29.164808,0.0,-94.45998,77.11738,0.0,67.681335,3.7563825,0.0
73.3217,15.16213,0.0,60.491077,-61.622448,0.0,54.617764,70.372154,0.0
93.843605,27.21201,0.0,51.98391,-64.367935,0.0,-36.554893,93.04152,0.0
28.137896,31.921156,0.0,54.438885,-73.700356,0.0,53.387753,61.083775,0.0
27.095846,-54.03719,0.0,64.6853,47.325058,0.0,7.2967515,94.080536,0.0
-39.68987,-96.889206,0.0,19.434164,86.523895,0.0,-29.336887,8.968387,0.0
25.650702,-83.90059,0.0,2.9341013,-31.104698,0.0,98.80495,79.91321,0.0
3.2952154,25.195345,0.0,-85.918976,56.414417,0.0,-94.45474,-82.716125,0.0
-31.782122,84.82845,0.0,-95.239624,99.42547,0.0,91.52026,-56.431858,0.0
46.39109,-80.20622,0.0,-88.27343,-72.28643,0.0,-98.607285,89.47751,0.0
61.96712,-81.87394,0.0,-67.15517,-93.062706,0.0,50.577908,98.35164,0.0
64.3187,58.348053,0.0,-84.26649,90.91383,0.0,60.998966,34.92268,0.0
-53.164433,60.56692,0.0,19.308249,1.6416891,0.0,-54.71962,-78.5892,0.0
-45.814987,-29.97702,0.0,9.641454,-85.37547,0.0,-79.62039,4.838996,0.0
-50.977463,-95.84118,0.0,-40.3859,-79.16942,0.0,-51.168095,-4.806885,0.0
-90.11353,30.179337,0.0,16.16373,-3.0730028,0.0,20.29002,76.64514,0.0
89.478645,4.32426,0.0,-76.50023,66.93381,0.0,71.328735,16.053785,0.0
59.65375,80.26602,0.0,-27.447828,16.931725,0.0,-71.73735,78.73406,0.0
95.900925,2.0760725,0.0,-86.399155,90.19133,0.0,-23.535913,12.566999,0.0
-80.718605,-22.27904,0.0,28.646708,-76.21294,0.0,-60.452465,95.82914,0.0
71.42495,14.474245,0.0,-35.77688,-84.03246,0.0,-17.026749,-95.07139,0.0
43.588295,-99.7886,0.0,-81.553825,35.37134,0.0,76.19734,-81.94301,0.0
97.867775,82.846436,0.0,58.963833,-25.466805,0.0,22.800615,-39.902077,0.0
43.854675,-75.83289,0.0,-93.917984,-84.05031,0.0,-43.04107,-38.750477,0.0
-97.59146,-53.82624,0.0,39.140858,33.805054,0.0,-40.011105,-0.59042364,0.0
95.45465,-35.4666,0.0,69.98561,-65.64912,0.0,-86.90264,55.87109,0.0
-91.52752,34.75177,0.0,-60.320816,76.958046,0.0,83.850746,22.994473,0.0
59.513065,-66.76812,0.0,-41.114265,20.519133,0.0,-19.505785,12.929679,0.0
-49.298557,49.44502,0.0,-80.49285,-40.832764,0.0,-36.897533,-48.362442,0.0
45.070343,-41.59468,0.0,-93.94175,90.54496,0.0,61.1937,-75.52952,0.0
-77.0783,-26.75599,0.0,65.470085,97.58876,0.0,-20.032984,31.185957,0.0
-97.82086,-68.3141,0.0,67.83543,-30.383867,0.0,16.29285,-50.576393,0.0
-13.893624,-86.88377,0.0,18.464222,-10.419552,0.0,67.75319,34.037636,0.0
29.836617,-76.405785,0.0,-42.811028,-92.21662,0.0,86.70215,92.17023,0.0
13.051545,-86.008224,0.0,3.1795626,-35.130737,0.0,27.386772,-40.536087,0.0
7.5555496,92.27776,0.0,-57.919964,77.804886,0.0,-30.88855,-88.82726,0.0
95.42601,31.828077,0.0,3.3603747,79.83434,0.0,65.04189,-11.109919,0.0
53.890846,58.08084,0.0,49.3676,-84.170074,0.0,-30.071829,44.371105,0.0
24.018663,-13.596553,0.0,95.26461,-60.922516,0.0,-92.12562,-26.7648,0.0
45.41959,-44.72405,0.0,68.77712,-8.471233,0.0,26.230505,83.40995,0.0
90.64619,-92.17436,0.0,66.36586,-15.083421,0.0,58.657642,88.04966,0.0
6.7250924,-53.22642,0.0,41.154118,-99.50798,0.0,-96.437874,70.62751,0.0
70.598625,-87.75431,0.0,62.924553,76.5542,0.0,14.523181,-90.89669,0.0
-44.2559,-61.921116,0.0,-13.7143345,-94.76304,0.0,73.50613,93.89155,0.0
19.5174,-84.292984,0.0,-12.636545,12.2657585,0.0,-97.762566,-33.094997,0.0
-24.738642,-33.641083,0.0,-24.761597,-42.760193,0.0,-35.606873,39.0765,0.0
-76.490585,-91.00316,0.0,-36.53945,-36.126392,0.0,26.012905,1.0933226,0.0
-93.95734,36.00993,0.0,58.009514,-23.342617,0.0,-91.812706,-60.374363,0.0
-89.33347,19.99235,0.0,-82.29457,59.221867,0.0,82.72211,85.141884,0.0
-47.528408,7.1448393,0.0,17.976528,-42.06418,0.0,66.07555,37.51445,0.0
69.50396,-16.264217,0.0,37.237392,81.02362,0.0,28.06194,85.11867,0.0
17.30215,-28.714308,0.0,-57.229546,75.645744,0.0,55.816616,20.254324,0.0
37.497303,-81.585686,0.0,-0.9867512,-32.64826,0.0,-90.04353,-29.620014,0.0
-63.173965,-79.04717,0.0,15.845518,-12.180701,0.0,52.115307,-29.193317,0.0
47.621777,21.709648,0.0,-80.53728,70.56861,0.0,53.93546,64.41546,0.0
-94.46537,68.20171,0.0,20.210016,-0.8730208,0.0,24.840935,80.3354,0.0
44.396774,22.14904,0.0,-36.856457,73.58155,0.0,-76.687454,-0.99247056,0.0
43.82825,-77.642166,0.0,-12.6892395,88.83601,0.0,-46.86497,-4.2556553,0.0
-99.15803,51.23593,0.0,-20.329819,75.45184,0.0,-38.520596,57.825924,0.0
98.912636,-94.14158,0.0,-91.96008,84.57915,0.0,-31.325304,-51.209354,0.0
-76.16027,-45.679436,0.0,-34.821533,85.7279,0.0,-67.59882,96.46759,0.0
31.5139,-83.500046,0.0,59.603508,64.62002,0.0,89.03586,20.333487,0.0
70.521164,5.750379,0.0,-84.0108,-98.18917,0.0,10.566913,-31.329926,0.0
-37.800606,78.012115,0.0,-76.988495,22.980375,0.0,-21.947495,5.587785,0.0
90.35598,-72.44242,0.0,87.81185,5.117656,0.0,-91.52064,18.626171,0.0
-33.63406,-41.109657,0.0,-61.433983,-89.95693,0.0,19.090014,2.2870586,0.0
-85.03247,42.282784,0.0,35.63301,-91.49375,0.0,-30.364637,-73.55553,0.0
-42.365475,-9.675566,0.0,-38.99992,-60.542492,0.0,-95.35925,9.74013,0.0
71.02691,24.08456,0.0,-84.37484,37.55571,0.0,97.05811,28.773672,0.0
1.1697092,98.00473,0.0,-1.3651059,31.165905,0.0,94.45756,-40.616608,0.0
99.59854,-55.253174,0.0,-40.492836,53.549553,0.0,-85.90889,-93.958206,0.0
95.10829,-6.3450627,0.0,52.843575,52.089275,0.0,-54.595684,-16.619045,0.0
93.39918,-78.676926,0.0,-56.35773,-76.343636,0.0,50.61063,72.0255,0.0
-11.655405,19.194727,0.0,96.0041,-68.424545,0.0,-57.080788,-96.6905,0.0
-49.925915,-61.567574,0.0,-97.127556,20.033928,0.0,59.367256,38.285015,0.0
87.6729,96.7359,0.0,65.83169,-69.603485,0.0,-33.915657,99.61826,0.0
5.0507,9.123438,0.0,-89.77589,-24.01845,0.0,-45.7266,24.189495,0.0
-33.0884,36.7156,0.0,-6.10865,20.738613,0.0,-76.06698,95.396416,0.0
-90.3257,18.33633,0.0,-16.23309,75.113846,0.0,95.09045,-19.937096,0.0
-99.25662,-68.404884,0.0,14.713159,12.722298,0.0,26.80185,-24.995674,0.0
0.31265643,20.362844,0.0,3.0702868,79.797844,0.0,44.219284,88.48963,0.0
69.83244,-52.972275,0.0,-61.253845,-77.49442,0.0,-98.93693,-16.692556,0.0
-41.394985,-0.8046811,0.0,31.279057,33.516697,0.0,-27.052492,-94.02128,0.0
-83.189285,-68.03893,0.0,-32.592888,-8.964692,0.0,-90.803856,20.638863,0.0
25.507315,96.05013,0.0,52.92054,26.47474,0.0,-31.652195,92.485275,0.0
-77.700096,46.93996,0.0,-42.06961,-9.09543,0.0,33.02004,-91.47715,0.0
-30.033567,20.909842,0.0,44.863106,-80.01952,0.0,22.97612,-86.29325,0.0
85.104004,28.628235,0.0,-85.75181,-28.038855,0.0,32.83531,80.043495,0.0
55.031975,-13.354353,0.0,-76.81112,-15.930639,0.0,99.14003,17.552814,0.0
-62.11517,93.15598,0.0,86.22918,14.500765,0.0,68.96673,-8.234712,0.0
89.50566,94.35306,0.0,32.13313,85.55921,0.0,-18.956146,-89.04787,0.0
-61.416843,-76.09755,0.0,42.767376,-80.87727,0.0,-13.390744,19.734598,0.0
-22.783012,-83.964165,0.0,-39.885155,-42.24209,0.0,-88.37946,17.29019,0.0
-26.614746,-52.88237,0.0,39.362766,31.26078,0.0,54.372837,-21.00925,0.0
19.449396,7.968474,0.0,-3.263118,-48.55873,0.0,-37.145172,-79.07072,0.0
-76.09161,33.739933,0.0,-51.710995,-25.689539,0.0,-6.4475107,22.055977,0.0
23.46556,29.021145,0.0,-21.034227,12.0271845,0.0,-97.822296,-35.438393,0.0
-98.61422,38.845318,0.0,-47.104435,-32.235332,0.0,16.442049,98.274925,0.0
-79.39827,67.25361,0.0,49.52204,83.69399,0.0,-25.832186,-20.984188,0.0
91.556496,54.9354,0.0,-99.97289,-67.90951,0.0,91.002235,-78.968864,0.0
-36.376713,35.309822,0.0,6.816788,93.996315,0.0,8.14239,-36.749172,0.0
66.65853,-84.180336,0.0,33.52807,-84.60997,0.0,55.46882,58.88726,0.0
-91.63886,34.72381,0.0,-97.68968,22.785244,0.0,2.609223,80.59453,0.0
-22.132275,-99.174576,0.0,10.996885,17.467701,0.0,79.26511,93.193825,0.0
-19.251877,-39.02759,0.0,-39.846066,-27.233475,0.0,-96.57336,-78.741936,0.0
71.8715,-95.8027,0.0,-30.078608,-83.654,0.0,-35.396065,68.1545,0.0
89.49115,75.54872,0.0,-92.20679,-14.4797125,0.0,-2.467647,13.249312,0.0
50.119663,90.826706,0.0,-87.36888,75.389694,0.0,-91.88682,-39.154713,0.0
83.526596,24.94527,0.0,-35.71867,93.21145,0.0,77.18791,78.909744,0.0
-34.885883,-58.791424,0.0,-39.177906,-70.641136,0.0,60.998405,51.542633,0.0
62.87388,12.093816,0.0,-26.232641,-9.337682,0.0,-44.89298,37.802574,0.0
-95.2026,-34.894863,0.0,-99.55838,15.771987,0.0,27.877035,-32.507015,0.0
-49.06437,-46.18808,0.0,55.337498,55.533325,0.0,66.680405,-7.7492056,0.0
18.289608,28.556585,0.0,51.476116,64.53047,0.0,-40.68287,-75.469444,0.0
-87.77473,-97.77035,0.0,70.33783,18.391947,0.0,65.266556,-56.418766,0.0
42.198044,-97.80747,0.0,-75.72133,-69.311485,0.0,-85.29983,-77.69502,0.0
67.65923,0.73461133,0.0,69.44429,37.125572,0.0,-39.552643,12.128292,0.0
20.80039,-42.00751,0.0,41.66228,28.930735,0.0,64.15671,42.362427,0.0
32.122658,83.40759,0.0,53.592556,-32.54176,0.0,14.670088,80.11075,0.0
-83.37286,-9.16378,0.0,-54.481373,82.54111,0.0,80.34292,82.62067,0.0
20.840178,-96.66372,0.0,19.842878,-78.49639,0.0,-92.000046,38.0397,0.0
93.34006,-90.51052,0.0,41.328735,33.977936,0.0,-38.179504,-14.615378,0.0
66.85256,-49.38105,0.0,96.143524,41.63332,0.0,7.792919,7.103517,0.0
17.756538,-40.23718,0.0,-50.86478,13.105779,0.0,1.6598927,27.552677,0.0
69.70367,-5.295747,0.0,97.35616,33.626865,0.0,23.527788,33.935688,0.0
-48.08657,0.12940432,0.0,46.2382,-48.629097,0.0,90.11496,-51.111717,0.0
57.532383,96.774994,0.0,-96.07566,32.980854,0.0,63.259525,57.536655,0.0
-50.71745,60.65221,0.0,-56.49114,79.28955,0.0,-59.134663,76.98818,0.0
80.391075,-75.39305,0.0,92.258545,80.90506,0.0,-23.576982,17.294437,0.0
33.092094,30.069853,0.0,61.179363,26.12063,0.0,54.24267,-82.50835,0.0
98.69319,-34.519306,0.0,-18.563879,11.52707,0.0,-45.14187,17.694544,0.0
67.28356,-20.467243,0.0,43.47594,20.710535,0.0,-10.349206,-29.465523,0.0
63.978657,65.20393,0.0,-68.12067,-86.9826,0.0,-35.64852,87.164,0.0
-66.53243,-97.97351,0.0,72.50802,92.4298,0.0,-98.12974,20.063368,0.0
-76.84272,-66.56893,0.0,-12.968575,-50.3576,0.0,66.49887,9.599864,0.0
58.660534,28.158443,0.0,-94.79587,39.713932,0.0,-98.986305,-94.564064,0.0
-1.5976937,14.043688,0.0,2.557407,-83.65835,0.0,60.20976,-82.95712,0.0
-83.8782,52.172817,0.0,65.20164,65.278336,0.0,-25.49297,91.53769,0.0
-18.083801,87.76149,0.0,-39.359657,93.79353,0.0,3.4592593,18.406,0.0
-39.28783,-5.25984,0.0,-53.454906,-67.71343,0.0,80.414024,99.58157,0.0
-39.67584,-86.4844,0.0,-6.5908837,-79.10964,0.0,-29.700417,-86.50001,0.0
-13.412455,-78.31658,0.0,-43.913574,46.063156,0.0,-45.40912,-15.83588,0.0
91.92251,-76.639595,0.0,-98.64085,-26.758043,0.0,34.60697,-81.66426,0.0
-44.51149,6.63198,0.0,-91.18713,-16.764606,0.0,-42.960182,57.578415,0.0
96.36832,88.599144,0.0,24.838558,-40.619473,0.0,-50.729134,-44.056976,0.0
67.15501,44.81949,0.0,92.578285,51.65862,0.0,97.35155,-92.449585,0.0
-98.92123,24.320013,0.0,-60.28453,-83.39871,0.0,-30.217861,42.03188,0.0
-98.40726,64.25804,0.0,41.977448,32.344837,0.0,62.930523,-6.10899,0.0
57.50253,-91.422295,0.0,-47.789852,90.05151,0.0,21.991993,-11.284968,0.0
63.42415,51.714973,0.0,-82.65901,-38.239445,0.0,-94.70253,-58.72246,0.0
62.515106,-81.318054,0.0,80.75079,8.819869,0.0,-34.895348,36.853462,0.0
-67.868256,-99.42919,0.0,35.15044,-75.59424,0.0,-27.731932,-48.71084,0.0
-53.35756,70.024994,0.0,-94.53642,-91.672485,0.0,-15.233753,16.018179,0.0
-86.071884,47.414883,0.0,-84.142265,17.690664,0.0,55.282906,-64.965004,0.0
-94.357445,-51.71616,0.0,-85.4936,98.830635,0.0,17.11204,-20.857159,0.0
-28.548038,-48.608944,0.0,2.9320986,-76.44203,0.0,56.175304,-10.671635,0.0
-69.53882,-91.32959,0.0,4.970357,-46.69852,0.0,13.700063,6.6721992,0.0
63.58046,41.593296,0.0,-46.76035,29.368858,0.0,-34.993595,60.741814,0.0
-52.440296,-78.71775,0.0,-48.81213,75.24332,0.0,54.69316,36.018356,0.0
-45.13786,59.733685,0.0,5.5568643,25.69082,0.0,59.32664,-51.080547,0.0
72.60749,31.615181,0.0,54.165806,-36.10819,0.0,56.87113,70.27578,0.0
-55.070465,-97.73761,0.0,-1.6434518,79.861374,0.0,33.14455,-41.981133,0.0
-88.36788,33.836285,0.0,-37.192394,58.0622,0.0,63.251747,35.597507,0.0
57.49133,-63.117958,0.0,14.551007,16.171062,0.0,6.6778464,14.991079,0.0
-42.1584,-91.49365,0.0,27.90121,-32.192787,0.0,-88.599945,1.8984042,0.0
-40.611477,-55.512882,0.0,-24.587082,3.5352533,0.0,-45.92177,-61.439323,0.0
16.372091,-95.77297,0.0,-97.553696,-90.00613,0.0,-88.49519,65.4561,0.0
96.44391,10.456739,0.0,68.761444,29.748646,0.0,-76.95341,58.279484,0.0
-91.08345,-63.182724,0.0,-35.291172,55.657494,0.0,6.526466,-26.970318,0.0
68.14041,-17.062954,0.0,-97.682274,-6.207929,0.0,-34.333622,-55.337383,0.0
59.884357,-45.963104,0.0,-91.33263,-62.696445,0.0,-31.718473,65.942535,0.0
-37.313904,-51.824238,0.0,67.46572,-42.82115,0.0,16.020033,20.070765,0.0
-79.50145,47.130672,0.0,18.895058,-23.992859,0.0,-94.69237,-4.3452215,0.0
48.893654,75.22737,0.0,-38.136066,-58.825092,0.0,34.892147,22.272247,0.0
-96.61088,15.186963,0.0,63.758892,-87.34393,0.0,7.8447003,-45.362778,0.0
94.409805,-13.721246,0.0,92.98335,84.45624,0.0,-78.29665,-1.8274827,0.0
23.17312,-44.101967,0.0,-93.998276,28.147274,0.0,-28.722322,85.535416,0.0
-46.715652,93.021225,0.0,-4.238683,-77.81515,0.0,-58.80374,94.395935,0.0
-43.139374,-46.838535,0.0,-46.944977,97.6448,0.0,70.88241,92.36492,0.0
93.1738,70.37108,0.0,-30.495434,18.930838,0.0,-2.977578,26.91269,0.0
65.3753,43.881577,0.0,-85.229706,-65.21106,0.0,-58.31481,-83.8191,0.0
-25.337023,-20.892656,0.0,67.28328,63.534782,0.0,52.58604,94.763725,0.0
-93.67637,-25.56841,0.0,-97.93478,4.2088194,0.0,55.402344,-79.2446,0.0
-86.72644,98.1638,0.0,-79.69125,-64.70331,0.0,-29.349993,87.12787,0.0
55.070637,99.29959,0.0,23.88659,13.475344,0.0,-19.101559,-36.840027,0.0
-93.99509,-83.09296,0.0,63.7351,47.096397,0.0,96.12744,-34.59204,0.0
-98.814514,73.85975,0.0,5.098364,-79.15811,0.0,-48.10107,54.071064,0.0
39.851574,28.003012,0.0,51.621452,4.6143174,0.0,8.276919,-88.6841,0.0
33.69397,26.820917,0.0,75.839676,24.373283,0.0,82.35058,31.857687,0.0
57.884785,30.175104,0.0,-10.535299,-93.308754,0.0,42.221554,-43.68715,0.0
-81.00999,-81.71241,0.0,77.985664,95.46049,0.0,67.10655,52.730072,0.0
-25.588118,-96.58638,0.0,65.94687,-15.742805,0.0,63.883224,38.517303,0.0
-20.126097,33.46775,0.0,58.704693,-89.48701,0.0,58.66142,25.086018,0.0
96.10528,43.451965,0.0,44.37449,-94.03726,0.0,98.734314,-35.64957,0.0
-93.97367,-34.234097,0.0,29.543385,-24.395493,0.0,-37.714077,19.349348,0.0
-21.06023,23.333717,0.0,-81.10382,-30.44808,0.0,64.48657,6.880122,0.0
-15.580326,-35.945156,0.0,-85.47754,-30.391064,0.0,55.11583,26.663994,0.0
50.187668,-10.1303,0.0,77.523445,94.29403,0.0,-75.883766,-46.609634,0.0
-34.1923,-82.3826,0.0,51.560688,-39.484303,0.0,50.311028,-81.461784,0.0
-46.075676,61.992,0.0,-97.00206,-17.608452,0.0,83.85072,22.69371,0.0
-18.753994,-97.13486,0.0,94.770004,44.540993,0.0,91.62947,-95.57496,0.0
56.996128,-67.94637,0.0,74.75591,93.41871,0.0,18.08965,-76.32873,0.0
-35.03188,26.386013,0.0,-24.683569,-14.9284,0.0,32.71686,84.725586,0.0
-43.800938,61.711094,0.0,15.819585,-20.693897,0.0,16.16091,-19.895037,0.0
-66.827034,85.82075,0.0,68.712975,83.171036,0.0,52.954014,-88.77486,0.0
18.31179,-87.70972,0.0,33.291092,79.295265,0.0,-38.423183,-92.717674,0.0
0.15970206,81.43564,0.0,-69.51785,83.968094,0.0,76.528404,-76.89813,0.0
-81.18899,8.991302,0.0,97.58993,-58.14932,0.0,0.61675024,12.671526,0.0
-9.63607,81.256195,0.0,70.062546,84.808205,0.0,-15.616062,-53.817455,0.0
60.480087,29.446733,0.0,-48.40675,-94.58687,0.0,-45.60458,80.93322,0.0
71.530304,-92.795586,0.0,16.566921,-33.371666,0.0,-11.0866585,19.205063,0.0
55.940323,76.44988,0.0,46.837322,33.988213,0.0,94.4197,16.282341,0.0
55.43673,-11.300685,0.0,16.879591,16.607233,0.0,11.742298,-89.15345,0.0
-34.809235,89.43853,0.0,23.229248,-25.425844,0.0,-82.88199,28.483732,0.0
-91.572754,46.648827,0.0,66.89482,11.254953,0.0,-48.31742,71.58596,0.0
-95.054344,-22.077276,0.0,33.52935,-44.960754,0.0,39.780197,-99.949905,0.0
90.011345,-33.636917,0.0,18.355942,88.8472,0.0,-82.82205,-66.48266,0.0
-98.43906,-49.298805,0.0,54.0907,89.52738,0.0,-84.45444,-74.22205,0.0
-0.0827914,84.07705,0.0,-66.27848,84.32633,0.0,-83.96867,74.90517,0.0
28.096096,-1.3567139,0.0,74.82216,94.69895,0.0,61.033264,97.8236,0.0
33.502434,28.099213,0.0,-49.63172,93.15674,0.0,-41.17677,75.54538,0.0
50.77446,-15.534086,0.0,11.073778,30.28588,0.0,-52.329067,51.819897,0.0
34.002167,89.72001,0.0,-83.665344,-59.592834,0.0,76.58643,26.026268,0.0
-1.7762649,-96.05427,0.0,-4.427717,26.61235,0.0,91.94117,-14.6144,0.0
25.114117,-99.34131,0.0,54.543972,-77.7536,0.0,-45.830963,-90.45606,0.0
-42.211555,2.6149857,0.0,-35.79747,-39.74112,0.0,70.88807,82.03502,0.0
-14.239163,93.076775,0.0,-41.489365,20.996622,0.0,-80.1003,-31.539652,0.0
20.720907,12.575273,0.0,-77.60171,-92.619156,0.0,64.27311,24.577913,0.0
35.14465,-46.892048,0.0,-8.605338,22.868607,0.0,57.753986,-54.218002,0.0
20.730606,-83.36752,0.0,-44.010525,50.97276,0.0,26.385733,-80.08439,0.0
-49.57472,6.779191,0.0,-88.692085,-1.5035641,0.0,84.170006,-99.9925,0.0
54.724712,25.516066,0.0,0.36366415,-38.492077,0.0,80.01981,4.476853,0.0
91.11387,-46.430717,0.0,17.172253,-12.506761,0.0,-14.030813,16.294643,0.0
91.22966,79.74818,0.0,94.40354,-35.10082,0.0,-48.815998,-84.187294,0.0
3.3241267,-80.32034,0.0,13.902688,-27.712664,0.0,-33.36944,-94.13619,0.0
97.243996,71.105194,0.0,98.3363,-47.592594,0.0,7.2181516,77.35044,0.0
-90.39715,-37.945538,0.0,5.2064095,-34.335537,0.0,36.977905,-97.040764,0.0
96.00872,-75.75059,0.0,27.13408,79.08036,0.0,28.721594,17.441732,0.0
25.008205,23.850183,0.0,-81.55037,-10.130355,0.0,28.797619,-26.98609,0.0
51.736794,-50.92609,0.0,-72.971825,-98.15432,0.0,-11.828836,12.987564,0.0
93.1868,49.696735,0.0,-97.498184,94.60814,0.0,42.45288,95.68988,0.0
52.45954,42.28366,0.0,-71.865906,-81.06751,0.0,98.5185,18.401667,0.0
-44.579895,-96.29319,0.0,-13.306233,-51.016693,0.0,-58.282745,91.97327,0.0
-89.43038,54.40228,0.0,28.679186,-5.4640036,0.0,18.394327,13.405758,0.0
-97.140656,44.450035,0.0,-94.39263,-83.85157,0.0,-87.158356,-74.59829,0.0
-90.9354,-21.408901,0.0,-92.4039,83.64034,0.0,-6.786811,-53.576702,0.0
61.427036,-13.472589,0.0,64.69571,29.316431,0.0,-54.40059,65.406,0.0
6.681478,-49.405975,0.0,73.63505,-85.651,0.0,-37.425785,24.07239,0.0
-84.71056,-18.478619,0.0,-51.93493,-75.12921,0.0,-1.6627297,9.77638,0.0
11.600828,-85.88268,0.0,27.720953,-52.373066,0.0,-12.287385,10.678529,0.0
3.335807,95.06373,0.0,-4.261771,95.9116,0.0,27.303991,-5.2148533,0.0
-42.17032,86.09391,0.0,-41.54082,-89.49604,0.0,29.545826,89.59342,0.0
-27.248352,89.64365,0.0,23.78822,-4.84453,0.0,-10.344669,21.840649,0.0
-5.8547034,76.15439,0.0,-41.449123,28.877075,0.0,-43.6015,73.471664,0.0
-77.69449,11.288838,0.0,56.376343,27.26218,0.0,-46.865974,67.38506,0.0
-50.93791,-58.75148,0.0,64.81469,-45.42026,0.0,31.15997,23.258123,0.0
76.555214,-92.39206,0.0,5.3397403,9.62583,0.0,-99.760086,-95.866104,0.0
-92.12494,-36.21184,0.0,-83.58364,44.373528,0.0,-41.81719,11.017408,0.0
-98.01734,-61.15248,0.0,15.545975,-9.766491,0.0,-7.427042,12.247489,0.0
3.208718,21.692543,0.0,9.087792,10.076695,0.0,-13.464076,-84.30681,0.0
-89.80674,93.73938,0.0,-80.42727,28.14407,0.0,-93.14695,94.011475,0.0
43.50914,-93.219604,0.0,-49.41958,-9.9500885,0.0,23.005428,30.40732,0.0
-87.920204,-48.981438,0.0,-24.388994,-50.32161,0.0,-68.97069,-96.948685,0.0
-37.41267,41.20139,0.0,-16.60084,-47.973648,0.0,27.206224,95.22616,0.0
28.947744,-51.60807,0.0,-54.411224,98.653915,0.0,55.06372,23.091036,0.0
15.4118805,76.819115,0.0,-50.573696,-14.418319,0.0,-93.68645,-14.209245,0.0
92.839195,-38.974106,0.0,28.172804,-90.073685,0.0,11.996985,-94.98548,0.0
91.65247,-65.43576,0.0,-37.79162,38.555237,0.0,-8.796486,-48.98172,0.0
57.41413,41.767124,0.0,62.247337,96.87487,0.0,-11.391712,-38.523697,0.0
-41.480206,86.17231,0.0,11.453647,-48.27897,0.0,-33.836166,2.7180464,0.0
84.44648,-94.33881,0.0,-8.779396,-30.13441,0.0,19.003323,79.87442,0.0
-61.852177,75.83782,0.0,28.835766,-21.07596,0.0,-80.5771,5.484675,0.0
42.99115,27.70404,0.0,34.05319,-95.30008,0.0,-47.587513,-64.1299,0.0
58.309093,-46.40662,0.0,51.162437,29.253366,0.0,-99.23867,-85.36145,0.0
69.53936,-34.33197,0.0,91.76423,-73.05657,0.0,-43.362934,-58.59288,0.0
92.97366,71.04326,0.0,-77.87828,85.621925,0.0,-87.142815,10.373407,0.0
90.35551,-79.94071,0.0,-33.56038,-84.93728,0.0,12.173993,-90.449036,0.0
4.1727633,88.24306,0.0,51.773228,-13.148371,0.0,94.19702,-88.853355,0.0
-36.872986,-48.09243,0.0,59.259888,52.78239,0.0,-8.565986,26.2067,0.0
-47.650494,67.506645,0.0,11.573169,8.233629,0.0,77.47886,26.302513,0.0
52.848152,52.645813,0.0,-62.43567,87.90112,0.0,-93.199066,-4.038525,0.0
74.95626,27.08495,0.0,-92.17692,47.98234,0.0,-14.015818,-77.76143,0.0
25.859903,-16.250475,0.0,-21.280523,25.880686,0.0,-24.699577,31.171938,0.0
29.10224,90.31637,0.0,10.703782,14.495899,0.0,50.637302,-2.8973482,0.0
-91.89805,53.28241,0.0,-54.579796,-71.18528,0.0,51.81177,-28.362545,0.0
24.328398,-97.24524,0.0,58.88891,1.0338782,0.0,-3.5011985,31.458359,0.0
27.675009,-14.2822695,0.0,28.89199,34.256207,0.0,58.922134,-42.495544,0.0
46.241665,-91.82462,0.0,86.37091,98.55706,0.0,99.64568,-88.593094,0.0
92.79212,77.25544,0.0,-46.036255,-78.43523,0.0,38.813545,84.46647,0.0
87.228905,20.68534,0.0,65.808525,-59.065346,0.0,15.449967,21.538164,0.0
69.094025,-78.05033,0.0,29.52198,9.88344,0.0,98.40841,67.88194,0.0
-46.33643,-93.101006,0.0,54.37741,57.571453,0.0,21.152658,-28.336145,0.0
58.26561,65.073006,0.0,0.35106152,24.345129,0.0,17.948854,80.825424,0.0
-3.6119177,-31.210415,0.0,62.809566,84.87649,0.0,-94.434555,-22.244349,0.0
-0.4759098,11.719586,0.0,-76.93937,-70.470955,0.0,-78.337555,94.23307,0.0
62.634384,75.88601,0.0,44.600655,25.258648,0.0,-52.897278,28.104527,0.0
43.18326,-86.89192,0.0,-95.93919,-75.99248,0.0,-48.072105,-70.951546,0.0
-89.5943,69.57978,0.0,65.76183,-46.907417,0.0,-47.789692,-81.60845,0.0
-33.086372,51.50052,0.0,-79.389275,19.58509,0.0,90.65949,21.153572,0.0
-85.279495,90.285416,0.0,-99.40258,-63.090115,0.0,-53.698143,51.201813,0.0
16.095278,-92.73117,0.0,-18.058424,-43.944893,0.0,68.50798,21.119648,0.0
-86.81698,-81.39971,0.0,99.08216,92.99998,0.0,53.870014,34.5362,0.0
0.5170627,-42.336887,0.0,54.647736,31.287672,0.0,11.153595,9.364673,0.0
95.782005,31.929903,0.0,3.0138812,11.252144,0.0,-93.154335,83.863716,0.0
99.87062,30.94129,0.0,-18.837616,99.000145,0.0,-29.135838,-43.56043,0.0
12.460505,-40.498093,0.0,-82.748405,-1.5719128,0.0,56.173775,-61.426838,0.0
-41.83506,-32.251137,0.0,12.202035,96.01732,0.0,4.4997573,-99.989716,0.0
69.20246,-1.4516304,0.0,44.981762,-90.958755,0.0,14.795641,-27.995481,0.0
-42.6015,99.33576,0.0,-22.908794,-23.361528,0.0,-92.13715,89.53611,0.0
73.44231,95.69922,0.0,-27.149908,-34.31418,0.0,-41.29992,-66.62349,0.0
50.59752,-57.053337,0.0,39.79559,-49.447998,0.0,-70.114746,97.45884,0.0
54.21509,84.976204,0.0,-16.70539,12.168649,0.0,57.035233,26.676548,0.0
-40.618553,-10.73234,0.0,-95.95602,-63.34215,0.0,-51.715374,-43.891224,0.0
-49.558506,41.274704,0.0,64.07985,-77.28435,0.0,-43.466267,-60.79295,0.0
-45.74332,-12.864498,0.0,88.96599,-79.891014,0.0,-34.142487,78.160286,0.0
-49.317944,-46.94539,0.0,30.065912,27.050823,0.0,-1.7503879,83.54634,0.0
-31.47722,-46.584343,0.0,67.14266,-41.048523,0.0,76.28901,19.243065,0.0
20.41429,-21.723503,0.0,-75.79388,30.281174,0.0,81.05858,9.226064,0.0
62.124207,41.489914,0.0,-14.239686,-34.88239,0.0,96.41819,55.85776,0.0
-94.784874,49.16652,0.0,-41.085175,15.348256,0.0,94.186905,5.498672,0.0
-96.53032,-44.32964,0.0,95.208405,-19.933655,0.0,61.420918,-56.625458,0.0
67.007126,-18.156893,0.0,94.33424,67.12316,0.0,-85.81456,-13.334694,0.0
15.777845,22.684914,0.0,-46.46391,-18.995493,0.0,-28.703089,-97.71999,0.0
-33.423946,10.633459,0.0,-8.593658,-48.984257,0.0,97.77696,85.85622,0.0
23.278296,-29.87552,0.0,-22.80977,-78.19597,0.0,60.566338,-94.42831,0.0
25.474943,92.62142,0.0,-1.8950582,94.71097,0.0,-18.400972,-44.256786,0.0
31.926931,84.73283,0.0,-54.39814,95.57763,0.0,40.51282,34.54077,0.0
61.30635,-2.8846006,0.0,90.416245,-92.274155,0.0,23.657248,-51.087032,0.0
93.782745,-59.70182,0.0,-25.877861,95.75683,0.0,31.28032,-50.933304,0.0
-97.543785,64.86539,0.0,-80.772766,65.289925,0.0,66.522385,69.61571,0.0
-15.460499,-79.399506,0.0,50.168793,-28.951359,0.0,-92.91878,59.836987,0.0
-18.793934,-43.313927,0.0,-69.159035,-80.744286,0.0,62.19688,59.140244,0.0
-29.626032,86.89764,0.0,43.97465,-81.290565,0.0,54.081085,47.935543,0.0
7.5996714,-38.226627,0.0,-49.047523,-41.553947,0.0,54.288864,21.713224,0.0
78.12546,29.883493,0.0,-89.358955,-14.532703,0.0,-1.4468628,-40.174774,0.0
71.410416,-88.54796,0.0,-77.667625,3.8701758,0.0,-5.7224073,-75.513725,0.0
2.9131877,-92.85638,0.0,55.717655,80.99109,0.0,91.327934,-13.802056,0.0
0.7009039,33.483543,0.0,85.02819,89.65775,0.0,-95.97101,28.528717,0.0
-94.09362,-7.9838266,0.0,37.119797,-40.188885,0.0,14.391951,-35.893257,0.0
63.086483,-85.14191,0.0,2.5990257,11.9806385,0.0,47.76005,85.560616,0.0
36.48932,-50.556507,0.0,52.56095,58.14791,0.0,-91.66802,12.038177,0.0
-49.36217,-97.75278,0.0,71.99437,-75.59941,0.0,55.26804,5.191705,0.0
98.46072,24.178587,0.0,40.391537,96.04381,0.0,6.220217,98.01917,0.0
45.52262,88.4468,0.0,49.120888,95.22842,0.0,-51.69436,8.219025,0.0
-30.45138,-40.88344,0.0,66.42519,-4.192852,0.0,60.95867,26.717505,0.0
-78.66743,-31.927095,0.0,67.53988,-99.02246,0.0,-14.438337,-50.39929,0.0
99.5731,60.860386,0.0,-33.31197,59.59193,0.0,-34.71856,-96.96998,0.0
-52.77075,-47.84698,0.0,-95.593414,-22.334017,0.0,-34.11118,-10.073092,0.0
63.01373,-40.001007,0.0,82.98161,-86.7242,0.0,-84.788925,-78.92223,0.0
-34.770996,19.271488,0.0,20.331837,11.164123,0.0,95.53267,-60.309185,0.0
98.295135,-39.07038,0.0,-97.77622,62.181538,0.0,-10.574621,75.967354,0.0
60.58416,89.48941,0.0,27.065525,2.4367154,0.0,-93.01119,-91.24424,0.0
19.561779,88.26236,0.0,-86.66261,-23.93041,0.0,50.546867,67.29556,0.0
14.479651,10.847474,0.0,27.02815,-47.2899,0.0,-12.475015,20.097105,0.0
-20.55131,-50.393482,0.0,18.576073,80.01098,0.0,-66.01679,84.97108,0.0
-5.9149995,-48.082886,0.0,75.528946,-83.71814,0.0,-90.80249,-37.422703,0.0
-27.778788,8.008016,0.0,-95.51613,33.443817,0.0,-82.27211,31.496443,0.0
-94.1747,-43.267788,0.0,-92.66711,-42.343506,0.0,-30.031681,57.23363,0.0
-55.708,80.303734,0.0,1.7366966,94.06709,0.0,-88.976326,0.31147134,0.0
-35.442028,0.40232012,0.0,-63.282833,-82.34154,0.0,65.502235,90.95808,0.0
11.248171,80.02641,0.0,-29.256254,3.012794,0.0,50.23951,96.38192,0.0
-89.540695,-2.1276817,0.0,-68.58419,-89.12232,0.0,-51.9593,-97.376945,0.0
-79.05708,-34.773533,0.0,-54.989193,95.34931,0.0,71.02785,84.3322,0.0
-93.333984,-63.300365,0.0,-18.256199,-32.426727,0.0,-29.24206,-42.872448,0.0
90.4658,-6.2651057,0.0,-77.90713,32.462574,0.0,-84.54085,-82.5755,0.0
53.445175,-55.076862,0.0,38.090557,99.75495,0.0,60.980125,-10.66789,0.0
79.08526,16.871061,0.0,4.03412,11.613999,0.0,24.776857,-43.421154,0.0
28.546965,11.631766,0.0,32.50107,-54.464752,0.0,95.65393,-20.2814,0.0
51.37268,-42.56704,0.0,-81.48794,-97.625534,0.0,15.211625,89.20386,0.0
-44.26275,5.1561065,0.0,-37.919468,89.051445,0.0,18.622938,28.953785,0.0
83.41528,84.31295,0.0,-75.10791,98.03173,0.0,-78.81159,76.25427,0.0
99.53433,-88.195854,0.0,98.62548,48.535084,0.0,-13.5376625,12.129181,0.0
97.60925,63.255318,0.0,29.249939,-5.0682235,0.0,64.88436,-61.299366,0.0
22.548315,77.82632,0.0,-44.11868,10.088074,0.0,54.145096,87.54153,0.0
31.358906,92.27558,0.0,74.74788,-84.38163,0.0,60.329796,-36.71117,0.0
66.2631,72.5116,0.0,-9.504529,19.24209,0.0,57.340496,52.39919,0.0
-26.899704,80.10084,0.0,-40.808414,10.485158,0.0,91.24419,-62.575176,0.0
-43.374207,-79.66709,0.0,-43.607445,78.7202,0.0,-78.42986,-42.664204,0.0
-36.9479,25.43564,0.0,-30.90811,-11.815864,0.0,-12.914515,17.11093,0.0
-46.786625,47.47936,0.0,93.29292,61.929935,0.0,-84.28574,88.155235,0.0
18.440031,-3.5601482,0.0,20.723707,-38.101482,0.0,-66.72413,82.72903,0.0
-77.58969,-4.025463,0.0,-95.58415,84.35289,0.0,9.59391,14.185729,0.0
-43.98456,-5.422159,0.0,-96.93237,93.01022,0.0,64.71671,-98.584305,0.0
49.097042,-53.564114,0.0,-78.328094,-93.70102,0.0,65.72615,-34.740078,0.0
-50.52701,-71.20736,0.0,-8.706443,94.084984,0.0,-22.674686,-81.395195,0.0
15.329784,-20.92882,0.0,31.353712,-90.570786,0.0,13.488234,76.68898,0.0
-27.5846,10.181475,0.0,47.814224,-78.46558,0.0,-65.044846,-94.69283,0.0
-31.022554,-76.92003,0.0,-78.12036,-13.561619,0.0,25.356129,-16.920258,0.0
-97.0599,90.00361,0.0,-52.39892,61.83618,0.0,94.08697,-84.742615,0.0
18.897419,-36.879288,0.0,-47.478836,29.50061,0.0,16.928772,-29.17007,0.0
42.187233,20.8171,0.0,-86.47126,-18.147606,0.0,28.824295,-3.2826536,0.0
36.878113,97.974075,0.0,-2.677229,-34.3255,0.0,96.03818,-55.80681,0.0
96.28626,29.786068,0.0,-15.138172,91.48982,0.0,51.430874,-71.109215,0.0
-18.719114,84.65013,0.0,-4.4768157,-76.71325,0.0,-49.65249,-25.528984,0.0
-49.62024,85.90214,0.0,91.194244,57.801758,0.0,-46.93036,-88.76722,0.0
-42.306152,-75.098595,0.0,54.28251,7.6950173,0.0,10.696201,93.549095,0.0
-20.54357,8.153906,0.0,57.965214,-28.61299,0.0,-76.95531,-77.1749,0.0
-7.7532067,-47.622643,0.0,61.611355,7.33831,0.0,-37.794514,-45.888985,0.0
-86.55687,-14.125328,0.0,-54.57206,-86.34613,0.0,-41.94837,80.361015,0.0
44.535397,85.70443,0.0,29.802376,-52.84106,0.0,86.657074,-81.07218,0.0
-47.243717,-80.4074,0.0,68.99422,-94.232445,0.0,-53.014874,44.001858,0.0
-80.407845,3.413798,0.0,-44.28156,-37.908287,0.0,52.72333,-45.850357,0.0
93.67235,-60.18697,0.0,-83.03268,-22.811783,0.0,-78.59748,-38.31026,0.0
-87.16218,-22.429972,0.0,-10.126018,95.98606,0.0,-38.37764,37.64667,0.0
28.292223,-78.92162,0.0,-34.620197,-64.42902,0.0,51.288998,42.574554,0.0
-34.56909,43.342426,0.0,12.402449,23.262465,0.0,-26.521807,-44.737858,0.0
90.77632,34.63077,0.0,65.087105,71.01543,0.0,56.31177,-49.62156,0.0
-11.047761,-96.22657,0.0,-96.04061,-48.756554,0.0,25.964895,4.503998,0.0
-51.229095,-65.18266,0.0,39.010315,-49.60658,0.0,-48.78748,57.125553,0.0
72.41007,-80.91253,0.0,-84.86805,21.6069,0.0,63.354057,53.589275,0.0
34.42619,79.04936,0.0,-42.55196,-59.398537,0.0,20.721176,-81.815796,0.0
47.31537,94.68112,0.0,7.2001777,-75.28512,0.0,-36.168167,65.17822,0.0
33.27399,-78.234184,0.0,-81.296906,-99.88493,0.0,22.458427,-49.311176,0.0
77.67801,4.600502,0.0,55.398262,22.203522,0.0,35.8363,-86.251945,0.0
-30.634613,49.76527,0.0,20.337746,-11.4514675,0.0,97.05419,-9.463379,0.0
-83.75625,95.180115,0.0,85.11408,25.82585,0.0,33.03261,-87.573074,0.0
-97.40254,-78.86514,0.0,63.084496,8.6685,0.0,20.541069,80.66098,0.0
11.747007,26.255016,0.0,-95.45421,-30.653252,0.0,-29.252546,-51.989403,0.0
8.585655,-31.309757,0.0,-30.667982,86.66502,0.0,42.875305,33.100227,0.0
-24.754042,-30.895857,0.0,-4.3970137,85.155876,0.0,-16.981207,22.83986,0.0
19.914797,10.768933,0.0,80.99229,23.681667,0.0,-24.505041,-17.077192,0.0
51.38437,-65.19423,0.0,59.144707,-73.798874,0.0,-86.75444,12.397258,0.0
13.042774,-81.57486,0.0,-93.13062,17.71101,0.0,-37.989983,-57.777878,0.0
4.3069825,94.30208,0.0,34.172882,-93.38596,0.0,20.639593,-40.976482,0.0
90.26159,4.884596,0.0,48.57492,-51.07676,0.0,-94.42224,32.674305,0.0
-99.104065,-13.566758,0.0,-36.472095,-87.4125,0.0,-20.780901,-94.1393,0.0
68.210236,-82.678185,0.0,98.78574,-70.91084,0.0,-51.185925,16.067095,0.0
51.004936,-30.522383,0.0,4.0267377,76.41431,0.0,-67.03572,-90.23831,0.0
-94.51164,-46.82762,0.0,87.848564,31.9137,0.0,86.2886,87.56761,0.0
88.577446,-99.403595,0.0,-52.643623,-29.840641,0.0,65.08696,37.02894,0.0
-16.918863,87.36811,0.0,-27.894264,-13.730626,0.0,69.44968,-7.332659,0.0
-44.303513,58.147636,0.0,-78.46932,12.088285,0.0,-17.40207,-94.11812,0.0
71.538536,23.74396,0.0,86.66801,11.621876,0.0,13.00259,81.05577,0.0
5.4476504,-29.183847,0.0,-89.50972,14.890455,0.0,-95.85283,83.30551,0.0
-80.64007,70.58293,0.0,20.531195,-39.10748,0.0,91.53248,90.55838,0.0
70.44128,96.51921,0.0,-15.102912,-92.74813,0.0,-31.997864,31.804476,0.0
-87.76226,-38.464005,0.0,-76.38237,-31.00098,0.0,-35.34745,-17.520338,0.0
92.04552,85.487915,0.0,41.834927,90.65308,0.0,61.0657,42.66766,0.0
-15.442781,7.162567,0.0,-87.14447,-64.45005,0.0,-35.102978,-61.052597,0.0
-4.233385,-43.027866,0.0,-64.52463,83.65281,0.0,-90.02925,-53.64774,0.0
92.5401,57.839565,0.0,-84.97285,65.78328,0.0,-87.76397,97.14049,0.0
40.499683,34.49161,0.0,42.010216,-83.25533,0.0,0.9109907,86.2554,0.0
-88.013565,58.49949,0.0,5.184922,96.00449,0.0,-71.32756,-93.063416,0.0
20.55091,-78.8876,0.0,94.0832,7.360503,0.0,-36.6023,-46.84255,0.0
72.72151,85.64425,0.0,-87.04883,-8.43162,0.0,-3.370835,85.89534,0.0
67.15136,26.193676,0.0,90.881325,-19.080505,0.0,-47.247826,-5.4851446,0.0
54.949577,17.560423,0.0,20.861254,34.60586,0.0,55.720215,73.80001,0.0
-48.452255,-50.836613,0.0,64.35469,-26.848864,0.0,94.60711,-9.33235,0.0
-81.94379,6.5608244,0.0,-99.01962,4.1531525,0.0,-89.712166,13.167471,0.0
-43.007984,-11.222613,0.0,-2.9328895,-88.307945,0.0,69.92381,-53.591885,0.0
97.42941,1.3428192,0.0,67.12294,58.82853,0.0,63.481514,-3.6577513,0.0
2.9372025,-31.745255,0.0,82.79996,20.159641,0.0,-61.371296,75.524,0.0
29.104338,21.046068,0.0,-32.78643,30.15289,0.0,53.81848,32.446716,0.0
8.299928,91.36362,0.0,62.59893,24.288471,0.0,53.914597,3.6846497,0.0
62.314392,43.100193,0.0,-94.93475,92.551125,0.0,55.0833,87.57589,0.0
-26.574211,11.721771,0.0,-46.81397,-59.799133,0.0,-29.50184,13.751661,0.0
66.167595,-11.371532,0.0,0.096019715,-47.16833,0.0,82.6225,-81.58837,0.0
-33.535862,-21.128965,0.0,21.790655,20.035755,0.0,75.288475,75.31802,0.0
34.94389,26.334686,0.0,-0.31307852,-82.7396,0.0,91.752365,-35.197254,0.0
3.7618582,96.96601,0.0,56.53392,-42.611385,0.0,37.291744,20.434738,0.0
54.529594,-68.32502,0.0,-35.94979,-12.680659,0.0,62.096127,86.10989,0.0
-89.13341,-84.9644,0.0,-23.985083,-88.61114,0.0,-57.66478,88.20819,0.0
-32.02984,-95.15387,0.0,50.905235,-39.17405,0.0,-38.393826,-76.263,0.0
10.650384,-92.31264,0.0,-54.690876,-76.810555,0.0,64.19263,29.832495,0.0
63.18674,-52.273506,0.0,-77.30706,81.11335,0.0,-78.36733,-95.39188,0.0
53.671875,28.597532,0.0,26.40804,-94.52911,0.0,90.31868,-34.22729,0.0
92.33455,-79.82811,0.0,-25.190159,-18.525967,0.0,-52.80117,-49.56484,0.0
56.97636,-95.25979,0.0,31.499313,-90.43341,0.0,-70.90672,85.794304,0.0
-2.9507391,95.57895,0.0,-40.74274,93.9233,0.0,-9.401736,26.118877,0.0
-28.163752,80.33685,0.0,51.420956,30.069319,0.0,-96.362434,-19.87677,0.0
90.74948,64.845146,0.0,-85.470276,61.96025,0.0,-92.2438,-23.663555,0.0
29.855795,-79.88745,0.0,-94.387985,-82.4404,0.0,61.84953,-77.27129,0.0
-33.664867,-55.481403,0.0,-76.564064,-73.48655,0.0,46.871628,76.651505,0.0
-20.185621,99.68155,0.0,-36.388897,-33.482376,0.0,8.126762,17.84474,0.0
-52.533367,97.78066,0.0,-87.52723,71.0282,0.0,58.31712,-42.271267,0.0
91.75329,-72.73692,0.0,-12.148911,-38.917366,0.0,-86.85302,99.082985,0.0
61.475082,24.069153,0.0,56.91426,-9.542149,0.0,93.09085,-2.0796468,0.0
-96.31797,92.0376,0.0,-82.1521,1.5578616,0.0,63.206467,-94.00726,0.0
-13.568183,-48.71078,0.0,-93.71849,89.192215,0.0,26.009571,-3.3578088,0.0
56.890522,-5.422965,0.0,-92.00044,-59.76265,0.0,-43.268238,-32.50995,0.0
-57.54944,-86.80478,0.0,49.74323,-87.20312,0.0,-37.19397,-18.011503,0.0
61.10237,78.70011,0.0,-85.44631,-17.85071,0.0,27.218176,-11.310111,0.0
98.01908,-39.19519,0.0,-79.67518,-26.955542,0.0,93.089096,-61.076675,0.0
-18.01345,-77.38855,0.0,49.339672,32.176304,0.0,-34.819225,59.022842,0.0
-7.8773913,-51.7539,0.0,-25.531082,-42.05613,0.0,1.6267992,34.949085,0.0
34.745853,91.61053,0.0,55.272007,71.94726,0.0,-29.674908,-5.8315167,0.0
-38.949703,58.873055,0.0,-34.26853,-62.337315,0.0,50.562492,-64.44656,0.0
-46.67991,-54.127193,0.0,5.4959707,34.08962,0.0,91.78734,-87.24157,0.0
-62.963917,75.15813,0.0,-2.4397411,-77.484474,0.0,-35.082645,-81.27043,0.0
-17.797789,87.60938,0.0,-84.76239,-36.540886,0.0,-31.636587,25.042582,0.0
51.5303,-69.90115,0.0,99.01922,-38.996906,0.0,93.51955,-72.366684,0.0
-36.06047,89.16522,0.0,-95.39647,-15.262431,0.0,96.1463,-64.10035,0.0
81.14296,9.240382,0.0,-10.205442,16.61746,0.0,-99.30332,59.56204,0.0
-3.2620134,-99.3983,0.0,-35.67236,-72.46964,0.0,-88.771385,-18.581795,0.0
41.892963,34.37052,0.0,47.59629,97.58303,0.0,-45.345688,-93.75773,0.0
-50.304375,58.05968,0.0,62.33818,67.09452,0.0,61.16181,17.328114,0.0
-87.985115,-41.69638,0.0,-40.711,-30.894136,0.0,36.61618,96.274765,0.0
-79.23015,-10.03896,0.0,-29.593006,-1.2090267,0.0,-27.871466,-5.7520466,0.0
80.3654,30.582989,0.0,-40.09565,-82.997086,0.0,-81.397575,-56.017246,0.0
-75.10428,76.59721,0.0,38.34578,30.225906,0.0,4.97145,82.75525,0.0
50.830063,20.35026,0.0,-22.607315,-24.641241,0.0,-11.979954,-85.86343,0.0
21.328571,18.837149,0.0,-32.16961,42.982914,0.0,-85.51858,7.868966,0.0
67.380325,-99.13175,0.0,75.87637,87.444885,0.0,53.02834,72.44825,0.0
-3.4399273,-84.87365,0.0,-42.472313,-54.599102,0.0,93.42853,71.40257,0.0
51.864456,14.900296,0.0,-94.752754,-30.045837,0.0,-31.191132,-57.941593,0.0
-70.939606,-78.75723,0.0,59.78015,-39.047573,0.0,-28.607721,-36.741264,0.0
-9.913812,-81.42679,0.0,60.311256,-77.56152,0.0,32.98161,25.638876,0.0
18.041338,-27.903187,0.0,54.94247,76.944595,0.0,-92.762115,24.776619,0.0
90.52109,-55.792526,0.0,59.819748,-0.7707002,0.0,-11.42115,21.445091,0.0
-85.43934,92.277534,0.0,-29.058128,-15.391305,0.0,-33.217396,-4.542296,0.0
99.81921,-66.60032,0.0,-24.33893,-80.42222,0.0,61.352325,-70.70734,0.0
99.25353,18.566471,0.0,-41.027752,3.1969788,0.0,-49.50172,44.44187,0.0
-39.77062,-61.853413,0.0,-27.292645,2.218011,0.0,17.838116,76.841125,0.0
69.05245,-4.2642264,0.0,2.3291137,91.16829,0.0,74.48229,0.009749601,0.0
66.21426,-27.320692,0.0,-31.210197,-27.503145,0.0,-32.29516,-4.6364822,0.0
-52.344135,-8.511134,0.0,-86.63992,84.939674,0.0,5.3513036,-33.411217,0.0
-52.12858,23.922546,0.0,4.609173,7.835106,0.0,19.60072,24.500954,0.0
-32.57906,95.46305,0.0,94.78029,-58.546112,0.0,-94.73221,8.709038,0.0
-82.09556,79.86785,0.0,-39.441265,72.470825,0.0,36.941875,-54.599007,0.0
-0.92353094,-50.183945,0.0,94.75212,75.81467,0.0,24.811327,89.72077,0.0
-32.85191,-54.382935,0.0,-1.292385,20.705038,0.0,93.23042,42.59494,0.0
61.468445,0.37426063,0.0,-71.82005,91.75026,0.0,57.82732,-76.70647,0.0
-54.578102,37.72698,0.0,59.78515,-99.98223,0.0,24.243563,-31.030882,0.0
-80.663345,42.837402,0.0,-64.63979,86.56431,0.0,91.548515,64.949394,0.0
-58.32046,-92.933716,0.0,-37.62487,79.121605,0.0,-87.7248,-70.195114,0.0
-12.539375,94.63529,0.0,-72.62068,-98.00347,0.0,84.35557,-99.39448,0.0
-53.049038,-8.882424,0.0,40.657948,24.568472,0.0,-44.63726,-66.391525,0.0
-96.40076,-24.568733,0.0,-89.09861,6.537933,0.0,-86.31699,82.539764,0.0
-57.758682,82.161255,0.0,-7.985872,15.678576,0.0,-76.15821,15.88406,0.0
9.269892,84.52233,0.0,74.753624,4.4252687,0.0,20.991776,-41.796097,0.0
-81.51155,87.408295,0.0,72.47559,-76.35433,0.0,11.317878,98.827095,0.0
-7.433911,84.52585,0.0,53.85544,-84.8102,0.0,-79.52265,-3.3788776,0.0
-88.5529,-50.999424,0.0,-92.786385,71.11019,0.0,14.35943,-20.410194,0.0
96.40062,-92.179924,0.0,68.53297,88.42848,0.0,-37.82598,80.33412,0.0
-1.8217372,91.31309,0.0,-53.76824,-64.93181,0.0,85.83034,81.89463,0.0
-40.63435,-14.723141,0.0,89.03484,94.41353,0.0,24.0676,-31.449558,0.0
97.038155,-91.88499,0.0,-12.433566,-29.472996,0.0,12.2748,89.72755,0.0
-36.02674,72.11634,0.0,-37.167377,-0.8182481,0.0,76.912964,13.880904,0.0
-69.271835,-90.4305,0.0,-78.842285,67.02234,0.0,-14.998577,31.617472,0.0
-95.90942,62.096252,0.0,-12.713679,18.41526,0.0,6.555983,31.78485,0.0
61.707436,-46.430134,0.0,65.072395,-99.9262,0.0,-34.06941,-13.722067,0.0
16.494188,-39.113663,0.0,74.41669,23.125881,0.0,-42.796585,-85.69824,0.0
-49.500286,1.5780889,0.0,-13.058489,-34.848774,0.0,1.8635002,-49.213127,0.0
7.5317516,12.515079,0.0,16.58093,-45.43999,0.0,-23.319582,0.15578018,0.0
25.92035,5.2633977,0.0,-79.85556,83.33838,0.0,47.32374,85.1778,0.0
-10.4744,27.022184,0.0,-84.54659,63.250587,0.0,-92.745895,-29.8375,0.0
-26.212736,76.90911,0.0,-4.286012,-86.08055,0.0,92.132645,34.25446,0.0
-84.89776,-84.24433,0.0,-27.51946,-9.997168,0.0,-16.256575,-37.797882,0.0
6.5317383,92.67309,0.0,-47.362724,51.816303,0.0,-45.438004,-42.103615,0.0
-35.046318,61.62964,0.0,-21.477095,-54.0241,0.0,72.256065,16.523129,0.0
35.88767,29.180662,0.0,59.68295,22.537304,0.0,-33.135014,40.060165,0.0
-95.71189,-88.49843,0.0,-9.966823,-35.077442,0.0,-91.47757,21.02771,0.0
67.65557,-0.7192204,0.0,47.383064,-87.64455,0.0,96.60632,6.7654243,0.0
1.9710306,-42.83252,0.0,-47.63145,-76.61556,0.0,61.962185,97.48101,0.0
-32.352535,-23.426836,0.0,64.0338,6.6385055,0.0,-92.037155,-46.664093,0.0
-39.40666,31.327394,0.0,-49.969933,75.81553,0.0,-91.74419,6.2293334,0.0
17.60598,90.904655,0.0,20.218424,-97.85694,0.0,3.9650195,-32.98945,0.0
-85.67637,76.72651,0.0,21.784258,89.703995,0.0,-52.726013,8.041292,0.0
6.5031905,78.5924,0.0,67.407585,-24.919748,0.0,5.68946,90.56377,0.0
-44.912113,11.658583,0.0,-96.85921,75.99301,0.0,-46.276104,-31.477142,0.0
64.7614,-61.948883,0.0,56.133827,42.163227,0.0,-36.739384,-89.88192,0.0
-77.863434,-47.906303,0.0,93.65244,-95.63851,0.0,59.920906,-21.410923,0.0
87.08474,-81.1067,0.0,-82.1864,29.983469,0.0,-92.29391,-94.00125,0.0
-19.78309,-33.04466,0.0,75.59264,84.970146,0.0,-47.314682,-85.15142,0.0
-48.439575,92.63751,0.0,95.44889,95.84244,0.0,95.21754,15.235931,0.0
-14.763921,8.431348,0.0,93.49797,-88.1469,0.0,50.862885,-94.70175,0.0
-16.253723,-83.603516,0.0,-94.14997,-36.09244,0.0,-90.29642,-91.04349,0.0
1.2820557,-75.91272,0.0,78.18576,93.83368,0.0,96.65558,-55.475903,0.0
28.329979,20.377588,0.0,36.541565,-84.98139,0.0,-50.195175,32.661484,0.0
-18.920115,-30.445013,0.0,15.412909,20.062372,0.0,-0.45893344,-48.133274,0.0
-49.35053,76.53061,0.0,-88.79401,-93.1414,0.0,-90.29684,-17.067596,0.0
-9.596432,-93.96482,0.0,-40.29697,96.51543,0.0,-37.34237,-82.280716,0.0
-24.4568,-18.206924,0.0,-99.29395,60.924164,0.0,-78.78189,-81.080215,0.0
-32.622864,88.168655,0.0,51.07106,5.0837436,0.0,-31.455967,6.0284567,0.0
-76.946014,-57.83006,0.0,64.20388,76.56254,0.0,7.640981,-48.319073,0.0
48.211117,92.90347,0.0,-52.70569,3.133814,0.0,95.87727,31.359993,0.0
39.99697,-52.483543,0.0,58.040234,-27.13431,0.0,49.65214,-81.50576,0.0
-28.219234,7.5908237,0.0,-90.47635,98.71638,0.0,-81.333885,-78.06293,0.0
-97.98142,70.69782,0.0,-1.2459623,-88.03533,0.0,2.227599,-85.52139,0.0
-80.503204,-92.063324,0.0,-28.290194,-91.04861,0.0,42.20878,-44.382896,0.0
68.577126,30.865635,0.0,-48.092804,-38.08562,0.0,65.88574,96.986725,0.0
-18.75034,-82.4432,0.0,-80.83289,-23.679281,0.0,69.88564,-21.586813,0.0
44.84137,-92.96691,0.0,31.268175,86.37005,0.0,-14.140285,-81.92864,0.0
65.36884,-29.867146,0.0,-50.472885,87.8292,0.0,-83.043396,26.08565,0.0
35.96412,-76.51437,0.0,-42.685097,-51.728874,0.0,-48.83667,27.849365,0.0
75.55303,18.00376,0.0,-9.54838,-54.546803,0.0,-76.00269,-77.162056,0.0
98.80743,64.485985,0.0,-12.028519,80.13136,0.0,-6.420402,94.06119,0.0
17.936602,98.62476,0.0,69.02289,-14.28327,0.0,-4.690893,15.629001,0.0
-42.47562,51.779457,0.0,-27.204403,23.768017,0.0,-40.78229,75.85859,0.0
-73.6408,98.61232,0.0,98.55136,66.833176,0.0,51.240852,-46.326206,0.0
-97.935616,-90.67568,0.0,92.05952,-23.43093,0.0,17.965658,-76.02287,0.0
-88.313805,64.38245,0.0,-41.82353,-24.326157,0.0,60.72726,34.976303,0.0
-46.89033,94.28473,0.0,-35.352505,35.354286,0.0,90.918274,83.40162,0.0
63.508198,61.95694,0.0,22.100195,-14.396875,0.0,96.964005,67.5839,0.0
-28.965801,-3.762401,0.0,87.52911,-88.62176,0.0,50.24559,36.72171,0.0
67.00359,22.180115,0.0,31.558044,-43.369854,0.0,10.593431,-36.062904,0.0
3.75059,10.727691,0.0,-37.47782,-2.918182,0.0,51.288227,-96.8185,0.0
95.54028,-23.177666,0.0,59.586926,-20.70485,0.0,57.726044,-49.447994,0.0
11.337751,-31.030624,0.0,-8.615132,-53.411575,0.0,99.70492,19.258263,0.0
-86.66115,81.92592,0.0,-35.258884,79.41718,0.0,5.096245,-49.34226,0.0
-84.14643,50.80283,0.0,71.85935,-78.81937,0.0,-7.532171,88.261795,0.0
-98.97396,6.659332,0.0,-52.022144,79.70165,0.0,80.945206,99.249695,0.0
-81.35602,91.11653,0.0,51.074562,-46.8828,0.0,-21.107065,24.807571,0.0
-59.833027,-79.25762,0.0,85.31598,91.332924,0.0,58.812397,-8.733493,0.0
55.42934,28.483507,0.0,61.78021,92.54109,0.0,-12.26311,-90.01386,0.0
-41.05391,-12.20752,0.0,44.169285,23.547277,0.0,26.058115,-98.93659,0.0
62.852547,54.026733,0.0,-66.82772,-92.87835,0.0,61.394608,40.065826,0.0
68.267334,9.42028,0.0,-30.921667,57.65103,0.0,65.553024,-69.75291,0.0
62.706985,53.661484,0.0,-48.244297,95.102264,0.0,-92.62275,-29.027683,0.0
-35.045055,24.85402,0.0,-28.381748,-46.991306,0.0,-75.611244,-94.73014,0.0
-54.69939,60.867393,0.0,10.720841,83.900925,0.0,-44.461185,-24.7482,0.0
-36.72624,29.853298,0.0,20.915623,6.235262,0.0,57.115597,-28.753563,0.0
35.592373,24.456736,0.0,-52.836044,-30.327234,0.0,95.83021,-65.63289,0.0
-1.4418942,16.310537,0.0,59.603783,29.148836,0.0,-92.11624,3.8019316,0.0
-28.225815,-19.931843,0.0,-94.63134,-38.692875,0.0,7.9099684,-49.574387,0.0
-84.314995,-23.045216,0.0,41.779053,98.6849,0.0,-2.3148713,96.74795,0.0
-32.856968,-69.28232,0.0,92.69211,18.3453,0.0,-35.68582,53.393456,0.0
-8.571458,-42.188995,0.0,-22.961634,-89.37509,0.0,21.779684,26.079592,0.0
15.09046,12.249222,0.0,51.017197,0.35585016,0.0,57.40206,-57.481567,0.0
-29.143337,19.536453,0.0,44.41969,32.01114,0.0,99.19163,-82.244576,0.0
-16.610052,-95.36458,0.0,17.770529,78.65428,0.0,90.894424,-63.40818,0.0
99.38245,64.04561,0.0,60.240635,73.47133,0.0,-95.19806,-44.104733,0.0
63.31529,-48.489025,0.0,65.64585,-40.10578,0.0,-34.53318,-83.5148,0.0
28.704992,-82.32668,0.0,-10.888471,-88.93162,0.0,90.31887,-7.098811,0.0
-33.958267,-88.00998,0.0,-25.096981,-91.863495,0.0,-71.62895,85.86923,0.0
63.15904,49.946827,0.0,-25.897322,25.671986,0.0,81.89534,95.70131,0.0
-88.95939,-38.83247,0.0,-26.759928,8.063445,0.0,-4.5520964,77.78807,0.0
-0.8896701,-47.74003,0.0,-4.2152076,-92.3869,0.0,77.55498,99.64331,0.0
-73.46957,-79.131516,0.0,63.64325,49.228706,0.0,-29.760956,-99.44883,0.0
65.260414,-73.95001,0.0,70.538574,97.25622,0.0,13.70805,98.99068,0.0
45.039547,-49.188423,0.0,-43.30966,-99.90718,0.0,-29.783167,-88.63814,0.0
-40.641228,57.478096,0.0,-95.09233,61.69107,0.0,33.17265,-75.635956,0.0
-85.63319,-70.23648,0.0,62.555264,-23.495169,0.0,-45.165478,75.81601,0.0
-98.86068,73.75756,0.0,30.469423,83.78138,0.0,57.713215,-15.296221,0.0
26.101112,93.10598,0.0,-39.222763,12.898488,0.0,64.35083,-82.60803,0.0
15.875719,30.839924,0.0,91.43237,28.268427,0.0,25.43522,23.565617,0.0
38.747517,-76.21211,0.0,0.61302763,99.07655,0.0,3.3693159,-94.53004,0.0
-86.09104,-38.22497,0.0,38.789654,20.819618,0.0,-38.239765,-87.78631,0.0
-99.09749,12.578957,0.0,3.0369287,-51.466656,0.0,-20.048763,-78.00782,0.0
-91.27918,51.837715,0.0,67.27183,27.372707,0.0,15.869778,-1.4721394,0.0
52.801414,-51.42526,0.0,-57.130062,-95.013115,0.0,-38.453403,-83.56269,0.0
-90.58588,-85.12942,0.0,-80.98198,87.006935,0.0,32.81237,-97.538536,0.0
-94.625534,-75.47787,0.0,-30.939444,-83.05514,0.0,55.000237,-3.9478247,0.0
-90.21022,-64.67292,0.0,53.651466,-62.09139,0.0,-62.329407,85.67962,0.0
13.741406,76.56122,0.0,-7.1398683,15.495039,0.0,-79.44018,41.224743,0.0
-33.5569,-53.303658,0.0,-95.56664,96.33238,0.0,-49.11675,-30.426926,0.0
93.85957,86.92315,0.0,21.3755,-29.067984,0.0,8.080454,-95.55688,0.0
-53.125748,4.148673,0.0,-98.45796,10.054543,0.0,-44.94778,-94.21729,0.0
27.801504,97.00313,0.0,63.652996,77.69486,0.0,-46.353912,96.578896,0.0
56.267937,2.1763577,0.0,-40.29783,-28.127846,0.0,-99.17246,-30.550735,0.0
98.27077,94.32057,0.0,-40.967514,76.5745,0.0,-40.96212,34.749382,0.0
0.76581234,-36.473442,0.0,-94.998604,60.366974,0.0,-42.106236,19.991323,0.0
96.5141,-98.52997,0.0,7.9170876,-45.987736,0.0,-29.00856,-43.449497,0.0
-44.815395,7.136516,0.0,-32.552887,-14.953679,0.0,40.046986,-50.210476,0.0
-84.87062,-90.31972,0.0,34.61982,-86.99184,0.0,-27.824734,-5.4772415,0.0
97.69824,-6.8459787,0.0,91.78025,2.274862,0.0,64.5876,97.58642,0.0
24.11482,29.050598,0.0,73.15591,-91.84038,0.0,36.315933,-50.08255,0.0
-29.299139,79.45176,0.0,90.68173,86.95197,0.0,86.188995,32.6389,0.0
-11.262805,-98.802376,0.0,-92.032234,39.977604,0.0,-61.27624,81.82282,0.0
-97.4468,72.743965,0.0,-99.76195,-18.167227,0.0,-99.22567,-23.39339,0.0
53.098778,77.94035,0.0,-59.392014,-86.43867,0.0,17.547073,-80.788826,0.0
-83.54557,-21.343122,0.0,-77.03563,-72.041306,0.0,-34.002533,24.487919,0.0
14.006973,-76.32132,0.0,-32.490177,-61.72093,0.0,-25.89437,4.4123554,0.0
22.033714,-21.674706,0.0,99.42985,-97.8374,0.0,-33.846504,-17.63318,0.0
-81.45497,-64.53762,0.0,-99.09104,-43.156883,0.0,9.904493,-83.44147,0.0
19.471382,98.64023,0.0,78.38472,-96.5871,0.0,-24.286795,-94.9916,0.0
50.737606,-75.99118,0.0,-42.91645,29.719908,0.0,99.55288,68.38203,0.0
-83.84842,36.292107,0.0,-23.732468,28.752342,0.0,43.677887,-88.30457,0.0
26.914724,-25.755865,0.0,90.78272,-22.527437,0.0,61.795708,-16.996088,0.0
-0.30067155,-84.32281,0.0,83.50314,79.27161,0.0,61.48791,-97.42569,0.0
-98.2208,-63.522343,0.0,90.281235,-57.356026,0.0,23.14986,92.362724,0.0
-14.044288,-47.145454,0.0,90.70077,-36.144382,0.0,57.62381,-25.590778,0.0
-38.531994,39.53533,0.0,-95.066826,78.01205,0.0,-80.552925,-24.67499,0.0
92.613235,84.871315,0.0,-17.681755,-90.22498,0.0,-97.92726,-22.374933,0.0
14.211615,31.511644,0.0,77.993835,93.881775,0.0,90.18471,-89.56967,0.0
39.557285,87.277275,0.0,88.186844,-92.83292,0.0,5.9295774,-83.44881,0.0
45.93746,32.517242,0.0,4.1285734,-53.01631,0.0,5.610624,14.030356,0.0
4.0699472,-31.850897,0.0,52.948227,33.187805,0.0,19.885273,-46.609207,0.0
88.88174,13.755124,0.0,-91.18858,2.9089804,0.0,75.37833,81.59015,0.0
-78.856,89.20509,0.0,-84.69918,-7.3245096,0.0,-34.030437,31.74916,0.0
-8.83575,93.47608,0.0,-69.20634,86.62718,0.0,18.991514,92.463554,0.0
-89.6026,-95.8044,0.0,63.18337,21.06489,0.0,-6.071981,-43.04243,0.0
-38.74407,-50.169228,0.0,-34.2472,-75.071106,0.0,15.694672,25.750702,0.0
-37.017315,60.680405,0.0,-0.646414,98.223076,0.0,92.80499,-20.492577,0.0
56.815018,94.01566,0.0,10.868456,-54.930473,0.0,67.16934,38.339626,0.0
-13.390602,34.479942,0.0,57.89265,91.82064,0.0,-9.695703,14.256588,0.0
-83.79515,-7.092991,0.0,-50.77869,63.925694,0.0,-38.814823,-22.563606,0.0
87.267746,5.7861834,0.0,-33.03401,-12.624312,0.0,59.300636,-98.93227,0.0
-4.09248,87.24876,0.0,-46.201393,-62.966885,0.0,24.417065,-23.623167,0.0
-53.37626,77.919655,0.0,-14.496124,23.166054,0.0,79.945435,93.738785,0.0
28.25204,-36.00944,0.0,57.116856,-55.837914,0.0,94.70679,-4.5503435,0.0
-2.1137967,12.692598,0.0,-86.52024,93.70217,0.0,-15.48115,31.906357,0.0
28.548471,1.2548933,0.0,-92.866905,55.72961,0.0,-77.13037,0.22020221,0.0
-35.36378,-59.413956,0.0,53.31815,52.890343,0.0,-1.837877,85.174706,0.0
-83.31468,-28.76152,0.0,23.796118,95.7982,0.0,51.00064,53.50854,0.0
88.98947,30.93198,0.0,-47.49266,-96.38109,0.0,97.80055,-54.535717,0.0
67.29772,-71.11247,0.0,3.5585134,-96.31853,0.0,65.07103,-32.44353,0.0
23.132,-35.72495,0.0,-22.10871,99.53518,0.0,42.97387,76.912544,0.0
-43.92862,95.24576,0.0,-47.39199,-37.525337,0.0,-86.97804,36.788185,0.0
25.273052,-99.29351,0.0,99.651215,-6.101079,0.0,11.705562,30.001282,0.0
51.737175,82.973885,0.0,22.42616,15.447371,0.0,-39.54416,28.79538,0.0
19.909145,-95.42066,0.0,-88.65444,-44.845955,0.0,97.0513,-34.61074,0.0
-77.42083,-0.5304006,0.0,5.561971,7.178773,0.0,84.167015,4.133389,0.0
-60.408123,91.275154,0.0,-35.44773,51.675816,0.0,-46.020264,7.558446,0.0
80.23905,23.416977,0.0,65.07395,-70.77844,0.0,-36.02718,2.7412612,0.0
-53.567547,-47.219334,0.0,-8.607339,26.97653,0.0,-77.960754,-34.08829,0.0
22.83157,-31.127754,0.0,-28.992426,8.406559,0.0,-46.828426,87.235535,0.0
13.402929,-87.75025,0.0,-32.700066,98.637764,0.0,83.32374,95.37369,0.0
75.57843,85.90708,0.0,44.14714,26.73524,0.0,-47.034897,-71.92032,0.0
50.108818,29.582073,0.0,24.681839,-22.164923,0.0,-70.48275,94.75717,0.0
15.290848,-92.09663,0.0,-83.58614,43.060017,0.0,25.51406,31.065672,0.0
29.656738,-80.36808,0.0,68.82414,-1.3872079,0.0,64.710846,52.83876,0.0
0.1605793,13.291224,0.0,-21.258255,12.545851,0.0,17.791567,-16.584515,0.0
-54.977333,92.582466,0.0,59.95,89.13212,0.0,-48.864277,-42.74121,0.0
-82.31348,-94.8358,0.0,96.56542,58.87863,0.0,94.4816,-32.14078,0.0
99.75553,99.84707,0.0,-14.463796,31.704678,0.0,-92.98774,-51.606945,0.0
-70.360435,91.089294,0.0,-99.78153,6.238884,0.0,17.30105,-91.37772,0.0
-36.26518,11.382621,0.0,65.95507,48.447052,0.0,-60.464237,-92.70393,0.0
-81.25419,-4.4888597,0.0,51.347878,-5.2060466,0.0,-48.185997,0.38262096,0.0
6.5680604,28.75579,0.0,4.6092057,-28.518341,0.0,58.150097,-74.57257,0.0
-97.5228,-34.991486,0.0,-36.333233,-68.05864,0.0,-82.81335,6.336224,0.0
-34.088066,37.536285,0.0,21.112482,-47.851242,0.0,-92.04174,-43.82578,0.0
35.25983,-88.20358,0.0,-47.6458,48.849373,0.0,-78.99286,-93.81976,0.0
-52.471466,-48.985165,0.0,60.740295,-59.403175,0.0,-34.630272,-98.384384,0.0
16.682322,79.58198,0.0,22.696383,-97.70986,0.0,-89.31583,38.69244,0.0
-99.11659,15.50695,0.0,-69.83803,-96.18383,0.0,-48.04372,78.58165,0.0
-49.046684,53.9785,0.0,-46.50307,78.46162,0.0,-84.95806,11.690351,0.0
-76.356125,-77.74374,0.0,18.102974,-88.30051,0.0,-50.296116,-51.2763,0.0
43.541348,83.181755,0.0,-47.039448,95.42177,0.0,-94.470924,90.13135,0.0
-20.079844,-99.99444,0.0,-89.73351,21.215385,0.0,-27.606527,25.856842,0.0
0.8173312,81.605774,0.0,8.960512,18.311356,0.0,70.457794,-75.722496,0.0
-13.693746,-85.557365,0.0,53.93254,83.73097,0.0,49.94654,77.76839,0.0
50.2504,-24.097668,0.0,25.819979,-10.487428,0.0,-19.610643,77.74613,0.0
22.596767,1.2153202,0.0,8.629781,22.144756,0.0,73.469925,75.93941,0.0
2.0801363,-89.6274,0.0,-30.545612,-41.70855,0.0,-82.25291,13.970876,0.0
42.642303,95.535904,0.0,-52.609413,-16.008503,0.0,60.8607,78.442825,0.0
-46.21984,-76.13979,0.0,74.78337,-79.90301,0.0,-42.486217,-38.69291,0.0
52.94915,-75.28082,0.0,-13.929317,87.73649,0.0,77.38509,0.92905664,0.0
-10.172449,23.85177,0.0,55.6082,-3.8517053,0.0,-10.917587,-80.85435,0.0
11.804981,-30.745287,0.0,96.436455,-15.891438,0.0,93.25429,10.253665,0.0
-50.63481,-50.8492,0.0,38.772636,-48.45819,0.0,95.61373,-36.64526,0.0
-88.49011,-93.22047,0.0,-63.48412,85.64422,0.0,-39.092297,40.73441,0.0
-39.082882,-62.933323,0.0,68.637505,9.986767,0.0,-57.776497,93.14004,0.0
-28.944695,81.45524,0.0,-5.127904,-75.36081,0.0,-85.27208,-7.5673714,0.0
44.806538,98.64904,0.0,74.98157,93.174164,0.0,-49.296997,-26.57799,0.0
-45.795574,0.9894844,0.0,-95.70973,-47.786877,0.0,27.564571,13.001542,0.0
86.13544,29.422796,0.0,87.71892,4.204707,0.0,57.84884,-97.39207,0.0
-46.858932,58.227863,0.0,23.168377,-38.040997,0.0,59.552353,-32.90695,0.0
-84.88921,38.34142,0.0,69.68572,47.2371,0.0,70.953606,-86.98444,0.0
55.248497,-43.181118,0.0,-78.47095,-0.80170715,0.0,-86.62296,-44.00464,0.0
-91.82458,-17.107176,0.0,52.993732,-29.938362,0.0,-78.05135,-57.023895,0.0
82.85142,23.058697,0.0,-74.5855,-80.12188,0.0,-90.74876,46.700157,0.0
-3.2155886,11.885902,0.0,91.06553,31.58155,0.0,98.27517,93.82786,0.0
-92.13339,94.695526,0.0,52.462418,-45.58827,0.0,89.84505,2.3778822,0.0
66.52242,40.535294,0.0,-48.0432,-61.726913,0.0,-17.340792,-97.020996,0.0
-74.97938,98.65104,0.0,19.668285,33.934284,0.0,60.384747,24.06572,0.0
90.99659,-73.45249,0.0,-43.448856,9.999956,0.0,91.81859,13.464255,0.0
98.99462,43.529533,0.0,90.21195,47.22586,0.0,76.964096,-93.16688,0.0
-32.811974,45.190243,0.0,-74.13642,-91.83072,0.0,-95.123764,-48.487217,0.0
24.856222,79.43283,0.0,70.323746,12.118985,0.0,-34.91509,57.275154,0.0
-29.881775,-12.034607,0.0,-92.74404,73.86624,0.0,-98.34098,91.90946,0.0
-96.375916,91.86926,0.0,17.219677,12.4954815,0.0,81.341774,-82.18153,0.0
-58.328636,95.580154,0.0,22.899118,78.28483,0.0,-82.99477,21.511026,0.0
-5.43447,27.875162,0.0,26.53547,3.5406778,0.0,-34.483673,-28.191069,0.0
44.545956,25.849043,0.0,39.46663,95.0324,0.0,25.764675,99.77428,0.0
-0.07578276,-43.52552,0.0,-92.77478,35.938732,0.0,-97.608505,93.47425,0.0
-39.874107,-17.62184,0.0,-68.39269,-84.61677,0.0,-55.81217,-78.58837,0.0
-49.477257,65.13942,0.0,-46.004208,9.157007,0.0,28.914259,-95.14637,0.0
32.13906,21.858702,0.0,-25.330547,0.8261041,0.0,46.66459,-97.77521,0.0
-95.732,-26.161167,0.0,-41.935867,7.471488,0.0,-17.348934,-29.110386,0.0
-42.74782,83.25894,0.0,52.95648,20.821035,0.0,-78.2261,-58.615868,0.0
-9.255453,26.514908,0.0,-37.071606,-23.252089,0.0,14.10378,-77.944984,0.0
22.64853,-90.264626,0.0,99.54729,-82.727554,0.0,-34.18734,-84.65648,0.0
13.237594,-21.867071,0.0,-98.2322,-79.53938,0.0,33.659435,85.73855,0.0
52.17928,-62.003555,0.0,53.470036,83.81923,0.0,50.052742,47.715385,0.0
-33.44307,-14.990821,0.0,33.076717,-52.631886,0.0,-34.916485,-2.3750496,0.0
-18.203869,34.827694,0.0,2.7014472,87.870605,0.0,62.562477,-88.615326,0.0
95.27643,42.68474,0.0,78.01118,21.937544,0.0,97.45832,69.13664,0.0
-98.70893,-94.66265,0.0,-76.20256,9.764484,0.0,-34.979626,15.750301,0.0
38.266895,-83.23958,0.0,89.15858,96.67082,0.0,93.33687,78.301674,0.0
-88.84131,-54.89008,0.0,68.256584,-19.65915,0.0,59.763996,2.9908583,0.0
12.315137,-34.63125,0.0,-93.10274,83.80943,0.0,-45.984715,-18.20484,0.0
1.3554953,-92.2773,0.0,17.709457,-82.96866,0.0,-91.135345,-73.30462,0.0
46.216114,86.64315,0.0,64.00875,45.407043,0.0,-91.84341,67.00081,0.0
-7.2938104,-94.88341,0.0,-98.2816,99.840416,0.0,-46.111645,76.063866,0.0
32.9109,-76.90403,0.0,-90.164696,22.522694,0.0,93.3142,74.18549,0.0
-35.96676,8.646507,0.0,-91.29291,63.938633,0.0,-17.855398,-29.828846,0.0
39.681194,-94.45514,0.0,94.45082,-26.536608,0.0,-33.243217,-37.42294,0.0
58.216167,25.967974,0.0,-42.55971,-90.999565,0.0,-90.06525,73.390884,0.0
-84.63351,-36.777046,0.0,-35.499325,-27.88802,0.0,-32.495937,-8.9794235,0.0
20.274797,15.707516,0.0,-53.067043,98.25038,0.0,34.32502,-87.31258,0.0
74.45981,11.552074,0.0,70.1505,24.467857,0.0,91.77353,-20.860388,0.0
68.18871,61.03607,0.0,-43.825367,-11.427831,0.0,31.740889,26.205173,0.0
-31.004107,-12.947229,0.0,-93.18635,-75.59435,0.0,59.67959,-7.4894514,0.0
-31.007423,-57.240578,0.0,4.228374,26.100487,0.0,85.15695,-87.86658,0.0
-95.13371,-11.244445,0.0,67.91279,-28.621164,0.0,-85.0283,-28.461906,0.0
84.7669,15.36882,0.0,7.2186894,29.254053,0.0,-32.706722,75.708916,0.0
8.463367,90.24316,0.0,-36.891563,61.50951,0.0,-83.43367,81.31071,0.0
23.21699,-81.82915,0.0,-44.971767,76.27934,0.0,41.84232,87.0298,0.0
20.687569,-36.48656,0.0,59.68133,13.356253,0.0,35.297413,-83.745384,0.0
7.992825,16.293184,0.0,91.86392,-38.702877,0.0,88.9702,30.620663,0.0
-39.247135,-41.616474,0.0,93.00528,-88.127716,0.0,-3.3979104,87.92129,0.0
-78.067215,-70.52712,0.0,-0.8744683,-35.291187,0.0,-98.8821,77.0105,0.0
20.708908,-82.16232,0.0,-99.55772,-12.754579,0.0,36.953526,95.206604,0.0
-97.70886,-61.831875,0.0,-43.416485,-21.1823,0.0,-97.71394,34.428864,0.0
12.244822,4.422564,0.0,-97.41536,-67.98437,0.0,-32.526352,-40.004406,0.0
-19.25688,24.228579,0.0,77.60027,20.998146,0.0,17.41813,-49.83574,0.0
63.742924,44.928173,0.0,-73.81583,78.10379,0.0,18.34194,-35.82178,0.0
22.719086,-35.37982,0.0,-4.395012,-30.784033,0.0,22.925928,85.912476,0.0
-38.91162,38.93658,0.0,66.07856,-86.46445,0.0,-96.58809,10.539739,0.0
59.99061,-70.653015,0.0,-87.941765,30.448458,0.0,57.837284,7.2593083,0.0
43.61361,-46.015553,0.0,58.86361,-5.37944,0.0,-34.553825,1.2706633,0.0
69.70683,41.62753,0.0,98.43335,14.082936,0.0,-0.55647004,-82.50449,0.0
63.484287,70.536446,0.0,47.005962,-52.621548,0.0,-59.57171,95.09496,0.0
-4.886863,24.018309,0.0,-35.105316,-14.18708,0.0,35.109264,-43.19413,0.0
-90.82861,8.264461,0.0,-16.285887,95.50366,0.0,0.7182266,28.3784,0.0
24.00781,-83.64098,0.0,81.3701,82.35647,0.0,-84.92434,81.24077,0.0
-84.670204,-69.03787,0.0,87.87075,-94.84188,0.0,-31.878973,-87.65558,0.0
-32.719505,-1.1235642,0.0,-69.59017,88.5401,0.0,66.71052,-86.02026,0.0
40.301533,98.17897,0.0,62.471172,-96.48,0.0,-81.47979,-71.07617,0.0
-21.015432,23.482925,0.0,-96.89048,76.8376,0.0,-84.90623,-3.5989165,0.0
-32.227524,14.2950735,0.0,29.458725,34.803482,0.0,34.098644,98.87383,0.0
-48.648407,46.444275,0.0,-38.175907,-21.944733,0.0,-92.76811,86.8498,0.0
38.85375,95.7564,0.0,-91.83734,97.34253,0.0,2.5681884,-96.43489,0.0
57.93352,95.74216,0.0,-29.51236,97.22589,0.0,73.5133,25.979483,0.0
87.75555,21.029087,0.0,62.46894,34.296055,0.0,-41.70255,12.691045,0.0
-79.73123,-5.1437106,0.0,8.209295,-75.69052,0.0,19.359587,82.05583,0.0
77.21481,-89.528915,0.0,56.321724,82.71992,0.0,-96.10178,40.486355,0.0
-84.97795,-70.18972,0.0,-46.975296,-5.489127,0.0,-30.987709,70.40853,0.0
79.602806,-99.38898,0.0,33.31659,-47.167294,0.0,-55.660633,-97.555046,0.0
-24.214678,17.662788,0.0,-75.25485,69.60809,0.0,89.69718,16.848083,0.0
53.67582,14.602153,0.0,-25.038034,-33.67802,0.0,50.559933,-52.96569,0.0
19.395733,20.893764,0.0,98.61325,-59.577965,0.0,-11.077459,-88.9196,0.0
-91.70923,35.945183,0.0,86.79614,26.653597,0.0,-89.98091,-99.36558,0.0
45.28809,-84.06668,0.0,91.87315,80.59813,0.0,41.215565,-93.34385,0.0
-92.07745,25.382425,0.0,-85.67335,-45.834225,0.0,93.62938,23.794085,0.0
-30.614948,16.892342,0.0,44.33466,75.788414,0.0,-69.16632,-87.27792,0.0
28.671864,-23.147408,0.0,98.275024,39.502808,0.0,37.07214,-52.54083,0.0
-75.097466,-97.556526,0.0,53.89169,5.4198713,0.0,-29.83216,-96.791145,0.0
17.509718,87.77473,0.0,15.066884,-25.441496,0.0,-84.01113,-43.820827,0.0
27.712154,-6.1982903,0.0,43.46019,-83.65713,0.0,13.469443,-21.706764,0.0
-87.28415,58.41219,0.0,-36.899773,-47.350132,0.0,10.213113,30.848022,0.0
29.678679,-32.348217,0.0,52.24136,-69.53871,0.0,61.284,14.954953,0.0
-38.558445,-85.39288,0.0,81.0333,20.233967,0.0,82.19422,17.711535,0.0
-86.067215,-65.67215,0.0,0.7055249,-45.704357,0.0,-36.478115,10.631388,0.0
99.60897,32.68283,0.0,60.35605,63.170887,0.0,-63.45044,96.49673,0.0
97.43608,-2.3119862,0.0,-4.307741,33.74155,0.0,-95.41203,62.66524,0.0
-2.1378999,-38.03788,0.0,95.61288,20.57726,0.0,-68.56179,-96.16117,0.0
9.450112,22.044579,0.0,-82.96558,61.554985,0.0,63.409496,31.313019,0.0
-75.38539,-99.666275,0.0,61.12058,36.740955,0.0,74.654305,95.6401,0.0
-48.448948,14.218952,0.0,71.729965,-96.805504,0.0,51.960762,-35.97463,0.0
-7.962733,29.563858,0.0,96.22563,61.37779,0.0,-47.01122,78.16401,0.0
-6.020363,98.02333,0.0,-77.37803,-12.162491,0.0,-73.78714,83.64978,0.0
-59.94833,-90.97096,0.0,58.2271,-11.366191,0.0,94.61606,11.197558,0.0
-38.96195,90.0839,0.0,-45.752735,-69.993195,0.0,-74.8805,-85.18015,0.0
-83.53609,15.4952545,0.0,-86.45268,3.0428448,0.0,65.276405,-26.780285,0.0
69.38438,-27.417572,0.0,87.77215,32.42911,0.0,-53.073483,76.32598,0.0
99.648834,-86.61527,0.0,-29.64075,-39.782295,0.0,36.829884,96.858406,0.0
-76.103714,38.67751,0.0,93.49547,50.253548,0.0,81.19531,14.598733,0.0
-75.17014,-66.316154,0.0,57.869926,7.159433,0.0,-12.987695,-31.174582,0.0
-90.06756,42.98641,0.0,-91.30879,52.184673,0.0,5.5587225,34.29424,0.0
72.076584,97.502884,0.0,6.7076116,99.62362,0.0,-12.239301,30.156918,0.0
-37.46364,-62.646595,0.0,-25.698467,76.63137,0.0,24.679941,10.776931,0.0
29.214521,-35.032547,0.0,-8.0078945,92.556,0.0,66.08679,44.962685,0.0
25.756367,-28.621933,0.0,58.498306,9.440484,0.0,-76.30301,-15.55812,0.0
90.004906,-25.37694,0.0,21.19094,28.335499,0.0,65.43931,69.978516,0.0
92.45236,-18.255373,0.0,-32.956623,-60.918564,0.0,36.52183,-77.29597,0.0
-80.58584,-95.2266,0.0,-44.12599,-84.64553,0.0,-27.402294,-48.979736,0.0
-99.43272,-18.86922,0.0,-79.25607,67.33731,0.0,-85.85442,-6.408716,0.0
-71.85851,89.50182,0.0,25.15806,-21.608274,0.0,-74.910484,-98.69105,0.0
-99.810135,-84.02922,0.0,95.07827,20.856163,0.0,-54.81701,-45.45587,0.0
-69.9348,-94.75693,0.0,17.915283,-79.26102,0.0,3.3385231,13.157704,0.0
56.15579,95.357574,0.0,-24.265945,-52.923985,0.0,-93.208176,-46.39869,0.0
80.07964,34.57906,0.0,-31.576393,-20.057064,0.0,1.8761326,86.997154,0.0
-23.412521,-43.442177,0.0,49.03967,84.515465,0.0,80.38871,-91.82884,0.0
96.447495,-39.418583,0.0,10.918239,-93.29771,0.0,3.0443435,-47.009598,0.0
1.9229655,-88.841354,0.0,-78.93326,-40.968628,0.0,-85.474045,-22.24934,0.0
-52.685204,14.503517,0.0,55.284176,-27.913712,0.0,-80.562904,11.773061,0.0
-53.296864,-11.628421,0.0,81.576965,-79.015396,0.0,-21.766083,-21.534868,0.0
-23.187056,-91.02429,0.0,-97.990654,57.20601,0.0,-92.98508,73.05054,0.0
17.2188,19.658325,0.0,67.66593,80.36183,0.0,-98.920815,46.166866,0.0
-91.607155,-2.1643877,0.0,55.968204,-26.55444,0.0,95.90333,-13.51116,0.0
-80.84689,-20.961637,0.0,-70.34717,-75.16221,0.0,58.790432,9.732663,0.0
60.197098,85.55103,0.0,-1.6080909,99.26537,0.0,-94.843895,53.347446,0.0
-1.1524571,77.54568,0.0,99.79519,-17.57349,0.0,-49.286556,56.43007,0.0
19.73478,-10.630716,0.0,98.530304,68.128075,0.0,-95.2319,90.47828,0.0
26.428627,-37.450096,0.0,-34.06172,30.54444,0.0,8.410628,85.926765,0.0
-99.118835,88.60094,0.0,2.8666792,24.536308,0.0,-78.078606,28.986942,0.0
63.950092,-30.922606,0.0,-36.501865,41.680264,0.0,-16.10933,-39.132626,0.0
63.100918,25.787642,0.0,-54.16729,-31.727882,0.0,16.218851,-78.29478,0.0
64.3933,-19.404007,0.0,-27.847359,33.223328,0.0,54.445293,-48.953766,0.0
-40.57438,60.84337,0.0,12.633266,-93.02636,0.0,60.757633,33.97144,0.0
-31.34806,47.358177,0.0,-96.594154,-72.48915,0.0,-92.13612,-36.749603,0.0
29.439125,13.63872,0.0,-26.144844,-95.14127,0.0,91.433334,-37.284798,0.0
26.245245,-98.31845,0.0,96.821724,-19.012005,0.0,50.57476,83.33227,0.0
-30.167116,-30.447014,0.0,32.404087,-93.58561,0.0,-79.91021,15.197867,0.0
-61.034943,-97.375694,0.0,50.49679,40.81585,0.0,-93.59969,-15.024757,0.0
-85.0719,-24.415136,0.0,67.153465,29.418314,0.0,99.49793,-28.29943,0.0
95.35647,81.463196,0.0,-52.177414,-10.779797,0.0,-92.62138,0.5499844,0.0
-87.40602,46.080948,0.0,-47.841904,67.23378,0.0,-20.387201,-88.008644,0.0
47.48609,31.35987,0.0,-18.355764,-53.42086,0.0,-63.964813,-99.54885,0.0
-15.9273205,-36.587246,0.0,-50.959885,32.691772,0.0,-12.554604,91.22038,0.0
98.94983,49.092407,0.0,-38.108337,-21.36558,0.0,24.719698,19.729618,0.0
-31.209913,-5.7340665,0.0,54.172096,-10.926569,0.0,33.795307,76.3487,0.0
20.664324,-17.486456,0.0,9.580028,90.84169,0.0,97.48932,-60.619965,0.0
58.519737,32.32113,0.0,-77.26092,-64.9916,0.0,-38.85262,50.11442,0.0
69.96446,68.801445,0.0,-47.832695,29.340805,0.0,-80.54258,-71.52713,0.0
61.77728,34.708416,0.0,-50.786983,52.49163,0.0,-52.31332,95.67816,0.0
-34.672523,85.9587,0.0,-42.445354,-63.37561,0.0,-0.35967144,-81.97656,0.0
-77.59112,39.587425,0.0,-37.842243,-83.6603,0.0,-83.89343,41.683277,0.0
29.957878,-43.250443,0.0,59.94097,-40.37121,0.0,13.236752,90.8022,0.0
-52.95078,1.758112,0.0,-6.6106014,-92.612976,0.0,-27.683788,-90.16624,0.0
-49.399475,34.19428,0.0,67.512985,-3.8532958,0.0,51.037006,-16.690338,0.0
-50.702168,-30.381569,0.0,90.169876,-69.283424,0.0,90.058075,3.8869882,0.0
-36.002132,-73.0233,0.0,-45.45186,-62.072063,0.0,-90.72925,54.416378,0.0
68.20355,-98.89483,0.0,-8.499607,90.35543,0.0,-47.31454,-81.527016,0.0
58.550632,-29.006662,0.0,-98.96698,28.497929,0.0,25.953407,29.913784,0.0
-89.36813,7.0214667,0.0,-48.793026,-16.259388,0.0,-98.44615,-29.480137,0.0
55.690434,-8.000917,0.0,-77.077225,-14.136342,0.0,-53.480335,72.17171,0.0
-81.811935,-8.653075,0.0,67.775665,-24.73352,0.0,-78.58762,-23.611074,0.0
61.355423,-85.067375,0.0,51.97244,2.9229758,0.0,18.017193,78.368355,0.0
-44.21327,22.323275,0.0,-86.20836,-95.35342,0.0,79.23233,-76.65003,0.0
74.972176,16.731636,0.0,89.80125,22.975197,0.0,73.15842,12.217502,0.0
-48.68031,1.8393893,0.0,-60.841106,-78.22764,0.0,95.27116,48.588943,0.0
78.465164,-76.69503,0.0,98.534485,86.75165,0.0,-78.988335,26.714432,0.0
46.603596,-75.02837,0.0,50.13078,35.3731,0.0,44.06928,-85.65078,0.0
-21.412954,-54.66813,0.0,75.050476,96.98719,0.0,22.201385,-25.946592,0.0
17.684084,-26.780788,0.0,-99.32353,1.7458415,0.0,-38.542706,72.37575,0.0
16.524656,-83.72979,0.0,-40.801357,18.394018,0.0,14.270635,9.935081,0.0
-74.247826,-83.546486,0.0,76.05208,13.958318,0.0,29.91743,-42.22734,0.0
-80.00922,23.812197,0.0,-79.01919,96.77896,0.0,52.80564,26.767752,0.0
93.47976,-33.76721,0.0,88.59035,84.222725,0.0,-25.831701,-43.866913,0.0
25.5861,-10.120048,0.0,0.75222677,-37.273876,0.0,-10.2211895,-81.536476,0.0
-49.643993,-2.581471,0.0,66.24301,-89.12951,0.0,29.45306,-47.84667,0.0
45.14424,28.930687,0.0,54.572186,-24.52002,0.0,32.42713,-97.92577,0.0
-1.2002978,25.086376,0.0,-14.585659,75.79239,0.0,83.45641,-85.083595,0.0
-75.102036,-16.126463,0.0,-39.080746,72.506775,0.0,-15.401818,-85.67419,0.0
-72.532036,-82.79213,0.0,59.63416,77.42592,0.0,-42.42348,-97.64054,0.0
25.952381,83.44901,0.0,7.391445,11.688195,0.0,-48.2991,53.89585,0.0
92.28518,32.97984,0.0,-38.57615,60.64813,0.0,-70.29888,-82.427635,0.0
20.621077,-86.47315,0.0,-51.770416,25.702692,0.0,22.270216,-77.046005,0.0
-99.51592,85.60117,0.0,-88.72934,-41.71347,0.0,-10.788492,85.852875,0.0
11.883206,-80.08529,0.0,36.019947,80.54784,0.0,-35.294376,96.11803,0.0
-40.60587,-2.9897401,0.0,34.24536,-79.908295,0.0,-78.29726,-99.219444,0.0
45.383747,96.47189,0.0,-98.33745,92.959526,0.0,-87.41615,45.448048,0.0
-84.311646,4.1864386,0.0,-11.816425,-52.384987,0.0,-51.5613,60.56712,0.0
22.960112,21.897234,0.0,-41.9493,74.38052,0.0,70.760925,81.475044,0.0
18.203382,89.50127,0.0,-37.573338,-46.111458,0.0,-10.408719,-80.387115,0.0
-36.593414,-37.533405,0.0,-76.64558,-28.730104,0.0,90.61827,0.2312883,0.0
-80.61298,-58.355232,0.0,-80.94747,-2.1208346,0.0,4.412225,29.928764,0.0
55.47509,-40.546406,0.0,16.137886,-49.651794,0.0,-57.29488,-79.18601,0.0
84.057884,92.98218,0.0,74.38777,4.6205235,0.0,17.40385,83.16661,0.0
39.76441,85.55153,0.0,17.188784,-3.468891,0.0,-17.508707,-99.68362,0.0
-4.5687013,23.217827,0.0,2.329237,-85.122795,0.0,98.140465,-20.907896,0.0
24.918863,-75.217545,0.0,-80.479294,97.52393,0.0,0.4523816,26.679916,0.0
97.58139,-55.57027,0.0,96.780014,41.388042,0.0,28.146065,-28.567766,0.0
-52.613422,-21.071596,0.0,-11.10412,19.062809,0.0,57.81077,16.96229,0.0
53.314575,-2.9872143,0.0,55.32586,60.063732,0.0,58.335163,-20.066397,0.0
-83.99261,-22.95407,0.0,-33.034893,-22.69874,0.0,-66.26494,76.854256,0.0
-92.04801,31.115202,0.0,-49.187042,-50.532436,0.0,47.29073,86.7108,0.0
68.489525,-63.78341,0.0,25.403603,-10.698623,0.0,-84.375496,-32.20938,0.0
-96.004486,4.695514,0.0,87.4035,98.53027,0.0,90.03223,-50.414906,0.0
93.39568,-56.395664,0.0,-27.265354,21.137808,0.0,16.38789,21.545044,0.0
31.825294,32.867947,0.0,57.31988,99.30568,0.0,-35.35572,-44.052883,0.0
55.866077,-93.99371,0.0,-45.159782,-39.563816,0.0,39.7963,-85.99483,0.0
4.8376265,-28.481829,0.0,9.800328,84.1417,0.0,-94.09952,20.126434,0.0
38.244305,-95.403435,0.0,57.81373,-92.654686,0.0,13.354399,31.967339,0.0
-96.632805,86.54838,0.0,61.258488,-57.055305,0.0,32.878754,-52.350075,0.0
-81.43653,-4.602611,0.0,-93.181335,70.14297,0.0,-64.74334,-86.99835,0.0
-52.625145,-98.38831,0.0,-75.763306,-52.996937,0.0,-45.61353,-87.72961,0.0
69.20114,-1.9798275,0.0,27.89376,87.956116,0.0,-89.2245,-92.067665,0.0
-31.255621,88.569115,0.0,93.50022,83.00938,0.0,64.41494,81.15491,0.0
64.503845,97.53863,0.0,21.617224,-16.854082,0.0,-75.77014,-52.651627,0.0
22.653496,-10.284672,0.0,-83.89325,97.17489,0.0,97.264694,83.22423,0.0
57.159294,-9.752362,0.0,-47.54049,-87.400345,0.0,53.45921,-28.628078,0.0
-7.5308685,29.214607,0.0,-92.48505,16.178936,0.0,70.59441,20.285898,0.0
14.689759,97.729065,0.0,8.120347,95.008804,0.0,83.02111,-93.24637,0.0
-17.297163,79.27493,0.0,62.864086,-66.13873,0.0,-36.353767,-45.731197,0.0
52.865868,-8.351602,0.0,-26.082397,-44.914566,0.0,-32.15895,17.363567,0.0
55.813824,64.831604,0.0,-70.44202,76.14399,0.0,29.2985,-44.588253,0.0
-35.224358,-77.93341,0.0,-1.4674704,86.95941,0.0,60.129467,79.848,0.0
68.21095,-13.303801,0.0,90.78302,40.441734,0.0,82.076546,10.2788315,0.0
-66.82427,-96.96472,0.0,59.64988,38.81476,0.0,-35.826744,-18.655563,0.0
-41.75023,17.381723,0.0,-90.21726,25.792006,0.0,-54.91295,-34.67892,0.0
-30.595928,-80.21413,0.0,-83.099174,-12.985579,0.0,94.50114,-9.877608,0.0
95.03812,-67.71352,0.0,-45.541973,76.99767,0.0,-91.97655,30.42279,0.0
42.639664,90.71752,0.0,89.22918,85.45719,0.0,17.554033,18.555,0.0
-96.04492,-34.536083,0.0,93.27372,-66.31926,0.0,48.563488,83.80135,0.0
78.93162,89.04843,0.0,-92.49143,-80.62531,0.0,-34.731037,-51.302795,0.0
-30.403786,-78.5997,0.0,-42.939564,-35.946365,0.0,66.20405,26.773428,0.0
-99.14304,38.15386,0.0,-38.96327,-70.77856,0.0,-79.01943,-61.22266,0.0
90.02009,0.50699115,0.0,-76.337,-29.422512,0.0,-84.76596,24.044764,0.0
-52.91583,46.95168,0.0,86.14962,96.35273,0.0,58.608616,-75.30002,0.0
-88.171425,-0.35317332,0.0,-50.40317,84.846756,0.0,-70.694214,82.920746,0.0
91.952965,-71.63552,0.0,79.511604,93.11781,0.0,33.697422,-76.96445,0.0
-3.8334384,-39.878284,0.0,50.007847,-65.5978,0.0,66.48161,-25.52526,0.0
-35.063705,52.36566,0.0,69.325264,92.87805,0.0,-42.455734,33.41787,0.0
61.498844,-91.202675,0.0,-35.422276,-18.511206,0.0,68.40133,80.138504,0.0
5.908653,-30.434544,0.0,63.21384,72.775314,0.0,-73.82075,75.8639,0.0
-40.99737,-99.875015,0.0,-70.41852,-88.35253,0.0,14.632672,84.95782,0.0
-92.58439,-9.649658,0.0,45.137115,-90.80901,0.0,-60.84877,80.70518,0.0
-32.172375,16.94063,0.0,59.82217,-79.2141,0.0,-15.382529,98.1157,0.0
-1.3310952,-34.757042,0.0,41.734913,-76.454605,0.0,80.59627,25.960426,0.0
53.399117,45.06317,0.0,39.073166,-78.13564,0.0,-81.93531,4.2849355,0.0
95.65952,75.703766,0.0,-81.268326,-19.219065,0.0,-92.78015,70.39562,0.0
-6.796301,-32.46349,0.0,-18.06072,84.50455,0.0,69.34069,21.490704,0.0
66.045135,73.85503,0.0,5.304212,-39.118828,0.0,46.109463,-95.8451,0.0
-5.4485426,-87.151306,0.0,83.91545,81.62442,0.0,-94.22963,20.073582,0.0
-60.059246,89.05742,0.0,-16.201832,-89.70039,0.0,-81.682686,-91.308754,0.0
-29.524426,-15.62532,0.0,25.027306,-82.02765,0.0,57.201836,-52.83464,0.0
-60.87262,-79.61478,0.0,26.980791,4.2162,0.0,21.977057,-96.98685,0.0
97.025986,56.281315,0.0,-94.08688,-22.765148,0.0,-56.820972,77.40892,0.0
-16.334648,-89.39078,0.0,65.549095,-44.86925,0.0,-94.47628,-17.858473,0.0
-78.33299,99.94341,0.0,-62.921864,-89.37519,0.0,-75.14216,18.65114,0.0
47.25533,-75.79867,0.0,-51.58986,-59.851788,0.0,-24.760498,-42.156563,0.0
96.02883,26.61051,0.0,54.20043,-94.11437,0.0,38.33154,-90.831825,0.0
-55.82113,-99.05278,0.0,77.1159,15.490308,0.0,-10.281885,-52.597748,0.0
-95.19935,-59.233353,0.0,-84.82393,-87.24765,0.0,-48.875275,-70.460526,0.0
72.02674,-82.006775,0.0,43.331413,-99.95783,0.0,-39.96517,62.874115,0.0
-81.85782,-98.92423,0.0,-26.102411,-87.27105,0.0,-20.83415,77.19748,0.0
11.502991,-77.96751,0.0,56.633575,18.55649,0.0,-33.35941,41.562626,0.0
39.703182,24.969103,0.0,27.646013,-31.481678,0.0,22.906094,-41.539436,0.0
-18.678272,77.92378,0.0,-92.17364,-86.01649,0.0,35.479485,81.89144,0.0
96.847374,79.56101,0.0,52.26785,-41.334244,0.0,2.7124825,-94.30568,0.0
-82.37564,-72.29625,0.0,65.86065,-91.27217,0.0,-28.539383,90.59357,0.0
-54.828793,90.895775,0.0,-67.09715,89.46548,0.0,16.627312,8.889388,0.0
98.60353,-36.445206,0.0,15.14117,-26.899078,0.0,-80.307274,-73.753265,0.0
-89.60465,-76.37748,0.0,69.3451,-52.981598,0.0,13.965439,-92.44175,0.0
-33.047928,-70.41168,0.0,74.11227,88.98426,0.0,-98.78771,64.5992,0.0
22.593113,14.561891,0.0,25.495165,-97.33449,0.0,55.07174,-14.691687,0.0
-32.903305,89.25604,0.0,50.4316,-59.95906,0.0,-65.002045,-89.101524,0.0
-45.154877,53.150646,0.0,-32.512894,-0.08103621,0.0,-48.85869,11.007895,0.0
-24.747072,-0.22906978,0.0,1.4855964,-34.59176,0.0,-46.965652,-81.244736,0.0
56.20302,-61.923306,0.0,-75.84188,96.27339,0.0,79.44549,93.51487,0.0
-90.31871,-63.68522,0.0,60.60417,26.56489,0.0,-20.955374,2.2388933,0.0
-45.29117,27.873838,0.0,-45.099026,71.330055,0.0,25.89845,-94.10763,0.0
25.711926,-18.593998,0.0,54.485565,70.80535,0.0,-82.014755,9.144552,0.0
32.4227,93.880035,0.0,57.722126,-9.507104,0.0,-92.58657,80.0909,0.0
-75.15987,-74.4856,0.0,1.187994,-80.22366,0.0,2.4698167,-76.63689,0.0
-83.49522,-12.146288,0.0,-54.582325,-9.337015,0.0,64.67317,-65.455,0.0
-38.652626,60.159058,0.0,-93.51378,-83.1134,0.0,-16.824842,93.05858,0.0
-96.426216,-27.96865,0.0,58.441925,-31.956154,0.0,96.85241,-19.130268,0.0
82.96492,-98.921616,0.0,77.71235,10.113914,0.0,94.41962,86.9842,0.0
61.983547,-36.961563,0.0,94.583984,32.615177,0.0,96.887375,-1.8992662,0.0
-7.933508,85.28223,0.0,-54.361324,70.42937,0.0,64.55303,-62.03098,0.0
66.10095,-76.371185,0.0,92.86663,54.699543,0.0,5.434107,-79.77344,0.0
-27.421059,-6.5350037,0.0,-22.784122,79.09096,0.0,-80.9892,-0.74418014,0.0
9.688499,94.012566,0.0,-29.83178,-97.721535,0.0,-98.62767,-88.7339,0.0
57.799232,19.005028,0.0,-4.8995786,-99.0307,0.0,-13.901868,8.108124,0.0
-41.492332,-88.638756,0.0,-85.05242,-51.243084,0.0,31.766842,99.3331,0.0
14.26796,82.0559,0.0,-40.928986,-80.82759,0.0,6.4216657,77.588524,0.0
-85.79931,33.05995,0.0,13.077819,-31.853779,0.0,-40.1549,25.949017,0.0
-18.824593,-27.709667,0.0,-5.290483,99.64971,0.0,68.88989,-97.56256,0.0
26.84149,24.208162,0.0,-63.403297,-92.78959,0.0,-18.31488,85.734116,0.0
-72.15915,90.02287,0.0,12.857236,79.06314,0.0,89.18631,98.22344,0.0
-53.548847,44.995224,0.0,-27.70711,-25.694536,0.0,90.42841,76.995316,0.0
-77.43743,-81.090706,0.0,-52.229385,-32.357216,0.0,99.91188,-11.031378,0.0
-50.374264,24.425386,0.0,-7.612355,21.216803,0.0,-15.404246,-77.66646,0.0
-34.364243,-81.41725,0.0,-35.160812,17.012127,0.0,-30.76878,-59.440125,0.0
-92.115036,-46.769474,0.0,-69.155,-84.57422,0.0,-39.252953,-69.5344,0.0
-34.369133,-96.475105,0.0,0.51234865,11.365163,0.0,88.8395,12.780435,0.0
19.446924,5.423447,0.0,88.22856,9.115403,0.0,26.392046,81.14944,0.0
-49.835747,53.565487,0.0,-94.75859,-8.453094,0.0,96.11973,10.674004,0.0
-58.597084,-91.484825,0.0,-47.556286,2.670969,0.0,61.812534,-95.5986,0.0
-73.84754,75.476326,0.0,-34.135998,-43.12844,0.0,5.320339,23.484928,0.0
85.90207,7.8549366,0.0,-75.43865,-81.15988,0.0,90.52308,92.017746,0.0
7.679003,-49.618385,0.0,24.69508,-86.071365,0.0,48.55567,28.821167,0.0
-33.31819,-26.441704,0.0,76.84801,11.150152,0.0,-58.902763,-81.18495,0.0
94.77627,-51.596752,0.0,57.463745,-9.89975,0.0,83.53659,-90.43965,0.0
-92.454834,65.68456,0.0,92.48774,19.62217,0.0,-81.35173,-85.30809,0.0
-10.590965,-39.898266,0.0,-37.215683,-58.028896,0.0,-16.809052,16.500105,0.0
-94.27758,40.086735,0.0,52.625168,10.86306,0.0,52.49983,13.188628,0.0
-43.495792,-62.940582,0.0,51.846466,-69.2013,0.0,58.717995,65.8781,0.0
27.31756,77.76222,0.0,-42.677177,-39.434044,0.0,-80.72197,-62.914673,0.0
69.83453,-28.576195,0.0,27.026777,0.7675094,0.0,89.97858,89.71369,0.0
28.439217,-3.313248,0.0,69.82402,80.345184,0.0,56.174755,63.959988,0.0
1.193654,13.221208,0.0,73.76332,75.71286,0.0,-31.588415,-12.814888,0.0
9.658977,-52.67814,0.0,-36.86838,79.29191,0.0,51.80925,-89.96899,0.0
-85.41213,-86.3373,0.0,11.163784,16.606888,0.0,-46.724968,-56.358875,0.0
76.00193,86.16553,0.0,-47.520832,12.517983,0.0,61.88268,84.845116,0.0
75.41837,3.8091254,0.0,-87.834625,9.095011,0.0,60.066154,54.428135,0.0
69.213455,-43.136997,0.0,-96.73757,-98.96692,0.0,-77.75632,11.992264,0.0
85.438896,-99.71842,0.0,54.7956,55.288292,0.0,21.155134,-92.31868,0.0
21.396372,-2.8495204,0.0,60.309116,64.68779,0.0,-26.748528,3.8434246,0.0
-82.34828,62.0366,0.0,-50.068726,-40.81337,0.0,-22.955765,13.419955,0.0
-63.739708,85.428406,0.0,-11.495122,96.58559,0.0,19.757359,85.43642,0.0
77.39779,13.341118,0.0,-92.68959,-99.28868,0.0,70.46347,-96.19166,0.0
63.23855,91.049484,0.0,-28.175373,0.9483332,0.0,62.551403,96.48994,0.0
-37.285713,-64.16174,0.0,-76.66324,-83.48723,0.0,-10.426253,-88.59863,0.0
59.367256,76.03396,0.0,37.258118,-89.15762,0.0,70.90967,-96.9121,0.0
82.03369,-81.76113,0.0,-51.072063,16.638952,0.0,-38.2602,-52.90187,0.0
-52.805344,63.587597,0.0,-83.51671,59.175205,0.0,-23.361835,-90.663086,0.0
23.10938,-81.857834,0.0,-20.12617,84.305954,0.0,-37.117867,-62.059402,0.0
-48.268795,-89.28849,0.0,57.259567,-4.6397758,0.0,-22.436857,98.41025,0.0
-30.965328,13.718985,0.0,43.705585,-81.85183,0.0,31.331099,81.23829,0.0
92.112755,-55.375008,0.0,12.636797,-29.919804,0.0,-62.600246,98.37921,0.0
69.22791,-3.6419106,0.0,16.114435,-5.211708,0.0,31.346426,-81.808556,0.0
-29.401808,34.485268,0.0,-82.35147,42.884106,0.0,-95.02395,15.850598,0.0
-86.891556,70.30326,0.0,70.589386,12.937702,0.0,-14.767493,90.87261,0.0
91.39898,63.373333,0.0,59.311977,-81.58592,0.0,-95.094574,13.212765,0.0
-85.989136,-88.67654,0.0,-19.02334,-83.56656,0.0,-77.86384,46.81856,0.0
56.363876,43.225414,0.0,-77.87518,23.227757,0.0,90.224434,-95.791504,0.0
-46.618618,-76.35037,0.0,44.726063,86.55989,0.0,36.881283,-99.95827,0.0
10.944904,9.958032,0.0,67.591774,-78.01096,0.0,17.479437,-28.240036,0.0
-39.86836,47.009342,0.0,18.531158,77.011116,0.0,-3.0539796,27.401333,0.0
-81.43597,88.99848,0.0,-89.93465,-40.941475,0.0,19.117054,-8.41056,0.0
-61.871986,-99.0225,0.0,-33.300182,-29.238321,0.0,-45.306686,-98.12601,0.0
26.327127,87.56585,0.0,49.214844,31.833239,0.0,-79.46012,-95.531105,0.0
52.641533,94.65941,0.0,-42.4582,-36.968533,0.0,19.264019,-6.5584135,0.0
-67.07983,79.56935,0.0,-96.97559,-69.5776,0.0,-26.657104,-21.039305,0.0
5.0963097,-45.95522,0.0,53.58889,55.777134,0.0,53.509132,25.245876,0.0
64.78923,42.18389,0.0,69.52643,-78.78424,0.0,-86.17229,18.166574,0.0
98.08446,-6.5976167,0.0,-3.7892644,-52.09459,0.0,-64.3609,84.19938,0.0
-79.145706,75.59071,0.0,33.689167,-98.57605,0.0,-30.002075,-70.04813,0.0
-81.39927,-97.18236,0.0,-75.12675,-87.80616,0.0,62.94124,-39.221535,0.0
-52.22862,28.239048,0.0,59.70477,33.330776,0.0,82.53098,21.644085,0.0
3.762064,-81.20548,0.0,-76.70022,55.550583,0.0,30.526058,-48.249233,0.0
-25.665615,79.72121,0.0,-26.118958,-85.20659,0.0,-33.093655,73.73084,0.0
-31.385817,98.60771,0.0,63.92056,41.629368,0.0,66.42299,41.160496,0.0
-92.89192,17.785654,0.0,62.372658,-48.64309,0.0,-81.37948,94.91455,0.0
49.463646,28.306318,0.0,22.649979,-10.622777,0.0,35.66575,85.59415,0.0
-5.943855,-93.12009,0.0,-12.383953,78.58897,0.0,-45.230026,67.73787,0.0
-97.228096,-22.545929,0.0,8.685818,85.59283,0.0,-99.42351,50.73103,0.0
-96.232475,-13.104082,0.0,11.586135,88.75941,0.0,-44.81583,-68.50628,0.0
-91.37268,-75.66308,0.0,74.15301,15.396924,0.0,61.634823,87.419365,0.0
58.954586,40.828358,0.0,-75.158844,5.9588046,0.0,-30.002882,2.015388,0.0
51.906616,-66.0337,0.0,35.34217,31.670628,0.0,-15.621291,-49.02951,0.0
95.09768,59.426746,0.0,-6.673305,76.062256,0.0,51.876118,-57.51749,0.0
-2.0965626,26.77642,0.0,85.96554,6.0035768,0.0,-14.896461,-44.999077,0.0
24.681059,33.712116,0.0,96.26769,53.38019,0.0,94.06781,-56.38803,0.0
53.727753,66.05468,0.0,-89.55456,46.646404,0.0,36.64398,-82.57991,0.0
-79.184975,3.7996466,0.0,-10.212477,87.96787,0.0,-38.829765,-68.1882,0.0
-90.783,-53.95857,0.0,-46.408333,-65.65605,0.0,76.10523,17.928553,0.0
85.835464,6.8324313,0.0,-50.125294,-93.31218,0.0,-67.390015,-96.47484,0.0
-95.038925,-64.65434,0.0,81.343895,27.639027,0.0,52.883926,-50.917942,0.0
59.62857,67.0813,0.0,-75.941795,64.75729,0.0,32.47326,22.66687,0.0
85.09846,25.189358,0.0,96.09139,-69.86013,0.0,-88.28363,-8.696034,0.0
-84.69526,-9.5252495,0.0,-88.930466,59.78568,0.0,69.96193,0.87623197,0.0
56.238304,-87.18435,0.0,84.43404,13.304058,0.0,89.46708,-76.88604,0.0
37.62178,-91.672424,0.0,60.403473,-87.47179,0.0,92.68522,81.847984,0.0
17.69946,3.9278095,0.0,51.88836,-97.17027,0.0,24.026884,95.37031,0.0
18.257996,22.17579,0.0,-94.95896,-59.02615,0.0,66.26745,11.515622,0.0
49.759052,-88.91371,0.0,94.36275,14.94797,0.0,29.602472,94.13789,0.0
-0.77623534,-91.695145,0.0,-42.67907,6.1006846,0.0,-92.28513,-46.789547,0.0
-16.7419,85.93772,0.0,-80.59085,-83.82006,0.0,41.592052,87.765625,0.0
96.62856,49.909733,0.0,2.164792,-95.03667,0.0,-42.25236,-60.54533,0.0
-48.857327,-69.91486,0.0,64.9189,-0.059628166,0.0,87.315575,77.674416,0.0
96.85169,-36.818798,0.0,-1.4103341,-53.069862,0.0,61.863884,72.31881,0.0
-52.959,-70.22256,0.0,-44.97196,-81.62647,0.0,99.56058,18.81279,0.0
80.35092,77.36286,0.0,-75.108376,67.66884,0.0,-38.08516,-92.88531,0.0
52.6241,-57.743366,0.0,43.88147,90.404465,0.0,-84.66974,-95.58245,0.0
92.24127,55.7228,0.0,-95.14363,-45.517754,0.0,11.609768,-51.556244,0.0
-83.76947,-87.973434,0.0,-49.410305,63.415443,0.0,60.46471,-42.36696,0.0
77.32515,4.1535254,0.0,25.962309,97.97064,0.0,9.413125,5.885478,0.0
-87.60676,-60.259605,0.0,-76.16561,-52.000664,0.0,46.198807,24.55636,0.0
86.88424,-95.73444,0.0,24.807444,-3.0443738,0.0,59.758,-51.519894,0.0
19.720205,19.699554,0.0,67.041824,49.016514,0.0,39.876846,98.620834,0.0
-97.61173,61.208706,0.0,-12.834492,94.14577,0.0,74.99483,-77.56523,0.0
-76.886,57.8866,0.0,-44.10602,-1.9742191,0.0,-47.41514,-61.753284,0.0
-37.218983,-99.56917,0.0,81.36488,-99.468956,0.0,79.15767,99.1101,0.0
-77.31489,-32.315548,0.0,74.89766,18.658773,0.0,-38.59291,36.4014,0.0
66.12883,75.6398,0.0,-18.078693,80.814835,0.0,-2.3885486,-52.10994,0.0
56.48324,-62.302746,0.0,-35.938,-19.844683,0.0,-37.975716,-34.665047,0.0
-98.15657,-79.93603,0.0,-90.33409,-3.7447734,0.0,19.691818,-86.650024,0.0
68.89287,20.530102,0.0,93.422165,-19.067211,0.0,-15.537052,-39.36325,0.0
98.01321,95.83019,0.0,81.86888,-99.178734,0.0,-66.30651,-93.60062,0.0
66.32744,41.370464,0.0,10.794799,30.894764,0.0,60.208492,22.57279,0.0
-79.69659,-35.653004,0.0,97.230156,-63.748394,0.0,-41.432755,-94.73394,0.0
-24.881338,20.559181,0.0,-51.23694,18.721716,0.0,26.535439,-52.097557,0.0
-93.497574,-63.59039,0.0,-1.481806,-44.602135,0.0,17.228622,84.84349,0.0
-1.5402107,89.19282,0.0,72.21945,76.99393,0.0,-25.654024,-89.389786,0.0
-47.6082,56.56875,0.0,91.00055,10.920301,0.0,-32.754757,38.314953,0.0
66.119316,-83.712364,0.0,-17.7904,24.092926,0.0,-36.92024,31.488638,0.0
-47.359116,10.99202,0.0,51.84785,15.116906,0.0,-79.08009,-26.1412,0.0
31.150139,-76.66042,0.0,17.7556,-54.363033,0.0,-78.98115,-81.541985,0.0
-41.75741,-6.8381557,0.0,-89.5511,30.065695,0.0,10.323513,89.329254,0.0
10.548661,90.5207,0.0,92.52507,-41.53455,0.0,8.894149,91.60854,0.0
97.16294,35.39951,0.0,60.28136,-82.23195,0.0,99.4437,-53.48625,0.0
0.39783657,32.268616,0.0,16.289473,-45.083744,0.0,-81.0193,67.36946,0.0
63.54886,-11.793674,0.0,92.71023,-1.5717411,0.0,-95.31445,-97.65711,0.0
76.62088,-93.34145,0.0,7.167395,-37.266754,0.0,12.903299,-50.65036,0.0
-36.404488,-12.077712,0.0,-46.583275,57.12399,0.0,26.05139,85.32199,0.0
-86.731674,29.990343,0.0,76.80902,87.017715,0.0,-45.055325,-50.932228,0.0
15.479231,-95.67148,0.0,77.73915,-75.84079,0.0,-40.868164,-96.447136,0.0
51.20492,-65.322334,0.0,-76.725555,97.654106,0.0,47.259342,91.68742,0.0
78.163765,77.27198,0.0,-38.74763,71.161896,0.0,65.118164,43.87995,0.0
-93.7823,-72.440575,0.0,-32.198376,-18.76928,0.0,66.67606,-24.51189,0.0
71.00083,-79.62451,0.0,-79.08482,98.12587,0.0,-53.93908,-13.149599,0.0
-37.640163,-72.64965,0.0,-25.18773,-75.18485,0.0,-49.771378,-81.36039,0.0
90.801636,61.0549,0.0,96.83551,-66.233345,0.0,69.029045,-38.94526,0.0
62.683285,-0.24767555,0.0,-26.863056,1.2004687,0.0,64.46133,-70.363976,0.0
-32.338463,76.501854,0.0,23.748579,-10.986731,0.0,-37.76215,-75.36015,0.0
-23.906733,31.059183,0.0,56.09754,-37.54411,0.0,54.818718,63.32765,0.0
-92.60637,-88.64006,0.0,66.78896,62.814243,0.0,-97.89843,-26.118473,0.0
58.5035,8.86892,0.0,94.772316,-23.030464,0.0,-96.96712,-56.242638,0.0
3.552194,93.61627,0.0,88.800316,-97.74902,0.0,-38.681675,-32.659294,0.0
55.68985,83.155685,0.0,-77.111984,-20.061285,0.0,-69.458694,77.85975,0.0
-26.245779,75.05719,0.0,-29.437391,6.691362,0.0,53.33847,83.649826,0.0
-84.24908,91.8698,0.0,-53.771057,-22.08923,0.0,-31.878298,-34.95895,0.0
-22.409021,-35.230164,0.0,69.66012,-96.037605,0.0,79.01204,-88.16796,0.0
-45.741657,95.36048,0.0,67.30189,-4.746876,0.0,-36.663414,-4.767945,0.0
-64.97462,95.88848,0.0,-88.20522,31.94373,0.0,-79.83593,-14.721589,0.0
-84.11961,87.100464,0.0,74.82594,9.684603,0.0,-38.08881,60.464443,0.0
-78.67233,28.54047,0.0,-11.018898,-31.722355,0.0,-84.96296,-36.154884,0.0
50.238354,-38.917206,0.0,-34.15199,-80.17898,0.0,-6.753253,85.02384,0.0
-75.08384,-95.11548,0.0,-77.188446,-29.194975,0.0,-34.700035,-29.921133,0.0
96.3053,33.755814,0.0,66.14821,-96.30392,0.0,69.58947,21.190456,0.0
-31.310678,31.357111,0.0,46.51104,89.0837,0.0,51.91689,-33.303738,0.0
17.50648,82.437515,0.0,-38.83722,66.27478,0.0,21.554092,5.797008,0.0
25.47319,-14.672642,0.0,89.8071,-91.17035,0.0,-4.5119324,-44.578983,0.0
-32.773518,51.08731,0.0,-36.432568,66.72145,0.0,3.485538,77.57184,0.0
62.25429,93.481606,0.0,-88.10761,11.158092,0.0,59.733185,91.02752,0.0
-85.93985,-59.03337,0.0,-85.936554,-59.08353,0.0,95.69159,95.85902,0.0
82.73349,8.176805,0.0,-40.365795,39.930916,0.0,54.74402,-81.49474,0.0
10.199393,98.63534,0.0,47.15581,86.90907,0.0,-81.01237,19.088427,0.0
-91.35282,38.909035,0.0,-87.718475,-93.23785,0.0,-83.76987,72.23046,0.0
26.00065,-49.946434,0.0,-42.108967,10.406873,0.0,42.01203,34.57565,0.0
-87.54032,37.666615,0.0,-33.300144,-39.999844,0.0,-77.91043,5.2439785,0.0
-90.98853,-53.72244,0.0,48.701344,-91.55628,0.0,-43.07499,74.22168,0.0
94.84875,-86.14065,0.0,92.63685,83.18722,0.0,-47.804127,35.971714,0.0
-26.616892,-88.88111,0.0,56.727867,-9.677557,0.0,-47.583576,6.567222,0.0
17.00697,-23.299644,0.0,88.919426,3.9752312,0.0,90.392365,86.74258,0.0
-95.317215,73.864006,0.0,8.242471,-52.47285,0.0,53.77737,96.81991,0.0
69.4752,21.116232,0.0,87.38497,85.41597,0.0,-35.801006,-61.892696,0.0
-52.106335,-85.40956,0.0,16.360706,-11.397374,0.0,52.359978,26.900095,0.0
-86.71319,62.145218,0.0,-54.49537,65.40535,0.0,-54.192493,-86.91453,0.0
-46.952454,40.21929,0.0,-49.585815,-89.05705,0.0,-30.115843,-76.55373,0.0
-89.3485,44.97734,0.0,28.123959,5.7090364,0.0,44.540024,-76.63236,0.0
-92.66242,-53.346966,0.0,-33.5377,68.67052,0.0,16.792374,-18.595453,0.0
18.980616,26.417608,0.0,55.482098,63.736607,0.0,58.62431,80.875946,0.0
22.476915,-42.76454,0.0,95.00809,-20.229256,0.0,-48.913967,89.27558,0.0
-98.22317,-36.56391,0.0,52.304623,94.78307,0.0,21.293272,0.19132656,0.0
-39.578854,-1.8919134,0.0,15.603947,-33.941086,0.0,-18.256449,99.33324,0.0
-84.460434,51.61581,0.0,41.445415,29.330414,0.0,-79.39478,-22.479105,0.0
23.292276,23.701782,0.0,54.60503,-13.73984,0.0,-69.6261,77.65626,0.0
24.083061,-33.859283,0.0,-4.379001,95.77751,0.0,54.405163,-79.359276,0.0
69.41693,-24.593744,0.0,74.41456,15.083119,0.0,23.799524,-19.723299,0.0
-98.91673,31.302752,0.0,-52.13643,-62.229824,0.0,19.580786,12.920785,0.0
-81.31379,-36.0889,0.0,-37.017487,10.253498,0.0,87.212326,3.5390093,0.0
-91.32827,-31.219526,0.0,15.486722,-50.247,0.0,-0.97044116,19.84517,0.0
-33.994022,84.60338,0.0,99.87682,55.873997,0.0,-45.678196,47.8232,0.0
56.57736,52.95934,0.0,10.772023,5.755241,0.0,36.520905,33.377365,0.0
70.142624,-75.31508,0.0,-14.192777,-34.954422,0.0,37.39627,83.97964,0.0
80.848564,79.39187,0.0,-49.83674,-70.173164,0.0,30.70816,21.805902,0.0
-78.942764,22.789845,0.0,69.81753,-58.86822,0.0,60.30683,-66.08335,0.0
88.933365,97.89877,0.0,-48.828106,-77.13384,0.0,-93.41973,0.21231169,0.0
-91.657585,43.319973,0.0,51.669487,-29.770433,0.0,-54.944984,-75.131165,0.0
91.32794,76.694725,0.0,-76.81872,-33.758644,0.0,-87.02869,-92.835434,0.0
26.535675,-4.9313827,0.0,-45.522663,-21.428509,0.0,-45.269833,72.07518,0.0
-33.470284,-83.137115,0.0,96.08166,-67.5477,0.0,14.399552,11.769143,0.0
-91.08241,-96.465294,0.0,31.252758,79.04083,0.0,2.3808458,-49.288555,0.0
16.556475,-1.0253968,0.0,-22.838924,78.13315,0.0,-84.2372,30.730042,0.0
-93.09798,39.834152,0.0,29.411308,90.65022,0.0,60.218563,81.10213,0.0
1.1704109,-30.227343,0.0,-49.653137,-55.04935,0.0,95.88146,40.00325,0.0
-85.19239,40.903526,0.0,73.18494,91.99885,0.0,-90.68455,6.4461884,0.0
-48.288033,-32.886818,0.0,-33.361736,12.135466,0.0,-27.299282,-31.704456,0.0
-37.373966,64.02195,0.0,53.21404,-79.18891,0.0,-20.032276,-78.29338,0.0
-56.55327,-97.457375,0.0,22.88136,8.256165,0.0,-75.78946,92.922035,0.0
50.809826,-43.06296,0.0,-55.587578,-87.45564,0.0,53.412827,7.501582,0.0
20.453405,-32.898907,0.0,-51.8624,98.34515,0.0,91.29681,-33.413555,0.0
62.34959,-94.25665,0.0,51.908955,-40.05174,0.0,-23.932083,-97.35586,0.0
-1.0244199,-95.01677,0.0,57.645065,-75.53831,0.0,98.424866,18.2851,0.0
58.728893,54.429256,0.0,-4.1122894,18.468925,0.0,-75.53091,77.60212,0.0
27.207567,-24.049425,0.0,15.448347,86.93296,0.0,25.280176,-84.90003,0.0
92.83025,39.94252,0.0,-50.40606,-92.39446,0.0,-10.568837,87.36679,0.0
-26.351881,-89.52646,0.0,67.801476,-97.46542,0.0,-38.622757,36.877735,0.0
51.400246,-15.511167,0.0,6.1849947,-93.81304,0.0,-85.11116,-2.3896008,0.0
34.827995,81.082214,0.0,20.57673,-40.26874,0.0,-52.936565,-2.374674,0.0
65.18862,-58.753925,0.0,-52.963802,21.402014,0.0,50.631657,-97.566925,0.0
-85.96423,-89.938805,0.0,10.22327,-30.018145,0.0,67.323006,-46.30037,0.0
93.63012,97.39433,0.0,67.87397,6.0396357,0.0,-54.660233,51.91958,0.0
-76.05056,93.66088,0.0,-51.4017,32.00669,0.0,-96.73076,69.73522,0.0
69.0707,52.37567,0.0,-83.210815,-66.86583,0.0,-77.06716,-87.7238,0.0
75.82098,87.827774,0.0,-77.37423,-7.5684566,0.0,-17.022558,-36.641613,0.0
81.693985,82.831085,0.0,19.105726,-50.97273,0.0,98.03045,39.848137,0.0
11.500863,31.445097,0.0,34.991455,20.971876,0.0,99.691185,-99.86123,0.0
69.14504,-66.240425,0.0,-23.60756,8.222888,0.0,-52.4891,-20.11766,0.0
98.816635,37.22851,0.0,-58.66964,89.778885,0.0,-10.265746,-95.20104,0.0
91.50227,-74.02093,0.0,-24.770334,91.938095,0.0,-13.550576,92.68541,0.0
-47.183743,-14.698444,0.0,72.932365,21.138502,0.0,70.34124,-78.89561,0.0
-38.097218,-23.123322,0.0,42.080997,-83.59177,0.0,6.3916445,7.9641685,0.0
-90.17674,18.188293,0.0,-43.969093,71.63165,0.0,92.785034,74.58541,0.0
-69.58102,-82.99356,0.0,-34.558624,49.956375,0.0,-93.42457,-57.79571,0.0
10.843457,-31.083494,0.0,-24.0526,-85.94041,0.0,24.46197,75.16728,0.0
-99.89824,-14.788964,0.0,-32.808334,-81.663475,0.0,27.409603,-47.95062,0.0
68.26671,-73.82106,0.0,-43.482666,23.948399,0.0,61.259907,-21.01812,0.0
73.906166,24.18453,0.0,85.732704,83.449295,0.0,-82.77261,-80.566475,0.0
-42.96342,11.919026,0.0,-54.33204,38.617313,0.0,-22.594654,78.4319,0.0
-53.26195,-51.60698,0.0,16.72584,-82.837715,0.0,-39.411037,-95.743515,0.0
-22.107592,-84.678825,0.0,93.883545,-58.954178,0.0,44.103207,84.01138,0.0
-29.326088,11.170206,0.0,94.121216,72.73033,0.0,-37.23329,0.9428306,0.0
-25.480059,29.296312,0.0,-75.52247,-26.18567,0.0,-42.937885,41.37017,0.0
93.571815,66.067764,0.0,90.03298,-40.185463,0.0,66.42606,8.273676,0.0
-43.70927,-66.64675,0.0,-91.079704,-0.67146367,0.0,-99.267136,-24.579865,0.0
17.063698,6.305949,0.0,67.66162,-17.895706,0.0,-56.76271,-86.900795,0.0
-41.965473,80.3055,0.0,-96.008,68.421486,0.0,58.62092,44.60381,0.0
98.98539,-33.18132,0.0,25.422897,90.77805,0.0,68.38057,-95.96494,0.0
-76.01731,76.29704,0.0,23.715803,-9.028264,0.0,-96.64877,-56.188755,0.0
-3.5992217,-40.616676,0.0,-75.32535,-52.057095,0.0,16.055033,-43.91732,0.0
46.867226,28.208208,0.0,59.28804,13.617282,0.0,93.14012,-47.70636,0.0
17.575283,99.13881,0.0,-41.13469,-89.11234,0.0,19.229221,-52.06905,0.0
-45.827477,-69.96454,0.0,53.311867,-13.613679,0.0,20.029802,1.5131931,0.0
93.62723,-17.12337,0.0,-22.843712,-48.34582,0.0,62.433624,18.694912,0.0
28.764532,88.50412,0.0,-34.364326,-50.278046,0.0,-11.176306,-41.018585,0.0
45.689247,85.478,0.0,-80.90077,-89.745895,0.0,4.08128,12.209896,0.0
-37.019566,-1.8383647,0.0,98.40644,-31.420866,0.0,-97.649254,70.325775,0.0
98.65986,12.001974,0.0,-72.54649,92.067024,0.0,-97.99374,-15.207776,0.0
37.51903,-85.4376,0.0,78.83304,14.042511,0.0,78.761314,-92.963394,0.0
89.91418,-79.57607,0.0,-40.24772,2.820509,0.0,-5.234374,28.03731,0.0
-86.42848,-63.22937,0.0,41.697945,-82.93365,0.0,81.717766,-76.90102,0.0
-18.388823,-36.88303,0.0,97.04986,45.542374,0.0,88.35165,96.0301,0.0
24.766993,-53.195175,0.0,81.27578,31.314442,0.0,-34.946148,-49.56435,0.0
60.58371,-88.48825,0.0,-17.833105,-50.47589,0.0,27.184046,25.585009,0.0
-3.059983,-89.49585,0.0,7.260275,92.09268,0.0,-20.025969,76.16794,0.0
37.84744,99.288315,0.0,-15.414201,27.608082,0.0,28.146898,-96.81355,0.0
-79.49054,43.801994,0.0,55.995502,29.225061,0.0,-44.207325,-98.05755,0.0
-11.451311,-31.970922,0.0,-12.250135,-86.702934,0.0,-45.384373,-37.983063,0.0
-21.649044,-54.66069,0.0,91.18016,-6.9838996,0.0,-31.055433,41.23603,0.0
14.467586,-94.49198,0.0,-16.031767,18.300495,0.0,53.790516,70.6332,0.0
56.751114,23.914194,0.0,-95.60586,-99.55744,0.0,-75.443924,-2.2856672,0.0
-15.605792,89.02892,0.0,20.068342,8.458887,0.0,57.85691,-38.012615,0.0
-91.49105,53.13183,0.0,-89.91406,19.752525,0.0,-76.29498,54.78444,0.0
66.65242,94.34096,0.0,20.367138,32.927845,0.0,3.0728724,-38.62953,0.0
-21.502968,-97.197685,0.0,70.32306,-87.32463,0.0,42.490963,34.727184,0.0
-43.147606,97.38571,0.0,-6.835373,-77.26788,0.0,68.28111,24.981663,0.0
2.4376245,-98.07708,0.0,12.086125,5.993496,0.0,26.227201,-31.22036,0.0
95.026184,61.018684,0.0,65.38504,40.81441,0.0,52.53897,68.2754,0.0
-94.321045,88.810585,0.0,69.38912,-47.949265,0.0,-81.62899,-39.567974,0.0
17.56348,83.59821,0.0,94.89748,-11.422827,0.0,-82.0224,-94.31105,0.0
-50.082413,11.245401,0.0,-36.132126,15.365667,0.0,-84.12449,-99.19562,0.0
-4.560312,24.585861,0.0,-97.03028,-10.816716,0.0,19.955858,4.3149476,0.0
6.095379,8.427644,0.0,-41.712875,-32.96902,0.0,-87.224,31.52028,0.0
0.30326134,-49.005543,0.0,62.135418,-10.971915,0.0,-86.03646,-4.461619,0.0
6.392064,-88.38021,0.0,71.81432,86.65821,0.0,-99.75097,13.365855,0.0
-27.401108,5.1591406,0.0,-82.06396,98.6535,0.0,56.000523,-84.95185,0.0
-83.32256,16.526852,0.0,91.54599,-38.153893,0.0,-47.079666,50.944828,0.0
97.869385,-41.9851,0.0,-61.231144,82.122086,0.0,12.455664,95.06845,0.0
-36.854782,-46.493294,0.0,93.02208,88.40695,0.0,16.699467,29.780592,0.0
67.73714,73.816284,0.0,-41.236874,-22.053236,0.0,20.762346,0.47577918,0.0
92.092064,-93.89008,0.0,65.17422,58.764233,0.0,50.69195,23.702436,0.0
42.0331,-54.406406,0.0,-77.95094,2.5469778,0.0,55.42826,73.1655,0.0
-8.494119,85.21844,0.0,68.86444,14.973661,0.0,1.9153435,-45.682636,0.0
60.650055,54.660164,0.0,-35.6438,27.736588,0.0,-99.54415,-4.893702,0.0
-88.70141,-87.24521,0.0,-43.941956,74.82671,0.0,43.24999,85.71751,0.0
-77.578835,89.83926,0.0,30.431831,34.90647,0.0,-70.085785,98.895386,0.0
52.557056,-21.045692,0.0,5.043507,32.0321,0.0,-53.80463,-53.06862,0.0
65.279205,-8.322599,0.0,-94.076324,38.272076,0.0,67.684746,23.616854,0.0
-87.272285,-52.962494,0.0,58.058258,82.91625,0.0,-80.78939,-35.69202,0.0
-30.575596,97.27861,0.0,-45.21455,7.256394,0.0,-83.13421,86.06458,0.0
-48.40553,31.845728,0.0,62.69801,30.604158,0.0,-85.40913,-55.73902,0.0
44.461636,-84.35629,0.0,69.8529,78.21096,0.0,-18.469366,81.37633,0.0
86.07265,81.16056,0.0,-32.44674,79.095764,0.0,-35.417645,97.154724,0.0
-31.890446,-83.787575,0.0,50.652187,-58.200775,0.0,53.174145,-5.8394327,0.0
90.550354,81.11821,0.0,9.264265,-76.98769,0.0,-40.7013,-85.22833,0.0
-99.71858,-81.437744,0.0,2.3663244,25.656895,0.0,-69.16442,76.439804,0.0
27.337635,15.935869,0.0,1.871166,34.19327,0.0,47.878204,-49.970623,0.0
9.992216,-91.008896,0.0,65.64465,-78.0222,0.0,4.5917835,98.866905,0.0
-69.97716,-93.923935,0.0,23.239622,15.8655205,0.0,34.02891,23.309824,0.0
91.306175,68.99763,0.0,-27.804905,10.636444,0.0,-34.946568,71.90042,0.0
-46.821667,55.90984,0.0,14.306561,26.8701,0.0,99.846436,2.6063864,0.0
-82.9013,-94.54853,0.0,-54.74585,-94.176186,0.0,-51.310352,-68.59999,0.0
-81.59671,8.938603,0.0,-91.736786,50.664097,0.0,75.304245,81.91283,0.0
58.117546,-80.90822,0.0,1.2833374,19.211725,0.0,-32.842983,81.27812,0.0
90.11503,37.088795,0.0,-34.465763,90.80834,0.0,52.548412,54.62408,0.0
-87.75291,59.444305,0.0,-10.796943,95.24081,0.0,42.528893,-75.90492,0.0
6.8394823,-53.260666,0.0,91.99076,30.139948,0.0,-86.590164,97.07766,0.0
26.64069,-16.838547,0.0,94.133484,-44.68749,0.0,-30.91287,57.725178,0.0
68.584145,91.59379,0.0,-52.76365,-84.29042,0.0,90.229385,0.26222765,0.0
-77.287346,-2.7835658,0.0,31.120007,-94.78616,0.0,82.4713,-90.86767,0.0
-84.677925,43.52911,0.0,-93.922356,94.33304,0.0,11.074704,-46.5252,0.0
-77.34993,81.82486,0.0,-96.649605,4.92349,0.0,-1.624291,33.109463,0.0
58.339684,-58.46237,0.0,64.76523,-58.429577,0.0,29.202475,28.07875,0.0
-47.089127,93.79678,0.0,55.90448,-98.413376,0.0,65.46773,-57.814438,0.0
42.600483,-91.98997,0.0,-50.937733,51.869785,0.0,-47.38267,-87.71364,0.0
-49.540764,53.254917,0.0,-79.09397,35.791065,0.0,68.57653,-24.465734,0.0
-51.91073,-71.58812,0.0,53.52067,-87.770256,0.0,-50.80125,81.87075,0.0
67.15519,-17.90905,0.0,77.39311,91.73844,0.0,51.417206,-73.60799,0.0
68.95818,41.509247,0.0,-83.1071,-28.383043,0.0,-36.038578,51.508938,0.0
-92.53173,-95.09917,0.0,95.27975,40.154236,0.0,19.390009,-1.3291857,0.0
49.34169,-53.99576,0.0,-14.269305,20.72396,0.0,-62.823566,-99.06897,0.0
97.059616,-2.93305,0.0,-75.06462,34.767006,0.0,-99.533516,29.264633,0.0
18.709576,15.791193,0.0,-92.72096,96.44474,0.0,-51.28589,-35.38442,0.0
-17.45853,-80.46494,0.0,29.635607,-86.29153,0.0,-29.694553,-54.96442,0.0
-31.146627,59.34566,0.0,66.5322,22.380783,0.0,-83.86059,99.48763,0.0
62.75969,75.742035,0.0,-34.22271,-35.39667,0.0,-90.35427,33.767357,0.0
-83.08206,-85.40095,0.0,-35.050987,-77.63551,0.0,66.44018,-12.277235,0.0
-45.07656,-43.508854,0.0,-40.058582,17.208284,0.0,29.299627,26.087618,0.0
-23.739304,27.742876,0.0,80.50223,82.85512,0.0,23.40609,26.121325,0.0
96.67586,91.88592,0.0,1.21062,-32.51549,0.0,-27.081694,-11.3879385,0.0
45.588257,85.43855,0.0,95.74018,44.665787,0.0,96.09783,-4.4474735,0.0
-61.302452,97.17669,0.0,-30.774889,-5.2734594,0.0,-98.97414,-60.448624,0.0
-48.285797,76.67819,0.0,-57.349236,-99.49393,0.0,-20.556633,85.94321,0.0
53.534595,78.94973,0.0,54.179882,22.375143,0.0,-1.2213318,86.64949,0.0
-39.57011,48.136833,0.0,90.31706,69.18209,0.0,-54.267437,-28.172953,0.0
-40.02804,-10.413739,0.0,39.54365,-40.560738,0.0,-23.660885,95.7556,0.0
81.182846,10.911513,0.0,-95.13252,-23.796968,0.0,85.65306,30.095947,0.0
10.39957,-31.163708,0.0,-88.481186,-55.254734,0.0,-27.475098,94.76297,0.0
25.533514,75.943375,0.0,-19.765898,27.07292,0.0,28.85083,-21.702944,0.0
61.988964,-71.097725,0.0,-51.047184,99.99825,0.0,-53.391262,-82.91966,0.0
-12.521628,-89.30446,0.0,68.684616,-28.630356,0.0,-28.414524,9.066539,0.0
-86.99971,73.55118,0.0,66.81863,3.3056006,0.0,11.812272,-46.45527,0.0
60.911022,30.347157,0.0,22.384361,16.061699,0.0,17.827118,-38.672436,0.0
55.537746,72.3592,0.0,-43.083824,16.967127,0.0,51.479755,-2.7446315,0.0
30.724419,92.94448,0.0,-90.76685,1.8274109,0.0,-53.0056,70.163605,0.0
-88.16838,12.447086,0.0,18.184717,-21.71393,0.0,84.26588,95.167786,0.0
-73.88203,90.2532,0.0,-25.47783,98.98765,0.0,-40.68978,-97.422485,0.0
25.585049,10.524186,0.0,52.324272,-10.246599,0.0,85.34836,89.538734,0.0
56.90408,61.799248,0.0,40.47229,-83.68895,0.0,-75.57155,20.94278,0.0
-88.712555,43.426342,0.0,56.186806,95.731705,0.0,-82.60154,-99.78335,0.0
41.05055,-98.437195,0.0,18.502161,-89.43579,0.0,-84.93871,-2.8895745,0.0
-30.516481,-43.77522,0.0,59.685272,84.829956,0.0,11.819089,16.513369,0.0
-14.647503,-49.544662,0.0,13.37796,-49.971622,0.0,34.556633,-79.56945,0.0
-35.68179,-15.798534,0.0,94.67675,26.880518,0.0,-86.412476,27.617407,0.0
90.700485,40.393234,0.0,63.56849,-76.001816,0.0,62.613876,-53.80784,0.0
66.65912,80.880875,0.0,-92.19332,-21.364092,0.0,41.138245,-50.200417,0.0
90.677315,4.138375,0.0,53.211945,-70.979996,0.0,-42.356884,1.4400162,0.0
53.61076,55.548027,0.0,-48.6335,-59.190178,0.0,66.211876,-6.448847,0.0
-95.55896,48.861523,0.0,68.28539,61.489662,0.0,23.110596,-1.7092354,0.0
-87.58577,70.42152,0.0,98.26456,-73.02848,0.0,-7.765296,17.135572,0.0
-48.890244,-90.8782,0.0,-94.78085,48.657925,0.0,67.84425,80.02092,0.0
-29.957375,-5.152775,0.0,-83.00302,38.660492,0.0,-4.504475,-37.115635,0.0
-39.026566,-93.93878,0.0,82.054855,27.066498,0.0,16.204449,32.687225,0.0
93.76018,59.121227,0.0,13.934687,99.45694,0.0,-25.998962,-36.3141,0.0
-89.778435,82.0229,0.0,-95.6564,-4.6358204,0.0,-99.43675,-91.39965,0.0
-52.220345,44.220444,0.0,71.78423,16.218693,0.0,90.03082,-62.958374,0.0
-92.40298,-78.7739,0.0,59.38765,58.71903,0.0,2.4219618,-91.03975,0.0
-48.020634,97.76079,0.0,53.196167,-93.305626,0.0,56.378147,79.085686,0.0
-89.09514,-3.6347055,0.0,-81.334595,22.006702,0.0,0.45660335,-76.38958,0.0
60.86851,0.22916475,0.0,-78.94918,-79.476395,0.0,5.88696,-40.676678,0.0
-42.425217,47.873074,0.0,60.76975,78.64931,0.0,99.309906,-11.396236,0.0
-4.038063,-36.209206,0.0,26.615717,87.7938,0.0,-43.50012,-81.62226,0.0
46.04318,94.68825,0.0,10.09766,-36.859875,0.0,-41.670082,37.940887,0.0
-32.91762,98.20461,0.0,-3.7831473,9.983097,0.0,-2.4402604,21.684269,0.0
85.21182,96.102646,0.0,67.5648,-88.78322,0.0,51.361786,-11.533005,0.0
74.92949,91.69084,0.0,-46.76304,-86.76351,0.0,22.671635,77.720146,0.0
-96.657166,-29.525108,0.0,90.77388,-71.75078,0.0,-39.873646,-81.25043,0.0
58.3061,-5.5823016,0.0,-30.89592,53.024193,0.0,-39.81579,46.854458,0.0
-23.96841,-44.46808,0.0,-48.439217,-66.455284,0.0,45.241264,-43.935013,0.0
-81.58052,48.1252,0.0,39.813374,-49.04101,0.0,-39.196953,-14.354341,0.0
-87.776215,71.98636,0.0,-78.09443,45.122562,0.0,7.364804,-84.46578,0.0
60.66466,-86.223434,0.0,41.084995,29.656807,0.0,94.59053,-92.55128,0.0
90.59667,3.2397566,0.0,11.363359,75.30151,0.0,-75.5521,75.28706,0.0
-34.583633,46.87079,0.0,-23.930964,-2.479584,0.0,5.201916,-87.93108,0.0
-35.089607,5.4506354,0.0,-47.42642,-84.737816,0.0,86.38568,2.2391868,0.0
68.8427,-88.78402,0.0,98.235596,75.39842,0.0,-17.59009,-25.685932,0.0
15.450904,-40.632076,0.0,-39.673237,93.55847,0.0,-89.902916,-77.27183,0.0
96.414536,82.22921,0.0,54.798008,-78.54847,0.0,90.26062,35.52859,0.0
-78.07123,35.49657,0.0,59.12166,-50.61379,0.0,-34.29496,46.927948,0.0
-84.78404,78.302124,0.0,51.902905,-93.079384,0.0,-35.893112,-59.088074,0.0
-68.14039,80.1329,0.0,-31.452036,-5.5242286,0.0,17.832571,-77.05515,0.0
69.16858,18.696259,0.0,-40.000923,-34.982838,0.0,77.19864,76.87549,0.0
64.23962,12.527087,0.0,-44.770382,14.420562,0.0,-42.150944,96.02806,0.0
61.580433,68.107414,0.0,-6.3305674,94.05722,0.0,-92.302246,-44.17693,0.0
88.88514,18.741032,0.0,-81.171844,-4.005648,0.0,35.97812,34.41888,0.0
-81.691956,-8.736349,0.0,-72.91513,75.09192,0.0,-8.231,27.848064,0.0
-85.88662,1.0295959,0.0,-78.88521,76.435974,0.0,-99.13324,-87.59801,0.0
-17.692955,79.055405,0.0,-8.362485,-97.816086,0.0,64.1641,64.96039,0.0
96.35829,53.21411,0.0,-96.92768,-55.338524,0.0,49.163704,-47.439613,0.0
42.464924,84.92532,0.0,-66.199455,-76.52452,0.0,66.64192,57.15318,0.0
-15.563646,-95.3786,0.0,90.11233,73.4747,0.0,-6.7436023,-86.15049,0.0
35.098866,-96.77648,0.0,56.702003,95.11269,0.0,-44.0698,-22.393562,0.0
97.256355,61.455463,0.0,8.354466,21.235868,0.0,-36.419563,53.73701,0.0
-40.07249,-53.733795,0.0,-38.207764,98.736916,0.0,40.2294,81.85303,0.0
22.602377,-15.366014,0.0,71.23867,29.739939,0.0,57.265472,35.473705,0.0
-12.29183,16.244438,0.0,-94.777695,81.75912,0.0,53.285904,65.062935,0.0
-83.32089,-37.07981,0.0,-44.10836,58.861435,0.0,-94.7895,-6.3886404,0.0
59.724976,93.7745,0.0,27.10477,91.3674,0.0,-25.954971,-23.422762,0.0
-40.253456,-26.66118,0.0,95.70502,-31.435385,0.0,53.71383,86.479805,0.0
-79.17193,17.334816,0.0,93.339134,36.50209,0.0,-46.835117,-70.95049,0.0
-74.58964,75.50139,0.0,-51.85819,55.326294,0.0,75.76429,-92.33378,0.0
-78.95918,37.967216,0.0,-48.614086,6.460027,0.0,20.129702,-76.12114,0.0
24.76781,9.2271595,0.0,99.48672,1.7486117,0.0,-91.59148,-2.3220017,0.0
-85.47859,-1.8012837,0.0,-33.858498,26.973671,0.0,-22.946808,81.05438,0.0
-28.269722,32.6271,0.0,27.125183,-95.930565,0.0,-21.09091,2.173962,0.0
54.818165,-18.08085,0.0,29.766003,-23.05391,0.0,-37.79917,85.43518,0.0
64.636604,-63.58843,0.0,-7.1093187,27.505058,0.0,-76.45245,99.94226,0.0
31.159779,80.490616,0.0,48.149258,-98.52926,0.0,-45.18556,28.50073,0.0
89.558205,-77.496284,0.0,-74.73951,-90.42515,0.0,98.6195,49.562134,0.0
-54.958183,24.963848,0.0,-31.999258,34.50298,0.0,-83.12768,49.02502,0.0
-5.6697555,76.82727,0.0,-96.006325,-17.786774,0.0,-85.56098,-81.2621,0.0
-35.308346,-18.275433,0.0,79.11855,80.370125,0.0,78.26165,-87.56383,0.0
96.22038,-85.403076,0.0,68.50543,38.703526,0.0,-78.2304,-79.33932,0.0
90.976166,62.035503,0.0,-12.612885,81.82273,0.0,-78.72824,-78.73905,0.0
55.791214,0.123420075,0.0,35.967167,-77.41356,0.0,74.8759,33.311665,0.0
46.855698,95.74853,0.0,-38.664234,73.14863,0.0,-70.55265,92.03522,0.0
33.615677,27.852568,0.0,-25.2536,-23.216318,0.0,-77.99783,93.471985,0.0
26.33657,24.348003,0.0,-81.11198,49.374325,0.0,14.090782,81.352554,0.0
-28.61869,-98.444305,0.0,-86.05591,-94.965675,0.0,64.54529,-58.579685,0.0
-94.38482,-94.61883,0.0,47.274162,95.57188,0.0,64.07454,-40.42501,0.0
-23.070366,92.05364,0.0,68.57183,9.503199,0.0,-53.468983,79.55412,0.0
-32.56658,-73.69479,0.0,-50.315166,67.20169,0.0,-79.12005,89.140335,0.0
-87.07814,-42.156803,0.0,-94.689285,-90.24145,0.0,-32.37779,-58.49852,0.0
-57.2965,-89.21236,0.0,95.42498,-34.077934,0.0,-24.384981,-92.92325,0.0
55.370564,-21.395578,0.0,35.442295,75.13747,0.0,-54.549683,-71.06054,0.0
-66.352974,99.815285,0.0,-35.00529,53.058693,0.0,-69.24858,90.54526,0.0
-88.14899,-38.17984,0.0,-46.122116,-38.024685,0.0,-51.530613,90.14377,0.0
-40.849068,-88.548,0.0,66.21378,10.4941435,0.0,-58.577953,-98.22379,0.0
-20.368177,96.978745,0.0,-42.396206,-25.09287,0.0,17.52576,2.6169288,0.0
-82.44502,93.04898,0.0,58.609276,31.985725,0.0,60.819775,-12.678274,0.0
1.3386047,15.415732,0.0,-47.99616,46.280594,0.0,13.467321,-51.883762,0.0
-85.85717,36.765976,0.0,-29.949217,-7.144404,0.0,68.57389,-42.910423,0.0
-47.38351,55.55885,0.0,10.235006,-34.172256,0.0,2.8657131,23.176493,0.0
-90.288216,-77.53175,0.0,-70.6237,92.855606,0.0,-62.166504,-80.54132,0.0
-80.19773,-73.61302,0.0,-77.14505,63.815453,0.0,-8.333363,-45.869358,0.0
68.67582,82.21059,0.0,-45.94663,80.306984,0.0,53.757313,-22.67772,0.0
-47.425045,-36.58315,0.0,-30.17334,35.88093,0.0,-83.93377,-5.129379,0.0
59.604286,-48.283085,0.0,49.529236,25.087791,0.0,-84.90326,3.98444,0.0
-51.78953,-48.260036,0.0,8.1885,-35.065304,0.0,-19.508362,8.472273,0.0
3.3589742,10.642841,0.0,-87.86932,-32.866577,0.0,87.6394,-77.295166,0.0
42.155598,84.42103,0.0,88.94745,0.6454705,0.0,92.59091,4.6039944,0.0
-79.89278,-87.812454,0.0,99.36235,-34.325653,0.0,-4.500173,30.176413,0.0
-9.178859,13.322657,0.0,-75.29161,-28.434961,0.0,95.20469,97.24975,0.0
54.57413,7.0963087,0.0,12.962555,23.656153,0.0,23.70719,7.297362,0.0
-76.09942,46.37132,0.0,67.748695,-40.54196,0.0,-92.48866,-72.531876,0.0
5.0465655,31.921885,0.0,-2.3863611,79.08676,0.0,54.625607,-77.00554,0.0
-41.151424,56.83598,0.0,88.984795,-99.78744,0.0,-52.237488,-96.23665,0.0
98.6766,24.100193,0.0,28.62103,4.6787267,0.0,-20.55783,20.839268,0.0
-80.50139,-16.126945,0.0,49.05983,-43.297085,0.0,23.907892,23.92645,0.0
-53.049576,-13.79906,0.0,92.42131,-43.917534,0.0,-82.869415,62.138958,0.0
-53.77298,33.373062,0.0,-42.144302,-69.876076,0.0,-96.616974,-77.74213,0.0
16.933619,-75.00936,0.0,-55.076775,87.386856,0.0,12.409619,93.55039,0.0
73.10026,2.9691834,0.0,-22.998766,-89.81594,0.0,97.59199,5.4321856,0.0
63.600063,96.95767,0.0,-80.36636,74.85784,0.0,5.1497006,-88.94791,0.0
-25.59742,-90.68047,0.0,-33.56401,-60.81966,0.0,46.802956,-51.592495,0.0
-53.013863,52.247883,0.0,24.360603,-19.456043,0.0,76.65743,18.040894,0.0
-45.690662,-94.99884,0.0,-91.69845,-8.325245,0.0,3.3230093,-35.910282,0.0
-51.656338,-68.20054,0.0,-84.79846,36.73072,0.0,-81.85869,-43.618618,0.0
36.978004,-43.941963,0.0,-89.98932,4.1787934,0.0,94.183846,-23.72495,0.0
17.141268,-89.21529,0.0,7.506836,6.3889074,0.0,-96.012825,38.648186,0.0
-23.908926,6.902266,0.0,-99.98186,35.68656,0.0,67.692726,29.877779,0.0
-3.6750395,24.09271,0.0,23.96336,-97.721756,0.0,-2.0079477,-53.75793,0.0
68.49942,-5.9312735,0.0,20.883772,-45.934685,0.0,16.173698,33.402485,0.0
13.772251,-91.97915,0.0,1.5703874,-79.047806,0.0,-38.338863,-86.958534,0.0
-37.589676,68.36237,0.0,-29.400177,-91.19379,0.0,-42.585175,-73.27337,0.0
26.933784,-46.40626,0.0,43.556385,26.845406,0.0,-31.003742,98.95645,0.0
86.30131,12.209316,0.0,47.198414,95.173386,0.0,69.555435,62.336323,0.0
-91.22449,77.11702,0.0,96.70549,4.605927,0.0,-63.742596,-85.86647,0.0
56.070305,-80.00573,0.0,83.2803,80.071014,0.0,22.402021,-8.771725,0.0
45.402378,93.83731,0.0,-54.21631,-73.87659,0.0,-8.503475,-48.440334,0.0
33.557755,-78.35989,0.0,99.711235,60.309296,0.0,70.65526,76.586624,0.0
58.965378,9.748817,0.0,90.74933,81.194115,0.0,-87.31902,-37.791428,0.0
93.95951,-65.71609,0.0,73.27185,-84.79141,0.0,-25.140179,11.930693,0.0
58.03752,-59.771572,0.0,-75.38821,27.072838,0.0,17.198542,10.188009,0.0
91.69373,85.78012,0.0,74.00462,-82.977776,0.0,55.51635,-77.27252,0.0
-54.282215,74.73017,0.0,96.878395,-27.959099,0.0,29.28769,5.6183705,0.0
-76.35583,-21.705118,0.0,64.56552,-24.788809,0.0,-81.47249,-84.678665,0.0
-17.533175,14.438239,0.0,23.316412,-50.311275,0.0,-88.62684,23.821835,0.0
-15.73846,19.83883,0.0,-67.903046,89.025955,0.0,-30.452126,-21.740309,0.0
-16.658274,-77.11626,0.0,-17.38913,-94.368225,0.0,-54.987045,-54.1415,0.0
51.379475,86.417786,0.0,5.2507987,88.95609,0.0,-28.832724,25.761164,0.0
59.671604,50.333294,0.0,-51.43051,83.2698,0.0,-78.786354,-69.16585,0.0
31.495478,90.16914,0.0,21.312128,13.599826,0.0,-21.420343,79.96907,0.0
11.699022,20.599817,0.0,-62.86439,95.59156,0.0,-29.398916,-75.15082,0.0
-22.791656,-30.989819,0.0,-87.604324,-97.853615,0.0,96.66244,-89.61793,0.0
69.45308,-46.33473,0.0,59.806236,95.816956,0.0,-1.4524838,86.21908,0.0
8.809943,-78.6161,0.0,-92.30506,16.165672,0.0,-29.814672,-51.644768,0.0
-4.5098367,83.3087,0.0,7.9754286,-35.148056,0.0,69.55129,32.79665,0.0
66.19294,-25.660501,0.0,-95.39162,-87.76625,0.0,-14.818733,76.41233,0.0
-98.330536,-36.662636,0.0,14.64723,6.2752857,0.0,39.35863,33.104763,0.0
-7.8923035,25.9054,0.0,-27.292086,34.624733,0.0,23.509138,23.551615,0.0
63.526638,-20.950607,0.0,-48.150604,52.022835,0.0,-47.008564,8.903314,0.0
25.691721,19.386473,0.0,-45.530106,14.995889,0.0,6.210055,-39.94132,0.0
-93.79157,-14.299646,0.0,-47.359997,-76.40454,0.0,-41.636356,-38.325027,0.0
15.310397,-13.124058,0.0,-33.01287,-19.620134,0.0,50.47093,-59.810406,0.0
50.530262,69.29035,0.0,-53.98563,-48.22125,0.0,60.506058,28.903742,0.0
91.88668,3.7434323,0.0,4.8450727,93.66211,0.0,-37.14864,56.848213,0.0
40.581497,-84.09067,0.0,-99.278076,-65.90979,0.0,-42.03963,62.29724,0.0
-11.366005,91.13477,0.0,-38.65065,72.599335,0.0,77.37506,8.486238,0.0
-3.2600064,-47.312298,0.0,-75.745705,50.466465,0.0,52.867485,-28.529978,0.0
50.272545,32.451923,0.0,73.1453,-77.526024,0.0,-78.89818,85.37855,0.0
-79.68546,-93.03131,0.0,55.296764,-99.98236,0.0,-6.8065186,-88.48489,0.0
-16.464449,-50.67579,0.0,51.200203,15.30799,0.0,-86.67287,-81.994255,0.0
50.141792,2.2834682,0.0,-8.076262,-34.256603,0.0,62.080475,-26.348047,0.0
-82.50608,24.234058,0.0,56.254406,42.863846,0.0,-50.289345,36.333485,0.0
-63.102535,93.40375,0.0,-43.11305,-83.039635,0.0,-46.692497,-81.28074,0.0
16.171331,-35.43095,0.0,9.494072,-31.960077,0.0,-1.1658956,-75.72019,0.0
81.61984,87.44161,0.0,55.540096,-16.70655,0.0,61.868584,-72.25268,0.0
-1.3685113,-77.392,0.0,-83.10343,-63.82613,0.0,63.976585,-55.726257,0.0
3.089499,77.00611,0.0,32.741566,91.23894,0.0,50.16704,-22.686811,0.0
-23.556156,-2.1920602,0.0,-91.93255,33.706024,0.0,94.398575,-0.6689004,0.0
-81.21038,39.7056,0.0,-78.61403,57.95916,0.0,-35.831837,-0.44859356,0.0
-93.035835,84.9376,0.0,45.076836,26.132444,0.0,-9.302454,-45.64239,0.0
80.9914,-98.469635,0.0,-83.02702,-42.59541,0.0,28.72658,98.617836,0.0
-36.33152,-83.54661,0.0,-65.332,-88.91766,0.0,66.09602,-70.280716,0.0
-27.779238,-7.629477,0.0,85.6721,31.150398,0.0,-41.382965,-65.663216,0.0
-61.32751,84.30378,0.0,-95.523125,-64.09829,0.0,-8.947768,78.419624,0.0
-54.56043,86.81707,0.0,93.147484,-82.52381,0.0,74.72993,7.7514095,0.0
6.250577,-39.85237,0.0,63.909374,19.745531,0.0,-73.5959,88.43544,0.0
-52.57765,-7.121616,0.0,-52.340706,29.119984,0.0,17.452738,-16.529108,0.0
-78.02788,77.727745,0.0,45.874676,86.49234,0.0,-66.42881,88.0714,0.0
-5.0109553,-35.078888,0.0,-81.3103,-78.14374,0.0,66.49961,8.929794,0.0
-83.6389,47.928646,0.0,-80.33584,-99.274414,0.0,57.17058,10.587572,0.0
-80.41507,-35.665985,0.0,-52.16348,-43.034557,0.0,62.948025,-23.76467,0.0
-32.56958,-0.8966848,0.0,66.57479,-29.266827,0.0,61.22731,-20.186142,0.0
-88.11655,-29.031946,0.0,-1.2812364,84.17913,0.0,-17.102266,9.359668,0.0
-98.47703,89.55757,0.0,55.941166,67.90993,0.0,-70.70555,-84.118835,0.0
77.10429,8.953295,0.0,-79.66104,32.53031,0.0,-4.4501395,22.621483,0.0
38.61805,25.911173,0.0,-32.285908,17.045385,0.0,-43.03992,32.568375,0.0
34.50483,-88.86947,0.0,-33.721737,82.397064,0.0,-50.782658,86.9397,0.0
-48.784256,4.0802503,0.0,-64.214714,-87.77247,0.0,18.873707,-35.452118,0.0
42.526833,-88.18485,0.0,28.0875,-97.440926,0.0,-35.41436,-63.11431,0.0
53.15267,-23.206612,0.0,-38.20594,-42.14476,0.0,39.662415,30.351395,0.0
90.20528,-57.539993,0.0,32.88707,31.219034,0.0,-86.03314,24.569424,0.0
2.1157365,23.261309,0.0,25.307325,81.67385,0.0,-6.3889747,11.504209,0.0
14.110929,-23.570017,0.0,-62.483746,87.94448,0.0,-45.809826,72.92024,0.0
82.27813,18.649357,0.0,67.19175,-17.417648,0.0,97.2124,-1.6613493,0.0
95.46003,-28.519468,0.0,42.032772,-52.251778,0.0,60.60434,8.587888,0.0
-91.87529,47.594917,0.0,-77.10528,5.2581663,0.0,-89.95071,-49.999805,0.0
94.59476,7.26984,0.0,94.45366,33.40126,0.0,-31.22839,-14.262196,0.0
-14.806432,-94.679184,0.0,64.08263,0.12220005,0.0,-77.18067,-69.47855,0.0
15.123046,23.427223,0.0,-92.72603,78.87865,0.0,31.200193,81.78513,0.0
57.255177,-77.586426,0.0,-25.599382,-31.825151,0.0,25.124123,-52.32381,0.0
36.545628,76.713356,0.0,18.961992,-4.2913713,0.0,63.138805,72.66152,0.0
-80.3776,-21.315678,0.0,-79.48598,-52.459785,0.0,-80.79111,-49.280827,0.0
-30.819096,20.671907,0.0,-3.2397652,-99.11422,0.0,11.477971,-34.003067,0.0
60.80109,-18.71839,0.0,-48.108315,47.139652,0.0,49.29929,99.281715,0.0
-83.90224,50.74866,0.0,12.983744,89.542755,0.0,-76.58425,-56.983986,0.0
-75.41377,-98.407715,0.0,93.06167,42.84148,0.0,-80.22214,0.8599696,0.0
15.972505,30.791979,0.0,-87.385826,48.731777,0.0,25.522188,11.6092415,0.0
63.15831,75.48436,0.0,17.35083,81.60493,0.0,0.20605129,-31.65668,0.0
-86.226875,35.523182,0.0,73.97013,23.489927,0.0,67.53872,21.870378,0.0
-81.235825,26.763712,0.0,69.59024,32.343967,0.0,-16.80051,89.151726,0.0
36.471222,23.769085,0.0,-34.479633,-44.40833,0.0,92.0788,-46.231533,0.0
-60.295628,-92.3603,0.0,62.957832,4.645618,0.0,-52.551846,13.293492,0.0
90.267654,70.1212,0.0,-33.420578,-86.08172,0.0,-54.101982,28.679974,0.0
-13.597934,-77.82952,0.0,55.32888,89.48386,0.0,49.24989,96.59934,0.0
-14.081175,99.01013,0.0,31.51764,83.08734,0.0,-77.13681,-43.130356,0.0
-94.39864,-84.93773,0.0,-90.08444,-66.19124,0.0,-34.188618,5.4098167,0.0
-44.26382,73.816444,0.0,36.05552,98.75293,0.0,-15.064511,93.392265,0.0
-83.61655,-20.526716,0.0,66.99207,-87.22848,0.0,62.30248,-5.2229238,0.0
-16.20034,28.027382,0.0,98.77714,-86.490005,0.0,77.14884,3.7622766,0.0
87.59228,18.281029,0.0,-63.793083,-95.687515,0.0,4.082129,-76.664635,0.0
-51.767212,-4.098392,0.0,99.76876,-42.28697,0.0,-39.526184,31.28089,0.0
20.27706,-84.24059,0.0,66.97084,90.89423,0.0,83.37361,92.793495,0.0
-12.557691,21.967487,0.0,-92.280426,-3.8517923,0.0,-76.445076,-29.017569,0.0
90.42543,-55.744675,0.0,-6.818388,80.86697,0.0,-80.948265,14.281265,0.0
64.37875,-43.12418,0.0,54.131977,77.41184,0.0,45.447742,-41.354027,0.0
57.188717,-68.15054,0.0,-90.08296,44.246555,0.0,-87.13991,86.46914,0.0
28.771471,13.477624,0.0,-23.616613,-93.80758,0.0,82.93414,-75.13058,0.0
-97.46181,82.78565,0.0,-20.185991,-24.287369,0.0,-51.196148,-84.694916,0.0
-46.057953,-31.249737,0.0,-40.59498,-69.99603,0.0,-50.863934,-56.239906,0.0
54.44674,-45.94101,0.0,75.94151,-85.32228,0.0,43.713326,96.1654,0.0
-77.93245,-61.26388,0.0,60.292313,22.474752,0.0,49.75629,-44.236862,0.0
-95.88893,-13.985717,0.0,95.91669,-89.27108,0.0,-97.561966,41.736702,0.0
-30.047987,-13.622455,0.0,-20.175776,-27.386133,0.0,-91.110466,97.98519,0.0
94.79984,-62.921997,0.0,-37.234833,63.52616,0.0,47.86321,80.88034,0.0
48.842575,-91.11726,0.0,92.73365,76.01489,0.0,-75.25147,-81.855316,0.0
-71.71757,99.43728,0.0,15.446053,-33.59193,0.0,40.525,34.741203,0.0
65.32725,44.91503,0.0,49.014194,76.37997,0.0,16.823673,-99.91477,0.0
-44.986046,58.878704,0.0,8.069946,-91.79189,0.0,67.24271,17.146235,0.0
69.22645,53.115894,0.0,-33.588326,8.443629,0.0,34.050262,-41.529438,0.0
52.48969,-53.68934,0.0,-83.80739,28.685305,0.0,72.49997,-94.27932,0.0
-88.08504,49.38989,0.0,-17.483707,83.180565,0.0,-28.035456,-37.4005,0.0
5.4802885,-76.37008,0.0,-95.529655,21.5663,0.0,-97.08426,60.75712,0.0
-57.83472,95.923004,0.0,-49.893074,14.168739,0.0,11.452018,2.3225741,0.0
-15.462918,7.2845984,0.0,-33.071045,-17.446865,0.0,-90.34232,-55.765068,0.0
69.97712,-15.621926,0.0,57.77296,89.648285,0.0,-98.44026,-51.584293,0.0
-42.487114,39.986553,0.0,49.03462,95.94575,0.0,8.966333,-81.94922,0.0
51.77448,-17.988537,0.0,-78.97749,43.23016,0.0,-83.38845,1.811698,0.0
92.92437,61.739952,0.0,-9.302474,-41.193,0.0,15.9987335,13.627904,0.0
-82.455154,-60.7111,0.0,26.6292,-41.331352,0.0,-95.90825,-7.4187202,0.0
-44.36716,-65.04466,0.0,67.93324,-75.19729,0.0,64.344795,41.68212,0.0
8.708401,10.248004,0.0,24.31837,-1.7627363,0.0,93.62648,-5.619764,0.0
-66.270515,-86.36737,0.0,1.6384022,8.958772,0.0,-65.658966,87.85052,0.0
86.52906,-89.727615,0.0,-51.23903,69.085655,0.0,56.311893,24.539553,0.0
79.17706,76.62579,0.0,-28.246767,88.48179,0.0,-46.18543,-12.694517,0.0
61.505707,59.79369,0.0,-41.25833,-25.107624,0.0,-85.09447,49.095776,0.0
-99.1067,32.743458,0.0,-84.76739,-85.6229,0.0,-30.473291,64.835686,0.0
-84.02195,-43.038307,0.0,-75.76448,71.93952,0.0,-36.621822,-23.967793,0.0
66.218285,-73.98828,0.0,12.886223,-20.023235,0.0,98.79442,-33.800667,0.0
55.524113,-75.46088,0.0,-93.522064,70.25816,0.0,56.780212,76.23059,0.0
85.12176,-94.44719,0.0,59.33519,-78.07106,0.0,50.60016,63.993275,0.0
-45.614697,39.708744,0.0,-10.029849,33.87907,0.0,64.312355,-30.205873,0.0
-41.278423,99.773056,0.0,-85.34695,-95.784775,0.0,37.477283,-93.017006,0.0
-88.81386,34.220398,0.0,-28.899216,-96.71203,0.0,23.819948,-30.807962,0.0
68.99162,-39.061726,0.0,92.855064,19.836205,0.0,-5.642766,-52.24399,0.0
69.68647,16.453978,0.0,57.36804,16.37911,0.0,12.261326,-95.340805,0.0
10.653252,-29.207289,0.0,-36.79327,-73.26764,0.0,84.90788,-89.79155,0.0
-32.679356,-66.88757,0.0,57.728825,25.474882,0.0,-82.962074,-41.085068,0.0
45.149334,-49.74348,0.0,-13.693744,82.68627,0.0,87.52074,-93.19286,0.0
-82.46851,98.10904,0.0,63.476906,71.284676,0.0,-69.22618,92.14803,0.0
-89.3589,84.55084,0.0,26.850615,-91.35517,0.0,-34.515167,-0.76546276,0.0
65.455414,-12.109717,0.0,1.7701576,-46.462357,0.0,44.718376,-80.81649,0.0
74.48062,86.81284,0.0,-50.303402,58.112495,0.0,-42.39922,-84.82374,0.0
73.35753,23.886612,0.0,-84.68972,51.497234,0.0,1.3497732,-77.542625,0.0
85.03898,92.57041,0.0,-2.8757489,24.443708,0.0,-34.761314,-6.070081,0.0
-87.57664,19.880434,0.0,57.445736,14.155062,0.0,86.065254,18.748085,0.0
30.3307,-75.47117,0.0,74.730896,-86.1709,0.0,89.73437,75.55148,0.0
-32.527767,-61.264217,0.0,-48.82388,2.3082442,0.0,71.45576,22.30165,0.0
-34.51837,-97.00462,0.0,-31.628145,-87.95783,0.0,92.440865,7.527711,0.0
99.08659,24.339994,0.0,-95.877075,-77.321236,0.0,37.320995,-87.35326,0.0
84.59593,-78.90328,0.0,9.783514,-95.16175,0.0,10.957895,-92.70906,0.0
-78.99642,-15.773677,0.0,55.109272,68.55145,0.0,-46.424923,36.246304,0.0
-15.555839,-31.265713,0.0,-86.72321,-43.99778,0.0,8.042838,9.985073,0.0
-95.52363,97.64533,0.0,-87.85755,-16.986288,0.0,39.09676,-49.52022,0.0
1.9418683,-47.472374,0.0,-32.316223,-50.49884,0.0,94.05836,35.480965,0.0
17.766502,-42.942707,0.0,79.57369,3.1251087,0.0,89.895584,-84.151024,0.0
-52.364178,62.44865,0.0,85.86387,-84.50395,0.0,-50.721577,88.740776,0.0
-44.65959,88.1219,0.0,5.6154385,34.59393,0.0,57.940964,-17.623203,0.0
-10.518694,-79.28248,0.0,26.184774,-95.50691,0.0,93.06144,67.19134,0.0
-76.00324,47.049267,0.0,11.963869,-93.983315,0.0,-26.78027,92.76489,0.0
-58.38104,-86.07332,0.0,-47.01031,-71.43797,0.0,53.42024,-39.698673,0.0
68.26308,-2.5797853,0.0,-38.87629,31.211464,0.0,-66.33232,96.53753,0.0
36.100735,32.692486,0.0,-39.054287,31.40051,0.0,-37.229603,-82.91355,0.0
-45.185013,-10.040068,0.0,-35.09397,87.26803,0.0,53.005657,45.50305,0.0
65.850784,-0.23935293,0.0,18.214739,-17.475325,0.0,-6.561824,-99.51106,0.0
68.67738,-92.87496,0.0,-0.5302004,99.65738,0.0,95.96058,68.462975,0.0
-90.58288,-69.8249,0.0,64.46315,6.428441,0.0,-39.487297,-51.58363,0.0
-47.810818,13.999382,0.0,42.036716,97.26226,0.0,13.243924,-76.82072,0.0
-8.271115,-35.717445,0.0,-44.89471,-81.61267,0.0,48.86461,91.79155,0.0
-17.634905,88.41081,0.0,12.86943,29.063509,0.0,-26.53976,11.161928,0.0
53.616886,2.9572122,0.0,-60.14455,77.79106,0.0,86.6307,4.56443,0.0
-52.7909,-16.135538,0.0,-95.702354,50.571766,0.0,-56.07125,-82.97857,0.0
-75.222,-13.81558,0.0,48.896526,-97.157646,0.0,-87.256096,28.223082,0.0
-76.306625,-85.71242,0.0,93.77646,-69.21625,0.0,92.257614,-71.08611,0.0
-54.038715,-72.53142,0.0,-87.34569,37.389942,0.0,15.236221,94.97415,0.0
-86.420654,-96.1224,0.0,-75.60026,16.58333,0.0,-51.93686,-25.777569,0.0
48.151756,-50.750237,0.0,-37.618652,-17.972054,0.0,67.12849,81.13641,0.0
-73.70448,-82.172195,0.0,53.829323,-36.70288,0.0,-2.1637528,33.734116,0.0
24.324818,91.28206,0.0,-63.643864,-98.997795,0.0,64.637924,-9.382611,0.0
-30.256958,-45.094223,0.0,4.438701,-87.13634,0.0,96.05654,41.78609,0.0
-70.819145,-89.75983,0.0,-42.60406,95.5603,0.0,60.46673,39.626858,0.0
94.38127,34.625317,0.0,-49.406425,70.6761,0.0,-75.28428,-45.030384,0.0
-42.156364,46.846336,0.0,-54.261696,-35.14891,0.0,-6.657876,16.029322,0.0
-49.107903,-88.55038,0.0,-96.27221,53.711147,0.0,35.838696,82.47216,0.0
-18.823896,82.40556,0.0,25.953726,30.3972,0.0,-47.92001,-69.86869,0.0
-77.32714,27.219635,0.0,-39.326984,-96.47698,0.0,-27.199797,-32.88683,0.0
39.04854,21.332968,0.0,53.809643,-78.42008,0.0,-86.38441,-57.24156,0.0
-32.011887,1.8911139,0.0,16.418343,-20.206503,0.0,-51.445972,66.59445,0.0
69.01079,-23.407183,0.0,43.45481,-87.034225,0.0,92.67537,-34.308052,0.0
-29.549856,30.213774,0.0,0.7662817,11.680305,0.0,62.96969,69.26635,0.0
84.41195,34.42649,0.0,-27.965824,-8.485856,0.0,52.611782,29.013922,0.0
-47.624664,-94.51803,0.0,26.49188,-19.379242,0.0,-88.22541,56.468613,0.0
-40.434864,70.87858,0.0,34.815918,-97.63386,0.0,-41.328926,9.094564,0.0
-93.903,-59.15393,0.0,58.963676,-9.594828,0.0,50.685658,75.8591,0.0
46.273384,81.369774,0.0,44.172382,-83.85275,0.0,-84.71358,-49.14756,0.0
0.05835435,-52.220695,0.0,92.44736,92.838036,0.0,-0.3491203,-47.536816,0.0
78.90756,-77.122154,0.0,95.80686,76.516525,0.0,-46.748077,-96.36759,0.0
44.319145,93.245705,0.0,-94.9651,65.12999,0.0,-47.859337,64.59459,0.0
-60.313313,78.27169,0.0,-47.635902,-60.87123,0.0,-66.40053,-96.14171,0.0
-79.27172,-68.883865,0.0,49.946487,-94.897934,0.0,52.692394,-38.78844,0.0
30.501825,-94.51943,0.0,-23.00987,-89.5123,0.0,-34.91335,92.19616,0.0
-26.168564,-42.66364,0.0,4.06419,16.877377,0.0,67.310135,-29.575697,0.0
-4.5564647,-43.281624,0.0,93.83805,23.526346,0.0,-30.864508,80.50486,0.0
-6.105135,-44.50521,0.0,-25.187641,-79.08159,0.0,-33.725304,-9.304817,0.0
-99.74159,-40.571404,0.0,-36.91269,-58.625854,0.0,62.56661,-31.87931,0.0
-13.376384,79.157715,0.0,79.14352,32.106102,0.0,-87.8507,42.80033,0.0
81.669266,27.480883,0.0,99.02753,-55.442783,0.0,16.03522,81.01317,0.0
-90.66423,11.786385,0.0,-85.96391,-84.37171,0.0,53.741966,-45.99931,0.0
-45.789814,73.755936,0.0,41.79582,-76.97817,0.0,27.280708,-28.55257,0.0
-85.65197,76.17699,0.0,-91.27971,-37.46758,0.0,-97.609344,90.52974,0.0
12.88684,6.2943554,0.0,4.489009,-39.241947,0.0,28.141163,-77.48855,0.0
-90.056694,26.918211,0.0,-88.98518,88.15351,0.0,-11.825824,76.36591,0.0
27.467722,-91.33358,0.0,-95.84173,-78.404564,0.0,96.63053,33.61434,0.0
44.238514,-84.91011,0.0,-93.82289,74.81754,0.0,49.367523,76.08009,0.0
-32.999077,88.43895,0.0,-94.60896,-46.923313,0.0,69.256935,44.839,0.0
-38.897594,58.61642,0.0,-75.529976,-50.805286,0.0,-98.44404,-65.70904,0.0
67.670746,3.7769341,0.0,-17.23074,-79.625404,0.0,-83.140045,-10.4991,0.0
18.29519,-32.583015,0.0,37.085903,-94.27643,0.0,-36.97818,48.16928,0.0
-87.691864,42.808495,0.0,-9.804236,33.850674,0.0,-67.63158,-93.93464,0.0
-51.98329,-44.101074,0.0,66.151306,-42.78037,0.0,56.08658,-13.9265,0.0
9.849559,-35.497307,0.0,98.22091,20.213907,0.0,-30.310118,92.92477,0.0
87.432144,76.25214,0.0,-33.24134,-4.503253,0.0,-20.048733,34.77121,0.0
94.297165,46.734455,0.0,-21.608414,-45.243523,0.0,10.65549,19.368334,0.0
-54.152332,-92.6845,0.0,-76.86716,16.516388,0.0,-82.32626,-12.738524,0.0
59.01323,5.5616007,0.0,19.7098,-76.87759,0.0,-97.03896,7.306185,0.0
-9.097063,76.57242,0.0,-19.949404,-96.204605,0.0,80.62117,-84.85415,0.0
6.4952903,28.541702,0.0,57.64929,-34.06789,0.0,-42.647556,47.448734,0.0
68.80933,-22.121609,0.0,-8.229285,-32.473427,0.0,-27.352417,83.474304,0.0
93.97303,66.19969,0.0,68.27928,-10.168435,0.0,59.457447,29.455334,0.0
-40.93957,-10.982238,0.0,95.129776,84.925835,0.0,-48.32569,59.46166,0.0
-85.12691,-58.98826,0.0,-52.68626,27.745424,0.0,26.623692,34.425156,0.0
-34.691536,-53.811985,0.0,-35.9753,51.686172,0.0,60.265316,-68.06716,0.0
33.595135,75.81871,0.0,-80.5188,-56.82426,0.0,-34.377544,-66.8024,0.0
22.52171,-93.23102,0.0,-49.8268,17.524046,0.0,-40.03123,-44.174076,0.0
-54.808155,0.8786459,0.0,-5.6811466,30.571495,0.0,-7.7094,24.979897,0.0
-91.83256,42.341263,0.0,2.09769,-30.348072,0.0,-83.760735,68.010445,0.0
53.601593,-0.8981575,0.0,96.38848,-53.69627,0.0,-28.129036,78.27888,0.0
39.100536,-98.30871,0.0,-50.123398,-79.13654,0.0,-76.45327,-27.284698,0.0
59.222218,7.793342,0.0,91.20797,-80.94693,0.0,-82.65014,-49.487137,0.0
-46.889652,-21.780628,0.0,-41.176956,-1.1357962,0.0,90.17282,12.602447,0.0
96.47662,59.586105,0.0,-89.4771,-2.3899171,0.0,69.220764,-7.709134,0.0
-51.593277,0.9708984,0.0,-25.332062,28.390032,0.0,45.606514,87.163795,0.0
56.051353,-0.7389161,0.0,-32.802822,-28.05952,0.0,-37.843388,50.507286,0.0
-49.31977,-7.550724,0.0,-49.108593,-82.8698,0.0,-99.344406,-9.989895,0.0
8.699479,13.728408,0.0,56.036297,55.053097,0.0,-22.627575,-85.19883,0.0
0.117095836,96.13159,0.0,-41.61621,3.1354415,0.0,24.987564,-0.49822167,0.0
71.92067,0.020282246,0.0,-39.103775,86.44993,0.0,-35.111244,-90.59236,0.0
-39.84174,-14.523452,0.0,-77.05363,53.32286,0.0,-3.7272625,-50.420673,0.0
60.77563,26.727287,0.0,-53.136517,-71.17584,0.0,77.50467,26.592073,0.0
14.813301,-37.12973,0.0,-2.1899405,-93.213234,0.0,-88.1525,40.895893,0.0
90.64401,-30.18863,0.0,-46.611805,44.829514,0.0,62.71139,-52.82117,0.0
-2.4168515,-45.54357,0.0,-19.394735,6.0547156,0.0,25.594656,-49.676624,0.0
15.289524,-13.809622,0.0,-76.74152,-39.14121,0.0,17.74313,-18.222843,0.0
-40.35658,-74.75173,0.0,-96.191154,78.55945,0.0,17.271975,87.922585,0.0
57.952957,-64.024414,0.0,-45.832554,-63.103825,0.0,99.94837,-61.41707,0.0
-33.633236,37.13159,0.0,51.29834,-2.5646896,0.0,68.74719,1.0792295,0.0
-42.963306,59.051426,0.0,37.009735,-52.104855,0.0,-25.415022,-90.39529,0.0
12.92472,30.747429,0.0,16.062588,-93.362366,0.0,62.23283,89.968544,0.0
97.56756,10.43762,0.0,-73.41187,-90.50644,0.0,10.409035,15.545939,0.0
-80.58739,7.138121,0.0,-46.88571,43.886402,0.0,-87.672134,67.118004,0.0
13.641007,23.701809,0.0,70.61549,6.4624934,0.0,65.490265,-61.228992,0.0
-5.931504,79.72457,0.0,-52.173275,48.219326,0.0,66.79889,12.171615,0.0
-7.3639045,-93.176994,0.0,-53.646828,-2.5766094,0.0,-55.17408,-95.316185,0.0
66.03465,-1.4565133,0.0,59.814205,84.545296,0.0,-30.246868,25.932465,0.0
-96.28162,-80.56556,0.0,-0.4689804,93.10358,0.0,-12.206591,81.91873,0.0
-74.67398,87.029594,0.0,83.50731,-77.60422,0.0,-51.44787,-57.69335,0.0
17.62011,-24.975859,0.0,75.67312,26.95499,0.0,92.96776,6.470534,0.0
-51.707626,95.4728,0.0,-79.846596,50.72086,0.0,1.4239159,-84.55363,0.0
79.85114,24.470482,0.0,59.00269,-78.10713,0.0,-51.31627,73.19818,0.0
-10.594376,-92.0983,0.0,29.877989,-97.990524,0.0,23.8474,-85.57511,0.0
-91.806595,24.591606,0.0,79.051636,-98.94004,0.0,-51.131855,53.417625,0.0
-77.52549,74.78032,0.0,75.76122,32.003376,0.0,1.0156337,-41.260098,0.0
-48.13944,-23.289837,0.0,37.76662,-91.998665,0.0,-39.377857,-11.364916,0.0
-0.13701253,91.25929,0.0,-34.024796,-63.85661,0.0,-51.99455,-23.843819,0.0
59.570145,73.450134,0.0,-92.965,27.038225,0.0,55.143864,-68.69801,0.0
-81.519325,-26.29477,0.0,-94.256516,-79.37206,0.0,-30.19683,72.16002,0.0
60.31306,8.0451,0.0,-54.403084,-6.483747,0.0,72.99942,-99.650696,0.0
22.855234,-14.980541,0.0,-65.09659,82.64315,0.0,91.49002,-57.242985,0.0
-52.773273,42.215336,0.0,-90.97573,79.77362,0.0,43.367817,93.93565,0.0
63.184845,85.51763,0.0,-48.963184,27.940487,0.0,14.205327,-43.006634,0.0
73.48828,17.36667,0.0,95.311386,84.81098,0.0,-42.310417,-19.323517,0.0
-39.197098,-25.399624,0.0,-8.878582,-84.75307,0.0,-92.11421,-12.138343,0.0
-33.17927,-29.947638,0.0,-31.090925,64.146774,0.0,-86.63116,-65.84751,0.0
62.35903,-13.504767,0.0,-53.24631,50.298832,0.0,-24.875555,-86.27447,0.0
-64.10381,90.762505,0.0,-90.06464,12.978502,0.0,-12.677955,9.361455,0.0
-81.62069,-29.177742,0.0,94.09497,55.511337,0.0,-69.985886,92.629715,0.0
-54.91809,55.312386,0.0,66.52065,-55.921864,0.0,24.449516,77.743546,0.0
62.820656,58.78749,0.0,21.972954,-3.5960555,0.0,30.375864,-87.74588,0.0
68.407616,89.3396,0.0,-31.938034,-54.36336,0.0,-21.958555,-89.22188,0.0
72.28854,-78.336815,0.0,94.793526,36.689545,0.0,-79.53219,41.144928,0.0
64.71586,6.076817,0.0,21.401989,-27.550388,0.0,12.265376,79.670746,0.0
61.066597,96.57827,0.0,93.29862,-71.99431,0.0,-27.504166,-39.89316,0.0
95.82152,-90.10502,0.0,53.12758,17.369139,0.0,4.6516232,-93.227425,0.0
6.637262,-84.27031,0.0,-89.555336,62.920456,0.0,-67.61673,80.28567,0.0
2.397648,9.508182,0.0,-37.58092,-78.38006,0.0,63.161823,-80.506195,0.0
-4.5491867,-31.927387,0.0,-84.28731,98.7485,0.0,90.301094,24.11434,0.0
-83.49488,-91.501144,0.0,-88.048065,-82.36735,0.0,17.21841,-42.61179,0.0
59.32488,42.234634,0.0,10.240142,88.55512,0.0,25.0469,-4.448073,0.0
46.396732,23.453648,0.0,-32.901917,-81.453766,0.0,91.253944,19.628563,0.0
-86.89934,-11.730868,0.0,-80.88313,-83.2236,0.0,88.97078,18.394102,0.0
-97.28904,2.7292955,0.0,-84.56386,-94.10026,0.0,-43.582333,-34.11371,0.0
-40.89321,92.31867,0.0,72.35361,-88.59385,0.0,73.64421,90.08617,0.0
8.554429,-54.004993,0.0,39.040718,34.400433,0.0,-41.336845,-12.676426,0.0
69.16253,-88.23223,0.0,-38.068714,0.6407725,0.0,-60.838104,-97.040726,0.0
-39.734455,-83.29461,0.0,66.03436,38.516693,0.0,-94.195694,-67.26738,0.0
-26.500813,-85.69852,0.0,75.59174,81.48682,0.0,45.900784,-97.509186,0.0
-19.151575,-47.17729,0.0,-33.730774,48.03964,0.0,26.024075,-53.779625,0.0
-34.37828,2.0856197,0.0,-24.535843,-89.30942,0.0,54.1094,-99.884895,0.0
93.163216,93.52953,0.0,-92.90105,-29.489822,0.0,-99.83417,39.762356,0.0
-49.461777,8.749931,0.0,-50.212265,-76.08978,0.0,99.49179,-0.49334532,0.0
66.37937,7.150951,0.0,-80.611694,-77.00518,0.0,85.08837,81.2778,0.0
-98.96368,-38.448803,0.0,-32.93912,-15.895454,0.0,-93.28177,-69.92106,0.0
66.713554,35.958908,0.0,-79.56289,74.73833,0.0,-15.39872,-38.700924,0.0
-79.943565,91.01709,0.0,66.72538,10.55268,0.0,-9.489838,-37.55622,0.0
70.32531,28.687628,0.0,-13.992108,-84.81378,0.0,60.552586,48.334667,0.0
-32.827133,-52.19518,0.0,36.46254,-83.04826,0.0,-41.5076,-98.90269,0.0
28.880426,-78.74573,0.0,13.333264,-37.183697,0.0,-93.02604,-90.79651,0.0
37.737385,32.210556,0.0,11.414319,88.77707,0.0,-41.592888,57.170994,0.0
90.10007,-81.2624,0.0,6.4000316,78.74289,0.0,-58.737938,85.80865,0.0
93.25018,86.754425,0.0,-25.451048,-89.39159,0.0,-91.80394,22.946236,0.0
-98.55269,96.29399,0.0,68.42618,-44.09219,0.0,-13.587287,94.05861,0.0
47.94814,-80.395454,0.0,19.153992,-17.325731,0.0,-43.002705,59.353867,0.0
69.40595,70.77966,0.0,99.22758,-5.964555,0.0,66.3051,-44.037296,0.0
-9.112579,-78.538536,0.0,-83.65316,-89.82799,0.0,-50.110115,2.981697,0.0
11.472516,-42.926605,0.0,-51.910564,-19.983917,0.0,52.14561,53.038372,0.0
-5.9841814,-91.74608,0.0,-5.1084666,-51.631073,0.0,-85.04642,47.242474,0.0
15.022414,2.8095357,0.0,96.10123,-88.02974,0.0,-96.52781,-55.48547,0.0
55.542816,46.457848,0.0,19.233025,-20.256721,0.0,90.25416,-68.04702,0.0
16.938667,-41.57832,0.0,73.407974,88.183044,0.0,10.330031,7.8382974,0.0
22.107288,-24.76652,0.0,18.246181,-3.568455,0.0,-86.96029,-30.961617,0.0
-77.86007,-39.71903,0.0,16.880207,5.1019254,0.0,-39.105682,65.72642,0.0
-41.72072,75.264565,0.0,-86.04839,-70.54901,0.0,-39.31882,78.70227,0.0
72.33464,-89.94806,0.0,-77.89061,40.42935,0.0,-45.768948,-89.475716,0.0
29.056904,15.514656,0.0,-39.725227,-17.227955,0.0,25.837921,-93.32784,0.0
22.050932,-46.96354,0.0,-83.064575,-96.12716,0.0,95.3507,-47.04423,0.0
56.25957,-53.43983,0.0,-64.95261,95.354996,0.0,99.30633,-22.144535,0.0
60.716747,8.864079,0.0,-31.323738,62.19998,0.0,-19.118956,6.083418,0.0
33.215683,-43.945297,0.0,55.343285,-62.060932,0.0,-96.01569,27.486887,0.0
-28.052916,-77.57372,0.0,-49.630455,-66.81421,0.0,-11.782804,80.11727,0.0
-94.88101,7.77517,0.0,87.104065,-88.67473,0.0,44.39478,33.065018,0.0
27.548035,0.28174496,0.0,17.44589,16.43056,0.0,-29.269768,-6.3301444,0.0
-90.04368,97.71681,0.0,-48.979733,25.83383,0.0,55.718105,98.24045,0.0
-8.087831,12.336938,0.0,-69.221275,87.350006,0.0,-44.926765,73.95599,0.0
-90.45505,80.40318,0.0,63.918766,57.922794,0.0,98.63226,36.47596,0.0
93.791794,86.264404,0.0,93.773506,85.230934,0.0,3.8024907,96.72554,0.0
1.6308944,81.03301,0.0,39.29437,34.659683,0.0,-52.711094,55.693745,0.0
-81.18898,-26.583185,0.0,-97.82817,93.156204,0.0,-38.549686,70.136,0.0
-18.877888,14.8470955,0.0,-57.17727,-85.66572,0.0,37.485268,-89.814316,0.0
-85.466835,-39.061237,0.0,-88.89198,-56.428936,0.0,90.4249,-19.70427,0.0
-2.4572902,-40.70156,0.0,-54.60175,-86.79954,0.0,99.39753,98.17226,0.0
-51.37176,24.13644,0.0,-74.02742,76.73513,0.0,-79.11861,79.518684,0.0
16.854069,76.8536,0.0,69.472916,-71.872406,0.0,12.095159,5.91551,0.0
68.92782,-31.746857,0.0,50.58391,28.81595,0.0,26.453545,-35.56282,0.0
-7.355243,31.974878,0.0,79.08105,98.275345,0.0,50.362682,76.43631,0.0
-18.827337,-31.909655,0.0,-40.551388,47.74852,0.0,19.169636,33.550182,0.0
32.786884,-40.259975,0.0,51.772,44.948284,0.0,-27.782904,22.776138,0.0
-75.330894,67.13904,0.0,39.144962,24.77974,0.0,52.986835,9.64075,0.0
-40.014194,-23.866547,0.0,-43.72871,-65.08297,0.0,-94.312225,-13.607796,0.0
-83.93249,-56.977585,0.0,75.41522,22.113533,0.0,-7.887434,-46.50537,0.0
96.31407,43.544464,0.0,5.0512185,99.08375,0.0,-91.40046,-18.268204,0.0
-40.50429,-41.648506,0.0,-54.747807,-55.04012,0.0,-50.765705,80.209564,0.0
99.20172,78.13414,0.0,-82.64902,-87.181046,0.0,34.200703,97.43062,0.0
-97.75457,-79.64124,0.0,21.445107,76.37726,0.0,22.828869,-9.693846,0.0
68.19759,27.892471,0.0,97.31839,78.19873,0.0,-54.511433,64.46591,0.0
-89.29907,-23.585773,0.0,-78.74632,9.616928,0.0,-86.49486,-66.486786,0.0
-53.518497,96.07875,0.0,-96.931145,-97.53564,0.0,20.98041,-33.308235,0.0
-94.19655,-20.73158,0.0,-96.64299,-57.87882,0.0,-0.40599433,-47.3004,0.0
-66.938324,89.43393,0.0,83.481285,15.315216,0.0,93.502075,-84.63753,0.0
65.45384,-44.15559,0.0,96.79818,35.923325,0.0,-70.12535,-98.306305,0.0
55.16694,88.5073,0.0,-44.467743,-34.00425,0.0,21.237244,2.9728122,0.0
-5.106973,-51.32178,0.0,-46.288715,-16.573792,0.0,-50.348217,37.368866,0.0
-37.609653,-47.844532,0.0,-5.633128,26.441843,0.0,-26.314297,-78.49292,0.0
52.208057,83.474304,0.0,34.316444,-93.10122,0.0,64.715385,-12.169868,0.0
7.112376,-96.75374,0.0,15.561633,31.190445,0.0,10.712667,85.28867,0.0
-76.146065,-6.0540814,0.0,-43.49653,13.902079,0.0,31.537899,78.19258,0.0
76.89956,3.2216604,0.0,-39.726006,-70.61033,0.0,-40.682537,2.67077,0.0
-34.6703,-79.54964,0.0,-98.59998,73.55524,0.0,71.81748,12.627159,0.0
62.51696,-62.4805,0.0,95.356705,76.93893,0.0,54.89581,63.224827,0.0
28.794333,-95.77194,0.0,-5.3005266,11.807384,0.0,-20.070929,5.1035624,0.0
65.429306,59.82245,0.0,69.02535,82.39909,0.0,98.6915,-31.262617,0.0
-86.80941,-57.520428,0.0,-59.05952,-82.52618,0.0,18.359282,-51.073006,0.0
-84.279274,-88.977936,0.0,24.303059,-98.19689,0.0,89.284966,29.675774,0.0
51.16658,68.093834,0.0,-34.713318,-72.88485,0.0,-85.557236,94.951935,0.0
-93.68606,-63.062973,0.0,59.25935,-26.323864,0.0,53.572086,77.781364,0.0
-36.101425,-84.55721,0.0,17.920876,-32.685913,0.0,44.9299,-46.83833,0.0
49.12242,-95.91666,0.0,-36.119934,-97.45537,0.0,29.148054,12.96752,0.0
26.95289,-96.02495,0.0,24.108097,-39.148277,0.0,26.198277,-94.90989,0.0
16.421036,-91.76214,0.0,50.658085,74.3649,0.0,-34.50194,-86.87968,0.0
-89.05812,-51.996906,0.0,84.8011,23.024504,0.0,-91.15997,-92.239746,0.0
-71.27285,85.05153,0.0,-98.0479,-91.070915,0.0,52.568,-23.56691,0.0
-52.485317,61.07014,0.0,-49.69266,-63.39482,0.0,55.86259,-3.740443,0.0
23.112356,-25.837574,0.0,61.655643,68.29216,0.0,-25.296003,-15.815206,0.0
-91.13887,-13.2011795,0.0,-38.541965,-13.868375,0.0,-8.769422,91.5599,0.0
-23.141397,84.94534,0.0,65.58187,69.52683,0.0,-50.70066,77.05249,0.0
99.4603,-61.219944,0.0,-34.87027,-85.31418,0.0,-43.79149,76.880005,0.0
-44.387287,15.349946,0.0,4.9805117,84.99096,0.0,69.29896,14.422146,0.0
-99.92976,-67.13614,0.0,-82.027824,-18.29192,0.0,24.617579,-41.698322,0.0
90.250435,-88.788635,0.0,17.265451,30.108238,0.0,51.49328,-34.649178,0.0
54.170532,54.09619,0.0,-11.703172,-29.426373,0.0,77.166336,92.11303,0.0
-34.49498,-65.77912,0.0,-19.586386,85.01341,0.0,24.971169,-27.162386,0.0
49.237667,28.1597,0.0,16.586838,-36.87375,0.0,-34.52272,-0.6918506,0.0
67.98494,31.958382,0.0,8.456944,12.888046,0.0,59.813732,-43.62351,0.0
-86.51828,52.90702,0.0,-41.567257,-1.590906,0.0,-38.125225,-46.993538,0.0
6.8161283,-96.92538,0.0,-93.50301,86.233986,0.0,-34.993614,-15.413052,0.0
-83.08716,20.202108,0.0,-72.513504,-99.07435,0.0,-93.93319,96.25803,0.0
79.185936,26.004196,0.0,-89.19548,95.173325,0.0,69.03036,-45.877163,0.0
-42.205936,-61.32506,0.0,84.04207,6.3946314,0.0,-45.306396,-74.73652,0.0
86.90093,18.436066,0.0,93.41098,63.551563,0.0,68.342125,-9.979744,0.0
-84.17058,20.419176,0.0,-18.230625,34.608917,0.0,-98.699425,-99.86361,0.0
-60.8401,89.49007,0.0,99.305115,42.00027,0.0,75.52276,75.861435,0.0
-97.13579,-21.67507,0.0,-3.6741087,16.437378,0.0,-51.375736,90.18045,0.0
24.321098,-32.131123,0.0,97.07304,-14.17122,0.0,77.63961,90.59547,0.0
-37.552338,-26.075634,0.0,-44.31139,92.62403,0.0,61.88417,-29.987272,0.0
93.18793,86.97174,0.0,-99.35563,44.91574,0.0,-29.260347,92.25767,0.0
-13.77597,-90.81672,0.0,-80.83227,-52.804382,0.0,-85.13525,88.79719,0.0
56.01758,-50.38073,0.0,91.73253,-13.531822,0.0,55.138943,44.067562,0.0
57.283844,10.843702,0.0,91.218796,46.73938,0.0,-26.244799,-27.850782,0.0
52.130745,59.51811,0.0,-49.777843,-57.534042,0.0,57.92526,-77.8202,0.0
64.50655,-70.54516,0.0,-53.6681,-45.412174,0.0,96.86311,67.16133,0.0
-28.362732,-54.051136,0.0,76.60918,-90.0197,0.0,96.1072,23.518599,0.0
-49.572372,-47.851086,0.0,-29.3947,2.0933003,0.0,-34.04389,-8.583956,0.0
85.17869,25.990984,0.0,93.30554,-11.650189,0.0,-25.590385,-2.5644867,0.0
-21.012138,93.6968,0.0,47.43749,-48.123154,0.0,72.532585,30.339434,0.0
-22.328629,-36.10064,0.0,40.16242,84.27289,0.0,-38.72629,-71.52538,0.0
-14.317674,-31.499613,0.0,93.44498,87.90402,0.0,-35.96484,-45.95132,0.0
75.292755,30.563004,0.0,-90.91747,57.475277,0.0,-88.617714,3.1657753,0.0
-79.35028,-28.24104,0.0,1.3407264,19.570267,0.0,61.276726,7.453517,0.0
-42.101772,48.95032,0.0,-70.52412,90.20175,0.0,-52.037308,-90.0216,0.0
-83.83481,-34.170532,0.0,-42.62151,-68.20863,0.0,69.7436,-69.70939,0.0
75.190895,32.342995,0.0,13.648196,-49.26722,0.0,13.710968,21.731962,0.0
-80.98877,-12.38667,0.0,93.63219,79.98248,0.0,55.065807,45.414745,0.0
-98.69074,56.319393,0.0,-77.09517,13.027593,0.0,-2.7749176,95.68398,0.0
52.650696,-4.7463064,0.0,15.225853,-31.615698,0.0,66.767944,20.79436,0.0
36.498474,96.24177,0.0,-30.20781,80.06979,0.0,59.237865,47.492767,0.0
1.4280409,-83.19385,0.0,13.159556,77.96762,0.0,24.575483,-6.06103,0.0
-89.756386,-2.8650644,0.0,-98.18072,-4.0904636,0.0,-84.88948,-53.601288,0.0
-91.77404,17.70828,0.0,-9.383232,-54.53031,0.0,13.867062,-99.00623,0.0
-86.98738,-74.20113,0.0,69.351776,38.114388,0.0,-79.77752,8.281768,0.0
-46.643517,-91.920555,0.0,94.67963,33.90799,0.0,18.480776,-5.759525,0.0
59.000362,27.773005,0.0,99.81229,-55.586254,0.0,-51.977207,40.08271,0.0
22.044165,-84.740486,0.0,-89.87862,-96.848625,0.0,61.70242,30.681541,0.0
-81.51715,-23.976572,0.0,83.698,-90.15523,0.0,-30.822824,-97.36945,0.0
83.88369,-81.84471,0.0,-36.741554,43.03029,0.0,-10.609739,-90.22088,0.0
-75.25936,-45.563305,0.0,60.81111,53.64104,0.0,86.77341,19.622236,0.0
-72.64028,-79.41982,0.0,74.41323,11.7363405,0.0,72.06652,77.5962,0.0
-25.357336,-99.08193,0.0,-56.58696,-84.27258,0.0,7.3020396,-42.43816,0.0
4.782698,-36.865818,0.0,77.873566,24.23331,0.0,-9.090726,22.987333,0.0
69.224846,93.1797,0.0,99.50609,-48.192677,0.0,67.100044,-54.973347,0.0
50.301174,-75.312386,0.0,-19.800573,23.02539,0.0,-76.60032,60.628166,0.0
9.084869,-27.533598,0.0,-51.85466,95.11487,0.0,35.238514,97.528206,0.0
74.73984,78.96626,0.0,81.61453,15.384559,0.0,-0.19046627,-89.403915,0.0
-39.747612,-61.380833,0.0,0.9831886,23.113047,0.0,63.972324,25.068298,0.0
32.43711,-95.57286,0.0,51.242508,9.305411,0.0,-98.87214,-41.75552,0.0
51.10261,57.43531,0.0,91.500275,78.38805,0.0,59.82316,42.532326,0.0
-89.94672,84.629135,0.0,-77.95991,19.850296,0.0,-2.3347483,91.80147,0.0
-81.47298,83.19995,0.0,-87.00908,-59.882236,0.0,66.77004,-99.46922,0.0
99.655106,33.035213,0.0,43.636543,-90.67969,0.0,48.278908,76.17277,0.0
-35.13833,96.98046,0.0,18.527433,-91.654564,0.0,-24.688454,-54.86231,0.0
34.882668,-45.530613,0.0,-83.335495,-44.468575,0.0,-97.338806,-3.677947,0.0
-51.128258,-30.163034,0.0,55.500904,-19.755507,0.0,-77.715454,61.13765,0.0
-18.705572,86.05157,0.0,-86.2747,99.73176,0.0,-85.12562,21.874186,0.0
-65.74759,-87.238556,0.0,41.755768,-84.08581,0.0,-54.872143,-51.555733,0.0
-80.10802,-76.89143,0.0,64.285355,7.907538,0.0,-40.322453,-87.22662,0.0
-99.42311,-49.3263,0.0,49.74435,-44.049572,0.0,45.34243,26.813692,0.0
67.08151,48.945724,0.0,-45.5669,-99.31298,0.0,-41.209717,92.73924,0.0
9.169839,-98.94683,0.0,-1.7362491,25.97497,0.0,41.083164,94.65701,0.0
93.0114,-8.133784,0.0,42.8756,80.28009,0.0,87.973755,17.55046,0.0
27.19606,-17.28461,0.0,-36.741974,-32.058887,0.0,-45.59307,74.94126,0.0
79.57585,77.4062,0.0,14.914308,7.8275805,0.0,73.42238,-86.59246,0.0
-28.939686,25.5039,0.0,-37.311348,-79.443726,0.0,-39.306488,86.57246,0.0
-89.75268,-88.3257,0.0,-72.840576,80.40063,0.0,51.95372,58.826645,0.0
36.30998,99.67863,0.0,-7.004481,87.83521,0.0,-9.223442,81.29287,0.0
-64.365486,99.03515,0.0,-45.085075,-95.31138,0.0,28.229166,33.414463,0.0
89.49149,3.9484088,0.0,-23.519459,95.49081,0.0,-16.157892,-31.663332,0.0
98.84196,-37.4626,0.0,95.58568,88.93951,0.0,56.398094,-83.04512,0.0
73.71866,81.495094,0.0,-67.59954,-77.49942,0.0,-6.801423,26.426544,0.0
-90.245865,4.223143,0.0,-26.965578,31.71621,0.0,9.902331,31.425423,0.0
-46.995117,-53.706284,0.0,-83.06099,85.800186,0.0,16.978811,-13.978527,0.0
-17.044933,-40.836617,0.0,-97.8883,-35.665077,0.0,56.71699,41.71273,0.0
74.75299,1.3994775,0.0,55.295574,28.764174,0.0,-33.835175,-81.78388,0.0
98.88732,-45.4328,0.0,16.356726,83.36065,0.0,68.732864,47.35959,0.0
-50.970222,57.97052,0.0,23.051203,-20.759678,0.0,94.553696,-84.59973,0.0
-43.908226,29.158913,0.0,63.648003,51.06936,0.0,-98.69784,67.5828,0.0
-16.837812,91.1645,0.0,-50.34436,-61.407993,0.0,-39.812943,-18.486664,0.0
67.10273,-41.965206,0.0,-86.77428,66.56528,0.0,-5.0515246,-54.815807,0.0
-73.37118,85.6691,0.0,-44.497456,44.300735,0.0,50.534763,-14.983354,0.0
-32.279305,-11.884663,0.0,-32.799927,-50.90144,0.0,13.300497,32.043575,0.0
91.06391,-13.341953,0.0,21.391562,-33.666695,0.0,-25.716888,-18.067093,0.0
-3.330891,-77.47155,0.0,96.87965,14.907024,0.0,52.148438,94.25489,0.0
-51.354202,47.094547,0.0,-33.05451,-46.705257,0.0,-51.051342,14.669349,0.0
-45.723106,38.238407,0.0,41.285664,93.987495,0.0,-18.092888,-31.482244,0.0
-7.241594,-99.4211,0.0,61.809406,93.22372,0.0,-34.208332,-12.930141,0.0
11.214541,-85.946075,0.0,-99.00675,-10.02147,0.0,64.21912,72.35476,0.0
54.243496,-27.80716,0.0,-22.401949,-94.88273,0.0,94.11898,-92.370575,0.0
30.030407,-47.86097,0.0,79.43231,98.78954,0.0,76.01807,10.229938,0.0
-72.71796,89.11941,0.0,18.04411,-13.018004,0.0,-89.01243,15.882925,0.0
97.32005,-20.336494,0.0,97.128494,67.86158,0.0,73.68441,-96.08447,0.0
-43.447598,-8.643102,0.0,5.6879334,80.22653,0.0,-32.90733,92.275246,0.0
-28.45351,15.75145,0.0,-25.025671,-46.0208,0.0,-10.164373,24.644499,0.0
82.37349,19.2462,0.0,-6.0447645,-80.19443,0.0,12.915652,-80.02895,0.0
96.59884,89.54766,0.0,-81.68177,-98.59627,0.0,-96.751274,-42.6746,0.0
81.15853,-79.20106,0.0,-37.597847,26.373396,0.0,-2.155931,91.316635,0.0
70.376686,8.571612,0.0,65.89965,28.417479,0.0,-97.59779,9.874643,0.0
-76.2251,19.626448,0.0,5.500935,-78.06088,0.0,79.08869,-99.07898,0.0
-86.25379,-29.757599,0.0,75.21438,-99.56645,0.0,-21.916815,83.23381,0.0
9.770149,-54.812748,0.0,9.892309,77.15811,0.0,-54.718273,-31.313269,0.0
-42.075676,-3.2531552,0.0,8.520702,79.93906,0.0,8.553825,-25.564547,0.0
-34.669365,-12.389413,0.0,58.85446,54.51209,0.0,19.94465,5.762144,0.0
79.28967,25.081,0.0,-63.164684,-75.52223,0.0,-26.145239,22.453587,0.0
-51.929676,-9.026703,0.0,-8.219021,22.290426,0.0,52.28796,11.40327,0.0
-58.92805,93.83985,0.0,6.178627,-49.08327,0.0,-43.233124,-91.62077,0.0
48.32037,-96.01479,0.0,-85.44219,-53.0373,0.0,25.164434,-89.28758,0.0
29.859406,-16.28913,0.0,84.0525,-86.415695,0.0,-86.17146,-5.0784,0.0
72.91379,-83.693085,0.0,53.54008,-71.694,0.0,8.761566,-37.041016,0.0
74.99131,31.808405,0.0,26.224474,-77.37333,0.0,59.256813,-91.655426,0.0
90.15526,-15.689236,0.0,-2.3837588,-34.676125,0.0,59.856514,72.90105,0.0
-19.506142,20.577509,0.0,-6.220196,75.18512,0.0,-15.133254,-36.424286,0.0
36.32983,-41.774635,0.0,42.374233,90.8351,0.0,-22.530409,22.688955,0.0
74.77238,-87.22421,0.0,37.39768,93.58912,0.0,95.53765,96.358505,0.0
-75.661125,77.84782,0.0,-45.975086,69.80667,0.0,-35.702084,50.737953,0.0
14.505697,25.461134,0.0,63.065872,-96.49666,0.0,-22.197067,21.159441,0.0
-26.671295,24.399582,0.0,63.89725,15.123183,0.0,-51.437218,-45.198643,0.0
-46.227562,-38.37504,0.0,-83.92149,49.7957,0.0,-30.426374,5.747392,0.0
-19.87191,5.020434,0.0,-52.359875,27.611057,0.0,-38.58062,86.229355,0.0
-39.87207,73.88053,0.0,21.50895,17.594542,0.0,65.54877,-93.578926,0.0
86.126656,2.8307567,0.0,56.42352,96.13067,0.0,95.98158,54.984276,0.0
-34.336815,-12.311947,0.0,-53.543022,23.754787,0.0,66.45078,87.91216,0.0
-32.298473,-56.25221,0.0,-48.524384,-10.631484,0.0,5.2068005,32.064816,0.0
-5.0613914,-35.480297,0.0,-27.885338,-33.458736,0.0,36.331448,-78.46406,0.0
-99.21214,-36.714237,0.0,-1.0095987,-76.98475,0.0,61.301815,62.523018,0.0
-37.744762,73.44233,0.0,29.26259,24.82519,0.0,29.549776,29.473907,0.0
48.038803,-94.497856,0.0,-43.552998,-31.66044,0.0,93.71513,-14.771887,0.0
3.5377858,-34.106922,0.0,-45.907146,19.33445,0.0,-49.773712,93.57241,0.0
-4.7173934,-87.12431,0.0,65.79067,-83.79157,0.0,90.8046,-49.75056,0.0
28.036156,16.643879,0.0,7.3882346,89.04521,0.0,19.114801,75.12621,0.0
-59.02049,-94.87769,0.0,56.55498,-66.04861,0.0,77.14402,-81.63703,0.0
84.96322,-92.38008,0.0,-53.126484,35.65132,0.0,6.4571,13.570016,0.0
-91.112335,-20.662214,0.0,-15.159192,25.13438,0.0,-40.11227,13.4367285,0.0
-81.363,6.9822373,0.0,13.283855,-86.862785,0.0,-75.25227,9.504681,0.0
63.994392,-47.194027,0.0,-41.194424,-50.48565,0.0,79.82768,-82.74005,0.0
-29.352367,9.474584,0.0,46.783123,79.49694,0.0,92.61689,-90.68782,0.0
-95.4863,19.22919,0.0,67.003174,45.46726,0.0,56.483845,-29.732298,0.0
10.448343,-84.920395,0.0,61.782757,36.251213,0.0,-26.940125,-96.28864,0.0
38.021175,-76.64381,0.0,19.127167,-40.21904,0.0,51.817142,66.8798,0.0
86.24815,99.81519,0.0,-3.5788705,-51.98987,0.0,-37.309196,12.603329,0.0
-84.818504,30.875246,0.0,-49.96609,2.223388,0.0,64.04286,-48.9427,0.0
-90.705826,-57.881084,0.0,50.76417,-52.2339,0.0,7.7848353,77.88211,0.0
28.505344,21.444887,0.0,33.953827,79.67586,0.0,-43.472164,-91.20177,0.0
5.72579,93.10903,0.0,-48.481037,-43.989258,0.0,-29.557608,-48.851616,0.0
89.03972,-93.963486,0.0,65.32208,70.69935,0.0,-33.185097,-16.685495,0.0
68.65847,-58.422447,0.0,11.517265,13.00395,0.0,-79.403564,8.967235,0.0
23.471493,4.534708,0.0,97.54021,-79.24849,0.0,-49.8111,-78.58564,0.0
-82.34238,90.97498,0.0,69.37579,-50.044117,0.0,29.912548,82.787476,0.0
-0.35178843,10.1883745,0.0,-50.76459,8.648984,0.0,26.198053,-18.289513,0.0
59.039097,-88.262886,0.0,-82.61728,-71.85959,0.0,-86.84322,25.170767,0.0
-54.45633,-18.802448,0.0,-39.489635,-38.569305,0.0,-56.876255,-80.980865,0.0
-51.32677,-49.30793,0.0,-99.428795,-35.82363,0.0,94.397285,-51.27733,0.0
-45.40946,82.92927,0.0,-10.24551,34.73383,0.0,94.729225,32.781338,0.0
55.152702,89.267624,0.0,-77.49784,-94.05393,0.0,-27.004074,80.09588,0.0
83.90869,9.416289,0.0,53.82066,-19.851234,0.0,-81.59263,55.12529,0.0
-31.440138,-83.86894,0.0,-31.024654,-7.497382,0.0,49.04544,-46.999886,0.0
-92.052155,-84.39778,0.0,-76.20747,22.214924,0.0,-23.118843,-31.491396,0.0
-95.10858,-16.967093,0.0,-46.94337,-68.30373,0.0,85.56953,33.951218,0.0
73.464966,9.04307,0.0,-82.18527,90.89549,0.0,-6.224039,30.101166,0.0
61.526062,-97.412224,0.0,-54.984066,98.542046,0.0,67.63323,-2.66189,0.0
-49.40886,-84.501205,0.0,-79.277275,85.581764,0.0,45.158627,-77.481255,0.0
-87.64013,-85.41167,0.0,-90.45403,-35.96899,0.0,-14.896603,79.44776,0.0
69.23171,81.09185,0.0,52.6814,-74.92357,0.0,-97.22341,-1.3459098,0.0
-46.691563,-94.926254,0.0,-50.643482,6.6512465,0.0,-89.57397,-8.130114,0.0
-90.217026,96.59781,0.0,-12.267514,88.441475,0.0,-5.0927286,-92.817245,0.0
-89.60552,-45.66712,0.0,-76.21292,-81.32346,0.0,-81.61222,-88.647194,0.0
26.940533,33.671627,0.0,90.418365,13.243374,0.0,89.72141,-89.86918,0.0
-11.875658,-75.18199,0.0,-26.601082,3.611763,0.0,-40.75349,97.452675,0.0
-2.1397998,10.069669,0.0,68.38138,-81.26317,0.0,97.55241,-99.95695,0.0
50.56616,72.8454,0.0,84.98721,-85.76523,0.0,-3.167294,77.946,0.0
-28.790277,-97.90712,0.0,-76.812294,0.83635265,0.0,11.353321,24.301502,0.0
-54.03346,81.41312,0.0,7.4512515,-99.51247,0.0,-34.587433,82.28786,0.0
26.253357,-88.2022,0.0,99.154366,-57.360428,0.0,-97.22966,-91.03021,0.0
-90.84915,65.59147,0.0,-94.741104,-86.3913,0.0,-1.8801339,87.27509,0.0
72.72656,13.761789,0.0,-82.63167,-88.39869,0.0,-19.065165,-80.01267,0.0
-31.30203,-19.370638,0.0,59.380714,56.422573,0.0,6.9357653,9.475075,0.0
10.936467,5.810281,0.0,54.436783,-45.009987,0.0,57.88551,60.673447,0.0
62.203747,91.57425,0.0,-4.803781,-47.992424,0.0,-39.044693,92.654884,0.0
-38.551556,-81.26245,0.0,99.26042,-50.51856,0.0,-66.3015,-75.7274,0.0
74.46668,31.124216,0.0,-62.80582,88.077,0.0,-19.755363,-80.16958,0.0
98.36136,-35.68593,0.0,93.5617,-35.649837,0.0,-8.577675,12.367695,0.0
33.74032,76.23687,0.0,98.37732,-99.05388,0.0,-53.933567,34.410027,0.0
78.404175,99.761444,0.0,-5.593292,-44.354385,0.0,-40.70644,17.450985,0.0
-4.7501955,84.78533,0.0,44.38933,-79.19938,0.0,-49.455914,-4.8124638,0.0
-86.655495,-81.73102,0.0,-7.5200014,97.621735,0.0,-47.561817,-81.39071,0.0
-44.938976,28.893198,0.0,81.44623,-80.98505,0.0,-88.79736,48.60379,0.0
9.298809,-80.03305,0.0,21.131514,27.613558,0.0,-38.57892,29.3422,0.0
99.5011,66.320526,0.0,-42.65784,23.709045,0.0,-44.26564,-57.35279,0.0
96.24802,-98.91263,0.0,-79.54539,67.99473,0.0,9.601439,-31.859531,0.0
16.844717,76.23072,0.0,58.157627,10.564466,0.0,-54.408707,-59.922848,0.0
68.47766,-41.946606,0.0,93.38012,96.19207,0.0,57.035477,-37.380035,0.0
-34.725346,7.3073196,0.0,57.828705,25.915651,0.0,51.826782,53.295696,0.0
-75.40653,-17.316235,0.0,27.32603,79.132256,0.0,-70.35053,86.836624,0.0
-52.469482,-71.48948,0.0,93.58682,-5.4424677,0.0,-95.49325,-50.725445,0.0
17.82867,25.858553,0.0,-11.675237,24.236423,0.0,20.027822,-43.777702,0.0
95.75033,-64.46246,0.0,60.356735,-66.75787,0.0,-40.760323,-74.3954,0.0
-0.7819368,87.62896,0.0,57.318794,-75.14515,0.0,94.47942,-68.85043,0.0
62.589508,8.76931,0.0,46.09009,-54.314842,0.0,-37.051426,45.36889,0.0
-95.8494,-60.867146,0.0,90.63211,-14.194268,0.0,-50.18173,-52.850994,0.0
-95.78435,83.21378,0.0,58.017365,-87.36324,0.0,-93.67686,51.548668,0.0
-5.04311,96.712234,0.0,18.038084,-21.53459,0.0,15.93743,82.05916,0.0
57.132904,53.893776,0.0,32.976624,96.171776,0.0,-47.913143,-47.813774,0.0
-96.05025,45.94411,0.0,-4.6676755,-52.3931,0.0,30.549501,-48.240017,0.0
-84.35841,70.7854,0.0,-83.82156,51.212982,0.0,-89.07355,-4.9131985,0.0
-52.59789,-77.09521,0.0,60.96457,28.382391,0.0,30.312618,-80.85707,0.0
44.486584,75.86717,0.0,-27.507275,2.8361108,0.0,55.350777,30.10459,0.0
12.367285,76.75059,0.0,95.29036,-41.859066,0.0,-79.55812,-83.944496,0.0
69.443184,89.24389,0.0,-34.190727,92.73266,0.0,-31.68178,10.422187,0.0
-36.20878,-73.63898,0.0,77.17746,32.505726,0.0,-82.04991,97.411095,0.0
56.28631,65.22688,0.0,-47.619007,63.627106,0.0,-89.766556,2.3224523,0.0
-76.759155,-0.5546684,0.0,-80.73405,41.142666,0.0,-34.39202,30.658815,0.0
98.35439,0.05315874,0.0,-88.10958,80.845276,0.0,-77.97931,35.093174,0.0
-26.228828,-78.286514,0.0,51.056507,5.7516985,0.0,-89.15045,-47.659504,0.0
-15.812936,18.061731,0.0,-28.761236,20.548857,0.0,-83.50345,4.248026,0.0
-2.3529427,-99.614685,0.0,-37.029724,60.78384,0.0,-39.568222,-65.54181,0.0
-67.2283,96.03779,0.0,-8.23121,90.871025,0.0,54.91223,19.42581,0.0
55.22742,50.059437,0.0,19.213726,21.895367,0.0,-39.46572,57.66074,0.0
2.8216875,26.2058,0.0,-42.461323,0.61512506,0.0,18.251802,-20.122694,0.0
-78.33309,-45.252125,0.0,32.343777,93.09429,0.0,11.029118,-95.19809,0.0
39.58193,-80.7361,0.0,-79.2349,-51.666553,0.0,87.814964,-82.28408,0.0
-50.995255,-19.025726,0.0,34.810017,85.22314,0.0,-34.93165,-23.62835,0.0
51.51056,77.23127,0.0,67.87085,-98.72725,0.0,68.82381,-45.79796,0.0
81.495285,-91.16632,0.0,35.72312,24.573347,0.0,93.98825,-93.556335,0.0
95.55879,-91.169426,0.0,91.323105,7.0698314,0.0,-91.68608,56.54871,0.0
96.66686,59.643913,0.0,-97.947044,54.023453,0.0,-67.97029,79.00616,0.0
-28.037676,13.945104,0.0,62.68999,-18.766893,0.0,-15.515272,-53.309845,0.0
-3.8741252,-93.21152,0.0,-46.8066,13.957135,0.0,-51.859505,66.04687,0.0
58.178326,-96.68589,0.0,88.11445,-87.254524,0.0,-17.661222,-87.78251,0.0
-25.625698,18.352072,0.0,-31.158176,35.236774,0.0,85.36987,19.21241,0.0
15.779202,83.601654,0.0,46.984062,-83.95932,0.0,-37.050156,32.133526,0.0
10.476013,78.53186,0.0,65.78146,48.85372,0.0,38.689583,95.3671,0.0
14.492275,-83.14639,0.0,-95.32055,50.67145,0.0,91.8063,99.47561,0.0
66.9307,46.279575,0.0,52.176308,-54.880966,0.0,-71.08202,87.577446,0.0
62.585205,-33.577866,0.0,66.06789,-22.900421,0.0,67.15073,46.192276,0.0
58.58023,12.394535,0.0,-84.17254,38.577507,0.0,29.363123,89.030846,0.0
40.01371,95.809654,0.0,96.26891,-75.572395,0.0,59.0606,94.95017,0.0
91.71515,86.17363,0.0,46.423702,80.26224,0.0,-35.34477,79.86008,0.0
5.455966,-54.82577,0.0,-88.16187,-66.16961,0.0,-92.0925,-90.3252,0.0
24.49363,-11.1271515,0.0,-91.21371,34.2659,0.0,-78.43575,24.439707,0.0
23.529987,-12.989745,0.0,38.624146,91.00686,0.0,77.40909,95.09593,0.0
-83.841934,-22.370827,0.0,13.9383,-53.420334,0.0,25.545986,-83.047005,0.0
77.09866,12.28287,0.0,93.722946,-8.947394,0.0,-80.32397,-7.5684166,0.0
-94.70322,18.811615,0.0,77.25669,88.36085,0.0,-49.287148,84.99051,0.0
71.6895,81.21205,0.0,13.744441,93.7189,0.0,-72.747055,90.20196,0.0
-15.74436,-97.191765,0.0,-37.957775,-42.725124,0.0,9.260484,91.09037,0.0
61.175423,-34.8541,0.0,-99.756065,-43.759384,0.0,28.544792,-77.96243,0.0
16.638588,31.327152,0.0,-49.86821,-39.422916,0.0,-60.45696,82.03068,0.0
5.8721814,79.92852,0.0,-87.38191,-33.255917,0.0,-84.85413,22.82969,0.0
14.320482,-0.022545306,0.0,29.760122,90.84758,0.0,16.741627,-22.830652,0.0
-25.484636,-13.349025,0.0,-30.220362,65.53515,0.0,98.13788,-19.421553,0.0
54.538918,20.428408,0.0,6.630367,-52.082478,0.0,84.11389,2.278415,0.0
-8.863881,-53.948288,0.0,-64.32078,-98.35526,0.0,-16.624834,78.9635,0.0
94.13326,78.18679,0.0,-1.8840914,-75.805,0.0,26.025276,99.54092,0.0
-92.03917,-1.3376921,0.0,50.975464,-49.772686,0.0,-81.37954,-54.617695,0.0
74.76295,-85.3175,0.0,-4.1526566,78.523415,0.0,44.873184,-77.053795,0.0
-33.368362,-87.736115,0.0,-87.218414,-47.127876,0.0,-80.06911,-90.13636,0.0
45.723103,75.801506,0.0,-50.368553,-90.78524,0.0,80.81132,10.974251,0.0
66.68423,-71.79784,0.0,-52.64742,-2.9558845,0.0,65.27112,20.468935,0.0
69.707565,50.65618,0.0,99.049644,61.280003,0.0,93.47447,-28.162725,0.0
16.951935,33.565483,0.0,-46.157032,96.38665,0.0,-92.72456,87.60005,0.0
81.94037,86.8138,0.0,29.302597,-40.1436,0.0,-70.06437,85.504776,0.0
66.57862,-60.154793,0.0,54.52467,74.52188,0.0,95.167305,-12.008361,0.0
90.18259,-82.20841,0.0,66.777275,-26.137167,0.0,69.7938,32.527878,0.0
-85.06838,-75.069305,0.0,-99.38139,-38.99628,0.0,5.4919033,75.42373,0.0
-5.9159245,12.853707,0.0,63.171726,-32.560352,0.0,63.146416,44.483574,0.0
-86.34713,-36.843346,0.0,76.309875,95.903404,0.0,5.9231486,-42.70022,0.0
-9.42445,18.383554,0.0,62.284126,92.35863,0.0,13.673977,34.915684,0.0
-76.64849,49.12216,0.0,65.24813,-24.106878,0.0,49.636078,80.5055,0.0
70.24469,-93.89181,0.0,53.768646,57.92403,0.0,97.92902,-46.301952,0.0
-79.86584,60.651943,0.0,42.636513,75.39449,0.0,90.81517,-65.29143,0.0
-35.196957,-94.30465,0.0,45.31556,98.3024,0.0,-38.959106,-74.25288,0.0
-0.9001954,81.508385,0.0,-41.49789,3.060674,0.0,91.549034,-91.442184,0.0
-27.443388,-15.353439,0.0,-48.188995,95.709816,0.0,63.01959,48.642567,0.0
59.72454,-46.345764,0.0,8.769468,-41.751194,0.0,15.431061,-11.152572,0.0
-51.304337,64.5089,0.0,-19.262806,-51.074707,0.0,-9.769442,-46.736855,0.0
20.00691,81.109535,0.0,-76.18632,-7.2312427,0.0,-45.89568,93.984215,0.0
-48.008495,-45.290123,0.0,-93.033905,45.889004,0.0,-20.79492,24.587221,0.0
94.84407,-43.86379,0.0,-95.802605,70.95828,0.0,93.75325,-77.85604,0.0
-35.82879,-5.070137,0.0,-48.649128,21.6191,0.0,-78.14716,-48.096024,0.0
-82.196106,89.88434,0.0,5.59399,88.69822,0.0,6.6629696,-44.52845,0.0
12.022211,94.065674,0.0,56.68439,-95.24972,0.0,-98.08587,-25.245256,0.0
-21.710218,95.829414,0.0,-32.231365,-33.619602,0.0,-42.60137,-58.13709,0.0
-94.00499,-20.249466,0.0,9.680817,93.08727,0.0,12.449892,-39.253025,0.0
-37.45668,-93.530266,0.0,94.023796,78.54543,0.0,-14.305995,31.333263,0.0
9.662539,76.687874,0.0,16.947268,-6.80412,0.0,-3.3421738,-75.99956,0.0
-31.750479,-23.173159,0.0,-31.562567,74.6935,0.0,-12.85334,93.94429,0.0
-79.768,70.34444,0.0,-37.16714,58.599064,0.0,53.535854,-32.617058,0.0
41.14992,-99.67573,0.0,-40.075737,-96.74004,0.0,89.44634,31.13772,0.0
-58.891796,-81.76631,0.0,47.513714,28.369267,0.0,39.50308,-94.70265,0.0
11.200194,-88.23332,0.0,39.87682,87.88559,0.0,79.26111,99.70005,0.0
-45.260544,41.904263,0.0,-6.612593,21.152657,0.0,-6.3813577,81.98297,0.0
39.328796,87.71328,0.0,47.517227,84.158585,0.0,13.398912,-26.845728,0.0
63.557907,-75.19445,0.0,88.90817,-81.302025,0.0,97.738045,-92.7515,0.0
95.846954,63.84153,0.0,-33.445557,-9.24152,0.0,95.45515,-63.126373,0.0
-65.7097,81.59767,0.0,-96.611946,7.7928147,0.0,-83.94252,-33.464893,0.0
-93.988785,82.60545,0.0,-29.794773,-40.266727,0.0,92.20431,77.30864,0.0
-85.069565,-29.072874,0.0,99.416664,-30.071238,0.0,-65.314156,-84.416885,0.0
-47.624527,95.73109,0.0,-41.846107,-99.20809,0.0,85.26737,84.20273,0.0
52.57731,-17.613522,0.0,-40.038223,-81.996925,0.0,-92.13632,0.21115834,0.0
-31.843195,-9.318287,0.0,98.596634,-45.147266,0.0,39.075287,-87.21891,0.0
-7.6967964,21.56417,0.0,17.812376,-28.825254,0.0,-92.47245,37.383797,0.0
-50.703358,33.53129,0.0,23.152504,-32.748848,0.0,7.9191165,-75.0481,0.0
87.91799,27.376875,0.0,92.12036,-97.21394,0.0,15.054085,-33.81996,0.0
-41.859768,36.1092,0.0,-14.578019,24.90621,0.0,59.873768,97.3705,0.0
-5.3255525,25.011244,0.0,73.27204,-94.15727,0.0,-50.943275,-72.31665,0.0
-41.728462,-90.09533,0.0,-45.591957,91.61435,0.0,95.33109,-32.717327,0.0
-51.545383,98.26947,0.0,-45.305008,4.0504127,0.0,65.47597,8.993543,0.0
79.71528,8.797701,0.0,-93.59007,-54.543343,0.0,66.93198,-7.3193297,0.0
-60.36024,81.38041,0.0,-8.4419155,-45.910263,0.0,-20.5586,-97.980095,0.0
-90.06694,53.438076,0.0,49.164234,91.614044,0.0,-87.36963,-6.0064282,0.0
80.23782,-95.92879,0.0,42.068726,-99.88563,0.0,0.50523746,85.02966,0.0
-42.950348,-38.265297,0.0,64.89527,-94.60781,0.0,-42.53065,-14.210819,0.0
54.007233,-81.53904,0.0,56.971695,-35.08667,0.0,-26.432632,-25.265871,0.0
-79.376564,35.47617,0.0,93.34078,7.355325,0.0,-87.52033,-5.911442,0.0
2.9378822,20.100729,0.0,-19.428799,-90.97121,0.0,-22.778215,33.224594,0.0
-88.130005,-82.32043,0.0,-39.95335,-84.14968,0.0,-45.359966,79.040985,0.0
74.47086,11.476833,0.0,53.92123,74.85645,0.0,-51.085724,-8.215288,0.0
65.32206,-67.71924,0.0,53.46506,-98.48153,0.0,31.82897,87.16636,0.0
-30.419744,86.459915,0.0,-81.15676,-65.19275,0.0,77.32457,99.20878,0.0
-33.677765,80.02003,0.0,-31.08406,-87.71819,0.0,77.97565,-95.037926,0.0
-46.65648,-76.91545,0.0,91.404236,45.981567,0.0,76.46111,32.18678,0.0
-39.270733,-17.599571,0.0,-46.3903,49.671227,0.0,-22.642162,-77.77408,0.0
31.489534,-97.08492,0.0,69.26032,-67.24128,0.0,-44.027115,87.671005,0.0
-40.30001,-32.81264,0.0,-54.967274,-59.546658,0.0,-44.763958,34.274208,0.0
-24.083109,-85.10426,0.0,-51.71514,35.16393,0.0,-36.21698,-4.893829,0.0
-85.86575,-29.37403,0.0,-85.586205,-42.11495,0.0,10.495128,14.1741705,0.0
98.77575,-75.88622,0.0,-0.915097,-76.21775,0.0,-37.164383,48.464397,0.0
-2.0834365,-39.368404,0.0,-47.045113,71.608826,0.0,-34.212086,-85.26249,0.0
-18.282177,21.511103,0.0,-84.6257,-0.14942059,0.0,-97.28165,48.166416,0.0
7.1406074,94.35833,0.0,11.476588,-85.224884,0.0,-42.05449,27.682592,0.0
44.128212,75.58047,0.0,-74.87047,89.03051,0.0,-80.56276,54.666313,0.0
-88.414604,73.58501,0.0,-44.88837,-99.0619,0.0,-95.809814,-73.51098,0.0
-87.041725,-21.355646,0.0,-88.35526,26.884914,0.0,-45.6128,53.133057,0.0
14.276019,89.89793,0.0,-75.810425,77.39974,0.0,62.358105,96.49975,0.0
-5.2715235,-96.59499,0.0,1.0188614,-38.321716,0.0,-6.147097,23.286455,0.0
50.75798,-32.1796,0.0,-24.285158,-43.71577,0.0,6.645504,-29.443718,0.0
-41.82766,62.236168,0.0,60.928696,-34.151966,0.0,-83.78136,-76.81217,0.0
8.470665,-30.48629,0.0,96.75857,24.940685,0.0,43.785004,-99.76806,0.0
-90.4465,71.728874,0.0,-46.551983,-30.336388,0.0,-24.269508,18.86091,0.0
-78.65455,76.35658,0.0,28.82522,-1.9072664,0.0,-7.322345,-53.28145,0.0
-79.158066,-82.42731,0.0,-69.384636,-97.61658,0.0,-33.467434,51.609035,0.0
-39.24113,96.36718,0.0,-81.455284,-65.17673,0.0,-23.020723,5.34685,0.0
-87.05468,-17.68461,0.0,-87.953354,-38.925983,0.0,12.021605,-29.083347,0.0
-97.58243,86.370964,0.0,-92.38658,-61.031513,0.0,-70.80241,-96.650665,0.0
-34.69436,-12.753896,0.0,3.015112,33.339046,0.0,83.27516,99.32718,0.0
55.923733,-44.45657,0.0,65.32183,-64.048416,0.0,-14.841329,14.391083,0.0
-96.29054,-29.29085,0.0,-41.601707,-4.5182304,0.0,-9.695812,-32.715485,0.0
-79.74471,-9.688134,0.0,67.05735,54.14612,0.0,-98.72613,5.007098,0.0
64.9899,-80.08963,0.0,-47.63536,-34.98307,0.0,13.934527,-83.01175,0.0
-78.780685,7.472688,0.0,20.534658,-82.33216,0.0,69.36409,-56.113846,0.0
69.05236,69.7585,0.0,50.537766,56.679195,0.0,25.156557,80.12955,0.0
27.211708,2.9968314,0.0,66.777115,-33.70866,0.0,-6.7576013,31.993254,0.0
27.739986,-81.56809,0.0,-52.948742,3.8068402,0.0,-97.31784,52.63328,0.0
-49.929638,63.41056,0.0,16.30789,2.0205283,0.0,-92.671265,89.14719,0.0
-77.79548,37.604427,0.0,64.49548,-12.42372,0.0,-69.5854,89.82207,0.0
55.767044,65.9474,0.0,29.16608,-96.56444,0.0,60.606632,-23.0964,0.0
81.14164,20.060396,0.0,55.309708,74.22097,0.0,66.71632,41.97643,0.0
-3.6114936,-96.98875,0.0,-2.6291878,23.677855,0.0,-49.54674,10.718705,0.0
-91.49912,95.57592,0.0,-39.25501,61.012245,0.0,-78.86657,37.32994,0.0
-51.47163,64.79167,0.0,-68.08498,98.189575,0.0,22.68608,26.238924,0.0
37.416874,-93.38887,0.0,-41.54512,-24.066086,0.0,-4.1331954,-45.560432,0.0
-83.727974,47.576584,0.0,-81.02051,-55.14172,0.0,-91.86633,69.83638,0.0
-43.274017,-68.80867,0.0,35.538414,29.014051,0.0,-8.885157,84.93207,0.0
48.483143,-77.93222,0.0,-63.529682,-92.42418,0.0,39.09518,88.5415,0.0
-78.796814,-11.134765,0.0,-25.550728,12.084085,0.0,9.055625,-37.115223,0.0
-0.297826,86.64906,0.0,-96.69685,55.983448,0.0,-19.243345,20.082588,0.0
-11.720019,87.91067,0.0,96.4105,-33.905712,0.0,39.573223,88.16661,0.0
46.301544,83.81924,0.0,0.15080725,90.123474,0.0,15.1852,-49.88718,0.0
16.772932,92.439575,0.0,-44.835484,51.187557,0.0,80.76451,90.91664,0.0
54.80305,9.919944,0.0,-28.637707,31.866463,0.0,-14.247833,-78.773735,0.0
-86.25422,-77.04616,0.0,84.49411,-78.48471,0.0,-75.00673,-88.69096,0.0
56.50435,-69.782486,0.0,29.117014,16.322233,0.0,-3.2648246,25.044651,0.0
97.27021,-68.20044,0.0,67.473885,9.068213,0.0,60.80726,30.496044,0.0
-3.5710983,-39.47955,0.0,-36.180283,44.44935,0.0,-29.7813,-50.806732,0.0
94.14514,-50.037537,0.0,0.71173894,-42.68795,0.0,4.1157312,-51.21966,0.0
82.969376,80.337166,0.0,-18.880165,93.97817,0.0,-82.133224,4.607945,0.0
22.704372,98.326035,0.0,-1.3462968,-92.04779,0.0,66.77947,-43.809074,0.0
-13.067778,-81.03584,0.0,51.56593,-27.673117,0.0,-32.8455,69.07901,0.0
-32.54798,-79.9893,0.0,-16.923601,96.29884,0.0,52.353664,99.93393,0.0
17.851425,-84.9282,0.0,6.5846443,-75.40148,0.0,69.38466,-59.65514,0.0
-32.445778,-42.126884,0.0,-1.2815771,-33.062737,0.0,20.683935,-13.048788,0.0
85.43516,27.446167,0.0,-34.23321,81.46015,0.0,-44.053112,52.603985,0.0
-37.78698,-17.763918,0.0,-30.711088,-22.669086,0.0,66.81592,96.74987,0.0
3.7656636,33.487255,0.0,-99.564156,-84.73657,0.0,-51.660343,62.398197,0.0
37.426533,-87.3886,0.0,-42.29854,37.731518,0.0,-48.715134,-46.558376,0.0
-25.828754,-94.5176,0.0,-84.61529,10.202166,0.0,78.66283,5.859384,0.0
87.7461,29.660744,0.0,93.70473,-93.87635,0.0,-77.07561,96.269,0.0
64.58919,12.806124,0.0,58.593708,25.431871,0.0,22.985556,-43.745697,0.0
71.31771,-87.79664,0.0,-22.776701,3.8899686,0.0,-0.92088234,-39.496227,0.0
63.411842,60.95179,0.0,-92.71936,-86.06553,0.0,-4.960693,-75.46803,0.0
98.1915,-68.86643,0.0,50.914173,94.4928,0.0,99.03968,-66.01392,0.0
69.04592,-15.794137,0.0,57.894043,7.27737,0.0,-81.614044,11.839984,0.0
19.48825,-84.06785,0.0,-81.18697,-51.016964,0.0,-79.36741,-6.463132,0.0
-52.71968,84.247536,0.0,-31.689285,-43.242523,0.0,-59.309902,-77.88597,0.0
79.79244,26.056656,0.0,16.73727,12.294582,0.0,58.171917,-31.889988,0.0
-53.343414,82.864784,0.0,-84.35044,59.57139,0.0,46.920673,23.403797,0.0
-51.68261,-55.851257,0.0,-34.932346,-18.834549,0.0,-28.88064,-86.60956,0.0
95.13912,84.260216,0.0,69.45163,8.890895,0.0,-80.38388,50.805336,0.0
22.512156,28.636929,0.0,81.63003,8.257299,0.0,86.785385,75.89346,0.0
73.8329,34.78864,0.0,-43.631123,-44.540577,0.0,-29.30975,-15.178614,0.0
54.426132,85.04491,0.0,54.31874,15.848177,0.0,-43.825016,77.50367,0.0
62.424164,-56.597588,0.0,23.66258,-85.95647,0.0,13.085088,-40.71807,0.0
-97.41434,86.03296,0.0,-82.5203,47.159935,0.0,-46.680977,92.85635,0.0
-51.283054,78.339874,0.0,-34.459446,-22.611156,0.0,65.272835,64.82354,0.0
-96.9599,-79.00529,0.0,76.31009,-94.07498,0.0,-53.980366,22.338314,0.0
63.091057,19.043911,0.0,-84.69565,-72.15327,0.0,-7.9746604,-36.859314,0.0
-5.1365023,-77.801956,0.0,89.64544,28.779354,0.0,10.150686,18.507904,0.0
92.6384,-73.303955,0.0,97.72492,-79.473915,0.0,59.367477,-83.483665,0.0
15.561188,-82.16788,0.0,-48.934822,-14.12116,0.0,61.6216,-38.830353,0.0
63.855274,-46.727165,0.0,-85.17306,97.075905,0.0,-92.42387,49.840405,0.0
92.24269,-90.578964,0.0,-24.801876,-84.68422,0.0,-49.28737,57.426075,0.0
-96.44761,-46.64772,0.0,-27.830742,33.292473,0.0,50.902657,-53.343906,0.0
-55.108944,-81.37789,0.0,64.5598,69.357574,0.0,-96.26959,-11.844176,0.0
84.30015,91.34263,0.0,-26.973497,-77.775375,0.0,61.351143,96.24464,0.0
-41.053604,87.05943,0.0,50.370983,-88.82117,0.0,0.9962008,93.94683,0.0
-80.93511,87.328606,0.0,-21.598064,-33.393784,0.0,72.90338,22.059383,0.0
-99.80371,93.56644,0.0,93.23045,-56.175484,0.0,-80.10841,-9.766864,0.0
9.295955,-84.49968,0.0,-37.772766,67.03618,0.0,52.57262,-19.997124,0.0
80.24691,6.086453,0.0,98.12729,45.032063,0.0,53.508804,-64.51463,0.0
-79.51269,94.191025,0.0,54.67935,93.44891,0.0,65.99918,-72.367775,0.0
97.1751,-36.44334,0.0,38.744354,-94.03264,0.0,60.651306,-13.669159,0.0
4.489142,-99.35576,0.0,-45.448586,-92.685425,0.0,26.250614,21.227362,0.0
-86.459496,-83.07709,0.0,-97.09072,24.270342,0.0,24.659079,-98.71628,0.0
-79.82885,-57.718765,0.0,61.20678,84.63494,0.0,65.676414,62.801567,0.0
-99.09958,10.947647,0.0,3.7799351,-38.681004,0.0,-54.72043,51.744267,0.0
-50.091316,-96.24307,0.0,99.58653,-46.043385,0.0,53.85334,39.010265,0.0
-82.06812,-57.821716,0.0,12.486145,10.416388,0.0,-30.837767,-97.81516,0.0
-11.271665,82.456696,0.0,-87.31696,72.95539,0.0,-37.026413,46.04282,0.0
-83.56948,62.983044,0.0,43.697083,-93.01296,0.0,-5.1113453,23.036795,0.0
-38.7675,-73.52353,0.0,98.34587,29.963003,0.0,54.782574,80.206154,0.0
16.004871,85.71509,0.0,56.56802,26.813911,0.0,48.72262,30.598047,0.0
53.210228,60.3428,0.0,78.004,19.131142,0.0,-17.629438,-33.232418,0.0
49.725567,78.16741,0.0,97.55234,-43.202,0.0,-50.588737,-17.514748,0.0
-61.698734,98.909904,0.0,-78.8302,-84.38748,0.0,14.981809,32.062233,0.0
-30.64507,38.59211,0.0,-88.64747,15.109919,0.0,-76.07358,73.04852,0.0
-30.76632,-12.91095,0.0,56.083347,-41.169582,0.0,-89.344215,-3.4138381,0.0
99.41181,76.178986,0.0,-16.512344,-78.80426,0.0,-82.16012,-88.05457,0.0
24.301117,-10.771928,0.0,-19.455328,28.982025,0.0,-38.64081,-66.486046,0.0
3.8533883,83.631035,0.0,54.291893,51.83853,0.0,-51.97844,-83.25358,0.0
48.6745,22.177631,0.0,91.0272,-41.857327,0.0,-82.52871,-55.884205,0.0
-94.78069,-71.21786,0.0,92.32569,31.082281,0.0,-47.466927,-11.977783,0.0
-97.22486,-40.50797,0.0,67.24095,16.171463,0.0,70.28589,-96.34708,0.0
60.414032,-1.9946088,0.0,54.867634,-95.15163,0.0,-99.01983,9.82704,0.0
38.271694,-81.95958,0.0,79.54535,23.569048,0.0,60.800716,92.0683,0.0
-99.42845,62.720364,0.0,-32.199482,86.17557,0.0,96.1189,-14.632721,0.0
-95.49006,31.443222,0.0,-93.84735,93.94605,0.0,-40.51639,-29.753994,0.0
79.1006,5.6230702,0.0,-5.774925,-49.876484,0.0,-35.70324,-18.622824,0.0
-89.28961,-70.12233,0.0,55.208305,22.165752,0.0,-36.17049,30.344866,0.0
24.12505,-42.167183,0.0,-75.87889,87.69423,0.0,-96.06439,86.98977,0.0
-69.29498,-95.961586,0.0,-34.113857,-10.553667,0.0,-49.06655,-8.653965,0.0
-91.829865,55.315407,0.0,57.331127,-96.8593,0.0,-22.48069,-77.56377,0.0
71.9467,81.58182,0.0,78.8317,75.245384,0.0,-81.08909,-30.25509,0.0
-27.234646,-90.680885,0.0,-43.675053,-5.406705,0.0,75.60665,-80.421165,0.0
23.689365,-50.590714,0.0,-95.28392,-96.323265,0.0,55.66629,-80.53557,0.0
60.304237,13.540048,0.0,-97.42085,-79.45774,0.0,-24.456268,86.92784,0.0
-39.57933,95.154526,0.0,-8.570409,22.035587,0.0,-29.134468,14.375424,0.0
-84.59251,23.261078,0.0,86.95626,-79.23413,0.0,-37.09246,-51.865665,0.0
-38.349895,34.276676,0.0,-48.551704,79.00145,0.0,65.67686,74.48425,0.0
-39.88458,-11.852395,0.0,93.77432,36.831142,0.0,-89.85468,-51.977688,0.0
45.313293,85.94366,0.0,25.038893,-41.740314,0.0,-45.969975,77.30874,0.0
93.730064,92.83447,0.0,-99.25177,40.177204,0.0,-48.8967,-6.1643925,0.0
-45.582478,-46.042038,0.0,98.7299,-41.43594,0.0,17.5922,-28.351328,0.0
92.245895,-44.828323,0.0,69.95773,-62.27315,0.0,-19.884323,20.608747,0.0
21.132603,-83.54743,0.0,87.729164,-97.7054,0.0,80.643295,26.146757,0.0
15.602994,77.29078,0.0,65.05541,89.93167,0.0,-32.286686,-26.19543,0.0
-33.248295,43.50694,0.0,11.605046,-85.05921,0.0,61.328304,-16.396658,0.0
-87.43061,-76.73513,0.0,-29.755455,20.498972,0.0,-42.34096,73.27309,0.0
-15.207631,-93.724464,0.0,-93.3772,16.592434,0.0,-76.501724,43.896507,0.0
61.27783,-62.42941,0.0,18.388405,25.753073,0.0,-44.761276,91.05563,0.0
-31.365341,-12.100491,0.0,-84.7532,-81.658356,0.0,55.851738,-28.82827,0.0
-27.677721,-94.25275,0.0,-27.494543,93.80318,0.0,-17.534082,-95.11346,0.0
86.787,85.62283,0.0,-77.84537,-74.10644,0.0,95.51409,14.9228115,0.0
64.520966,-83.04648,0.0,56.017303,26.803352,0.0,-98.68214,17.398317,0.0
-57.66475,88.06095,0.0,-36.25545,-88.1649,0.0,-52.80562,-68.34772,0.0
-91.47666,5.6898894,0.0,-88.56879,-11.274553,0.0,-52.480232,-47.44254,0.0
-42.804707,-85.40206,0.0,-58.980145,-77.17666,0.0,-43.10276,98.63424,0.0
-49.926014,-24.314672,0.0,-11.362602,-37.79061,0.0,-53.73996,98.60894,0.0
-94.32609,20.883648,0.0,-44.666378,27.09192,0.0,21.606134,8.234521,0.0
-45.989243,-30.697886,0.0,-40.292717,45.845123,0.0,-40.683758,62.45324,0.0
57.98853,23.190601,0.0,3.5201788,-46.718967,0.0,-24.589796,23.31772,0.0
53.98094,-42.572113,0.0,35.49418,99.919426,0.0,-49.210697,-36.09492,0.0
-18.49205,-77.32494,0.0,68.52446,29.30153,0.0,-83.78095,-92.59037,0.0
6.2327294,23.800112,0.0,-81.774956,74.78541,0.0,43.57299,-84.69537,0.0
-97.630806,56.63824,0.0,-40.99481,91.04002,0.0,61.341377,-27.634363,0.0
88.80095,-91.01741,0.0,-1.7039521,33.182117,0.0,-80.1285,-9.005872,0.0
-48.711285,75.564156,0.0,63.17327,72.73735,0.0,-90.104744,81.65196,0.0
45.53139,81.162926,0.0,21.120344,0.0002496314,0.0,-89.24654,18.497124,0.0
-30.413397,86.26526,0.0,-46.890427,-27.993412,0.0,-52.90329,6.286404,0.0
12.635416,-75.34391,0.0,-31.789364,65.30987,0.0,-36.45234,-25.319145,0.0
7.0216246,95.26199,0.0,-39.71382,-67.282265,0.0,23.244936,-85.31944,0.0
-81.0024,12.697377,0.0,-51.165123,-10.058502,0.0,84.05777,76.7775,0.0
23.130589,2.858462,0.0,-53.270164,85.47652,0.0,87.34424,30.080952,0.0
-42.021393,80.48888,0.0,-16.651821,-33.93809,0.0,-38.21274,-67.10391,0.0
-39.1942,34.433346,0.0,14.01924,-31.771622,0.0,-5.087793,97.33039,0.0
-21.16069,-36.414597,0.0,-90.25836,-32.992477,0.0,-62.274254,-98.48226,0.0
-94.4128,96.91448,0.0,-54.725098,78.067314,0.0,-43.927982,94.67361,0.0
-91.97387,-87.78286,0.0,-25.490055,7.010053,0.0,-16.910975,86.69331,0.0
64.353874,-10.044169,0.0,24.567877,33.6564,0.0,40.28332,-49.570583,0.0
-83.05924,51.00993,0.0,-59.845005,86.111336,0.0,-53.79187,-49.643208,0.0
-64.07023,88.37105,0.0,-48.170578,11.10654,0.0,90.23305,27.574799,0.0
9.304863,20.869474,0.0,22.090279,-40.071274,0.0,-97.40986,-85.07151,0.0
-77.70442,-57.2515,0.0,-42.667744,-17.679218,0.0,63.264084,-85.45415,0.0
25.825857,-87.274734,0.0,-77.95435,82.72721,0.0,98.645744,-54.66742,0.0
-60.234932,93.38548,0.0,-77.01188,80.6307,0.0,35.55068,81.88962,0.0
96.12109,44.110657,0.0,-39.37525,-24.859158,0.0,-32.844193,-54.081654,0.0
-4.7800107,-38.103043,0.0,-22.174452,-47.778587,0.0,-45.328163,50.845932,0.0
78.21786,93.20153,0.0,-45.601837,-64.719345,0.0,-90.74291,-91.49328,0.0
93.470535,40.633495,0.0,82.562164,14.371945,0.0,45.894737,95.73562,0.0
-0.25576115,-46.453117,0.0,-81.657845,-99.90075,0.0,-76.41462,11.785051,0.0
82.43733,0.3560161,0.0,23.980885,10.861611,0.0,90.47374,-21.548332,0.0
81.77717,-81.84114,0.0,15.95301,77.140945,0.0,-38.412437,-76.218,0.0
-83.421555,-50.07358,0.0,-44.269253,23.923218,0.0,33.851326,99.34276,0.0
99.0118,-91.55484,0.0,-35.30533,33.55055,0.0,69.574005,-68.747925,0.0
93.908104,25.77503,0.0,-77.43779,0.37441003,0.0,-86.72088,42.56175,0.0
-10.073443,-39.083652,0.0,90.1177,24.987062,0.0,-99.576225,-96.36695,0.0
-9.53155,-87.5984,0.0,86.369194,76.825806,0.0,-31.350245,34.531525,0.0
58.800034,-12.056882,0.0,-98.609436,-83.25756,0.0,-40.599987,-84.87781,0.0
-18.961714,78.327126,0.0,24.023464,-38.24283,0.0,-40.418636,-23.43358,0.0
24.104204,-39.61586,0.0,60.75207,62.408455,0.0,24.712296,-82.02077,0.0
-22.390505,26.502346,0.0,18.853247,87.11052,0.0,12.42414,32.934235,0.0
-45.66445,12.68353,0.0,-43.71649,87.91044,0.0,95.4184,79.50709,0.0
5.40466,-44.07181,0.0,-90.93989,33.075645,0.0,41.541565,-77.58523,0.0
-37.520096,39.96871,0.0,7.1447096,-82.27207,0.0,-45.561462,-21.106176,0.0
87.902916,79.83633,0.0,70.299194,31.527706,0.0,-15.740353,26.559347,0.0
90.32035,98.3698,0.0,-87.85341,-61.375694,0.0,13.537847,75.432625,0.0
-20.757938,-54.935677,0.0,-54.1652,30.1085,0.0,17.445415,-95.76233,0.0
-42.69916,91.85615,0.0,80.363304,78.79043,0.0,-83.40183,96.2284,0.0
8.032762,-25.521284,0.0,-34.16725,7.6683335,0.0,-13.116067,-97.4259,0.0
68.9344,13.007363,0.0,-61.285866,-89.11775,0.0,98.87963,-57.982246,0.0
-95.58843,-97.552826,0.0,96.3917,-57.29226,0.0,-35.504765,22.254204,0.0
13.6863165,-76.9133,0.0,-88.292366,-59.51154,0.0,-93.03904,-69.021324,0.0
-44.82552,-24.800575,0.0,76.19891,31.669134,0.0,67.30744,30.042183,0.0
-46.41973,5.3571544,0.0,63.774353,-80.468895,0.0,-54.872833,63.115044,0.0
-38.578358,36.043278,0.0,67.00954,96.56017,0.0,-41.096756,-39.964252,0.0
95.27127,59.612717,0.0,-98.08569,-11.834631,0.0,-45.117588,-6.4088345,0.0
-30.58587,53.025375,0.0,-70.810394,-82.67405,0.0,36.33002,24.886967,0.0
-16.921375,-83.187515,0.0,-41.506454,86.71253,0.0,-92.6242,-6.993518,0.0
-26.038067,-28.747793,0.0,-6.1899123,-83.49623,0.0,-99.04917,-22.987429,0.0
15.429555,13.623018,0.0,66.63311,-22.24179,0.0,-88.59008,80.67401,0.0
-43.37167,-52.895645,0.0,-45.400703,-59.972282,0.0,-54.62632,-75.85952,0.0
-92.03097,-61.080383,0.0,-81.57847,-64.76303,0.0,-38.374115,-24.532495,0.0
-55.27892,-93.293846,0.0,-51.908554,-47.61426,0.0,96.88997,42.452553,0.0
50.45886,81.341515,0.0,-57.247433,-75.14153,0.0,-92.60743,-18.98137,0.0
77.80762,87.33897,0.0,62.99525,-64.45203,0.0,-81.77977,65.25828,0.0
-72.075424,-80.964966,0.0,-42.075886,-35.426342,0.0,-4.841739,-79.24932,0.0
-80.539055,93.059,0.0,14.129017,-53.422287,0.0,-98.05645,44.59305,0.0
-79.22965,-74.70164,0.0,37.76148,-48.151836,0.0,-34.834003,66.35839,0.0
23.392975,76.494286,0.0,-32.314106,-67.42616,0.0,-81.54644,-10.435626,0.0
53.503963,17.888779,0.0,-77.8691,-97.23418,0.0,-14.781792,85.642006,0.0
-93.148926,-85.90497,0.0,-34.53471,-91.49827,0.0,16.49605,31.37154,0.0
-82.88691,20.143692,0.0,-85.441956,-23.966835,0.0,-0.07354401,17.99398,0.0
96.562195,-32.11604,0.0,81.365204,-91.75124,0.0,96.21551,-96.99042,0.0
-44.183266,72.56829,0.0,13.278322,75.14959,0.0,-48.140327,94.74944,0.0
-39.388382,43.246727,0.0,-15.539499,-42.976246,0.0,-8.066014,81.13112,0.0
-49.473843,22.814837,0.0,-98.03437,-14.055713,0.0,-42.497017,-63.42882,0.0
97.02375,95.10738,0.0,-45.053272,-90.633026,0.0,-28.507347,-25.258245,0.0
26.491657,-15.618383,0.0,16.307325,-54.12905,0.0,-62.00652,-76.96224,0.0
-12.240037,13.8577385,0.0,67.4603,-42.56876,0.0,-39.176933,-34.16526,0.0
75.618126,-83.65583,0.0,55.34969,65.106926,0.0,-94.07617,-92.098,0.0
-33.02026,-18.426823,0.0,62.9513,84.69273,0.0,-94.74656,4.857976,0.0
-99.478546,87.45309,0.0,-38.404,-34.324955,0.0,-3.913479,-32.23881,0.0
98.94441,29.944862,0.0,-36.580334,-75.59847,0.0,-64.66723,-85.400856,0.0
-77.184326,-30.738626,0.0,42.162716,33.732746,0.0,-5.495739,76.26705,0.0
29.0593,-44.07728,0.0,62.144955,-9.799015,0.0,66.75558,78.58033,0.0
-90.58444,65.324715,0.0,54.284473,-18.093723,0.0,-90.96146,94.90928,0.0
-83.13116,-18.893372,0.0,84.3757,10.203598,0.0,-73.43226,-77.76063,0.0
-48.36221,-4.1159554,0.0,-92.138016,-77.4119,0.0,60.059288,-69.00477,0.0
52.19648,-40.328682,0.0,-98.962425,7.9590154,0.0,8.944209,-93.99104,0.0
6.6752143,-39.658504,0.0,99.59928,91.538345,0.0,-52.82656,86.87841,0.0
-34.122055,24.423857,0.0,18.299196,-45.324055,0.0,-31.151491,31.901512,0.0
19.081436,-54.728302,0.0,4.4186797,-54.181656,0.0,29.39512,15.682628,0.0
-37.87254,-50.751785,0.0,-85.568794,-26.419613,0.0,-35.579357,97.356766,0.0
48.670853,77.05712,0.0,-19.302307,15.865749,0.0,17.932573,31.091118,0.0
-82.58841,14.745898,0.0,56.739803,22.462017,0.0,19.634764,77.43716,0.0
22.444008,-44.064877,0.0,-24.512373,-24.14025,0.0,43.018234,-81.181335,0.0
65.49195,51.187263,0.0,75.97057,31.974672,0.0,-31.325895,76.151405,0.0
-44.126144,-29.038523,0.0,64.78346,71.18663,0.0,83.5438,6.527639,0.0
92.94937,-30.634157,0.0,-24.629942,88.61183,0.0,53.668633,66.97893,0.0
-42.64933,-43.557602,0.0,-66.34802,-99.82189,0.0,-27.96768,98.932724,0.0
-25.813698,2.0235245,0.0,-18.16714,92.87547,0.0,-93.487885,12.072507,0.0
-68.17241,-79.40378,0.0,-52.26773,-48.667374,0.0,-90.86822,-98.10811,0.0
14.596837,2.588027,0.0,97.56509,-65.006065,0.0,-97.22378,-55.614597,0.0
71.5469,-97.38003,0.0,50.456272,24.754032,0.0,92.53742,37.533215,0.0
95.38121,-19.936747,0.0,-34.546555,-59.32162,0.0,-19.562502,-80.41889,0.0
-59.29395,-89.36726,0.0,-38.693516,66.11288,0.0,95.105446,-55.439735,0.0
3.1545908,27.591425,0.0,32.52539,-79.17032,0.0,-95.30732,-60.121704,0.0
6.532117,96.536766,0.0,-42.01785,-47.801235,0.0,57.85471,-99.21237,0.0
-36.58294,-91.38166,0.0,-96.962364,67.17149,0.0,-17.889692,94.95482,0.0
-18.572645,76.94552,0.0,-38.892452,31.263048,0.0,-45.931404,84.59995,0.0
-15.624537,-41.144596,0.0,-61.620033,-77.17579,0.0,69.49008,21.704817,0.0
15.501531,76.38131,0.0,-91.44147,-60.19177,0.0,-95.74158,-50.875435,0.0
-90.77711,3.4216812,0.0,-88.51723,-40.295525,0.0,-19.125355,31.905731,0.0
-41.772858,-18.154593,0.0,46.855278,-86.60993,0.0,66.357414,-20.248669,0.0
-52.883358,-85.65376,0.0,-53.096455,35.550804,0.0,-30.379044,74.50683,0.0
8.122755,24.565292,0.0,-97.02419,44.961803,0.0,2.429962,25.202427,0.0
-92.61553,-39.017834,0.0,93.3854,0.9686913,0.0,97.67632,-11.934926,0.0
68.68098,-95.612625,0.0,0.47930744,-51.29804,0.0,10.672042,34.58289,0.0
-88.67734,-50.061596,0.0,69.23581,-7.741859,0.0,-85.05752,21.506676,0.0
-98.28444,65.73098,0.0,41.157856,21.4471,0.0,-40.685265,7.0680017,0.0
-41.530964,-85.40557,0.0,62.53225,-92.96029,0.0,-44.79968,3.7065954,0.0
52.4563,28.549587,0.0,-12.807535,78.64719,0.0,61.034332,-73.37886,0.0
7.610757,29.987614,0.0,-9.718859,-49.099102,0.0,21.883484,-23.540792,0.0
-93.40625,-64.58053,0.0,-83.31565,3.5179424,0.0,-51.290813,74.09451,0.0
77.65511,-90.260956,0.0,-45.708874,1.6876137,0.0,-29.538336,-93.574265,0.0
19.923357,-22.938454,0.0,55.16281,3.4949367,0.0,52.703644,3.0349758,0.0
-4.6779027,33.542896,0.0,92.80875,43.62768,0.0,-0.7072132,-77.72866,0.0
68.589615,25.47578,0.0,-78.89041,44.104824,0.0,37.04585,83.618324,0.0
-85.46597,39.688633,0.0,-75.15256,90.471214,0.0,-95.64756,5.490596,0.0
-78.8029,-36.31597,0.0,8.710874,-91.62205,0.0,-23.880363,3.7159042,0.0
-77.26124,48.137684,0.0,-35.33631,85.12678,0.0,36.12268,-47.003864,0.0
19.012995,6.8355823,0.0,-78.04894,-95.14183,0.0,-24.161139,-49.888073,0.0
27.593029,-38.08932,0.0,-36.40425,50.118546,0.0,54.264103,45.845013,0.0
-19.680174,11.165285,0.0,21.362995,-99.7033,0.0,-95.58306,-80.28935,0.0
25.047333,-39.74605,0.0,-98.32477,87.437874,0.0,-81.23224,42.87661,0.0
44.721985,82.29065,0.0,9.661766,98.26861,0.0,77.675,79.73344,0.0
56.696552,-3.8430433,0.0,91.22957,75.27383,0.0,-3.4882472,-83.77844,0.0
-91.250534,73.95975,0.0,-20.084034,-23.72926,0.0,-7.744642,31.524263,0.0
13.515487,-54.62095,0.0,11.035201,-50.28316,0.0,71.7103,28.76873,0.0
36.541084,22.743843,0.0,-25.433872,-31.353432,0.0,47.984978,82.78743,0.0
-69.288506,88.589584,0.0,17.268452,5.040668,0.0,26.210814,24.410622,0.0
-77.73493,-48.290142,0.0,58.354378,-93.3215,0.0,82.66799,97.686104,0.0
-57.077423,-85.40849,0.0,-82.40707,-65.46268,0.0,89.05322,-95.35905,0.0
-47.903473,-70.60382,0.0,-0.7411222,78.88129,0.0,71.05669,33.28516,0.0
-79.54383,-47.35539,0.0,-94.84384,3.1378496,0.0,92.96548,4.2775173,0.0
68.37973,-90.44008,0.0,-31.222198,-35.638145,0.0,-89.62684,-69.08326,0.0
-61.58255,87.38185,0.0,67.28536,74.43738,0.0,72.01544,99.42742,0.0
-69.78894,-80.037735,0.0,-43.440536,14.046611,0.0,-90.17134,32.762817,0.0
-36.146954,-44.36843,0.0,-24.491238,22.757172,0.0,59.895447,-30.365194,0.0
-26.765968,-89.503746,0.0,-84.05048,-70.69079,0.0,69.22618,58.073185,0.0
26.982683,33.94846,0.0,-75.25895,-46.818268,0.0,31.722767,-80.68429,0.0
10.606174,-37.103127,0.0,87.12988,-96.15766,0.0,-75.04157,52.419533,0.0
-65.667435,-87.76455,0.0,67.375534,-51.584187,0.0,99.834366,16.006178,0.0
75.570656,6.789544,0.0,54.53048,0.00024123705,0.0,56.203735,49.815388,0.0
6.605554,-47.583717,0.0,-27.360006,1.522818,0.0,-69.46066,92.33811,0.0
7.493164,-86.633385,0.0,-2.5705888,13.460511,0.0,-82.67247,-77.67721,0.0
-18.546618,-42.646873,0.0,-51.07207,-75.95874,0.0,-49.77697,-76.921524,0.0
-77.22072,26.458252,0.0,66.064964,-4.930415,0.0,-79.1042,-29.0903,0.0
20.288113,-26.168272,0.0,50.21846,-48.1327,0.0,-55.74906,-79.500175,0.0
65.12254,-56.508846,0.0,19.471811,-11.4045725,0.0,39.713398,-93.077354,0.0
27.98564,97.55884,0.0,53.357655,83.05779,0.0,-93.40292,-30.25697,0.0
68.61426,45.307262,0.0,85.04351,19.48424,0.0,-90.91134,17.599108,0.0
50.595097,-84.00323,0.0,-86.26094,38.438168,0.0,-95.19697,-8.559086,0.0
28.563723,-90.04039,0.0,-52.55074,70.49226,0.0,-19.764366,-28.274357,0.0
93.1315,-36.706158,0.0,-93.014854,-57.136993,0.0,37.01279,83.5412,0.0
-27.139208,-15.692406,0.0,-95.44692,-15.968719,0.0,15.609933,-83.49972,0.0
-0.021668037,-43.703644,0.0,28.053522,-77.05567,0.0,79.9382,19.82348,0.0
60.656647,-82.79996,0.0,57.94979,30.445847,0.0,-42.667385,74.121994,0.0
94.31983,-65.309944,0.0,39.732418,-41.403454,0.0,-49.332367,-33.017166,0.0
57.131676,-37.15812,0.0,-45.319195,-65.64238,0.0,96.85033,85.71015,0.0
-77.54313,-61.223198,0.0,-83.94873,38.490803,0.0,7.8832116,-88.564766,0.0
69.95217,20.186228,0.0,-61.558056,-86.931786,0.0,58.427433,-65.155556,0.0
-96.33525,52.00163,0.0,-49.882393,-35.33321,0.0,73.76331,-91.71677,0.0
-94.94702,47.270058,0.0,-18.562912,-33.14809,0.0,90.31221,-57.8336,0.0
13.009,-93.27139,0.0,79.56362,-78.52711,0.0,-37.176056,-62.630783,0.0
87.75628,24.312748,0.0,-78.782555,-12.151552,0.0,92.959305,-60.25695,0.0
79.83205,75.364784,0.0,63.013508,-91.33395,0.0,2.6180978,89.61553,0.0
6.0689893,98.5367,0.0,85.20605,97.77504,0.0,-0.37342435,-42.25819,0.0
98.957886,59.325,0.0,61.84251,-23.46243,0.0,-38.407215,10.213637,0.0
-44.417606,-80.650475,0.0,47.963875,81.43432,0.0,-25.885307,34.652702,0.0
1.9014153,-49.015392,0.0,-95.69978,63.354313,0.0,-89.725075,8.64241,0.0
61.3517,-39.52058,0.0,89.557755,-92.660164,0.0,-80.628654,80.8091,0.0
23.867085,79.92871,0.0,65.96102,-96.1022,0.0,-83.82584,70.06921,0.0
25.851732,-28.075043,0.0,97.365036,-18.684288,0.0,-87.32987,-50.948578,0.0
68.50231,18.130054,0.0,-35.673206,90.421196,0.0,-28.962595,19.26508,0.0
-75.075714,76.38643,0.0,80.47649,-81.27665,0.0,41.17484,-47.511173,0.0
-47.10444,11.3243475,0.0,-89.743095,2.1157734,0.0,-99.673195,-87.09898,0.0
77.14431,33.647537,0.0,-7.1036234,-95.13793,0.0,-96.522354,-48.198425,0.0
-19.786266,-89.63527,0.0,-32.915676,27.504175,0.0,-95.2912,69.211586,0.0
66.04015,54.842567,0.0,43.931076,-86.52642,0.0,-43.583534,94.358864,0.0
-28.395342,-32.818005,0.0,-11.099914,-49.351303,0.0,12.932323,-47.432327,0.0
-94.93995,51.512505,0.0,-50.744343,47.090553,0.0,-21.415947,-52.953655,0.0
-30.541498,40.716656,0.0,-90.85393,31.500925,0.0,-38.850803,-82.39116,0.0
-71.30881,83.86524,0.0,35.217957,81.86726,0.0,-40.133404,44.597378,0.0
-19.923532,-88.39534,0.0,-54.271378,59.764606,0.0,0.6413134,-52.58093,0.0
-22.289225,-75.988625,0.0,78.22067,89.68816,0.0,-38.22019,-47.897697,0.0
63.600407,30.867271,0.0,2.102766,29.434776,0.0,4.1256914,77.643936,0.0
73.388405,28.619928,0.0,79.52833,30.034273,0.0,59.008003,-55.143024,0.0
-23.72717,88.8629,0.0,-31.551414,22.076267,0.0,37.23883,-98.13214,0.0
14.155821,19.7147,0.0,-26.479876,-40.619675,0.0,-33.53008,77.39816,0.0
79.88514,-79.533165,0.0,35.26952,30.906816,0.0,16.528898,86.78472,0.0
82.65921,29.1033,0.0,-44.162483,15.189157,0.0,18.528467,-13.555316,0.0
38.15849,98.92007,0.0,25.728811,-96.00552,0.0,66.97392,66.65147,0.0
-48.005493,-22.736732,0.0,-71.61044,94.25118,0.0,-28.981148,-94.67275,0.0
15.18955,95.14086,0.0,-52.52849,40.033886,0.0,-75.38889,93.01381,0.0
23.22918,-6.5405226,0.0,26.510883,-16.808994,0.0,12.698343,11.0390625,0.0
90.25685,-50.424446,0.0,-35.731316,-85.279144,0.0,-91.835335,-8.135947,0.0
-85.53645,30.783253,0.0,95.859146,-71.41665,0.0,14.9661875,22.014559,0.0
97.34576,-58.974922,0.0,18.169035,95.29514,0.0,-92.06784,75.55694,0.0
-44.38786,-91.479614,0.0,-39.012806,-35.87919,0.0,-68.98099,82.62518,0.0
-31.08373,27.414333,0.0,-26.011576,0.5173467,0.0,34.355442,93.41999,0.0
49.089043,-77.26904,0.0,-59.73042,-95.44178,0.0,-85.01748,-7.668317,0.0
92.39842,0.45085955,0.0,6.037589,-97.50019,0.0,12.438412,5.24467,0.0
99.73397,-59.262608,0.0,62.061493,-81.311165,0.0,29.424107,34.023663,0.0
50.21572,36.106354,0.0,87.64915,16.894663,0.0,61.336105,75.30724,0.0
-52.948677,27.325954,0.0,-96.91526,65.81078,0.0,-81.76102,73.6362,0.0
98.2673,61.31025,0.0,-3.6488466,75.198265,0.0,6.8759646,-38.045986,0.0
92.247475,-29.389032,0.0,-26.859928,-14.29457,0.0,-35.23933,99.91848,0.0
52.45426,-47.33465,0.0,-42.96628,-58.044178,0.0,-41.57088,8.205222,0.0
-30.929228,20.056828,0.0,-41.29432,36.557262,0.0,-41.977806,4.0514455,0.0
-48.33986,-90.1387,0.0,-25.61952,20.717094,0.0,92.50621,-94.045654,0.0
-32.822174,-67.09716,0.0,-83.39678,-6.786002,0.0,59.66785,29.089912,0.0
-74.82199,-81.39529,0.0,96.47536,-57.85027,0.0,97.07314,-12.307514,0.0
-96.629814,-21.844439,0.0,-32.92416,18.985332,0.0,-98.22196,31.423803,0.0
-4.1129365,-54.441532,0.0,5.5896244,22.094181,0.0,-88.58944,65.43788,0.0
-87.13352,-68.818886,0.0,-47.893383,-13.291361,0.0,-33.389427,-41.542965,0.0
58.397427,37.106102,0.0,-99.91593,-10.603891,0.0,40.586636,-49.69469,0.0
-86.853584,76.64411,0.0,-95.97357,-87.54502,0.0,-85.16189,-19.291153,0.0
87.62544,26.90909,0.0,-59.7441,-99.521996,0.0,-79.97932,79.63959,0.0
8.43414,-35.016003,0.0,30.356504,-85.99063,0.0,-81.02016,80.8303,0.0
20.903202,-4.891347,0.0,36.308746,-88.5251,0.0,53.83278,-32.277378,0.0
27.136257,-93.330605,0.0,-40.19501,74.42359,0.0,-41.124603,-42.91743,0.0
43.114605,77.40983,0.0,59.939568,-89.95268,0.0,49.558475,-76.607376,0.0
45.21776,90.90743,0.0,-44.23166,20.668093,0.0,-30.549786,11.048407,0.0
57.934776,72.223015,0.0,-92.221,33.440624,0.0,-47.286728,85.97849,0.0
-60.974792,-88.391396,0.0,-39.329636,-86.681244,0.0,-89.808914,34.079147,0.0
6.2053266,29.855886,0.0,49.884933,84.490005,0.0,2.9808853,-46.046055,0.0
-35.953693,-93.287575,0.0,-31.1313,44.500904,0.0,4.193325,23.866432,0.0
68.432785,-78.24115,0.0,63.992035,95.67953,0.0,-84.99469,49.278866,0.0
19.56024,78.50453,0.0,63.61381,79.25927,0.0,90.6324,-97.717766,0.0
-40.86684,56.826286,0.0,41.56079,29.960234,0.0,0.582881,80.728355,0.0
56.877914,-87.75395,0.0,26.500368,4.182913,0.0,-93.45169,-55.149345,0.0
-81.6856,22.773699,0.0,-80.10981,60.28347,0.0,8.94006,28.7731,0.0
47.43626,31.445862,0.0,-35.136982,80.21429,0.0,64.133965,-0.8548049,0.0
-25.701477,10.00598,0.0,-89.18542,-38.2506,0.0,-26.117813,-98.30354,0.0
78.2992,-78.78105,0.0,-61.04638,-85.15091,0.0,-61.589382,99.739136,0.0
-67.17028,-79.31871,0.0,44.364346,95.105316,0.0,22.296288,-5.5732393,0.0
-28.213263,-52.617634,0.0,-17.99552,-30.621368,0.0,74.55532,29.52661,0.0
5.2033195,99.953636,0.0,-36.887226,59.933144,0.0,-83.37649,14.655889,0.0
28.678894,-13.372151,0.0,-89.58468,-93.82484,0.0,-86.5226,39.52766,0.0
39.35735,-42.95836,0.0,-7.9819336,32.138832,0.0,-97.868454,3.4903085,0.0
82.74419,-97.203285,0.0,35.083595,-76.5193,0.0,34.670826,-85.269936,0.0
-39.679043,55.557037,0.0,95.77464,30.086401,0.0,60.959282,90.834724,0.0
5.548637,75.551926,0.0,-87.27598,91.68273,0.0,-75.724304,8.79986,0.0
-53.47356,-29.42334,0.0,58.64072,-92.42209,0.0,-45.772102,48.777287,0.0
23.37899,87.41152,0.0,-5.964877,-31.497597,0.0,-55.394283,-84.6075,0.0
60.416718,81.25738,0.0,10.048701,-40.250916,0.0,53.99686,68.69696,0.0
-96.92417,33.734314,0.0,-2.6770017,-92.48161,0.0,-76.350716,-28.143826,0.0
-47.995182,-1.251338,0.0,50.669888,-8.577174,0.0,59.744156,97.564316,0.0
-86.84867,82.72068,0.0,-53.194984,-35.96648,0.0,-96.14913,-53.725517,0.0
47.167423,87.862144,0.0,-44.904755,-70.43056,0.0,2.7893276,-87.82094,0.0
-80.626495,19.46278,0.0,-16.892866,13.670823,0.0,-28.862862,-81.37504,0.0
-96.2746,-91.98494,0.0,65.8481,12.011537,0.0,-21.543951,-50.437477,0.0
-21.126741,87.9993,0.0,82.3256,92.82226,0.0,-58.35984,96.02015,0.0
18.400747,8.230101,0.0,-96.915886,-23.407299,0.0,96.12477,94.92961,0.0
19.45212,27.93559,0.0,-0.8827323,86.90636,0.0,42.206383,-79.03863,0.0
-98.36178,-48.084213,0.0,95.09752,82.39517,0.0,30.099775,30.815828,0.0
56.853546,15.274979,0.0,82.542336,-86.58435,0.0,61.292454,86.780205,0.0
0.94386524,92.41256,0.0,-52.552715,-71.975784,0.0,-43.44243,55.22442,0.0
35.5452,-77.85857,0.0,-24.453661,-94.32867,0.0,72.127914,-75.42031,0.0
-87.773186,45.64453,0.0,92.792885,-65.28863,0.0,0.09972746,-92.84179,0.0
-43.2294,-31.694347,0.0,97.890305,45.15235,0.0,62.140522,-83.91074,0.0
-51.76106,10.251725,0.0,54.15185,-11.821212,0.0,-41.771057,-29.883642,0.0
-88.24185,72.85204,0.0,53.472614,11.713323,0.0,35.318108,-97.61399,0.0
58.295757,58.480858,0.0,59.960697,-59.635693,0.0,-77.589935,-90.50503,0.0
-33.172264,-94.35131,0.0,67.656525,8.353062,0.0,-98.06823,50.31752,0.0
-21.870146,-84.76529,0.0,95.613396,-65.89048,0.0,-77.609955,-20.358526,0.0
-22.26872,94.205986,0.0,98.36902,-18.382448,0.0,-30.091,-23.281532,0.0
-32.507874,-28.707396,0.0,96.92033,-2.5111663,0.0,-46.52779,65.46771,0.0
-98.10089,-45.068398,0.0,-77.86073,59.00858,0.0,34.1727,85.45555,0.0
-22.063257,-85.9412,0.0,52.397976,-11.025008,0.0,-47.412086,80.03997,0.0
94.18976,51.406044,0.0,64.3546,0.04654787,0.0,-85.160576,3.84382,0.0
-63.39351,85.73353,0.0,-39.894714,25.876352,0.0,60.28203,95.295135,0.0
-94.67233,5.473752,0.0,-76.991425,-38.684036,0.0,-42.411003,27.988373,0.0
-89.81252,3.6332088,0.0,91.329185,-36.78204,0.0,36.29098,86.892,0.0
17.331789,-84.6649,0.0,-75.74728,94.200096,0.0,71.406624,78.19848,0.0
-85.15394,34.05406,0.0,-31.316845,-2.5260766,0.0,-40.082024,-31.912422,0.0
47.72391,95.748764,0.0,31.193226,-83.80178,0.0,-52.248333,90.20991,0.0
53.688995,-78.19308,0.0,-81.812584,-98.82027,0.0,-97.435265,-55.234177,0.0
86.52547,19.74583,0.0,18.58683,-90.74339,0.0,-23.67382,16.20233,0.0
99.28038,-58.808723,0.0,-81.980515,62.3654,0.0,-13.226169,-96.12311,0.0
-39.892403,72.82203,0.0,-52.063633,22.901775,0.0,-21.510038,27.276266,0.0
-73.358826,-86.72286,0.0,-31.040438,-31.417538,0.0,-40.252872,-27.816452,0.0
77.32812,86.59959,0.0,-46.69179,33.192078,0.0,-98.72235,5.841172,0.0
-54.71712,-89.95612,0.0,10.886407,-53.540874,0.0,15.564617,9.8273,0.0
-26.051605,23.672407,0.0,-91.98343,23.606207,0.0,88.58738,80.866035,0.0
-85.707695,36.94615,0.0,18.326101,-85.40447,0.0,-46.565907,52.186615,0.0
-81.92505,1.8949295,0.0,-97.49815,-61.414352,0.0,-32.82805,52.319714,0.0
68.98123,-45.17523,0.0,27.16435,-93.2231,0.0,-3.870087,24.841082,0.0
-0.11908589,18.806755,0.0,13.854191,2.8892248,0.0,-96.25068,-29.826107,0.0
-33.18731,7.3404083,0.0,-89.74836,-45.043644,0.0,32.931564,-89.76019,0.0
57.84345,-75.555725,0.0,57.23976,7.791931,0.0,57.679596,8.964015,0.0
-90.93184,-37.08536,0.0,25.277933,97.96478,0.0,-19.935402,-36.625305,0.0
14.720544,-95.00859,0.0,-44.374165,70.5972,0.0,50.538414,6.805238,0.0
-77.14227,81.239334,0.0,-25.72322,28.397095,0.0,-24.89941,-32.4866,0.0
-36.73493,-81.75269,0.0,90.37983,-73.22616,0.0,-35.73136,-56.093704,0.0
84.67397,77.22898,0.0,-24.277578,-48.471275,0.0,72.63803,2.2881634,0.0
-4.0179434,98.82739,0.0,-34.34745,44.190804,0.0,67.20137,-32.68331,0.0
60.19798,6.761514,0.0,3.4343805,-38.577637,0.0,95.69437,46.580753,0.0
25.296986,85.41183,0.0,8.114778,-85.11772,0.0,-13.954591,-49.884674,0.0
-37.248688,66.10149,0.0,50.63592,28.493912,0.0,-40.789036,-82.03877,0.0
23.539562,-43.71874,0.0,76.34532,77.47815,0.0,-23.77643,78.08537,0.0
-2.5803082,-80.45615,0.0,24.227709,4.3782372,0.0,15.661421,-46.497025,0.0
17.613789,93.048584,0.0,50.645485,61.097126,0.0,-42.061985,-52.186165,0.0
47.297314,-49.88314,0.0,51.834812,-9.826348,0.0,-53.914356,67.493576,0.0
-89.91646,4.515561,0.0,65.41622,49.42969,0.0,-30.068745,-61.89325,0.0
-22.870565,0.2005769,0.0,90.00231,-73.448555,0.0,51.24869,3.264785,0.0
49.640736,95.612625,0.0,-96.75505,72.08091,0.0,-32.687347,-63.70027,0.0
-75.99513,58.976265,0.0,91.09945,-63.588898,0.0,76.622025,33.884888,0.0
55.28057,-1.9199162,0.0,-83.36896,-73.31876,0.0,-0.47004977,78.54667,0.0
-9.238923,99.80501,0.0,31.49247,20.393723,0.0,-91.04037,72.73177,0.0
65.24172,-95.00791,0.0,-80.57759,-87.52696,0.0,65.44751,-46.31451,0.0
12.92974,-53.161068,0.0,2.0412273,89.87138,0.0,-25.711998,-29.191727,0.0
64.19736,-29.209908,0.0,62.24608,0.641746,0.0,-53.370613,15.071821,0.0
-71.13946,-78.35804,0.0,92.776596,-36.50611,0.0,50.614254,-34.128277,0.0
-30.675285,58.711395,0.0,-74.009254,-77.237015,0.0,-76.83605,74.41095,0.0
-25.064074,-9.529733,0.0,-24.175724,-25.467148,0.0,48.56937,94.97593,0.0
-83.92491,-27.175846,0.0,-95.229576,62.556725,0.0,78.08081,-93.00762,0.0
86.41257,84.7748,0.0,0.7371346,29.869785,0.0,92.24106,91.26134,0.0
73.58752,89.18296,0.0,97.33889,-48.75827,0.0,-73.74995,-95.20699,0.0
25.778511,78.602905,0.0,-46.64431,37.623604,0.0,13.154058,20.570843,0.0
32.279427,78.545555,0.0,-84.603935,49.292606,0.0,56.24562,-62.534943,0.0
49.094715,93.89757,0.0,-20.181694,23.628946,0.0,-69.50801,78.01464,0.0
27.320974,29.810669,0.0,-49.500275,61.360878,0.0,-88.80163,-25.905987,0.0
48.69589,-78.192,0.0,69.69597,1.1573596,0.0,-84.932076,23.515163,0.0
-45.763584,91.32765,0.0,58.81325,75.6733,0.0,9.736892,79.674576,0.0
89.0309,88.17764,0.0,4.827199,95.51334,0.0,26.517925,-35.710392,0.0
-40.085957,20.41949,0.0,69.32861,-60.843185,0.0,39.430935,-49.720795,0.0
26.770493,-11.099527,0.0,27.202349,12.320033,0.0,-29.193352,-2.3818595,0.0
-93.82195,21.549294,0.0,-6.9431705,92.21734,0.0,99.26973,-64.34567,0.0
70.86769,97.73802,0.0,-46.75863,-0.7764101,0.0,78.49885,90.07429,0.0
-84.17386,-92.16468,0.0,54.291786,62.34034,0.0,-15.393631,-50.18108,0.0
-82.74679,-9.728153,0.0,89.431915,95.62893,0.0,25.592941,-12.382607,0.0
59.730762,32.470074,0.0,4.7605705,-30.986002,0.0,93.87513,67.07586,0.0
67.67807,85.12771,0.0,-41.33718,-9.876283,0.0,91.81835,-10.862372,0.0
93.448326,16.232729,0.0,64.368385,-67.28477,0.0,-4.789142,-54.052704,0.0
55.744614,93.295944,0.0,30.218077,-46.027225,0.0,-39.941624,-85.123566,0.0
-22.487703,-91.66975,0.0,-60.659225,-91.70127,0.0,-84.74908,-34.580837,0.0
3.8928032,26.468992,0.0,-16.374352,-90.77851,0.0,-27.187336,-45.949272,0.0
27.705399,-34.049236,0.0,14.757745,19.446844,0.0,-47.17153,20.32127,0.0
59.905914,86.3985,0.0,-22.689442,-33.587883,0.0,69.78165,70.31307,0.0
-88.25836,-25.929024,0.0,90.53223,75.25337,0.0,44.688747,21.187405,0.0
28.743372,-23.43074,0.0,3.6504169,95.958206,0.0,99.25037,-64.523476,0.0
-76.61857,-26.62029,0.0,38.965286,-97.313286,0.0,-72.67599,88.168724,0.0
-26.585575,-88.88608,0.0,-83.64269,59.539948,0.0,26.177353,23.12958,0.0
60.232628,-21.320362,0.0,-25.163912,91.465515,0.0,19.55063,-93.299484,0.0
76.15558,-87.570244,0.0,-0.17022118,-51.337597,0.0,-92.55715,18.24812,0.0
52.77082,-61.12303,0.0,-36.14458,-67.3484,0.0,-42.30022,-3.9987385,0.0
5.7429733,-30.126087,0.0,-92.39887,91.095474,0.0,-96.729576,60.0107,0.0
-84.94174,12.778391,0.0,56.57679,42.747303,0.0,51.28903,-40.360687,0.0
86.487816,-83.33916,0.0,-43.097332,-79.32852,0.0,-96.47743,-6.90253,0.0
-91.75391,-92.68706,0.0,-80.55341,-29.4452,0.0,-94.02749,-54.191093,0.0
-35.390232,-21.292849,0.0,-80.79856,59.472836,0.0,60.874924,-87.23697,0.0
12.171283,-29.943993,0.0,68.429794,-44.953793,0.0,-9.687864,17.87365,0.0
-44.40528,80.41013,0.0,53.009052,-17.96493,0.0,-38.523968,66.3993,0.0
-42.79014,-24.74797,0.0,96.35051,-51.86445,0.0,-28.891298,7.045841,0.0
41.51688,-52.93788,0.0,-81.726585,54.185345,0.0,-6.5376644,-49.203518,0.0
54.1488,-23.279694,0.0,-80.00433,-88.44834,0.0,-37.53912,48.261036,0.0
-84.32726,5.9200473,0.0,77.670364,15.489744,0.0,14.417022,29.91481,0.0
-22.904222,-78.7206,0.0,14.537773,-35.924248,0.0,96.566666,-73.68783,0.0
60.81928,-12.442032,0.0,53.482918,11.606993,0.0,59.421467,43.154884,0.0
-97.80307,92.622185,0.0,12.818171,-28.572985,0.0,-46.47581,-94.37952,0.0
64.365074,93.83491,0.0,-82.7526,34.037453,0.0,-86.51887,95.408104,0.0
47.667538,-85.0759,0.0,-83.3529,77.8653,0.0,-91.47671,82.87845,0.0
-38.11058,83.975075,0.0,53.712837,-21.784296,0.0,-52.603996,-65.012146,0.0
24.739965,-31.27986,0.0,35.158817,23.392492,0.0,-46.854977,86.50179,0.0
39.1855,33.052578,0.0,99.977356,-96.643486,0.0,-27.756584,20.550127,0.0
96.66816,31.32242,0.0,-75.03634,74.14721,0.0,-53.835606,66.15045,0.0
8.799508,-88.03637,0.0,81.32071,-93.61333,0.0,-80.50512,1.88289,0.0
-42.194817,47.539223,0.0,-86.51497,18.426756,0.0,-41.84631,-30.364555,0.0
-85.23238,-86.17912,0.0,83.60835,-75.41026,0.0,-87.999084,-10.290251,0.0
53.84477,91.326065,0.0,-80.31906,-49.529545,0.0,-77.208855,-37.618717,0.0
-93.00298,75.31745,0.0,4.856516,11.247746,0.0,-8.439332,32.620766,0.0
-14.65005,97.17561,0.0,62.00613,28.466425,0.0,-1.8730352,-97.7548,0.0
-92.546,88.098274,0.0,-79.168274,-13.477502,0.0,98.41815,-47.703533,0.0
-10.467501,-37.33964,0.0,-53.37055,17.709652,0.0,-47.10068,97.024376,0.0
-77.78196,5.0946903,0.0,-76.40034,91.12146,0.0,16.682497,-75.23171,0.0
59.11127,-53.457047,0.0,-5.048956,24.80743,0.0,-37.77037,-15.84101,0.0
55.648235,63.710934,0.0,37.974968,-93.329384,0.0,-45.678833,88.391106,0.0
5.6213274,-37.27276,0.0,-87.45849,-71.1375,0.0,-99.86802,-49.60601,0.0
8.004602,20.458706,0.0,-86.37283,58.02658,0.0,63.01208,-14.888178,0.0
-69.88569,86.78583,0.0,-31.857801,43.12552,0.0,55.916405,-43.852604,0.0
52.1316,72.98961,0.0,-76.20228,55.28954,0.0,-3.6552174,-83.04753,0.0
-28.266258,23.314566,0.0,-59.571148,88.270546,0.0,-36.498825,89.78178,0.0
-95.510086,12.9478035,0.0,8.029824,-94.56687,0.0,99.483055,46.271347,0.0
67.7379,-99.2702,0.0,39.10869,91.300835,0.0,97.889305,23.150406,0.0
-71.720474,97.2445,0.0,-41.338463,36.57552,0.0,68.839676,-55.37425,0.0
64.14522,-9.096685,0.0,62.97452,-78.67789,0.0,12.430267,18.166058,0.0
57.89252,1.5707293,0.0,-3.2098875,16.898617,0.0,-99.582664,-28.336721,0.0
56.363716,59.160515,0.0,12.884596,-36.98145,0.0,-19.460722,78.97663,0.0
77.44623,77.3894,0.0,-59.117027,-86.124146,0.0,92.00131,24.756927,0.0
-80.68738,-78.05081,0.0,94.72948,-8.977714,0.0,71.88517,-87.76345,0.0
-11.022689,-36.63244,0.0,24.486551,-12.4944935,0.0,-10.233682,-94.20933,0.0
27.765425,3.9265063,0.0,44.83364,-92.1269,0.0,-78.55467,-18.046799,0.0
12.5016985,20.368975,0.0,49.567707,-40.149788,0.0,-94.33756,90.81532,0.0
-33.436222,-14.521468,0.0,32.149902,-91.6663,0.0,-46.4386,-89.49905,0.0
62.199986,17.791313,0.0,-38.033173,11.303656,0.0,-9.061966,-95.44457,0.0
44.901463,-43.544365,0.0,-25.951107,-24.592575,0.0,-0.75244707,-76.87657,0.0
87.05461,12.886924,0.0,93.89954,-27.935272,0.0,30.785608,-40.83058,0.0
-90.350494,14.488799,0.0,56.5708,-37.34335,0.0,26.629515,2.056137,0.0
-18.124174,6.791232,0.0,-91.87767,-30.450325,0.0,49.135815,-47.418846,0.0
-46.523365,-4.1655445,0.0,-13.487051,29.492868,0.0,65.83386,76.23321,0.0
-82.06333,57.60034,0.0,-79.02331,-27.246225,0.0,65.8514,-53.017426,0.0
-78.56251,-58.181553,0.0,71.90478,0.11300171,0.0,68.100075,7.755368,0.0
61.18276,-30.867653,0.0,-94.87219,54.11091,0.0,1.820898,-80.50728,0.0
-80.08968,-10.186556,0.0,14.974156,95.23528,0.0,-81.14748,51.754574,0.0
98.10762,15.759295,0.0,63.9648,-13.786903,0.0,-83.14773,-3.3198721,0.0
64.53756,-0.30797237,0.0,61.240063,-93.71361,0.0,50.725224,51.74788,0.0
-81.024055,-4.6480274,0.0,-4.41107,93.1562,0.0,-61.597614,-92.55006,0.0
51.094013,-13.006088,0.0,93.656944,69.01858,0.0,-72.227646,82.76246,0.0
92.806335,-30.096294,0.0,-75.25441,43.97166,0.0,16.181389,20.057415,0.0
-0.9663448,-46.85895,0.0,-15.198588,-30.593416,0.0,-56.22452,-84.1941,0.0
51.26327,34.48025,0.0,50.259964,52.169502,0.0,27.577276,85.565254,0.0
62.922634,-15.252325,0.0,93.72818,26.49007,0.0,-41.35673,26.734098,0.0
18.167376,13.9825945,0.0,52.447178,-71.43012,0.0,-1.4908185,-82.65961,0.0
-81.748505,58.496452,0.0,-54.08671,-8.483287,0.0,54.707733,85.68131,0.0
-53.926052,84.57189,0.0,47.342255,86.44827,0.0,-82.33201,82.9363,0.0
12.1881075,99.13853,0.0,-33.301506,86.254395,0.0,-40.017143,60.450874,0.0
1.0600568,19.496695,0.0,67.9123,-51.93949,0.0,-37.044853,25.10968,0.0
54.626247,33.891808,0.0,12.574088,11.58852,0.0,-97.97267,-93.73603,0.0
-35.11712,6.1166406,0.0,-50.533722,-50.712692,0.0,-43.644825,74.43305,0.0
89.398254,-98.97778,0.0,-51.057537,15.727436,0.0,-87.007126,-63.791958,0.0
1.4421419,13.475865,0.0,53.7804,91.76845,0.0,67.18164,60.7735,0.0
61.437675,-91.41685,0.0,-85.66352,-16.931545,0.0,19.16293,20.395285,0.0
-40.751286,-50.296,0.0,50.96439,-15.60647,0.0,-36.162167,-30.542097,0.0
-89.17345,-25.406696,0.0,-50.28923,-86.68396,0.0,-86.21585,62.985207,0.0
-1.84834,32.87963,0.0,91.092705,-7.83168,0.0,-62.330933,91.5786,0.0
29.50228,-83.38027,0.0,-4.6274533,87.28613,0.0,-96.78791,3.1706595,0.0
60.91556,-4.379785,0.0,-45.787575,51.922195,0.0,53.45021,77.30934,0.0
-36.713333,1.9076895,0.0,36.858704,-49.568386,0.0,-26.430365,98.71022,0.0
23.016775,-98.287735,0.0,-11.432552,-42.55623,0.0,83.577126,-87.095924,0.0
-50.589417,22.527662,0.0,-3.5249166,-49.032173,0.0,-23.712496,-77.61045,0.0
6.474839,-40.17255,0.0,-78.89688,-66.27124,0.0,75.88108,92.24659,0.0
9.319153,78.37339,0.0,40.965927,34.356316,0.0,-43.346367,-83.861145,0.0
17.305765,-88.117165,0.0,91.72769,-52.476498,0.0,65.19071,-71.64657,0.0
-75.76741,58.351852,0.0,-13.283106,-43.209023,0.0,-1.3001812,76.85003,0.0
-87.45129,-49.183315,0.0,-54.80089,-32.69938,0.0,34.329502,-47.231308,0.0
3.2460113,-40.824898,0.0,-67.65758,94.657135,0.0,-37.94282,79.34365,0.0
59.084694,-62.308567,0.0,89.67592,-87.98317,0.0,51.30072,95.420784,0.0
76.638954,-94.342865,0.0,90.83846,-87.422424,0.0,-99.76737,66.48773,0.0
91.96624,97.88944,0.0,64.2473,51.730606,0.0,-26.059566,97.79969,0.0
-94.57577,-56.60492,0.0,-45.96049,19.104418,0.0,13.4780855,98.58104,0.0
27.03369,-25.173231,0.0,72.3528,-96.887955,0.0,-95.817184,95.16023,0.0
15.390892,98.6188,0.0,40.91387,89.962166,0.0,-91.49292,9.9159,0.0
89.61225,4.3853617,0.0,-7.4877787,-77.40261,0.0,45.41481,84.72989,0.0
-31.620096,49.033016,0.0,-19.317728,8.343154,0.0,-21.036034,-39.73978,0.0
-31.19452,-16.459156,0.0,-99.04519,85.61065,0.0,-74.963745,-83.504845,0.0
55.300053,51.141064,0.0,31.336735,78.84229,0.0,-32.924824,9.084324,0.0
-46.578926,-42.715736,0.0,-38.614094,75.37598,0.0,-83.9966,-84.272026,0.0
4.7247467,-87.696304,0.0,-73.6814,75.21829,0.0,-0.14858116,98.81226,0.0
-34.369987,-79.46657,0.0,-44.566086,80.619064,0.0,-36.8661,20.770481,0.0
-93.86759,-84.533485,0.0,83.90024,78.21985,0.0,61.95751,-14.062909,0.0
64.296906,-68.75998,0.0,-3.8364348,-92.09421,0.0,-14.458697,82.665375,0.0
-35.25725,-51.58665,0.0,-29.493475,-20.244732,0.0,64.55068,-6.4770174,0.0
-93.29823,-62.47173,0.0,6.936264,82.93319,0.0,-88.33744,62.704144,0.0
-49.00594,-22.03274,0.0,-37.046024,66.791405,0.0,23.559566,77.2502,0.0
49.74389,-44.46705,0.0,-18.743734,-46.213493,0.0,-26.43857,-88.35415,0.0
6.7103887,-49.644436,0.0,20.272814,-50.65839,0.0,-42.391853,-39.56285,0.0
-82.416,-45.7937,0.0,28.21895,23.965616,0.0,36.37222,92.05368,0.0
61.471077,29.665821,0.0,-49.264313,42.12972,0.0,-45.350124,-45.595505,0.0
66.98932,-57.1167,0.0,19.403524,-12.502916,0.0,62.077965,-23.679161,0.0
-75.07951,-86.46082,0.0,13.884011,15.969481,0.0,63.693485,-1.6440722,0.0
-96.48699,-18.976513,0.0,-46.817036,-49.635124,0.0,-16.509195,22.832104,0.0
92.85897,74.057976,0.0,-47.671944,-21.550018,0.0,-1.9833493,-76.820244,0.0
-97.348274,88.65534,0.0,-91.41075,-47.793507,0.0,14.061395,95.7878,0.0
-48.737553,-80.43042,0.0,-52.180298,-93.31265,0.0,91.56263,-19.913118,0.0
50.126614,32.316086,0.0,14.376231,-81.096634,0.0,3.4153285,19.725965,0.0
50.345352,97.3698,0.0,-41.81913,54.552597,0.0,13.209532,80.17947,0.0
-2.3702595,-52.46655,0.0,-3.9401991,-52.526016,0.0,-83.79681,72.87488,0.0
-76.35029,53.505665,0.0,-61.079193,82.16334,0.0,-94.149506,95.24237,0.0
62.774117,34.280647,0.0,9.601425,-98.1258,0.0,-8.740186,13.973422,0.0
-26.971737,-5.6749697,0.0,-3.6958668,-99.59431,0.0,-5.267668,92.19814,0.0
-8.5134945,-38.454926,0.0,-31.065695,-37.020367,0.0,99.91256,-81.875015,0.0
91.80339,91.16489,0.0,-45.71489,-90.29749,0.0,-69.62195,76.0966,0.0
36.62284,30.003931,0.0,42.19616,23.017258,0.0,-38.180984,-53.50545,0.0
-28.089512,94.81529,0.0,-28.378181,27.176363,0.0,-12.048913,-32.487812,0.0
-44.746765,1.1853951,0.0,32.647736,-44.85523,0.0,-11.202727,86.643425,0.0
-37.85166,-31.204992,0.0,53.535797,70.06406,0.0,67.2091,-72.38239,0.0
25.809788,26.008112,0.0,17.060862,94.8649,0.0,28.922194,-3.620788,0.0
-90.19735,44.974674,0.0,-76.26817,-39.805244,0.0,19.331095,-78.01553,0.0
54.7067,7.7587614,0.0,82.41997,-93.10779,0.0,90.91101,31.904966,0.0
63.824196,57.86965,0.0,-93.19165,12.453068,0.0,42.012955,89.47364,0.0
52.69684,67.141655,0.0,-34.241238,1.1623498,0.0,11.9707775,75.24041,0.0
58.367153,22.067028,0.0,-7.972989,-85.57197,0.0,-77.62522,95.43925,0.0
84.5213,-78.73193,0.0,-37.084373,61.15563,0.0,51.21301,94.175735,0.0
-76.40183,-30.359474,0.0,-44.605194,-58.39388,0.0,-4.0153737,22.750523,0.0
59.245956,88.38647,0.0,-43.8587,57.277313,0.0,67.1979,96.22039,0.0
-37.164223,-89.734184,0.0,36.59722,77.67035,0.0,90.95406,78.010735,0.0
-37.098896,79.766106,0.0,63.412003,-49.56587,0.0,-81.627525,20.475025,0.0
-18.386501,-38.359543,0.0,-92.97478,-21.629164,0.0,-53.716053,-56.88642,0.0
57.468807,45.72544,0.0,-93.68069,68.202065,0.0,-47.984306,-88.64778,0.0
50.160954,20.38123,0.0,94.5076,-16.214489,0.0,-76.088005,-1.2638072,0.0
-97.148254,-14.672727,0.0,-19.319973,-79.929245,0.0,71.884575,-81.312904,0.0
43.3405,76.77504,0.0,77.9523,-77.13317,0.0,55.016922,27.048164,0.0
-84.86153,78.933556,0.0,-91.24701,76.041756,0.0,-65.72966,94.45084,0.0
-81.42854,13.892448,0.0,-0.95184064,-42.576473,0.0,-82.27586,21.973522,0.0
37.147697,-88.25102,0.0,45.076687,-76.544266,0.0,60.714355,-96.53582,0.0
-44.56512,46.811375,0.0,-97.31165,83.25443,0.0,-64.42301,98.60852,0.0
-0.122492604,26.735813,0.0,42.880527,-75.32987,0.0,-93.29441,-29.482523,0.0
-23.788612,-1.6227068,0.0,-33.414116,0.05740898,0.0,59.042194,88.82673,0.0
-23.286716,-30.154467,0.0,22.945797,89.15679,0.0,94.00577,7.861507,0.0
-84.95404,-30.095476,0.0,41.503338,-48.01508,0.0,96.10464,41.84561,0.0
25.357014,33.643337,0.0,-53.32531,-10.428276,0.0,-37.536743,-92.75875,0.0
9.952721,-49.79329,0.0,-20.532993,9.1423435,0.0,-43.969322,70.95053,0.0
76.38752,19.73121,0.0,74.94501,98.68821,0.0,96.08132,-47.072334,0.0
-26.991356,4.112931,0.0,7.2960343,7.928022,0.0,-54.117054,5.2887216,0.0
23.884413,8.252482,0.0,13.220483,-19.128632,0.0,13.567268,-81.34447,0.0
81.32737,0.7019782,0.0,92.76554,-97.29514,0.0,-79.55549,43.628616,0.0
-92.333496,22.085772,0.0,11.579553,-88.982346,0.0,0.16134325,25.99723,0.0
47.02079,77.63498,0.0,59.342995,-27.744999,0.0,-38.447292,0.33301663,0.0
-89.7825,12.563611,0.0,-50.879055,-86.334335,0.0,30.198359,-96.035904,0.0
64.19015,-54.440796,0.0,-1.161742,15.829047,0.0,-47.101864,-99.9726,0.0
58.781418,-97.036644,0.0,63.24803,-81.732765,0.0,-25.381287,88.1632,0.0
10.983357,23.702805,0.0,15.412169,4.678848,0.0,-40.04251,35.74996,0.0
66.57419,-77.75528,0.0,-76.293755,-33.963398,0.0,-74.95411,-99.46297,0.0
-54.817173,59.558727,0.0,50.871983,46.147976,0.0,87.80461,79.993034,0.0
6.3641453,-38.00035,0.0,-27.59446,22.902319,0.0,0.5377528,-95.60116,0.0
-30.967909,-97.00979,0.0,4.572375,87.8236,0.0,37.137794,-89.66448,0.0
60.910732,11.941543,0.0,-42.88606,40.746323,0.0,33.09783,-91.32737,0.0
87.83702,5.4409723,0.0,53.273212,-76.122826,0.0,24.01116,-92.97699,0.0
58.287537,92.291504,0.0,-22.268572,-90.3571,0.0,-48.846413,82.197845,0.0
-21.29347,-51.37772,0.0,36.491417,-88.52601,0.0,15.195619,-84.19841,0.0
-58.694286,81.463486,0.0,-96.833244,-65.50338,0.0,93.850784,16.954704,0.0
56.428036,78.858604,0.0,54.79496,-42.297874,0.0,-25.772741,-99.261986,0.0
-75.04715,-96.988365,0.0,-97.87075,-53.782852,0.0,-38.050938,-67.413734,0.0
98.819145,54.421204,0.0,64.11243,-73.504456,0.0,95.16079,-46.70963,0.0
-83.56175,74.35335,0.0,18.177832,87.25491,0.0,38.7815,-54.31495,0.0
64.7463,-26.011808,0.0,62.448044,-38.52194,0.0,55.1247,-5.4018297,0.0
15.637303,79.362816,0.0,-70.496826,-75.994286,0.0,62.002106,31.88398,0.0
-42.183247,79.873985,0.0,9.20198,99.994316,0.0,-97.936264,-89.94144,0.0
-82.44578,24.036095,0.0,-83.0217,23.035126,0.0,-89.99921,78.43016,0.0
58.874283,23.04163,0.0,-60.565605,-89.803535,0.0,-98.398346,-45.823467,0.0
-83.93613,-4.623033,0.0,-22.86113,14.206241,0.0,-36.280937,47.276276,0.0
73.673965,27.503036,0.0,-86.53527,-59.736958,0.0,-13.182592,-85.84987,0.0
-27.255432,-21.384163,0.0,-48.872726,12.635671,0.0,-34.28773,-30.706015,0.0
64.45404,-4.2677608,0.0,-78.5027,-92.142586,0.0,-31.767239,72.13365,0.0
-87.54778,79.36003,0.0,-75.93911,51.575768,0.0,96.8151,66.508026,0.0
-33.927544,-49.216206,0.0,-64.83577,-84.59795,0.0,-32.95145,-98.81982,0.0
-85.706635,61.99884,0.0,-95.79768,-65.155266,0.0,-31.583805,87.65807,0.0
45.10543,-47.292343,0.0,-99.53167,10.417073,0.0,-84.73934,0.026321068,0.0
-54.845936,-16.488525,0.0,-93.58469,20.772846,0.0,-98.40728,-56.90522,0.0
-43.367413,-8.577749,0.0,-47.715816,-60.363056,0.0,99.00429,85.962555,0.0
29.622175,77.73952,0.0,-25.52409,93.10993,0.0,-19.008827,34.177444,0.0
-0.91148317,30.051998,0.0,25.610088,91.28633,0.0,-9.127141,88.706406,0.0
-2.1711352,-84.92452,0.0,1.7248744,-86.29944,0.0,-89.06019,71.05227,0.0
-77.41612,78.87415,0.0,98.1216,-25.283226,0.0,-94.548454,32.109467,0.0
-29.020136,-25.39183,0.0,48.840416,85.52647,0.0,92.95892,2.1898541,0.0
-29.106495,99.0116,0.0,54.467426,31.932964,0.0,65.38855,89.77711,0.0
80.4076,26.953707,0.0,-83.33994,83.78744,0.0,20.762804,88.40779,0.0
-86.78383,-96.402306,0.0,-24.875978,17.363804,0.0,44.136066,75.139755,0.0
48.45523,23.42437,0.0,-25.970673,88.34475,0.0,30.433693,-49.738384,0.0
-68.79856,-96.28791,0.0,-43.682457,-19.68553,0.0,-16.787178,8.4698105,0.0
29.149519,-46.76448,0.0,-92.63269,10.915987,0.0,13.826681,93.93318,0.0
-18.462315,92.890594,0.0,-79.753555,95.65497,0.0,-20.601751,-94.75727,0.0
-25.996197,-79.7879,0.0,-8.875458,-35.009842,0.0,-15.714023,-97.14771,0.0
-22.546446,-91.673134,0.0,44.004414,30.97952,0.0,22.362398,28.661827,0.0
29.964542,-46.28225,0.0,19.016645,-84.79861,0.0,92.11191,-89.654076,0.0
3.6116426,9.277545,0.0,-38.16624,-95.07636,0.0,-40.927303,49.110977,0.0
6.519434,90.99757,0.0,-31.352514,-64.0489,0.0,65.73535,1.1736901,0.0
25.28096,-6.2480316,0.0,-75.86005,53.984676,0.0,30.402025,80.58573,0.0
-99.293526,-91.64736,0.0,97.22404,25.221666,0.0,22.329945,-21.385588,0.0
24.59619,-36.77289,0.0,66.772606,-43.939724,0.0,-27.63753,98.017494,0.0
51.099136,-12.386551,0.0,73.384605,22.438665,0.0,-32.07604,-40.397728,0.0
-15.733244,-37.33613,0.0,-66.68498,77.28189,0.0,-85.7184,-20.392397,0.0
93.25252,-27.497553,0.0,8.218311,-76.26534,0.0,70.700775,19.198444,0.0
-1.7627434,89.48057,0.0,-32.12674,-99.01225,0.0,-13.250464,88.5988,0.0
-44.2108,59.848873,0.0,-61.311153,94.91579,0.0,-1.0335525,-44.988373,0.0
-75.85019,53.233658,0.0,-87.40448,-13.315532,0.0,-50.26987,-22.07743,0.0
53.769394,25.038252,0.0,-78.95888,-85.13824,0.0,-84.315285,62.41507,0.0
-32.82165,97.180824,0.0,62.803627,-35.528553,0.0,9.506923,78.53171,0.0
-80.08558,38.02073,0.0,24.26749,96.21783,0.0,52.025864,-5.9666266,0.0
-35.719486,-79.36546,0.0,-82.47038,-62.145226,0.0,-73.56952,-97.781456,0.0
17.328169,-88.92394,0.0,12.508918,2.954083,0.0,-34.208942,97.0208,0.0
-44.74272,70.931145,0.0,-19.678131,22.302294,0.0,9.53723,-24.51844,0.0
-88.08764,5.4991446,0.0,84.61232,83.90454,0.0,64.52954,19.353754,0.0
18.492296,-45.411015,0.0,22.429083,89.316696,0.0,-85.051765,-52.812725,0.0
-85.69955,-23.969587,0.0,-47.983234,-66.33813,0.0,-43.09551,33.769535,0.0
-18.34901,-40.19161,0.0,19.715765,-17.265192,0.0,-78.51887,84.03765,0.0
-22.55578,31.223484,0.0,68.61242,-64.156906,0.0,52.589718,52.348583,0.0
-3.8352838,25.125237,0.0,-84.469986,-96.83522,0.0,-23.451061,-98.62534,0.0
2.9354138,27.51474,0.0,-83.12295,86.8447,0.0,-48.600327,-43.380882,0.0
43.364178,-81.3808,0.0,-49.18529,-68.31685,0.0,-7.4693975,-88.42028,0.0
-44.128555,93.04358,0.0,-47.424164,30.698954,0.0,-28.573103,-53.343636,0.0
12.362425,3.3423128,0.0,53.12782,-30.716259,0.0,59.446156,-98.25509,0.0
16.681112,10.004793,0.0,65.638725,-43.844078,0.0,-98.04892,98.70466,0.0
23.982397,86.41268,0.0,-53.731316,82.49838,0.0,-2.2412987,-53.264435,0.0
-85.936424,-85.69005,0.0,14.088801,5.9515324,0.0,30.235481,-79.2685,0.0
62.105465,-53.470993,0.0,-26.334557,98.84972,0.0,11.218975,20.62883,0.0
99.18487,-79.19174,0.0,95.206345,51.778385,0.0,-75.33979,9.841227,0.0
94.56645,72.764565,0.0,-25.633883,28.659155,0.0,-90.27274,78.37986,0.0
-91.22758,52.758026,0.0,-24.244974,-49.774338,0.0,42.56326,27.22686,0.0
76.06069,87.54637,0.0,69.164314,68.32377,0.0,0.7621321,-96.56488,0.0
-88.46213,88.834,0.0,65.627785,-35.709755,0.0,-70.49008,87.99077,0.0
-49.01147,77.98974,0.0,36.541092,82.23728,0.0,-49.06472,-24.40333,0.0
-76.227394,3.211139,0.0,-39.52358,-52.32952,0.0,-36.754414,-19.798132,0.0
90.50619,-20.2178,0.0,83.36387,18.870161,0.0,-2.405071,97.12612,0.0
13.601645,-94.35188,0.0,-64.46935,-94.31009,0.0,-78.529564,-36.38199,0.0
-15.051059,-76.7259,0.0,-52.08696,-29.13366,0.0,67.217,9.565794,0.0
-81.69665,93.39082,0.0,-91.378,15.96281,0.0,51.617424,17.859667,0.0
94.966576,-29.13021,0.0,-75.8677,-59.89686,0.0,90.8982,21.302639,0.0
-69.41553,88.45712,0.0,-54.753105,17.177073,0.0,7.2434225,-97.35364,0.0
-33.027115,91.54639,0.0,13.721896,-17.104887,0.0,-48.56111,95.19121,0.0
-94.89072,-23.197124,0.0,-92.04954,-41.046936,0.0,28.356285,85.44509,0.0
18.79861,-19.057514,0.0,85.77751,22.558743,0.0,23.113712,91.835075,0.0
-1.7110759,21.764645,0.0,-79.3437,-20.771563,0.0,-13.08014,76.32331,0.0
-96.59898,-90.94578,0.0,80.14862,27.053848,0.0,-43.716026,58.56182,0.0
-7.5177927,-44.636703,0.0,-45.441486,-21.331562,0.0,5.0215707,-99.98545,0.0
-16.419981,95.104965,0.0,-85.64178,-29.059925,0.0,-28.85786,-76.968956,0.0
-90.02836,-20.861336,0.0,-80.39667,78.29354,0.0,-93.33965,50.800804,0.0
95.82635,-61.89687,0.0,-23.952711,-24.945057,0.0,-77.78261,-81.60246,0.0
-30.572002,8.157363,0.0,77.27273,12.1162,0.0,-37.655064,-72.43202,0.0
-78.371735,63.454914,0.0,-29.588299,5.661985,0.0,2.5849574,19.199741,0.0
15.545634,-7.593423,0.0,58.070004,94.08993,0.0,-66.17454,-92.02034,0.0
-76.15448,4.4154143,0.0,-79.759445,-10.474034,0.0,-37.79585,63.36157,0.0
29.461763,13.816045,0.0,22.861393,24.11799,0.0,22.868134,-93.57089,0.0
10.039594,-49.46935,0.0,-97.04014,95.52068,0.0,-26.581308,-11.604028,0.0
93.82387,-81.80749,0.0,69.32334,20.240292,0.0,18.904957,25.078096,0.0
-50.213787,50.372753,0.0,93.91327,-87.65338,0.0,-23.528494,97.51489,0.0
12.249842,86.85831,0.0,-53.092384,-26.032677,0.0,-76.260025,19.334341,0.0
79.43927,79.32883,0.0,45.797222,93.34829,0.0,-77.28182,13.375942,0.0
-19.42888,7.662657,0.0,-1.7054541,-48.33328,0.0,53.54011,-34.256714,0.0
54.045883,-24.964872,0.0,64.235466,-39.64921,0.0,-38.11731,-49.574196,0.0
-51.1238,20.618473,0.0,91.737076,8.323337,0.0,-46.557114,60.856853,0.0
63.313206,97.62059,0.0,60.886223,-4.628761,0.0,-23.372213,79.347046,0.0
-62.80325,93.38802,0.0,91.08095,47.318695,0.0,-92.800514,-72.13906,0.0
-78.399315,12.644397,0.0,-93.35519,-21.892916,0.0,53.93909,-34.72042,0.0
-80.25692,94.19145,0.0,56.09673,33.279327,0.0,97.57259,39.789215,0.0
88.85736,5.6554265,0.0,-14.344313,-89.55964,0.0,86.78241,83.37685,0.0
61.202133,92.69964,0.0,65.73495,-21.214117,0.0,-44.98352,15.325573,0.0
-6.928674,-97.76002,0.0,54.719437,-27.032377,0.0,-32.10447,56.88015,0.0
97.40599,-20.85033,0.0,-52.175358,80.18964,0.0,-10.482548,-93.04988,0.0
-27.156471,-44.398594,0.0,-57.624187,95.7193,0.0,70.34011,79.01066,0.0
-86.219,85.49601,0.0,-42.26777,-52.80087,0.0,-52.807762,-67.08701,0.0
-83.63356,-75.693344,0.0,63.595207,63.271053,0.0,64.3871,18.885561,0.0
-98.96648,-75.94692,0.0,94.99941,-53.903297,0.0,-93.278564,32.510475,0.0
-4.997692,-76.57674,0.0,50.76222,7.2123656,0.0,23.543652,87.49973,0.0
31.62864,-52.924957,0.0,-76.147415,-34.46412,0.0,42.818695,-42.86934,0.0
-14.174789,-84.40007,0.0,93.37254,-52.368214,0.0,-34.47806,10.772116,0.0
91.04642,-25.492313,0.0,-46.669163,-84.780815,0.0,-34.240482,39.677853,0.0
5.917174,24.378838,0.0,-96.583954,83.41211,0.0,-77.164925,-16.430937,0.0
-95.01527,20.154963,0.0,-35.712444,19.676243,0.0,-41.206932,97.553314,0.0
-20.56231,24.065245,0.0,-81.54316,99.80106,0.0,-51.911102,77.46892,0.0
-30.284407,75.19185,0.0,13.724259,3.6747992,0.0,-96.37082,22.92982,0.0
-40.893604,72.39791,0.0,98.94036,-2.2994463,0.0,29.49621,29.918835,0.0
55.550133,16.739517,0.0,93.307076,64.35463,0.0,57.189514,-20.380962,0.0
-38.379734,-6.8602986,0.0,-31.8997,3.7663965,0.0,-56.11394,96.64865,0.0
62.442574,64.918755,0.0,-26.367573,-19.56394,0.0,11.612238,15.180456,0.0
-39.03501,-95.428635,0.0,-33.61779,37.05056,0.0,95.57813,37.671265,0.0
36.899426,23.19039,0.0,-47.331856,2.6165593,0.0,-70.97988,83.10245,0.0
17.765667,6.785321,0.0,-8.591006,-32.921883,0.0,21.492262,-10.397011,0.0
98.15065,55.5023,0.0,-7.6905637,15.35543,0.0,-45.618687,81.3168,0.0
-92.92566,82.33413,0.0,-11.60123,-92.49222,0.0,74.6437,23.44315,0.0
59.68344,21.826841,0.0,-91.52112,-33.46078,0.0,86.35538,-76.93576,0.0
-31.692892,8.861049,0.0,3.737586,82.20244,0.0,-31.953636,41.504356,0.0
60.809982,72.43538,0.0,-77.49813,81.109726,0.0,-48.10515,-34.28332,0.0
98.0084,96.97255,0.0,-30.97008,73.92487,0.0,-52.548737,84.01827,0.0
-96.66225,-68.12143,0.0,98.33178,-73.71865,0.0,-12.762618,8.485226,0.0
97.54946,-17.706366,0.0,23.889978,23.270906,0.0,77.534706,24.190903,0.0
-84.004654,-27.656805,0.0,89.994934,-85.7088,0.0,-77.46648,98.8206,0.0
66.734634,-7.135473,0.0,8.818652,-91.3232,0.0,-79.42024,-5.290074,0.0
90.622215,-42.204494,0.0,69.45743,-85.942406,0.0,3.8488066,94.3282,0.0
-92.941,-99.55565,0.0,67.69428,-98.38036,0.0,88.49515,99.13349,0.0
98.572525,2.8848803,0.0,-41.38857,81.90443,0.0,-24.830057,-18.146,0.0
68.00494,-62.178444,0.0,-83.39914,17.65933,0.0,-37.412006,-52.032223,0.0
-32.603836,-59.083126,0.0,-92.28321,32.477337,0.0,63.114048,-81.51685,0.0
26.250162,-29.831259,0.0,-34.32606,27.04305,0.0,-85.77116,57.442486,0.0
76.14049,30.593035,0.0,89.16456,32.456886,0.0,52.455368,97.0061,0.0
-86.756546,-4.3791566,0.0,-42.94444,82.64983,0.0,-97.37144,-5.9213414,0.0
63.682575,-60.3477,0.0,24.74069,-82.58274,0.0,13.839434,76.6228,0.0
56.15601,95.85331,0.0,17.692532,97.6309,0.0,96.38382,18.439802,0.0
73.61776,27.5765,0.0,67.037834,-62.10343,0.0,77.02705,87.4454,0.0
-67.73256,-98.88952,0.0,-27.31849,-23.567282,0.0,-6.183658,-80.57553,0.0
28.218874,13.348103,0.0,25.658434,20.373302,0.0,-79.97783,22.553625,0.0
56.245594,73.638306,0.0,-1.3390002,10.054087,0.0,-93.73367,-14.301472,0.0
52.82747,73.45469,0.0,-20.407276,19.561003,0.0,-65.82662,84.26094,0.0
98.16547,-77.81979,0.0,95.20365,-71.735664,0.0,56.47416,57.73424,0.0
-63.718117,81.71252,0.0,53.210354,58.263268,0.0,49.982292,-77.914406,0.0
-51.462162,2.0730457,0.0,41.48787,-46.852383,0.0,70.89946,0.22966702,0.0
-13.817676,-51.609497,0.0,42.437584,-51.9301,0.0,-98.897804,94.48173,0.0
1.4672465,19.402906,0.0,52.39296,93.11565,0.0,44.457027,-91.02304,0.0
37.134895,-87.16753,0.0,37.529984,-89.915855,0.0,51.434753,13.110209,0.0
17.226126,-15.360453,0.0,-51.867672,-43.992935,0.0,-80.38471,47.3591,0.0
-33.96483,-94.98533,0.0,64.4405,-69.667595,0.0,-36.762436,-83.46329,0.0
-39.401024,45.820297,0.0,-50.71183,-85.46603,0.0,64.10744,4.1789336,0.0
72.719765,27.954723,0.0,-81.93476,-78.23282,0.0,52.169403,78.5892,0.0
-80.7862,-94.86382,0.0,-88.26888,43.080215,0.0,-48.680702,80.14169,0.0
22.507133,-34.05022,0.0,-15.323162,14.446026,0.0,66.23424,-79.17252,0.0
-50.058384,83.27492,0.0,-83.96473,-71.65045,0.0,-10.3407955,-82.73475,0.0
29.071955,-99.59436,0.0,-95.753456,-79.43131,0.0,94.70348,64.38988,0.0
-43.139,-4.526794,0.0,68.17135,-25.593824,0.0,-44.594982,-37.76471,0.0
59.86095,-13.012737,0.0,99.174644,24.60723,0.0,41.943195,-85.41161,0.0
68.69946,72.4519,0.0,62.47552,70.64113,0.0,54.48525,27.55712,0.0
-31.840645,15.890629,0.0,-78.90301,9.471085,0.0,20.095543,28.459896,0.0
-20.378191,-40.866524,0.0,-78.57659,31.514,0.0,-12.851437,17.343086,0.0
71.55324,99.40248,0.0,-23.703548,-86.157555,0.0,8.654565,6.4763174,0.0
-41.709923,65.13723,0.0,-64.38405,81.3408,0.0,-44.4207,43.30084,0.0
72.71935,99.670654,0.0,55.052704,49.275005,0.0,93.41821,-23.869244,0.0
-95.99941,-81.21703,0.0,91.11815,-1.3484933,0.0,-82.981895,63.159294,0.0
57.390385,83.00065,0.0,66.140434,75.516624,0.0,-18.30958,-45.857887,0.0
7.3605394,6.139077,0.0,-32.437355,-2.6830144,0.0,-45.172546,82.022194,0.0
21.968723,-31.266893,0.0,-29.846521,-48.119442,0.0,95.30112,-44.781914,0.0
-41.461834,30.509754,0.0,-44.34955,22.215088,0.0,-30.036308,-90.30967,0.0
-30.438362,-34.758217,0.0,58.929398,-59.490334,0.0,-98.43067,-31.8611,0.0
-90.13024,81.90635,0.0,-45.596775,32.48874,0.0,-93.015274,32.398712,0.0
44.728333,-91.385506,0.0,-6.5778823,-86.595215,0.0,64.583405,-31.544704,0.0
23.177114,90.832466,0.0,-46.80574,-48.635166,0.0,-39.16801,76.27327,0.0
-9.430787,22.381586,0.0,-30.717472,53.312935,0.0,-29.25667,-42.69862,0.0
-75.50139,16.846798,0.0,57.446583,57.37658,0.0,-2.8571537,-45.9164,0.0
7.2846074,-33.686096,0.0,-85.017815,-30.070364,0.0,76.298004,29.065918,0.0
-85.03856,0.6297217,0.0,-34.102814,-72.36931,0.0,-86.1467,41.43109,0.0
58.341732,54.227753,0.0,-39.38393,-22.333553,0.0,-73.69604,-85.101555,0.0
-77.85805,2.7672157,0.0,93.51828,59.25769,0.0,-49.90832,-11.035162,0.0
26.002243,89.07901,0.0,31.223614,-81.208145,0.0,-98.72642,73.926414,0.0
-50.74831,-65.9702,0.0,-37.84123,-8.34211,0.0,-96.45432,42.47294,0.0
-54.549038,-23.802986,0.0,15.7003975,-37.390312,0.0,-85.285034,-0.5155019,0.0
12.126053,93.26498,0.0,17.438885,-32.709084,0.0,-50.050556,-19.919409,0.0
84.37572,77.5739,0.0,91.372025,-9.219037,0.0,-98.202805,-73.162865,0.0
-23.340626,10.226598,0.0,-1.6703118,17.022617,0.0,70.585205,-77.94091,0.0
29.155811,-13.701479,0.0,-88.65006,52.62455,0.0,3.8580914,-95.61597,0.0
-94.25247,-43.986584,0.0,-95.14963,36.670464,0.0,17.543745,-84.03601,0.0
-14.22991,-94.30976,0.0,-29.549316,-15.914221,0.0,93.04673,-96.40837,0.0
92.10126,-74.847595,0.0,-75.1364,-54.542767,0.0,-98.5998,62.250904,0.0
-82.92458,49.947193,0.0,80.966125,83.74675,0.0,99.12003,-56.088566,0.0
91.32294,-36.471947,0.0,-16.005478,93.93243,0.0,-78.785194,-75.048515,0.0
-33.962315,-39.35199,0.0,-30.379541,-83.23772,0.0,-61.77185,-86.62314,0.0
15.179065,99.73513,0.0,-97.00098,27.922596,0.0,58.655575,-92.49522,0.0
53.751762,84.89845,0.0,-99.37849,23.946909,0.0,26.42944,93.79354,0.0
-75.379974,-32.588593,0.0,-89.630585,-8.749076,0.0,64.474174,-56.49883,0.0
40.125916,34.027565,0.0,-68.53369,-93.7383,0.0,-30.451992,40.7664,0.0
17.886227,82.24241,0.0,-80.30242,60.733906,0.0,2.6367247,-78.28203,0.0
53.342026,51.00047,0.0,-55.723465,-83.321556,0.0,91.32868,96.62637,0.0
-86.810326,-0.5383439,0.0,67.65419,70.019005,0.0,56.94633,35.178825,0.0
60.198387,-28.442554,0.0,-25.803476,-41.881027,0.0,-33.78716,6.3283267,0.0
-48.32034,-41.92004,0.0,-48.392803,1.3457171,0.0,51.917213,-65.74666,0.0
24.0535,-15.724924,0.0,-83.98898,-49.313374,0.0,-39.504192,-29.932875,0.0
5.9430647,20.30297,0.0,-10.584597,-88.64963,0.0,-85.17924,98.454895,0.0
41.263317,-50.692513,0.0,-31.138832,-15.819968,0.0,4.759555,-47.938465,0.0
92.762314,7.9838786,0.0,98.77467,-39.455486,0.0,-84.21677,-32.878387,0.0
-61.671234,93.486115,0.0,15.909463,95.948906,0.0,-97.62487,-7.5246325,0.0
15.978287,34.703907,0.0,-85.44515,98.75215,0.0,92.90962,-87.15743,0.0
47.273743,-92.569695,0.0,-92.095245,72.11903,0.0,22.125278,-31.730503,0.0
19.90913,25.687216,0.0,53.538822,90.764305,0.0,59.6447,-16.277761,0.0
-14.3431635,-95.4791,0.0,62.64234,39.38551,0.0,-23.592676,3.5831215,0.0
38.514603,78.23482,0.0,-51.27329,-74.18708,0.0,-83.264534,-30.158669,0.0
-26.804659,-46.777454,0.0,-76.6442,-6.8654075,0.0,-65.00427,95.08397,0.0
62.81474,27.84991,0.0,98.56092,-99.6349,0.0,-48.33736,14.394796,0.0
69.74378,-86.91065,0.0,15.5074005,10.981987,0.0,-5.9327216,-92.74073,0.0
-5.1485276,-99.11818,0.0,-47.839977,-40.01772,0.0,-17.245726,-94.72291,0.0
91.354935,-34.13617,0.0,7.0052695,78.78314,0.0,-45.919834,83.77257,0.0
67.78633,66.36667,0.0,59.321842,-33.22605,0.0,64.66716,26.719187,0.0
-82.142136,-19.814163,0.0,3.1929693,82.97654,0.0,-33.17319,-86.69301,0.0
46.547825,-52.530296,0.0,-10.197032,75.12887,0.0,92.622086,27.062004,0.0
21.86775,-2.33776,0.0,-45.621563,25.670267,0.0,-86.078926,46.310608,0.0
-32.545483,-67.156876,0.0,15.738208,83.6436,0.0,-1.5532471,75.09918,0.0
67.50798,9.452641,0.0,80.41661,-91.475296,0.0,51.126835,54.04348,0.0
-8.398927,-37.55915,0.0,-90.41211,80.338776,0.0,-44.077694,60.485115,0.0
96.66665,55.591873,0.0,88.659065,3.0152466,0.0,6.9443946,-88.021095,0.0
10.204876,-45.632637,0.0,-33.893078,-22.312292,0.0,-50.70385,76.96273,0.0
-42.402824,-48.387207,0.0,-98.178635,50.743908,0.0,-35.040638,-96.929115,0.0
-89.18794,-92.847824,0.0,99.736855,-31.914423,0.0,-75.90697,99.206024,0.0
70.63547,13.659795,0.0,80.23958,95.215836,0.0,93.581635,15.261429,0.0
68.200806,-71.372795,0.0,-14.86883,-82.763435,0.0,50.852875,-47.71306,0.0
-9.16554,-38.511395,0.0,-89.84824,-56.716164,0.0,-5.5071707,30.320353,0.0
66.80873,-52.315773,0.0,68.81754,1.156754,0.0,-50.209923,65.35825,0.0
2.0334976,-77.759865,0.0,44.15583,20.579634,0.0,68.64431,68.53737,0.0
0.55608594,78.16362,0.0,5.70172,95.29808,0.0,-30.505854,-81.09384,0.0
-93.30038,32.154644,0.0,-90.328964,-12.54099,0.0,28.74363,-77.72036,0.0
-58.327694,82.20278,0.0,-42.571644,-95.81213,0.0,-92.48935,52.255287,0.0
52.15541,19.997637,0.0,10.181151,-76.96079,0.0,99.053665,-57.64178,0.0
-17.531576,-32.9598,0.0,96.72592,-96.03731,0.0,-52.800293,84.70416,0.0
43.530598,24.198965,0.0,58.316204,-93.76827,0.0,79.06947,-75.36161,0.0
13.167238,75.83691,0.0,-89.02302,-53.012135,0.0,61.094677,-51.02963,0.0
-94.98576,88.184654,0.0,62.926025,-83.03207,0.0,3.696353,34.452003,0.0
52.72437,17.990387,0.0,36.45702,-46.312496,0.0,-83.38901,61.743793,0.0
-37.43675,88.494934,0.0,90.368706,-21.859215,0.0,-29.041544,7.003688,0.0
89.44693,-75.50903,0.0,-39.521015,-52.20633,0.0,-52.29755,55.600006,0.0
27.742403,-8.751073,0.0,63.03441,-2.2387898,0.0,-91.145966,-89.95081,0.0
-50.28018,33.342926,0.0,52.017746,92.55141,0.0,-88.07187,89.71005,0.0
-83.888115,1.8218967,0.0,-46.05302,-63.306744,0.0,-47.955624,95.38563,0.0
-36.89645,-22.33495,0.0,67.428894,-46.87931,0.0,-1.6207143,99.5417,0.0
4.005303,-82.07239,0.0,-78.327736,24.043264,0.0,-86.67219,-42.462788,0.0
-92.95621,25.726667,0.0,66.956535,83.92606,0.0,27.167505,-84.53519,0.0
-32.44508,85.54524,0.0,49.390812,-49.959595,0.0,17.095419,10.003686,0.0
20.085125,6.348053,0.0,-9.676575,30.178062,0.0,-40.4798,12.085795,0.0
55.002636,-72.80272,0.0,-0.517737,-40.824722,0.0,-47.10494,-28.10183,0.0
-49.85796,-92.4432,0.0,17.863663,-42.379604,0.0,-79.85976,71.86812,0.0
-30.637033,87.39161,0.0,62.614433,44.789085,0.0,9.271221,86.27888,0.0
-29.272808,-44.002556,0.0,-6.296632,-41.775124,0.0,58.004414,33.98939,0.0
-42.033062,34.37091,0.0,12.5846615,83.43547,0.0,-2.2671423,15.47689,0.0
-90.35462,-66.787964,0.0,-86.15339,-53.08882,0.0,-40.319637,72.41048,0.0
-77.584854,-18.088644,0.0,-51.43291,28.364561,0.0,-94.408806,-96.86918,0.0
-97.67167,6.4593697,0.0,28.607267,12.820033,0.0,69.88436,-27.992615,0.0
-53.79896,-20.050112,0.0,43.59019,32.377827,0.0,-43.88817,61.753845,0.0
44.87477,-47.44052,0.0,66.35789,-9.164647,0.0,95.38648,13.793764,0.0
-43.065746,-78.976585,0.0,31.081032,82.85039,0.0,-98.76322,93.57469,0.0
70.01797,84.19081,0.0,49.440067,30.372746,0.0,-44.853928,68.82493,0.0
-49.2707,-39.70259,0.0,-49.89237,-36.968044,0.0,62.287197,37.89578,0.0
44.27192,23.93611,0.0,-42.638763,-30.55342,0.0,38.632187,-89.74569,0.0
-34.97796,-12.779995,0.0,28.992092,-91.9533,0.0,10.166899,15.49875,0.0
26.41182,-16.315454,0.0,-78.41273,-27.454313,0.0,-76.60257,-77.66038,0.0
-53.9203,66.64256,0.0,4.749171,-97.49647,0.0,-46.149143,-42.4374,0.0
-48.60026,-34.846203,0.0,-39.617233,4.2231216,0.0,-13.875294,30.169327,0.0
-72.455,-94.0481,0.0,56.954437,-6.329241,0.0,71.51361,90.81769,0.0
-90.49701,-69.17167,0.0,66.65718,-42.88121,0.0,-31.929226,49.238605,0.0
98.26446,39.37078,0.0,80.033676,-79.42908,0.0,64.65018,18.698479,0.0
67.70941,-71.64894,0.0,99.06665,32.692635,0.0,38.83516,22.046608,0.0
-53.60954,99.97029,0.0,67.14287,-79.625404,0.0,-44.29294,56.05254,0.0
58.111916,-74.43138,0.0,0.22567119,9.968542,0.0,-35.918724,78.39207,0.0
-45.48617,-15.55927,0.0,95.15231,81.79752,0.0,-27.209612,-45.817947,0.0
99.011856,41.208687,0.0,59.471107,5.2432537,0.0,66.00938,49.26761,0.0
26.08558,80.2232,0.0,71.14187,12.479838,0.0,-18.91583,20.475044,0.0
-51.509914,98.63298,0.0,-37.64487,-11.05596,0.0,29.711884,79.24156,0.0
76.867004,-87.632805,0.0,-44.422375,-41.833466,0.0,-35.87772,86.82921,0.0
58.56825,30.825878,0.0,-23.05664,-44.05621,0.0,-85.94666,-24.627441,0.0
-81.4685,-67.43547,0.0,49.234474,93.838905,0.0,69.50423,2.4461818,0.0
8.590293,-34.457447,0.0,56.56361,2.0654242,0.0,-83.923294,-29.340094,0.0
76.15737,6.3975725,0.0,-89.63158,2.2261083,0.0,88.33517,-76.48337,0.0
63.55213,-3.6276398,0.0,-49.778313,-41.516453,0.0,16.365614,-78.059746,0.0
-95.595406,-5.260811,0.0,-1.4931599,11.076435,0.0,56.087868,25.69513,0.0
54.75014,2.2619832,0.0,52.538654,-14.960429,0.0,-28.842522,79.844086,0.0
-93.51445,-12.48744,0.0,9.049512,18.106867,0.0,30.231834,-46.731354,0.0
-47.457897,-87.29058,0.0,-40.698246,73.778625,0.0,-27.227894,16.815187,0.0
93.3909,31.476654,0.0,-66.738655,78.84509,0.0,-32.14505,20.1045,0.0
56.70676,28.834373,0.0,64.15312,-77.141914,0.0,-51.715298,9.478487,0.0
25.032343,22.892712,0.0,-43.970436,9.016432,0.0,-25.05882,-47.95605,0.0
-96.73468,-50.88988,0.0,22.683752,-93.22555,0.0,96.04551,43.275864,0.0
-47.350502,-25.923952,0.0,-22.955248,13.384816,0.0,55.145824,-56.21413,0.0
-39.933113,76.96628,0.0,-32.41311,30.24462,0.0,60.195415,76.838005,0.0
76.789406,95.66084,0.0,66.20224,90.86775,0.0,-40.093616,-39.795403,0.0
-45.72202,81.75599,0.0,-94.69009,49.070595,0.0,61.530533,-26.772324,0.0
50.703423,83.05558,0.0,-28.252962,-79.434364,0.0,54.389915,-9.4766445,0.0
-40.454597,-22.657444,0.0,27.054148,-91.02197,0.0,28.996084,-89.98109,0.0
42.303944,92.21281,0.0,65.67473,-76.474724,0.0,-32.94914,-87.6011,0.0
-78.36043,-21.744211,0.0,94.7649,59.255486,0.0,87.493256,-83.78112,0.0
57.931202,63.164524,0.0,90.96541,27.602558,0.0,-87.77249,-89.72819,0.0
-82.249855,21.319479,0.0,-0.19718808,14.544383,0.0,-23.794777,97.17577,0.0
-14.822077,-34.383068,0.0,91.134964,42.71544,0.0,-84.78928,-56.82036,0.0
36.10008,-47.60339,0.0,82.94179,96.63839,0.0,-50.920822,37.62118,0.0
53.26121,-16.900564,0.0,27.543291,-50.340065,0.0,-10.311078,84.74698,0.0
-84.37965,71.46679,0.0,92.90271,93.73093,0.0,52.202156,-55.11557,0.0
97.72476,-44.35601,0.0,-32.46001,-81.25929,0.0,-1.1253033,-83.92344,0.0
-57.333233,-93.38504,0.0,-71.11325,-89.97887,0.0,0.9905117,23.668089,0.0
-88.77062,-2.4283743,0.0,12.320868,76.87243,0.0,-96.63191,-3.367273,0.0
-8.661831,92.01886,0.0,9.961801,87.79341,0.0,-36.89493,-33.794388,0.0
-99.75675,-50.11923,0.0,16.0066,-44.980392,0.0,-86.85264,6.336051,0.0
-81.23466,-33.99709,0.0,25.909626,78.323395,0.0,59.949154,-21.30306,0.0
16.316572,91.99789,0.0,63.32275,-73.97595,0.0,-34.71413,76.54723,0.0
-76.82919,-75.489365,0.0,-16.300646,10.927096,0.0,68.02626,38.52846,0.0
16.070875,-2.5238063,0.0,-91.05117,54.58996,0.0,40.611088,-76.636665,0.0
-90.26464,-82.64853,0.0,95.77842,-19.94406,0.0,-87.51968,25.114613,0.0
-53.086636,0.41363025,0.0,62.426144,-15.486544,0.0,-71.54688,79.815956,0.0
51.61097,32.635216,0.0,96.25429,7.9819202,0.0,87.05924,-83.51743,0.0
51.859432,83.1389,0.0,54.197502,13.612897,0.0,-91.39212,-70.08894,0.0
-17.46153,-49.9484,0.0,51.196754,-13.25057,0.0,-82.68908,-34.05993,0.0
53.562664,-28.689966,0.0,-16.77147,-85.33824,0.0,-39.924156,-85.25219,0.0
-33.571873,-77.24068,0.0,98.57417,53.087826,0.0,63.570465,76.89242,0.0
-43.760036,-10.967249,0.0,-93.03346,68.63264,0.0,76.24164,26.041296,0.0
74.58239,90.854836,0.0,-82.58418,-63.791637,0.0,67.6351,7.433651,0.0
-87.174416,84.0034,0.0,86.42165,23.184261,0.0,24.080349,-95.709625,0.0
9.553574,-31.296722,0.0,28.50136,-48.902504,0.0,80.643074,-98.079025,0.0
-85.018295,16.221468,0.0,84.45678,-96.89695,0.0,-39.072056,54.530823,0.0
-79.355545,9.525548,0.0,-88.27676,97.59782,0.0,-22.730305,24.112934,0.0
-13.291776,-94.52825,0.0,43.23567,-46.936783,0.0,-90.17196,44.86738,0.0
-30.59343,-23.646526,0.0,6.185497,-87.30112,0.0,-33.42511,-55.899303,0.0
66.70108,68.02782,0.0,-20.991186,81.57537,0.0,-89.339836,-8.34165,0.0
-41.27771,-51.840935,0.0,5.514602,-45.668846,0.0,-33.56893,-90.43545,0.0
-94.21629,-78.245346,0.0,26.79641,-4.993636,0.0,-54.02119,-84.69248,0.0
-85.85059,-78.20105,0.0,92.03951,-69.47922,0.0,-93.03718,-12.752373,0.0
51.64228,-58.35613,0.0,-93.60227,-57.167824,0.0,31.498526,-84.436165,0.0
-35.272903,97.29812,0.0,-31.155344,-43.916298,0.0,46.032413,-78.40648,0.0
-47.497448,7.6781764,0.0,30.666681,26.199886,0.0,-85.3985,-95.67247,0.0
-7.7870016,-84.45527,0.0,-86.10352,90.56939,0.0,93.2177,20.70959,0.0
34.968697,-81.264595,0.0,-35.801758,-94.11938,0.0,36.73612,92.46635,0.0
-33.810738,41.723164,0.0,52.405964,-19.291235,0.0,94.09344,27.086637,0.0
26.784075,-90.57538,0.0,99.172165,-58.282978,0.0,43.130775,-83.08202,0.0
-84.56415,-12.475784,0.0,-21.307674,93.14775,0.0,60.486145,-78.255905,0.0
25.002865,-8.422803,0.0,-90.629845,-78.046585,0.0,-7.9099383,84.657906,0.0
27.071316,-52.89165,0.0,71.29143,28.078861,0.0,52.722176,-22.718143,0.0
-54.77925,36.655125,0.0,-78.61305,-39.75554,0.0,50.696327,60.977055,0.0
-58.18832,-83.31032,0.0,27.32469,-31.448305,0.0,25.078302,75.325485,0.0
-51.72952,-61.568237,0.0,24.083998,4.6913614,0.0,54.32268,72.44359,0.0
51.144318,-33.64979,0.0,43.426323,-44.510357,0.0,38.021442,80.57603,0.0
94.89016,-61.208725,0.0,-26.95399,25.8888,0.0,58.078316,-37.0038,0.0
95.71533,-77.63953,0.0,-82.88635,-74.89747,0.0,-76.336464,76.10575,0.0
-0.34656978,-47.75454,0.0,-54.60349,21.4273,0.0,-43.96203,-58.551945,0.0
-97.40738,40.9915,0.0,-97.08203,36.63194,0.0,96.34075,94.223625,0.0
-95.40569,71.89837,0.0,89.74719,4.7249265,0.0,53.12104,3.9813907,0.0
99.61821,-9.732699,0.0,-95.956726,-57.469177,0.0,60.24969,50.990612,0.0
-48.863815,43.35798,0.0,32.574203,24.119987,0.0,97.787674,50.35959,0.0
-54.382057,-67.25344,0.0,36.836292,-81.51331,0.0,-90.54404,84.88097,0.0
92.04735,-26.299456,0.0,-46.705894,-62.00551,0.0,-75.8555,74.44894,0.0
59.956932,21.192417,0.0,-37.574932,-56.82578,0.0,21.853037,-19.074112,0.0
47.636395,32.671726,0.0,34.12274,24.115412,0.0,-49.46083,-24.337385,0.0
22.891825,78.62326,0.0,-87.60245,26.175709,0.0,-89.15581,30.939814,0.0
51.35834,19.036669,0.0,81.60537,21.444284,0.0,-81.31579,-73.01121,0.0
5.3713107,-50.93297,0.0,34.795803,-97.35351,0.0,-91.9813,-81.73651,0.0
61.9119,69.51899,0.0,73.32904,-85.884056,0.0,86.749725,75.26666,0.0
30.014463,21.38887,0.0,-88.70356,86.62177,0.0,20.117464,11.314299,0.0
-80.17188,-56.86136,0.0,56.524246,-1.676445,0.0,-90.43623,-10.749837,0.0
-24.265633,93.43656,0.0,-72.52333,87.97159,0.0,-26.750544,79.43657,0.0
-83.745155,-66.89442,0.0,-16.589146,82.97839,0.0,23.067495,-9.13183,0.0
-20.499243,-42.88818,0.0,55.831097,64.57759,0.0,-26.709932,-47.226208,0.0
89.93468,26.90045,0.0,57.73541,-36.742073,0.0,-89.334076,85.92254,0.0
-97.7068,27.058596,0.0,-45.1468,78.79499,0.0,-10.825394,-98.214676,0.0
16.413744,24.038908,0.0,-96.061195,-5.239448,0.0,-43.903957,-14.947464,0.0
-77.9289,-62.605556,0.0,-90.72986,99.84558,0.0,92.54685,-51.995262,0.0
97.11641,-17.2328,0.0,36.872066,83.516655,0.0,57.85947,44.456257,0.0
-51.823895,-89.24462,0.0,-17.09422,-41.843624,0.0,-30.071436,50.6503,0.0
-23.977438,-48.45952,0.0,-90.2234,91.79631,0.0,22.97811,99.079704,0.0
-42.23486,82.59153,0.0,-80.19446,22.321281,0.0,-99.84173,-13.137705,0.0
-11.176832,-43.804108,0.0,-27.285555,-49.266697,0.0,-33.579422,36.46927,0.0
-40.79731,77.004234,0.0,-78.65873,33.532337,0.0,98.67395,4.8622675,0.0
11.714519,24.885122,0.0,-54.646122,-51.587147,0.0,-46.47621,-65.11871,0.0
-8.821608,95.78861,0.0,83.680664,81.43973,0.0,35.323853,-79.54637,0.0
-91.744,-1.5732731,0.0,52.580677,12.789407,0.0,-30.276623,19.248423,0.0
-34.100166,-93.53601,0.0,19.742788,-7.7978873,0.0,56.74513,42.582623,0.0
-14.455508,93.60087,0.0,-49.285732,58.51578,0.0,-50.747967,-27.269182,0.0
72.95243,31.37622,0.0,7.684533,-79.56348,0.0,59.32261,-6.9901657,0.0
-92.94099,49.36419,0.0,20.395569,15.151376,0.0,-42.40922,-7.642593,0.0
-1.3905838,96.34981,0.0,-34.249878,-41.88872,0.0,-9.589114,18.3877,0.0
70.845245,19.066778,0.0,94.35988,-19.806915,0.0,52.719654,-22.91295,0.0
99.29243,6.814095,0.0,-56.983772,-90.4049,0.0,-1.8502535,-94.52494,0.0
-67.75641,80.81103,0.0,65.28267,-57.10439,0.0,94.98368,-62.40038,0.0
-79.10563,30.926605,0.0,-21.949812,98.151535,0.0,-18.018044,-36.486267,0.0
-21.600622,91.01059,0.0,-52.413177,18.645922,0.0,-38.974308,-19.26491,0.0
-23.366325,79.56278,0.0,-85.944916,-51.679585,0.0,60.90533,-46.230885,0.0
-89.073456,75.52938,0.0,99.730446,71.810394,0.0,-42.26161,-67.2351,0.0
-95.854126,22.881557,0.0,-93.17476,-24.164865,0.0,-95.57772,-77.275505,0.0
24.301249,-15.396312,0.0,-53.956596,-24.90036,0.0,-84.11885,35.818398,0.0
31.895224,-81.77079,0.0,20.37097,-12.545186,0.0,30.882187,86.48182,0.0
-21.592302,-83.66462,0.0,71.32067,-79.17861,0.0,-98.52647,-90.951355,0.0
26.951733,-9.019989,0.0,-20.28846,-95.419586,0.0,87.30257,28.544605,0.0
-52.08343,-58.004326,0.0,-83.74836,90.43169,0.0,52.110165,99.42359,0.0
18.28637,-22.051374,0.0,90.88814,-98.574326,0.0,-70.21629,77.26149,0.0
5.537696,8.003149,0.0,-85.27895,17.990807,0.0,56.503323,24.496883,0.0
-37.091312,87.87829,0.0,-54.293217,26.220472,0.0,-42.538025,-7.307883,0.0
57.425,-30.440838,0.0,-25.615808,97.246254,0.0,20.629192,-11.655685,0.0
50.376904,67.01341,0.0,44.299282,-45.107044,0.0,72.763824,-89.26027,0.0
76.227066,85.68286,0.0,-39.346226,69.51901,0.0,44.18149,23.4475,0.0
-47.60459,-17.327305,0.0,24.260904,-27.37573,0.0,3.0418065,-83.98088,0.0
3.7744536,-88.33395,0.0,60.54874,-80.80945,0.0,-83.49854,32.381824,0.0
-99.241516,-54.45992,0.0,46.832027,-54.223278,0.0,-79.43333,-51.921906,0.0
-85.80985,41.374565,0.0,87.15569,83.266365,0.0,-4.7398853,-38.10211,0.0
16.05041,7.5726743,0.0,-38.68238,-63.44395,0.0,-76.79743,-60.84674,0.0
-40.767326,75.425095,0.0,-41.968727,-13.786402,0.0,1.6230217,97.628136,0.0
-30.24421,-46.527004,0.0,-28.576962,-43.56634,0.0,-10.58093,18.303505,0.0
-22.994278,27.44716,0.0,-44.03546,-94.48441,0.0,66.639145,42.037533,0.0
-35.097775,62.27221,0.0,-16.857153,20.592417,0.0,-96.17209,9.598548,0.0
-93.819756,60.802414,0.0,70.75485,-97.24658,0.0,-96.39563,54.297245,0.0
-48.68497,8.988168,0.0,39.5935,-50.13348,0.0,-11.27543,23.772444,0.0
-43.851147,-52.342743,0.0,-24.902885,84.59266,0.0,-83.60738,-72.41697,0.0
33.716366,-40.08093,0.0,21.871433,-26.405376,0.0,25.51004,-81.09816,0.0
-51.853004,29.307941,0.0,-24.868708,-94.52554,0.0,59.074818,46.292484,0.0
44.678043,-41.083435,0.0,-95.91097,64.43226,0.0,62.953217,-32.849335,0.0
-47.584576,34.430252,0.0,1.5544397,16.85123,0.0,89.12442,0.9201521,0.0
32.31308,22.348577,0.0,-93.215294,-17.590998,0.0,98.73369,-88.54236,0.0
-82.36825,-1.5391983,0.0,66.00515,51.16712,0.0,-52.63382,45.402157,0.0
77.825356,98.924355,0.0,60.337234,11.750385,0.0,58.10853,-81.83302,0.0
-53.170887,-66.43821,0.0,-51.718357,41.680763,0.0,98.04211,85.39587,0.0
-77.25844,-36.797382,0.0,73.299774,6.855767,0.0,55.56776,36.294014,0.0
32.186855,99.74342,0.0,-53.526356,-92.55449,0.0,55.14515,42.08192,0.0
-45.514484,8.403979,0.0,22.65042,84.34051,0.0,-19.68148,97.042,0.0
-25.618452,-79.25432,0.0,11.217492,20.03873,0.0,83.89645,-75.95382,0.0
-85.56375,-28.80148,0.0,-49.660137,52.488785,0.0,-80.482414,50.459816,0.0
-38.16267,86.33695,0.0,36.74355,23.692665,0.0,60.316963,-25.334356,0.0
-48.704357,34.603577,0.0,-55.692238,91.23417,0.0,-92.797,-77.07045,0.0
55.757164,-39.8196,0.0,-92.338524,52.338562,0.0,-81.834885,-46.062943,0.0
-85.688225,43.811234,0.0,-98.65354,60.723133,0.0,-6.0638957,80.987434,0.0
-43.19126,-32.93724,0.0,93.85575,27.980186,0.0,-47.02971,32.10956,0.0
59.820198,39.855183,0.0,-38.527084,31.897818,0.0,24.494146,-84.69506,0.0
-34.708885,59.574142,0.0,28.262922,89.052574,0.0,5.38364,17.028084,0.0
83.151634,-92.36377,0.0,-14.029886,22.129633,0.0,3.5020044,-78.01902,0.0
68.23179,-44.90771,0.0,85.31311,28.359837,0.0,32.12265,78.61877,0.0
-30.916214,57.998837,0.0,95.32898,-94.88499,0.0,65.16247,-80.79165,0.0
47.15185,-94.844795,0.0,56.429714,30.044603,0.0,93.16624,-50.409023,0.0
-43.876015,91.94946,0.0,79.67931,81.825356,0.0,-46.064365,-55.607403,0.0
-27.343527,-93.40507,0.0,-47.10998,95.245056,0.0,-79.52987,65.83296,0.0
-88.24645,-39.280865,0.0,-10.914532,-93.71023,0.0,23.472023,79.2374,0.0
-40.346916,77.00549,0.0,88.88609,84.779785,0.0,-78.50039,-58.810833,0.0
99.60885,37.340397,0.0,-82.7461,79.3035,0.0,95.04733,-13.547206,0.0
99.03484,-47.504677,0.0,-86.86621,93.48931,0.0,-21.688187,-89.121704,0.0
56.583614,61.339977,0.0,95.368744,-61.305527,0.0,30.64321,78.27757,0.0
-34.718983,28.358665,0.0,8.861646,-90.811966,0.0,-91.9649,80.75122,0.0
-12.605882,-47.568726,0.0,58.964924,12.323149,0.0,-13.077508,-49.30817,0.0
81.73641,-90.11922,0.0,62.676765,-80.146774,0.0,-51.621567,64.94537,0.0
-41.95217,-1.5168434,0.0,-89.79814,10.498812,0.0,-97.46157,88.32099,0.0
-58.007874,-76.8385,0.0,84.44408,75.537895,0.0,88.4844,78.63833,0.0
-93.44991,67.06213,0.0,15.596427,-81.84247,0.0,-0.64298904,-50.71485,0.0
22.182863,-39.011932,0.0,-89.57267,-98.366455,0.0,29.368406,-21.484644,0.0
91.55574,-34.956,0.0,-96.58862,-91.12797,0.0,-97.75736,98.19208,0.0
17.473324,11.725775,0.0,-86.042656,-58.177303,0.0,-47.07923,2.090785,0.0
-49.44465,-64.23708,0.0,18.832417,-16.061617,0.0,60.809326,-63.844807,0.0
0.8676762,-84.81004,0.0,-12.743555,14.930612,0.0,-0.9581456,90.1946,0.0
-25.23586,-46.69026,0.0,93.80042,-93.092735,0.0,68.20988,-50.88966,0.0
40.72216,85.50628,0.0,56.904312,12.233952,0.0,-1.0439929,79.03518,0.0
54.517155,-7.127266,0.0,95.258316,9.744608,0.0,29.611145,-13.422831,0.0
60.787205,-9.403341,0.0,-80.65317,-15.659545,0.0,-76.129234,38.837986,0.0
-43.45158,-46.855034,0.0,40.34318,-94.31285,0.0,11.953328,97.04383,0.0
70.32965,21.021942,0.0,97.31672,-61.97507,0.0,93.60522,66.02376,0.0
-11.500693,28.047482,0.0,59.783825,-18.60301,0.0,14.041221,-91.89158,0.0
29.280352,20.60222,0.0,28.700197,-52.250984,0.0,-43.339916,71.09135,0.0
-54.682922,-13.317039,0.0,-92.08637,35.82119,0.0,67.853874,-37.690403,0.0
55.092724,-92.462906,0.0,-76.37616,-12.751289,0.0,83.18104,21.27015,0.0
6.6286063,99.53622,0.0,-2.3816116,88.01798,0.0,35.030792,92.08336,0.0
-74.16139,-81.19627,0.0,-63.69622,90.07858,0.0,98.21749,-13.293885,0.0
14.783437,81.891136,0.0,98.39241,7.708459,0.0,-26.199442,-1.3409282,0.0
-22.345987,20.79007,0.0,-89.69531,33.465916,0.0,-47.197285,-53.644444,0.0
13.455672,-80.91589,0.0,61.116104,-10.276233,0.0,65.79209,-49.09912,0.0
-42.720253,78.59665,0.0,-47.24509,-47.94067,0.0,17.703445,80.54616,0.0
75.293,1.2129607,0.0,0.9589776,97.01151,0.0,-27.825394,-44.646606,0.0
65.61041,-78.09024,0.0,-50.766155,-92.97118,0.0,88.87432,-78.90859,0.0
-35.80101,-56.271767,0.0,-55.438446,98.72703,0.0,-11.348008,-89.99514,0.0
21.993332,27.834454,0.0,-80.749886,-18.92447,0.0,6.012829,-45.591656,0.0
60.728573,-17.391481,0.0,-87.97034,38.249516,0.0,-91.63806,-48.44808,0.0
63.257133,-39.558296,0.0,-95.4064,98.43238,0.0,-17.435226,76.17125,0.0
-51.265556,-70.33792,0.0,68.06106,-95.02579,0.0,16.486204,-91.57893,0.0
66.82827,59.302273,0.0,-47.42557,46.827034,0.0,52.745445,31.16909,0.0
-54.698044,47.815594,0.0,48.243313,-47.013523,0.0,-28.810837,-25.434017,0.0
-38.295242,-41.088512,0.0,-49.15501,-44.81797,0.0,18.052134,-12.745212,0.0
6.9752417,-88.589264,0.0,33.664524,93.23843,0.0,91.54677,-25.676458,0.0
-44.76343,-29.43226,0.0,-30.558535,-97.61101,0.0,-85.73054,-12.727487,0.0
12.08547,2.5972857,0.0,0.4697871,-42.393246,0.0,-44.949547,-13.531799,0.0
57.644596,30.167248,0.0,20.921711,-9.18578,0.0,51.716236,44.263393,0.0
-45.39434,-25.788263,0.0,-94.3881,-19.033468,0.0,98.367935,-70.15579,0.0
-97.651825,83.19237,0.0,-46.99175,-23.650965,0.0,3.8343122,-29.581081,0.0
-51.801125,-54.19895,0.0,-53.7621,-13.295432,0.0,18.772493,-4.4030776,0.0
-52.007763,-75.61754,0.0,-66.94963,-80.55885,0.0,45.938026,-82.56985,0.0
-35.80552,18.025011,0.0,91.20263,-51.68729,0.0,96.135445,56.71233,0.0
74.95308,92.07757,0.0,96.73047,-16.947638,0.0,-44.877605,-95.303665,0.0
-94.74834,-76.70853,0.0,60.7084,75.38589,0.0,60.845222,85.28052,0.0
-98.74659,75.71213,0.0,-74.35364,81.47174,0.0,-79.22186,87.24436,0.0
-28.928638,-46.926815,0.0,-43.160435,39.378517,0.0,-44.642258,-22.249176,0.0
-33.88051,-13.647617,0.0,57.72911,77.59139,0.0,-50.98489,-48.221848,0.0
-78.90741,-6.8196154,0.0,-73.65712,-86.8916,0.0,-47.84127,68.6589,0.0
22.479362,11.45158,0.0,-88.721016,20.719091,0.0,69.19084,-38.931965,0.0
11.10541,86.84541,0.0,-52.70117,2.570948,0.0,-39.274464,3.2571092,0.0
57.942673,-99.84356,0.0,-34.132385,93.63014,0.0,-33.174046,56.63558,0.0
90.49378,75.51891,0.0,15.905459,0.11212124,0.0,-9.993199,95.72291,0.0
-42.263798,-81.7323,0.0,-94.76023,-17.392984,0.0,14.15443,92.74759,0.0
51.029766,-9.7584,0.0,11.245983,-90.378624,0.0,-30.316313,79.13465,0.0
-98.86023,75.55572,0.0,-51.60401,-19.593313,0.0,95.109406,-4.992636,0.0
-80.66306,40.359768,0.0,-51.10209,-44.664455,0.0,-10.043743,-31.207289,0.0
17.957035,-24.047182,0.0,56.1496,-36.4957,0.0,77.034294,13.311767,0.0
66.05888,-74.97071,0.0,-19.943539,86.015175,0.0,-78.49051,-43.04914,0.0
12.401741,82.53617,0.0,60.194073,-29.00593,0.0,74.165825,28.742632,0.0
-52.541965,-73.56241,0.0,-23.692179,-42.98264,0.0,31.682749,-77.50542,0.0
-96.440834,-8.074261,0.0,85.36337,-84.340416,0.0,-14.179664,-31.995617,0.0
-31.778193,-28.982357,0.0,11.247064,8.163901,0.0,37.695087,95.89739,0.0
-84.5951,17.175941,0.0,50.21424,18.036991,0.0,94.17521,77.845055,0.0
52.72011,60.311222,0.0,-7.806756,-50.472446,0.0,69.6623,-92.0704,0.0
-38.958576,16.849825,0.0,-48.210762,93.13921,0.0,-96.71599,-19.15008,0.0
-33.12714,-55.190655,0.0,98.77779,-77.76504,0.0,-4.976556,-96.51877,0.0
-42.242863,-50.28644,0.0,56.130527,-35.575447,0.0,62.77722,-12.383609,0.0
74.66006,32.74519,0.0,-34.3604,42.30631,0.0,-42.65973,47.127453,0.0
-42.01518,68.33039,0.0,32.867416,-90.13697,0.0,-96.011765,60.001396,0.0
51.497585,23.027176,0.0,-83.16061,78.685936,0.0,-36.303635,32.818527,0.0
82.52497,-88.3215,0.0,98.67784,57.4992,0.0,-26.7867,30.978184,0.0
-81.15117,-71.52215,0.0,-91.0257,68.16464,0.0,-91.74734,-48.729393,0.0
-20.074009,27.036354,0.0,17.277344,-23.278511,0.0,79.16332,3.1735885,0.0
-37.567463,-71.68163,0.0,-0.086389795,-85.43137,0.0,-53.864,-77.559746,0.0
94.682556,31.360489,0.0,-96.6719,-98.45468,0.0,29.39722,18.998064,0.0
-13.155547,8.577263,0.0,44.61896,98.327034,0.0,-91.24072,81.10025,0.0
-17.224566,23.880564,0.0,-26.14396,15.22675,0.0,13.79104,33.74645,0.0
23.129051,-88.27292,0.0,62.612377,79.91306,0.0,-13.319997,81.07047,0.0
9.3255415,-75.98402,0.0,30.824083,-41.851685,0.0,-42.059566,-26.884336,0.0
-89.53283,88.848785,0.0,88.46044,9.997634,0.0,26.673334,-33.857098,0.0
43.754578,33.94437,0.0,51.35024,52.540035,0.0,92.468605,-1.4413981,0.0
57.781963,46.764164,0.0,85.09401,-81.87662,0.0,77.822075,25.819315,0.0
-45.298412,-85.306755,0.0,-13.310841,-88.6434,0.0,80.1422,20.469576,0.0
57.23059,-45.11248,0.0,65.1201,-30.549187,0.0,-30.143381,-90.819916,0.0
76.05899,78.75925,0.0,-28.065134,1.2672771,0.0,9.277638,13.033782,0.0
50.44634,29.698086,0.0,5.442757,9.057488,0.0,-36.53282,79.48756,0.0
-96.62469,-63.391544,0.0,-68.50631,-84.61449,0.0,61.786366,57.888367,0.0
-75.274895,18.487036,0.0,-17.893105,-34.799633,0.0,62.68886,97.59918,0.0
-80.88077,88.80031,0.0,6.6144843,-81.52517,0.0,90.04347,-79.584694,0.0
-17.097797,22.184912,0.0,29.05607,-21.818464,0.0,45.080288,-75.92132,0.0
-86.09805,-27.37698,0.0,-79.38899,-33.136314,0.0,10.78865,-77.22666,0.0
52.615562,-76.76696,0.0,-88.15852,10.136281,0.0,-60.145924,-97.74351,0.0
-88.334595,-24.61893,0.0,60.35809,37.42938,0.0,-43.90345,13.246408,0.0
64.095764,-5.466076,0.0,-2.843682,28.206224,0.0,-87.4401,10.467415,0.0
-51.31693,-78.97633,0.0,-36.717552,-94.66555,0.0,69.48989,14.86484,0.0
87.41412,29.944546,0.0,98.42834,-8.27381,0.0,-98.31524,-84.40413,0.0
94.62065,-93.89039,0.0,-41.710213,-75.23645,0.0,10.690585,92.440384,0.0
14.133986,-22.426052,0.0,52.864796,-33.11725,0.0,-54.426537,-37.442314,0.0
57.708546,-99.10443,0.0,-95.56562,54.992973,0.0,-27.868534,16.947435,0.0
53.442432,55.24198,0.0,-60.593975,-76.13303,0.0,54.447685,68.15507,0.0
-54.921185,11.815268,0.0,-38.907658,69.227585,0.0,29.674358,77.75975,0.0
-99.92042,9.933627,0.0,98.21658,87.0138,0.0,-18.666954,-29.450783,0.0
75.13023,-77.17512,0.0,-29.268341,3.8490582,0.0,-15.164736,24.031021,0.0
66.63631,72.43118,0.0,86.433846,0.72172576,0.0,28.39244,-12.111366,0.0
59.246235,65.03734,0.0,-29.749321,-16.149664,0.0,-53.8648,-5.020553,0.0
-82.828545,45.528725,0.0,92.97355,-9.495093,0.0,-20.21664,27.94643,0.0
4.769812,-50.809013,0.0,-78.8723,-68.28019,0.0,-16.809475,-52.53789,0.0
-0.5776603,93.24837,0.0,95.849686,94.65931,0.0,15.786156,27.620167,0.0
-66.094795,80.183876,0.0,-82.84809,92.70693,0.0,7.2379303,-30.070784,0.0
-62.58753,-89.847664,0.0,9.153391,-48.088425,0.0,62.343956,-95.16035,0.0
98.29791,-37.082035,0.0,-54.44823,-43.979794,0.0,5.385727,16.798046,0.0
-72.14964,-77.82786,0.0,71.83747,14.138326,0.0,-82.01398,-19.775703,0.0
-30.982647,24.556223,0.0,-54.07754,-7.082236,0.0,63.300873,-62.47368,0.0
66.498505,63.02067,0.0,-9.4802885,-46.679897,0.0,19.72954,12.9461155,0.0
-81.62376,-61.580284,0.0,-61.284943,89.27023,0.0,10.174566,77.2729,0.0
-70.1766,75.39008,0.0,61.098892,-67.705666,0.0,-3.45605,95.89256,0.0
-18.810274,-32.11633,0.0,-40.140457,-36.25817,0.0,-97.78382,-70.34943,0.0
-55.102955,80.35289,0.0,93.44694,73.8824,0.0,-77.19249,74.55569,0.0
-96.879616,-45.817383,0.0,-94.52512,9.108116,0.0,-85.90303,21.751148,0.0
51.4534,-36.96801,0.0,-29.63837,-91.85503,0.0,64.69528,71.137054,0.0
32.452274,96.75039,0.0,16.145285,-15.671412,0.0,-68.95094,-75.1026,0.0
-72.15914,98.46773,0.0,35.92335,85.267006,0.0,14.31002,-83.538994,0.0
20.345112,-81.69048,0.0,77.50586,99.69223,0.0,-86.32207,49.422634,0.0
84.76376,8.256739,0.0,-48.45784,-11.872145,0.0,-76.37632,12.878043,0.0
-53.201496,-58.056416,0.0,-47.63401,62.115604,0.0,19.362087,-40.776024,0.0
-76.47648,-96.97389,0.0,-1.6661458,-96.03742,0.0,55.12682,97.57584,0.0
-75.23043,-63.341198,0.0,69.44123,-24.15277,0.0,73.42241,-90.568855,0.0
57.465424,-28.06014,0.0,62.967815,-37.09813,0.0,-98.00766,49.19291,0.0
8.316548,-80.202156,0.0,-63.429665,-92.87576,0.0,55.44082,66.949615,0.0
92.116264,-88.33147,0.0,-87.01545,99.50172,0.0,-44.577057,-91.24856,0.0
-83.10306,-27.226912,0.0,-90.76572,51.34547,0.0,-15.253977,-94.83489,0.0
-28.856018,-94.54908,0.0,-54.25454,60.48548,0.0,-93.587105,50.428314,0.0
-35.831707,2.6751356,0.0,67.45634,52.738766,0.0,-30.898352,40.704666,0.0
67.51455,-95.03464,0.0,-97.2128,58.207764,0.0,68.35586,63.07082,0.0
-90.1978,75.29249,0.0,-36.810463,-72.25639,0.0,91.776474,-80.89728,0.0
-48.996765,-36.710285,0.0,97.78423,-29.443745,0.0,-76.50776,66.25084,0.0
93.46123,-31.309345,0.0,77.519226,-75.87698,0.0,-83.50853,-11.298347,0.0
19.964882,90.22579,0.0,-82.90617,-45.3995,0.0,-45.0591,65.05023,0.0
43.126724,-54.37656,0.0,57.83185,-65.03483,0.0,94.906265,56.523735,0.0
-89.44926,52.526264,0.0,-24.580193,-75.68621,0.0,66.85987,46.37004,0.0
25.875774,17.25279,0.0,76.369064,5.64082,0.0,26.67392,5.781331,0.0
75.56398,95.66111,0.0,-34.131294,-61.56841,0.0,-58.08458,-93.559006,0.0
98.36588,23.29838,0.0,-95.64696,-24.992992,0.0,36.52439,-80.44109,0.0
-43.10337,24.51712,0.0,21.00386,-32.77319,0.0,57.890774,8.200337,0.0
98.53778,24.286182,0.0,10.75643,-97.94589,0.0,-2.113026,19.456423,0.0
29.092535,-22.407434,0.0,-43.066425,99.761955,0.0,82.25508,17.191267,0.0
-2.2377946,99.340996,0.0,-9.4533,-54.531,0.0,94.12942,-47.397263,0.0
55.888763,61.626125,0.0,-85.66784,-32.232246,0.0,-88.49646,-48.71419,0.0
55.007656,-43.524246,0.0,-40.572186,-97.44788,0.0,51.07004,26.498453,0.0
66.492325,89.69043,0.0,30.762346,85.0963,0.0,-85.84853,-42.300438,0.0
92.27286,-1.8190466,0.0,30.973095,81.02178,0.0,47.338367,-44.502213,0.0
-85.76296,22.073513,0.0,59.8367,-82.22035,0.0,53.769424,27.365318,0.0
-49.878387,-70.86423,0.0,-0.6749581,-33.55569,0.0,-93.3581,-31.339348,0.0
-14.912567,9.6764345,0.0,-34.446228,53.810482,0.0,-78.81542,-51.19524,0.0
96.41209,-47.27097,0.0,-83.2214,67.14293,0.0,34.687954,34.01873,0.0
-43.203133,-46.003822,0.0,-45.469418,-96.8881,0.0,-53.947086,-1.5772362,0.0
-90.0439,58.3547,0.0,57.302803,81.380165,0.0,95.26298,-17.105621,0.0
56.87577,12.483992,0.0,-26.232845,81.37613,0.0,-89.7472,-16.214788,0.0
-2.7181222,-89.63417,0.0,-40.046505,84.244,0.0,52.41767,59.158863,0.0
-91.557755,78.95436,0.0,-82.280876,59.8194,0.0,-36.972893,80.703514,0.0
92.424736,-5.5158777,0.0,-93.5377,85.88875,0.0,66.63603,-35.42893,0.0
97.16074,18.443785,0.0,-76.83671,1.7016405,0.0,-50.36543,20.776556,0.0
73.52853,-88.41994,0.0,-10.967877,-81.89125,0.0,69.79391,94.99964,0.0
85.2695,76.92203,0.0,93.1769,52.67312,0.0,21.074892,-30.361134,0.0
-13.303957,-42.417645,0.0,-33.053722,-83.9256,0.0,-12.802886,77.764824,0.0
-47.860466,53.554005,0.0,-32.652054,-24.310926,0.0,-13.596715,77.55914,0.0
-87.42335,41.53991,0.0,60.970623,-54.70663,0.0,-8.581643,-83.86589,0.0
-98.609314,-31.211811,0.0,9.079802,-49.450905,0.0,-43.59853,18.361422,0.0
91.387115,-28.029566,0.0,-23.765205,-37.48862,0.0,-19.092863,-42.365963,0.0
39.74247,-93.687416,0.0,-78.722855,-16.508076,0.0,39.987503,99.45931,0.0
49.217274,-99.32597,0.0,94.57094,75.34333,0.0,-25.588627,4.313648,0.0
-37.182182,-33.907402,0.0,-75.317314,-80.03006,0.0,22.039183,-90.68876,0.0
-42.486015,-25.989096,0.0,-36.347595,-37.061146,0.0,-44.775307,-46.962257,0.0
59.30972,89.51781,0.0,-24.515594,97.59782,0.0,35.28796,-42.833305,0.0
-38.517784,-31.038666,0.0,-46.988544,-86.651855,0.0,-91.016396,-13.064003,0.0
95.47138,-44.164337,0.0,-24.549034,21.78569,0.0,-60.351612,-93.69495,0.0
-36.93038,36.87525,0.0,60.726925,15.78496,0.0,-39.624058,-38.7519,0.0
45.912426,27.220182,0.0,12.638574,-53.64366,0.0,-59.224865,75.136795,0.0
-14.81361,78.55083,0.0,56.387733,38.991035,0.0,-17.99473,-43.56769,0.0
-46.97393,-58.833878,0.0,50.464207,-90.789795,0.0,-8.099174,82.096016,0.0
93.871895,35.9823,0.0,-73.82366,-82.32881,0.0,-84.70896,88.25631,0.0
2.9511697,-76.50138,0.0,86.48364,78.01689,0.0,-27.074673,2.8952496,0.0
-46.286655,-16.211891,0.0,-82.8341,40.701103,0.0,-34.513264,0.99284554,0.0
-37.609013,41.043724,0.0,-32.566,-66.94562,0.0,-97.48427,52.09723,0.0
65.11404,3.9971285,0.0,-88.32301,-30.439056,0.0,38.041298,99.24629,0.0
-37.44698,-91.39093,0.0,-85.375656,-74.68181,0.0,-42.951225,-80.91542,0.0
-50.397205,31.708347,0.0,99.48399,87.44152,0.0,26.804123,-41.47241,0.0
-31.184792,43.210907,0.0,31.508682,-90.644745,0.0,-35.973606,-21.480267,0.0
-30.27984,90.5875,0.0,57.996223,-47.531193,0.0,-33.00181,-7.168631,0.0
-85.5732,99.28402,0.0,11.122545,-93.55878,0.0,-21.740828,-24.485048,0.0
48.73117,-79.05792,0.0,24.407145,-37.22622,0.0,-78.3304,94.037254,0.0
40.286785,-50.054287,0.0,-6.3847723,-49.481556,0.0,5.425384,17.294212,0.0
-46.62238,-34.944508,0.0,55.070923,-23.97105,0.0,99.46249,55.132763,0.0
60.193012,98.94539,0.0,-97.1478,-44.631935,0.0,-85.507065,67.3174,0.0
10.307742,9.367742,0.0,-91.673904,-51.32985,0.0,37.48824,-47.454056,0.0
-79.594696,-83.91378,0.0,55.12205,-44.489292,0.0,83.83149,31.73719,0.0
-34.538925,35.835762,0.0,62.375214,-35.391438,0.0,72.74,-93.44021,0.0
59.882137,96.53235,0.0,-34.036335,94.981995,0.0,36.979343,76.05853,0.0
-97.29027,-96.08311,0.0,69.51957,-33.331436,0.0,-45.515976,48.32147,0.0
-9.354669,78.452545,0.0,-99.230316,-51.203453,0.0,-73.36499,-82.77966,0.0
65.5084,-84.62622,0.0,-94.160065,60.40342,0.0,-3.086853,-47.912575,0.0
1.0403138,78.19173,0.0,75.023285,31.549202,0.0,-54.73944,40.589302,0.0
37.834824,-53.402985,0.0,36.846645,-46.076904,0.0,59.549442,89.88533,0.0
-83.678635,-25.247742,0.0,50.73357,99.95103,0.0,99.68076,-39.447838,0.0
4.1999474,28.437387,0.0,-86.134254,3.0744648,0.0,-74.8028,79.72758,0.0
-84.49619,36.19164,0.0,-8.993285,90.18127,0.0,-28.25024,-6.75602,0.0
90.63007,-86.336,0.0,2.1089053,-38.305748,0.0,-86.4439,37.19328,0.0
99.097466,94.85073,0.0,-2.4333532,76.942635,0.0,-37.34348,29.437891,0.0
-87.395134,14.91083,0.0,32.11871,-82.00278,0.0,92.07124,-45.2666,0.0
55.6188,7.667757,0.0,92.07338,-76.53703,0.0,68.69445,-81.43962,0.0
37.317886,95.59946,0.0,-32.294094,-47.794037,0.0,-47.768597,53.343052,0.0
-64.25221,-77.59959,0.0,81.21233,26.324762,0.0,0.57369274,23.120813,0.0
-92.92241,-16.0685,0.0,24.049139,16.46783,0.0,-51.618374,-98.08486,0.0
92.527084,-26.618952,0.0,98.33612,-33.701237,0.0,-54.41805,-6.6626725,0.0
47.85668,-95.90791,0.0,-88.37544,13.2356615,0.0,54.68977,-81.103874,0.0
-0.3185431,-99.80455,0.0,-78.33376,93.23572,0.0,63.724266,-57.938152,0.0
10.447192,8.140961,0.0,45.6887,-97.399864,0.0,-38.640755,-67.566475,0.0
-41.896378,51.46247,0.0,70.68417,93.80995,0.0,77.78944,28.287361,0.0
-29.62891,34.11048,0.0,-54.502476,-31.222288,0.0,30.768373,-97.74195,0.0
-77.966034,-5.602829,0.0,-27.306282,-39.730907,0.0,84.21617,7.0102153,0.0
94.88274,-70.81619,0.0,41.59899,29.736816,0.0,18.00934,-52.07876,0.0
-52.637955,-42.9778,0.0,30.856047,-93.26494,0.0,-79.53711,-1.636489,0.0
62.45517,56.959,0.0,57.06634,74.15505,0.0,8.883735,-36.040195,0.0
33.976276,-94.516335,0.0,-81.30003,-39.574913,0.0,-44.11703,20.555986,0.0
-41.054794,-34.21346,0.0,-80.01635,-63.34555,0.0,-79.794106,34.871357,0.0
64.57039,-0.8343691,0.0,-5.1724086,-78.61027,0.0,-13.443969,26.797182,0.0
53.315712,51.714516,0.0,17.222202,27.699038,0.0,20.803036,34.348476,0.0
-76.01973,42.431103,0.0,-12.312904,81.70277,0.0,51.80532,58.013073,0.0
63.91636,7.3631744,0.0,55.83981,18.838972,0.0,-43.579014,-42.507957,0.0
96.086655,57.437275,0.0,-39.695145,-46.941647,0.0,-87.53625,-24.198452,0.0
-58.55565,-91.19487,0.0,69.32042,84.39987,0.0,63.770237,84.16816,0.0
-75.09558,4.251937,0.0,-81.224724,-36.507076,0.0,-35.806164,17.64961,0.0
-20.3943,-47.230587,0.0,-89.3453,-12.95113,0.0,-86.88809,92.75761,0.0
93.86852,-61.57532,0.0,-0.954155,-54.55717,0.0,-89.28747,-72.71914,0.0
-43.972427,5.771982,0.0,97.522,64.55852,0.0,11.204695,-94.91229,0.0
22.308296,-35.576145,0.0,-63.23313,-96.0649,0.0,64.15216,-67.59136,0.0
32.352474,-52.94306,0.0,55.893944,30.571636,0.0,-82.99021,-80.478355,0.0
16.746967,22.241568,0.0,77.44596,-95.68593,0.0,-41.986008,-61.03394,0.0
-88.63177,20.541206,0.0,-72.045654,-83.84246,0.0,44.233124,85.48189,0.0
-45.717426,91.71779,0.0,82.48364,-96.41405,0.0,12.784056,34.331745,0.0
-80.60528,-48.533566,0.0,9.094669,-50.947628,0.0,67.042564,-26.806416,0.0
29.670834,-53.313457,0.0,-98.50321,-49.904682,0.0,-45.710175,34.39743,0.0
-22.861021,-47.707706,0.0,97.75098,-68.87247,0.0,19.830166,-89.40764,0.0
-87.26702,0.96977854,0.0,-2.4037027,95.2834,0.0,95.32532,-74.20111,0.0
-58.211143,-86.27675,0.0,-46.71032,99.30318,0.0,51.40589,-62.908142,0.0
-52.897713,-55.215168,0.0,94.38443,97.26438,0.0,-33.368465,25.891823,0.0
69.00604,75.56761,0.0,27.623468,-84.35894,0.0,92.749626,49.80141,0.0
17.448072,-81.93311,0.0,59.81774,-79.91207,0.0,-29.93467,98.82112,0.0
-44.467834,-21.087492,0.0,-87.959335,83.85395,0.0,-48.504974,71.47463,0.0
4.853608,-84.64117,0.0,93.84041,-70.10784,0.0,16.058846,-36.62939,0.0
52.19632,56.913036,0.0,93.233536,5.695149,0.0,95.906265,-91.16491,0.0
-64.88158,75.076164,0.0,-50.778393,26.418514,0.0,-93.66808,71.79403,0.0
-82.49325,-58.010143,0.0,-96.35336,28.849598,0.0,-40.98689,49.16853,0.0
73.2454,25.195526,0.0,32.79288,-75.52936,0.0,-24.953192,-15.486449,0.0
-78.53528,-78.187874,0.0,38.047073,-54.4344,0.0,97.40654,-48.519733,0.0
-17.088469,95.714355,0.0,75.92933,7.9664335,0.0,-90.92018,22.345785,0.0
-10.753079,18.734251,0.0,-93.11742,-64.86172,0.0,31.604494,-44.73673,0.0
64.7493,-40.20192,0.0,94.74978,73.656044,0.0,95.20588,-23.17779,0.0
-5.500488,76.06323,0.0,-88.334915,60.764366,0.0,63.52528,-3.6562886,0.0
-96.99995,17.609056,0.0,-30.59268,2.3182855,0.0,-39.10204,-2.6363132,0.0
-38.895042,-1.1152731,0.0,-76.771385,35.922607,0.0,-76.76848,-16.874561,0.0
-46.724503,55.07295,0.0,27.76052,90.58427,0.0,49.188595,-82.37018,0.0
60.146603,77.20338,0.0,-32.488277,-48.595673,0.0,-6.4417257,-39.206875,0.0
-51.525185,24.715927,0.0,-88.19342,-6.9707127,0.0,96.0354,98.07799,0.0
92.06522,60.403847,0.0,99.586845,-72.81916,0.0,-52.979404,16.593588,0.0
-61.46623,94.6351,0.0,-47.613926,84.559006,0.0,-77.291374,51.691456,0.0
-48.41037,95.998535,0.0,-0.65922576,-99.94166,0.0,92.43149,-32.67135,0.0
-53.749447,8.320214,0.0,57.186802,-27.655066,0.0,-37.08483,-67.24334,0.0
-54.471615,83.27633,0.0,31.279316,-88.12411,0.0,-99.069595,-80.001,0.0
50.661995,90.334946,0.0,-26.43322,-44.003067,0.0,92.54345,-64.18225,0.0
-94.46298,97.28052,0.0,54.881657,-96.29763,0.0,21.529623,-14.234059,0.0
-93.57688,-6.522549,0.0,55.995586,53.485954,0.0,68.51694,62.088562,0.0
42.014175,-43.905193,0.0,73.687294,-80.6572,0.0,-67.36665,91.594315,0.0
-28.184462,-51.782528,0.0,63.66557,-34.726826,0.0,-19.8628,6.044498,0.0
-30.314562,-42.854767,0.0,-95.52801,-5.6646943,0.0,-7.318855,91.88031,0.0
47.99308,28.618446,0.0,68.869026,65.92336,0.0,99.5658,-34.4249,0.0
-94.98787,-68.09569,0.0,27.623173,-33.462864,0.0,-52.134266,-6.7986703,0.0
-62.018818,95.23221,0.0,63.260056,-18.898449,0.0,10.264364,21.195042,0.0
36.19316,89.488556,0.0,-96.39078,66.50454,0.0,-50.84478,-48.955956,0.0
22.64409,-44.498917,0.0,60.37806,-6.1363926,0.0,21.63029,6.4598427,0.0
-95.96255,46.47741,0.0,18.212605,-30.80442,0.0,-75.65475,21.414165,0.0
14.200434,86.829605,0.0,17.941914,87.162636,0.0,96.32248,56.919384,0.0
-76.67618,-21.690683,0.0,-49.284786,-58.017406,0.0,20.515558,29.484806,0.0
-94.32265,-47.346474,0.0,-48.84736,-25.301424,0.0,-78.16397,27.985659,0.0
35.814312,-51.403717,0.0,-45.574123,66.22015,0.0,71.92253,29.808464,0.0
-93.991776,-33.41403,0.0,-4.279431,11.623467,0.0,-74.312996,-97.234406,0.0
-78.46275,30.3005,0.0,24.383848,-34.516438,0.0,-31.96684,21.35014,0.0
14.841548,-75.34412,0.0,91.487,81.516174,0.0,-90.720474,78.4276,0.0
-76.958115,64.98512,0.0,55.874306,60.725906,0.0,66.97807,-38.650654,0.0
16.04694,31.753416,0.0,96.32013,32.40369,0.0,-96.617584,80.61462,0.0
-97.62528,46.040142,0.0,-82.704994,-61.09955,0.0,-36.182827,-47.240215,0.0
-20.398596,22.277878,0.0,-97.10999,77.09584,0.0,-49.147873,18.998495,0.0
-99.04912,22.384855,0.0,58.74532,70.2196,0.0,-4.8640733,78.422966,0.0
23.791546,12.628087,0.0,-97.87132,20.992231,0.0,42.990353,92.940384,0.0
71.02809,77.72804,0.0,-9.352495,88.47191,0.0,65.66597,-15.069695,0.0
43.535366,-80.35944,0.0,-98.37773,91.56955,0.0,-40.843296,-17.97865,0.0
-35.049217,-58.33064,0.0,-82.46228,40.392426,0.0,-94.966095,96.38119,0.0
92.350296,64.668465,0.0,28.922804,-33.89838,0.0,38.189716,99.85087,0.0
-95.386086,-70.77928,0.0,28.905489,84.878044,0.0,-97.36683,76.18034,0.0
-34.99959,-35.28519,0.0,56.260456,-65.3568,0.0,91.8361,-74.04844,0.0
-1.1884292,-96.823364,0.0,-12.046939,-83.88994,0.0,-51.83532,-2.4565892,0.0
56.865,-64.01311,0.0,-14.94084,-27.719837,0.0,-51.974243,86.27097,0.0
20.696661,8.325995,0.0,-92.52321,61.120693,0.0,98.01769,-94.818016,0.0
-73.47598,78.792625,0.0,-79.90937,-47.913364,0.0,5.926209,-78.10496,0.0
98.63953,62.20763,0.0,-41.033833,75.80164,0.0,94.68478,84.91905,0.0
-41.781082,77.74318,0.0,97.52477,26.405182,0.0,93.33925,-26.7955,0.0
59.638763,28.82939,0.0,0.20919825,-82.29138,0.0,-50.221294,-59.291786,0.0
26.146502,33.02768,0.0,-48.893,-37.7938,0.0,30.67641,-95.79178,0.0
83.28845,20.879808,0.0,54.734966,11.425553,0.0,-90.16589,-35.331257,0.0
-29.007847,-42.671448,0.0,-28.869307,85.29835,0.0,90.06931,90.55153,0.0
49.13427,27.12275,0.0,-45.415016,95.538,0.0,-57.714676,-92.82375,0.0
97.85294,-63.816345,0.0,84.16014,97.51065,0.0,-41.821903,-70.91244,0.0
25.387041,30.33911,0.0,7.025536,-36.691372,0.0,61.692307,96.96261,0.0
-17.26229,-26.377703,0.0,50.122097,-85.296005,0.0,-46.161385,19.917742,0.0
62.079334,53.71711,0.0,58.45195,-40.247944,0.0,44.064022,79.98278,0.0
7.3344736,-80.00601,0.0,-52.801723,51.96107,0.0,-99.69413,-95.98925,0.0
-28.486765,-2.5459342,0.0,7.601126,-85.26591,0.0,-62.336357,93.14686,0.0
-80.88847,6.097454,0.0,89.99418,34.33981,0.0,-97.55068,-35.102287,0.0
83.96925,9.288787,0.0,-13.708682,-85.4093,0.0,-77.8507,31.152678,0.0
53.64888,91.002464,0.0,55.420715,-9.0624695,0.0,-17.086916,28.090899,0.0
-43.273273,-59.550823,0.0,-78.24974,52.422554,0.0,-95.486664,99.941605,0.0
-78.46717,71.151764,0.0,97.071,13.200627,0.0,64.99664,52.285213,0.0
-53.073334,-48.08015,0.0,-27.635796,81.234,0.0,12.78107,6.189521,0.0
60.882484,24.286566,0.0,-97.43682,41.27944,0.0,-85.14909,63.181435,0.0
61.708042,-20.383244,0.0,62.20591,-77.07874,0.0,17.011862,-35.58289,0.0
-34.792423,-75.13147,0.0,17.608856,-80.5106,0.0,25.36157,84.437645,0.0
52.56214,45.732624,0.0,60.11751,-4.5743046,0.0,-60.256195,80.323044,0.0
92.367836,32.350113,0.0,-86.82634,-4.263763,0.0,-30.124426,56.624207,0.0
-77.36995,-9.123046,0.0,49.038216,26.714245,0.0,30.471466,-48.443317,0.0
-41.114326,-95.858185,0.0,60.752705,14.295294,0.0,-49.747383,67.67436,0.0
-97.139786,61.41797,0.0,-86.72571,-43.569157,0.0,-52.78968,-76.80651,0.0
37.98561,99.64299,0.0,-10.813351,-33.115154,0.0,10.363464,-92.05365,0.0
29.09875,-31.220947,0.0,51.075386,47.350548,0.0,65.49414,-34.38996,0.0
22.069063,-0.40414286,0.0,-99.07275,13.216136,0.0,77.205826,-88.089676,0.0
-73.96319,-90.57143,0.0,-34.37353,42.776054,0.0,23.4502,-1.7666724,0.0
-75.59851,-86.45215,0.0,-80.4653,-78.467834,0.0,47.632256,97.5587,0.0
-87.546616,-18.827957,0.0,52.597034,-92.34295,0.0,-11.563126,-35.411438,0.0
24.414797,-17.05638,0.0,81.8808,92.802246,0.0,-43.12353,97.56915,0.0
-16.164341,-84.19308,0.0,-51.97727,-94.90361,0.0,47.314262,83.11694,0.0
56.89318,-8.055172,0.0,-25.688478,-31.078714,0.0,59.360806,-11.334195,0.0
-29.601223,81.9788,0.0,69.54743,98.531746,0.0,12.938043,20.921955,0.0
28.173605,-19.847042,0.0,56.727436,98.66636,0.0,-82.99712,-39.395935,0.0
-11.296386,31.189507,0.0,1.0351715,-85.84328,0.0,15.115699,-19.416939,0.0
-47.88791,82.51296,0.0,-14.34415,30.351496,0.0,28.611475,-38.877476,0.0
-38.008102,34.733055,0.0,-35.26526,-75.559456,0.0,-79.85962,-14.925785,0.0
-40.73721,35.794495,0.0,-86.64749,34.9927,0.0,58.315826,70.7962,0.0
11.257895,17.062742,0.0,67.438644,-32.817417,0.0,-28.004246,-39.56226,0.0
72.46358,0.9934192,0.0,55.812172,-43.215454,0.0,82.78832,-88.67496,0.0
34.796844,-53.639046,0.0,-89.66116,-83.62777,0.0,-46.8659,10.679012,0.0
-76.6838,-51.68683,0.0,-28.33828,-81.12444,0.0,-37.90879,-46.85367,0.0
16.975946,-43.690693,0.0,-21.691973,76.19783,0.0,-33.710747,-40.289787,0.0
3.2074103,34.362522,0.0,-48.472855,-7.8786826,0.0,-82.248116,-76.02414,0.0
-81.7031,-65.38592,0.0,-19.680262,-88.60451,0.0,64.48794,-98.381134,0.0
-88.31573,47.32893,0.0,32.881363,-81.948364,0.0,24.654623,26.699926,0.0
25.762995,-22.312576,0.0,97.001434,26.248566,0.0,-3.5935073,-99.7614,0.0
-31.825737,51.765476,0.0,-92.42381,-66.78293,0.0,-77.23421,-1.286412,0.0
-48.53559,-72.001175,0.0,82.964874,-92.16475,0.0,68.96031,10.985226,0.0
-9.609067,33.898125,0.0,56.76604,-69.72009,0.0,-45.969685,-97.60142,0.0
-11.869059,90.61347,0.0,-66.907974,97.89939,0.0,-77.54325,14.909393,0.0
-38.374165,97.08647,0.0,40.85276,91.52454,0.0,-75.74003,16.178656,0.0
-19.672802,-97.26127,0.0,97.62076,17.015882,0.0,-50.87214,-28.069372,0.0
-91.123085,62.1445,0.0,13.113122,-34.081303,0.0,90.66941,-61.19167,0.0
-9.754318,-76.23161,0.0,-81.100464,30.753822,0.0,-16.91508,21.978321,0.0
80.85098,22.331274,0.0,-24.21337,-21.598957,0.0,-34.340576,-80.38141,0.0
-85.80293,58.34108,0.0,21.153852,19.62349,0.0,66.7832,21.940207,0.0
-75.870445,58.35301,0.0,60.904186,8.210697,0.0,-38.5995,15.874583,0.0
-35.423325,30.16559,0.0,-98.514496,-66.38468,0.0,-49.419144,94.12471,0.0
-92.22592,36.71616,0.0,53.483444,1.8995285,0.0,45.597595,-76.95805,0.0
73.43878,26.798689,0.0,-45.900223,-94.223175,0.0,-89.0277,-72.98342,0.0
86.57948,33.47294,0.0,52.678627,-21.241339,0.0,-7.112741,90.73654,0.0
55.844833,-57.48449,0.0,-51.571747,82.68177,0.0,17.608381,-79.01453,0.0
-51.130787,-29.511654,0.0,-96.26069,-11.155134,0.0,-84.06591,58.994545,0.0
-33.344685,96.3139,0.0,53.62552,-40.740105,0.0,17.195272,-48.297653,0.0
-88.266495,42.392117,0.0,-5.703628,-81.84185,0.0,-76.24167,31.279757,0.0
-37.62879,-59.361477,0.0,-32.55018,13.745515,0.0,-11.236977,76.24721,0.0
34.803288,-81.23202,0.0,80.118904,30.271423,0.0,-28.129251,75.70825,0.0
-36.031193,-58.44458,0.0,56.425877,-14.429108,0.0,-40.102764,51.946766,0.0
58.821438,18.553438,0.0,-53.43102,-97.70727,0.0,-34.729652,16.502396,0.0
-20.650955,15.045167,0.0,-80.16921,-77.69967,0.0,-84.25952,-10.298848,0.0
13.118147,-0.30792436,0.0,53.96418,-65.707634,0.0,24.89458,79.90269,0.0
15.460151,-38.79824,0.0,-87.87452,-13.785193,0.0,-14.429164,-51.059006,0.0
-76.00015,8.436717,0.0,-22.883987,20.559362,0.0,-36.34057,22.288853,0.0
-5.8296146,29.86209,0.0,-94.42578,47.195084,0.0,67.23346,-42.19568,0.0
-76.11949,-35.41172,0.0,-14.42028,-36.96418,0.0,87.7911,-95.43406,0.0
-2.8356996,-34.793655,0.0,27.39156,90.82742,0.0,-45.777756,47.428608,0.0
-13.88312,8.282982,0.0,14.004864,-89.389946,0.0,94.87746,88.99348,0.0
-5.7410116,88.21646,0.0,-30.28459,79.58696,0.0,-16.254171,-83.5167,0.0
2.088187,86.2574,0.0,-44.89762,17.027176,0.0,11.970745,-34.80239,0.0
-76.41643,-38.634056,0.0,-46.930042,-38.851055,0.0,52.466686,29.172123,0.0
51.577454,89.374504,0.0,-31.250032,-60.37478,0.0,-88.26927,-61.853928,0.0
-21.665716,2.6041925,0.0,45.40833,-47.95435,0.0,-2.6698864,-48.483135,0.0
-51.251358,96.58661,0.0,-34.443336,24.253845,0.0,-32.226997,91.51065,0.0
57.217148,-96.0804,0.0,-16.865576,95.47524,0.0,48.02429,85.322205,0.0
-35.459175,-60.344936,0.0,-51.423016,43.32878,0.0,-46.412178,46.523487,0.0
-51.69671,5.9531546,0.0,99.871826,43.04522,0.0,83.34992,90.09891,0.0
-47.122112,34.0784,0.0,19.414385,11.694827,0.0,-97.35099,95.39178,0.0
-55.37947,81.79856,0.0,-28.09677,6.447892,0.0,-76.89653,40.3386,0.0
-40.15099,3.516616,0.0,24.208035,78.67572,0.0,-78.6751,12.387955,0.0
28.055481,-38.922108,0.0,-31.945484,-35.051403,0.0,-22.86929,97.58661,0.0
34.03671,-98.34789,0.0,-75.387245,-68.44898,0.0,59.538544,-10.004822,0.0
42.91191,80.4381,0.0,-50.536224,-21.519455,0.0,66.866516,-86.864944,0.0
4.3772607,84.171074,0.0,99.119125,22.225794,0.0,-36.259674,-52.353348,0.0
-98.57414,-27.03348,0.0,-25.351631,-35.827103,0.0,40.997875,-82.93364,0.0
54.834244,91.53383,0.0,-51.966602,-36.09179,0.0,83.85769,-83.08975,0.0
9.0008,-98.06797,0.0,-95.56697,-55.294033,0.0,60.317753,74.757904,0.0
69.086044,-74.61201,0.0,-82.534035,-96.46853,0.0,8.508852,99.92339,0.0
84.538414,-76.31273,0.0,-93.41268,-77.619415,0.0,-32.064137,58.181828,0.0
-84.12468,88.22832,0.0,-99.802155,60.90264,0.0,-5.8948574,-32.08592,0.0
-95.91984,-60.691566,0.0,-88.03268,-40.41954,0.0,-94.968285,-92.07462,0.0
-89.36467,93.62533,0.0,-69.64746,83.6462,0.0,6.0341716,82.07056,0.0
-47.942955,48.034866,0.0,-6.4977446,-51.38976,0.0,4.327732,-94.36265,0.0
-46.377056,-69.612206,0.0,26.401865,90.988716,0.0,-49.966362,92.820366,0.0
-97.63898,96.12602,0.0,-91.463165,11.046077,0.0,-84.95277,-60.56237,0.0
-45.61021,90.44952,0.0,85.286415,89.58857,0.0,57.709454,-87.70142,0.0
-26.714619,-45.58131,0.0,-81.37627,36.013157,0.0,-30.544235,-66.70819,0.0
46.1306,-45.975098,0.0,-77.554565,28.001205,0.0,-45.743336,55.20939,0.0
15.648107,29.572317,0.0,-40.032375,-39.05847,0.0,-29.678476,-20.515137,0.0
-51.41419,-38.963165,0.0,-39.946682,43.958965,0.0,50.55397,53.340435,0.0
-81.67944,-0.77785265,0.0,-36.046356,1.5926007,0.0,2.3729482,20.941774,0.0
33.821835,-53.971607,0.0,79.926285,-78.8652,0.0,36.86103,90.576294,0.0
-53.219654,26.938725,0.0,-47.707775,-85.43322,0.0,52.149708,-86.41795,0.0
53.394432,-71.68388,0.0,-97.260704,32.846607,0.0,-79.13162,-1.6346458,0.0
88.387184,-79.65713,0.0,-46.15733,-85.275764,0.0,98.21941,-67.36396,0.0
-48.473255,-6.768558,0.0,-94.25993,-37.877155,0.0,-41.28504,-54.957676,0.0
-93.25468,-20.433357,0.0,94.79534,-19.06419,0.0,44.41517,-79.2054,0.0
-73.04161,76.32784,0.0,52.590984,-27.233274,0.0,-96.32121,35.56022,0.0
55.13088,-37.026936,0.0,56.27115,46.50148,0.0,-82.30596,60.972965,0.0
-32.812855,43.697495,0.0,40.07582,23.101156,0.0,-38.698784,-77.721794,0.0
66.91384,36.8264,0.0,-33.236023,10.081475,0.0,-99.9406,46.56183,0.0
-90.43989,-82.012314,0.0,63.74958,68.75341,0.0,-37.092297,2.5564966,0.0
-79.05398,78.31788,0.0,-2.6835241,-97.38611,0.0,12.701925,98.92819,0.0
-48.119602,-37.810017,0.0,-4.165594,89.777405,0.0,81.81723,88.542534,0.0
-90.11839,-34.040226,0.0,20.331219,-23.591087,0.0,61.217613,15.345309,0.0
51.05909,80.066124,0.0,18.447409,31.279139,0.0,93.77699,16.40544,0.0
59.10268,70.16728,0.0,20.93346,-38.844784,0.0,-10.682493,-78.80425,0.0
73.3398,6.7628584,0.0,65.30974,-14.724791,0.0,69.69982,54.78109,0.0
13.117937,-42.390873,0.0,-88.02418,-62.782597,0.0,56.26313,-6.59166,0.0
-92.69515,-18.803865,0.0,-97.238106,92.43943,0.0,23.650667,-84.14292,0.0
54.247623,-82.56141,0.0,67.47809,-89.0219,0.0,-14.575516,87.203445,0.0
55.07073,-10.3882885,0.0,98.99621,-86.213585,0.0,-56.12608,-90.67987,0.0
-63.535557,87.65548,0.0,92.60947,-29.68927,0.0,-88.23561,-93.63739,0.0
1.1126043,-76.66482,0.0,90.5724,-46.072063,0.0,89.66516,34.69975,0.0
-23.197664,85.33849,0.0,22.784252,-96.45019,0.0,-78.51433,-41.881935,0.0
-37.686268,86.57147,0.0,23.098734,10.405197,0.0,-15.816719,19.592499,0.0
-90.07558,99.71118,0.0,-27.074558,11.544306,0.0,44.779934,28.856588,0.0
61.294155,98.240456,0.0,-23.977005,31.76228,0.0,-35.80896,-88.33816,0.0
52.94602,52.32972,0.0,52.238155,33.490944,0.0,22.37075,-80.3341,0.0
59.112,-53.87997,0.0,-54.740627,28.857868,0.0,-46.11604,33.352642,0.0
42.033344,-90.26188,0.0,70.059074,-85.82077,0.0,-91.54917,-23.328026,0.0
22.257828,-43.550533,0.0,66.80726,-37.63566,0.0,-90.56425,-75.30866,0.0
63.692886,-52.468098,0.0,40.651714,-80.957726,0.0,48.78202,99.062546,0.0
69.53246,-32.14389,0.0,98.270485,-25.64467,0.0,91.85166,78.68007,0.0
98.831436,-62.053463,0.0,-87.510574,59.885723,0.0,9.804783,93.24366,0.0
52.201138,-94.79951,0.0,-19.336794,-39.005753,0.0,-78.37347,31.713087,0.0
-46.042694,-6.5082564,0.0,-85.106094,-82.93342,0.0,-83.39044,28.05955,0.0
-50.638416,77.34541,0.0,-87.35552,-88.03356,0.0,-23.117352,-80.81641,0.0
93.242485,99.54417,0.0,-1.3967066,20.344349,0.0,87.63385,99.83298,0.0
-95.06886,63.9992,0.0,52.211884,-85.5888,0.0,-88.95586,62.568638,0.0
61.036854,71.77172,0.0,95.132126,-8.416012,0.0,53.865616,-3.4095984,0.0
-76.34453,94.298805,0.0,56.055138,-2.7639003,0.0,98.41205,60.8231,0.0
-35.06923,-14.24548,0.0,92.90087,-14.685527,0.0,56.234966,20.485825,0.0
-54.881195,37.49682,0.0,34.344772,77.7658,0.0,65.12245,-9.890201,0.0
95.363144,-90.4193,0.0,-46.885986,18.602194,0.0,-2.160636,10.655692,0.0
47.414574,-94.98105,0.0,99.108,67.049995,0.0,30.582804,-52.150227,0.0
96.686584,-95.29129,0.0,86.56912,99.389114,0.0,-51.92546,57.674095,0.0
78.56022,10.089574,0.0,-24.214983,90.56524,0.0,-50.81667,-8.860746,0.0
-48.77027,-45.25291,0.0,-75.3805,-95.042786,0.0,65.700806,25.408949,0.0
-67.800964,-90.60854,0.0,78.097786,23.640173,0.0,0.8617364,-79.97143,0.0
67.18993,22.277502,0.0,-90.45638,45.78987,0.0,1.191707,-45.087746,0.0
-86.89666,81.72355,0.0,-47.623203,-44.938534,0.0,1.2707852,80.874886,0.0
64.46705,70.625786,0.0,-24.645184,-31.635584,0.0,-47.805008,66.7463,0.0
59.1039,28.303757,0.0,80.2827,30.872355,0.0,11.403149,-23.242092,0.0
-40.52316,-80.47082,0.0,70.07254,1.6064422,0.0,-76.09422,-29.831793,0.0
-89.63284,93.74155,0.0,67.136826,-41.019142,0.0,9.826138,-88.928215,0.0
87.08914,19.685991,0.0,-43.65266,-84.73935,0.0,30.615044,-84.74999,0.0
-77.25093,72.071266,0.0,-98.393166,43.864822,0.0,-14.340211,-76.344894,0.0
81.630905,20.39855,0.0,-32.221016,16.53562,0.0,79.6024,-94.46607,0.0
35.789608,30.318083,0.0,18.24714,-47.723587,0.0,-37.551632,-14.652474,0.0
-51.478462,33.787025,0.0,-11.626377,-49.26083,0.0,21.067362,-44.0983,0.0
13.712925,-28.61935,0.0,-85.9343,41.302017,0.0,24.22917,7.88964,0.0
17.791174,29.8086,0.0,8.746396,-77.97705,0.0,-83.89205,83.806015,0.0
58.04942,13.512041,0.0,-78.68852,-5.0825315,0.0,-81.49596,2.7041357,0.0
69.77278,0.35343453,0.0,29.358732,-10.400144,0.0,-88.95783,-56.408596,0.0
-98.43558,-97.87827,0.0,-13.390925,-87.51894,0.0,29.135214,3.2669435,0.0
-82.20548,-54.6864,0.0,18.409569,-17.2854,0.0,25.526953,-22.676455,0.0
-51.79127,75.520935,0.0,40.34455,81.70526,0.0,-36.20144,70.06709,0.0
86.99193,98.06385,0.0,15.173227,-21.941288,0.0,69.42459,-31.490602,0.0
56.266407,16.465048,0.0,-77.41949,85.91817,0.0,96.69443,-19.50421,0.0
46.05783,25.036121,0.0,-90.36544,67.54361,0.0,-77.574776,-81.39785,0.0
-86.941246,49.706394,0.0,57.652,81.39604,0.0,-33.48624,26.683828,0.0
-98.00079,71.90336,0.0,-80.89271,-40.67199,0.0,-90.65299,78.89874,0.0
-91.25758,-76.93961,0.0,40.379684,-89.08739,0.0,-99.119995,-21.380783,0.0
67.20405,-12.331874,0.0,-36.252644,-15.864039,0.0,-52.49098,-8.464849,0.0
27.509552,10.410529,0.0,62.98514,16.702291,0.0,-46.352028,59.243168,0.0
-50.125294,-68.59394,0.0,-94.75214,95.30609,0.0,51.69995,-90.078995,0.0
-93.07811,-19.388401,0.0,66.82112,-89.34106,0.0,-46.39843,-7.4099145,0.0
68.23813,39.5613,0.0,41.885696,-91.71892,0.0,-76.74382,52.904377,0.0
61.65659,23.679512,0.0,9.494672,-27.692179,0.0,51.27689,29.942772,0.0
52.65409,-95.09423,0.0,-19.087492,-41.827904,0.0,-32.52137,43.032677,0.0
67.35985,27.389912,0.0,0.87374413,-47.169716,0.0,-96.16027,9.498735,0.0
-34.721138,41.062668,0.0,60.63503,77.96938,0.0,31.43635,-54.809807,0.0
-41.26486,-81.922516,0.0,65.95804,59.88022,0.0,52.269333,62.825104,0.0
49.792603,-97.533714,0.0,-93.69035,89.74888,0.0,6.6570873,97.04657,0.0
-48.8498,43.565136,0.0,53.657616,42.666416,0.0,11.186944,-97.88883,0.0
-48.427086,82.79556,0.0,85.00379,18.643091,0.0,-54.554996,15.512897,0.0
-95.33938,-47.802177,0.0,-15.416547,-80.80621,0.0,51.59908,57.502914,0.0
-89.94463,28.294353,0.0,95.67845,50.810314,0.0,-99.031876,-13.392455,0.0
-38.857758,-31.935163,0.0,-62.793888,86.885414,0.0,94.75112,95.77099,0.0
-94.62356,-60.94165,0.0,66.58403,76.22801,0.0,-22.124294,-76.00126,0.0
-69.36894,87.111916,0.0,-51.00031,72.952576,0.0,98.28349,31.383442,0.0
50.293915,99.31406,0.0,92.76196,-35.421352,0.0,28.352207,8.157314,0.0
14.213171,30.825583,0.0,-58.452633,85.990685,0.0,-92.232925,-11.777798,0.0
-90.301636,51.655155,0.0,-23.873217,14.880165,0.0,14.12062,-79.590256,0.0
-45.680717,-66.791405,0.0,68.123375,55.22893,0.0,68.61874,11.60602,0.0
87.24471,89.18659,0.0,-49.78842,61.01919,0.0,-44.30464,-8.292038,0.0
12.136846,7.601207,0.0,-4.499133,-31.771858,0.0,96.2246,78.00176,0.0
80.9914,76.79945,0.0,-54.189445,-29.051704,0.0,-44.70564,-56.16525,0.0
-51.979584,29.55847,0.0,26.278807,-36.606564,0.0,24.744062,-88.50507,0.0
-39.765312,-73.48554,0.0,93.442276,46.129726,0.0,48.393326,32.62601,0.0
-93.44365,-94.112366,0.0,23.025888,85.421875,0.0,-29.171461,-11.580806,0.0
-22.396114,22.809309,0.0,-43.58439,34.23588,0.0,-85.86791,-68.0902,0.0
67.46702,7.833299,0.0,-45.392056,-35.226498,0.0,-20.562557,-35.24421,0.0
84.477455,-83.53074,0.0,2.233345,94.41216,0.0,56.363598,-84.18354,0.0
24.80791,84.166954,0.0,-33.781605,98.96681,0.0,82.06464,14.239965,0.0
-54.863037,-18.834986,0.0,50.753414,67.37003,0.0,-93.28388,12.8998165,0.0
-93.10464,-93.07048,0.0,14.094619,76.62803,0.0,17.939556,22.380615,0.0
70.1054,97.1431,0.0,9.701668,-84.646675,0.0,92.969215,-21.543615,0.0
-99.841225,-12.097921,0.0,-89.07299,20.68808,0.0,-38.81282,-20.983597,0.0
49.444412,27.881773,0.0,-45.3834,-28.686497,0.0,18.71036,-86.74642,0.0
68.75179,64.939964,0.0,-33.401554,67.907234,0.0,-17.153969,-83.46274,0.0
-3.376709,19.75055,0.0,92.87678,52.928795,0.0,-24.988787,-24.189121,0.0
26.105236,14.2589445,0.0,-29.115906,-35.06554,0.0,-83.51707,0.28238183,0.0
-35.52588,-40.75132,0.0,-2.63028,-44.709232,0.0,3.1883996,22.7009,0.0
15.387281,-87.66546,0.0,99.08536,-22.621616,0.0,-72.96934,98.97943,0.0
-4.133921,-32.245743,0.0,61.43095,-3.8871245,0.0,62.10246,-98.7805,0.0
33.612003,81.528824,0.0,94.58706,-65.661064,0.0,96.927345,97.81135,0.0
-32.763084,66.96172,0.0,-35.907402,77.26856,0.0,-52.495094,70.46493,0.0
61.92018,-44.77518,0.0,55.42315,-91.57304,0.0,78.94253,31.904173,0.0
97.44197,24.81492,0.0,54.46548,-34.693462,0.0,94.01348,-45.557816,0.0
6.810685,95.86048,0.0,78.051216,92.93469,0.0,12.851123,-84.830894,0.0
28.686796,3.1491916,0.0,51.678333,-33.532677,0.0,67.993355,34.326557,0.0
75.2629,-77.25614,0.0,-26.849392,-36.735348,0.0,50.860096,-35.67018,0.0
-37.577896,61.316402,0.0,-43.508896,1.58551,0.0,-98.64524,-52.321953,0.0
1.5044197,-50.765438,0.0,-97.126076,13.014454,0.0,-86.66956,25.192488,0.0
33.84009,76.71688,0.0,91.42956,-5.446641,0.0,-63.266636,-89.38609,0.0
-11.57021,22.468433,0.0,95.18337,-26.921028,0.0,38.07865,96.12214,0.0
90.287964,52.341583,0.0,-12.744662,92.220345,0.0,-26.23352,-25.579271,0.0
50.29681,-72.00261,0.0,-46.687454,29.267456,0.0,77.738914,90.88189,0.0
40.5084,22.333862,0.0,-49.20403,41.237404,0.0,-69.373024,-81.77051,0.0
99.102806,-8.490224,0.0,-28.38322,23.905857,0.0,-95.63884,-64.28824,0.0
-14.32253,32.913334,0.0,-86.82472,-23.691088,0.0,61.387802,32.42165,0.0
-80.985634,43.291763,0.0,61.736916,46.270542,0.0,62.45282,-56.68167,0.0
-49.83563,51.118126,0.0,-58.135788,94.76558,0.0,-73.10027,-76.940346,0.0
-50.515263,16.788542,0.0,-31.75792,-1.5479685,0.0,90.822395,57.690517,0.0
-88.72764,-57.30339,0.0,-16.798424,-40.462444,0.0,-55.087933,97.86448,0.0
-97.840096,-15.828739,0.0,-89.20798,74.06091,0.0,-53.463745,-5.3009057,0.0
-99.90849,6.8891826,0.0,-25.926584,91.05464,0.0,-76.01139,-7.615206,0.0
-38.55392,-48.104256,0.0,50.28001,-18.636316,0.0,91.65963,26.803751,0.0
-26.44717,-41.222916,0.0,15.457579,-18.34146,0.0,-31.554903,12.317703,0.0
47.706364,30.683493,0.0,35.291622,84.555,0.0,51.36995,-13.749644,0.0
-34.611233,-43.86002,0.0,-28.87985,80.695206,0.0,38.21723,-86.92461,0.0
49.878716,21.348862,0.0,-75.05642,-38.83707,0.0,-33.544533,3.9805815,0.0
-44.678318,-97.24601,0.0,-78.91315,16.223928,0.0,64.02917,-63.02688,0.0
58.096245,80.35334,0.0,-95.03465,-72.73055,0.0,99.57611,-11.62103,0.0
63.068203,85.052635,0.0,19.288807,16.552488,0.0,99.83646,-68.89882,0.0
13.510331,-20.779797,0.0,-86.818924,65.436134,0.0,-86.588326,18.33527,0.0
-38.744312,-55.277092,0.0,-98.15483,54.008694,0.0,-20.629385,28.692713,0.0
-51.989113,87.8884,0.0,-91.4029,76.915474,0.0,-95.08599,79.30137,0.0
88.70276,27.723618,0.0,66.724495,1.4263402,0.0,33.49973,22.404139,0.0
-37.58071,-89.57715,0.0,-31.963343,-62.330845,0.0,70.703255,79.94954,0.0
-50.37216,97.44873,0.0,-0.6085126,21.85613,0.0,20.849138,30.010834,0.0
63.621372,96.48916,0.0,62.42515,84.0619,0.0,58.455994,-18.394691,0.0
-64.98847,94.74585,0.0,54.81013,-24.771235,0.0,-97.947235,37.154842,0.0
65.860115,82.052895,0.0,78.962456,77.96521,0.0,97.35763,-93.69687,0.0
-35.9146,-93.06462,0.0,-54.805527,-17.739546,0.0,77.997246,-92.4273,0.0
58.69548,77.071625,0.0,42.270634,87.987564,0.0,50.714516,-1.7954448,0.0
1.3761865,-31.592836,0.0,-8.618173,34.428734,0.0,97.15052,-14.60483,0.0
79.69443,20.309284,0.0,-60.28425,82.297516,0.0,-83.50464,44.46727,0.0
-53.31441,-2.715165,0.0,70.409546,-80.77877,0.0,27.208244,-3.8849425,0.0
-75.93034,58.285454,0.0,63.83834,-46.541595,0.0,-97.3737,19.40241,0.0
-79.54321,37.16779,0.0,37.945934,84.648384,0.0,66.794266,-54.78713,0.0
55.117855,-87.428444,0.0,-65.54295,-92.375305,0.0,97.166985,93.706314,0.0
55.305275,-60.595047,0.0,-37.28239,-55.710014,0.0,-28.959114,-5.9208975,0.0
5.8392177,99.86028,0.0,25.544775,-35.391464,0.0,-9.547813,33.777752,0.0
-6.3720074,-92.83514,0.0,97.335335,84.63777,0.0,63.683163,-13.266417,0.0
69.89927,-89.29337,0.0,67.962105,-33.12075,0.0,95.6628,1.302341,0.0
52.744854,95.791824,0.0,-3.3968263,-95.95235,0.0,-87.10653,-0.8824828,0.0
12.604891,19.999407,0.0,-95.218735,-90.880104,0.0,12.127066,23.139944,0.0
22.88118,-7.1955104,0.0,67.571526,26.634863,0.0,-24.289024,-83.44231,0.0
-90.186066,27.159046,0.0,62.593563,-70.874054,0.0,74.835266,3.8226523,0.0
-91.66291,-21.523273,0.0,36.020874,88.96259,0.0,-99.09453,91.97229,0.0
-80.70398,34.791298,0.0,61.746384,9.562469,0.0,-26.041256,77.497604,0.0
-38.30332,92.157585,0.0,-85.960464,-2.13409,0.0,-50.89053,89.71749,0.0
-81.0562,-12.056546,0.0,22.69559,-45.968117,0.0,14.976898,-16.522644,0.0
93.06307,28.878807,0.0,-89.23766,-79.03016,0.0,-79.96881,4.915129,0.0
-20.1044,-94.46711,0.0,-27.071352,-4.0812583,0.0,-31.701685,63.234486,0.0
-54.872814,-62.027035,0.0,61.67739,10.017107,0.0,-32.36858,25.370108,0.0
72.485405,99.653145,0.0,90.050125,79.17328,0.0,22.27838,80.35865,0.0
26.393494,13.939503,0.0,-77.742516,14.031025,0.0,-41.47677,-87.507034,0.0
8.900315,-37.964012,0.0,-36.671116,76.60194,0.0,32.049465,-49.875546,0.0
56.774445,63.393158,0.0,89.860344,24.77604,0.0,-77.06404,95.661674,0.0
77.282585,-94.52837,0.0,-51.494034,-19.65252,0.0,-21.718903,-28.5625,0.0
-85.92341,-70.85047,0.0,12.999284,-81.41374,0.0,2.815221,78.34658,0.0
60.44591,-37.223244,0.0,-86.63804,87.49971,0.0,-1.5821745,-35.120174,0.0
-7.009018,23.147299,0.0,-37.529167,-10.319776,0.0,99.431786,13.807408,0.0
11.608972,-27.361027,0.0,13.919597,-81.144264,0.0,-78.56311,-41.93553,0.0
21.243418,-14.800862,0.0,-36.479126,3.2588992,0.0,-44.344845,3.9970489,0.0
-43.141476,-86.02882,0.0,2.7975316,86.276566,0.0,-82.87423,-45.2718,0.0
-23.498398,88.91399,0.0,-43.9495,88.37547,0.0,-90.12112,97.25651,0.0
17.421234,-2.655911,0.0,34.512,98.41682,0.0,-28.605566,9.455832,0.0
-80.70439,-4.9596944,0.0,-97.056366,-48.029884,0.0,-90.095985,70.301445,0.0
-43.895073,54.250126,0.0,-52.761257,-35.827213,0.0,96.04809,-35.670452,0.0
89.21592,78.05914,0.0,67.80398,62.70683,0.0,25.945892,28.455013,0.0
67.21202,75.47834,0.0,55.84658,7.104929,0.0,30.841917,-51.713974,0.0
59.329365,-74.84535,0.0,-53.964798,30.45735,0.0,-32.390217,7.0998116,0.0
-75.09926,50.623566,0.0,97.55526,8.967979,0.0,-98.39083,-71.68759,0.0
-68.50314,84.586205,0.0,-44.172153,84.23363,0.0,-83.79362,-90.33605,0.0
-37.79238,-69.084015,0.0,55.688076,21.807487,0.0,-8.897053,-38.70875,0.0
22.924578,-85.82503,0.0,-63.830547,-83.55654,0.0,-28.676336,-10.592757,0.0
91.31485,96.09965,0.0,-51.56857,5.195734,0.0,40.060673,-89.1079,0.0
-37.89871,-56.824665,0.0,-61.135326,-85.20782,0.0,-23.039082,11.191957,0.0
-50.37409,38.16466,0.0,-16.129261,78.48229,0.0,-63.503777,-79.34446,0.0
18.170353,-54.914673,0.0,66.885506,91.52878,0.0,-84.53635,-16.413504,0.0
0.18086268,25.367573,0.0,-0.33094436,95.44192,0.0,92.78309,-47.399746,0.0
50.755947,-96.49757,0.0,-49.94041,-8.036943,0.0,-88.04052,71.12444,0.0
-54.891754,-43.926003,0.0,8.779782,19.188768,0.0,-36.585987,-50.314293,0.0
25.76528,-19.7487,0.0,67.92456,80.62214,0.0,-47.950386,-59.459072,0.0
88.70072,98.47257,0.0,-28.33923,6.255529,0.0,1.6191168,-97.582466,0.0
61.250465,73.830605,0.0,15.952278,90.65824,0.0,-4.107867,-90.095505,0.0
-90.46833,-36.900257,0.0,-39.44429,74.94477,0.0,-70.99433,79.766594,0.0
35.49161,34.33949,0.0,42.861904,-48.678524,0.0,-97.03293,-47.694572,0.0
2.6042633,94.53717,0.0,44.391552,82.1659,0.0,98.08825,-97.715576,0.0
-28.00023,10.969758,0.0,64.35519,-34.61121,0.0,0.97243726,31.942736,0.0
25.54521,99.40868,0.0,61.070263,-50.08327,0.0,7.1387353,-83.56241,0.0
-33.529808,99.79352,0.0,-47.832497,62.386257,0.0,-54.296093,74.025444,0.0
-56.225216,-91.97335,0.0,63.89338,13.590096,0.0,97.11321,97.97225,0.0
-80.739624,-0.17897294,0.0,-40.948555,82.6276,0.0,-97.875565,99.57409,0.0
-33.365707,-82.990166,0.0,-41.28019,72.649925,0.0,5.36818,-50.23254,0.0
26.539892,19.49779,0.0,47.448654,93.23021,0.0,-6.9293137,28.07956,0.0
-99.12186,21.815443,0.0,57.542095,-83.01943,0.0,49.39106,75.170685,0.0
60.00513,-65.03976,0.0,-41.567173,-83.67261,0.0,-67.52819,92.73947,0.0
-38.247482,65.68577,0.0,32.254738,26.330793,0.0,8.201945,23.553757,0.0
85.1257,-96.932365,0.0,-36.241226,-71.17157,0.0,9.680602,7.2742977,0.0
-82.23497,-41.05587,0.0,-36.48568,-48.48572,0.0,-54.54889,76.63669,0.0
67.107056,-54.365486,0.0,99.33188,18.338844,0.0,-6.40099,97.33527,0.0
-50.60825,-28.226334,0.0,-79.63008,-12.138564,0.0,40.297043,92.4349,0.0
-63.2679,-90.67807,0.0,-66.429535,-84.57661,0.0,-36.158527,37.83491,0.0
-23.574299,-26.818666,0.0,-86.354935,-60.444847,0.0,63.468792,54.445946,0.0
69.837234,-57.531982,0.0,-70.93318,99.40108,0.0,50.549458,8.935439,0.0
95.04556,-76.8742,0.0,-92.35259,0.6727966,0.0,1.2461346,90.505264,0.0
94.51688,10.678851,0.0,49.660984,33.166965,0.0,56.45194,-0.7402663,0.0
-93.06437,24.350218,0.0,-16.890818,96.62407,0.0,-19.835703,30.006828,0.0
-92.162796,90.78056,0.0,-6.954535,85.00192,0.0,-78.14429,20.204569,0.0
20.628752,30.270647,0.0,-13.233711,78.6486,0.0,14.002822,-29.172813,0.0
63.66355,-44.716106,0.0,-89.7702,-72.69684,0.0,-80.180786,-13.842897,0.0
-30.01417,77.2106,0.0,59.744347,-11.061281,0.0,52.22772,5.18504,0.0
35.432327,76.4829,0.0,61.08489,-69.03706,0.0,-21.230074,-95.896225,0.0
-87.953156,67.01829,0.0,55.87692,40.69009,0.0,-93.8817,93.19929,0.0
59.752785,-38.55897,0.0,4.19909,79.07497,0.0,89.65322,97.506035,0.0
-90.18742,-96.94167,0.0,-97.25339,98.06208,0.0,-40.28278,-41.709904,0.0
-38.3923,-79.352295,0.0,-47.71264,54.48373,0.0,-11.709557,-34.020763,0.0
4.363394,-87.87917,0.0,53.790134,-18.930685,0.0,-43.385796,-17.148071,0.0
46.828793,-41.693817,0.0,87.942474,8.927072,0.0,26.259464,-10.89387,0.0
85.308754,8.083124,0.0,16.123856,-77.31168,0.0,-26.05945,91.72138,0.0
99.19531,-20.35424,0.0,-75.26379,29.633215,0.0,30.841722,86.39667,0.0
-80.28188,-91.7086,0.0,-32.40857,-70.40972,0.0,64.29203,-18.729542,0.0
-19.320528,-54.977516,0.0,7.788222,31.461597,0.0,-79.29316,79.190575,0.0
-80.70351,94.14299,0.0,17.16894,-75.2695,0.0,60.694458,-85.48276,0.0
-3.253745,-75.27802,0.0,-80.79353,78.571815,0.0,16.662865,-22.065474,0.0
-36.90083,-86.87273,0.0,-52.352097,60.275135,0.0,-45.180805,36.47944,0.0
52.107544,-88.80061,0.0,35.83389,78.06949,0.0,-94.5508,-46.29126,0.0
52.21749,-83.84443,0.0,-98.565475,-78.9508,0.0,-24.983627,-49.128403,0.0
-99.07859,18.089037,0.0,15.483147,90.4399,0.0,-89.21453,-53.086914,0.0
-32.358078,46.309147,0.0,-65.61115,-92.146774,0.0,-75.25426,-33.896885,0.0
-82.31031,31.740105,0.0,31.677341,75.201515,0.0,-80.19569,-52.09544,0.0
-49.535515,85.8279,0.0,-39.295475,71.848335,0.0,98.42513,62.91712,0.0
3.5492191,-85.24535,0.0,-78.16789,28.708006,0.0,61.50711,15.771306,0.0
-97.12694,99.43083,0.0,-32.033306,27.186533,0.0,54.620163,67.633606,0.0
-98.81014,-39.45271,0.0,10.605741,18.476982,0.0,-35.47077,-5.6399946,0.0
20.22041,-47.487488,0.0,-39.010086,28.660807,0.0,-34.452198,-7.733337,0.0
-81.21292,-29.08288,0.0,-83.78415,-63.346283,0.0,99.86803,-70.66957,0.0
-85.785,-62.30233,0.0,37.632698,-81.576416,0.0,-78.77024,-73.748695,0.0
-41.457623,71.27932,0.0,-23.215265,81.494644,0.0,87.12869,-84.276764,0.0
-75.18019,56.748814,0.0,75.122055,83.81804,0.0,29.09756,25.537796,0.0
-80.52504,-10.719806,0.0,-64.57376,-91.656685,0.0,69.47837,96.775085,0.0
54.577137,53.270546,0.0,-7.6373396,20.5482,0.0,-43.12209,46.789165,0.0
-84.148415,32.887787,0.0,83.05136,29.067097,0.0,15.822689,-10.962981,0.0
-22.639734,-82.10168,0.0,-53.425602,68.6941,0.0,63.53773,20.549559,0.0
-86.399956,6.525872,0.0,-24.88722,92.53637,0.0,57.21691,51.238274,0.0
52.046795,-96.97324,0.0,64.161125,21.13803,0.0,89.24891,9.103026,0.0
-46.669823,-5.0661793,0.0,81.77648,11.355257,0.0,14.39327,-54.423958,0.0
24.827072,-94.37118,0.0,-31.325249,30.75284,0.0,17.431181,11.028241,0.0
5.646787,84.07249,0.0,24.123709,33.437603,0.0,-99.0365,-62.207195,0.0
7.975233,32.543896,0.0,29.97928,11.706859,0.0,-89.606346,-34.662807,0.0
-37.62483,-60.692127,0.0,-53.332638,76.02194,0.0,-13.641889,80.973206,0.0
92.192474,-82.66753,0.0,90.06194,58.008755,0.0,-33.168003,38.366898,0.0
-52.231266,30.162056,0.0,-50.876026,-84.21455,0.0,-30.198359,57.317837,0.0
33.426228,-78.46496,0.0,-36.71408,3.114876,0.0,96.09989,-91.34917,0.0
95.07984,93.42919,0.0,41.087685,32.78531,0.0,9.70691,79.94113,0.0
39.40701,20.984726,0.0,45.716698,-49.59868,0.0,26.362244,-25.64367,0.0
-48.682613,-40.87941,0.0,62.96998,-97.05444,0.0,3.973156,96.4473,0.0
-46.59407,-70.04056,0.0,2.275221,81.216774,0.0,-40.558525,-77.6277,0.0
98.70277,-35.536537,0.0,-95.985016,-33.655945,0.0,-42.55259,36.628498,0.0
68.67283,19.542847,0.0,-45.02237,51.320824,0.0,-87.79104,-89.919876,0.0
59.27343,98.594925,0.0,75.712685,-81.37446,0.0,48.52299,91.22641,0.0
54.43272,46.41357,0.0,-30.861197,32.861732,0.0,89.27326,25.819908,0.0
94.80405,44.78104,0.0,-23.131042,92.32091,0.0,61.07609,-89.321655,0.0
97.37457,-69.392166,0.0,96.933136,-66.49282,0.0,-7.371251,-52.17387,0.0
-4.4574122,-99.66916,0.0,-74.70732,-82.54643,0.0,50.509575,75.31612,0.0
91.75014,-35.167465,0.0,-3.6195123,76.33163,0.0,-19.076405,32.506508,0.0
57.029606,-55.43348,0.0,21.845049,-78.07728,0.0,94.22008,-71.491455,0.0
-77.3897,59.076225,0.0,-96.28403,51.079445,0.0,-51.94713,36.00408,0.0
-16.871548,-47.361263,0.0,-11.743049,-87.143326,0.0,-4.4865727,91.86816,0.0
-32.689884,-90.7462,0.0,43.56499,86.78908,0.0,-88.92945,-17.25147,0.0
-39.586758,34.844185,0.0,68.30808,65.35036,0.0,65.59414,91.630325,0.0
32.902348,-79.744675,0.0,44.235207,26.815197,0.0,-30.530672,-85.74689,0.0
-37.394142,-67.46702,0.0,-98.0776,-88.904465,0.0,3.9391086,92.22565,0.0
-95.129814,-90.64039,0.0,-53.42351,34.72119,0.0,-18.164474,8.283875,0.0
-85.34401,24.541466,0.0,-15.944907,-51.4296,0.0,-48.34181,-93.92285,0.0
-50.76864,-56.962555,0.0,40.403534,-76.38779,0.0,-53.58068,64.8018,0.0
97.47163,-53.691875,0.0,1.228507,-35.763382,0.0,46.092155,-93.52507,0.0
-76.41822,-85.775215,0.0,73.392876,9.400174,0.0,-54.612793,70.612595,0.0
-37.24322,43.63302,0.0,-26.261023,-23.931414,0.0,-77.443794,45.52923,0.0
-5.492321,30.053354,0.0,-84.69502,-17.240995,0.0,-18.0744,26.514606,0.0
-44.485313,-98.97282,0.0,-49.442394,56.487484,0.0,-54.66021,-52.08572,0.0
-11.973429,14.731627,0.0,68.765656,56.818115,0.0,59.1806,41.784054,0.0
67.579796,63.50042,0.0,-6.7806077,-46.34529,0.0,-32.851578,-27.308455,0.0
-3.6587272,-88.92961,0.0,-7.198675,89.910484,0.0,-83.10012,-31.860046,0.0
-97.276375,-99.163925,0.0,-51.26971,1.2705743,0.0,-22.194292,6.985812,0.0
-90.188736,30.829037,0.0,52.706276,40.177944,0.0,63.28154,-93.475296,0.0
89.689316,93.79608,0.0,56.245525,64.76037,0.0,43.74566,-49.874573,0.0
-82.09462,-30.200645,0.0,-39.53025,14.482971,0.0,-43.62035,7.900652,0.0
-35.680225,22.786116,0.0,43.67665,81.02561,0.0,-5.4056644,94.9898,0.0
-81.5614,-76.55512,0.0,-28.138784,-15.488287,0.0,-94.26521,-1.1103237,0.0
-95.85355,-19.268513,0.0,-62.800804,79.30166,0.0,-96.193726,37.31595,0.0
-33.476646,-36.835518,0.0,7.4554605,-92.52559,0.0,-44.02935,14.725647,0.0
-48.122368,86.48886,0.0,82.554825,-96.87924,0.0,78.43478,99.82668,0.0
-12.707494,-30.546148,0.0,-33.940914,77.02547,0.0,-35.616283,-49.554474,0.0
-78.76391,63.436527,0.0,15.845831,9.796041,0.0,-98.46338,-78.5034,0.0
-43.957386,34.07148,0.0,-83.20333,-84.36622,0.0,-90.0151,-86.89851,0.0
-3.932208,99.1124,0.0,-43.939003,74.31946,0.0,-8.5518675,30.500721,0.0
-46.58404,-58.342564,0.0,-91.7509,96.88949,0.0,30.975855,-99.662834,0.0
61.890457,-84.01936,0.0,-16.878017,-81.46712,0.0,-51.566772,49.94913,0.0
-49.824432,-56.373245,0.0,-23.279175,-77.11823,0.0,75.65464,1.2194822,0.0
-81.4063,-75.90863,0.0,-97.838905,79.53695,0.0,86.76009,12.6385565,0.0
-34.104195,-83.128555,0.0,41.393368,96.92711,0.0,-27.128963,-3.9217618,0.0
-28.122011,77.88977,0.0,54.69249,54.74913,0.0,17.21747,95.23809,0.0
-85.29543,72.154274,0.0,12.126679,-78.78252,0.0,-40.96607,-58.833138,0.0
80.581604,12.977085,0.0,55.170418,4.628948,0.0,-44.015667,-1.8030465,0.0
-36.999435,-66.535034,0.0,65.618484,51.701305,0.0,63.7284,-26.954979,0.0
18.285334,-26.75181,0.0,96.11317,95.803024,0.0,-99.67846,-60.097683,0.0
-78.10361,-12.930531,0.0,53.053978,-75.321335,0.0,-23.518145,-22.741488,0.0
-51.51697,-86.20045,0.0,51.652252,22.729284,0.0,82.81243,15.259096,0.0
-86.054504,23.580769,0.0,-48.33472,3.0853028,0.0,-82.93129,59.227135,0.0
94.78476,-18.210573,0.0,-49.297417,49.774944,0.0,71.77967,96.486046,0.0
61.485863,-81.49692,0.0,-58.129128,-76.60793,0.0,28.409529,-19.43888,0.0
3.3332496,-94.739174,0.0,12.511277,-81.11085,0.0,53.347332,67.267654,0.0
3.5961936,-98.727066,0.0,3.0895085,-28.60383,0.0,-16.61339,88.626366,0.0
-86.28629,51.97613,0.0,-47.874073,-81.368706,0.0,17.570868,-27.88152,0.0
-44.396202,22.097044,0.0,-26.569712,15.322974,0.0,-53.409153,-80.988235,0.0
-75.5692,82.52871,0.0,51.935364,68.24998,0.0,-87.21128,61.71327,0.0
91.528275,-42.07325,0.0,90.27117,-14.334139,0.0,67.14897,-93.23478,0.0
38.55174,81.26614,0.0,-7.020811,77.865265,0.0,-34.46639,25.688786,0.0
-34.728382,32.15461,0.0,-46.95348,26.435184,0.0,-51.793,2.5563042,0.0
-23.903784,97.7441,0.0,90.73405,-70.04709,0.0,23.96285,-90.98271,0.0
-75.6368,6.3650413,0.0,25.781809,-46.034733,0.0,17.307058,-29.672781,0.0
-92.67956,20.871864,0.0,-78.73344,-16.817019,0.0,-84.6851,-31.456541,0.0
-53.175323,-86.10922,0.0,-35.2173,46.118988,0.0,-30.974464,-30.155975,0.0
-67.15425,90.76325,0.0,22.033949,30.837667,0.0,96.89366,40.76237,0.0
-37.05398,55.165867,0.0,-54.840443,-74.28462,0.0,81.9954,20.640898,0.0
-90.97953,-0.63745767,0.0,-42.13508,-10.177711,0.0,-95.66092,34.16477,0.0
-86.25114,37.634254,0.0,-32.640625,-89.4444,0.0,-94.93699,41.273006,0.0
-20.576698,-36.29008,0.0,45.395313,-92.84004,0.0,-85.358696,-16.32248,0.0
29.685118,-1.5460259,0.0,9.031638,24.026981,0.0,-50.281063,-65.51873,0.0
-76.82895,-35.91022,0.0,-88.61192,-9.045303,0.0,-65.73167,-98.03072,0.0
90.92405,-11.64303,0.0,-51.240696,55.998165,0.0,-17.455566,-88.27816,0.0
18.581724,-15.915064,0.0,50.76345,55.512108,0.0,-89.2307,28.828268,0.0
11.961499,-92.60104,0.0,-37.41681,-43.620087,0.0,-83.66755,90.650955,0.0
90.82853,15.998489,0.0,-74.462326,-77.0325,0.0,-50.91364,-65.55683,0.0
36.063457,22.260452,0.0,71.29255,-80.62839,0.0,27.677294,96.910736,0.0
81.8618,-81.574524,0.0,65.78902,37.920097,0.0,89.71268,90.552734,0.0
25.603949,-75.541336,0.0,-51.852104,32.29279,0.0,28.820911,79.66277,0.0
-29.091599,-86.72461,0.0,-92.39429,-96.95112,0.0,-45.865665,85.85704,0.0
98.06859,60.43047,0.0,-65.17195,81.57463,0.0,65.730415,38.95051,0.0
9.417446,-99.99343,0.0,-7.085179,-48.100906,0.0,-33.416187,52.41929,0.0
86.58586,89.3454,0.0,-99.1704,14.546817,0.0,90.32615,-26.137882,0.0
-85.96366,-11.968073,0.0,-25.977188,-4.843979,0.0,79.88267,-93.84959,0.0
94.48086,-50.842274,0.0,-18.723234,-93.17195,0.0,54.709324,94.74482,0.0
-52.29549,71.29114,0.0,-56.96363,95.916405,0.0,-38.696014,85.37269,0.0
46.472843,-88.96912,0.0,98.01484,-85.11534,0.0,-44.4562,-10.416053,0.0
-79.57397,-71.03332,0.0,-86.0918,-36.171585,0.0,22.817905,-9.54319,0.0
0.48752248,-78.91149,0.0,40.43447,-41.379932,0.0,90.01759,0.6572062,0.0
-83.66237,30.28115,0.0,30.635578,20.256453,0.0,-31.321938,15.004822,0.0
66.17853,-85.93005,0.0,60.178978,-65.793686,0.0,-11.886081,-35.392628,0.0
-55.560993,-76.832184,0.0,-82.06753,-81.56483,0.0,-52.002033,76.18858,0.0
-31.921478,-34.167786,0.0,-91.53603,-64.481606,0.0,60.832024,-31.54918,0.0
-27.834154,95.935486,0.0,-63.411446,-84.00614,0.0,-95.74792,-29.353296,0.0
-42.462452,-96.28384,0.0,-51.03048,-39.87964,0.0,60.726772,27.936237,0.0
50.87908,0.7355362,0.0,56.114933,-97.67482,0.0,-96.60272,12.488473,0.0
-30.523035,-6.2461348,0.0,-37.764862,24.192703,0.0,25.768173,12.59656,0.0
55.08001,96.768684,0.0,55.604275,67.865295,0.0,36.958107,32.080894,0.0
38.882694,-91.191895,0.0,-97.287994,-69.37071,0.0,12.530459,-93.83075,0.0
-82.61484,13.281126,0.0,-38.950348,57.050365,0.0,99.29031,98.81738,0.0
71.12266,-79.07362,0.0,56.340965,19.729885,0.0,60.266117,-53.27037,0.0
-33.371284,87.805824,0.0,99.891174,13.1464615,0.0,-51.535072,-72.76779,0.0
-66.55963,89.54034,0.0,-13.916011,16.981491,0.0,97.77948,-25.119093,0.0
-33.754467,-19.313673,0.0,-48.471214,-59.34712,0.0,-19.938667,-45.50567,0.0
85.327324,11.9465475,0.0,55.488064,-10.989678,0.0,-4.595861,-48.3942,0.0
9.4015045,17.978136,0.0,32.754776,89.20777,0.0,-93.36407,63.994846,0.0
60.045097,29.07726,0.0,27.185354,-43.844475,0.0,-88.11752,-24.324724,0.0
30.7346,77.35261,0.0,37.334126,81.522354,0.0,11.876495,-31.99689,0.0
-50.743305,71.34634,0.0,5.7724476,-49.053986,0.0,56.80771,28.12831,0.0
92.36909,31.576496,0.0,-82.97961,-88.75814,0.0,-25.933619,-37.746635,0.0
51.009758,37.54104,0.0,56.072372,-34.048378,0.0,-21.252026,-86.20954,0.0
7.00875,-31.642252,0.0,55.985847,8.968228,0.0,-51.985264,23.410429,0.0
-3.0175219,-95.77077,0.0,-83.70483,63.307636,0.0,57.410027,-38.1957,0.0
26.568928,76.58264,0.0,-21.976229,26.929691,0.0,-43.81434,54.132156,0.0
-25.778149,89.88272,0.0,-87.01684,54.12713,0.0,-95.56779,89.01404,0.0
-86.440186,33.60167,0.0,97.868515,48.486736,0.0,63.449703,-66.57579,0.0
39.08426,26.579643,0.0,-50.688816,38.570583,0.0,-43.20257,66.52077,0.0
76.605804,21.697206,0.0,-56.98783,-88.00191,0.0,89.71803,-79.48371,0.0
-0.34139183,-38.9495,0.0,-50.89991,4.7335463,0.0,-51.971237,79.89704,0.0
-34.891304,-16.021551,0.0,61.295506,-99.99571,0.0,51.07756,89.51496,0.0
60.451088,59.418056,0.0,63.69899,78.02002,0.0,-89.57566,15.78678,0.0
55.915405,-90.556694,0.0,75.06715,92.90986,0.0,-24.343082,77.92858,0.0
98.59704,-7.313709,0.0,53.835567,47.208397,0.0,-75.78173,-50.164566,0.0
-7.6401873,83.434044,0.0,34.62289,20.139162,0.0,15.911543,81.27782,0.0
62.940388,-87.428696,0.0,87.76204,11.83106,0.0,-49.15694,28.833902,0.0
-1.1000628,-31.348167,0.0,17.453054,-7.2033315,0.0,91.63889,8.691646,0.0
82.92639,-85.3102,0.0,-34.753307,94.97688,0.0,97.76698,-67.46164,0.0
-20.86925,-82.33913,0.0,12.827778,-43.991066,0.0,-68.724144,-90.15649,0.0
-92.517525,-56.988476,0.0,98.076416,53.4897,0.0,-7.8654127,-49.264126,0.0
-41.378284,88.34984,0.0,-82.26455,12.930439,0.0,-75.57915,-0.44926724,0.0
-88.14376,-12.783022,0.0,-33.782494,0.7935788,0.0,-65.566086,-94.7155,0.0
38.710266,86.01094,0.0,-76.45686,13.869543,0.0,-40.508625,13.580302,0.0
61.044056,21.337914,0.0,58.178158,37.404495,0.0,54.173454,-58.748,0.0
-95.40216,-58.375008,0.0,-49.3977,-1.4748728,0.0,54.661804,-29.426027,0.0
67.193756,-13.455395,0.0,42.57387,-94.75142,0.0,12.165248,25.892698,0.0
-27.06851,91.59541,0.0,-69.00168,-89.036674,0.0,-19.72047,-96.65372,0.0
-83.15695,83.33491,0.0,90.91808,96.89677,0.0,24.080872,84.67247,0.0
-77.98051,0.53649104,0.0,-46.252415,-89.28524,0.0,-27.812178,-6.8257527,0.0
-33.212982,-54.362396,0.0,-50.130707,3.314077,0.0,-25.43209,-77.35621,0.0
13.9259815,31.305681,0.0,59.608063,-62.427437,0.0,-7.727309,32.059658,0.0
-27.113363,21.876427,0.0,67.86838,-94.114494,0.0,-21.325674,-88.21667,0.0
60.27649,14.057019,0.0,60.38325,-91.88416,0.0,-83.75653,74.04973,0.0
-77.38678,73.22833,0.0,41.124683,27.670015,0.0,-43.72048,-77.60836,0.0
-10.323155,31.397728,0.0,43.558247,-49.001667,0.0,-88.12181,-41.00108,0.0
-83.43724,-8.702119,0.0,54.19352,5.0762763,0.0,-15.248449,77.95415,0.0
56.569756,13.574207,0.0,18.59517,-17.73567,0.0,-52.66392,20.178303,0.0
-21.37447,16.461336,0.0,2.294396,31.93872,0.0,-85.1554,-27.381626,0.0
63.295235,9.24186,0.0,-45.35875,92.88354,0.0,-92.0152,14.887993,0.0
21.61855,-20.469952,0.0,-0.4033577,-75.83998,0.0,-39.893173,62.49407,0.0
-93.83212,93.48854,0.0,-53.581074,97.04704,0.0,90.13177,-75.7568,0.0
78.58902,-80.80541,0.0,-29.267572,-39.80137,0.0,-42.479813,-47.281864,0.0
16.762049,20.770027,0.0,-32.01421,23.049192,0.0,64.867226,43.74328,0.0
-6.9495864,-77.34543,0.0,-19.518366,13.254224,0.0,71.727936,-94.68633,0.0
74.64259,-94.269646,0.0,-31.948471,82.558,0.0,-87.77351,-94.43422,0.0
-49.947662,-31.001667,0.0,11.589675,11.564532,0.0,-44.05814,0.38251114,0.0
28.523996,-19.847324,0.0,-81.40237,53.26516,0.0,67.74951,-96.46084,0.0
-57.06117,81.36973,0.0,-42.564083,-30.22813,0.0,-27.724995,15.264527,0.0
-86.61485,-51.168724,0.0,67.65134,81.36027,0.0,65.6967,44.703278,0.0
34.509426,30.962797,0.0,17.831194,-44.548103,0.0,-46.12869,-90.808105,0.0
73.05122,95.38439,0.0,58.294132,95.04744,0.0,66.15651,-18.483349,0.0
-11.277022,99.34446,0.0,-60.831375,-97.4269,0.0,-38.803432,2.950432,0.0
-77.11976,4.6378527,0.0,52.277035,69.05127,0.0,-33.86827,-11.642345,0.0
-59.46089,-84.2147,0.0,58.727013,-55.298798,0.0,-52.93102,-22.24779,0.0
-10.624607,85.29965,0.0,-91.35167,38.307335,0.0,-53.10607,-34.432907,0.0
30.751005,76.67332,0.0,-12.895555,-29.841217,0.0,38.327164,-83.25327,0.0
32.307774,77.69687,0.0,55.441235,-22.643982,0.0,-2.4383283,-87.189514,0.0
-41.689594,-58.680233,0.0,9.211953,8.873338,0.0,-29.536633,27.856577,0.0
43.89878,82.44658,0.0,88.89988,14.833394,0.0,-21.779358,-95.08322,0.0
51.41824,-41.255226,0.0,-65.461464,-77.069466,0.0,26.756863,86.14673,0.0
-48.721355,58.344185,0.0,78.32572,24.539831,0.0,50.36131,-99.03672,0.0
20.067749,22.779457,0.0,-42.85033,-43.025604,0.0,26.429287,-86.633255,0.0
-50.981785,-67.957565,0.0,52.057327,-0.21971115,0.0,-97.61956,-42.54601,0.0
71.91731,21.392065,0.0,-93.472565,-6.005777,0.0,-46.44368,-73.54731,0.0
-15.044579,-49.375774,0.0,-46.78835,44.61892,0.0,-8.826873,-81.503265,0.0
57.542465,-56.830563,0.0,65.37029,-26.596048,0.0,91.63368,-93.8799,0.0
-27.131433,-41.131012,0.0,62.26771,47.80804,0.0,63.46255,76.65057,0.0
71.83958,90.02493,0.0,-30.031446,-34.279057,0.0,-42.94928,-55.46134,0.0
-77.53781,41.743942,0.0,-91.10584,-57.562725,0.0,-75.99331,-85.20597,0.0
-36.864,21.973722,0.0,60.339092,12.773047,0.0,-14.371788,80.34201,0.0
22.04408,-49.22883,0.0,80.44129,23.03939,0.0,-97.622284,75.64687,0.0
-79.32803,-45.265537,0.0,32.395542,26.095766,0.0,-50.393856,47.87676,0.0
-44.602577,95.14159,0.0,79.98392,89.9239,0.0,0.12957875,-39.700333,0.0
-85.4406,-11.477266,0.0,-17.252583,18.22057,0.0,-26.511919,23.60518,0.0
84.43942,26.969599,0.0,-2.2157845,32.433304,0.0,-80.34986,-8.354926,0.0
55.32154,56.20364,0.0,53.566353,5.078322,0.0,-71.0081,-90.01625,0.0
19.048548,79.14467,0.0,76.329414,-87.652855,0.0,-23.3617,77.81664,0.0
-12.010437,-32.57154,0.0,33.419987,94.96266,0.0,67.821465,97.215416,0.0
-33.449184,98.44068,0.0,-43.428608,-33.20637,0.0,69.82477,-95.05539,0.0
97.08973,67.272575,0.0,-17.17813,-32.2685,0.0,-6.3228273,14.569254,0.0
-76.48263,95.830025,0.0,-53.125095,-66.4368,0.0,-36.54736,46.140995,0.0
-65.95293,-78.42748,0.0,91.57802,52.5944,0.0,58.113514,13.297989,0.0
-96.722305,56.713318,0.0,61.041477,-97.75617,0.0,-27.227959,24.562197,0.0
-47.75524,76.846924,0.0,-19.889076,-31.58358,0.0,-31.769716,-42.64594,0.0
-45.568714,-93.79323,0.0,80.035774,24.279995,0.0,3.0604262,31.03113,0.0
38.962574,96.80896,0.0,96.95617,17.42963,0.0,32.282608,-90.10883,0.0
-34.920444,75.83176,0.0,-51.76582,87.346405,0.0,75.230705,9.974251,0.0
-27.818226,-24.155224,0.0,-43.87304,-88.75909,0.0,-31.465069,-81.901306,0.0
58.03623,24.187109,0.0,-20.864439,18.871616,0.0,-17.974215,12.976303,0.0
-12.289865,33.98677,0.0,75.99841,32.26295,0.0,-46.0212,98.370514,0.0
90.54244,-38.33974,0.0,98.09505,36.07562,0.0,-97.75072,-20.032896,0.0
84.44205,6.6860433,0.0,-88.94198,36.93687,0.0,-44.843227,49.884914,0.0
98.75203,96.87798,0.0,47.64397,-80.84954,0.0,88.03405,23.642496,0.0
-48.291958,66.55934,0.0,49.561054,22.275534,0.0,-66.497826,97.52096,0.0
31.54958,96.63045,0.0,68.366585,30.253225,0.0,88.74263,33.253666,0.0
-79.79155,9.519439,0.0,25.08831,79.367615,0.0,59.989723,0.4903007,0.0
-90.55501,-95.73771,0.0,-82.203636,15.996514,0.0,14.276041,-41.31718,0.0
17.844889,-79.97949,0.0,-6.572771,-99.79904,0.0,67.764145,54.93376,0.0
-50.13782,50.163967,0.0,-21.105291,-50.542946,0.0,-35.651077,-96.72229,0.0
-87.35521,4.0683827,0.0,-46.049656,-35.640877,0.0,-34.91769,-15.989058,0.0
-30.72439,63.021255,0.0,89.21043,-96.536964,0.0,50.04967,-47.250744,0.0
-56.435413,95.40034,0.0,-45.468376,-12.98368,0.0,76.114296,8.549786,0.0
13.022872,-32.096745,0.0,38.55568,81.20971,0.0,19.342878,79.853004,0.0
51.26663,-15.8995285,0.0,-90.53526,-89.08856,0.0,-44.5389,-99.7565,0.0
99.05785,96.697266,0.0,44.07409,-75.10699,0.0,-76.35133,84.54245,0.0
5.0190825,75.11321,0.0,88.82232,80.96151,0.0,53.65633,-37.875404,0.0
-45.54578,60.429874,0.0,6.039535,87.045616,0.0,-10.852235,-79.478775,0.0
18.187359,18.856638,0.0,-29.451935,-80.93163,0.0,50.276695,-49.698563,0.0
27.990343,-37.64641,0.0,54.799366,-80.502556,0.0,47.10922,26.499437,0.0
-54.539715,-99.53565,0.0,72.88371,-99.732086,0.0,-25.321024,24.363523,0.0
-68.26211,99.92172,0.0,25.664707,-86.98415,0.0,-81.863365,80.88678,0.0
-31.30901,-65.74782,0.0,-50.300285,-18.158413,0.0,-65.001595,-86.310684,0.0
-46.23104,18.588457,0.0,60.023067,80.063126,0.0,-86.23291,38.519295,0.0
-75.32494,42.950443,0.0,-38.665283,-68.16733,0.0,7.076189,25.626333,0.0
-86.18184,43.864506,0.0,59.30203,56.972347,0.0,-26.905182,-24.888079,0.0
64.002205,-17.032843,0.0,97.95021,-26.114727,0.0,-66.97689,-95.03963,0.0
16.770267,-93.58298,0.0,-84.30596,51.19634,0.0,97.297775,-11.194527,0.0
92.29088,42.84106,0.0,92.05468,30.099361,0.0,-96.58664,-39.656384,0.0
87.37854,94.65958,0.0,-73.63213,79.301796,0.0,-83.30407,-84.735214,0.0
54.29912,-23.32058,0.0,-95.159454,97.99304,0.0,4.025851,14.8047085,0.0
34.41444,80.995674,0.0,30.856276,31.562786,0.0,38.26854,96.735275,0.0
-30.29201,-86.73249,0.0,55.507404,0.013257358,0.0,11.058336,88.38256,0.0
-31.779295,10.204715,0.0,52.772255,-2.0652769,0.0,-54.039093,27.935171,0.0
88.64512,80.173775,0.0,-26.480274,-90.2177,0.0,92.20306,-62.298584,0.0
-50.00804,-71.02034,0.0,-84.287865,90.43525,0.0,-91.40026,-19.724556,0.0
47.524395,-90.24266,0.0,37.829723,-42.059914,0.0,13.888838,80.8205,0.0
-96.35252,37.625774,0.0,56.375114,13.606058,0.0,-33.73676,16.461998,0.0
90.07987,98.35708,0.0,24.721184,0.8205204,0.0,56.44064,-91.426346,0.0
59.996326,33.96441,0.0,35.999947,31.808212,0.0,-78.38682,71.023285,0.0
46.27869,31.558147,0.0,-84.77878,28.567625,0.0,61.25922,97.178185,0.0
79.75261,76.37729,0.0,16.105293,-95.342094,0.0,0.2459709,98.70548,0.0
-94.5038,-44.224155,0.0,61.409046,29.217411,0.0,45.970108,-45.07618,0.0
95.83788,-19.626392,0.0,65.33157,49.642464,0.0,9.247968,-97.88005,0.0
-87.7278,-75.533356,0.0,56.317413,57.29901,0.0,-91.00942,0.8323421,0.0
-14.81304,83.327995,0.0,-95.44058,3.4227326,0.0,-46.954014,-70.62582,0.0
-69.07103,76.546364,0.0,-53.30463,91.22176,0.0,95.55156,-84.50312,0.0
-90.94103,-82.04718,0.0,-47.62658,56.554966,0.0,-32.17065,23.548717,0.0
55.82014,-41.566933,0.0,-97.23747,76.1779,0.0,16.042116,-29.786049,0.0
-83.72064,-97.730545,0.0,94.36036,-97.531685,0.0,88.30999,82.27768,0.0
-27.03198,-1.2892374,0.0,-52.572315,81.638626,0.0,-94.52533,79.857155,0.0
87.67877,31.288353,0.0,-73.47024,91.165184,0.0,-80.23572,88.54311,0.0
47.486755,-85.65668,0.0,-29.54017,16.622114,0.0,58.251575,26.652563,0.0
36.294735,-77.766304,0.0,58.705017,-73.97475,0.0,-94.85623,40.18593,0.0
-91.177216,-15.797155,0.0,-88.00973,14.765412,0.0,-76.47983,5.5704985,0.0
-90.537575,-99.187584,0.0,96.52076,47.934757,0.0,13.275302,21.252436,0.0
24.104399,-82.565735,0.0,-23.174398,24.876999,0.0,12.395219,82.425934,0.0
58.837994,-86.17721,0.0,-98.129036,-99.00307,0.0,-79.840225,47.280083,0.0
-31.58817,-98.29157,0.0,67.75166,88.23959,0.0,18.016808,-19.775541,0.0
68.80417,35.36678,0.0,-54.96159,19.853916,0.0,-26.480469,-53.836243,0.0
-34.37374,34.70315,0.0,-23.919825,-37.885063,0.0,2.204668,26.61794,0.0
-45.991997,37.129326,0.0,-9.204513,-40.332897,0.0,40.971832,-89.06018,0.0
91.21452,-35.563843,0.0,-78.84708,-56.09626,0.0,-25.684969,82.51095,0.0
-25.800406,-30.808966,0.0,87.73426,-88.601204,0.0,87.59493,-78.73994,0.0
78.07905,77.91419,0.0,-80.340485,27.03291,0.0,-61.933887,77.950714,0.0
-12.996442,16.57725,0.0,-96.16124,2.0773733,0.0,12.581621,-51.118195,0.0
69.463356,90.88001,0.0,-80.58085,2.5294614,0.0,60.79223,-4.7650075,0.0
61.9569,-68.3462,0.0,79.727806,4.732636,0.0,92.70489,48.08371,0.0
49.514442,-86.974915,0.0,-82.03192,71.71055,0.0,3.737795,-48.76461,0.0
-91.29481,-9.374445,0.0,76.42155,31.751677,0.0,-19.511683,-79.04173,0.0
-98.32874,-85.736664,0.0,-92.28373,38.528168,0.0,-75.70243,-51.566498,0.0
-50.12565,95.000114,0.0,31.304813,-89.12104,0.0,96.25375,15.943988,0.0
9.728799,9.532799,0.0,63.69872,-73.90393,0.0,-14.512204,-97.64128,0.0
-72.8369,80.6417,0.0,44.96042,21.987246,0.0,3.5808697,34.87568,0.0
19.70566,80.58812,0.0,51.39903,-37.043922,0.0,35.87418,23.376083,0.0
67.45602,68.639885,0.0,35.685833,82.011154,0.0,-45.530434,-96.79204,0.0
-26.4707,19.867933,0.0,-30.954704,53.681343,0.0,53.84257,-38.146614,0.0
-95.12567,34.175266,0.0,97.13041,21.606943,0.0,-68.08618,84.345825,0.0
17.436975,95.68034,0.0,-4.820027,85.8662,0.0,-78.043175,0.66592157,0.0
-9.5858755,-81.70123,0.0,-87.88435,-17.807665,0.0,-53.467022,-64.02186,0.0
1.8412331,-48.395077,0.0,-81.0828,-62.307175,0.0,-92.6706,65.08821,0.0
26.894331,-87.203896,0.0,85.425705,99.39176,0.0,-34.758053,24.150309,0.0
96.77323,62.19219,0.0,-20.986332,19.128727,0.0,58.461563,-34.12862,0.0
-75.94145,-34.462986,0.0,91.49861,-6.0428605,0.0,50.805344,-22.427137,0.0
-10.24391,86.45413,0.0,-38.966938,-75.35999,0.0,-49.492382,41.51601,0.0
-61.37812,-94.31798,0.0,-34.099037,40.506752,0.0,-24.66591,-75.98504,0.0
-40.63457,-20.476007,0.0,-19.945486,33.703102,0.0,56.67431,85.973564,0.0
-95.74697,23.77459,0.0,-33.51644,16.491634,0.0,21.360073,12.110179,0.0
92.19962,-50.73972,0.0,-35.820675,13.366116,0.0,95.258736,-6.8356957,0.0
-52.213585,-48.480785,0.0,28.38338,-99.56307,0.0,99.28388,49.480846,0.0
-44.501583,0.45894793,0.0,9.517529,6.701782,0.0,67.43531,91.538345,0.0
-16.71336,-85.48038,0.0,-37.5699,18.218128,0.0,-42.97718,33.37779,0.0
9.205075,6.0529213,0.0,16.796816,-78.873764,0.0,-18.761532,-46.547962,0.0
93.981445,22.342678,0.0,-53.279915,-33.291042,0.0,-21.724125,-42.901016,0.0
99.85167,-53.195843,0.0,-6.529703,-38.898838,0.0,-78.13899,-89.6366,0.0
-28.42634,83.354836,0.0,-25.971996,-33.297676,0.0,6.090965,-78.539604,0.0
-46.802467,-18.990131,0.0,90.34484,-5.6723137,0.0,-26.46004,15.495335,0.0
-56.05943,-92.24714,0.0,-14.95841,-91.77462,0.0,-89.98771,-50.888565,0.0
13.198515,-31.984047,0.0,-25.416191,92.0817,0.0,50.00002,14.279143,0.0
81.13063,82.47363,0.0,-80.90899,-96.997856,0.0,2.7214723,75.30171,0.0
-22.180851,9.746301,0.0,-75.55548,18.964945,0.0,94.750275,-78.97946,0.0
-48.412476,-32.33523,0.0,91.46815,-68.54025,0.0,-22.022503,78.763504,0.0
-65.67846,-82.23424,0.0,90.96746,-44.667747,0.0,59.539387,-44.511864,0.0
74.882225,-88.977776,0.0,-84.0813,50.11869,0.0,-67.70219,-88.73311,0.0
15.545345,-90.64057,0.0,-39.04002,75.452156,0.0,-6.9042583,-42.34758,0.0
63.905052,16.764854,0.0,-82.70394,-22.210178,0.0,61.808655,31.595778,0.0
-2.8536406,-52.247986,0.0,51.779423,53.53505,0.0,10.8426485,-76.553764,0.0
59.32672,-97.40119,0.0,80.1847,23.432281,0.0,99.89295,66.98093,0.0
-40.16493,-99.21534,0.0,-3.339182,-90.65206,0.0,-17.304451,-42.15167,0.0
93.62968,31.840355,0.0,-80.61729,-73.044624,0.0,85.250206,89.6994,0.0
-66.190575,-85.41048,0.0,19.044846,-90.186134,0.0,83.50735,19.05168,0.0
95.84881,88.777534,0.0,63.96744,-71.86967,0.0,32.250168,26.232227,0.0
-22.822535,82.0132,0.0,52.845577,-44.977146,0.0,-77.3172,-91.96901,0.0
-32.435722,-52.016174,0.0,-47.257072,68.585915,0.0,98.193596,-24.361547,0.0
-97.69499,33.811794,0.0,-32.605255,92.09241,0.0,-48.81538,-18.83137,0.0
31.51021,85.19712,0.0,85.10199,20.976774,0.0,-28.25838,-85.90036,0.0
64.77033,31.90344,0.0,87.09388,83.15408,0.0,85.636696,-89.38503,0.0
-44.06719,35.183502,0.0,-43.838963,-3.3820229,0.0,54.75669,-5.037315,0.0
68.08692,-71.10365,0.0,-80.3116,0.5550178,0.0,23.721197,-33.949696,0.0
-12.922918,88.289154,0.0,68.63706,-9.274236,0.0,42.61954,-82.304855,0.0
18.151537,29.054422,0.0,-39.033245,-93.27387,0.0,-42.433086,-63.844944,0.0
61.628246,6.9657216,0.0,98.021996,-77.73118,0.0,-15.976619,83.344955,0.0
88.07961,16.573608,0.0,-30.010378,49.56919,0.0,99.59494,14.248395,0.0
68.3747,68.212036,0.0,69.452995,-43.031433,0.0,72.014534,88.356255,0.0
5.462528,26.333353,0.0,90.85984,63.58411,0.0,37.348553,-43.308563,0.0
57.764297,86.79594,0.0,-62.766148,-90.037926,0.0,11.159417,82.32811,0.0
-75.9542,-47.73278,0.0,-76.993164,45.72808,0.0,18.004324,15.192848,0.0
36.75599,23.679195,0.0,-50.102722,72.21414,0.0,80.65368,-75.791626,0.0
-13.472423,-89.44584,0.0,-96.55376,39.55083,0.0,-79.07384,-70.50513,0.0
-51.137638,-21.245316,0.0,53.53323,3.0687118,0.0,-82.927376,93.08873,0.0
-18.484344,81.37363,0.0,-18.506079,-49.881153,0.0,-48.69382,-51.97895,0.0
-46.063805,-14.280381,0.0,53.963024,-19.321445,0.0,-86.80947,-65.76365,0.0
-18.998737,-97.800064,0.0,-81.68875,26.075287,0.0,31.393034,20.005903,0.0
-84.90728,-94.25023,0.0,-46.450905,55.841644,0.0,-81.17545,-50.738247,0.0
-39.70472,-20.84803,0.0,-35.029987,-61.549248,0.0,-31.279118,-93.52174,0.0
43.48487,93.92768,0.0,-15.665928,76.15521,0.0,-29.600199,-90.27962,0.0
45.24404,30.433563,0.0,99.08509,-53.354527,0.0,7.180742,30.698517,0.0
-95.77593,-78.21425,0.0,98.97106,42.899494,0.0,-95.1039,-11.97711,0.0
33.03169,-46.030483,0.0,-13.26113,17.2621,0.0,-45.00021,46.824135,0.0
-0.19213991,29.93376,0.0,-29.184153,14.306146,0.0,-75.91991,73.85303,0.0
-85.511665,-58.473854,0.0,-13.295876,-35.785805,0.0,-4.3079977,84.51098,0.0
-66.1028,87.158455,0.0,15.346887,-47.38225,0.0,-3.0088634,96.638535,0.0
45.255974,-88.82429,0.0,81.31887,-78.30281,0.0,20.94217,84.33264,0.0
-43.561012,24.885164,0.0,52.536247,89.92134,0.0,-99.23029,-93.92587,0.0
-43.66024,-89.65209,0.0,44.1203,-97.87442,0.0,46.122078,-46.94399,0.0
-87.612335,83.122765,0.0,-54.49496,17.148596,0.0,-48.57896,-77.88334,0.0
-94.74596,-61.259884,0.0,-85.62808,65.53455,0.0,90.803116,-74.713844,0.0
45.486156,92.24679,0.0,55.392307,-91.5864,0.0,31.378174,-80.62204,0.0
60.062874,29.823284,0.0,37.86569,-91.25726,0.0,-75.46019,50.607437,0.0
-54.8283,71.45909,0.0,62.664047,13.418966,0.0,-99.58465,12.840428,0.0
40.46441,29.110542,0.0,23.44911,-87.5726,0.0,-94.18298,14.097283,0.0
-85.774796,-21.589693,0.0,-15.553066,12.305241,0.0,27.938877,-34.254826,0.0
-46.61025,-83.3538,0.0,90.66951,-22.038666,0.0,-47.16771,67.47058,0.0
91.14561,37.718395,0.0,-62.356113,-79.82494,0.0,72.48433,22.322521,0.0
-92.51608,-58.039944,0.0,66.459404,-23.895224,0.0,-44.319153,20.81031,0.0
26.21927,-43.367275,0.0,-97.50473,77.285805,0.0,-80.270905,-60.615524,0.0
-80.70795,-79.062935,0.0,-92.44628,-69.874466,0.0,-49.781033,-13.241614,0.0
68.22804,89.114456,0.0,-1.3009175,-36.103886,0.0,-76.541046,99.556595,0.0
-89.08057,-74.69169,0.0,-16.083466,-83.62262,0.0,-76.724594,44.431873,0.0
61.334938,51.82422,0.0,-98.515465,-56.988873,0.0,27.574814,28.74587,0.0
-68.57214,-87.209236,0.0,95.96449,69.44479,0.0,7.578375,22.990177,0.0
48.046673,-96.26092,0.0,-99.78656,31.519457,0.0,-2.0341332,94.16074,0.0
-8.268169,15.987398,0.0,-8.737353,-90.98353,0.0,-28.16885,85.85357,0.0
59.057247,-37.695442,0.0,50.504593,42.954033,0.0,80.06606,-75.26271,0.0
80.00117,-91.72132,0.0,-81.460175,-67.10652,0.0,-88.00694,-99.60979,0.0
-77.883354,-52.770527,0.0,-39.554108,-75.800964,0.0,90.62415,91.26139,0.0
16.428839,30.991562,0.0,-91.212845,-53.94413,0.0,64.28009,71.39012,0.0
63.192944,13.226835,0.0,-36.159954,-27.056519,0.0,-46.86779,88.216675,0.0
-28.298853,85.40463,0.0,58.195488,-26.95515,0.0,14.247033,-23.026285,0.0
-86.382385,-24.883493,0.0,-32.80802,-49.18608,0.0,73.70224,4.1453724,0.0
-46.59652,-10.936417,0.0,-64.05729,94.4618,0.0,69.92565,-8.44068,0.0
-14.921613,91.0939,0.0,-79.38189,-55.586807,0.0,63.88151,-27.041773,0.0
-32.64012,12.839537,0.0,72.79933,86.4573,0.0,-28.002506,-24.546873,0.0
27.798054,20.766602,0.0,-89.94506,-86.22875,0.0,-58.32935,-82.7173,0.0
-87.14279,-31.428007,0.0,50.321865,-88.08203,0.0,96.54247,-15.266404,0.0
-42.5066,99.19002,0.0,-47.26829,-76.572205,0.0,14.851528,-20.40152,0.0
64.29844,12.895392,0.0,-80.94689,62.89889,0.0,-71.52455,-86.299164,0.0
59.55326,-64.19832,0.0,92.85924,-34.136486,0.0,44.0361,-54.444164,0.0
55.697872,89.42794,0.0,24.619455,-33.505707,0.0,16.587759,17.148537,0.0
73.110405,23.156794,0.0,-43.34321,90.23006,0.0,-87.57278,-57.860382,0.0
11.8682995,-99.9792,0.0,-52.742477,-18.282648,0.0,86.38174,-78.444466,0.0
-41.81057,49.2054,0.0,-47.752167,-68.14359,0.0,26.053862,21.79536,0.0
61.476982,31.19254,0.0,55.74751,48.611828,0.0,0.8491923,-82.923134,0.0
-86.80856,-13.754122,0.0,-93.01314,-51.262497,0.0,-52.527813,-50.95681,0.0
-23.960718,0.90161127,0.0,28.386538,-29.324585,0.0,29.977512,-8.929531,0.0
52.56295,15.85719,0.0,33.819485,88.433304,0.0,-26.218697,-8.765755,0.0
63.524956,-50.54246,0.0,-6.5675693,31.448816,0.0,-49.09222,-87.11589,0.0
-86.14065,23.18594,0.0,-8.213942,95.58633,0.0,-31.521778,-40.85312,0.0
83.16236,77.82012,0.0,-89.64374,-77.76687,0.0,-31.075613,-87.8626,0.0
68.99361,21.3834,0.0,52.31233,55.79678,0.0,96.10848,-15.958857,0.0
-26.86968,88.350365,0.0,99.63267,26.010548,0.0,-3.1205084,-82.20032,0.0
-20.7253,28.8718,0.0,9.850246,98.990265,0.0,93.9466,-1.6173953,0.0
-96.36989,40.41582,0.0,-34.66135,35.690514,0.0,30.476543,20.175304,0.0
23.782743,75.24641,0.0,22.208008,90.61971,0.0,-39.698093,85.98568,0.0
-50.683887,65.07491,0.0,80.66176,-94.87581,0.0,-82.70218,0.4840663,0.0
38.806496,97.29482,0.0,51.465725,88.94485,0.0,-17.5198,86.410866,0.0
66.38,40.223694,0.0,14.956645,14.101183,0.0,-52.895473,84.43713,0.0
47.134617,-84.969315,0.0,-93.023476,63.003902,0.0,28.423983,-37.519417,0.0
-48.34111,44.124897,0.0,79.85298,21.036697,0.0,84.613686,23.880724,0.0
61.75208,-29.764639,0.0,68.49061,-90.166824,0.0,68.64102,-23.984097,0.0
62.957577,-42.948265,0.0,-92.31203,-84.15679,0.0,-58.019962,85.49499,0.0
25.712845,33.367783,0.0,68.137695,-40.41255,0.0,56.783924,-74.12235,0.0
-26.802265,-9.656571,0.0,-22.30864,96.17343,0.0,-39.68734,3.1312659,0.0
-26.370047,-48.408104,0.0,-84.534454,75.54986,0.0,-49.797832,12.199659,0.0
-24.26612,-30.727377,0.0,-73.67321,-94.50276,0.0,-31.711376,54.579407,0.0
-77.97697,67.53358,0.0,-80.59502,54.529495,0.0,64.985756,87.251495,0.0
-87.149475,45.989037,0.0,95.962135,-82.63668,0.0,63.59782,-61.268814,0.0
-87.71421,-41.191772,0.0,-36.32199,67.027794,0.0,29.91597,16.247969,0.0
53.248177,-46.678486,0.0,68.28008,-8.619091,0.0,-59.27829,97.38106,0.0
-85.45075,95.96059,0.0,-88.90879,-94.09684,0.0,-30.146643,88.711815,0.0
-50.96505,91.92251,0.0,66.062706,43.19268,0.0,71.00411,-87.77878,0.0
-42.80221,31.809734,0.0,64.92689,67.870605,0.0,-98.37045,90.438484,0.0
97.250984,44.19694,0.0,-93.876274,-52.20578,0.0,67.66432,-54.91665,0.0
0.14513181,34.22614,0.0,-21.70083,13.470549,0.0,16.044685,82.429695,0.0
66.58733,64.42907,0.0,51.594566,-72.83048,0.0,16.627836,16.965488,0.0
64.733986,-38.696342,0.0,-30.32888,99.85759,0.0,34.68578,92.52853,0.0
-92.333755,47.28097,0.0,-79.8701,-21.84403,0.0,68.66255,-27.963528,0.0
-81.65529,-64.49089,0.0,55.307552,-45.560165,0.0,-3.1423504,85.100426,0.0
-25.637953,-85.44497,0.0,51.038174,-49.22113,0.0,-7.613302,87.970085,0.0
52.247528,41.4735,0.0,16.566221,89.720276,0.0,-94.67362,83.00209,0.0
-60.672073,80.00926,0.0,37.83777,-46.54283,0.0,27.144346,17.634062,0.0
-76.5123,-97.74686,0.0,67.09385,-59.37717,0.0,80.693886,12.680968,0.0
23.534513,-51.066658,0.0,-82.86001,64.774185,0.0,51.465996,-38.254726,0.0
-40.94375,62.52627,0.0,-9.956106,28.992786,0.0,63.880817,-74.81249,0.0
-79.869934,-59.811226,0.0,-38.373096,1.3173642,0.0,-5.317304,95.27773,0.0
-68.15554,-77.452614,0.0,20.869246,18.895712,0.0,-37.288277,-50.599476,0.0
-38.64589,-51.89355,0.0,86.57527,32.761795,0.0,-80.950134,65.99268,0.0
-10.113933,-85.65392,0.0,-17.852688,19.423338,0.0,-80.70274,-64.8018,0.0
-40.189224,-68.813484,0.0,60.01256,60.385155,0.0,-19.439508,-51.498096,0.0
22.843554,-43.780003,0.0,46.54044,-82.23,0.0,66.30302,-43.020214,0.0
-39.346756,-99.2169,0.0,60.365196,59.92786,0.0,-64.69018,88.743744,0.0
-93.076706,8.745131,0.0,15.287611,-37.667507,0.0,-99.5675,51.51193,0.0
-75.389595,21.879957,0.0,24.975039,-32.455986,0.0,94.73957,-15.215861,0.0
66.57272,-69.57749,0.0,67.35506,-91.71659,0.0,92.953384,-83.90736,0.0
30.526594,-45.34512,0.0,-92.213234,42.6892,0.0,-12.778484,83.21936,0.0
85.98695,-97.67811,0.0,30.47147,22.911074,0.0,-40.917892,-28.89372,0.0
43.108517,-45.06844,0.0,-96.98691,27.115404,0.0,65.05202,1.7060931,0.0
-50.53903,17.42239,0.0,-14.171934,99.16516,0.0,-31.718012,64.33613,0.0
9.5398035,12.572636,0.0,-42.724262,-45.785015,0.0,4.285993,-84.96313,0.0
-93.46852,94.06862,0.0,97.80456,16.216715,0.0,8.371277,-99.035904,0.0
64.477066,-98.91882,0.0,-43.25581,81.886314,0.0,-52.21401,-35.22832,0.0
48.03298,-85.16288,0.0,-34.8135,-50.579163,0.0,-96.54096,-94.851326,0.0
60.531708,70.437675,0.0,64.34259,28.948805,0.0,-26.897867,-52.933422,0.0
66.785225,-12.759076,0.0,-92.77733,96.45956,0.0,-83.00486,-9.896542,0.0
8.331906,97.626175,0.0,-89.80183,-39.97558,0.0,-66.84621,85.450554,0.0
97.50302,-91.2149,0.0,-4.31936,93.87409,0.0,12.8289585,-84.864586,0.0
90.08787,-43.859005,0.0,37.648567,81.69464,0.0,-17.955265,91.09619,0.0
16.683939,-52.30849,0.0,-43.115257,-21.506464,0.0,-98.58373,46.289383,0.0
-2.4308946,32.34103,0.0,74.39787,6.6252184,0.0,82.33407,-80.07317,0.0
-46.93861,1.068744,0.0,-91.17958,13.063967,0.0,-32.961327,-75.4667,0.0
-41.38041,-22.592037,0.0,84.8253,86.47368,0.0,39.471363,30.23164,0.0
69.314705,-48.51321,0.0,51.762306,31.232758,0.0,54.25602,-90.1583,0.0
8.568098,-97.83464,0.0,66.38747,55.697056,0.0,50.87196,33.039864,0.0
40.51987,-42.030025,0.0,69.21824,88.27574,0.0,-31.046036,25.069698,0.0
-87.47765,10.2649,0.0,69.121445,-40.288486,0.0,-48.857685,14.297837,0.0
62.303284,7.798123,0.0,-51.233303,-76.02038,0.0,-40.360756,-11.319665,0.0
20.114964,99.8832,0.0,-93.40984,-22.61507,0.0,-86.231445,-72.640236,0.0
-27.7561,87.278915,0.0,-92.07564,6.7328644,0.0,-51.574245,0.22520238,0.0
-93.78558,-75.11572,0.0,14.003954,-33.674877,0.0,57.15239,-4.7623715,0.0
56.951225,74.55491,0.0,-76.947716,57.116184,0.0,53.32221,-97.972725,0.0
60.236595,-96.17055,0.0,50.770866,-98.04947,0.0,56.40074,64.498,0.0
65.11389,-1.730963,0.0,-88.92895,49.33966,0.0,-1.7019258,99.16973,0.0
