"Step","lr_test: 1e-05 - train_loss","lr_test: 1e-05 - train_loss__MIN","lr_test: 1e-05 - train_loss__MAX","lr_test: 5e-05 - train_loss","lr_test: 5e-05 - train_loss__MIN","lr_test: 5e-05 - train_loss__MAX","lr_test: 0.0001 - train_loss","lr_test: 0.0001 - train_loss__MIN","lr_test: 0.0001 - train_loss__MAX","lr_test: 0.0005 - train_loss","lr_test: 0.0005 - train_loss__MIN","lr_test: 0.0005 - train_loss__MAX","lr_test: 0.001 - train_loss","lr_test: 0.001 - train_loss__MIN","lr_test: 0.001 - train_loss__MAX"
"0","-11.56879865670506","-11.56879865670506","-11.56879865670506","-11.905089740511738","-11.905089740511738","-11.905089740511738","-12.09902215305763","-12.09902215305763","-12.09902215305763","-12.150770706466481","-12.150770706466481","-12.150770706466481","-12.058986712105666","-12.058986712105666","-12.058986712105666"
"1","-11.827639434911028","-11.827639434911028","-11.827639434911028","-12.360269558580615","-12.360269558580615","-12.360269558580615","-12.375468483454064","-12.375468483454064","-12.375468483454064","-12.240932259378553","-12.240932259378553","-12.240932259378553","-12.054524916636792","-12.054524916636792","-12.054524916636792"
"2","-11.999202317829374","-11.999202317829374","-11.999202317829374","-12.422245641297932","-12.422245641297932","-12.422245641297932","-12.423402424100079","-12.423402424100079","-12.423402424100079","-12.288002762613417","-12.288002762613417","-12.288002762613417","-12.058613427077667","-12.058613427077667","-12.058613427077667"
"3","-12.11186540579494","-12.11186540579494","-12.11186540579494","-12.445966515359999","-12.445966515359999","-12.445966515359999","-12.427118096170545","-12.427118096170545","-12.427118096170545","-12.268119063558458","-12.268119063558458","-12.268119063558458","-12.259799896916256","-12.259799896916256","-12.259799896916256"
"4","-12.18004204955282","-12.18004204955282","-12.18004204955282","-12.44261266008208","-12.44261266008208","-12.44261266008208","-12.42218190205248","-12.42218190205248","-12.42218190205248","-12.304586567456209","-12.304586567456209","-12.304586567456209","-12.253641321689267","-12.253641321689267","-12.253641321689267"
"5","-12.237521014636076","-12.237521014636076","-12.237521014636076","-12.44201110888131","-12.44201110888131","-12.44201110888131","-12.444625262972675","-12.444625262972675","-12.444625262972675","-12.323245929766305","-12.323245929766305","-12.323245929766305","-12.272638646862175","-12.272638646862175","-12.272638646862175"
"6","-12.290555459034595","-12.290555459034595","-12.290555459034595","-12.459205772303328","-12.459205772303328","-12.459205772303328","-12.43605508683603","-12.43605508683603","-12.43605508683603","-12.369396608087081","-12.369396608087081","-12.369396608087081","-12.317989735663692","-12.317989735663692","-12.317989735663692"
"7","-12.335862932325918","-12.335862932325918","-12.335862932325918","-12.468836953368369","-12.468836953368369","-12.468836953368369","-12.426568296891224","-12.426568296891224","-12.426568296891224","-12.33331686333765","-12.33331686333765","-12.33331686333765","-12.336716845065732","-12.336716845065732","-12.336716845065732"
"8","-12.36276622965366","-12.36276622965366","-12.36276622965366","-12.467193760449373","-12.467193760449373","-12.467193760449373","-12.439594630953632","-12.439594630953632","-12.439594630953632","-12.368606374233584","-12.368606374233584","-12.368606374233584","-12.308412346658827","-12.308412346658827","-12.308412346658827"
"9","-12.383032207247577","-12.383032207247577","-12.383032207247577","-12.466707519338101","-12.466707519338101","-12.466707519338101","-12.430736928046505","-12.430736928046505","-12.430736928046505","-12.397077681143072","-12.397077681143072","-12.397077681143072","-12.36993152280397","-12.36993152280397","-12.36993152280397"
"10","-12.3957185624521","-12.3957185624521","-12.3957185624521","-12.472698163382615","-12.472698163382615","-12.472698163382615","-12.409487205215648","-12.409487205215648","-12.409487205215648","-12.41377616834037","-12.41377616834037","-12.41377616834037","-12.34520634518394","-12.34520634518394","-12.34520634518394"
"11","-12.40699163267884","-12.40699163267884","-12.40699163267884","-12.470236017734189","-12.470236017734189","-12.470236017734189","-12.40841398359854","-12.40841398359854","-12.40841398359854","-12.412484470802017","-12.412484470802017","-12.412484470802017","-12.34527618070192","-12.34527618070192","-12.34527618070192"
"12","-12.415459367293346","-12.415459367293346","-12.415459367293346","-12.471235190765768","-12.471235190765768","-12.471235190765768","-12.398249420938612","-12.398249420938612","-12.398249420938612","-12.451047957698002","-12.451047957698002","-12.451047957698002","-12.358974396427975","-12.358974396427975","-12.358974396427975"
"13","-12.422482128384747","-12.422482128384747","-12.422482128384747","-12.469082675402678","-12.469082675402678","-12.469082675402678","-12.38664676569685","-12.38664676569685","-12.38664676569685","-12.438260368154019","-12.438260368154019","-12.438260368154019","-12.351983082445361","-12.351983082445361","-12.351983082445361"
"14","-12.433375660377212","-12.433375660377212","-12.433375660377212","-12.457456806038","-12.457456806038","-12.457456806038","-12.420335033271886","-12.420335033271886","-12.420335033271886","-12.451536154445213","-12.451536154445213","-12.451536154445213","-12.364766603783716","-12.364766603783716","-12.364766603783716"
"15","-12.43702601179292","-12.43702601179292","-12.43702601179292","-12.46144285081308","-12.46144285081308","-12.46144285081308","-12.404368002203446","-12.404368002203446","-12.404368002203446","-12.461004269273975","-12.461004269273975","-12.461004269273975","-12.367227192166485","-12.367227192166485","-12.367227192166485"
"16","-12.443665637245662","-12.443665637245662","-12.443665637245662","-12.468858899949472","-12.468858899949472","-12.468858899949472","-12.378489252887194","-12.378489252887194","-12.378489252887194","-12.478323634666733","-12.478323634666733","-12.478323634666733","-12.383617533913142","-12.383617533913142","-12.383617533913142"
"17","-12.453208174886583","-12.453208174886583","-12.453208174886583","-12.471997212760057","-12.471997212760057","-12.471997212760057","-12.399521368968335","-12.399521368968335","-12.399521368968335","-12.488449917563909","-12.488449917563909","-12.488449917563909","-12.373477513277077","-12.373477513277077","-12.373477513277077"
"18","-12.45336695562435","-12.45336695562435","-12.45336695562435","-12.476963695091538","-12.476963695091538","-12.476963695091538","-12.396648141402233","-12.396648141402233","-12.396648141402233","-12.471416920046263","-12.471416920046263","-12.471416920046263","-12.38918328587013","-12.38918328587013","-12.38918328587013"
"19","-12.462286152417146","-12.462286152417146","-12.462286152417146","-12.468406109870235","-12.468406109870235","-12.468406109870235","-12.41650269906732","-12.41650269906732","-12.41650269906732","-12.464999657642993","-12.464999657642993","-12.464999657642993","-12.342720128312896","-12.342720128312896","-12.342720128312896"
"20","-12.462440647656404","-12.462440647656404","-12.462440647656404","-12.459114666226544","-12.459114666226544","-12.459114666226544","-12.4187807493572","-12.4187807493572","-12.4187807493572","-12.456653124169458","-12.456653124169458","-12.456653124169458","-12.308050385004357","-12.308050385004357","-12.308050385004357"
"21","-12.46460965313489","-12.46460965313489","-12.46460965313489","-12.465969894505754","-12.465969894505754","-12.465969894505754","-12.43735867512377","-12.43735867512377","-12.43735867512377","-12.473018646240234","-12.473018646240234","-12.473018646240234","-12.390221813057043","-12.390221813057043","-12.390221813057043"
"22","-12.465174131755587","-12.465174131755587","-12.465174131755587","-12.454069210004203","-12.454069210004203","-12.454069210004203","-12.433034196684632","-12.433034196684632","-12.433034196684632","-12.470617656466327","-12.470617656466327","-12.470617656466327","-12.399382989617843","-12.399382989617843","-12.399382989617843"
"23","-12.471126025236106","-12.471126025236106","-12.471126025236106","-12.476994876620136","-12.476994876620136","-12.476994876620136","-12.403451497041726","-12.403451497041726","-12.403451497041726","-12.484537003915522","-12.484537003915522","-12.484537003915522","-12.301952096480358","-12.301952096480358","-12.301952096480358"
"24","-12.469529031198237","-12.469529031198237","-12.469529031198237","-12.473536563825004","-12.473536563825004","-12.473536563825004","-12.409096488469764","-12.409096488469764","-12.409096488469764","-12.491849549209014","-12.491849549209014","-12.491849549209014","-12.303810083413426","-12.303810083413426","-12.303810083413426"
"25","-12.471195510671109","-12.471195510671109","-12.471195510671109","-12.482227253008492","-12.482227253008492","-12.482227253008492","-12.402247018451932","-12.402247018451932","-12.402247018451932","-12.488583130172536","-12.488583130172536","-12.488583130172536","-12.37673617012893","-12.37673617012893","-12.37673617012893"
"26","-12.47096358673482","-12.47096358673482","-12.47096358673482","-12.468435021895397","-12.468435021895397","-12.468435021895397","-12.442617331879049","-12.442617331879049","-12.442617331879049","-12.473064700259439","-12.473064700259439","-12.473064700259439","-12.365469389323946","-12.365469389323946","-12.365469389323946"
"27","-12.47360893442661","-12.47360893442661","-12.47360893442661","-12.468510434597354","-12.468510434597354","-12.468510434597354","-12.440785347660885","-12.440785347660885","-12.440785347660885","-12.478002161919315","-12.478002161919315","-12.478002161919315","-12.373414691490463","-12.373414691490463","-12.373414691490463"
"28","-12.475988279415082","-12.475988279415082","-12.475988279415082","-12.475375163404248","-12.475375163404248","-12.475375163404248","-12.438051960136317","-12.438051960136317","-12.438051960136317","-12.459839953651912","-12.459839953651912","-12.459839953651912","-12.416108107265037","-12.416108107265037","-12.416108107265037"
"29","-12.47624521617648","-12.47624521617648","-12.47624521617648","-12.474025895323935","-12.474025895323935","-12.474025895323935","-12.439085610305206","-12.439085610305206","-12.439085610305206","-12.490342103982274","-12.490342103982274","-12.490342103982274","-12.402421239056165","-12.402421239056165","-12.402421239056165"
"30","-12.477559838113905","-12.477559838113905","-12.477559838113905","-12.46561626241177","-12.46561626241177","-12.46561626241177","-12.440118161937859","-12.440118161937859","-12.440118161937859","-12.495404665983177","-12.495404665983177","-12.495404665983177","-12.348249387137498","-12.348249387137498","-12.348249387137498"
"31","-12.476644419416596","-12.476644419416596","-12.476644419416596","-12.469796216940578","-12.469796216940578","-12.469796216940578","-12.44731549371647","-12.44731549371647","-12.44731549371647","-12.509452783608738","-12.509452783608738","-12.509452783608738","-12.398607978337928","-12.398607978337928","-12.398607978337928"
"32","-12.480534770820714","-12.480534770820714","-12.480534770820714","-12.460824797425088","-12.460824797425088","-12.460824797425088","-12.476301760613163","-12.476301760613163","-12.476301760613163","-12.50345064718512","-12.50345064718512","-12.50345064718512","-12.397684531875804","-12.397684531875804","-12.397684531875804"
"33","-12.47949974446357","-12.47949974446357","-12.47949974446357","-12.453417270998411","-12.453417270998411","-12.453417270998411","-12.44681555108179","-12.44681555108179","-12.44681555108179","-12.503357187102113","-12.503357187102113","-12.503357187102113","-12.396526916117608","-12.396526916117608","-12.396526916117608"
"34","-12.478558673134334","-12.478558673134334","-12.478558673134334","-12.462992680223682","-12.462992680223682","-12.462992680223682","-12.440182589277436","-12.440182589277436","-12.440182589277436","-12.46945655195019","-12.46945655195019","-12.46945655195019","-12.425835223137577","-12.425835223137577","-12.425835223137577"
"35","-12.481156059458286","-12.481156059458286","-12.481156059458286","-12.459969279132311","-12.459969279132311","-12.459969279132311","-12.482801039007645","-12.482801039007645","-12.482801039007645","-12.457367015790336","-12.457367015790336","-12.457367015790336","-12.456522060346","-12.456522060346","-12.456522060346"
"36","-12.482408318338514","-12.482408318338514","-12.482408318338514","-12.472257493417475","-12.472257493417475","-12.472257493417475","-12.466117267367206","-12.466117267367206","-12.466117267367206","-12.5046373198304","-12.5046373198304","-12.5046373198304","-12.439682477637183","-12.439682477637183","-12.439682477637183"
"37","-12.485275365129302","-12.485275365129302","-12.485275365129302","-12.466083562826809","-12.466083562826809","-12.466083562826809","-12.4828708624538","-12.4828708624538","-12.4828708624538","-12.506436432464213","-12.506436432464213","-12.506436432464213","-12.430858925928044","-12.430858925928044","-12.430858925928044"
"38","-12.486169464980499","-12.486169464980499","-12.486169464980499","-12.459874503220185","-12.459874503220185","-12.459874503220185","-12.47312486624416","-12.47312486624416","-12.47312486624416","-12.509607133986075","-12.509607133986075","-12.509607133986075","-12.449170776560337","-12.449170776560337","-12.449170776560337"
"39","-12.48302338998529","-12.48302338998529","-12.48302338998529","-12.465828835209713","-12.465828835209713","-12.465828835209713","-12.473656907866273","-12.473656907866273","-12.473656907866273","-12.506582755076733","-12.506582755076733","-12.506582755076733","-12.432438005374957","-12.432438005374957","-12.432438005374957"
"40","-12.486277700979498","-12.486277700979498","-12.486277700979498","-12.465474177010451","-12.465474177010451","-12.465474177010451","-12.467362186576747","-12.467362186576747","-12.467362186576747","-12.503237446652182","-12.503237446652182","-12.503237446652182","-12.425149169149279","-12.425149169149279","-12.425149169149279"
"41","-12.488325010372114","-12.488325010372114","-12.488325010372114","-12.471319572835029","-12.471319572835029","-12.471319572835029","-12.479038600680195","-12.479038600680195","-12.479038600680195","-12.495141645021077","-12.495141645021077","-12.495141645021077","-12.429645924628536","-12.429645924628536","-12.429645924628536"
"42","-12.488446561596062","-12.488446561596062","-12.488446561596062","-12.47331222099594","-12.47331222099594","-12.47331222099594","-12.475317689436901","-12.475317689436901","-12.475317689436901","-12.510936483552184","-12.510936483552184","-12.510936483552184","-12.464110591743566","-12.464110591743566","-12.464110591743566"
"43","-12.49020372463178","-12.49020372463178","-12.49020372463178","-12.467909124833119","-12.467909124833119","-12.467909124833119","-12.47176655636558","-12.47176655636558","-12.47176655636558","-12.498159082630012","-12.498159082630012","-12.498159082630012","-12.428255081176758","-12.428255081176758","-12.428255081176758"
"44","-12.491675207886514","-12.491675207886514","-12.491675207886514","-12.474449833737143","-12.474449833737143","-12.474449833737143","-12.487003785145435","-12.487003785145435","-12.487003785145435","-12.503004931196381","-12.503004931196381","-12.503004931196381","-12.455570824538604","-12.455570824538604","-12.455570824538604"
"45","-12.489826974989493","-12.489826974989493","-12.489826974989493","-12.462951708443557","-12.462951708443557","-12.462951708443557","-12.499487550952766","-12.499487550952766","-12.499487550952766","-12.515339440937284","-12.515339440937284","-12.515339440937284","-12.45349997508375","-12.45349997508375","-12.45349997508375"
"46","-12.489335229125205","-12.489335229125205","-12.489335229125205","-12.450491591344905","-12.450491591344905","-12.450491591344905","-12.501107928119128","-12.501107928119128","-12.501107928119128","-12.514875339556344","-12.514875339556344","-12.514875339556344","-12.453034280221674","-12.453034280221674","-12.453034280221674"
"47","-12.48876656158061","-12.48876656158061","-12.48876656158061","-12.448540446124499","-12.448540446124499","-12.448540446124499","-12.502806071993671","-12.502806071993671","-12.502806071993671","-12.512232297583472","-12.512232297583472","-12.512232297583472","-12.424164108083218","-12.424164108083218","-12.424164108083218"
"48","-12.489475986625575","-12.489475986625575","-12.489475986625575","-12.44687011573888","-12.44687011573888","-12.44687011573888","-12.503255300884005","-12.503255300884005","-12.503255300884005","-12.517533121229727","-12.517533121229727","-12.517533121229727","-12.458225081238565","-12.458225081238565","-12.458225081238565"
"49","-12.492420836340022","-12.492420836340022","-12.492420836340022","-12.4507115762445","-12.4507115762445","-12.4507115762445","-12.499687919133827","-12.499687919133827","-12.499687919133827","-12.503801466543463","-12.503801466543463","-12.503801466543463","-12.45001288305355","-12.45001288305355","-12.45001288305355"
"50","-12.486879421185844","-12.486879421185844","-12.486879421185844","-12.451615128336073","-12.451615128336073","-12.451615128336073","-12.47685966008826","-12.47685966008826","-12.47685966008826","-12.481901096392281","-12.481901096392281","-12.481901096392281","-12.448686189289335","-12.448686189289335","-12.448686189289335"
"51","-12.492223136032685","-12.492223136032685","-12.492223136032685","-12.439007686663277","-12.439007686663277","-12.439007686663277","-12.49295087403889","-12.49295087403889","-12.49295087403889","-12.47626642637615","-12.47626642637615","-12.47626642637615","-12.447521740877175","-12.447521740877175","-12.447521740877175"
"52","-12.491563990146298","-12.491563990146298","-12.491563990146298","-12.454644504981705","-12.454644504981705","-12.454644504981705","-12.506193185154396","-12.506193185154396","-12.506193185154396","-12.486825894705857","-12.486825894705857","-12.486825894705857","-12.477046000806592","-12.477046000806592","-12.477046000806592"
"53","-12.49059550369842","-12.49059550369842","-12.49059550369842","-12.459238885324213","-12.459238885324213","-12.459238885324213","-12.503409252891057","-12.503409252891057","-12.503409252891057","-12.495834821387183","-12.495834821387183","-12.495834821387183","-12.471131590348255","-12.471131590348255","-12.471131590348255"
"54","-12.494731601280503","-12.494731601280503","-12.494731601280503","-12.460710827308365","-12.460710827308365","-12.460710827308365","-12.492559529558013","-12.492559529558013","-12.492559529558013","-12.50066134295886","-12.50066134295886","-12.50066134295886","-12.413033014611353","-12.413033014611353","-12.413033014611353"
"55","-12.493398775028277","-12.493398775028277","-12.493398775028277","-12.47078601016274","-12.47078601016274","-12.47078601016274","-12.49405153491829","-12.49405153491829","-12.49405153491829","-12.485360242143463","-12.485360242143463","-12.485360242143463","-12.434085785588131","-12.434085785588131","-12.434085785588131"
"56","-12.494237127183359","-12.494237127183359","-12.494237127183359","-12.479742038099072","-12.479742038099072","-12.479742038099072","-12.503267710721946","-12.503267710721946","-12.503267710721946","-12.485683948178835","-12.485683948178835","-12.485683948178835","-12.492467868177197","-12.492467868177197","-12.492467868177197"
"57","-12.49261470987827","-12.49261470987827","-12.49261470987827","-12.481460836869251","-12.481460836869251","-12.481460836869251","-12.513837886762015","-12.513837886762015","-12.513837886762015","-12.49102064929431","-12.49102064929431","-12.49102064929431","-12.461388841460023","-12.461388841460023","-12.461388841460023"
"58","-12.49488714676869","-12.49488714676869","-12.49488714676869","-12.488379961327661","-12.488379961327661","-12.488379961327661","-12.515467172936548","-12.515467172936548","-12.515467172936548","-12.502222157731842","-12.502222157731842","-12.502222157731842","-12.373230040827885","-12.373230040827885","-12.373230040827885"
"59","-12.495294136337087","-12.495294136337087","-12.495294136337087","-12.482425255111501","-12.482425255111501","-12.482425255111501","-12.503703974470307","-12.503703974470307","-12.503703974470307","-12.496072515656676","-12.496072515656676","-12.496072515656676","-12.31073847903481","-12.31073847903481","-12.31073847903481"
"60","-12.496736285052721","-12.496736285052721","-12.496736285052721","-12.483476240423661","-12.483476240423661","-12.483476240423661","-12.509654093392287","-12.509654093392287","-12.509654093392287","-12.50073761276052","-12.50073761276052","-12.50073761276052","-12.417086987555782","-12.417086987555782","-12.417086987555782"
"61","-12.49826498876644","-12.49826498876644","-12.49826498876644","-12.485874055307123","-12.485874055307123","-12.485874055307123","-12.495614896846723","-12.495614896846723","-12.495614896846723","-12.529088442838646","-12.529088442838646","-12.529088442838646","-12.437078838106952","-12.437078838106952","-12.437078838106952"
"62","-12.49615508695192","-12.49615508695192","-12.49615508695192","-12.484790403631669","-12.484790403631669","-12.484790403631669","-12.513038707684867","-12.513038707684867","-12.513038707684867","-12.504278533066376","-12.504278533066376","-12.504278533066376","-12.446018508717984","-12.446018508717984","-12.446018508717984"
"63","-12.496887110456635","-12.496887110456635","-12.496887110456635","-12.48406200167499","-12.48406200167499","-12.48406200167499","-12.511149092565608","-12.511149092565608","-12.511149092565608","-12.494374697721458","-12.494374697721458","-12.494374697721458","-12.440193272844146","-12.440193272844146","-12.440193272844146"
"64","-12.499968323526502","-12.499968323526502","-12.499968323526502","-12.483478437496137","-12.483478437496137","-12.483478437496137","-12.526781239087068","-12.526781239087068","-12.526781239087068","-12.470101320290867","-12.470101320290867","-12.470101320290867","-12.470672329769858","-12.470672329769858","-12.470672329769858"
"65","-12.498501282704028","-12.498501282704028","-12.498501282704028","-12.489091764522504","-12.489091764522504","-12.489091764522504","-12.531788813916943","-12.531788813916943","-12.531788813916943","-12.483684491507615","-12.483684491507615","-12.483684491507615","-12.475503885293309","-12.475503885293309","-12.475503885293309"
"66","-12.500253399716147","-12.500253399716147","-12.500253399716147","-12.491809615605995","-12.491809615605995","-12.491809615605995","-12.525712822057024","-12.525712822057024","-12.525712822057024","-12.492314507689658","-12.492314507689658","-12.492314507689658","-12.440937404391132","-12.440937404391132","-12.440937404391132"
"67","-12.498660848110537","-12.498660848110537","-12.498660848110537","-12.493366265598732","-12.493366265598732","-12.493366265598732","-12.524277155912376","-12.524277155912376","-12.524277155912376","-12.5094196464442","-12.5094196464442","-12.5094196464442","-12.477114834362947","-12.477114834362947","-12.477114834362947"
"68","-12.498220009139821","-12.498220009139821","-12.498220009139821","-12.491986214360104","-12.491986214360104","-12.491986214360104","-12.490430204174187","-12.490430204174187","-12.490430204174187","-12.493304457845568","-12.493304457845568","-12.493304457845568","-12.453061284898203","-12.453061284898203","-12.453061284898203"
"69","-12.495318581786337","-12.495318581786337","-12.495318581786337","-12.494103383414354","-12.494103383414354","-12.494103383414354","-12.51213035100623","-12.51213035100623","-12.51213035100623","-12.488288312018673","-12.488288312018673","-12.488288312018673","-12.482101706009876","-12.482101706009876","-12.482101706009876"
"70","-12.49607163441332","-12.49607163441332","-12.49607163441332","-12.492794676672053","-12.492794676672053","-12.492794676672053","-12.523341130606736","-12.523341130606736","-12.523341130606736","-12.485518491720851","-12.485518491720851","-12.485518491720851","-12.471876735928692","-12.471876735928692","-12.471876735928692"
"71","-12.495093562934972","-12.495093562934972","-12.495093562934972","-12.502001979683019","-12.502001979683019","-12.502001979683019","-12.520603155787986","-12.520603155787986","-12.520603155787986","-12.482781748228435","-12.482781748228435","-12.482781748228435","-12.452151721036888","-12.452151721036888","-12.452151721036888"
"72","-12.49431327626675","-12.49431327626675","-12.49431327626675","-12.495585960677907","-12.495585960677907","-12.495585960677907","-12.519946400123306","-12.519946400123306","-12.519946400123306","-12.528805189494845","-12.528805189494845","-12.528805189494845","-12.44939181170886","-12.44939181170886","-12.44939181170886"
"73","-12.496894981287703","-12.496894981287703","-12.496894981287703","-12.503719124612928","-12.503719124612928","-12.503719124612928","-12.518560916562624","-12.518560916562624","-12.518560916562624","-12.513379652288895","-12.513379652288895","-12.513379652288895","-12.401069798047029","-12.401069798047029","-12.401069798047029"
"74","-12.496185954613022","-12.496185954613022","-12.496185954613022","-12.498669274245636","-12.498669274245636","-12.498669274245636","-12.532530748391453","-12.532530748391453","-12.532530748391453","-12.51827290691907","-12.51827290691907","-12.51827290691907","-12.467758311501033","-12.467758311501033","-12.467758311501033"
"75","-12.49477437176282","-12.49477437176282","-12.49477437176282","-12.505560259275798","-12.505560259275798","-12.505560259275798","-12.539078012297425","-12.539078012297425","-12.539078012297425","-12.53832477859304","-12.53832477859304","-12.53832477859304","-12.450846020179458","-12.450846020179458","-12.450846020179458"
"76","-12.494612222985376","-12.494612222985376","-12.494612222985376","-12.509098620354374","-12.509098620354374","-12.509098620354374","-12.523566885839534","-12.523566885839534","-12.523566885839534","-12.49433459511286","-12.49433459511286","-12.49433459511286","-12.471700499329385","-12.471700499329385","-12.471700499329385"
"77","-12.493478207648556","-12.493478207648556","-12.493478207648556","-12.495948006835166","-12.495948006835166","-12.495948006835166","-12.535877927949157","-12.535877927949157","-12.535877927949157","-12.515365021138251","-12.515365021138251","-12.515365021138251","-12.446582516537436","-12.446582516537436","-12.446582516537436"
"78","-12.494734232938743","-12.494734232938743","-12.494734232938743","-12.488242257999469","-12.488242257999469","-12.488242257999469","-12.523447773124598","-12.523447773124598","-12.523447773124598","-12.467983789081815","-12.467983789081815","-12.467983789081815","-12.46226014970224","-12.46226014970224","-12.46226014970224"
"79","-12.496006144752986","-12.496006144752986","-12.496006144752986","-12.483569724650323","-12.483569724650323","-12.483569724650323","-12.535860532446753","-12.535860532446753","-12.535860532446753","-12.511336676682099","-12.511336676682099","-12.511336676682099","-12.474000278907486","-12.474000278907486","-12.474000278907486"
"80","-12.501311350472365","-12.501311350472365","-12.501311350472365","-12.485358467584923","-12.485358467584923","-12.485358467584923","-12.526766137231755","-12.526766137231755","-12.526766137231755","-12.525490374504765","-12.525490374504765","-12.525490374504765","-12.411999581735346","-12.411999581735346","-12.411999581735346"
"81","-12.498831447166733","-12.498831447166733","-12.498831447166733","-12.512698596036888","-12.512698596036888","-12.512698596036888","-12.52349924739403","-12.52349924739403","-12.52349924739403","-12.507933302770686","-12.507933302770686","-12.507933302770686","-12.424491025224517","-12.424491025224517","-12.424491025224517"
"82","-12.49755784529674","-12.49755784529674","-12.49755784529674","-12.511703346349016","-12.511703346349016","-12.511703346349016","-12.522746641424638","-12.522746641424638","-12.522746641424638","-12.526661595211753","-12.526661595211753","-12.526661595211753","-12.42999921871137","-12.42999921871137","-12.42999921871137"
"83","-12.49778404718713","-12.49778404718713","-12.49778404718713","-12.500092264972155","-12.500092264972155","-12.500092264972155","-12.54302820374694","-12.54302820374694","-12.54302820374694","-12.521533797058877","-12.521533797058877","-12.521533797058877","-12.457370637338373","-12.457370637338373","-12.457370637338373"
"84","-12.499412753913976","-12.499412753913976","-12.499412753913976","-12.504834356187265","-12.504834356187265","-12.504834356187265","-12.543428481379642","-12.543428481379642","-12.543428481379642","-12.528557354890847","-12.528557354890847","-12.528557354890847","-12.46014663841151","-12.46014663841151","-12.46014663841151"
"85","-12.493586902376972","-12.493586902376972","-12.493586902376972","-12.502014317089998","-12.502014317089998","-12.502014317089998","-12.544822149638888","-12.544822149638888","-12.544822149638888","-12.506140576133244","-12.506140576133244","-12.506140576133244","-12.468170443667642","-12.468170443667642","-12.468170443667642"
"86","-12.495620111875896","-12.495620111875896","-12.495620111875896","-12.508655101438112","-12.508655101438112","-12.508655101438112","-12.55069384997404","-12.55069384997404","-12.55069384997404","-12.53246449820603","-12.53246449820603","-12.53246449820603","-12.494135868700244","-12.494135868700244","-12.494135868700244"
"87","-12.497966054119642","-12.497966054119642","-12.497966054119642","-12.513333851778054","-12.513333851778054","-12.513333851778054","-12.541986562028717","-12.541986562028717","-12.541986562028717","-12.527837789511379","-12.527837789511379","-12.527837789511379","-12.484698030013073","-12.484698030013073","-12.484698030013073"
"88","-12.496454299250736","-12.496454299250736","-12.496454299250736","-12.514086457747448","-12.514086457747448","-12.514086457747448","-12.542171188547641","-12.542171188547641","-12.542171188547641","-12.507284200644191","-12.507284200644191","-12.507284200644191","-12.474284365207334","-12.474284365207334","-12.474284365207334"
"89","-12.497264391259302","-12.497264391259302","-12.497264391259302","-12.507636722130112","-12.507636722130112","-12.507636722130112","-12.541931852509704","-12.541931852509704","-12.541931852509704","-12.452432161645044","-12.452432161645044","-12.452432161645044","-12.49555248550222","-12.49555248550222","-12.49555248550222"
"90","-12.499277525310275","-12.499277525310275","-12.499277525310275","-12.514191084270236","-12.514191084270236","-12.514191084270236","-12.54914300652999","-12.54914300652999","-12.54914300652999","-12.501545966426029","-12.501545966426029","-12.501545966426029","-12.4684060495111","-12.4684060495111","-12.4684060495111"
"91","-12.493646995930732","-12.493646995930732","-12.493646995930732","-12.513950541049619","-12.513950541049619","-12.513950541049619","-12.546517227269426","-12.546517227269426","-12.546517227269426","-12.523230154303056","-12.523230154303056","-12.523230154303056","-12.483642481550385","-12.483642481550385","-12.483642481550385"
"92","-12.494819351389438","-12.494819351389438","-12.494819351389438","-12.505657183973096","-12.505657183973096","-12.505657183973096","-12.548038482666016","-12.548038482666016","-12.548038482666016","-12.527140653586086","-12.527140653586086","-12.527140653586086","-12.464547845381725","-12.464547845381725","-12.464547845381725"
"93","-12.49476898772807","-12.49476898772807","-12.49476898772807","-12.516773368738875","-12.516773368738875","-12.516773368738875","-12.553407258625272","-12.553407258625272","-12.553407258625272","-12.503603126429304","-12.503603126429304","-12.503603126429304","-12.480884382996377","-12.480884382996377","-12.480884382996377"
"94","-12.496134407912628","-12.496134407912628","-12.496134407912628","-12.522272520427462","-12.522272520427462","-12.522272520427462","-12.552691182003745","-12.552691182003745","-12.552691182003745","-12.522610773014117","-12.522610773014117","-12.522610773014117","-12.479477568517757","-12.479477568517757","-12.479477568517757"
"95","-12.49772244465502","-12.49772244465502","-12.49772244465502","-12.50956627085239","-12.50956627085239","-12.50956627085239","-12.547594360158413","-12.547594360158413","-12.547594360158413","-12.50924838343753","-12.50924838343753","-12.50924838343753","-12.479413986206055","-12.479413986206055","-12.479413986206055"
"96","-12.49735089797008","-12.49735089797008","-12.49735089797008","-12.504253302948385","-12.504253302948385","-12.504253302948385","-12.536520547504667","-12.536520547504667","-12.536520547504667","-12.511288546308686","-12.511288546308686","-12.511288546308686","-12.486205825322791","-12.486205825322791","-12.486205825322791"
"97","-12.49910530862929","-12.49910530862929","-12.49910530862929","-12.49065947230858","-12.49065947230858","-12.49065947230858","-12.526863303365587","-12.526863303365587","-12.526863303365587","-12.520484200006798","-12.520484200006798","-12.520484200006798","-12.49194542365738","-12.49194542365738","-12.49194542365738"
"98","-12.500336598746385","-12.500336598746385","-12.500336598746385","-12.479224289519877","-12.479224289519877","-12.479224289519877","-12.530286366426491","-12.530286366426491","-12.530286366426491","-12.525869755805294","-12.525869755805294","-12.525869755805294","-12.475501784795448","-12.475501784795448","-12.475501784795448"
"99","-12.501168830485284","-12.501168830485284","-12.501168830485284","-12.481171632114846","-12.481171632114846","-12.481171632114846","-12.542903453488893","-12.542903453488893","-12.542903453488893","-12.533222476138345","-12.533222476138345","-12.533222476138345","-12.467064579830893","-12.467064579830893","-12.467064579830893"
"100","-12.500587934180151","-12.500587934180151","-12.500587934180151","-12.495975904826876","-12.495975904826876","-12.495975904826876","-12.550755766373646","-12.550755766373646","-12.550755766373646","-12.528313190122194","-12.528313190122194","-12.528313190122194","-12.476129869871501","-12.476129869871501","-12.476129869871501"
"101","-12.502480060239382","-12.502480060239382","-12.502480060239382","-12.516496730756156","-12.516496730756156","-12.516496730756156","-12.55405695227128","-12.55405695227128","-12.55405695227128","-12.49183252793324","-12.49183252793324","-12.49183252793324","-12.494555907913401","-12.494555907913401","-12.494555907913401"
"102","-12.502853526344783","-12.502853526344783","-12.502853526344783","-12.50975844226306","-12.50975844226306","-12.50975844226306","-12.548680426199224","-12.548680426199224","-12.548680426199224","-12.527569336227224","-12.527569336227224","-12.527569336227224","-12.484714833995964","-12.484714833995964","-12.484714833995964"
"103","-12.50374334069747","-12.50374334069747","-12.50374334069747","-12.509253369101994","-12.509253369101994","-12.509253369101994","-12.543487826480142","-12.543487826480142","-12.543487826480142","-12.546509054642689","-12.546509054642689","-12.546509054642689","-12.486022490489331","-12.486022490489331","-12.486022490489331"
"104","-12.50072998336599","-12.50072998336599","-12.50072998336599","-12.503836426553846","-12.503836426553846","-12.503836426553846","-12.546919122526917","-12.546919122526917","-12.546919122526917","-12.534468928469888","-12.534468928469888","-12.534468928469888","-12.474474146396298","-12.474474146396298","-12.474474146396298"
"105","-12.499056333228003","-12.499056333228003","-12.499056333228003","-12.513073607336116","-12.513073607336116","-12.513073607336116","-12.542828801312025","-12.542828801312025","-12.542828801312025","-12.536387419398826","-12.536387419398826","-12.536387419398826","-12.481635697280304","-12.481635697280304","-12.481635697280304"
"106","-12.500410128243361","-12.500410128243361","-12.500410128243361","-12.514144957820072","-12.514144957820072","-12.514144957820072","-12.552342245850381","-12.552342245850381","-12.552342245850381","-12.548823863645143","-12.548823863645143","-12.548823863645143","-12.464991303938854","-12.464991303938854","-12.464991303938854"
"107","-12.501888432080232","-12.501888432080232","-12.501888432080232","-12.506184324433532","-12.506184324433532","-12.506184324433532","-12.545731713500205","-12.545731713500205","-12.545731713500205","-12.534109538114524","-12.534109538114524","-12.534109538114524","-12.456395125087303","-12.456395125087303","-12.456395125087303"
"108","-12.50247826153719","-12.50247826153719","-12.50247826153719","-12.51690154739573","-12.51690154739573","-12.51690154739573","-12.545729757864263","-12.545729757864263","-12.545729757864263","-12.540791173524495","-12.540791173524495","-12.540791173524495","-12.454709258260607","-12.454709258260607","-12.454709258260607"
"109","-12.503603995600834","-12.503603995600834","-12.503603995600834","-12.519555635090116","-12.519555635090116","-12.519555635090116","-12.54772122298615","-12.54772122298615","-12.54772122298615","-12.534378124188773","-12.534378124188773","-12.534378124188773","-12.479235009302068","-12.479235009302068","-12.479235009302068"
"110","-12.499813393701482","-12.499813393701482","-12.499813393701482","-12.516576549674891","-12.516576549674891","-12.516576549674891","-12.55524403535867","-12.55524403535867","-12.55524403535867","-12.536490730092495","-12.536490730092495","-12.536490730092495","-12.467051361180559","-12.467051361180559","-12.467051361180559"
"111","-12.500366561020478","-12.500366561020478","-12.500366561020478","-12.518773018559322","-12.518773018559322","-12.518773018559322","-12.559434347514864","-12.559434347514864","-12.559434347514864","-12.528938764258276","-12.528938764258276","-12.528938764258276","-12.492638431017912","-12.492638431017912","-12.492638431017912"
"112","-12.50037963480889","-12.50037963480889","-12.50037963480889","-12.517063092581834","-12.517063092581834","-12.517063092581834","-12.55728019038333","-12.55728019038333","-12.55728019038333","-12.523791011375717","-12.523791011375717","-12.523791011375717","-12.487860329543487","-12.487860329543487","-12.487860329543487"
"113","-12.503817340995692","-12.503817340995692","-12.503817340995692","-12.51219277442256","-12.51219277442256","-12.51219277442256","-12.559310623362094","-12.559310623362094","-12.559310623362094","-12.535307799713522","-12.535307799713522","-12.535307799713522","-12.490712660777417","-12.490712660777417","-12.490712660777417"
"114","-12.50072527535354","-12.50072527535354","-12.50072527535354","-12.5188681324826","-12.5188681324826","-12.5188681324826","-12.567267031609257","-12.567267031609257","-12.567267031609257","-12.527426212648802","-12.527426212648802","-12.527426212648802","-12.484124328516707","-12.484124328516707","-12.484124328516707"
"115","-12.502771341347996","-12.502771341347996","-12.502771341347996","-12.522562896149068","-12.522562896149068","-12.522562896149068","-12.565530595900137","-12.565530595900137","-12.565530595900137","-12.543658920481235","-12.543658920481235","-12.543658920481235","-12.492347789716117","-12.492347789716117","-12.492347789716117"
"116","-12.505721973467477","-12.505721973467477","-12.505721973467477","-12.518936797033382","-12.518936797033382","-12.518936797033382","-12.559239399584033","-12.559239399584033","-12.559239399584033","-12.550392464746404","-12.550392464746404","-12.550392464746404","-12.466114683996272","-12.466114683996272","-12.466114683996272"
"117","-12.507539000692248","-12.507539000692248","-12.507539000692248","-12.509831126732163","-12.509831126732163","-12.509831126732163","-12.56230482270446","-12.56230482270446","-12.56230482270446","-12.53254482414149","-12.53254482414149","-12.53254482414149","-12.493416315392603","-12.493416315392603","-12.493416315392603"
"118","-12.508829792843589","-12.508829792843589","-12.508829792843589","-12.5193712379359","-12.5193712379359","-12.5193712379359","-12.557762145996094","-12.557762145996094","-12.557762145996094","-12.530191844022728","-12.530191844022728","-12.530191844022728","-12.467002530641194","-12.467002530641194","-12.467002530641194"
"119","-12.509386714500717","-12.509386714500717","-12.509386714500717","-12.532392984704126","-12.532392984704126","-12.532392984704126","-12.560909560964078","-12.560909560964078","-12.560909560964078","-12.53446929062469","-12.53446929062469","-12.53446929062469","-12.4669078150882","-12.4669078150882","-12.4669078150882"
"120","-12.506132125854492","-12.506132125854492","-12.506132125854492","-12.531546773789804","-12.531546773789804","-12.531546773789804","-12.565509892717193","-12.565509892717193","-12.565509892717193","-12.541748867759221","-12.541748867759221","-12.541748867759221","-12.506346835365779","-12.506346835365779","-12.506346835365779"
"121","-12.507416181926486","-12.507416181926486","-12.507416181926486","-12.522088135345072","-12.522088135345072","-12.522088135345072","-12.560175183453138","-12.560175183453138","-12.560175183453138","-12.53570169134985","-12.53570169134985","-12.53570169134985","-12.501766772209843","-12.501766772209843","-12.501766772209843"
"122","-12.505779109423674","-12.505779109423674","-12.505779109423674","-12.526023780243307","-12.526023780243307","-12.526023780243307","-12.55660501311097","-12.55660501311097","-12.55660501311097","-12.537360794936554","-12.537360794936554","-12.537360794936554","-12.492757736882076","-12.492757736882076","-12.492757736882076"
"123","-12.507190438765514","-12.507190438765514","-12.507190438765514","-12.528352182122726","-12.528352182122726","-12.528352182122726","-12.55834472028515","-12.55834472028515","-12.55834472028515","-12.547716080387936","-12.547716080387936","-12.547716080387936","-12.501356245596197","-12.501356245596197","-12.501356245596197"
"124","-12.509910776645322","-12.509910776645322","-12.509910776645322","-12.534926861147337","-12.534926861147337","-12.534926861147337","-12.561804300622095","-12.561804300622095","-12.561804300622095","-12.552937881856025","-12.552937881856025","-12.552937881856025","-12.52766750432268","-12.52766750432268","-12.52766750432268"
"125","-12.509745827204064","-12.509745827204064","-12.509745827204064","-12.539794499361061","-12.539794499361061","-12.539794499361061","-12.564190164397035","-12.564190164397035","-12.564190164397035","-12.534724464899377","-12.534724464899377","-12.534724464899377","-12.50637240349492","-12.50637240349492","-12.50637240349492"
"126","-12.507285564760618","-12.507285564760618","-12.507285564760618","-12.533550479744054","-12.533550479744054","-12.533550479744054","-12.569470248644866","-12.569470248644866","-12.569470248644866","-12.538368418246884","-12.538368418246884","-12.538368418246884","-12.50333534916745","-12.50333534916745","-12.50333534916745"
"127","-12.50963903982428","-12.50963903982428","-12.50963903982428","-12.527209281921387","-12.527209281921387","-12.527209281921387","-12.568601125403296","-12.568601125403296","-12.568601125403296","-12.548913521102712","-12.548913521102712","-12.548913521102712","-12.488013279588916","-12.488013279588916","-12.488013279588916"
"128","-12.510115502755854","-12.510115502755854","-12.510115502755854","-12.530058112325548","-12.530058112325548","-12.530058112325548","-12.57131377352944","-12.57131377352944","-12.57131377352944","-12.509905839268166","-12.509905839268166","-12.509905839268166","-12.51735564123226","-12.51735564123226","-12.51735564123226"
"129","-12.51006027414829","-12.51006027414829","-12.51006027414829","-12.538075917883765","-12.538075917883765","-12.538075917883765","-12.56978334354449","-12.56978334354449","-12.56978334354449","-12.536445907399624","-12.536445907399624","-12.536445907399624","-12.51294734809972","-12.51294734809972","-12.51294734809972"
"130","-12.513258523578886","-12.513258523578886","-12.513258523578886","-12.537553425076641","-12.537553425076641","-12.537553425076641","-12.5624229455296","-12.5624229455296","-12.5624229455296","-12.539265451551993","-12.539265451551993","-12.539265451551993","-12.515965196150768","-12.515965196150768","-12.515965196150768"
"131","-12.513213556024093","-12.513213556024093","-12.513213556024093","-12.539184896251824","-12.539184896251824","-12.539184896251824","-12.564812479139883","-12.564812479139883","-12.564812479139883","-12.548528586761861","-12.548528586761861","-12.548528586761861","-12.527211841148667","-12.527211841148667","-12.527211841148667"
"132","-12.509230468846575","-12.509230468846575","-12.509230468846575","-12.534056977380681","-12.534056977380681","-12.534056977380681","-12.565984472443786","-12.565984472443786","-12.565984472443786","-12.538455733770057","-12.538455733770057","-12.538455733770057","-12.509585392626025","-12.509585392626025","-12.509585392626025"
"133","-12.509138481526435","-12.509138481526435","-12.509138481526435","-12.53021736386456","-12.53021736386456","-12.53021736386456","-12.563744267330893","-12.563744267330893","-12.563744267330893","-12.535065385359752","-12.535065385359752","-12.535065385359752","-12.491886561429954","-12.491886561429954","-12.491886561429954"
"134","-12.507377865948255","-12.507377865948255","-12.507377865948255","-12.53121108043043","-12.53121108043043","-12.53121108043043","-12.574215225026578","-12.574215225026578","-12.574215225026578","-12.52708159820943","-12.52708159820943","-12.52708159820943","-12.50918464419208","-12.50918464419208","-12.50918464419208"
"135","-12.506475170956382","-12.506475170956382","-12.506475170956382","-12.527703647372089","-12.527703647372089","-12.527703647372089","-12.571533492848843","-12.571533492848843","-12.571533492848843","-12.540225692942172","-12.540225692942172","-12.540225692942172","-12.510263273987588","-12.510263273987588","-12.510263273987588"
"136","-12.504753233511236","-12.504753233511236","-12.504753233511236","-12.52778182452238","-12.52778182452238","-12.52778182452238","-12.56367305562466","-12.56367305562466","-12.56367305562466","-12.541227244123627","-12.541227244123627","-12.541227244123627","-12.503196185148216","-12.503196185148216","-12.503196185148216"
"137","-12.508935747267325","-12.508935747267325","-12.508935747267325","-12.5171760003778","-12.5171760003778","-12.5171760003778","-12.563639918460122","-12.563639918460122","-12.563639918460122","-12.556660760807086","-12.556660760807086","-12.556660760807086","-12.503795768641218","-12.503795768641218","-12.503795768641218"
"138","-12.511707004112534","-12.511707004112534","-12.511707004112534","-12.525624746008765","-12.525624746008765","-12.525624746008765","-12.56088631062568","-12.56088631062568","-12.56088631062568","-12.544508897805516","-12.544508897805516","-12.544508897805516","-12.513118200664278","-12.513118200664278","-12.513118200664278"
"139","-12.508415222167969","-12.508415222167969","-12.508415222167969","-12.536818154250518","-12.536818154250518","-12.536818154250518","-12.56830491898935","-12.56830491898935","-12.56830491898935","-12.550695950471901","-12.550695950471901","-12.550695950471901","-12.508993438527554","-12.508993438527554","-12.508993438527554"
"140","-12.5091846079766","-12.5091846079766","-12.5091846079766","-12.53725039808056","-12.53725039808056","-12.53725039808056","-12.575556887856013","-12.575556887856013","-12.575556887856013","-12.547489468055435","-12.547489468055435","-12.547489468055435","-12.502868604056443","-12.502868604056443","-12.502868604056443"
"141","-12.50523337834998","-12.50523337834998","-12.50523337834998","-12.540698425679267","-12.540698425679267","-12.540698425679267","-12.573830894277066","-12.573830894277066","-12.573830894277066","-12.539609691764735","-12.539609691764735","-12.539609691764735","-12.502844327612769","-12.502844327612769","-12.502844327612769"
"142","-12.507014009016979","-12.507014009016979","-12.507014009016979","-12.537633594078354","-12.537633594078354","-12.537633594078354","-12.564575666113745","-12.564575666113745","-12.564575666113745","-12.53068523165546","-12.53068523165546","-12.53068523165546","-12.5016476112076","-12.5016476112076","-12.5016476112076"
"143","-12.508544269996353","-12.508544269996353","-12.508544269996353","-12.533280952067315","-12.533280952067315","-12.533280952067315","-12.566865450219263","-12.566865450219263","-12.566865450219263","-12.532356286350685","-12.532356286350685","-12.532356286350685","-12.512447912481766","-12.512447912481766","-12.512447912481766"
"144","-12.509337038933475","-12.509337038933475","-12.509337038933475","-12.537113358702841","-12.537113358702841","-12.537113358702841","-12.559410397010513","-12.559410397010513","-12.559410397010513","-12.5468161498444","-12.5468161498444","-12.5468161498444","-12.517668989640248","-12.517668989640248","-12.517668989640248"
"145","-12.509132530115828","-12.509132530115828","-12.509132530115828","-12.537428035011775","-12.537428035011775","-12.537428035011775","-12.562233055694193","-12.562233055694193","-12.562233055694193","-12.547532310968712","-12.547532310968712","-12.547532310968712","-12.50368129150777","-12.50368129150777","-12.50368129150777"
"146","-12.505598056165478","-12.505598056165478","-12.505598056165478","-12.537929860851433","-12.537929860851433","-12.537929860851433","-12.569287191463422","-12.569287191463422","-12.569287191463422","-12.52919834474974","-12.52919834474974","-12.52919834474974","-12.482520876051504","-12.482520876051504","-12.482520876051504"
"147","-12.507049307038512","-12.507049307038512","-12.507049307038512","-12.532247567478615","-12.532247567478615","-12.532247567478615","-12.56711904308464","-12.56711904308464","-12.56711904308464","-12.540784437445145","-12.540784437445145","-12.540784437445145","-12.46637921393672","-12.46637921393672","-12.46637921393672"
"148","-12.512132934377163","-12.512132934377163","-12.512132934377163","-12.541021624697915","-12.541021624697915","-12.541021624697915","-12.56364564050602","-12.56364564050602","-12.56364564050602","-12.545348891729041","-12.545348891729041","-12.545348891729041","-12.495954634268072","-12.495954634268072","-12.495954634268072"
"149","-12.508732023118418","-12.508732023118418","-12.508732023118418","-12.542638295813452","-12.542638295813452","-12.542638295813452","-12.557534350624568","-12.557534350624568","-12.557534350624568","-12.5386537962322","-12.5386537962322","-12.5386537962322","-12.486205946041059","-12.486205946041059","-12.486205946041059"
"150","-12.510662923885297","-12.510662923885297","-12.510662923885297","-12.54320965537542","-12.54320965537542","-12.54320965537542","-12.549633400349677","-12.549633400349677","-12.549633400349677","-12.548839810528333","-12.548839810528333","-12.548839810528333","-12.483694354190103","-12.483694354190103","-12.483694354190103"
"151","-12.51160743568517","-12.51160743568517","-12.51160743568517","-12.542708203762393","-12.542708203762393","-12.542708203762393","-12.553828565380241","-12.553828565380241","-12.553828565380241","-12.551684017422833","-12.551684017422833","-12.551684017422833","-12.494591447371471","-12.494591447371471","-12.494591447371471"
"152","-12.512322148190268","-12.512322148190268","-12.512322148190268","-12.546784763094745","-12.546784763094745","-12.546784763094745","-12.563287903990927","-12.563287903990927","-12.563287903990927","-12.538293464274346","-12.538293464274346","-12.538293464274346","-12.51155452486835","-12.51155452486835","-12.51155452486835"
"153","-12.513249361062352","-12.513249361062352","-12.513249361062352","-12.545719303662263","-12.545719303662263","-12.545719303662263","-12.557420911668222","-12.557420911668222","-12.557420911668222","-12.549087174331085","-12.549087174331085","-12.549087174331085","-12.515952013715912","-12.515952013715912","-12.515952013715912"
"154","-12.511930103543438","-12.511930103543438","-12.511930103543438","-12.549328115921986","-12.549328115921986","-12.549328115921986","-12.566026458257362","-12.566026458257362","-12.566026458257362","-12.547025620182858","-12.547025620182858","-12.547025620182858","-12.488989624796034","-12.488989624796034","-12.488989624796034"
"155","-12.512296435199206","-12.512296435199206","-12.512296435199206","-12.54523073268842","-12.54523073268842","-12.54523073268842","-12.569741502592835","-12.569741502592835","-12.569741502592835","-12.55791811399822","-12.55791811399822","-12.55791811399822","-12.514345144923729","-12.514345144923729","-12.514345144923729"
"156","-12.513348506975777","-12.513348506975777","-12.513348506975777","-12.541796804983404","-12.541796804983404","-12.541796804983404","-12.568838348871544","-12.568838348871544","-12.568838348871544","-12.548515114603163","-12.548515114603163","-12.548515114603163","-12.534412408176857","-12.534412408176857","-12.534412408176857"
"157","-12.508636269388319","-12.508636269388319","-12.508636269388319","-12.532638791241224","-12.532638791241224","-12.532638791241224","-12.55309980126876","-12.55309980126876","-12.55309980126876","-12.546185867695868","-12.546185867695868","-12.546185867695868","-12.537337508382677","-12.537337508382677","-12.537337508382677"
"158","-12.512374093260947","-12.512374093260947","-12.512374093260947","-12.543564458436604","-12.543564458436604","-12.543564458436604","-12.566456843026076","-12.566456843026076","-12.566456843026076","-12.545402828651138","-12.545402828651138","-12.545402828651138","-12.533857418012015","-12.533857418012015","-12.533857418012015"
"159","-12.512128443657597","-12.512128443657597","-12.512128443657597","-12.545600637604919","-12.545600637604919","-12.545600637604919","-12.567454857162282","-12.567454857162282","-12.567454857162282","-12.548705970184713","-12.548705970184713","-12.548705970184713","-12.529811134821252","-12.529811134821252","-12.529811134821252"
"160","-12.510811214205585","-12.510811214205585","-12.510811214205585","-12.548113581500475","-12.548113581500475","-12.548113581500475","-12.572724257843404","-12.572724257843404","-12.572724257843404","-12.553020042709157","-12.553020042709157","-12.553020042709157","-12.5253617854058","-12.5253617854058","-12.5253617854058"
"161","-12.51350309878965","-12.51350309878965","-12.51350309878965","-12.550730789764017","-12.550730789764017","-12.550730789764017","-12.550839508636088","-12.550839508636088","-12.550839508636088","-12.532907341099992","-12.532907341099992","-12.532907341099992","-12.534201283998128","-12.534201283998128","-12.534201283998128"
"162","-12.51424213602573","-12.51424213602573","-12.51424213602573","-12.550533294677734","-12.550533294677734","-12.550533294677734","-12.55419413651092","-12.55419413651092","-12.55419413651092","-12.53616902798037","-12.53616902798037","-12.53616902798037","-12.526116962674298","-12.526116962674298","-12.526116962674298"
"163","-12.515398955043358","-12.515398955043358","-12.515398955043358","-12.547821757159655","-12.547821757159655","-12.547821757159655","-12.55997928184799","-12.55997928184799","-12.55997928184799","-12.533198247981977","-12.533198247981977","-12.533198247981977","-12.535759672333922","-12.535759672333922","-12.535759672333922"
"164","-12.513911718054663","-12.513911718054663","-12.513911718054663","-12.548904853531077","-12.548904853531077","-12.548904853531077","-12.554887783678272","-12.554887783678272","-12.554887783678272","-12.543724627434452","-12.543724627434452","-12.543724627434452","-12.532025711445868","-12.532025711445868","-12.532025711445868"
"165","-12.51539958277835","-12.51539958277835","-12.51539958277835","-12.548418612419804","-12.548418612419804","-12.548418612419804","-12.56158662144142","-12.56158662144142","-12.56158662144142","-12.548807759828206","-12.548807759828206","-12.548807759828206","-12.525162938274915","-12.525162938274915","-12.525162938274915"
"166","-12.516504154929631","-12.516504154929631","-12.516504154929631","-12.544210578821883","-12.544210578821883","-12.544210578821883","-12.564909850494772","-12.564909850494772","-12.564909850494772","-12.526038749308526","-12.526038749308526","-12.526038749308526","-12.508408932746212","-12.508408932746212","-12.508408932746212"
"167","-12.515361882463287","-12.515361882463287","-12.515361882463287","-12.54436281662953","-12.54436281662953","-12.54436281662953","-12.56810229337668","-12.56810229337668","-12.56810229337668","-12.539093862606","-12.539093862606","-12.539093862606","-12.438814054561567","-12.438814054561567","-12.438814054561567"
"168","-12.512364351296727","-12.512364351296727","-12.512364351296727","-12.551197039930127","-12.551197039930127","-12.551197039930127","-12.56339303753044","-12.56339303753044","-12.56339303753044","-12.51817805857598","-12.51817805857598","-12.51817805857598","-12.48575962646098","-12.48575962646098","-12.48575962646098"
"169","-12.513837657397307","-12.513837657397307","-12.513837657397307","-12.546703821496118","-12.546703821496118","-12.546703821496118","-12.559620869310596","-12.559620869310596","-12.559620869310596","-12.520173181461383","-12.520173181461383","-12.520173181461383","-12.522030939029742","-12.522030939029742","-12.522030939029742"
"170","-12.513106587566908","-12.513106587566908","-12.513106587566908","-12.547286939017381","-12.547286939017381","-12.547286939017381","-12.565769002407412","-12.565769002407412","-12.565769002407412","-12.52994321267816","-12.52994321267816","-12.52994321267816","-12.506418493729603","-12.506418493729603","-12.506418493729603"
"171","-12.514278206644178","-12.514278206644178","-12.514278206644178","-12.551519188699842","-12.551519188699842","-12.551519188699842","-12.571825377548798","-12.571825377548798","-12.571825377548798","-12.518248352823377","-12.518248352823377","-12.518248352823377","-12.534314010716692","-12.534314010716692","-12.534314010716692"
"172","-12.514822126943853","-12.514822126943853","-12.514822126943853","-12.549159557004518","-12.549159557004518","-12.549159557004518","-12.56680300265928","-12.56680300265928","-12.56680300265928","-12.529603245892103","-12.529603245892103","-12.529603245892103","-12.525812245622467","-12.525812245622467","-12.525812245622467"
"173","-12.517000548447236","-12.517000548447236","-12.517000548447236","-12.556979167310498","-12.556979167310498","-12.556979167310498","-12.569007161297376","-12.569007161297376","-12.569007161297376","-12.525190510327302","-12.525190510327302","-12.525190510327302","-12.526191506204725","-12.526191506204725","-12.526191506204725"
"174","-12.516632611238503","-12.516632611238503","-12.516632611238503","-12.555970771403253","-12.555970771403253","-12.555970771403253","-12.568114244485203","-12.568114244485203","-12.568114244485203","-12.540511819380749","-12.540511819380749","-12.540511819380749","-12.519422012039378","-12.519422012039378","-12.519422012039378"
"175","-12.519339670108844","-12.519339670108844","-12.519339670108844","-12.550353364099431","-12.550353364099431","-12.550353364099431","-12.575969225243677","-12.575969225243677","-12.575969225243677","-12.540803704080702","-12.540803704080702","-12.540803704080702","-12.532620466208156","-12.532620466208156","-12.532620466208156"
"176","-12.516512424130983","-12.516512424130983","-12.516512424130983","-12.550301286238659","-12.550301286238659","-12.550301286238659","-12.574010740352582","-12.574010740352582","-12.574010740352582","-12.54198399072961","-12.54198399072961","-12.54198399072961","-12.526864438117306","-12.526864438117306","-12.526864438117306"
"177","-12.515433275246922","-12.515433275246922","-12.515433275246922","-12.546634384348422","-12.546634384348422","-12.546634384348422","-12.573897168606143","-12.573897168606143","-12.573897168606143","-12.545838331874412","-12.545838331874412","-12.545838331874412","-12.532760294177864","-12.532760294177864","-12.532760294177864"
"178","-12.52103456666198","-12.52103456666198","-12.52103456666198","-12.549767578704447","-12.549767578704447","-12.549767578704447","-12.570698919175546","-12.570698919175546","-12.570698919175546","-12.537231976472878","-12.537231976472878","-12.537231976472878","-12.526911638960053","-12.526911638960053","-12.526911638960053"
"179","-12.521454183361199","-12.521454183361199","-12.521454183361199","-12.557346778579905","-12.557346778579905","-12.557346778579905","-12.577048470702353","-12.577048470702353","-12.577048470702353","-12.542606981494759","-12.542606981494759","-12.542606981494759","-12.510366934764233","-12.510366934764233","-12.510366934764233"
"180","-12.519019851201698","-12.519019851201698","-12.519019851201698","-12.549346887612645","-12.549346887612645","-12.549346887612645","-12.56993049911306","-12.56993049911306","-12.56993049911306","-12.546512446826018","-12.546512446826018","-12.546512446826018","-12.516986702061907","-12.516986702061907","-12.516986702061907"
"181","-12.517378976073447","-12.517378976073447","-12.517378976073447","-12.552316750152201","-12.552316750152201","-12.552316750152201","-12.563332400744475","-12.563332400744475","-12.563332400744475","-12.541543236261681","-12.541543236261681","-12.541543236261681","-12.528838073151022","-12.528838073151022","-12.528838073151022"
"182","-12.518705283539205","-12.518705283539205","-12.518705283539205","-12.53552148311953","-12.53552148311953","-12.53552148311953","-12.564192639121526","-12.564192639121526","-12.564192639121526","-12.536155217810522","-12.536155217810522","-12.536155217810522","-12.541802961615067","-12.541802961615067","-12.541802961615067"
"183","-12.516339905654327","-12.516339905654327","-12.516339905654327","-12.537735347506366","-12.537735347506366","-12.537735347506366","-12.569301581080955","-12.569301581080955","-12.569301581080955","-12.54166782958598","-12.54166782958598","-12.54166782958598","-12.537075223802011","-12.537075223802011","-12.537075223802011"
"184","-12.517384891268573","-12.517384891268573","-12.517384891268573","-12.552983718582347","-12.552983718582347","-12.552983718582347","-12.569840032843095","-12.569840032843095","-12.569840032843095","-12.546498238285885","-12.546498238285885","-12.546498238285885","-12.535932854761052","-12.535932854761052","-12.535932854761052"
"185","-12.518715279011786","-12.518715279011786","-12.518715279011786","-12.544025445286232","-12.544025445286232","-12.544025445286232","-12.579197086865388","-12.579197086865388","-12.579197086865388","-12.54586154599733","-12.54586154599733","-12.54586154599733","-12.515270365944392","-12.515270365944392","-12.515270365944392"
"186","-12.516359667234783","-12.516359667234783","-12.516359667234783","-12.548787611949292","-12.548787611949292","-12.548787611949292","-12.576925820942167","-12.576925820942167","-12.576925820942167","-12.56482934348191","-12.56482934348191","-12.56482934348191","-12.527451865280732","-12.527451865280732","-12.527451865280732"
"187","-12.51722443254688","-12.51722443254688","-12.51722443254688","-12.557638409771497","-12.557638409771497","-12.557638409771497","-12.582568059993696","-12.582568059993696","-12.582568059993696","-12.564286401000205","-12.564286401000205","-12.564286401000205","-12.526302168640909","-12.526302168640909","-12.526302168640909"
"188","-12.516380974009067","-12.516380974009067","-12.516380974009067","-12.554090632668025","-12.554090632668025","-12.554090632668025","-12.58399260798587","-12.58399260798587","-12.58399260798587","-12.550231752516348","-12.550231752516348","-12.550231752516348","-12.521503231193446","-12.521503231193446","-12.521503231193446"
"189","-12.514917747883857","-12.514917747883857","-12.514917747883857","-12.554653602310374","-12.554653602310374","-12.554653602310374","-12.58020606222032","-12.58020606222032","-12.58020606222032","-12.560484318793575","-12.560484318793575","-12.560484318793575","-12.529255794573434","-12.529255794573434","-12.529255794573434"
"190","-12.5220992776412","-12.5220992776412","-12.5220992776412","-12.55653123010563","-12.55653123010563","-12.55653123010563","-12.57705573794208","-12.57705573794208","-12.57705573794208","-12.56191025504583","-12.56191025504583","-12.56191025504583","-12.537936017483096","-12.537936017483096","-12.537936017483096"
"191","-12.520922310744659","-12.520922310744659","-12.520922310744659","-12.558096789106537","-12.558096789106537","-12.558096789106537","-12.574641167363033","-12.574641167363033","-12.574641167363033","-12.559313955186289","-12.559313955186289","-12.559313955186289","-12.542609818374054","-12.542609818374054","-12.542609818374054"
"192","-12.519433528562136","-12.519433528562136","-12.519433528562136","-12.560745178898678","-12.560745178898678","-12.560745178898678","-12.575917533681363","-12.575917533681363","-12.575917533681363","-12.554332189922091","-12.554332189922091","-12.554332189922091","-12.509638786315918","-12.509638786315918","-12.509638786315918"
"193","-12.520030794264395","-12.520030794264395","-12.520030794264395","-12.55987801129305","-12.55987801129305","-12.55987801129305","-12.573099860662147","-12.573099860662147","-12.573099860662147","-12.55456283424474","-12.55456283424474","-12.55456283424474","-12.534764362286918","-12.534764362286918","-12.534764362286918"
"194","-12.519461571415768","-12.519461571415768","-12.519461571415768","-12.559103169018709","-12.559103169018709","-12.559103169018709","-12.576185274727736","-12.576185274727736","-12.576185274727736","-12.553486304947093","-12.553486304947093","-12.553486304947093","-12.529868463926677","-12.529868463926677","-12.529868463926677"
"195","-12.519053676460363","-12.519053676460363","-12.519053676460363","-12.545588722711877","-12.545588722711877","-12.545588722711877","-12.56771863864947","-12.56771863864947","-12.56771863864947","-12.568600087226192","-12.568600087226192","-12.568600087226192","-12.516658541522448","-12.516658541522448","-12.516658541522448"
"196","-12.519206203991853","-12.519206203991853","-12.519206203991853","-12.54532279243952","-12.54532279243952","-12.54532279243952","-12.573996145513993","-12.573996145513993","-12.573996145513993","-12.560105794592749","-12.560105794592749","-12.560105794592749","-12.51949898200699","-12.51949898200699","-12.51949898200699"
"197","-12.5197199205809","-12.5197199205809","-12.5197199205809","-12.55643789074089","-12.55643789074089","-12.55643789074089","-12.568392306943483","-12.568392306943483","-12.568392306943483","-12.54638341106946","-12.54638341106946","-12.54638341106946","-12.532068180132516","-12.532068180132516","-12.532068180132516"
"198","-12.516017261939712","-12.516017261939712","-12.516017261939712","-12.55868475950217","-12.55868475950217","-12.55868475950217","-12.575729780559298","-12.575729780559298","-12.575729780559298","-12.558170934266682","-12.558170934266682","-12.558170934266682","-12.542941057229344","-12.542941057229344","-12.542941057229344"
"199","-12.517265416398834","-12.517265416398834","-12.517265416398834","-12.564174289944805","-12.564174289944805","-12.564174289944805","-12.570385450049292","-12.570385450049292","-12.570385450049292","-12.556800818141502","-12.556800818141502","-12.556800818141502","-12.544999859001063","-12.544999859001063","-12.544999859001063"
"200","-12.51586499998841","-12.51586499998841","-12.51586499998841","-12.560293644289427","-12.560293644289427","-12.560293644289427","-12.582258115840864","-12.582258115840864","-12.582258115840864","-12.548524687561807","-12.548524687561807","-12.548524687561807","-12.54526383363748","-12.54526383363748","-12.54526383363748"
"201","-12.5199999748906","-12.5199999748906","-12.5199999748906","-12.560652467268932","-12.560652467268932","-12.560652467268932","-12.571517232098158","-12.571517232098158","-12.571517232098158","-12.556375298318983","-12.556375298318983","-12.556375298318983","-12.541630889796004","-12.541630889796004","-12.541630889796004"
"202","-12.522952659220635","-12.522952659220635","-12.522952659220635","-12.56681326371205","-12.56681326371205","-12.56681326371205","-12.572172780580159","-12.572172780580159","-12.572172780580159","-12.47023240825798","-12.47023240825798","-12.47023240825798","-12.529432357112064","-12.529432357112064","-12.529432357112064"
"203","-12.522273558604565","-12.522273558604565","-12.522273558604565","-12.567699866958812","-12.567699866958812","-12.567699866958812","-12.576333516760718","-12.576333516760718","-12.576333516760718","-12.553913068167772","-12.553913068167772","-12.553913068167772","-12.535180200504351","-12.535180200504351","-12.535180200504351"
"204","-12.52203004571456","-12.52203004571456","-12.52203004571456","-12.557621412639376","-12.557621412639376","-12.557621412639376","-12.580890172644507","-12.580890172644507","-12.580890172644507","-12.548908644084689","-12.548908644084689","-12.548908644084689","-12.533276702784285","-12.533276702784285","-12.533276702784285"
"205","-12.521657291846939","-12.521657291846939","-12.521657291846939","-12.553522435924675","-12.553522435924675","-12.553522435924675","-12.573340693606607","-12.573340693606607","-12.573340693606607","-12.544917975799947","-12.544917975799947","-12.544917975799947","-12.523636721357514","-12.523636721357514","-12.523636721357514"
"206","-12.519472230838824","-12.519472230838824","-12.519472230838824","-12.55265330061128","-12.55265330061128","-12.55265330061128","-12.569586331331276","-12.569586331331276","-12.569586331331276","-12.561095998257022","-12.561095998257022","-12.561095998257022","-12.528847718540627","-12.528847718540627","-12.528847718540627"
"207","-12.519759383382677","-12.519759383382677","-12.519759383382677","-12.547854773605927","-12.547854773605927","-12.547854773605927","-12.574040388759178","-12.574040388759178","-12.574040388759178","-12.554111190989047","-12.554111190989047","-12.554111190989047","-12.535820610915557","-12.535820610915557","-12.535820610915557"
"208","-12.520942736275588","-12.520942736275588","-12.520942736275588","-12.546395156956926","-12.546395156956926","-12.546395156956926","-12.576054717921004","-12.576054717921004","-12.576054717921004","-12.561839550356321","-12.561839550356321","-12.561839550356321","-12.531038151511662","-12.531038151511662","-12.531038151511662"
"209","-12.520754451993145","-12.520754451993145","-12.520754451993145","-12.550366824186302","-12.550366824186302","-12.550366824186302","-12.581852864615525","-12.581852864615525","-12.581852864615525","-12.5645313504376","-12.5645313504376","-12.5645313504376","-12.542463350899611","-12.542463350899611","-12.542463350899611"
"210","-12.521319401415088","-12.521319401415088","-12.521319401415088","-12.546473358250871","-12.546473358250871","-12.546473358250871","-12.576331754274007","-12.576331754274007","-12.576331754274007","-12.527766348440435","-12.527766348440435","-12.527766348440435","-12.551472120647189","-12.551472120647189","-12.551472120647189"
"211","-12.52304252189926","-12.52304252189926","-12.52304252189926","-12.55515393124351","-12.55515393124351","-12.55515393124351","-12.577800750732422","-12.577800750732422","-12.577800750732422","-12.56889736803272","-12.56889736803272","-12.56889736803272","-12.54643888111356","-12.54643888111356","-12.54643888111356"
"212","-12.523557699179348","-12.523557699179348","-12.523557699179348","-12.553017495553705","-12.553017495553705","-12.553017495553705","-12.581134578849696","-12.581134578849696","-12.581134578849696","-12.565089056763467","-12.565089056763467","-12.565089056763467","-12.550769190245036","-12.550769190245036","-12.550769190245036"
"213","-12.520194222655478","-12.520194222655478","-12.520194222655478","-12.559182975865617","-12.559182975865617","-12.559182975865617","-12.582083605512787","-12.582083605512787","-12.582083605512787","-12.569264955158475","-12.569264955158475","-12.569264955158475","-12.549351390404038","-12.549351390404038","-12.549351390404038"
"214","-12.52182974996446","-12.52182974996446","-12.52182974996446","-12.561526455456697","-12.561526455456697","-12.561526455456697","-12.579728428321548","-12.579728428321548","-12.579728428321548","-12.556457398812983","-12.556457398812983","-12.556457398812983","-12.530753051178365","-12.530753051178365","-12.530753051178365"
"215","-12.521458782727205","-12.521458782727205","-12.521458782727205","-12.56344185599798","-12.56344185599798","-12.56344185599798","-12.583720617656466","-12.583720617656466","-12.583720617656466","-12.560475494288191","-12.560475494288191","-12.560475494288191","-12.538142663014087","-12.538142663014087","-12.538142663014087"
"216","-12.522106955323038","-12.522106955323038","-12.522106955323038","-12.560419408580925","-12.560419408580925","-12.560419408580925","-12.576864978935145","-12.576864978935145","-12.576864978935145","-12.563679574411127","-12.563679574411127","-12.563679574411127","-12.541237456889093","-12.541237456889093","-12.541237456889093"
"217","-12.520795749712594","-12.520795749712594","-12.520795749712594","-12.560932944092569","-12.560932944092569","-12.560932944092569","-12.57999952533577","-12.57999952533577","-12.57999952533577","-12.55903664118127","-12.55903664118127","-12.55903664118127","-12.546178226229511","-12.546178226229511","-12.546178226229511"
"218","-12.520258601707749","-12.520258601707749","-12.520258601707749","-12.563207976425751","-12.563207976425751","-12.563207976425751","-12.57970675939246","-12.57970675939246","-12.57970675939246","-12.57048717933365","-12.57048717933365","-12.57048717933365","-12.543630708622027","-12.543630708622027","-12.543630708622027"
"219","-12.521822965597805","-12.521822965597805","-12.521822965597805","-12.563924197909198","-12.563924197909198","-12.563924197909198","-12.581419268740884","-12.581419268740884","-12.581419268740884","-12.567905812323849","-12.567905812323849","-12.567905812323849","-12.546859004829503","-12.546859004829503","-12.546859004829503"
"220","-12.519354059726377","-12.519354059726377","-12.519354059726377","-12.565619142749641","-12.565619142749641","-12.565619142749641","-12.582738972917388","-12.582738972917388","-12.582738972917388","-12.570295708088935","-12.570295708088935","-12.570295708088935","-12.542469688608676","-12.542469688608676","-12.542469688608676"
"221","-12.520604821700084","-12.520604821700084","-12.520604821700084","-12.57084970836398","-12.57084970836398","-12.57084970836398","-12.584697638885885","-12.584697638885885","-12.584697638885885","-12.578354256062568","-12.578354256062568","-12.578354256062568","-12.54481992842276","-12.54481992842276","-12.54481992842276"
"222","-12.518920789791059","-12.518920789791059","-12.518920789791059","-12.561727801455728","-12.561727801455728","-12.561727801455728","-12.579301097725011","-12.579301097725011","-12.579301097725011","-12.574610058265396","-12.574610058265396","-12.574610058265396","-12.543391601948798","-12.543391601948798","-12.543391601948798"
"223","-12.519766771340672","-12.519766771340672","-12.519766771340672","-12.564316592639006","-12.564316592639006","-12.564316592639006","-12.581441203250161","-12.581441203250161","-12.581441203250161","-12.567269421830963","-12.567269421830963","-12.567269421830963","-12.550027255770527","-12.550027255770527","-12.550027255770527"
"224","-12.525901202914081","-12.525901202914081","-12.525901202914081","-12.568474805807766","-12.568474805807766","-12.568474805807766","-12.579689194884482","-12.579689194884482","-12.579689194884482","-12.575795378866076","-12.575795378866076","-12.575795378866076","-12.548240625405613","-12.548240625405613","-12.548240625405613"
"225","-12.523587564878826","-12.523587564878826","-12.523587564878826","-12.567847360538531","-12.567847360538531","-12.567847360538531","-12.575377609156355","-12.575377609156355","-12.575377609156355","-12.579596483254734","-12.579596483254734","-12.579596483254734","-12.544934115832366","-12.544934115832366","-12.544934115832366"
"226","-12.526416319835034","-12.526416319835034","-12.526416319835034","-12.56763026080554","-12.56763026080554","-12.56763026080554","-12.58967572224291","-12.58967572224291","-12.58967572224291","-12.571985244750977","-12.571985244750977","-12.571985244750977","-12.54289767108386","-12.54289767108386","-12.54289767108386"
"227","-12.527869719493237","-12.527869719493237","-12.527869719493237","-12.566474685186073","-12.566474685186073","-12.566474685186073","-12.580308141587656","-12.580308141587656","-12.580308141587656","-12.572990212259413","-12.572990212259413","-12.572990212259413","-12.543746899954881","-12.543746899954881","-12.543746899954881"
"228","-12.526682008670855","-12.526682008670855","-12.526682008670855","-12.569452684136886","-12.569452684136886","-12.569452684136886","-12.585364365879494","-12.585364365879494","-12.585364365879494","-12.555331459528283","-12.555331459528283","-12.555331459528283","-12.540985034990914","-12.540985034990914","-12.540985034990914"
"229","-12.52929927729353","-12.52929927729353","-12.52929927729353","-12.570955554141275","-12.570955554141275","-12.570955554141275","-12.58567403238031","-12.58567403238031","-12.58567403238031","-12.55744517604007","-12.55744517604007","-12.55744517604007","-12.543908940085881","-12.543908940085881","-12.543908940085881"
"230","-12.526915912386738","-12.526915912386738","-12.526915912386738","-12.56569635415379","-12.56569635415379","-12.56569635415379","-12.578038686438452","-12.578038686438452","-12.578038686438452","-12.569520431228831","-12.569520431228831","-12.569520431228831","-12.550312283672865","-12.550312283672865","-12.550312283672865"
"231","-12.526132474971723","-12.526132474971723","-12.526132474971723","-12.576549167874493","-12.576549167874493","-12.576549167874493","-12.583930751945399","-12.583930751945399","-12.583930751945399","-12.571385842335376","-12.571385842335376","-12.571385842335376","-12.543517221378375","-12.543517221378375","-12.543517221378375"
"232","-12.527337786517565","-12.527337786517565","-12.527337786517565","-12.575728742382195","-12.575728742382195","-12.575728742382195","-12.581361553337","-12.581361553337","-12.581361553337","-12.551868245571475","-12.551868245571475","-12.551868245571475","-12.540547105330456","-12.540547105330456","-12.540547105330456"
"233","-12.52760083162332","-12.52760083162332","-12.52760083162332","-12.575159821329237","-12.575159821329237","-12.575159821329237","-12.5712302123444","-12.5712302123444","-12.5712302123444","-12.567128314247615","-12.567128314247615","-12.567128314247615","-12.517815022528927","-12.517815022528927","-12.517815022528927"
"234","-12.5248332204698","-12.5248332204698","-12.5248332204698","-12.572529877288432","-12.572529877288432","-12.572529877288432","-12.583971651294563","-12.583971651294563","-12.583971651294563","-12.556456010552902","-12.556456010552902","-12.556456010552902","-12.512664215474189","-12.512664215474189","-12.512664215474189"
"235","-12.52388983134982","-12.52388983134982","-12.52388983134982","-12.571314618557315","-12.571314618557315","-12.571314618557315","-12.587157189091549","-12.587157189091549","-12.587157189091549","-12.564031540593014","-12.564031540593014","-12.564031540593014","-12.523878520048118","-12.523878520048118","-12.523878520048118"
"236","-12.52450939371616","-12.52450939371616","-12.52450939371616","-12.569960063016868","-12.569960063016868","-12.569960063016868","-12.586231859424446","-12.586231859424446","-12.586231859424446","-12.549206250830542","-12.549206250830542","-12.549206250830542","-12.53700689726238","-12.53700689726238","-12.53700689726238"
"237","-12.527959690818303","-12.527959690818303","-12.527959690818303","-12.563774567616138","-12.563774567616138","-12.563774567616138","-12.592321890818921","-12.592321890818921","-12.592321890818921","-12.54850993578947","-12.54850993578947","-12.54850993578947","-12.529770235472087","-12.529770235472087","-12.529770235472087"
"238","-12.527275809758827","-12.527275809758827","-12.527275809758827","-12.566632174238373","-12.566632174238373","-12.566632174238373","-12.580985129634037","-12.580985129634037","-12.580985129634037","-12.535352694837353","-12.535352694837353","-12.535352694837353","-12.537100369417214","-12.537100369417214","-12.537100369417214"
"239","-12.5238730152951","-12.5238730152951","-12.5238730152951","-12.564029102084003","-12.564029102084003","-12.564029102084003","-12.589232963851735","-12.589232963851735","-12.589232963851735","-12.566050686413728","-12.566050686413728","-12.566050686413728","-12.528349707398233","-12.528349707398233","-12.528349707398233"
"240","-12.52488963211639","-12.52488963211639","-12.52488963211639","-12.572742824313007","-12.572742824313007","-12.572742824313007","-12.590329677243776","-12.590329677243776","-12.590329677243776","-12.57079292249076","-12.57079292249076","-12.57079292249076","-12.542322086382516","-12.542322086382516","-12.542322086382516"
"241","-12.526576899274994","-12.526576899274994","-12.526576899274994","-12.568777241284334","-12.568777241284334","-12.568777241284334","-12.587788666350932","-12.587788666350932","-12.587788666350932","-12.570325054699861","-12.570325054699861","-12.570325054699861","-12.53811655165274","-12.53811655165274","-12.53811655165274"
"242","-12.526859971541393","-12.526859971541393","-12.526859971541393","-12.56991563869428","-12.56991563869428","-12.56991563869428","-12.587044498588465","-12.587044498588465","-12.587044498588465","-12.54918395416646","-12.54918395416646","-12.54918395416646","-12.542659035211877","-12.542659035211877","-12.542659035211877"
"243","-12.530382265018511","-12.530382265018511","-12.530382265018511","-12.573801704599887","-12.573801704599887","-12.573801704599887","-12.587145455275909","-12.587145455275909","-12.587145455275909","-12.573013764393481","-12.573013764393481","-12.573013764393481","-12.550052823899668","-12.550052823899668","-12.550052823899668"
"244","-12.523070673399333","-12.523070673399333","-12.523070673399333","-12.567747586890112","-12.567747586890112","-12.567747586890112","-12.58378494842143","-12.58378494842143","-12.58378494842143","-12.57312372666371","-12.57312372666371","-12.57312372666371","-12.551284295094165","-12.551284295094165","-12.551284295094165"
"245","-12.523509532590456","-12.523509532590456","-12.523509532590456","-12.56985479668726","-12.56985479668726","-12.56985479668726","-12.583612586878523","-12.583612586878523","-12.583612586878523","-12.576615985435776","-12.576615985435776","-12.576615985435776","-12.546581835686405","-12.546581835686405","-12.546581835686405"
"246","-12.522665554964089","-12.522665554964089","-12.522665554964089","-12.562815786916998","-12.562815786916998","-12.562815786916998","-12.579332496546492","-12.579332496546492","-12.579332496546492","-12.572312427472465","-12.572312427472465","-12.572312427472465","-12.543571556670756","-12.543571556670756","-12.543571556670756"
"247","-12.525997041146967","-12.525997041146967","-12.525997041146967","-12.570184768000736","-12.570184768000736","-12.570184768000736","-12.572168446794342","-12.572168446794342","-12.572168446794342","-12.571235970605779","-12.571235970605779","-12.571235970605779","-12.51142187963558","-12.51142187963558","-12.51142187963558"
"248","-12.527519660659983","-12.527519660659983","-12.527519660659983","-12.572318040871922","-12.572318040871922","-12.572318040871922","-12.58702319181418","-12.58702319181418","-12.58702319181418","-12.576193869868412","-12.576193869868412","-12.576193869868412","-12.537660960909687","-12.537660960909687","-12.537660960909687"
"249","-12.525607096997998","-12.525607096997998","-12.525607096997998","-12.573224091831642","-12.573224091831642","-12.573224091831642","-12.583683351927165","-12.583683351927165","-12.583683351927165","-12.567526189586784","-12.567526189586784","-12.567526189586784","-12.5454276845425","-12.5454276845425","-12.5454276845425"
"250","-12.526527501359771","-12.526527501359771","-12.526527501359771","-12.571448000171516","-12.571448000171516","-12.571448000171516","-12.584600158884555","-12.584600158884555","-12.584600158884555","-12.572401541697827","-12.572401541697827","-12.572401541697827","-12.545747346515897","-12.545747346515897","-12.545747346515897"
"251","-12.52668402466593","-12.52668402466593","-12.52668402466593","-12.574699075916145","-12.574699075916145","-12.574699075916145","-12.585638722286948","-12.585638722286948","-12.585638722286948","-12.568219353881064","-12.568219353881064","-12.568219353881064","-12.549075754382942","-12.549075754382942","-12.549075754382942"
"252","-12.524805986428563","-12.524805986428563","-12.524805986428563","-12.574873055083842","-12.574873055083842","-12.574873055083842","-12.584483798546128","-12.584483798546128","-12.584483798546128","-12.562848972368844","-12.562848972368844","-12.562848972368844","-12.546321072155916","-12.546321072155916","-12.546321072155916"
"253","-12.5222845681106","-12.5222845681106","-12.5222845681106","-12.571044487289235","-12.571044487289235","-12.571044487289235","-12.589478794532486","-12.589478794532486","-12.589478794532486","-12.572703928887089","-12.572703928887089","-12.572703928887089","-12.546596309806727","-12.546596309806727","-12.546596309806727"
"254","-12.52367783799956","-12.52367783799956","-12.52367783799956","-12.572972382171244","-12.572972382171244","-12.572972382171244","-12.590662111209918","-12.590662111209918","-12.590662111209918","-12.57551812522019","-12.57551812522019","-12.57551812522019","-12.54805854604214","-12.54805854604214","-12.54805854604214"
"255","-12.526533452770378","-12.526533452770378","-12.526533452770378","-12.574270332915873","-12.574270332915873","-12.574270332915873","-12.592159681682345","-12.592159681682345","-12.592159681682345","-12.56974272184734","-12.56974272184734","-12.56974272184734","-12.539418715464917","-12.539418715464917","-12.539418715464917"
"256","-12.526176054266434","-12.526176054266434","-12.526176054266434","-12.576090486743782","-12.576090486743782","-12.576090486743782","-12.592956591256057","-12.592956591256057","-12.592956591256057","-12.567058261436753","-12.567058261436753","-12.567058261436753","-12.544782469544229","-12.544782469544229","-12.544782469544229"
"257","-12.527025766010526","-12.527025766010526","-12.527025766010526","-12.575300433967687","-12.575300433967687","-12.575300433967687","-12.592537892015674","-12.592537892015674","-12.592537892015674","-12.571899124338657","-12.571899124338657","-12.571899124338657","-12.539003203186807","-12.539003203186807","-12.539003203186807"
"258","-12.531124163277541","-12.531124163277541","-12.531124163277541","-12.570755379109443","-12.570755379109443","-12.570755379109443","-12.578832578055467","-12.578832578055467","-12.578832578055467","-12.567728211608115","-12.567728211608115","-12.567728211608115","-12.545593720448169","-12.545593720448169","-12.545593720448169"
"259","-12.528129456918451","-12.528129456918451","-12.528129456918451","-12.570097826704194","-12.570097826704194","-12.570097826704194","-12.579937282996841","-12.579937282996841","-12.579937282996841","-12.56803656227981","-12.56803656227981","-12.56803656227981","-12.548060320600678","-12.548060320600678","-12.548060320600678"
"260","-12.527596244329139","-12.527596244329139","-12.527596244329139","-12.57053192959556","-12.57053192959556","-12.57053192959556","-12.589217403267003","-12.589217403267003","-12.589217403267003","-12.578701936745945","-12.578701936745945","-12.578701936745945","-12.550515585307833","-12.550515585307833","-12.550515585307833"
"261","-12.52855174149139","-12.52855174149139","-12.52855174149139","-12.580578453933136","-12.580578453933136","-12.580578453933136","-12.582303348975845","-12.582303348975845","-12.582303348975845","-12.572956387000747","-12.572956387000747","-12.572956387000747","-12.551834396169156","-12.551834396169156","-12.551834396169156"
"262","-12.527831077575684","-12.527831077575684","-12.527831077575684","-12.579155632212192","-12.579155632212192","-12.579155632212192","-12.590893576416788","-12.590893576416788","-12.590893576416788","-12.576541852347459","-12.576541852347459","-12.576541852347459","-12.552061177507232","-12.552061177507232","-12.552061177507232"
"263","-12.528807410710975","-12.528807410710975","-12.528807410710975","-12.570728712444064","-12.570728712444064","-12.570728712444064","-12.588822980470296","-12.588822980470296","-12.588822980470296","-12.573381194585487","-12.573381194585487","-12.573381194585487","-12.557959049562864","-12.557959049562864","-12.557959049562864"
"264","-12.531932541086704","-12.531932541086704","-12.531932541086704","-12.568537374086018","-12.568537374086018","-12.568537374086018","-12.589939250221736","-12.589939250221736","-12.589939250221736","-12.571883756903153","-12.571883756903153","-12.571883756903153","-12.549502312382565","-12.549502312382565","-12.549502312382565"
"265","-12.52919857411445","-12.52919857411445","-12.52919857411445","-12.574831853939008","-12.574831853939008","-12.574831853939008","-12.589652121821537","-12.589652121821537","-12.589652121821537","-12.561831751956216","-12.561831751956216","-12.561831751956216","-12.53228665605376","-12.53228665605376","-12.53228665605376"
"266","-12.532380683512628","-12.532380683512628","-12.532380683512628","-12.575112825707544","-12.575112825707544","-12.575112825707544","-12.595577481426771","-12.595577481426771","-12.595577481426771","-12.563625383980666","-12.563625383980666","-12.563625383980666","-12.547841216944441","-12.547841216944441","-12.547841216944441"
"267","-12.530204567728163","-12.530204567728163","-12.530204567728163","-12.565170758887183","-12.565170758887183","-12.565170758887183","-12.587814789784106","-12.587814789784106","-12.587814789784106","-12.5683705052243","-12.5683705052243","-12.5683705052243","-12.54185706754274","-12.54185706754274","-12.54185706754274"
"268","-12.528938981551159","-12.528938981551159","-12.528938981551159","-12.569771790806252","-12.569771790806252","-12.569771790806252","-12.588916669918012","-12.588916669918012","-12.588916669918012","-12.564486877827704","-12.564486877827704","-12.564486877827704","-12.553202146216284","-12.553202146216284","-12.553202146216284"
"269","-12.527836980698984","-12.527836980698984","-12.527836980698984","-12.572515161731575","-12.572515161731575","-12.572515161731575","-12.586838842947271","-12.586838842947271","-12.586838842947271","-12.54218412954596","-12.54218412954596","-12.54218412954596","-12.541233835341055","-12.541233835341055","-12.541233835341055"
"270","-12.52831617186341","-12.52831617186341","-12.52831617186341","-12.567320485658284","-12.567320485658284","-12.567320485658284","-12.588565259040157","-12.588565259040157","-12.588565259040157","-12.561733535573453","-12.561733535573453","-12.561733535573453","-12.548341847673248","-12.548341847673248","-12.548341847673248"
"271","-12.533323601831365","-12.533323601831365","-12.533323601831365","-12.570879706853553","-12.570879706853553","-12.570879706853553","-12.592901350576666","-12.592901350576666","-12.592901350576666","-12.564861744265013","-12.564861744265013","-12.564861744265013","-12.549360009688366","-12.549360009688366","-12.549360009688366"
"272","-12.527365913873986","-12.527365913873986","-12.527365913873986","-12.569719773304614","-12.569719773304614","-12.569719773304614","-12.587188418907456","-12.587188418907456","-12.587188418907456","-12.554381141179725","-12.554381141179725","-12.554381141179725","-12.546306573891941","-12.546306573891941","-12.546306573891941"
"273","-12.527331702316864","-12.527331702316864","-12.527331702316864","-12.563860917393166","-12.563860917393166","-12.563860917393166","-12.582317931742608","-12.582317931742608","-12.582317931742608","-12.557729576207414","-12.557729576207414","-12.557729576207414","-12.545234728463088","-12.545234728463088","-12.545234728463088"
"274","-12.528314711172369","-12.528314711172369","-12.528314711172369","-12.570900313461884","-12.570900313461884","-12.570900313461884","-12.578941043419174","-12.578941043419174","-12.578941043419174","-12.563779022120222","-12.563779022120222","-12.563779022120222","-12.543854954876478","-12.543854954876478","-12.543854954876478"
"275","-12.530811189096186","-12.530811189096186","-12.530811189096186","-12.573212225225907","-12.573212225225907","-12.573212225225907","-12.585302787491038","-12.585302787491038","-12.585302787491038","-12.562250125257275","-12.562250125257275","-12.562250125257275","-12.541520589514624","-12.541520589514624","-12.541520589514624"
"276","-12.530638718906838","-12.530638718906838","-12.530638718906838","-12.566142866883096","-12.566142866883096","-12.566142866883096","-12.585432668275471","-12.585432668275471","-12.585432668275471","-12.570355608493466","-12.570355608493466","-12.570355608493466","-12.54015519347372","-12.54015519347372","-12.54015519347372"
"277","-12.529035350944422","-12.529035350944422","-12.529035350944422","-12.580003134811982","-12.580003134811982","-12.580003134811982","-12.58063665221009","-12.58063665221009","-12.58063665221009","-12.570482205741014","-12.570482205741014","-12.570482205741014","-12.545066326479368","-12.545066326479368","-12.545066326479368"
"278","-12.52658748626709","-12.52658748626709","-12.52658748626709","-12.580530552924435","-12.580530552924435","-12.580530552924435","-12.586301658726946","-12.586301658726946","-12.586301658726946","-12.567657120620147","-12.567657120620147","-12.567657120620147","-12.544809136209608","-12.544809136209608","-12.544809136209608"
"279","-12.52685246286513","-12.52685246286513","-12.52685246286513","-12.58104979841015","-12.58104979841015","-12.58104979841015","-12.585932478120055","-12.585932478120055","-12.585932478120055","-12.558371133442167","-12.558371133442167","-12.558371133442167","-12.552975389021862","-12.552975389021862","-12.552975389021862"
"280","-12.531724748732168","-12.531724748732168","-12.531724748732168","-12.581085084359858","-12.581085084359858","-12.581085084359858","-12.574248289760154","-12.574248289760154","-12.574248289760154","-12.568379860890063","-12.568379860890063","-12.568379860890063","-12.553984690316115","-12.553984690316115","-12.553984690316115"
"281","-12.530060297326196","-12.530060297326196","-12.530060297326196","-12.573746934721742","-12.573746934721742","-12.573746934721742","-12.578417548650428","-12.578417548650428","-12.578417548650428","-12.560668860809713","-12.560668860809713","-12.560668860809713","-12.549377610411826","-12.549377610411826","-12.549377610411826"
"282","-12.52620950529847","-12.52620950529847","-12.52620950529847","-12.576699051675917","-12.576699051675917","-12.576699051675917","-12.581515493272226","-12.581515493272226","-12.581515493272226","-12.572387647025193","-12.572387647025193","-12.572387647025193","-12.545414055450053","-12.545414055450053","-12.545414055450053"
"283","-12.526828753797314","-12.526828753797314","-12.526828753797314","-12.579053444198415","-12.579053444198415","-12.579053444198415","-12.578501158122775","-12.578501158122775","-12.578501158122775","-12.56743542152115","-12.56743542152115","-12.56743542152115","-12.541337954847119","-12.541337954847119","-12.541337954847119"
"284","-12.526758531980876","-12.526758531980876","-12.526758531980876","-12.56654328937772","-12.56654328937772","-12.56654328937772","-12.580519567562055","-12.580519567562055","-12.580519567562055","-12.561015430885025","-12.561015430885025","-12.561015430885025","-12.487671827968162","-12.487671827968162","-12.487671827968162"
"285","-12.527111765704577","-12.527111765704577","-12.527111765704577","-12.571302800238888","-12.571302800238888","-12.571302800238888","-12.586583741103546","-12.586583741103546","-12.586583741103546","-12.5575812738153","-12.5575812738153","-12.5575812738153","-12.544153563583954","-12.544153563583954","-12.544153563583954"
"286","-12.52885590323919","-12.52885590323919","-12.52885590323919","-12.571029180212866","-12.571029180212866","-12.571029180212866","-12.58192775822893","-12.58192775822893","-12.58192775822893","-12.570619486555268","-12.570619486555268","-12.570619486555268","-12.566116139858584","-12.566116139858584","-12.566116139858584"
"287","-12.529391409475592","-12.529391409475592","-12.529391409475592","-12.579499208474461","-12.579499208474461","-12.579499208474461","-12.588161746157876","-12.588161746157876","-12.588161746157876","-12.577779516389098","-12.577779516389098","-12.577779516389098","-12.565535279768932","-12.565535279768932","-12.565535279768932"
"288","-12.528117348876181","-12.528117348876181","-12.528117348876181","-12.573496420172196","-12.573496420172196","-12.573496420172196","-12.585463994665991","-12.585463994665991","-12.585463994665991","-12.564846907989889","-12.564846907989889","-12.564846907989889","-12.546057459674303","-12.546057459674303","-12.546057459674303"
"289","-12.52877508235883","-12.52877508235883","-12.52877508235883","-12.57790759847134","-12.57790759847134","-12.57790759847134","-12.588114110729363","-12.588114110729363","-12.588114110729363","-12.571672632724423","-12.571672632724423","-12.571672632724423","-12.552777616283562","-12.552777616283562","-12.552777616283562"
"290","-12.527495746371113","-12.527495746371113","-12.527495746371113","-12.576656908928593","-12.576656908928593","-12.576656908928593","-12.590320055997825","-12.590320055997825","-12.590320055997825","-12.573143065730228","-12.573143065730228","-12.573143065730228","-12.563325821598873","-12.563325821598873","-12.563325821598873"
"291","-12.528743562819082","-12.528743562819082","-12.528743562819082","-12.580376395696327","-12.580376395696327","-12.580376395696327","-12.58746931824503","-12.58746931824503","-12.58746931824503","-12.564640576326394","-12.564640576326394","-12.564640576326394","-12.559095950066288","-12.559095950066288","-12.559095950066288"
"292","-12.527257122570955","-12.527257122570955","-12.527257122570955","-12.577932526793662","-12.577932526793662","-12.577932526793662","-12.58949416196799","-12.58949416196799","-12.58949416196799","-12.569868763790854","-12.569868763790854","-12.569868763790854","-12.560410390926313","-12.560410390926313","-12.560410390926313"
"293","-12.530599244033233","-12.530599244033233","-12.530599244033233","-12.577392312544811","-12.577392312544811","-12.577392312544811","-12.585696908492077","-12.585696908492077","-12.585696908492077","-12.571109457861018","-12.571109457861018","-12.571109457861018","-12.568374464783487","-12.568374464783487","-12.568374464783487"
"294","-12.530853609495525","-12.530853609495525","-12.530853609495525","-12.5815181852896","-12.5815181852896","-12.5815181852896","-12.584813492207587","-12.584813492207587","-12.584813492207587","-12.570093637780298","-12.570093637780298","-12.570093637780298","-12.549390442763702","-12.549390442763702","-12.549390442763702"
"295","-12.53406318229965","-12.53406318229965","-12.53406318229965","-12.579183083546313","-12.579183083546313","-12.579183083546313","-12.58628641200971","-12.58628641200971","-12.58628641200971","-12.576493951338756","-12.576493951338756","-12.576493951338756","-12.531614074224159","-12.531614074224159","-12.531614074224159"
"296","-12.533950334862817","-12.533950334862817","-12.533950334862817","-12.573779939096186","-12.573779939096186","-12.573779939096186","-12.581709306451339","-12.581709306451339","-12.581709306451339","-12.579211621344845","-12.579211621344845","-12.579211621344845","-12.561916025379036","-12.561916025379036","-12.561916025379036"
"297","-12.534363324129128","-12.534363324129128","-12.534363324129128","-12.574074383023419","-12.574074383023419","-12.574074383023419","-12.584140391289433","-12.584140391289433","-12.584140391289433","-12.588088132158111","-12.588088132158111","-12.588088132158111","-12.552443588836283","-12.552443588836283","-12.552443588836283"
"298","-12.531796696819837","-12.531796696819837","-12.531796696819837","-12.579145431518555","-12.579145431518555","-12.579145431518555","-12.580780077584182","-12.580780077584182","-12.580780077584182","-12.580202307882189","-12.580202307882189","-12.580202307882189","-12.571397153637077","-12.571397153637077","-12.571397153637077"
"299","-12.532178939143314","-12.532178939143314","-12.532178939143314","-12.582966249200362","-12.582966249200362","-12.582966249200362","-12.584270392792135","-12.584270392792135","-12.584270392792135","-12.577458429940139","-12.577458429940139","-12.577458429940139","-12.558381925655317","-12.558381925655317","-12.558381925655317"
"300","-12.53343752366078","-12.53343752366078","-12.53343752366078","-12.585057258605957","-12.585057258605957","-12.585057258605957","-12.58123242100583","-12.58123242100583","-12.58123242100583","-12.574212593368337","-12.574212593368337","-12.574212593368337","-12.568006793154947","-12.568006793154947","-12.568006793154947"
"301","-12.535386568383325","-12.535386568383325","-12.535386568383325","-12.582563786567013","-12.582563786567013","-12.582563786567013","-12.580999048450325","-12.580999048450325","-12.580999048450325","-12.578767873063873","-12.578767873063873","-12.578767873063873","-12.571919996527177","-12.571919996527177","-12.571919996527177"
"302","-12.532222446007065","-12.532222446007065","-12.532222446007065","-12.58057268359993","-12.58057268359993","-12.58057268359993","-12.589207721661918","-12.589207721661918","-12.589207721661918","-12.580481613738627","-12.580481613738627","-12.580481613738627","-12.573420524597168","-12.573420524597168","-12.573420524597168"
"303","-12.533137635339665","-12.533137635339665","-12.533137635339665","-12.581578556495376","-12.581578556495376","-12.581578556495376","-12.588852773738813","-12.588852773738813","-12.588852773738813","-12.5745261107819","-12.5745261107819","-12.5745261107819","-12.56717492357085","-12.56717492357085","-12.56717492357085"
"304","-12.53467835052104","-12.53467835052104","-12.53467835052104","-12.586188581925404","-12.586188581925404","-12.586188581925404","-12.584050830406479","-12.584050830406479","-12.584050830406479","-12.580741266661052","-12.580741266661052","-12.580741266661052","-12.549469573588311","-12.549469573588311","-12.549469573588311"
"305","-12.533027624782127","-12.533027624782127","-12.533027624782127","-12.585075583639025","-12.585075583639025","-12.585075583639025","-12.585696208326123","-12.585696208326123","-12.585696208326123","-12.581817240654667","-12.581817240654667","-12.581817240654667","-12.561377754694298","-12.561377754694298","-12.561377754694298"
"306","-12.536758724647232","-12.536758724647232","-12.536758724647232","-12.588947271998924","-12.588947271998924","-12.588947271998924","-12.591642005534112","-12.591642005534112","-12.591642005534112","-12.577906234354913","-12.577906234354913","-12.577906234354913","-12.552732214143004","-12.552732214143004","-12.552732214143004"
"307","-12.53103218802923","-12.53103218802923","-12.53103218802923","-12.583061568344696","-12.583061568344696","-12.583061568344696","-12.585373624970641","-12.585373624970641","-12.585373624970641","-12.568581013739864","-12.568581013739864","-12.568581013739864","-12.560042526148543","-12.560042526148543","-12.560042526148543"
"308","-12.534272302555133","-12.534272302555133","-12.534272302555133","-12.58678187599665","-12.58678187599665","-12.58678187599665","-12.588449369502973","-12.588449369502973","-12.588449369502973","-12.564418382282499","-12.564418382282499","-12.564418382282499","-12.553751498838015","-12.553751498838015","-12.553751498838015"
"309","-12.533409541166282","-12.533409541166282","-12.533409541166282","-12.588128101976611","-12.588128101976611","-12.588128101976611","-12.590907953962494","-12.590907953962494","-12.590907953962494","-12.588389746750458","-12.588389746750458","-12.588389746750458","-12.545980224126502","-12.545980224126502","-12.545980224126502"
"310","-12.534207549276232","-12.534207549276232","-12.534207549276232","-12.587284365786783","-12.587284365786783","-12.587284365786783","-12.589983252030384","-12.589983252030384","-12.589983252030384","-12.576783820043635","-12.576783820043635","-12.576783820043635","-12.558985806718658","-12.558985806718658","-12.558985806718658"
"311","-12.536210120478763","-12.536210120478763","-12.536210120478763","-12.582926931260507","-12.582926931260507","-12.582926931260507","-12.594402180442327","-12.594402180442327","-12.594402180442327","-12.56384938879858","-12.56384938879858","-12.56384938879858","-12.559398759769488","-12.559398759769488","-12.559398759769488"
"312","-12.534638875647437","-12.534638875647437","-12.534638875647437","-12.582552318331562","-12.582552318331562","-12.582552318331562","-12.586366979381706","-12.586366979381706","-12.586366979381706","-12.573881245866607","-12.573881245866607","-12.573881245866607","-12.568154890326005","-12.568154890326005","-12.568154890326005"
"313","-12.532388469840907","-12.532388469840907","-12.532388469840907","-12.58571103252942","-12.58571103252942","-12.58571103252942","-12.589965566804137","-12.589965566804137","-12.589965566804137","-12.5641516673414","-12.5641516673414","-12.5641516673414","-12.572979794272893","-12.572979794272893","-12.572979794272893"
"314","-12.533416132383708","-12.533416132383708","-12.533416132383708","-12.583807329588298","-12.583807329588298","-12.583807329588298","-12.584598541259766","-12.584598541259766","-12.584598541259766","-12.573041251943081","-12.573041251943081","-12.573041251943081","-12.571940301339838","-12.571940301339838","-12.571940301339838"
"315","-12.537633690652967","-12.537633690652967","-12.537633690652967","-12.579304695129395","-12.579304695129395","-12.579304695129395","-12.586905419072018","-12.586905419072018","-12.586905419072018","-12.582171210759803","-12.582171210759803","-12.582171210759803","-12.563169141358967","-12.563169141358967","-12.563169141358967"
"316","-12.535998308205906","-12.535998308205906","-12.535998308205906","-12.58063424991656","-12.58063424991656","-12.58063424991656","-12.58543000040175","-12.58543000040175","-12.58543000040175","-12.57906764066672","-12.57906764066672","-12.57906764066672","-12.568245960187308","-12.568245960187308","-12.568245960187308"
"317","-12.534237366688403","-12.534237366688403","-12.534237366688403","-12.570524324344683","-12.570524324344683","-12.570524324344683","-12.589904736868943","-12.589904736868943","-12.589904736868943","-12.57854435111903","-12.57854435111903","-12.57854435111903","-12.574611096442501","-12.574611096442501","-12.574611096442501"
"318","-12.53238356867923","-12.53238356867923","-12.53238356867923","-12.577115698705745","-12.577115698705745","-12.577115698705745","-12.58997503111634","-12.58997503111634","-12.58997503111634","-12.576318716701072","-12.576318716701072","-12.576318716701072","-12.558261907553371","-12.558261907553371","-12.558261907553371"
"319","-12.533929100519494","-12.533929100519494","-12.533929100519494","-12.580189294452909","-12.580189294452909","-12.580189294452909","-12.586422739149649","-12.586422739149649","-12.586422739149649","-12.576624363283567","-12.576624363283567","-12.576624363283567","-12.567345570914354","-12.567345570914354","-12.567345570914354"
"320","-12.535646861112571","-12.535646861112571","-12.535646861112571","-12.58610856985744","-12.58610856985744","-12.58610856985744","-12.583203050154674","-12.583203050154674","-12.583203050154674","-12.578179564657091","-12.578179564657091","-12.578179564657091","-12.559697959996477","-12.559697959996477","-12.559697959996477"
"321","-12.531520674500284","-12.531520674500284","-12.531520674500284","-12.584276054478899","-12.584276054478899","-12.584276054478899","-12.59078725983825","-12.59078725983825","-12.59078725983825","-12.5745535983315","-12.5745535983315","-12.5745535983315","-12.554393973531603","-12.554393973531603","-12.554393973531603"
"322","-12.535295607168463","-12.535295607168463","-12.535295607168463","-12.582756477066233","-12.582756477066233","-12.582756477066233","-12.581162211261217","-12.581162211261217","-12.581162211261217","-12.57150281833697","-12.57150281833697","-12.57150281833697","-12.568578575230852","-12.568578575230852","-12.568578575230852"
"323","-12.531561742855024","-12.531561742855024","-12.531561742855024","-12.581363086459003","-12.581363086459003","-12.581363086459003","-12.577236706697487","-12.577236706697487","-12.577236706697487","-12.5676981044721","-12.5676981044721","-12.5676981044721","-12.564481904235068","-12.564481904235068","-12.564481904235068"
"324","-12.536418552640118","-12.536418552640118","-12.536418552640118","-12.58175713502908","-12.58175713502908","-12.58175713502908","-12.57829505582399","-12.57829505582399","-12.57829505582399","-12.576212810564645","-12.576212810564645","-12.576212810564645","-12.563351691523685","-12.563351691523685","-12.563351691523685"
"325","-12.537396636190294","-12.537396636190294","-12.537396636190294","-12.583704199972033","-12.583704199972033","-12.583704199972033","-12.588477822798717","-12.588477822798717","-12.588477822798717","-12.573863017408154","-12.573863017408154","-12.573863017408154","-12.555093934264365","-12.555093934264365","-12.555093934264365"
"326","-12.532466429698315","-12.532466429698315","-12.532466429698315","-12.583029916014853","-12.583029916014853","-12.583029916014853","-12.582140198236779","-12.582140198236779","-12.582140198236779","-12.579623741439626","-12.579623741439626","-12.579623741439626","-12.56153750117821","-12.56153750117821","-12.56153750117821"
"327","-12.536014810393128","-12.536014810393128","-12.536014810393128","-12.589424290234529","-12.589424290234529","-12.589424290234529","-12.58397689046739","-12.58397689046739","-12.58397689046739","-12.577922821044922","-12.577922821044922","-12.577922821044922","-12.56860065460205","-12.56860065460205","-12.56860065460205"
"328","-12.532136096230037","-12.532136096230037","-12.532136096230037","-12.581793555730506","-12.581793555730506","-12.581793555730506","-12.586805693710907","-12.586805693710907","-12.586805693710907","-12.579068002821524","-12.579068002821524","-12.579068002821524","-12.560250185712983","-12.560250185712983","-12.560250185712983"
"329","-12.535773241067234","-12.535773241067234","-12.535773241067234","-12.588477026058149","-12.588477026058149","-12.588477026058149","-12.583757847170286","-12.583757847170286","-12.583757847170286","-12.58432937573783","-12.58432937573783","-12.58432937573783","-12.554032699971259","-12.554032699971259","-12.554032699971259"
"330","-12.531455571138405","-12.531455571138405","-12.531455571138405","-12.587223065050342","-12.587223065050342","-12.587223065050342","-12.57634001140353","-12.57634001140353","-12.57634001140353","-12.587157708180102","-12.587157708180102","-12.587157708180102","-12.553596339648283","-12.553596339648283","-12.553596339648283"
"331","-12.5345915903019","-12.5345915903019","-12.5345915903019","-12.588414807862874","-12.588414807862874","-12.588414807862874","-12.581956392602075","-12.581956392602075","-12.581956392602075","-12.583664483661893","-12.583664483661893","-12.583664483661893","-12.55828605120695","-12.55828605120695","-12.55828605120695"
"332","-12.536470376992527","-12.536470376992527","-12.536470376992527","-12.58861751797833","-12.58861751797833","-12.58861751797833","-12.582664960547339","-12.582664960547339","-12.582664960547339","-12.586099950573113","-12.586099950573113","-12.586099950573113","-12.568074866186214","-12.568074866186214","-12.568074866186214"
"333","-12.533967199204843","-12.533967199204843","-12.533967199204843","-12.592793802671794","-12.592793802671794","-12.592793802671794","-12.583269988434225","-12.583269988434225","-12.583269988434225","-12.580165512954132","-12.580165512954132","-12.580165512954132","-12.566057555283173","-12.566057555283173","-12.566057555283173"
"334","-12.533424751668036","-12.533424751668036","-12.533424751668036","-12.587463065038753","-12.587463065038753","-12.587463065038753","-12.579236368589763","-12.579236368589763","-12.579236368589763","-12.581400629840319","-12.581400629840319","-12.581400629840319","-12.562535479098935","-12.562535479098935","-12.562535479098935"
"335","-12.533870165861106","-12.533870165861106","-12.533870165861106","-12.586955179142047","-12.586955179142047","-12.586955179142047","-12.581936051573935","-12.581936051573935","-12.581936051573935","-12.58504871175259","-12.58504871175259","-12.58504871175259","-12.565536511095264","-12.565536511095264","-12.565536511095264"
"336","-12.531363137160675","-12.531363137160675","-12.531363137160675","-12.587632637989673","-12.587632637989673","-12.587632637989673","-12.58292947841596","-12.58292947841596","-12.58292947841596","-12.566979891137231","-12.566979891137231","-12.566979891137231","-12.568564475337162","-12.568564475337162","-12.568564475337162"
"337","-12.53487943093988","-12.53487943093988","-12.53487943093988","-12.590122210828564","-12.590122210828564","-12.590122210828564","-12.584784592254252","-12.584784592254252","-12.584784592254252","-12.563414380520205","-12.563414380520205","-12.563414380520205","-12.559853082970728","-12.559853082970728","-12.559853082970728"
"338","-12.535287168961537","-12.535287168961537","-12.535287168961537","-12.587887594971475","-12.587887594971475","-12.587887594971475","-12.57788183719297","-12.57788183719297","-12.57788183719297","-12.577169225185733","-12.577169225185733","-12.577169225185733","-12.563211730763882","-12.563211730763882","-12.563211730763882"
"339","-12.537638314162628","-12.537638314162628","-12.537638314162628","-12.58572333372092","-12.58572333372092","-12.58572333372092","-12.582986445366581","-12.582986445366581","-12.582986445366581","-12.5785421299029","-12.5785421299029","-12.5785421299029","-12.565052889570405","-12.565052889570405","-12.565052889570405"
"340","-12.535472278353534","-12.535472278353534","-12.535472278353534","-12.587257566331308","-12.587257566331308","-12.587257566331308","-12.588180771356896","-12.588180771356896","-12.588180771356896","-12.56748758388471","-12.56748758388471","-12.56748758388471","-12.567777537092377","-12.567777537092377","-12.567777537092377"
"341","-12.536719949939583","-12.536719949939583","-12.536719949939583","-12.588734083537814","-12.588734083537814","-12.588734083537814","-12.582662244386311","-12.582662244386311","-12.582662244386311","-12.572744936882694","-12.572744936882694","-12.572744936882694","-12.57451674304431","-12.57451674304431","-12.57451674304431"
"342","-12.535525201242182","-12.535525201242182","-12.535525201242182","-12.589057342915595","-12.589057342915595","-12.589057342915595","-12.582358191284952","-12.582358191284952","-12.582358191284952","-12.576577319374568","-12.576577319374568","-12.576577319374568","-12.580240297921096","-12.580240297921096","-12.580240297921096"
"343","-12.538761790794663","-12.538761790794663","-12.538761790794663","-12.593608723411077","-12.593608723411077","-12.593608723411077","-12.582585660717156","-12.582585660717156","-12.582585660717156","-12.572997479499142","-12.572997479499142","-12.572997479499142","-12.577071226095851","-12.577071226095851","-12.577071226095851"
"344","-12.537419126003604","-12.537419126003604","-12.537419126003604","-12.58823509457745","-12.58823509457745","-12.58823509457745","-12.587762023829207","-12.587762023829207","-12.587762023829207","-12.582265189931363","-12.582265189931363","-12.582265189931363","-12.572211507000501","-12.572211507000501","-12.572211507000501"
"345","-12.539777079715005","-12.539777079715005","-12.539777079715005","-12.590261724930775","-12.590261724930775","-12.590261724930775","-12.59033925020242","-12.59033925020242","-12.59033925020242","-12.579905485805076","-12.579905485805076","-12.579905485805076","-12.578431274317488","-12.578431274317488","-12.578431274317488"
"346","-12.5382823581937","-12.5382823581937","-12.5382823581937","-12.589862751055367","-12.589862751055367","-12.589862751055367","-12.586425950255576","-12.586425950255576","-12.586425950255576","-12.57810487626474","-12.57810487626474","-12.57810487626474","-12.580440678173982","-12.580440678173982","-12.580440678173982"
"347","-12.539432006546214","-12.539432006546214","-12.539432006546214","-12.592070096655737","-12.592070096655737","-12.592070096655737","-12.579607046103176","-12.579607046103176","-12.579607046103176","-12.586415761633765","-12.586415761633765","-12.586415761633765","-12.577334597140927","-12.577334597140927","-12.577334597140927"
"348","-12.539733355558372","-12.539733355558372","-12.539733355558372","-12.595627857159965","-12.595627857159965","-12.595627857159965","-12.570663790159587","-12.570663790159587","-12.570663790159587","-12.582122344004956","-12.582122344004956","-12.582122344004956","-12.582440738436542","-12.582440738436542","-12.582440738436542"
"349","-12.53632269026358","-12.53632269026358","-12.53632269026358","-12.592208355287962","-12.592208355287962","-12.592208355287962","-12.581309342686135","-12.581309342686135","-12.581309342686135","-12.551360118238232","-12.551360118238232","-12.551360118238232","-12.577449170848991","-12.577449170848991","-12.577449170848991"
"350","-12.54010589213311","-12.54010589213311","-12.54010589213311","-12.593041166474547","-12.593041166474547","-12.593041166474547","-12.584500457667097","-12.584500457667097","-12.584500457667097","-12.582940560352954","-12.582940560352954","-12.582940560352954","-12.569411120837248","-12.569411120837248","-12.569411120837248"
"351","-12.54200170009951","-12.54200170009951","-12.54200170009951","-12.592392788657659","-12.592392788657659","-12.592392788657659","-12.582738731480852","-12.582738731480852","-12.582738731480852","-12.586669028559818","-12.586669028559818","-12.586669028559818","-12.574818502498578","-12.574818502498578","-12.574818502498578"
"352","-12.54078727432444","-12.54078727432444","-12.54078727432444","-12.588412695293185","-12.588412695293185","-12.588412695293185","-12.586945642398883","-12.586945642398883","-12.586945642398883","-12.574941828281064","-12.574941828281064","-12.574941828281064","-12.563510846488084","-12.563510846488084","-12.563510846488084"
"353","-12.53985730907585","-12.53985730907585","-12.53985730907585","-12.589096008976803","-12.589096008976803","-12.589096008976803","-12.58607077296776","-12.58607077296776","-12.58607077296776","-12.569203630278382","-12.569203630278382","-12.569203630278382","-12.566119025025186","-12.566119025025186","-12.566119025025186"
"354","-12.537839792951752","-12.537839792951752","-12.537839792951752","-12.59223002421705","-12.59223002421705","-12.59223002421705","-12.591996567158759","-12.591996567158759","-12.591996567158759","-12.580912034722823","-12.580912034722823","-12.580912034722823","-12.569473737402808","-12.569473737402808","-12.569473737402808"
"355","-12.535938975177233","-12.535938975177233","-12.535938975177233","-12.588676380205758","-12.588676380205758","-12.588676380205758","-12.58603151538704","-12.58603151538704","-12.58603151538704","-12.58447645887544","-12.58447645887544","-12.58447645887544","-12.572803497314453","-12.572803497314453","-12.572803497314453"
"356","-12.53241260142266","-12.53241260142266","-12.53241260142266","-12.591635716112354","-12.591635716112354","-12.591635716112354","-12.587562066090259","-12.587562066090259","-12.587562066090259","-12.571961487395853","-12.571961487395853","-12.571961487395853","-12.565210378622707","-12.565210378622707","-12.565210378622707"
"357","-12.537298395663877","-12.537298395663877","-12.537298395663877","-12.589732785768147","-12.589732785768147","-12.589732785768147","-12.589116651800614","-12.589116651800614","-12.589116651800614","-12.588292158102687","-12.588292158102687","-12.588292158102687","-12.572814627538753","-12.572814627538753","-12.572814627538753"
"358","-12.538509706907634","-12.538509706907634","-12.538509706907634","-12.588752915587607","-12.588752915587607","-12.588752915587607","-12.589808295044717","-12.589808295044717","-12.589808295044717","-12.5777522099169","-12.5777522099169","-12.5777522099169","-12.576908751379085","-12.576908751379085","-12.576908751379085"
"359","-12.539188807523704","-12.539188807523704","-12.539188807523704","-12.589956054204627","-12.589956054204627","-12.589956054204627","-12.596064398560342","-12.596064398560342","-12.596064398560342","-12.59068556676937","-12.59068556676937","-12.59068556676937","-12.580014820340313","-12.580014820340313","-12.580014820340313"
"360","-12.540971502473083","-12.540971502473083","-12.540971502473083","-12.59315394148042","-12.59315394148042","-12.59315394148042","-12.593620010569126","-12.593620010569126","-12.593620010569126","-12.57837722874895","-12.57837722874895","-12.57837722874895","-12.576472258266014","-12.576472258266014","-12.576472258266014"
"361","-12.540559961825986","-12.540559961825986","-12.540559961825986","-12.592630205275137","-12.592630205275137","-12.592630205275137","-12.598113422152363","-12.598113422152363","-12.598113422152363","-12.592689514160156","-12.592689514160156","-12.592689514160156","-12.574522658239436","-12.574522658239436","-12.574522658239436"
"362","-12.537363909467865","-12.537363909467865","-12.537363909467865","-12.591691318946548","-12.591691318946548","-12.591691318946548","-12.595457125313674","-12.595457125313674","-12.595457125313674","-12.583003997802734","-12.583003997802734","-12.583003997802734","-12.566959031020538","-12.566959031020538","-12.566959031020538"
"363","-12.537610862828508","-12.537610862828508","-12.537610862828508","-12.58840274810791","-12.58840274810791","-12.58840274810791","-12.5934385830843","-12.5934385830843","-12.5934385830843","-12.585498387300515","-12.585498387300515","-12.585498387300515","-12.534678579885748","-12.534678579885748","-12.534678579885748"
"364","-12.535086595559422","-12.535086595559422","-12.535086595559422","-12.583409840547585","-12.583409840547585","-12.583409840547585","-12.592671925508522","-12.592671925508522","-12.592671925508522","-12.589855676964868","-12.589855676964868","-12.589855676964868","-12.56652238097372","-12.56652238097372","-12.56652238097372"
"365","-12.538500749612156","-12.538500749612156","-12.538500749612156","-12.582531252993814","-12.582531252993814","-12.582531252993814","-12.599776412867293","-12.599776412867293","-12.599776412867293","-12.587126248999487","-12.587126248999487","-12.587126248999487","-12.569340307501298","-12.569340307501298","-12.569340307501298"
"366","-12.538470268249512","-12.538470268249512","-12.538470268249512","-12.5885407653036","-12.5885407653036","-12.5885407653036","-12.59428472156766","-12.59428472156766","-12.59428472156766","-12.586632982085023","-12.586632982085023","-12.586632982085023","-12.572251669968232","-12.572251669968232","-12.572251669968232"
"367","-12.539483287666418","-12.539483287666418","-12.539483287666418","-12.591269565533988","-12.591269565533988","-12.591269565533988","-12.59217057047011","-12.59217057047011","-12.59217057047011","-12.589247075817253","-12.589247075817253","-12.589247075817253","-12.576202404649951","-12.576202404649951","-12.576202404649951"
"368","-12.540011055861847","-12.540011055861847","-12.540011055861847","-12.589802790291701","-12.589802790291701","-12.589802790291701","-12.585909131207044","-12.585909131207044","-12.585909131207044","-12.59430511088311","-12.59430511088311","-12.59430511088311","-12.580854645258263","-12.580854645258263","-12.580854645258263"
"369","-12.53892839407619","-12.53892839407619","-12.53892839407619","-12.589402198791504","-12.589402198791504","-12.589402198791504","-12.58806252781349","-12.58806252781349","-12.58806252781349","-12.589984000483646","-12.589984000483646","-12.589984000483646","-12.58135899410972","-12.58135899410972","-12.58135899410972"
"370","-12.541156696367867","-12.541156696367867","-12.541156696367867","-12.587189686449268","-12.587189686449268","-12.587189686449268","-12.58664081670061","-12.58664081670061","-12.58664081670061","-12.566268365594405","-12.566268365594405","-12.566268365594405","-12.573917111263999","-12.573917111263999","-12.573917111263999"
"371","-12.544814194305033","-12.544814194305033","-12.544814194305033","-12.584426022783111","-12.584426022783111","-12.584426022783111","-12.587326436103146","-12.587326436103146","-12.587326436103146","-12.589103819448736","-12.589103819448736","-12.589103819448736","-12.579925356031973","-12.579925356031973","-12.579925356031973"
"372","-12.540898323059082","-12.540898323059082","-12.540898323059082","-12.587140143672123","-12.587140143672123","-12.587140143672123","-12.593383535554137","-12.593383535554137","-12.593383535554137","-12.594290383254425","-12.594290383254425","-12.594290383254425","-12.584897439691085","-12.584897439691085","-12.584897439691085"
"373","-12.542052667352218","-12.542052667352218","-12.542052667352218","-12.586863940275169","-12.586863940275169","-12.586863940275169","-12.590040122406393","-12.590040122406393","-12.590040122406393","-12.591494234302376","-12.591494234302376","-12.591494234302376","-12.582593772984758","-12.582593772984758","-12.582593772984758"
"374","-12.538567132587675","-12.538567132587675","-12.538567132587675","-12.585010661354548","-12.585010661354548","-12.585010661354548","-12.589521818523165","-12.589521818523165","-12.589521818523165","-12.59176088888434","-12.59176088888434","-12.59176088888434","-12.570603479312945","-12.570603479312945","-12.570603479312945"
"375","-12.538872875744783","-12.538872875744783","-12.538872875744783","-12.584921390195436","-12.584921390195436","-12.584921390195436","-12.574883376495748","-12.574883376495748","-12.574883376495748","-12.58300784871548","-12.58300784871548","-12.58300784871548","-12.575912572160552","-12.575912572160552","-12.575912572160552"
"376","-12.534702711467501","-12.534702711467501","-12.534702711467501","-12.584774922720994","-12.584774922720994","-12.584774922720994","-12.587595915492576","-12.587595915492576","-12.587595915492576","-12.579337083840672","-12.579337083840672","-12.579337083840672","-12.573147544377967","-12.573147544377967","-12.573147544377967"
"377","-12.539376343352885","-12.539376343352885","-12.539376343352885","-12.585580330860767","-12.585580330860767","-12.585580330860767","-12.58357514007182","-12.58357514007182","-12.58357514007182","-12.591015876093998","-12.591015876093998","-12.591015876093998","-12.581907006758678","-12.581907006758678","-12.581907006758678"
"378","-12.538751638388332","-12.538751638388332","-12.538751638388332","-12.583294059656843","-12.583294059656843","-12.583294059656843","-12.578197479248047","-12.578197479248047","-12.578197479248047","-12.589040720010106","-12.589040720010106","-12.589040720010106","-12.572714177868034","-12.572714177868034","-12.572714177868034"
"379","-12.541374810134307","-12.541374810134307","-12.541374810134307","-12.586213220523883","-12.586213220523883","-12.586213220523883","-12.588152354276634","-12.588152354276634","-12.588152354276634","-12.583440406413018","-12.583440406413018","-12.583440406413018","-12.574783470057234","-12.574783470057234","-12.574783470057234"
"380","-12.542745517779","-12.542745517779","-12.542745517779","-12.585260596456408","-12.585260596456408","-12.585260596456408","-12.587210715571537","-12.587210715571537","-12.587210715571537","-12.59407540816295","-12.59407540816295","-12.59407540816295","-12.556280449975896","-12.556280449975896","-12.556280449975896"
"381","-12.5407446728477","-12.5407446728477","-12.5407446728477","-12.589306638210635","-12.589306638210635","-12.589306638210635","-12.592423970186257","-12.592423970186257","-12.592423970186257","-12.59495765348024","-12.59495765348024","-12.59495765348024","-12.576521825186814","-12.576521825186814","-12.576521825186814"
"382","-12.541290814363503","-12.541290814363503","-12.541290814363503","-12.591312649883802","-12.591312649883802","-12.591312649883802","-12.592631834971753","-12.592631834971753","-12.592631834971753","-12.588681691809546","-12.588681691809546","-12.588681691809546","-12.573621085927456","-12.573621085927456","-12.573621085927456"
"383","-12.538052969341036","-12.538052969341036","-12.538052969341036","-12.589545105077043","-12.589545105077043","-12.589545105077043","-12.592308104792728","-12.592308104792728","-12.592308104792728","-12.590956422347057","-12.590956422347057","-12.590956422347057","-12.580398390564737","-12.580398390564737","-12.580398390564737"
"384","-12.540489691722241","-12.540489691722241","-12.540489691722241","-12.582295574719392","-12.582295574719392","-12.582295574719392","-12.587694023228899","-12.587694023228899","-12.587694023228899","-12.592351901380322","-12.592351901380322","-12.592351901380322","-12.576486925535564","-12.576486925535564","-12.576486925535564"
"385","-12.54191324982462","-12.54191324982462","-12.54191324982462","-12.585334886478472","-12.585334886478472","-12.585334886478472","-12.59615627723404","-12.59615627723404","-12.59615627723404","-12.59291510038738","-12.59291510038738","-12.59291510038738","-12.57003376151942","-12.57003376151942","-12.57003376151942"
"386","-12.542893168292467","-12.542893168292467","-12.542893168292467","-12.586886731884148","-12.586886731884148","-12.586886731884148","-12.589243043827105","-12.589243043827105","-12.589243043827105","-12.596674991559379","-12.596674991559379","-12.596674991559379","-12.582367474519753","-12.582367474519753","-12.582367474519753"
"387","-12.539441833013221","-12.539441833013221","-12.539441833013221","-12.589047951034352","-12.589047951034352","-12.589047951034352","-12.588347096986409","-12.588347096986409","-12.588347096986409","-12.589367468145829","-12.589367468145829","-12.589367468145829","-12.576719440991365","-12.576719440991365","-12.576719440991365"
"388","-12.540597879433934","-12.540597879433934","-12.540597879433934","-12.58713925035694","-12.58713925035694","-12.58713925035694","-12.591599874858614","-12.591599874858614","-12.591599874858614","-12.588958921311777","-12.588958921311777","-12.588958921311777","-12.574109222315535","-12.574109222315535","-12.574109222315535"
"389","-12.537109387071826","-12.537109387071826","-12.537109387071826","-12.589219986637936","-12.589219986637936","-12.589219986637936","-12.595562729654432","-12.595562729654432","-12.595562729654432","-12.581553616101228","-12.581553616101228","-12.581553616101228","-12.579271787329565","-12.579271787329565","-12.579271787329565"
"390","-12.540635265881502","-12.540635265881502","-12.540635265881502","-12.58897455432747","-12.58897455432747","-12.58897455432747","-12.591425183453138","-12.591425183453138","-12.591425183453138","-12.584680557250977","-12.584680557250977","-12.584680557250977","-12.579426693010934","-12.579426693010934","-12.579426693010934"
"391","-12.539239376406126","-12.539239376406126","-12.539239376406126","-12.585075161125086","-12.585075161125086","-12.585075161125086","-12.592314671866502","-12.592314671866502","-12.592314671866502","-12.596529079388969","-12.596529079388969","-12.596529079388969","-12.57746447792536","-12.57746447792536","-12.57746447792536"
"392","-12.541654043559786","-12.541654043559786","-12.541654043559786","-12.585806774187692","-12.585806774187692","-12.585806774187692","-12.600010364870482","-12.600010364870482","-12.600010364870482","-12.601640737509426","-12.601640737509426","-12.601640737509426","-12.58723799790008","-12.58723799790008","-12.58723799790008"
"393","-12.541227256195455","-12.541227256195455","-12.541227256195455","-12.584321009961865","-12.584321009961865","-12.584321009961865","-12.598598999313161","-12.598598999313161","-12.598598999313161","-12.592912673950195","-12.592912673950195","-12.592912673950195","-12.584558052352712","-12.584558052352712","-12.584558052352712"
"394","-12.538885985748678","-12.538885985748678","-12.538885985748678","-12.587736757495735","-12.587736757495735","-12.587736757495735","-12.592614089386373","-12.592614089386373","-12.592614089386373","-12.58537897278991","-12.58537897278991","-12.58537897278991","-12.579588684854627","-12.579588684854627","-12.579588684854627"
"395","-12.544127247001551","-12.544127247001551","-12.544127247001551","-12.590345237828508","-12.590345237828508","-12.590345237828508","-12.569498858874358","-12.569498858874358","-12.569498858874358","-12.592726297016386","-12.592726297016386","-12.592726297016386","-12.574052388155007","-12.574052388155007","-12.574052388155007"
"396","-12.542519871192642","-12.542519871192642","-12.542519871192642","-12.590043828457217","-12.590043828457217","-12.590043828457217","-12.593808995017522","-12.593808995017522","-12.593808995017522","-12.598256412940689","-12.598256412940689","-12.598256412940689","-12.577016106134728","-12.577016106134728","-12.577016106134728"
"397","-12.537414611140385","-12.537414611140385","-12.537414611140385","-12.591567510290991","-12.591567510290991","-12.591567510290991","-12.59531442424919","-12.59531442424919","-12.59531442424919","-12.578864013092428","-12.578864013092428","-12.578864013092428","-12.573409708240364","-12.573409708240364","-12.573409708240364"
"398","-12.536618305158012","-12.536618305158012","-12.536618305158012","-12.592481432081778","-12.592481432081778","-12.592481432081778","-12.596461465087119","-12.596461465087119","-12.596461465087119","-12.59498281116727","-12.59498281116727","-12.59498281116727","-12.57880175868167","-12.57880175868167","-12.57880175868167"
"399","-12.536152260212958","-12.536152260212958","-12.536152260212958","-12.586439289624177","-12.586439289624177","-12.586439289624177","-12.590590645995322","-12.590590645995322","-12.590590645995322","-12.586223300499253","-12.586223300499253","-12.586223300499253","-12.58055632627463","-12.58055632627463","-12.58055632627463"
"400","-12.53282420242889","-12.53282420242889","-12.53282420242889","-12.5866810520993","-12.5866810520993","-12.5866810520993","-12.590598758262924","-12.590598758262924","-12.590598758262924","-12.588830815085881","-12.588830815085881","-12.588830815085881","-12.57989701138267","-12.57989701138267","-12.57989701138267"
"401","-12.537040058570572","-12.537040058570572","-12.537040058570572","-12.585555607759499","-12.585555607759499","-12.585555607759499","-12.596552221080925","-12.596552221080925","-12.596552221080925","-12.585423940344702","-12.585423940344702","-12.585423940344702","-12.574972128566307","-12.574972128566307","-12.574972128566307"
"402","-12.538655425928816","-12.538655425928816","-12.538655425928816","-12.584169943121415","-12.584169943121415","-12.584169943121415","-12.594550893276553","-12.594550893276553","-12.594550893276553","-12.582469903970066","-12.582469903970066","-12.582469903970066","-12.577413752109189","-12.577413752109189","-12.577413752109189"
"403","-12.538061974923822","-12.538061974923822","-12.538061974923822","-12.584887251069274","-12.584887251069274","-12.584887251069274","-12.59527956081342","-12.59527956081342","-12.59527956081342","-12.58903306647192","-12.58903306647192","-12.58903306647192","-12.571153616603416","-12.571153616603416","-12.571153616603416"
"404","-12.541972957079924","-12.541972957079924","-12.541972957079924","-12.586238209205337","-12.586238209205337","-12.586238209205337","-12.603406181818322","-12.603406181818322","-12.603406181818322","-12.592764178408853","-12.592764178408853","-12.592764178408853","-12.57948285114916","-12.57948285114916","-12.57948285114916"
"405","-12.539567935315869","-12.539567935315869","-12.539567935315869","-12.587820548045483","-12.587820548045483","-12.587820548045483","-12.600821760636341","-12.600821760636341","-12.600821760636341","-12.593133177938341","-12.593133177938341","-12.593133177938341","-12.574679942070683","-12.574679942070683","-12.574679942070683"
"406","-12.541200275662579","-12.541200275662579","-12.541200275662579","-12.586535598658308","-12.586535598658308","-12.586535598658308","-12.596791363969635","-12.596791363969635","-12.596791363969635","-12.58515223973914","-12.58515223973914","-12.58515223973914","-12.575465154044236","-12.575465154044236","-12.575465154044236"
"407","-12.543820513954646","-12.543820513954646","-12.543820513954646","-12.588744284231451","-12.588744284231451","-12.588744284231451","-12.59544492069679","-12.59544492069679","-12.59544492069679","-12.587835734403587","-12.587835734403587","-12.587835734403587","-12.570694271522232","-12.570694271522232","-12.570694271522232"
"408","-12.545783006692234","-12.545783006692234","-12.545783006692234","-12.587627036662042","-12.587627036662042","-12.587627036662042","-12.598660082756718","-12.598660082756718","-12.598660082756718","-12.591702545745463","-12.591702545745463","-12.591702545745463","-12.573388836051844","-12.573388836051844","-12.573388836051844"
"409","-12.541820296758338","-12.541820296758338","-12.541820296758338","-12.58775088153308","-12.58775088153308","-12.58775088153308","-12.595151237294644","-12.595151237294644","-12.595151237294644","-12.590021386931214","-12.590021386931214","-12.590021386931214","-12.573488778705839","-12.573488778705839","-12.573488778705839"
"410","-12.542396859277654","-12.542396859277654","-12.542396859277654","-12.589461193809026","-12.589461193809026","-12.589461193809026","-12.58408041845394","-12.58408041845394","-12.58408041845394","-12.58444794522056","-12.58444794522056","-12.58444794522056","-12.57249415675296","-12.57249415675296","-12.57249415675296"
"411","-12.542955796929855","-12.542955796929855","-12.542955796929855","-12.589518088328687","-12.589518088328687","-12.589518088328687","-12.595224440852299","-12.595224440852299","-12.595224440852299","-12.587249997295912","-12.587249997295912","-12.587249997295912","-12.568450469004956","-12.568450469004956","-12.568450469004956"
"412","-12.543757402444188","-12.543757402444188","-12.543757402444188","-12.582027157650717","-12.582027157650717","-12.582027157650717","-12.595475172694725","-12.595475172694725","-12.595475172694725","-12.572530492951598","-12.572530492951598","-12.572530492951598","-12.573906608774692","-12.573906608774692","-12.573906608774692"
"413","-12.541827238058742","-12.541827238058742","-12.541827238058742","-12.580199772798561","-12.580199772798561","-12.580199772798561","-12.597054843661152","-12.597054843661152","-12.597054843661152","-12.5827577687517","-12.5827577687517","-12.5827577687517","-12.577976963188075","-12.577976963188075","-12.577976963188075"
"414","-12.543376210369642","-12.543376210369642","-12.543376210369642","-12.589338592336148","-12.589338592336148","-12.589338592336148","-12.59620272962353","-12.59620272962353","-12.59620272962353","-12.57784501812126","-12.57784501812126","-12.57784501812126","-12.579087474678136","-12.579087474678136","-12.579087474678136"
"415","-12.54286070715023","-12.54286070715023","-12.54286070715023","-12.593949945667122","-12.593949945667122","-12.593949945667122","-12.59637067287783","-12.59637067287783","-12.59637067287783","-12.58045557480824","-12.58045557480824","-12.58045557480824","-12.583717985998225","-12.583717985998225","-12.583717985998225"
"416","-12.540123649790317","-12.540123649790317","-12.540123649790317","-12.589579823650892","-12.589579823650892","-12.589579823650892","-12.588686472252954","-12.588686472252954","-12.588686472252954","-12.58476312854622","-12.58476312854622","-12.58476312854622","-12.577685259565522","-12.577685259565522","-12.577685259565522"
"417","-12.536958453021471","-12.536958453021471","-12.536958453021471","-12.592995341820053","-12.592995341820053","-12.592995341820053","-12.590288427811634","-12.590288427811634","-12.590288427811634","-12.589268322232403","-12.589268322232403","-12.589268322232403","-12.574318366714671","-12.574318366714671","-12.574318366714671"
"418","-12.540009245087829","-12.540009245087829","-12.540009245087829","-12.59505005124249","-12.59505005124249","-12.59505005124249","-12.578872451299354","-12.578872451299354","-12.578872451299354","-12.580188135557536","-12.580188135557536","-12.580188135557536","-12.573587369315232","-12.573587369315232","-12.573587369315232"
"419","-12.54178723202476","-12.54178723202476","-12.54178723202476","-12.591688952868498","-12.591688952868498","-12.591688952868498","-12.593786432773252","-12.593786432773252","-12.593786432773252","-12.593867627880241","-12.593867627880241","-12.593867627880241","-12.573119489452507","-12.573119489452507","-12.573119489452507"
"420","-12.54026188427889","-12.54026188427889","-12.54026188427889","-12.585525645485408","-12.585525645485408","-12.585525645485408","-12.593852646743194","-12.593852646743194","-12.593852646743194","-12.59888936296294","-12.59888936296294","-12.59888936296294","-12.576873223992843","-12.576873223992843","-12.576873223992843"
"421","-12.543506501596186","-12.543506501596186","-12.543506501596186","-12.588696805736687","-12.588696805736687","-12.588696805736687","-12.592158015770249","-12.592158015770249","-12.592158015770249","-12.59716702714751","-12.59716702714751","-12.59716702714751","-12.569717407226562","-12.569717407226562","-12.569717407226562"
"422","-12.543114275871952","-12.543114275871952","-12.543114275871952","-12.591956343831896","-12.591956343831896","-12.591956343831896","-12.594760206681263","-12.594760206681263","-12.594760206681263","-12.59015847459624","-12.59015847459624","-12.59015847459624","-12.581026958513863","-12.581026958513863","-12.581026958513863"
"423","-12.5445595391189","-12.5445595391189","-12.5445595391189","-12.590729665152635","-12.590729665152635","-12.590729665152635","-12.600878606868696","-12.600878606868696","-12.600878606868696","-12.595249031163469","-12.595249031163469","-12.595249031163469","-12.57481281666816","-12.57481281666816","-12.57481281666816"
"424","-12.545016687127609","-12.545016687127609","-12.545016687127609","-12.59162753141379","-12.59162753141379","-12.59162753141379","-12.600582690178593","-12.600582690178593","-12.600582690178593","-12.592835728126236","-12.592835728126236","-12.592835728126236","-12.563297754601587","-12.563297754601587","-12.563297754601587"
"425","-12.544175606739673","-12.544175606739673","-12.544175606739673","-12.592208898520168","-12.592208898520168","-12.592208898520168","-12.591351521166064","-12.591351521166064","-12.591351521166064","-12.59440310997299","-12.59440310997299","-12.59440310997299","-12.5598328385172","-12.5598328385172","-12.5598328385172"
"426","-12.547602919083607","-12.547602919083607","-12.547602919083607","-12.591869535325449","-12.591869535325449","-12.591869535325449","-12.602664838863324","-12.602664838863324","-12.602664838863324","-12.593979690648332","-12.593979690648332","-12.593979690648332","-12.574235879922215","-12.574235879922215","-12.574235879922215"
"427","-12.545200058176547","-12.545200058176547","-12.545200058176547","-12.588554551329795","-12.588554551329795","-12.588554551329795","-12.594965476023999","-12.594965476023999","-12.594965476023999","-12.581945781466327","-12.581945781466327","-12.581945781466327","-12.577073012726217","-12.577073012726217","-12.577073012726217"
"428","-12.543785831596278","-12.543785831596278","-12.543785831596278","-12.588574844070628","-12.588574844070628","-12.588574844070628","-12.599817541581166","-12.599817541581166","-12.599817541581166","-12.5728545732136","-12.5728545732136","-12.5728545732136","-12.572625787952278","-12.572625787952278","-12.572625787952278"
"429","-12.546536324899408","-12.546536324899408","-12.546536324899408","-12.578116344500192","-12.578116344500192","-12.578116344500192","-12.600122922583472","-12.600122922583472","-12.600122922583472","-12.58631585519525","-12.58631585519525","-12.58631585519525","-12.572496233107168","-12.572496233107168","-12.572496233107168"
"430","-12.54633876945399","-12.54633876945399","-12.54633876945399","-12.588049767892572","-12.588049767892572","-12.588049767892572","-12.59965152981915","-12.59965152981915","-12.59965152981915","-12.57843344724631","-12.57843344724631","-12.57843344724631","-12.574900470202483","-12.574900470202483","-12.574900470202483"
"431","-12.545512887495983","-12.545512887495983","-12.545512887495983","-12.59042834028413","-12.59042834028413","-12.59042834028413","-12.593763001357452","-12.593763001357452","-12.593763001357452","-12.595293648635284","-12.595293648635284","-12.595293648635284","-12.572704278970066","-12.572704278970066","-12.572704278970066"
"432","-12.544615395461456","-12.544615395461456","-12.544615395461456","-12.595883200440225","-12.595883200440225","-12.595883200440225","-12.595817565917969","-12.595817565917969","-12.595817565917969","-12.591739835618418","-12.591739835618418","-12.591739835618418","-12.57864787910558","-12.57864787910558","-12.57864787910558"
"433","-12.54676917836636","-12.54676917836636","-12.54676917836636","-12.595516965359073","-12.595516965359073","-12.595516965359073","-12.597312432301196","-12.597312432301196","-12.597312432301196","-12.591126116016243","-12.591126116016243","-12.591126116016243","-12.579417349416998","-12.579417349416998","-12.579417349416998"
"434","-12.54571495780462","-12.54571495780462","-12.54571495780462","-12.59353650974322","-12.59353650974322","-12.59353650974322","-12.596895761127714","-12.596895761127714","-12.596895761127714","-12.588600255266021","-12.588600255266021","-12.588600255266021","-12.56621565999864","-12.56621565999864","-12.56621565999864"
"435","-12.548517697974097","-12.548517697974097","-12.548517697974097","-12.599365137800385","-12.599365137800385","-12.599365137800385","-12.58499391773079","-12.58499391773079","-12.58499391773079","-12.588101592244982","-12.588101592244982","-12.588101592244982","-12.547576204130921","-12.547576204130921","-12.547576204130921"
"436","-12.543984666655335","-12.543984666655335","-12.543984666655335","-12.590471219412889","-12.590471219412889","-12.590471219412889","-12.59053766274754","-12.59053766274754","-12.59053766274754","-12.590978658652004","-12.590978658652004","-12.590978658652004","-12.566502643536918","-12.566502643536918","-12.566502643536918"
"437","-12.546240673789494","-12.546240673789494","-12.546240673789494","-12.584698025184341","-12.584698025184341","-12.584698025184341","-12.59234258193004","-12.59234258193004","-12.59234258193004","-12.585701423355296","-12.585701423355296","-12.585701423355296","-12.572739504560639","-12.572739504560639","-12.572739504560639"
"438","-12.546181473550917","-12.546181473550917","-12.546181473550917","-12.59192556067358","-12.59192556067358","-12.59192556067358","-12.592957508714893","-12.592957508714893","-12.592957508714893","-12.587287770041936","-12.587287770041936","-12.587287770041936","-12.579652061945275","-12.579652061945275","-12.579652061945275"
"439","-12.543900876105587","-12.543900876105587","-12.543900876105587","-12.59436907949327","-12.59436907949327","-12.59436907949327","-12.595282711560213","-12.595282711560213","-12.595282711560213","-12.576063554498214","-12.576063554498214","-12.576063554498214","-12.573509397385996","-12.573509397385996","-12.573509397385996"
"440","-12.544094810002967","-12.544094810002967","-12.544094810002967","-12.593260209771652","-12.593260209771652","-12.593260209771652","-12.588456552239913","-12.588456552239913","-12.588456552239913","-12.58780665337285","-12.58780665337285","-12.58780665337285","-12.577434672585017","-12.577434672585017","-12.577434672585017"
"441","-12.546495727345913","-12.546495727345913","-12.546495727345913","-12.594587772707396","-12.594587772707396","-12.594587772707396","-12.597372115412846","-12.597372115412846","-12.597372115412846","-12.583949994437303","-12.583949994437303","-12.583949994437303","-12.58050634891172","-12.58050634891172","-12.58050634891172"
"442","-12.540652914892268","-12.540652914892268","-12.540652914892268","-12.595440079894248","-12.595440079894248","-12.595440079894248","-12.598092308527306","-12.598092308527306","-12.598092308527306","-12.585620493828495","-12.585620493828495","-12.585620493828495","-12.583170287216767","-12.583170287216767","-12.583170287216767"
"443","-12.54333947580072","-12.54333947580072","-12.54333947580072","-12.595626794839207","-12.595626794839207","-12.595626794839207","-12.599061555500272","-12.599061555500272","-12.599061555500272","-12.590516174895853","-12.590516174895853","-12.590516174895853","-12.577162899548494","-12.577162899548494","-12.577162899548494"
"444","-12.544110865532597","-12.544110865532597","-12.544110865532597","-12.59787327730203","-12.59787327730203","-12.59787327730203","-12.60112769694268","-12.60112769694268","-12.60112769694268","-12.591874967647504","-12.591874967647504","-12.591874967647504","-12.581336516368237","-12.581336516368237","-12.581336516368237"
"445","-12.543708849556838","-12.543708849556838","-12.543708849556838","-12.598945593532127","-12.598945593532127","-12.598945593532127","-12.593665762792659","-12.593665762792659","-12.593665762792659","-12.585845150525056","-12.585845150525056","-12.585845150525056","-12.58345363713518","-12.58345363713518","-12.58345363713518"
"446","-12.542896608763103","-12.542896608763103","-12.542896608763103","-12.59310505058192","-12.59310505058192","-12.59310505058192","-12.600703855104085","-12.600703855104085","-12.600703855104085","-12.582236362408988","-12.582236362408988","-12.582236362408988","-12.585148871699467","-12.585148871699467","-12.585148871699467"
"447","-12.546010198472421","-12.546010198472421","-12.546010198472421","-12.594044105916083","-12.594044105916083","-12.594044105916083","-12.597833923146695","-12.597833923146695","-12.597833923146695","-12.591759959353677","-12.591759959353677","-12.591759959353677","-12.577435493469238","-12.577435493469238","-12.577435493469238"
"448","-12.541301715223096","-12.541301715223096","-12.541301715223096","-12.592825153205968","-12.592825153205968","-12.592825153205968","-12.596237580987472","-12.596237580987472","-12.596237580987472","-12.576034787334974","-12.576034787334974","-12.576034787334974","-12.587178556224968","-12.587178556224968","-12.587178556224968"
"449","-12.54489291468753","-12.54489291468753","-12.54489291468753","-12.590304640275013","-12.590304640275013","-12.590304640275013","-12.5990035745162","-12.5990035745162","-12.5990035745162","-12.591679681705523","-12.591679681705523","-12.591679681705523","-12.579411591155619","-12.579411591155619","-12.579411591155619"
"450","-12.543179886250556","-12.543179886250556","-12.543179886250556","-12.59010707275777","-12.59010707275777","-12.59010707275777","-12.596925264672388","-12.596925264672388","-12.596925264672388","-12.593754973592638","-12.593754973592638","-12.593754973592638","-12.584367667572408","-12.584367667572408","-12.584367667572408"
"451","-12.542324150664896","-12.542324150664896","-12.542324150664896","-12.589622594133209","-12.589622594133209","-12.589622594133209","-12.591005699544013","-12.591005699544013","-12.591005699544013","-12.581278137013882","-12.581278137013882","-12.581278137013882","-12.581876392605938","-12.581876392605938","-12.581876392605938"
"452","-12.543372987191889","-12.543372987191889","-12.543372987191889","-12.593210328983355","-12.593210328983355","-12.593210328983355","-12.59824832481674","-12.59824832481674","-12.59824832481674","-12.587847782086723","-12.587847782086723","-12.587847782086723","-12.590638329711142","-12.590638329711142","-12.590638329711142"
"453","-12.541323504870451","-12.541323504870451","-12.541323504870451","-12.594382636154755","-12.594382636154755","-12.594382636154755","-12.600791798362248","-12.600791798362248","-12.600791798362248","-12.589859491662134","-12.589859491662134","-12.589859491662134","-12.590210129943076","-12.590210129943076","-12.590210129943076"
"454","-12.542138292819638","-12.542138292819638","-12.542138292819638","-12.598506022103225","-12.598506022103225","-12.598506022103225","-12.603219165077693","-12.603219165077693","-12.603219165077693","-12.592569061472446","-12.592569061472446","-12.592569061472446","-12.581414512441128","-12.581414512441128","-12.581414512441128"
"455","-12.54049255274519","-12.54049255274519","-12.54049255274519","-12.598384905465041","-12.598384905465041","-12.598384905465041","-12.592554611495778","-12.592554611495778","-12.592554611495778","-12.57984977432444","-12.57984977432444","-12.57984977432444","-12.57910810543012","-12.57910810543012","-12.57910810543012"
"456","-12.541913563692116","-12.541913563692116","-12.541913563692116","-12.597697644294064","-12.597697644294064","-12.597697644294064","-12.595030772535107","-12.595030772535107","-12.595030772535107","-12.589597110506855","-12.589597110506855","-12.589597110506855","-12.582128174697296","-12.582128174697296","-12.582128174697296"
"457","-12.54277394693109","-12.54277394693109","-12.54277394693109","-12.59949651549134","-12.59949651549134","-12.59949651549134","-12.597488089452815","-12.597488089452815","-12.597488089452815","-12.588903294333928","-12.588903294333928","-12.588903294333928","-12.5783821178388","-12.5783821178388","-12.5783821178388"
"458","-12.545852202403394","-12.545852202403394","-12.545852202403394","-12.598543034324162","-12.598543034324162","-12.598543034324162","-12.592336763309527","-12.592336763309527","-12.592336763309527","-12.574809026114549","-12.574809026114549","-12.574809026114549","-12.583191280123554","-12.583191280123554","-12.583191280123554"
"459","-12.544107594067537","-12.544107594067537","-12.544107594067537","-12.593926224527479","-12.593926224527479","-12.593926224527479","-12.599196542667437","-12.599196542667437","-12.599196542667437","-12.586391811129413","-12.586391811129413","-12.586391811129413","-12.584549867654149","-12.584549867654149","-12.584549867654149"
"460","-12.540015546581413","-12.540015546581413","-12.540015546581413","-12.5945013022121","-12.5945013022121","-12.5945013022121","-12.591725156277041","-12.591725156277041","-12.591725156277041","-12.57757365552685","-12.57757365552685","-12.57757365552685","-12.581753392762776","-12.581753392762776","-12.581753392762776"
"461","-12.546066899842854","-12.546066899842854","-12.546066899842854","-12.596192287493356","-12.596192287493356","-12.596192287493356","-12.60036469713042","-12.60036469713042","-12.60036469713042","-12.581383173978782","-12.581383173978782","-12.581383173978782","-12.583185292497467","-12.583185292497467","-12.583185292497467"
"462","-12.54220876814444","-12.54220876814444","-12.54220876814444","-12.59330440472953","-12.59330440472953","-12.59330440472953","-12.598090099383004","-12.598090099383004","-12.598090099383004","-12.58209680001947","-12.58209680001947","-12.58209680001947","-12.585478348068044","-12.585478348068044","-12.585478348068044"
"463","-12.543814176245581","-12.543814176245581","-12.543814176245581","-12.59399636184113","-12.59399636184113","-12.59399636184113","-12.594405681272097","-12.594405681272097","-12.594405681272097","-12.58523933796943","-12.58523933796943","-12.58523933796943","-12.583245567128628","-12.583245567128628","-12.583245567128628"
"464","-12.545759285552592","-12.545759285552592","-12.545759285552592","-12.594911370096327","-12.594911370096327","-12.594911370096327","-12.59451502787916","-12.59451502787916","-12.59451502787916","-12.577502830119073","-12.577502830119073","-12.577502830119073","-12.584937566443335","-12.584937566443335","-12.584937566443335"
"465","-12.540722074387949","-12.540722074387949","-12.540722074387949","-12.594394732125197","-12.594394732125197","-12.594394732125197","-12.596121957030478","-12.596121957030478","-12.596121957030478","-12.564258563367627","-12.564258563367627","-12.564258563367627","-12.58268405817732","-12.58268405817732","-12.58268405817732"
"466","-12.542691834365264","-12.542691834365264","-12.542691834365264","-12.596000792104986","-12.596000792104986","-12.596000792104986","-12.595826004124895","-12.595826004124895","-12.595826004124895","-12.585585292381577","-12.585585292381577","-12.585585292381577","-12.582537663133838","-12.582537663133838","-12.582537663133838"
"467","-12.544853970974307","-12.544853970974307","-12.544853970974307","-12.594295465493504","-12.594295465493504","-12.594295465493504","-12.599566218219225","-12.599566218219225","-12.599566218219225","-12.593315172799025","-12.593315172799025","-12.593315172799025","-12.586236977879006","-12.586236977879006","-12.586236977879006"
"468","-12.543732280972637","-12.543732280972637","-12.543732280972637","-12.59300493892235","-12.59300493892235","-12.59300493892235","-12.582615514344807","-12.582615514344807","-12.582615514344807","-12.592192879206017","-12.592192879206017","-12.592192879206017","-12.586924335624598","-12.586924335624598","-12.586924335624598"
"469","-12.542008303388764","-12.542008303388764","-12.542008303388764","-12.588241058059886","-12.588241058059886","-12.588241058059886","-12.594146764731105","-12.594146764731105","-12.594146764731105","-12.586308153369759","-12.586308153369759","-12.586308153369759","-12.58258895632587","-12.58258895632587","-12.58258895632587"
"470","-12.540741268592544","-12.540741268592544","-12.540741268592544","-12.591422865662393","-12.591422865662393","-12.591422865662393","-12.597030700007572","-12.597030700007572","-12.597030700007572","-12.586320430417604","-12.586320430417604","-12.586320430417604","-12.583577892448329","-12.583577892448329","-12.583577892448329"
"471","-12.542019880270656","-12.542019880270656","-12.542019880270656","-12.593323514431338","-12.593323514431338","-12.593323514431338","-12.587252496164057","-12.587252496164057","-12.587252496164057","-12.57910031910184","-12.57910031910184","-12.57910031910184","-12.583106692833237","-12.583106692833237","-12.583106692833237"
"472","-12.544433195379716","-12.544433195379716","-12.544433195379716","-12.593448337120346","-12.593448337120346","-12.593448337120346","-12.588252381433415","-12.588252381433415","-12.588252381433415","-12.58071457585202","-12.58071457585202","-12.58071457585202","-12.58584757696224","-12.58584757696224","-12.58584757696224"
"473","-12.543691683419143","-12.543691683419143","-12.543691683419143","-12.59420364717894","-12.59420364717894","-12.59420364717894","-12.584408373772343","-12.584408373772343","-12.584408373772343","-12.575202350375019","-12.575202350375019","-12.575202350375019","-12.582695755777479","-12.582695755777479","-12.582695755777479"
"474","-12.546967542624172","-12.546967542624172","-12.546967542624172","-12.599892036824286","-12.599892036824286","-12.599892036824286","-12.58362079572074","-12.58362079572074","-12.58362079572074","-12.585115420667432","-12.585115420667432","-12.585115420667432","-12.57571694820742","-12.57571694820742","-12.57571694820742"
"475","-12.542457170124296","-12.542457170124296","-12.542457170124296","-12.596134596233126","-12.596134596233126","-12.596134596233126","-12.587465394901324","-12.587465394901324","-12.587465394901324","-12.58839094186131","-12.58839094186131","-12.58839094186131","-12.578125084502787","-12.578125084502787","-12.578125084502787"
"476","-12.543441024007677","-12.543441024007677","-12.543441024007677","-12.59641682347165","-12.59641682347165","-12.59641682347165","-12.595146541354023","-12.595146541354023","-12.595146541354023","-12.590118106407456","-12.590118106407456","-12.590118106407456","-12.581507103352607","-12.581507103352607","-12.581507103352607"
"477","-12.54539586320708","-12.54539586320708","-12.54539586320708","-12.594032022017467","-12.594032022017467","-12.594032022017467","-12.593137729017041","-12.593137729017041","-12.593137729017041","-12.587260222133201","-12.587260222133201","-12.587260222133201","-12.589696920370754","-12.589696920370754","-12.589696920370754"
"478","-12.546211109885686","-12.546211109885686","-12.546211109885686","-12.592381779151626","-12.592381779151626","-12.592381779151626","-12.59178341491313","-12.59178341491313","-12.59178341491313","-12.58877061288568","-12.58877061288568","-12.58877061288568","-12.574728760538221","-12.574728760538221","-12.574728760538221"
"479","-12.546683214887787","-12.546683214887787","-12.546683214887787","-12.600136274023901","-12.600136274023901","-12.600136274023901","-12.601263010049168","-12.601263010049168","-12.601263010049168","-12.592862129211426","-12.592862129211426","-12.592862129211426","-12.585493824149989","-12.585493824149989","-12.585493824149989"
"480","-12.544588656365116","-12.544588656365116","-12.544588656365116","-12.595711720140674","-12.595711720140674","-12.595711720140674","-12.597636874718003","-12.597636874718003","-12.597636874718003","-12.593728017203416","-12.593728017203416","-12.593728017203416","-12.587895333012447","-12.587895333012447","-12.587895333012447"
"481","-12.545047772081592","-12.545047772081592","-12.545047772081592","-12.600624651848515","-12.600624651848515","-12.600624651848515","-12.591525476190109","-12.591525476190109","-12.591525476190109","-12.596205264707155","-12.596205264707155","-12.596205264707155","-12.582676827153072","-12.582676827153072","-12.582676827153072"
"482","-12.547205236893666","-12.547205236893666","-12.547205236893666","-12.600901724416998","-12.600901724416998","-12.600901724416998","-12.585647124278394","-12.585647124278394","-12.585647124278394","-12.592508593692056","-12.592508593692056","-12.592508593692056","-12.589717261398896","-12.589717261398896","-12.589717261398896"
"483","-12.547476708134518","-12.547476708134518","-12.547476708134518","-12.600827422323107","-12.600827422323107","-12.600827422323107","-12.591887063617948","-12.591887063617948","-12.591887063617948","-12.595290485816665","-12.595290485816665","-12.595290485816665","-12.593364051625699","-12.593364051625699","-12.593364051625699"
"484","-12.548700574078138","-12.548700574078138","-12.548700574078138","-12.600371276276022","-12.600371276276022","-12.600371276276022","-12.595554412165775","-12.595554412165775","-12.595554412165775","-12.593234871007219","-12.593234871007219","-12.593234871007219","-12.58824138399921","-12.58824138399921","-12.58824138399921"
"485","-12.547667346423186","-12.547667346423186","-12.547667346423186","-12.597057475319392","-12.597057475319392","-12.597057475319392","-12.59502196010155","-12.59502196010155","-12.59502196010155","-12.597793687748004","-12.597793687748004","-12.597793687748004","-12.58956670157517","-12.58956670157517","-12.58956670157517"
"486","-12.54720627507077","-12.54720627507077","-12.54720627507077","-12.596057746983782","-12.596057746983782","-12.596057746983782","-12.593219431140755","-12.593219431140755","-12.593219431140755","-12.595059696632095","-12.595059696632095","-12.595059696632095","-12.589273875272728","-12.589273875272728","-12.589273875272728"
"487","-12.549320510671109","-12.549320510671109","-12.549320510671109","-12.593921914885316","-12.593921914885316","-12.593921914885316","-12.593319458297536","-12.593319458297536","-12.593319458297536","-12.599594985382467","-12.599594985382467","-12.599594985382467","-12.568829765802697","-12.568829765802697","-12.568829765802697"
"488","-12.54966892773592","-12.54966892773592","-12.54966892773592","-12.593762566771689","-12.593762566771689","-12.593762566771689","-12.595088318933415","-12.595088318933415","-12.595088318933415","-12.602374620075468","-12.602374620075468","-12.602374620075468","-12.589634786678266","-12.589634786678266","-12.589634786678266"
"489","-12.551381388797036","-12.551381388797036","-12.551381388797036","-12.594055791444417","-12.594055791444417","-12.594055791444417","-12.594495411160626","-12.594495411160626","-12.594495411160626","-12.595620565776583","-12.595620565776583","-12.595620565776583","-12.589711237557326","-12.589711237557326","-12.589711237557326"
"490","-12.547969214523896","-12.547969214523896","-12.547969214523896","-12.59000594706475","-12.59000594706475","-12.59000594706475","-12.595405735547029","-12.595405735547029","-12.595405735547029","-12.58186540724356","-12.58186540724356","-12.58186540724356","-12.593974499762814","-12.593974499762814","-12.593974499762814"
"491","-12.548601947253264","-12.548601947253264","-12.548601947253264","-12.597164974936955","-12.597164974936955","-12.597164974936955","-12.59648059893258","-12.59648059893258","-12.59648059893258","-12.588754943654507","-12.588754943654507","-12.588754943654507","-12.596431913255136","-12.596431913255136","-12.596431913255136"
"492","-12.546839846840388","-12.546839846840388","-12.546839846840388","-12.591595698006545","-12.591595698006545","-12.591595698006545","-12.590007371540311","-12.590007371540311","-12.590007371540311","-12.576245525215246","-12.576245525215246","-12.576245525215246","-12.591529508180257","-12.591529508180257","-12.591529508180257"
"493","-12.547159810609456","-12.547159810609456","-12.547159810609456","-12.593182587925392","-12.593182587925392","-12.593182587925392","-12.590618012826654","-12.590618012826654","-12.590618012826654","-12.583671219741241","-12.583671219741241","-12.583671219741241","-12.591313325906102","-12.591313325906102","-12.591313325906102"
"494","-12.546468879603133","-12.546468879603133","-12.546468879603133","-12.594066112856321","-12.594066112856321","-12.594066112856321","-12.597408222246774","-12.597408222246774","-12.597408222246774","-12.57816768597953","-12.57816768597953","-12.57816768597953","-12.584011041665379","-12.584011041665379","-12.584011041665379"
"495","-12.549481343619432","-12.549481343619432","-12.549481343619432","-12.594311967680726","-12.594311967680726","-12.594311967680726","-12.600728216050546","-12.600728216050546","-12.600728216050546","-12.582384592370142","-12.582384592370142","-12.582384592370142","-12.584490438050862","-12.584490438050862","-12.584490438050862"
"496","-12.550120824499976","-12.550120824499976","-12.550120824499976","-12.590144652354565","-12.590144652354565","-12.590144652354565","-12.600229058084608","-12.600229058084608","-12.600229058084608","-12.558446365066722","-12.558446365066722","-12.558446365066722","-12.582318656052216","-12.582318656052216","-12.582318656052216"
"497","-12.55258015741276","-12.55258015741276","-12.55258015741276","-12.591545080836815","-12.591545080836815","-12.591545080836815","-12.59729677514185","-12.59729677514185","-12.59729677514185","-12.580291035809095","-12.580291035809095","-12.580291035809095","-12.579560303989846","-12.579560303989846","-12.579560303989846"
"498","-12.552114365976069","-12.552114365976069","-12.552114365976069","-12.589617692971531","-12.589617692971531","-12.589617692971531","-12.59909769854968","-12.59909769854968","-12.59909769854968","-12.585781749290756","-12.585781749290756","-12.585781749290756","-12.57855356192287","-12.57855356192287","-12.57855356192287"
"499","-12.54724245433566","-12.54724245433566","-12.54724245433566","-12.589085699636724","-12.589085699636724","-12.589085699636724","-12.601366127593607","-12.601366127593607","-12.601366127593607","-12.589856051191498","-12.589856051191498","-12.589856051191498","-12.58927156955381","-12.58927156955381","-12.58927156955381"
"500","-12.551084192493294","-12.551084192493294","-12.551084192493294","-12.59391013278237","-12.59391013278237","-12.59391013278237","-12.603567775291733","-12.603567775291733","-12.603567775291733","-12.59088680412196","-12.59088680412196","-12.59088680412196","-12.593300324452075","-12.593300324452075","-12.593300324452075"
"501","-12.55209600472752","-12.55209600472752","-12.55209600472752","-12.59585625612283","-12.59585625612283","-12.59585625612283","-12.603596457952186","-12.603596457952186","-12.603596457952186","-12.581895200512077","-12.581895200512077","-12.581895200512077","-12.589956030060973","-12.589956030060973","-12.589956030060973"
"502","-12.550163208683834","-12.550163208683834","-12.550163208683834","-12.595519971243943","-12.595519971243943","-12.595519971243943","-12.590356718135785","-12.590356718135785","-12.590356718135785","-12.584621610520761","-12.584621610520761","-12.584621610520761","-12.582822220234931","-12.582822220234931","-12.582822220234931"
"503","-12.54903793334961","-12.54903793334961","-12.54903793334961","-12.599563960787616","-12.599563960787616","-12.599563960787616","-12.5980681528019","-12.5980681528019","-12.5980681528019","-12.593429323993151","-12.593429323993151","-12.593429323993151","-12.590970884395551","-12.590970884395551","-12.590970884395551"
"504","-12.548268028452426","-12.548268028452426","-12.548268028452426","-12.599148134642009","-12.599148134642009","-12.599148134642009","-12.59999645812602","-12.59999645812602","-12.59999645812602","-12.59036264540274","-12.59036264540274","-12.59036264540274","-12.592018284375154","-12.592018284375154","-12.592018284375154"
"505","-12.552502571781979","-12.552502571781979","-12.552502571781979","-12.60248851776123","-12.60248851776123","-12.60248851776123","-12.606014698366575","-12.606014698366575","-12.606014698366575","-12.588769393631175","-12.588769393631175","-12.588769393631175","-12.585924836653698","-12.585924836653698","-12.585924836653698"
"506","-12.553238096116464","-12.553238096116464","-12.553238096116464","-12.598612797411182","-12.598612797411182","-12.598612797411182","-12.60484666462186","-12.60484666462186","-12.60484666462186","-12.598801697356791","-12.598801697356791","-12.598801697356791","-12.589208892629117","-12.589208892629117","-12.589208892629117"
"507","-12.55099737191502","-12.55099737191502","-12.55099737191502","-12.60026741027832","-12.60026741027832","-12.60026741027832","-12.604627597181103","-12.604627597181103","-12.604627597181103","-12.600962119766429","-12.600962119766429","-12.600962119766429","-12.585203448428384","-12.585203448428384","-12.585203448428384"
"508","-12.550671420519866","-12.550671420519866","-12.550671420519866","-12.600618688366081","-12.600618688366081","-12.600618688366081","-12.599351303486884","-12.599351303486884","-12.599351303486884","-12.597581694397745","-12.597581694397745","-12.597581694397745","-12.589725542672072","-12.589725542672072","-12.589725542672072"
"509","-12.549311625806592","-12.549311625806592","-12.549311625806592","-12.599594925023332","-12.599594925023332","-12.599594925023332","-12.598549347889575","-12.598549347889575","-12.598549347889575","-12.596046387394772","-12.596046387394772","-12.596046387394772","-12.583865793445442","-12.583865793445442","-12.583865793445442"
"510","-12.550855938392349","-12.550855938392349","-12.550855938392349","-12.599386275569096","-12.599386275569096","-12.599386275569096","-12.601059672198717","-12.601059672198717","-12.601059672198717","-12.588067742842663","-12.588067742842663","-12.588067742842663","-12.587420294556436","-12.587420294556436","-12.587420294556436"
"511","-12.549681216855593","-12.549681216855593","-12.549681216855593","-12.598113868809953","-12.598113868809953","-12.598113868809953","-12.604510705682296","-12.604510705682296","-12.604510705682296","-12.600700004191339","-12.600700004191339","-12.600700004191339","-12.581185232234906","-12.581185232234906","-12.581185232234906"
"512","-12.55067930342276","-12.55067930342276","-12.55067930342276","-12.601296497296683","-12.601296497296683","-12.601296497296683","-12.593519705760327","-12.593519705760327","-12.593519705760327","-12.592945919761174","-12.592945919761174","-12.592945919761174","-12.589706445042092","-12.589706445042092","-12.589706445042092"
"513","-12.547312712367576","-12.547312712367576","-12.547312712367576","-12.59683409823647","-12.59683409823647","-12.59683409823647","-12.599274949182439","-12.599274949182439","-12.599274949182439","-12.593266064607644","-12.593266064607644","-12.593266064607644","-12.590667374526397","-12.590667374526397","-12.590667374526397"
"514","-12.549491894396045","-12.549491894396045","-12.549491894396045","-12.595956838583644","-12.595956838583644","-12.595956838583644","-12.597423191311993","-12.597423191311993","-12.597423191311993","-12.598993675618232","-12.598993675618232","-12.598993675618232","-12.587060662764538","-12.587060662764538","-12.587060662764538"
"515","-12.552803618998468","-12.552803618998468","-12.552803618998468","-12.600211481504802","-12.600211481504802","-12.600211481504802","-12.602488300468348","-12.602488300468348","-12.602488300468348","-12.599156198622305","-12.599156198622305","-12.599156198622305","-12.591125270988368","-12.591125270988368","-12.591125270988368"
"516","-12.549565399749369","-12.549565399749369","-12.549565399749369","-12.600614946099777","-12.600614946099777","-12.600614946099777","-12.601879844182655","-12.601879844182655","-12.601879844182655","-12.602456092834473","-12.602456092834473","-12.602456092834473","-12.5941227900831","-12.5941227900831","-12.5941227900831"
"517","-12.54813391045679","-12.54813391045679","-12.54813391045679","-12.59842462177518","-12.59842462177518","-12.59842462177518","-12.60045961790447","-12.60045961790447","-12.60045961790447","-12.59524245201787","-12.59524245201787","-12.59524245201787","-12.594588822956327","-12.594588822956327","-12.594588822956327"
"518","-12.546391849276386","-12.546391849276386","-12.546391849276386","-12.603476995154272","-12.603476995154272","-12.603476995154272","-12.60315828685519","-12.60315828685519","-12.60315828685519","-12.589321740065948","-12.589321740065948","-12.589321740065948","-12.583528941190696","-12.583528941190696","-12.583528941190696"
"519","-12.550073684016361","-12.550073684016361","-12.550073684016361","-12.603055615968342","-12.603055615968342","-12.603055615968342","-12.598517840421653","-12.598517840421653","-12.598517840421653","-12.596386438683618","-12.596386438683618","-12.596386438683618","-12.589508949955807","-12.589508949955807","-12.589508949955807"
"520","-12.54856995691227","-12.54856995691227","-12.54856995691227","-12.595764063581635","-12.595764063581635","-12.595764063581635","-12.594520943074286","-12.594520943074286","-12.594520943074286","-12.590281715875939","-12.590281715875939","-12.590281715875939","-12.588854343076296","-12.588854343076296","-12.588854343076296"
"521","-12.550425251827964","-12.550425251827964","-12.550425251827964","-12.600434182565424","-12.600434182565424","-12.600434182565424","-12.600098754786238","-12.600098754786238","-12.600098754786238","-12.59355309643323","-12.59355309643323","-12.59355309643323","-12.586904791337025","-12.586904791337025","-12.586904791337025"
"522","-12.548413300816017","-12.548413300816017","-12.548413300816017","-12.599604666987553","-12.599604666987553","-12.599604666987553","-12.603560399405564","-12.603560399405564","-12.603560399405564","-12.597641558586796","-12.597641558586796","-12.597641558586796","-12.587495731402047","-12.587495731402047","-12.587495731402047"
"523","-12.55012622060655","-12.55012622060655","-12.55012622060655","-12.598434532744974","-12.598434532744974","-12.598434532744974","-12.601636439939089","-12.601636439939089","-12.601636439939089","-12.592759627330151","-12.592759627330151","-12.592759627330151","-12.59147312067732","-12.59147312067732","-12.59147312067732"
"524","-12.550962918921362","-12.550962918921362","-12.550962918921362","-12.601143861118752","-12.601143861118752","-12.601143861118752","-12.59945105299165","-12.59945105299165","-12.59945105299165","-12.598614813406256","-12.598614813406256","-12.598614813406256","-12.585595010202143","-12.585595010202143","-12.585595010202143"
"525","-12.549128351332266","-12.549128351332266","-12.549128351332266","-12.594423752796802","-12.594423752796802","-12.594423752796802","-12.602989257136478","-12.602989257136478","-12.602989257136478","-12.591261779205709","-12.591261779205709","-12.591261779205709","-12.579677497284322","-12.579677497284322","-12.579677497284322"
"526","-12.549448713471618","-12.549448713471618","-12.549448713471618","-12.596532592290565","-12.596532592290565","-12.596532592290565","-12.59633280355719","-12.59633280355719","-12.59633280355719","-12.591380336616613","-12.591380336616613","-12.591380336616613","-12.58200022540515","-12.58200022540515","-12.58200022540515"
"527","-12.548763685588595","-12.548763685588595","-12.548763685588595","-12.598149178903315","-12.598149178903315","-12.598149178903315","-12.594328771663617","-12.594328771663617","-12.594328771663617","-12.593333594406708","-12.593333594406708","-12.593333594406708","-12.58736891686162","-12.58736891686162","-12.58736891686162"
"528","-12.549229489097112","-12.549229489097112","-12.549229489097112","-12.594560707671732","-12.594560707671732","-12.594560707671732","-12.59420233134982","-12.59420233134982","-12.59420233134982","-12.593293878096569","-12.593293878096569","-12.593293878096569","-12.581943524034717","-12.581943524034717","-12.581943524034717"
"529","-12.550681464279755","-12.550681464279755","-12.550681464279755","-12.600431913061987","-12.600431913061987","-12.600431913061987","-12.596058302287814","-12.596058302287814","-12.596058302287814","-12.587318758421306","-12.587318758421306","-12.587318758421306","-12.581186258340184","-12.581186258340184","-12.581186258340184"
"530","-12.550607258760476","-12.550607258760476","-12.550607258760476","-12.602875323235233","-12.602875323235233","-12.602875323235233","-12.601071381870705","-12.601071381870705","-12.601071381870705","-12.593402017520953","-12.593402017520953","-12.593402017520953","-12.577608084376854","-12.577608084376854","-12.577608084376854"
"531","-12.550007928775836","-12.550007928775836","-12.550007928775836","-12.601076898695547","-12.601076898695547","-12.601076898695547","-12.602629685703713","-12.602629685703713","-12.602629685703713","-12.593313567246064","-12.593313567246064","-12.593313567246064","-12.579231238063377","-12.579231238063377","-12.579231238063377"
"532","-12.549654127676275","-12.549654127676275","-12.549654127676275","-12.59661045557336","-12.59661045557336","-12.59661045557336","-12.601657034475592","-12.601657034475592","-12.601657034475592","-12.585709692556646","-12.585709692556646","-12.585709692556646","-12.584433108945436","-12.584433108945436","-12.584433108945436"
"533","-12.552050300791294","-12.552050300791294","-12.552050300791294","-12.600686713110042","-12.600686713110042","-12.600686713110042","-12.605060179022294","-12.605060179022294","-12.605060179022294","-12.599870947342884","-12.599870947342884","-12.599870947342884","-12.578442476972748","-12.578442476972748","-12.578442476972748"
"534","-12.549222209785558","-12.549222209785558","-12.549222209785558","-12.601649803451345","-12.601649803451345","-12.601649803451345","-12.59842721721794","-12.59842721721794","-12.59842721721794","-12.598239295090302","-12.598239295090302","-12.598239295090302","-12.586679808701142","-12.586679808701142","-12.586679808701142"
"535","-12.552127439764481","-12.552127439764481","-12.552127439764481","-12.603263360035571","-12.603263360035571","-12.603263360035571","-12.607392999190319","-12.607392999190319","-12.607392999190319","-12.595799554752398","-12.595799554752398","-12.595799554752398","-12.587602325632602","-12.587602325632602","-12.587602325632602"
"536","-12.548453560358361","-12.548453560358361","-12.548453560358361","-12.603702967679954","-12.603702967679954","-12.603702967679954","-12.600888191899166","-12.600888191899166","-12.600888191899166","-12.596652646607991","-12.596652646607991","-12.596652646607991","-12.58926111535181","-12.58926111535181","-12.58926111535181"
"537","-12.552220513549033","-12.552220513549033","-12.552220513549033","-12.60264687598506","-12.60264687598506","-12.60264687598506","-12.598254288299174","-12.598254288299174","-12.598254288299174","-12.596753579151782","-12.596753579151782","-12.596753579151782","-12.59015422531321","-12.59015422531321","-12.59015422531321"
"538","-12.550506350360338","-12.550506350360338","-12.550506350360338","-12.599409296542783","-12.599409296542783","-12.599409296542783","-12.59616598298278","-12.59616598298278","-12.59616598298278","-12.59796439545064","-12.59796439545064","-12.59796439545064","-12.596012405202359","-12.596012405202359","-12.596012405202359"
"539","-12.553358657450616","-12.553358657450616","-12.553358657450616","-12.596692121481594","-12.596692121481594","-12.596692121481594","-12.596076844613764","-12.596076844613764","-12.596076844613764","-12.598249990728837","-12.598249990728837","-12.598249990728837","-12.595150706134264","-12.595150706134264","-12.595150706134264"
"540","-12.553014187873165","-12.553014187873165","-12.553014187873165","-12.593385551549211","-12.593385551549211","-12.593385551549211","-12.599971650521967","-12.599971650521967","-12.599971650521967","-12.598371517809131","-12.598371517809131","-12.598371517809131","-12.59153129481062","-12.59153129481062","-12.59153129481062"
"541","-12.552000190638289","-12.552000190638289","-12.552000190638289","-12.58649568919894","-12.58649568919894","-12.58649568919894","-12.602655736705925","-12.602655736705925","-12.602655736705925","-12.600219593772405","-12.600219593772405","-12.600219593772405","-12.593191339999814","-12.593191339999814","-12.593191339999814"
"542","-12.553726498084732","-12.553726498084732","-12.553726498084732","-12.590811331060868","-12.590811331060868","-12.590811331060868","-12.599762952780422","-12.599762952780422","-12.599762952780422","-12.598431007771552","-12.598431007771552","-12.598431007771552","-12.593263420877577","-12.593263420877577","-12.593263420877577"
"543","-12.551122073885761","-12.551122073885761","-12.551122073885761","-12.593436615376532","-12.593436615376532","-12.593436615376532","-12.601283254502695","-12.601283254502695","-12.601283254502695","-12.60059726087353","-12.60059726087353","-12.60059726087353","-12.584965742087062","-12.584965742087062","-12.584965742087062"
"544","-12.553002248836469","-12.553002248836469","-12.553002248836469","-12.599209181870087","-12.599209181870087","-12.599209181870087","-12.599763761592817","-12.599763761592817","-12.599763761592817","-12.596783674215969","-12.596783674215969","-12.596783674215969","-12.589837689942952","-12.589837689942952","-12.589837689942952"
"545","-12.55221668677994","-12.55221668677994","-12.55221668677994","-12.603512172457538","-12.603512172457538","-12.603512172457538","-12.60590310639973","-12.60590310639973","-12.60590310639973","-12.600876059713244","-12.600876059713244","-12.600876059713244","-12.592652006994319","-12.592652006994319","-12.592652006994319"
"546","-12.555669410319268","-12.555669410319268","-12.555669410319268","-12.606498428537876","-12.606498428537876","-12.606498428537876","-12.60447887227505","-12.60447887227505","-12.60447887227505","-12.59998596770854","-12.59998596770854","-12.59998596770854","-12.597393856772893","-12.597393856772893","-12.597393856772893"
"547","-12.5519112454185","-12.5519112454185","-12.5519112454185","-12.602506480639494","-12.602506480639494","-12.602506480639494","-12.604659490947482","-12.604659490947482","-12.604659490947482","-12.596104549456246","-12.596104549456246","-12.596104549456246","-12.59816453426699","-12.59816453426699","-12.59816453426699"
"548","-12.554513037959232","-12.554513037959232","-12.554513037959232","-12.603726676747769","-12.603726676747769","-12.603726676747769","-12.60050790521163","-12.60050790521163","-12.60050790521163","-12.601610195787647","-12.601610195787647","-12.601610195787647","-12.59682195397872","-12.59682195397872","-12.59682195397872"
"549","-12.553457030767127","-12.553457030767127","-12.553457030767127","-12.604839023155503","-12.604839023155503","-12.604839023155503","-12.60374479655978","-12.60374479655978","-12.60374479655978","-12.597532755211938","-12.597532755211938","-12.597532755211938","-12.593592100505587","-12.593592100505587","-12.593592100505587"
"550","-12.555045586598071","-12.555045586598071","-12.555045586598071","-12.608073741574831","-12.608073741574831","-12.608073741574831","-12.603939382335808","-12.603939382335808","-12.603939382335808","-12.598629142664656","-12.598629142664656","-12.598629142664656","-12.58940773976","-12.58940773976","-12.58940773976"
"551","-12.552980024603348","-12.552980024603348","-12.552980024603348","-12.609497999843162","-12.609497999843162","-12.609497999843162","-12.594887214370921","-12.594887214370921","-12.594887214370921","-12.605515371395063","-12.605515371395063","-12.605515371395063","-12.594643810127355","-12.594643810127355","-12.594643810127355"
"552","-12.550414121603664","-12.550414121603664","-12.550414121603664","-12.608559668818607","-12.608559668818607","-12.608559668818607","-12.603229534776904","-12.603229534776904","-12.603229534776904","-12.605325602277924","-12.605325602277924","-12.605325602277924","-12.597334016727496","-12.597334016727496","-12.597334016727496"
"553","-12.552090801770174","-12.552090801770174","-12.552090801770174","-12.605863619454299","-12.605863619454299","-12.605863619454299","-12.603736322137374","-12.603736322137374","-12.603736322137374","-12.60338550277903","-12.60338550277903","-12.60338550277903","-12.594904489155057","-12.594904489155057","-12.594904489155057"
"554","-12.553745788863942","-12.553745788863942","-12.553745788863942","-12.605456557454943","-12.605456557454943","-12.605456557454943","-12.604541174973114","-12.604541174973114","-12.604541174973114","-12.602624374099925","-12.602624374099925","-12.602624374099925","-12.593710682060145","-12.593710682060145","-12.593710682060145"
"555","-12.554493807539155","-12.554493807539155","-12.554493807539155","-12.60506959504719","-12.60506959504719","-12.60506959504719","-12.601850509643555","-12.601850509643555","-12.601850509643555","-12.606385436239123","-12.606385436239123","-12.606385436239123","-12.594694644589968","-12.594694644589968","-12.594694644589968"
"556","-12.557733897921405","-12.557733897921405","-12.557733897921405","-12.600578404680084","-12.600578404680084","-12.600578404680084","-12.601878890508338","-12.601878890508338","-12.601878890508338","-12.59800249413599","-12.59800249413599","-12.59800249413599","-12.599893799310998","-12.599893799310998","-12.599893799310998"
"557","-12.55527434771574","-12.55527434771574","-12.55527434771574","-12.600756693489943","-12.600756693489943","-12.600756693489943","-12.60107462919211","-12.60107462919211","-12.60107462919211","-12.603489730931535","-12.603489730931535","-12.603489730931535","-12.599387579326388","-12.599387579326388","-12.599387579326388"
"558","-12.557325954678692","-12.557325954678692","-12.557325954678692","-12.605875715424743","-12.605875715424743","-12.605875715424743","-12.600344331958626","-12.600344331958626","-12.600344331958626","-12.605569404891774","-12.605569404891774","-12.605569404891774","-12.599400689330283","-12.599400689330283","-12.599400689330283"
"559","-12.555256396909304","-12.555256396909304","-12.555256396909304","-12.602917115899581","-12.602917115899581","-12.602917115899581","-12.59712912161139","-12.59712912161139","-12.59712912161139","-12.60123543799678","-12.60123543799678","-12.60123543799678","-12.593636259247985","-12.593636259247985","-12.593636259247985"
"560","-12.558188679852064","-12.558188679852064","-12.558188679852064","-12.606144192852552","-12.606144192852552","-12.606144192852552","-12.60370696345462","-12.60370696345462","-12.60370696345462","-12.606200580355488","-12.606200580355488","-12.606200580355488","-12.590451590622528","-12.590451590622528","-12.590451590622528"
"561","-12.555062088785292","-12.555062088785292","-12.555062088785292","-12.602022641821753","-12.602022641821753","-12.602022641821753","-12.59882765178439","-12.59882765178439","-12.59882765178439","-12.607550621032715","-12.607550621032715","-12.607550621032715","-12.59364839143391","-12.59364839143391","-12.59364839143391"
"562","-12.551663785041134","-12.551663785041134","-12.551663785041134","-12.601007099393048","-12.601007099393048","-12.601007099393048","-12.599683978889562","-12.599683978889562","-12.599683978889562","-12.601931052871898","-12.601931052871898","-12.601931052871898","-12.59854285324676","-12.59854285324676","-12.59854285324676"
"563","-12.554067720340777","-12.554067720340777","-12.554067720340777","-12.597423143024686","-12.597423143024686","-12.597423143024686","-12.6010612415362","-12.6010612415362","-12.6010612415362","-12.60203773160524","-12.60203773160524","-12.60203773160524","-12.594751418391361","-12.594751418391361","-12.594751418391361"
"564","-12.554299330409568","-12.554299330409568","-12.554299330409568","-12.600937022438533","-12.600937022438533","-12.600937022438533","-12.606577305854122","-12.606577305854122","-12.606577305854122","-12.599724516083922","-12.599724516083922","-12.599724516083922","-12.602843996844713","-12.602843996844713","-12.602843996844713"
"565","-12.554200184496143","-12.554200184496143","-12.554200184496143","-12.60156163082847","-12.60156163082847","-12.60156163082847","-12.604291046722025","-12.604291046722025","-12.604291046722025","-12.596396904957446","-12.596396904957446","-12.596396904957446","-12.600101977963991","-12.600101977963991","-12.600101977963991"
"566","-12.554211773449861","-12.554211773449861","-12.554211773449861","-12.602089242090154","-12.602089242090154","-12.602089242090154","-12.602349909046028","-12.602349909046028","-12.602349909046028","-12.599264205256596","-12.599264205256596","-12.599264205256596","-12.598699473127533","-12.598699473127533","-12.598699473127533"
"567","-12.552900579911244","-12.552900579911244","-12.552900579911244","-12.599869848806646","-12.599869848806646","-12.599869848806646","-12.60735820818551","-12.60735820818551","-12.60735820818551","-12.601308170753189","-12.601308170753189","-12.601308170753189","-12.600236192534242","-12.600236192534242","-12.600236192534242"
"568","-12.55043809625167","-12.55043809625167","-12.55043809625167","-12.598474538778957","-12.598474538778957","-12.598474538778957","-12.605646809445151","-12.605646809445151","-12.605646809445151","-12.598582062540174","-12.598582062540174","-12.598582062540174","-12.60240330273592","-12.60240330273592","-12.60240330273592"
"569","-12.554362888577618","-12.554362888577618","-12.554362888577618","-12.601643972759005","-12.601643972759005","-12.601643972759005","-12.603472323357304","-12.603472323357304","-12.603472323357304","-12.599883320965345","-12.599883320965345","-12.599883320965345","-12.601036433932148","-12.601036433932148","-12.601036433932148"
"570","-12.555869573279272","-12.555869573279272","-12.555869573279272","-12.599575513525854","-12.599575513525854","-12.599575513525854","-12.601297499258306","-12.601297499258306","-12.601297499258306","-12.593000122263462","-12.593000122263462","-12.593000122263462","-12.597939467128318","-12.597939467128318","-12.597939467128318"
"571","-12.555569805676424","-12.555569805676424","-12.555569805676424","-12.600543951686424","-12.600543951686424","-12.600543951686424","-12.5990303860435","-12.5990303860435","-12.5990303860435","-12.599108249326296","-12.599108249326296","-12.599108249326296","-12.599091228050522","-12.599091228050522","-12.599091228050522"
"572","-12.553777706773975","-12.553777706773975","-12.553777706773975","-12.606761787511125","-12.606761787511125","-12.606761787511125","-12.60385765606844","-12.60385765606844","-12.60385765606844","-12.59930916073956","-12.59930916073956","-12.59930916073956","-12.602223118649253","-12.602223118649253","-12.602223118649253"
"573","-12.551295377031158","-12.551295377031158","-12.551295377031158","-12.603194441976427","-12.603194441976427","-12.603194441976427","-12.609011058565937","-12.609011058565937","-12.609011058565937","-12.593086254747607","-12.593086254747607","-12.593086254747607","-12.601651759087284","-12.601651759087284","-12.601651759087284"
"574","-12.550577091265328","-12.550577091265328","-12.550577091265328","-12.601917604856853","-12.601917604856853","-12.601917604856853","-12.606352226643622","-12.606352226643622","-12.606352226643622","-12.603842071340054","-12.603842071340054","-12.603842071340054","-12.598869915249981","-12.598869915249981","-12.598869915249981"
"575","-12.554534863822068","-12.554534863822068","-12.554534863822068","-12.60239397121381","-12.60239397121381","-12.60239397121381","-12.60315325290342","-12.60315325290342","-12.60315325290342","-12.60121749926217","-12.60121749926217","-12.60121749926217","-12.601400146001502","-12.601400146001502","-12.601400146001502"
"576","-12.556059595904772","-12.556059595904772","-12.556059595904772","-12.602730582032022","-12.602730582032022","-12.602730582032022","-12.605867011637628","-12.605867011637628","-12.605867011637628","-12.5999496315099","-12.5999496315099","-12.5999496315099","-12.602993108049224","-12.602993108049224","-12.602993108049224"
"577","-12.554588752456858","-12.554588752456858","-12.554588752456858","-12.599625177021268","-12.599625177021268","-12.599625177021268","-12.60617642463008","-12.60617642463008","-12.60617642463008","-12.60283893874929","-12.60283893874929","-12.60283893874929","-12.59919672374484","-12.59919672374484","-12.59919672374484"
"578","-12.553046335147906","-12.553046335147906","-12.553046335147906","-12.599510482594937","-12.599510482594937","-12.599510482594937","-12.604990452150755","-12.604990452150755","-12.604990452150755","-12.596645620804798","-12.596645620804798","-12.596645620804798","-12.594471859026559","-12.594471859026559","-12.594471859026559"
"579","-12.554915874819212","-12.554915874819212","-12.554915874819212","-12.603360308876521","-12.603360308876521","-12.603360308876521","-12.598687860030163","-12.598687860030163","-12.598687860030163","-12.601485940474499","-12.601485940474499","-12.601485940474499","-12.588173057459578","-12.588173057459578","-12.588173057459578"
"580","-12.555858443054971","-12.555858443054971","-12.555858443054971","-12.603837628907796","-12.603837628907796","-12.603837628907796","-12.610000368915026","-12.610000368915026","-12.610000368915026","-12.603036808062203","-12.603036808062203","-12.603036808062203","-12.594118951242182","-12.594118951242182","-12.594118951242182"
"581","-12.553907647917542","-12.553907647917542","-12.553907647917542","-12.59637060044687","-12.59637060044687","-12.59637060044687","-12.605649066876762","-12.605649066876762","-12.605649066876762","-12.598446230345134","-12.598446230345134","-12.598446230345134","-12.58922388583799","-12.58922388583799","-12.58922388583799"
"582","-12.555244506159916","-12.555244506159916","-12.555244506159916","-12.603535495226897","-12.603535495226897","-12.603535495226897","-12.60488844521438","-12.60488844521438","-12.60488844521438","-12.600297650204428","-12.600297650204428","-12.600297650204428","-12.593513102471073","-12.593513102471073","-12.593513102471073"
"583","-12.555367252494715","-12.555367252494715","-12.555367252494715","-12.60395136965981","-12.60395136965981","-12.60395136965981","-12.601982997942574","-12.601982997942574","-12.601982997942574","-12.600276440004759","-12.600276440004759","-12.600276440004759","-12.596628285661529","-12.596628285661529","-12.596628285661529"
"584","-12.555365828019154","-12.555365828019154","-12.555365828019154","-12.603586426264123","-12.603586426264123","-12.603586426264123","-12.597636536706853","-12.597636536706853","-12.597636536706853","-12.59668717203261","-12.59668717203261","-12.59668717203261","-12.595595782316185","-12.595595782316185","-12.595595782316185"
"585","-12.555594903004321","-12.555594903004321","-12.555594903004321","-12.605977855151213","-12.605977855151213","-12.605977855151213","-12.603501283669774","-12.603501283669774","-12.603501283669774","-12.603428164614908","-12.603428164614908","-12.603428164614908","-12.604279059398023","-12.604279059398023","-12.604279059398023"
"586","-12.556896390794199","-12.556896390794199","-12.556896390794199","-12.599224911460393","-12.599224911460393","-12.599224911460393","-12.595732483682752","-12.595732483682752","-12.595732483682752","-12.5948167752616","-12.5948167752616","-12.5948167752616","-12.601462146903895","-12.601462146903895","-12.601462146903895"
"587","-12.554390400270872","-12.554390400270872","-12.554390400270872","-12.601394339452815","-12.601394339452815","-12.601394339452815","-12.600188279453713","-12.600188279453713","-12.600188279453713","-12.59413971478426","-12.59413971478426","-12.59413971478426","-12.601338338248338","-12.601338338248338","-12.601338338248338"
"588","-12.554905698269229","-12.554905698269229","-12.554905698269229","-12.602989027771768","-12.602989027771768","-12.602989027771768","-12.601242789739295","-12.601242789739295","-12.601242789739295","-12.598559645157826","-12.598559645157826","-12.598559645157826","-12.592239585103869","-12.592239585103869","-12.592239585103869"
"589","-12.555562429790255","-12.555562429790255","-12.555562429790255","-12.603730443157728","-12.603730443157728","-12.603730443157728","-12.604435763781584","-12.604435763781584","-12.604435763781584","-12.60072763660286","-12.60072763660286","-12.60072763660286","-12.594250027137466","-12.594250027137466","-12.594250027137466"
"590","-12.55275558519967","-12.55275558519967","-12.55275558519967","-12.601205101496056","-12.601205101496056","-12.601205101496056","-12.594056057024606","-12.594056057024606","-12.594056057024606","-12.606411137158357","-12.606411137158357","-12.606411137158357","-12.596372012850605","-12.596372012850605","-12.596372012850605"
"591","-12.55392408974563","-12.55392408974563","-12.55392408974563","-12.59891629520851","-12.59891629520851","-12.59891629520851","-12.599626396275774","-12.599626396275774","-12.599626396275774","-12.590445808217495","-12.590445808217495","-12.590445808217495","-12.595669142807587","-12.595669142807587","-12.595669142807587"
"592","-12.553743833228003","-12.553743833228003","-12.553743833228003","-12.60215683224835","-12.60215683224835","-12.60215683224835","-12.60256125051764","-12.60256125051764","-12.60256125051764","-12.601965807661225","-12.601965807661225","-12.601965807661225","-12.590509149092663","-12.590509149092663","-12.590509149092663"
"593","-12.555606974831111","-12.555606974831111","-12.555606974831111","-12.601129616363139","-12.601129616363139","-12.601129616363139","-12.599596880659272","-12.599596880659272","-12.599596880659272","-12.601197508317005","-12.601197508317005","-12.601197508317005","-12.591676506815077","-12.591676506815077","-12.591676506815077"
"594","-12.555728755419768","-12.555728755419768","-12.555728755419768","-12.602248602275607","-12.602248602275607","-12.602248602275607","-12.603024675876279","-12.603024675876279","-12.603024675876279","-12.599126852011379","-12.599126852011379","-12.599126852011379","-12.591718504700479","-12.591718504700479","-12.591718504700479"
"595","-12.557749241213255","-12.557749241213255","-12.557749241213255","-12.604982134662096","-12.604982134662096","-12.604982134662096","-12.602924781509593","-12.602924781509593","-12.602924781509593","-12.603184808658648","-12.603184808658648","-12.603184808658648","-12.591281758079045","-12.591281758079045","-12.591281758079045"
"596","-12.55495518068724","-12.55495518068724","-12.55495518068724","-12.604721346987954","-12.604721346987954","-12.604721346987954","-12.601714436011978","-12.601714436011978","-12.601714436011978","-12.605115093762361","-12.605115093762361","-12.605115093762361","-12.592728252652325","-12.592728252652325","-12.592728252652325"
"597","-12.556408363052562","-12.556408363052562","-12.556408363052562","-12.605095126960851","-12.605095126960851","-12.605095126960851","-12.598830681812915","-12.598830681812915","-12.598830681812915","-12.602522463738163","-12.602522463738163","-12.602522463738163","-12.592775381064113","-12.592775381064113","-12.592775381064113"
"598","-12.555353309534773","-12.555353309534773","-12.555353309534773","-12.604977631870705","-12.604977631870705","-12.604977631870705","-12.60209248941156","-12.60209248941156","-12.60209248941156","-12.600474840478052","-12.600474840478052","-12.600474840478052","-12.595342696467533","-12.595342696467533","-12.595342696467533"
"599","-12.554620984234388","-12.554620984234388","-12.554620984234388","-12.606272721592385","-12.606272721592385","-12.606272721592385","-12.601569477515884","-12.601569477515884","-12.601569477515884","-12.604794852341278","-12.604794852341278","-12.604794852341278","-12.595381229738646","-12.595381229738646","-12.595381229738646"
"600","-12.552087011216562","-12.552087011216562","-12.552087011216562","-12.605370907843868","-12.605370907843868","-12.605370907843868","-12.59791765333731","-12.59791765333731","-12.59791765333731","-12.598508569258678","-12.598508569258678","-12.598508569258678","-12.588813661020014","-12.588813661020014","-12.588813661020014"
"601","-12.552795627449132","-12.552795627449132","-12.552795627449132","-12.605195830139932","-12.605195830139932","-12.605195830139932","-12.597027561332606","-12.597027561332606","-12.597027561332606","-12.59906036038942","-12.59906036038942","-12.59906036038942","-12.595403164247923","-12.595403164247923","-12.595403164247923"
"602","-12.552325043497206","-12.552325043497206","-12.552325043497206","-12.606904053989846","-12.606904053989846","-12.606904053989846","-12.60279287265826","-12.60279287265826","-12.60279287265826","-12.601136654238157","-12.601136654238157","-12.601136654238157","-12.592152016072333","-12.592152016072333","-12.592152016072333"
"603","-12.549628016314928","-12.549628016314928","-12.549628016314928","-12.604000200199176","-12.604000200199176","-12.604000200199176","-12.601709643496743","-12.601709643496743","-12.601709643496743","-12.599355794206451","-12.599355794206451","-12.599355794206451","-12.5891179072706","-12.5891179072706","-12.5891179072706"
"604","-12.554980374589752","-12.554980374589752","-12.554980374589752","-12.608623094196561","-12.608623094196561","-12.608623094196561","-12.602728505677815","-12.602728505677815","-12.602728505677815","-12.599500740630717","-12.599500740630717","-12.599500740630717","-12.596944929678228","-12.596944929678228","-12.596944929678228"
"605","-12.55660504932645","-12.55660504932645","-12.55660504932645","-12.606355425677721","-12.606355425677721","-12.606355425677721","-12.597389969644667","-12.597389969644667","-12.597389969644667","-12.602522536169124","-12.602522536169124","-12.602522536169124","-12.591328608838818","-12.591328608838818","-12.591328608838818"
"606","-12.55823603762856","-12.55823603762856","-12.55823603762856","-12.608675546283964","-12.608675546283964","-12.608675546283964","-12.601578603816938","-12.601578603816938","-12.601578603816938","-12.604803350907337","-12.604803350907337","-12.604803350907337","-12.592943770976007","-12.592943770976007","-12.592943770976007"
"607","-12.556466742406917","-12.556466742406917","-12.556466742406917","-12.606873983069312","-12.606873983069312","-12.606873983069312","-12.602498778814002","-12.602498778814002","-12.602498778814002","-12.600496424904353","-12.600496424904353","-12.600496424904353","-12.592647540418408","-12.592647540418408","-12.592647540418408"
"608","-12.553919816318947","-12.553919816318947","-12.553919816318947","-12.607903806469109","-12.607903806469109","-12.607903806469109","-12.602185768417165","-12.602185768417165","-12.602185768417165","-12.602252477332007","-12.602252477332007","-12.602252477332007","-12.590566816209238","-12.590566816209238","-12.590566816209238"
"609","-12.556291423266448","-12.556291423266448","-12.556291423266448","-12.608502218994913","-12.608502218994913","-12.608502218994913","-12.60137254980546","-12.60137254980546","-12.60137254980546","-12.609528420846674","-12.609528420846674","-12.609528420846674","-12.597141929819614","-12.597141929819614","-12.597141929819614"
"610","-12.553849304778666","-12.553849304778666","-12.553849304778666","-12.611109576647795","-12.611109576647795","-12.611109576647795","-12.605481039119672","-12.605481039119672","-12.605481039119672","-12.609485928016372","-12.609485928016372","-12.609485928016372","-12.597521950926962","-12.597521950926962","-12.597521950926962"
"611","-12.554951281487186","-12.554951281487186","-12.554951281487186","-12.611826329291622","-12.611826329291622","-12.611826329291622","-12.609637465658068","-12.609637465658068","-12.609637465658068","-12.605048819433284","-12.605048819433284","-12.605048819433284","-12.599230054058607","-12.599230054058607","-12.599230054058607"
"612","-12.554176910014093","-12.554176910014093","-12.554176910014093","-12.610731487032734","-12.610731487032734","-12.610731487032734","-12.609424192694169","-12.609424192694169","-12.609424192694169","-12.601912667479697","-12.601912667479697","-12.601912667479697","-12.598528874071338","-12.598528874071338","-12.598528874071338"
"613","-12.55063928531695","-12.55063928531695","-12.55063928531695","-12.605781494816647","-12.605781494816647","-12.605781494816647","-12.606370998334281","-12.606370998334281","-12.606370998334281","-12.602586384061016","-12.602586384061016","-12.602586384061016","-12.60067581225045","-12.60067581225045","-12.60067581225045"
"614","-12.553505619869956","-12.553505619869956","-12.553505619869956","-12.602578633948218","-12.602578633948218","-12.602578633948218","-12.60650243638437","-12.60650243638437","-12.60650243638437","-12.603767950323563","-12.603767950323563","-12.603767950323563","-12.599853720846056","-12.599853720846056","-12.599853720846056"
"615","-12.551521892789044","-12.551521892789044","-12.551521892789044","-12.604417994052548","-12.604417994052548","-12.604417994052548","-12.602078679241712","-12.602078679241712","-12.602078679241712","-12.604464555088478","-12.604464555088478","-12.604464555088478","-12.593356965463373","-12.593356965463373","-12.593356965463373"
"616","-12.55302811876128","-12.55302811876128","-12.55302811876128","-12.604956035372577","-12.604956035372577","-12.604956035372577","-12.602866257293314","-12.602866257293314","-12.602866257293314","-12.603685101376303","-12.603685101376303","-12.603685101376303","-12.592383783074874","-12.592383783074874","-12.592383783074874"
"617","-12.553612093382243","-12.553612093382243","-12.553612093382243","-12.60390939591806","-12.60390939591806","-12.60390939591806","-12.601855760888208","-12.601855760888208","-12.601855760888208","-12.59661790389049","-12.59661790389049","-12.59661790389049","-12.593279102180578","-12.593279102180578","-12.593279102180578"
"618","-12.553863102876686","-12.553863102876686","-12.553863102876686","-12.602264138716686","-12.602264138716686","-12.602264138716686","-12.596555721910693","-12.596555721910693","-12.596555721910693","-12.60186109663565","-12.60186109663565","-12.60186109663565","-12.596612049054496","-12.596612049054496","-12.596612049054496"
"619","-12.554433158681363","-12.554433158681363","-12.554433158681363","-12.603997001165077","-12.603997001165077","-12.603997001165077","-12.602191152451914","-12.602191152451914","-12.602191152451914","-12.606156312966649","-12.606156312966649","-12.606156312966649","-12.596561709536783","-12.596561709536783","-12.596561709536783"
"620","-12.555017097086846","-12.555017097086846","-12.555017097086846","-12.600291191777096","-12.600291191777096","-12.600291191777096","-12.603010938137393","-12.603010938137393","-12.603010938137393","-12.603733956059322","-12.603733956059322","-12.603733956059322","-12.595820161360729","-12.595820161360729","-12.595820161360729"
"621","-12.552907340134247","-12.552907340134247","-12.552907340134247","-12.598152559014816","-12.598152559014816","-12.598152559014816","-12.60154776029949","-12.60154776029949","-12.60154776029949","-12.607275648962093","-12.607275648962093","-12.607275648962093","-12.593113971661918","-12.593113971661918","-12.593113971661918"
"622","-12.554465028304088","-12.554465028304088","-12.554465028304088","-12.5971863541422","-12.5971863541422","-12.5971863541422","-12.598078112059001","-12.598078112059001","-12.598078112059001","-12.608371336248856","-12.608371336248856","-12.608371336248856","-12.601070488555521","-12.601070488555521","-12.601070488555521"
"623","-12.551066133040417","-12.551066133040417","-12.551066133040417","-12.601789088188847","-12.601789088188847","-12.601789088188847","-12.608529078809521","-12.608529078809521","-12.608529078809521","-12.606561165821704","-12.606561165821704","-12.606561165821704","-12.604078980940807","-12.604078980940807","-12.604078980940807"
"624","-12.550530216361903","-12.550530216361903","-12.550530216361903","-12.600278431856179","-12.600278431856179","-12.600278431856179","-12.600656835338738","-12.600656835338738","-12.600656835338738","-12.60535717010498","-12.60535717010498","-12.60535717010498","-12.604328481456902","-12.604328481456902","-12.604328481456902"
"625","-12.550819940204862","-12.550819940204862","-12.550819940204862","-12.604364479644389","-12.604364479644389","-12.604364479644389","-12.5992895319492","-12.5992895319492","-12.5992895319492","-12.608045095129858","-12.608045095129858","-12.608045095129858","-12.601108744174619","-12.601108744174619","-12.601108744174619"
"626","-12.549878929234758","-12.549878929234758","-12.549878929234758","-12.601095682458032","-12.601095682458032","-12.601095682458032","-12.603266341776788","-12.603266341776788","-12.603266341776788","-12.606951460053649","-12.606951460053649","-12.606951460053649","-12.599567775484882","-12.599567775484882","-12.599567775484882"
"627","-12.549238772331913","-12.549238772331913","-12.549238772331913","-12.60108497474767","-12.60108497474767","-12.60108497474767","-12.605644286433353","-12.605644286433353","-12.605644286433353","-12.601474556741834","-12.601474556741834","-12.601474556741834","-12.60272382180902","-12.60272382180902","-12.60272382180902"
"628","-12.550237619424168","-12.550237619424168","-12.550237619424168","-12.60418084301526","-12.60418084301526","-12.60418084301526","-12.60548135298717","-12.60548135298717","-12.60548135298717","-12.604583438438706","-12.604583438438706","-12.604583438438706","-12.607455277744728","-12.607455277744728","-12.607455277744728"
"629","-12.549872724315788","-12.549872724315788","-12.549872724315788","-12.605573243732694","-12.605573243732694","-12.605573243732694","-12.597541145131558","-12.597541145131558","-12.597541145131558","-12.60046390340298","-12.60046390340298","-12.60046390340298","-12.603793904751162","-12.603793904751162","-12.603793904751162"
"630","-12.55196389065513","-12.55196389065513","-12.55196389065513","-12.603949172587335","-12.603949172587335","-12.603949172587335","-12.606980758377269","-12.606980758377269","-12.606980758377269","-12.60269009312497","-12.60269009312497","-12.60269009312497","-12.600801552398295","-12.600801552398295","-12.600801552398295"
"631","-12.551443932931635","-12.551443932931635","-12.551443932931635","-12.605652290054515","-12.605652290054515","-12.605652290054515","-12.603642511971389","-12.603642511971389","-12.603642511971389","-12.604485439348824","-12.604485439348824","-12.604485439348824","-12.593125826195825","-12.593125826195825","-12.593125826195825"
"632","-12.549965544591975","-12.549965544591975","-12.549965544591975","-12.601465780523759","-12.601465780523759","-12.601465780523759","-12.597542388529718","-12.597542388529718","-12.597542388529718","-12.61156805255745","-12.61156805255745","-12.61156805255745","-12.594698048845123","-12.594698048845123","-12.594698048845123"
"633","-12.554435717908643","-12.554435717908643","-12.554435717908643","-12.604105297523208","-12.604105297523208","-12.604105297523208","-12.595793591269963","-12.595793591269963","-12.595793591269963","-12.609107717683044","-12.609107717683044","-12.609107717683044","-12.598079959048501","-12.598079959048501","-12.598079959048501"
"634","-12.554855322536033","-12.554855322536033","-12.554855322536033","-12.604434230659582","-12.604434230659582","-12.604434230659582","-12.59577705286726","-12.59577705286726","-12.59577705286726","-12.606116826021218","-12.606116826021218","-12.606116826021218","-12.60032133512859","-12.60032133512859","-12.60032133512859"
"635","-12.556200111968607","-12.556200111968607","-12.556200111968607","-12.607859430433829","-12.607859430433829","-12.607859430433829","-12.596324896510643","-12.596324896510643","-12.596324896510643","-12.60756549352332","-12.60756549352332","-12.60756549352332","-12.5939661581305","-12.5939661581305","-12.5939661581305"
"636","-12.555959677394432","-12.555959677394432","-12.555959677394432","-12.60858113252664","-12.60858113252664","-12.60858113252664","-12.58559896976133","-12.58559896976133","-12.58559896976133","-12.602196959000599","-12.602196959000599","-12.602196959000599","-12.593179087095622","-12.593179087095622","-12.593179087095622"
"637","-12.554044759726223","-12.554044759726223","-12.554044759726223","-12.606301211103608","-12.606301211103608","-12.606301211103608","-12.588282053983665","-12.588282053983665","-12.588282053983665","-12.601700058466271","-12.601700058466271","-12.601700058466271","-12.595903577683847","-12.595903577683847","-12.595903577683847"
"638","-12.55514539646197","-12.55514539646197","-12.55514539646197","-12.608347989335845","-12.608347989335845","-12.608347989335845","-12.591407462011409","-12.591407462011409","-12.591407462011409","-12.605080157895632","-12.605080157895632","-12.605080157895632","-12.598270621480822","-12.598270621480822","-12.598270621480822"
"639","-12.556265565413463","-12.556265565413463","-12.556265565413463","-12.60907869701144","-12.60907869701144","-12.60907869701144","-12.593977867802487","-12.593977867802487","-12.593977867802487","-12.60386919673485","-12.60386919673485","-12.60386919673485","-12.60128191452992","-12.60128191452992","-12.60128191452992"
"640","-12.555241343341295","-12.555241343341295","-12.555241343341295","-12.605444364909884","-12.605444364909884","-12.605444364909884","-12.597476355637177","-12.597476355637177","-12.597476355637177","-12.606750041623659","-12.606750041623659","-12.606750041623659","-12.600543975830078","-12.600543975830078","-12.600543975830078"
"641","-12.554387913474553","-12.554387913474553","-12.554387913474553","-12.605896660044223","-12.605896660044223","-12.605896660044223","-12.59938539432574","-12.59938539432574","-12.59938539432574","-12.60001236879373","-12.60001236879373","-12.60001236879373","-12.603415875495235","-12.603415875495235","-12.603415875495235"
"642","-12.555721089809756","-12.555721089809756","-12.555721089809756","-12.603426377984542","-12.603426377984542","-12.603426377984542","-12.598613545864444","-12.598613545864444","-12.598613545864444","-12.595682470104363","-12.595682470104363","-12.595682470104363","-12.591085904761206","-12.591085904761206","-12.591085904761206"
"643","-12.558649183828619","-12.558649183828619","-12.558649183828619","-12.603672305239908","-12.603672305239908","-12.603672305239908","-12.599758160265186","-12.599758160265186","-12.599758160265186","-12.59533447555349","-12.59533447555349","-12.59533447555349","-12.597104434725605","-12.597104434725605","-12.597104434725605"
"644","-12.557851537873473","-12.557851537873473","-12.557851537873473","-12.607223703891416","-12.607223703891416","-12.607223703891416","-12.600285940532443","-12.600285940532443","-12.600285940532443","-12.602371722837038","-12.602371722837038","-12.602371722837038","-12.592923792102669","-12.592923792102669","-12.592923792102669"
"645","-12.561578147019013","-12.561578147019013","-12.561578147019013","-12.609111399590214","-12.609111399590214","-12.609111399590214","-12.602887781360481","-12.602887781360481","-12.602887781360481","-12.602822931506966","-12.602822931506966","-12.602822931506966","-12.601116627077513","-12.601116627077513","-12.601116627077513"
"646","-12.558127765414081","-12.558127765414081","-12.558127765414081","-12.607239059255093","-12.607239059255093","-12.607239059255093","-12.605272244803514","-12.605272244803514","-12.605272244803514","-12.607864681678482","-12.607864681678482","-12.607864681678482","-12.599078733709794","-12.599078733709794","-12.599078733709794"
"647","-12.558044011079811","-12.558044011079811","-12.558044011079811","-12.602696961994413","-12.602696961994413","-12.602696961994413","-12.605651251877411","-12.605651251877411","-12.605651251877411","-12.606019635743733","-12.606019635743733","-12.606019635743733","-12.597453841680213","-12.597453841680213","-12.597453841680213"
"648","-12.558881759643555","-12.558881759643555","-12.558881759643555","-12.600740625888486","-12.600740625888486","-12.600740625888486","-12.604353844364987","-12.604353844364987","-12.604353844364987","-12.606210527540762","-12.606210527540762","-12.606210527540762","-12.597730395160143","-12.597730395160143","-12.597730395160143"
"649","-12.557766697074793","-12.557766697074793","-12.557766697074793","-12.605390029617503","-12.605390029617503","-12.605390029617503","-12.608158075356785","-12.608158075356785","-12.608158075356785","-12.601194357570213","-12.601194357570213","-12.601194357570213","-12.60242285909532","-12.60242285909532","-12.60242285909532"
"650","-12.559802453729171","-12.559802453729171","-12.559802453729171","-12.603904784480228","-12.603904784480228","-12.603904784480228","-12.60659337345558","-12.60659337345558","-12.60659337345558","-12.605278920523729","-12.605278920523729","-12.605278920523729","-12.605195697349838","-12.605195697349838","-12.605195697349838"
"651","-12.561346440375607","-12.561346440375607","-12.561346440375607","-12.603345424314089","-12.603345424314089","-12.603345424314089","-12.609274381323706","-12.609274381323706","-12.609274381323706","-12.60311177410657","-12.60311177410657","-12.60311177410657","-12.601839934723287","-12.601839934723287","-12.601839934723287"
"652","-12.559882996957514","-12.559882996957514","-12.559882996957514","-12.605541458612755","-12.605541458612755","-12.605541458612755","-12.59939746615253","-12.59939746615253","-12.59939746615253","-12.600524624691733","-12.600524624691733","-12.600524624691733","-12.60163263731365","-12.60163263731365","-12.60163263731365"
"653","-12.560179843178279","-12.560179843178279","-12.560179843178279","-12.604606628417969","-12.604606628417969","-12.604606628417969","-12.602654167368442","-12.602654167368442","-12.602654167368442","-12.601948617379877","-12.601948617379877","-12.601948617379877","-12.600917623012881","-12.600917623012881","-12.600917623012881"
"654","-12.556747339948823","-12.556747339948823","-12.556747339948823","-12.610626776007157","-12.610626776007157","-12.610626776007157","-12.602698929702179","-12.602698929702179","-12.602698929702179","-12.600060293946084","-12.600060293946084","-12.600060293946084","-12.598201474056967","-12.598201474056967","-12.598201474056967"
"655","-12.556912941268727","-12.556912941268727","-12.556912941268727","-12.608903607235678","-12.608903607235678","-12.608903607235678","-12.597971855839596","-12.597971855839596","-12.597971855839596","-12.602638449849962","-12.602638449849962","-12.602638449849962","-12.602861513065386","-12.602861513065386","-12.602861513065386"
"656","-12.556995017619073","-12.556995017619073","-12.556995017619073","-12.605340341978435","-12.605340341978435","-12.605340341978435","-12.605707204794582","-12.605707204794582","-12.605707204794582","-12.60444450378418","-12.60444450378418","-12.60444450378418","-12.604777106755897","-12.604777106755897","-12.604777106755897"
"657","-12.55579372599155","-12.55579372599155","-12.55579372599155","-12.60669407663466","-12.60669407663466","-12.60669407663466","-12.605159518084948","-12.605159518084948","-12.605159518084948","-12.606962602349777","-12.606962602349777","-12.606962602349777","-12.609674441663525","-12.609674441663525","-12.609674441663525"
"658","-12.554283105874363","-12.554283105874363","-12.554283105874363","-12.60688549959207","-12.60688549959207","-12.60688549959207","-12.607315944719918","-12.607315944719918","-12.607315944719918","-12.608279566221599","-12.608279566221599","-12.608279566221599","-12.600063867206815","-12.600063867206815","-12.600063867206815"
"659","-12.555757196643684","-12.555757196643684","-12.555757196643684","-12.605937668039829","-12.605937668039829","-12.605937668039829","-12.6045344992529","-12.6045344992529","-12.6045344992529","-12.608456671992435","-12.608456671992435","-12.608456671992435","-12.597282964972","-12.597282964972","-12.597282964972"
"660","-12.554654278332674","-12.554654278332674","-12.554654278332674","-12.605545587177518","-12.605545587177518","-12.605545587177518","-12.607187162471723","-12.607187162471723","-12.607187162471723","-12.605540456651132","-12.605540456651132","-12.605540456651132","-12.602533135233045","-12.602533135233045","-12.602533135233045"
"661","-12.550750877283797","-12.550750877283797","-12.550750877283797","-12.602711593048483","-12.602711593048483","-12.602711593048483","-12.60805441458014","-12.60805441458014","-12.60805441458014","-12.605754912654056","-12.605754912654056","-12.605754912654056","-12.5993045372299","-12.5993045372299","-12.5993045372299"
"662","-12.555775545820405","-12.555775545820405","-12.555775545820405","-12.605484346800212","-12.605484346800212","-12.605484346800212","-12.603752329379697","-12.603752329379697","-12.603752329379697","-12.602122029171714","-12.602122029171714","-12.602122029171714","-12.603536135033716","-12.603536135033716","-12.603536135033716"
"663","-12.555266018155255","-12.555266018155255","-12.555266018155255","-12.602308744116675","-12.602308744116675","-12.602308744116675","-12.604650485364697","-12.604650485364697","-12.604650485364697","-12.605774698378164","-12.605774698378164","-12.605774698378164","-12.604461899286584","-12.604461899286584","-12.604461899286584"
"664","-12.555069911329053","-12.555069911329053","-12.555069911329053","-12.605073940904834","-12.605073940904834","-12.605073940904834","-12.60921495172042","-12.60921495172042","-12.60921495172042","-12.602766700937778","-12.602766700937778","-12.602766700937778","-12.603333690498449","-12.603333690498449","-12.603333690498449"
"665","-12.550765653199788","-12.550765653199788","-12.550765653199788","-12.60322741013539","-12.60322741013539","-12.60322741013539","-12.608192890505247","-12.608192890505247","-12.608192890505247","-12.60262762142133","-12.60262762142133","-12.60262762142133","-12.601187814640094","-12.601187814640094","-12.601187814640094"
"666","-12.553286455854584","-12.553286455854584","-12.553286455854584","-12.605497601666029","-12.605497601666029","-12.605497601666029","-12.610120338729665","-12.610120338729665","-12.610120338729665","-12.606355860263486","-12.606355860263486","-12.606355860263486","-12.606510367574572","-12.606510367574572","-12.606510367574572"
"667","-12.552729510053803","-12.552729510053803","-12.552729510053803","-12.60680114166646","-12.60680114166646","-12.60680114166646","-12.608619194996509","-12.608619194996509","-12.608619194996509","-12.596439204638518","-12.596439204638518","-12.596439204638518","-12.603979931601994","-12.603979931601994","-12.603979931601994"
"668","-12.556015207797666","-12.556015207797666","-12.556015207797666","-12.609116023099876","-12.609116023099876","-12.609116023099876","-12.60733616502979","-12.60733616502979","-12.60733616502979","-12.596897366680677","-12.596897366680677","-12.596897366680677","-12.605164841760564","-12.605164841760564","-12.605164841760564"
"669","-12.555877069883708","-12.555877069883708","-12.555877069883708","-12.608702104302902","-12.608702104302902","-12.608702104302902","-12.603600586516947","-12.603600586516947","-12.603600586516947","-12.605388931081265","-12.605388931081265","-12.605388931081265","-12.604674713521064","-12.604674713521064","-12.604674713521064"
"670","-12.556072174748287","-12.556072174748287","-12.556072174748287","-12.607707289200794","-12.607707289200794","-12.607707289200794","-12.603088741061054","-12.603088741061054","-12.603088741061054","-12.606957616685312","-12.606957616685312","-12.606957616685312","-12.599036265023146","-12.599036265023146","-12.599036265023146"
"671","-12.560409570042092","-12.560409570042092","-12.560409570042092","-12.60904045346417","-12.60904045346417","-12.60904045346417","-12.605821042121212","-12.605821042121212","-12.605821042121212","-12.607165264177926","-12.607165264177926","-12.607165264177926","-12.607174318048019","-12.607174318048019","-12.607174318048019"
"672","-12.558996538572673","-12.558996538572673","-12.558996538572673","-12.60749592358553","-12.60749592358553","-12.60749592358553","-12.604190790200535","-12.604190790200535","-12.604190790200535","-12.609095766574521","-12.609095766574521","-12.609095766574521","-12.606628273106828","-12.606628273106828","-12.606628273106828"
"673","-12.557359453998034","-12.557359453998034","-12.557359453998034","-12.607193246672425","-12.607193246672425","-12.607193246672425","-12.603492398805257","-12.603492398805257","-12.603492398805257","-12.609487014480784","-12.609487014480784","-12.609487014480784","-12.605752329283122","-12.605752329283122","-12.605752329283122"
"674","-12.558786102488071","-12.558786102488071","-12.558786102488071","-12.60907798477366","-12.60907798477366","-12.60907798477366","-12.603491493418247","-12.603491493418247","-12.603491493418247","-12.610739333720147","-12.610739333720147","-12.610739333720147","-12.598430911196939","-12.598430911196939","-12.598430911196939"
"675","-12.561890674542777","-12.561890674542777","-12.561890674542777","-12.608942116363139","-12.608942116363139","-12.608942116363139","-12.601064838940584","-12.601064838940584","-12.601064838940584","-12.604379569427877","-12.604379569427877","-12.604379569427877","-12.597925355162802","-12.597925355162802","-12.597925355162802"
"676","-12.559609811517257","-12.559609811517257","-12.559609811517257","-12.603954061677184","-12.603954061677184","-12.603954061677184","-12.608115123797067","-12.608115123797067","-12.608115123797067","-12.601986631562438","-12.601986631562438","-12.601986631562438","-12.599610111381434","-12.599610111381434","-12.599610111381434"
"677","-12.558830852749981","-12.558830852749981","-12.558830852749981","-12.600885801677462","-12.600885801677462","-12.600885801677462","-12.609064838554286","-12.609064838554286","-12.609064838554286","-12.609060323691066","-12.609060323691066","-12.609060323691066","-12.597352172754988","-12.597352172754988","-12.597352172754988"
"678","-12.55789013150372","-12.55789013150372","-12.55789013150372","-12.604850080948841","-12.604850080948841","-12.604850080948841","-12.601824180989325","-12.601824180989325","-12.601824180989325","-12.610794936554342","-12.610794936554342","-12.610794936554342","-12.596837985364697","-12.596837985364697","-12.596837985364697"
"679","-12.556174664557735","-12.556174664557735","-12.556174664557735","-12.604015217551702","-12.604015217551702","-12.604015217551702","-12.597332580180108","-12.597332580180108","-12.597332580180108","-12.588862455343898","-12.588862455343898","-12.588862455343898","-12.595252362987663","-12.595252362987663","-12.595252362987663"
"680","-12.558366075346742","-12.558366075346742","-12.558366075346742","-12.608007044731815","-12.608007044731815","-12.608007044731815","-12.605635268778741","-12.605635268778741","-12.605635268778741","-12.608491897583008","-12.608491897583008","-12.608491897583008","-12.595724431774284","-12.595724431774284","-12.595724431774284"
"681","-12.55490810056276","-12.55490810056276","-12.55490810056276","-12.605422623549835","-12.605422623549835","-12.605422623549835","-12.599460239651837","-12.599460239651837","-12.599460239651837","-12.608469769924502","-12.608469769924502","-12.608469769924502","-12.59838401214986","-12.59838401214986","-12.59838401214986"
"682","-12.558087324794334","-12.558087324794334","-12.558087324794334","-12.608833143982705","-12.608833143982705","-12.608833143982705","-12.596097499509401","-12.596097499509401","-12.596097499509401","-12.60900758187982","-12.60900758187982","-12.60900758187982","-12.599177626114857","-12.599177626114857","-12.599177626114857"
"683","-12.559575986258592","-12.559575986258592","-12.559575986258592","-12.608186589011662","-12.608186589011662","-12.608186589011662","-12.600402433660966","-12.600402433660966","-12.600402433660966","-12.605522916286807","-12.605522916286807","-12.605522916286807","-12.60581040684181","-12.60581040684181","-12.60581040684181"
"684","-12.558841922615148","-12.558841922615148","-12.558841922615148","-12.609445451181147","-12.609445451181147","-12.609445451181147","-12.603391888775404","-12.603391888775404","-12.603391888775404","-12.602881371220455","-12.602881371220455","-12.602881371220455","-12.60141436661346","-12.60141436661346","-12.60141436661346"
"685","-12.559723829921287","-12.559723829921287","-12.559723829921287","-12.607378911368455","-12.607378911368455","-12.607378911368455","-12.603556826144834","-12.603556826144834","-12.603556826144834","-12.602013950106464","-12.602013950106464","-12.602013950106464","-12.609180848809737","-12.609180848809737","-12.609180848809737"
"686","-12.559367131583299","-12.559367131583299","-12.559367131583299","-12.60869410068174","-12.60869410068174","-12.60869410068174","-12.607546395893339","-12.607546395893339","-12.607546395893339","-12.60835150223744","-12.60835150223744","-12.60835150223744","-12.60979092272022","-12.60979092272022","-12.60979092272022"
"687","-12.560748136496242","-12.560748136496242","-12.560748136496242","-12.60776747932917","-12.60776747932917","-12.60776747932917","-12.604601473747929","-12.604601473747929","-12.604601473747929","-12.609974474846561","-12.609974474846561","-12.609974474846561","-12.6043321754359","-12.6043321754359","-12.6043321754359"
"688","-12.561337350290033","-12.561337350290033","-12.561337350290033","-12.60374810424032","-12.60374810424032","-12.60374810424032","-12.60598629335814","-12.60598629335814","-12.60598629335814","-12.610824138303347","-12.610824138303347","-12.610824138303347","-12.604983860933327","-12.604983860933327","-12.604983860933327"
"689","-12.561153737804558","-12.561153737804558","-12.561153737804558","-12.606644256205499","-12.606644256205499","-12.606644256205499","-12.60497918913636","-12.60497918913636","-12.60497918913636","-12.609059539022326","-12.609059539022326","-12.609059539022326","-12.601452066928525","-12.601452066928525","-12.601452066928525"
"690","-12.56076066705245","-12.56076066705245","-12.56076066705245","-12.604001612602909","-12.604001612602909","-12.604001612602909","-12.608198588407493","-12.608198588407493","-12.608198588407493","-12.608416364162784","-12.608416364162784","-12.608416364162784","-12.60684420187262","-12.60684420187262","-12.60684420187262"
"691","-12.561755675303784","-12.561755675303784","-12.561755675303784","-12.607921431336221","-12.607921431336221","-12.607921431336221","-12.607478745376007","-12.607478745376007","-12.607478745376007","-12.607960507839541","-12.607960507839541","-12.607960507839541","-12.602214052707334","-12.602214052707334","-12.602214052707334"
"692","-12.561206008814558","-12.561206008814558","-12.561206008814558","-12.606044902077205","-12.606044902077205","-12.606044902077205","-12.60449899601031","-12.60449899601031","-12.60449899601031","-12.61014221287981","-12.61014221287981","-12.61014221287981","-12.606343547000161","-12.606343547000161","-12.606343547000161"
"693","-12.562256052524228","-12.562256052524228","-12.562256052524228","-12.61015736302243","-12.61015736302243","-12.61015736302243","-12.60657915284362","-12.60657915284362","-12.60657915284362","-12.607239216188841","-12.607239216188841","-12.607239216188841","-12.603188623355914","-12.603188623355914","-12.603188623355914"
"694","-12.562514015390903","-12.562514015390903","-12.562514015390903","-12.611997012850605","-12.611997012850605","-12.611997012850605","-12.604850358600858","-12.604850358600858","-12.604850358600858","-12.613262273088287","-12.613262273088287","-12.613262273088287","-12.598257161393951","-12.598257161393951","-12.598257161393951"
"695","-12.562082109572012","-12.562082109572012","-12.562082109572012","-12.608697287644013","-12.608697287644013","-12.608697287644013","-12.608518455601946","-12.608518455601946","-12.608518455601946","-12.61402833914455","-12.61402833914455","-12.61402833914455","-12.604036451895025","-12.604036451895025","-12.604036451895025"
"696","-12.562054259867608","-12.562054259867608","-12.562054259867608","-12.610970810998845","-12.610970810998845","-12.610970810998845","-12.607472516313385","-12.607472516313385","-12.607472516313385","-12.614235527907745","-12.614235527907745","-12.614235527907745","-12.602702346029162","-12.602702346029162","-12.602702346029162"
"697","-12.561774205557908","-12.561774205557908","-12.561774205557908","-12.605157719382756","-12.605157719382756","-12.605157719382756","-12.608050225656244","-12.608050225656244","-12.608050225656244","-12.614417933210541","-12.614417933210541","-12.614417933210541","-12.598611216001872","-12.598611216001872","-12.598611216001872"
"698","-12.561720389354077","-12.561720389354077","-12.561720389354077","-12.610679735111285","-12.610679735111285","-12.610679735111285","-12.609925366655181","-12.609925366655181","-12.609925366655181","-12.611714966689483","-12.611714966689483","-12.611714966689483","-12.601220637937136","-12.601220637937136","-12.601220637937136"
"699","-12.559998620914508","-12.559998620914508","-12.559998620914508","-12.610558220102817","-12.610558220102817","-12.610558220102817","-12.61356160610537","-12.61356160610537","-12.61356160610537","-12.607262599317334","-12.607262599317334","-12.607262599317334","-12.60217871847032","-12.60217871847032","-12.60217871847032"
"700","-12.559358222575128","-12.559358222575128","-12.559358222575128","-12.608678141726724","-12.608678141726724","-12.608678141726724","-12.613201805307895","-12.613201805307895","-12.613201805307895","-12.605261947535261","-12.605261947535261","-12.605261947535261","-12.598979998238478","-12.598979998238478","-12.598979998238478"
"701","-12.561051247995112","-12.561051247995112","-12.561051247995112","-12.605638178088997","-12.605638178088997","-12.605638178088997","-12.608273216440708","-12.608273216440708","-12.608273216440708","-12.603334571741804","-12.603334571741804","-12.603334571741804","-12.60733902605274","-12.60733902605274","-12.60733902605274"
"702","-12.56089048747775","-12.56089048747775","-12.56089048747775","-12.606466401981402","-12.606466401981402","-12.606466401981402","-12.610313934615895","-12.610313934615895","-12.610313934615895","-12.607123085215122","-12.607123085215122","-12.607123085215122","-12.603826546970803","-12.603826546970803","-12.603826546970803"
"703","-12.56247649615324","-12.56247649615324","-12.56247649615324","-12.60705761969844","-12.60705761969844","-12.60705761969844","-12.606803906114795","-12.606803906114795","-12.606803906114795","-12.60690520081339","-12.60690520081339","-12.60690520081339","-12.605506788326215","-12.605506788326215","-12.605506788326215"
"704","-12.561613094957568","-12.561613094957568","-12.561613094957568","-12.605184470550924","-12.605184470550924","-12.605184470550924","-12.60339901115321","-12.60339901115321","-12.60339901115321","-12.60815895660014","-12.60815895660014","-12.60815895660014","-12.611681539801102","-12.611681539801102","-12.611681539801102"
"705","-12.56084460246412","-12.56084460246412","-12.56084460246412","-12.60711666300327","-12.60711666300327","-12.60711666300327","-12.601802439629276","-12.601802439629276","-12.601802439629276","-12.606539919406552","-12.606539919406552","-12.606539919406552","-12.603763845902455","-12.603763845902455","-12.603763845902455"
"706","-12.55757826793043","-12.55757826793043","-12.55757826793043","-12.607893823068354","-12.607893823068354","-12.607893823068354","-12.609824578973312","-12.609824578973312","-12.609824578973312","-12.603667126426213","-12.603667126426213","-12.603667126426213","-12.601271665548976","-12.601271665548976","-12.601271665548976"
"707","-12.562745963470846","-12.562745963470846","-12.562745963470846","-12.607132404665403","-12.607132404665403","-12.607132404665403","-12.600366688981842","-12.600366688981842","-12.600366688981842","-12.60761321345462","-12.60761321345462","-12.60761321345462","-12.603823347936702","-12.603823347936702","-12.603823347936702"
"708","-12.564334531373616","-12.564334531373616","-12.564334531373616","-12.60723809350895","-12.60723809350895","-12.60723809350895","-12.598472172700905","-12.598472172700905","-12.598472172700905","-12.61137607429601","-12.61137607429601","-12.61137607429601","-12.596438733837273","-12.596438733837273","-12.596438733837273"
"709","-12.561377706406992","-12.561377706406992","-12.561377706406992","-12.60040354426903","-12.60040354426903","-12.60040354426903","-12.600484980812556","-12.600484980812556","-12.600484980812556","-12.607458174983158","-12.607458174983158","-12.607458174983158","-12.597254234024241","-12.597254234024241","-12.597254234024241"
"710","-12.561510943159272","-12.561510943159272","-12.561510943159272","-12.598173600208911","-12.598173600208911","-12.598173600208911","-12.613113536110408","-12.613113536110408","-12.613113536110408","-12.61024531835242","-12.61024531835242","-12.61024531835242","-12.607214686236803","-12.607214686236803","-12.607214686236803"
"711","-12.562895255752757","-12.562895255752757","-12.562895255752757","-12.59868117223812","-12.59868117223812","-12.59868117223812","-12.609686404843874","-12.609686404843874","-12.609686404843874","-12.601324443575702","-12.601324443575702","-12.601324443575702","-12.606184536897683","-12.606184536897683","-12.606184536897683"
"712","-12.560187870943093","-12.560187870943093","-12.560187870943093","-12.599279017388065","-12.599279017388065","-12.599279017388065","-12.607318250438835","-12.607318250438835","-12.607318250438835","-12.5996191531797","-12.5996191531797","-12.5996191531797","-12.60271411606028","-12.60271411606028","-12.60271411606028"
"713","-12.563547834565368","-12.563547834565368","-12.563547834565368","-12.602023655855202","-12.602023655855202","-12.602023655855202","-12.607528445086901","-12.607528445086901","-12.607528445086901","-12.607566954214361","-12.607566954214361","-12.607566954214361","-12.596777710733534","-12.596777710733534","-12.596777710733534"
"714","-12.562415062626705","-12.562415062626705","-12.562415062626705","-12.601664688013777","-12.601664688013777","-12.601664688013777","-12.609813231456128","-12.609813231456128","-12.609813231456128","-12.606452941894531","-12.606452941894531","-12.606452941894531","-12.601460420632664","-12.601460420632664","-12.601460420632664"
"715","-12.562467418139494","-12.562467418139494","-12.562467418139494","-12.600034073938298","-12.600034073938298","-12.600034073938298","-12.60941738418386","-12.60941738418386","-12.60941738418386","-12.60977911647362","-12.60977911647362","-12.60977911647362","-12.598659273944323","-12.598659273944323","-12.598659273944323"
"716","-12.560302408435676","-12.560302408435676","-12.560302408435676","-12.604931722713422","-12.604931722713422","-12.604931722713422","-12.61063943935346","-12.61063943935346","-12.61063943935346","-12.606452483165112","-12.606452483165112","-12.606452483165112","-12.598211119446573","-12.598211119446573","-12.598211119446573"
"717","-12.56478458114817","-12.56478458114817","-12.56478458114817","-12.604410256011576","-12.604410256011576","-12.604410256011576","-12.611590059497688","-12.611590059497688","-12.611590059497688","-12.604648046855685","-12.604648046855685","-12.604648046855685","-12.60398815251604","-12.60398815251604","-12.60398815251604"
"718","-12.561588239066209","-12.561588239066209","-12.561588239066209","-12.603476379491106","-12.603476379491106","-12.603476379491106","-12.612329760684243","-12.612329760684243","-12.612329760684243","-12.60763634307475","-12.60763634307475","-12.60763634307475","-12.600093720834467","-12.600093720834467","-12.600093720834467"
"719","-12.564138062392608","-12.564138062392608","-12.564138062392608","-12.599145539199249","-12.599145539199249","-12.599145539199249","-12.611712069451054","-12.611712069451054","-12.611712069451054","-12.602202789692939","-12.602202789692939","-12.602202789692939","-12.603193922887874","-12.603193922887874","-12.603193922887874"
"720","-12.56405980073953","-12.56405980073953","-12.56405980073953","-12.600375923929334","-12.600375923929334","-12.600375923929334","-12.605133805093885","-12.605133805093885","-12.605133805093885","-12.61098568348945","-12.61098568348945","-12.61098568348945","-12.597865768625766","-12.597865768625766","-12.597865768625766"
"721","-12.562542794625971","-12.562542794625971","-12.562542794625971","-12.599510591241378","-12.599510591241378","-12.599510591241378","-12.60797867593886","-12.60797867593886","-12.60797867593886","-12.609726157369494","-12.609726157369494","-12.609726157369494","-12.602399596685096","-12.602399596685096","-12.602399596685096"
"722","-12.56558598144145","-12.56558598144145","-12.56558598144145","-12.605000882209103","-12.605000882209103","-12.605000882209103","-12.61311401898348","-12.61311401898348","-12.61311401898348","-12.613034876087044","-12.613034876087044","-12.613034876087044","-12.601663504974752","-12.601663504974752","-12.601663504974752"
"723","-12.566597431520872","-12.566597431520872","-12.566597431520872","-12.599470862859413","-12.599470862859413","-12.599470862859413","-12.608415579494041","-12.608415579494041","-12.608415579494041","-12.612196729153018","-12.612196729153018","-12.612196729153018","-12.604214957997769","-12.604214957997769","-12.604214957997769"
"724","-12.562108812452871","-12.562108812452871","-12.562108812452871","-12.606003012838244","-12.606003012838244","-12.606003012838244","-12.610950976987429","-12.610950976987429","-12.610950976987429","-12.613892977750755","-12.613892977750755","-12.613892977750755","-12.600711182702947","-12.600711182702947","-12.600711182702947"
"725","-12.563230176515217","-12.563230176515217","-12.563230176515217","-12.605695229542407","-12.605695229542407","-12.605695229542407","-12.603803441494327","-12.603803441494327","-12.603803441494327","-12.612833638734456","-12.612833638734456","-12.612833638734456","-12.608386848546282","-12.608386848546282","-12.608386848546282"
"726","-12.560455165331877","-12.560455165331877","-12.560455165331877","-12.604631991326054","-12.604631991326054","-12.604631991326054","-12.606090123140358","-12.606090123140358","-12.606090123140358","-12.615368070481699","-12.615368070481699","-12.615368070481699","-12.61220318758035","-12.61220318758035","-12.61220318758035"
"727","-12.560258491129815","-12.560258491129815","-12.560258491129815","-12.602689054947865","-12.602689054947865","-12.602689054947865","-12.605429190623608","-12.605429190623608","-12.605429190623608","-12.61121944234341","-12.61121944234341","-12.61121944234341","-12.6141566505915","-12.6141566505915","-12.6141566505915"
"728","-12.562180905402462","-12.562180905402462","-12.562180905402462","-12.60890675798247","-12.60890675798247","-12.60890675798247","-12.60905188548414","-12.60905188548414","-12.60905188548414","-12.613608493080623","-12.613608493080623","-12.613608493080623","-12.609157707117781","-12.609157707117781","-12.609157707117781"
"729","-12.56056943724427","-12.56056943724427","-12.56056943724427","-12.606941633586642","-12.606941633586642","-12.606941633586642","-12.607493473004691","-12.607493473004691","-12.607493473004691","-12.61075331289557","-12.61075331289557","-12.61075331289557","-12.60999907722956","-12.60999907722956","-12.60999907722956"
"730","-12.562433291085158","-12.562433291085158","-12.562433291085158","-12.610916475706462","-12.610916475706462","-12.610916475706462","-12.607647932028469","-12.607647932028469","-12.607647932028469","-12.611557682858237","-12.611557682858237","-12.611557682858237","-12.611074000974245","-12.611074000974245","-12.611074000974245"
"731","-12.560237884521484","-12.560237884521484","-12.560237884521484","-12.609537281567537","-12.609537281567537","-12.609537281567537","-12.611439837685115","-12.611439837685115","-12.611439837685115","-12.607662720016286","-12.607662720016286","-12.607662720016286","-12.608152920686745","-12.608152920686745","-12.608152920686745"
"732","-12.560482363157634","-12.560482363157634","-12.560482363157634","-12.608274387407906","-12.608274387407906","-12.608274387407906","-12.609692223464386","-12.609692223464386","-12.609692223464386","-12.609002089198631","-12.609002089198631","-12.609002089198631","-12.606024428258968","-12.606024428258968","-12.606024428258968"
"733","-12.562902028047585","-12.562902028047585","-12.562902028047585","-12.61045818087421","-12.61045818087421","-12.61045818087421","-12.606951894639414","-12.606951894639414","-12.606951894639414","-12.591241752045065","-12.591241752045065","-12.591241752045065","-12.606967237931263","-12.606967237931263","-12.606967237931263"
"734","-12.566204964360104","-12.566204964360104","-12.566204964360104","-12.611658168744437","-12.611658168744437","-12.611658168744437","-12.61086951630025","-12.61086951630025","-12.61086951630025","-12.61038905759401","-12.61038905759401","-12.61038905759401","-12.606335253655155","-12.606335253655155","-12.606335253655155"
"735","-12.560886974576153","-12.560886974576153","-12.560886974576153","-12.607844437224955","-12.607844437224955","-12.607844437224955","-12.606288897840283","-12.606288897840283","-12.606288897840283","-12.612819876851916","-12.612819876851916","-12.612819876851916","-12.608489507361304","-12.608489507361304","-12.608489507361304"
"736","-12.55937216553507","-12.55937216553507","-12.55937216553507","-12.60978046851822","-12.60978046851822","-12.60978046851822","-12.605886869792696","-12.605886869792696","-12.605886869792696","-12.611454517026491","-12.611454517026491","-12.611454517026491","-12.610827059685429","-12.610827059685429","-12.610827059685429"
"737","-12.563447734977625","-12.563447734977625","-12.563447734977625","-12.611440936221353","-12.611440936221353","-12.611440936221353","-12.608895507039904","-12.608895507039904","-12.608895507039904","-12.61157982258857","-12.61157982258857","-12.61157982258857","-12.607175042357627","-12.607175042357627","-12.607175042357627"
"738","-12.565538490874857","-12.565538490874857","-12.565538490874857","-12.609064548830442","-12.609064548830442","-12.609064548830442","-12.608015470866915","-12.608015470866915","-12.608015470866915","-12.612563338460802","-12.612563338460802","-12.612563338460802","-12.616015361834176","-12.616015361834176","-12.616015361834176"
"739","-12.563357377354103","-12.563357377354103","-12.563357377354103","-12.60939053644108","-12.60939053644108","-12.60939053644108","-12.605726604220234","-12.605726604220234","-12.605726604220234","-12.606679107569441","-12.606679107569441","-12.606679107569441","-12.610358503800404","-12.610358503800404","-12.610358503800404"
"740","-12.566701466524147","-12.566701466524147","-12.566701466524147","-12.6120167020001","-12.6120167020001","-12.6120167020001","-12.605290207681776","-12.605290207681776","-12.605290207681776","-12.61794865282276","-12.61794865282276","-12.61794865282276","-12.600610588170305","-12.600610588170305","-12.600610588170305"
"741","-12.562299981901917","-12.562299981901917","-12.562299981901917","-12.6074552656729","-12.6074552656729","-12.6074552656729","-12.60789451116248","-12.60789451116248","-12.60789451116248","-12.604262448564361","-12.604262448564361","-12.604262448564361","-12.606662569166739","-12.606662569166739","-12.606662569166739"
"742","-12.56200871286513","-12.56200871286513","-12.56200871286513","-12.606291795078713","-12.606291795078713","-12.606291795078713","-12.608569350423693","-12.608569350423693","-12.608569350423693","-12.612399692776837","-12.612399692776837","-12.612399692776837","-12.607180341889586","-12.607180341889586","-12.607180341889586"
"743","-12.562260325950913","-12.562260325950913","-12.562260325950913","-12.609211342244208","-12.609211342244208","-12.609211342244208","-12.607798648785941","-12.607798648785941","-12.607798648785941","-12.614937782287598","-12.614937782287598","-12.614937782287598","-12.609134939652455","-12.609134939652455","-12.609134939652455"
"744","-12.562249219870266","-12.562249219870266","-12.562249219870266","-12.613463244860686","-12.613463244860686","-12.613463244860686","-12.611251468899884","-12.611251468899884","-12.611251468899884","-12.617404853241354","-12.617404853241354","-12.617404853241354","-12.609911097755916","-12.609911097755916","-12.609911097755916"
"745","-12.560202224345147","-12.560202224345147","-12.560202224345147","-12.609961280339881","-12.609961280339881","-12.609961280339881","-12.610682427128658","-12.610682427128658","-12.610682427128658","-12.619101319131971","-12.619101319131971","-12.619101319131971","-12.60455784616591","-12.60455784616591","-12.60455784616591"
"746","-12.563346355776243","-12.563346355776243","-12.563346355776243","-12.60760618765143","-12.60760618765143","-12.60760618765143","-12.610985055754456","-12.610985055754456","-12.610985055754456","-12.61679232875003","-12.61679232875003","-12.61679232875003","-12.610335386252101","-12.610335386252101","-12.610335386252101"
"747","-12.560841536220115","-12.560841536220115","-12.560841536220115","-12.607520091382764","-12.607520091382764","-12.607520091382764","-12.609003574033327","-12.609003574033327","-12.609003574033327","-12.60802275017847","-12.60802275017847","-12.60802275017847","-12.611425580857675","-12.611425580857675","-12.611425580857675"
"748","-12.564721348919447","-12.564721348919447","-12.564721348919447","-12.61293463163738","-12.61293463163738","-12.61293463163738","-12.610653937617435","-12.610653937617435","-12.610653937617435","-12.603024844881855","-12.603024844881855","-12.603024844881855","-12.610223082047474","-12.610223082047474","-12.610223082047474"
"749","-12.558116055742095","-12.558116055742095","-12.558116055742095","-12.609321956393085","-12.609321956393085","-12.609321956393085","-12.613271809831451","-12.613271809831451","-12.613271809831451","-12.608302056034908","-12.608302056034908","-12.608302056034908","-12.608524334581592","-12.608524334581592","-12.608524334581592"
"750","-12.56276885165444","-12.56276885165444","-12.56276885165444","-12.605999367146552","-12.605999367146552","-12.605999367146552","-12.609089440937284","-12.609089440937284","-12.609089440937284","-12.612911224365234","-12.612911224365234","-12.612911224365234","-12.60328814349597","-12.60328814349597","-12.60328814349597"
"751","-12.562982281552085","-12.562982281552085","-12.562982281552085","-12.606713162192815","-12.606713162192815","-12.606713162192815","-12.609984808330294","-12.609984808330294","-12.609984808330294","-12.612197875976562","-12.612197875976562","-12.612197875976562","-12.605186872844454","-12.605186872844454","-12.605186872844454"
"752","-12.561403660834591","-12.561403660834591","-12.561403660834591","-12.604050298280354","-12.604050298280354","-12.604050298280354","-12.60190821297561","-12.60190821297561","-12.60190821297561","-12.606034713455394","-12.606034713455394","-12.606034713455394","-12.608279179923143","-12.608279179923143","-12.608279179923143"
"753","-12.560447584224653","-12.560447584224653","-12.560447584224653","-12.602536901643004","-12.602536901643004","-12.602536901643004","-12.606193868419792","-12.606193868419792","-12.606193868419792","-12.610129996191096","-12.610129996191096","-12.610129996191096","-12.607960181900218","-12.607960181900218","-12.607960181900218"
"754","-12.559535062765773","-12.559535062765773","-12.559535062765773","-12.605851463124722","-12.605851463124722","-12.605851463124722","-12.605471574807469","-12.605471574807469","-12.605471574807469","-12.608898585355735","-12.608898585355735","-12.608898585355735","-12.606714055507998","-12.606714055507998","-12.606714055507998"
"755","-12.561597244648993","-12.561597244648993","-12.561597244648993","-12.609283000608034","-12.609283000608034","-12.609283000608034","-12.607819557189941","-12.607819557189941","-12.607819557189941","-12.611337722102299","-12.611337722102299","-12.611337722102299","-12.612475612495519","-12.612475612495519","-12.612475612495519"
"756","-12.559905824781973","-12.559905824781973","-12.559905824781973","-12.611243030692957","-12.611243030692957","-12.611243030692957","-12.608307089986681","-12.608307089986681","-12.608307089986681","-12.604443079308618","-12.604443079308618","-12.604443079308618","-12.606023776380322","-12.606023776380322","-12.606023776380322"
"757","-12.559246075304248","-12.559246075304248","-12.559246075304248","-12.607640193987496","-12.607640193987496","-12.607640193987496","-12.61333378659019","-12.61333378659019","-12.61333378659019","-12.601885892167877","-12.601885892167877","-12.601885892167877","-12.609969658187673","-12.609969658187673","-12.609969658187673"
"758","-12.56141388567188","-12.56141388567188","-12.56141388567188","-12.61142119878455","-12.61142119878455","-12.61142119878455","-12.609857728209677","-12.609857728209677","-12.609857728209677","-12.610968988153","-12.610968988153","-12.610968988153","-12.609454191183742","-12.609454191183742","-12.609454191183742"
"759","-12.563187043878097","-12.563187043878097","-12.563187043878097","-12.608479898187179","-12.608479898187179","-12.608479898187179","-12.612552944617935","-12.612552944617935","-12.612552944617935","-12.593225986142702","-12.593225986142702","-12.593225986142702","-12.610755522039872","-12.610755522039872","-12.610755522039872"
"760","-12.562176426754721","-12.562176426754721","-12.562176426754721","-12.607238757459424","-12.607238757459424","-12.607238757459424","-12.61100234261042","-12.61100234261042","-12.61100234261042","-12.595937632307221","-12.595937632307221","-12.595937632307221","-12.603760719299316","-12.603760719299316","-12.603760719299316"
"761","-12.562012479275088","-12.562012479275088","-12.562012479275088","-12.606215658067148","-12.606215658067148","-12.606215658067148","-12.602859110771854","-12.602859110771854","-12.602859110771854","-12.601296123070053","-12.601296123070053","-12.601296123070053","-12.603400846070882","-12.603400846070882","-12.603400846070882"
"762","-12.565251688413982","-12.565251688413982","-12.565251688413982","-12.607755830016318","-12.607755830016318","-12.607755830016318","-12.611877296544328","-12.611877296544328","-12.611877296544328","-12.604369984397405","-12.604369984397405","-12.604369984397405","-12.61000983322723","-12.61000983322723","-12.61000983322723"
"763","-12.567030882533592","-12.567030882533592","-12.567030882533592","-12.611891106714177","-12.611891106714177","-12.611891106714177","-12.607087799265415","-12.607087799265415","-12.607087799265415","-12.606783553014827","-12.606783553014827","-12.606783553014827","-12.608679505843151","-12.608679505843151","-12.608679505843151"
"764","-12.564934102794792","-12.564934102794792","-12.564934102794792","-12.607640387136724","-12.607640387136724","-12.607640387136724","-12.609866395781312","-12.609866395781312","-12.609866395781312","-12.610343462304224","-12.610343462304224","-12.610343462304224","-12.611384935016874","-12.611384935016874","-12.611384935016874"
"765","-12.566195982920972","-12.566195982920972","-12.566195982920972","-12.610168662252306","-12.610168662252306","-12.610168662252306","-12.612843163405792","-12.612843163405792","-12.612843163405792","-12.60659995260118","-12.60659995260118","-12.60659995260118","-12.607436928568006","-12.607436928568006","-12.607436928568006"
"766","-12.56463427483281","-12.56463427483281","-12.56463427483281","-12.613325915759123","-12.613325915759123","-12.613325915759123","-12.61423005937021","-12.61423005937021","-12.61423005937021","-12.609190288978287","-12.609190288978287","-12.609190288978287","-12.605502092385594","-12.605502092385594","-12.605502092385594"
"767","-12.566870508314688","-12.566870508314688","-12.566870508314688","-12.613553264473058","-12.613553264473058","-12.613553264473058","-12.611056714118282","-12.611056714118282","-12.611056714118282","-12.609738832787622","-12.609738832787622","-12.609738832787622","-12.610255506974232","-12.610255506974232","-12.610255506974232"
"768","-12.566582233090944","-12.566582233090944","-12.566582233090944","-12.60857364799403","-12.60857364799403","-12.60857364799403","-12.614352455622033","-12.614352455622033","-12.614352455622033","-12.610788622988931","-12.610788622988931","-12.610788622988931","-12.60426093958601","-12.60426093958601","-12.60426093958601"
"769","-12.568583645398103","-12.568583645398103","-12.568583645398103","-12.60140538517433","-12.60140538517433","-12.60140538517433","-12.614922970156126","-12.614922970156126","-12.614922970156126","-12.61410660079763","-12.61410660079763","-12.61410660079763","-12.606542659711234","-12.606542659711234","-12.606542659711234"
"770","-12.565713290926777","-12.565713290926777","-12.565713290926777","-12.604874779906455","-12.604874779906455","-12.604874779906455","-12.613274803644494","-12.613274803644494","-12.613274803644494","-12.608176207240623","-12.608176207240623","-12.608176207240623","-12.606182532974437","-12.606182532974437","-12.606182532974437"
"771","-12.566365278219875","-12.566365278219875","-12.566365278219875","-12.607189371616025","-12.607189371616025","-12.607189371616025","-12.615678775159619","-12.615678775159619","-12.615678775159619","-12.608313910568818","-12.608313910568818","-12.608313910568818","-12.601616617999499","-12.601616617999499","-12.601616617999499"
"772","-12.566352373437036","-12.566352373437036","-12.566352373437036","-12.610044093071659","-12.610044093071659","-12.610044093071659","-12.611537848846822","-12.611537848846822","-12.611537848846822","-12.60857958733281","-12.60857958733281","-12.60857958733281","-12.608420528943025","-12.608420528943025","-12.608420528943025"
"773","-12.570611410503146","-12.570611410503146","-12.570611410503146","-12.610920592199397","-12.610920592199397","-12.610920592199397","-12.610351441781733","-12.610351441781733","-12.610351441781733","-12.606188629246965","-12.606188629246965","-12.606188629246965","-12.603691982317574","-12.603691982317574","-12.603691982317574"
"774","-12.566106397894364","-12.566106397894364","-12.566106397894364","-12.608612145049662","-12.608612145049662","-12.608612145049662","-12.613389015197754","-12.613389015197754","-12.613389015197754","-12.612675739240043","-12.612675739240043","-12.612675739240043","-12.605081787592248","-12.605081787592248","-12.605081787592248"
"775","-12.56565389753897","-12.56565389753897","-12.56565389753897","-12.609611716451525","-12.609611716451525","-12.609611716451525","-12.609812990019593","-12.609812990019593","-12.609812990019593","-12.608969845349275","-12.608969845349275","-12.608969845349275","-12.607382110402554","-12.607382110402554","-12.607382110402554"
"776","-12.567368760893617","-12.567368760893617","-12.567368760893617","-12.611942448193513","-12.611942448193513","-12.611942448193513","-12.613893122612675","-12.613893122612675","-12.613893122612675","-12.61045802394046","-12.61045802394046","-12.61045802394046","-12.609959988654415","-12.609959988654415","-12.609959988654415"
"777","-12.56727382804774","-12.56727382804774","-12.56727382804774","-12.611602698700338","-12.611602698700338","-12.611602698700338","-12.618138349508937","-12.618138349508937","-12.618138349508937","-12.606347023686276","-12.606347023686276","-12.606347023686276","-12.612155648726452","-12.612155648726452","-12.612155648726452"
"778","-12.566513822048526","-12.566513822048526","-12.566513822048526","-12.605895537364331","-12.605895537364331","-12.605895537364331","-12.61356423776361","-12.61356423776361","-12.61356423776361","-12.607406447205362","-12.607406447205362","-12.607406447205362","-12.610796626610092","-12.610796626610092","-12.610796626610092"
"779","-12.564236822007578","-12.564236822007578","-12.564236822007578","-12.604955443853065","-12.604955443853065","-12.604955443853065","-12.612969205349307","-12.612969205349307","-12.612969205349307","-12.609446054772485","-12.609446054772485","-12.609446054772485","-12.60380485389806","-12.60380485389806","-12.60380485389806"
"780","-12.566520944426331","-12.566520944426331","-12.566520944426331","-12.608613871320893","-12.608613871320893","-12.608613871320893","-12.613688686225988","-12.613688686225988","-12.613688686225988","-12.615403766873516","-12.615403766873516","-12.615403766873516","-12.606034134007707","-12.606034134007707","-12.606034134007707"
"781","-12.567207070845592","-12.567207070845592","-12.567207070845592","-12.606731958027128","-12.606731958027128","-12.606731958027128","-12.612825719616081","-12.612825719616081","-12.612825719616081","-12.613193982764136","-12.613193982764136","-12.613193982764136","-12.60598629335814","-12.60598629335814","-12.60598629335814"
"782","-12.567474667030044","-12.567474667030044","-12.567474667030044","-12.604696358306498","-12.604696358306498","-12.604696358306498","-12.613711007033722","-12.613711007033722","-12.613711007033722","-12.61630916595459","-12.61630916595459","-12.61630916595459","-12.607554677166517","-12.607554677166517","-12.607554677166517"
"783","-12.563404276401181","-12.563404276401181","-12.563404276401181","-12.606163821642912","-12.606163821642912","-12.606163821642912","-12.610236179979541","-12.610236179979541","-12.610236179979541","-12.618842487093769","-12.618842487093769","-12.618842487093769","-12.608333961873115","-12.608333961873115","-12.608333961873115"
"784","-12.561394474174403","-12.561394474174403","-12.561394474174403","-12.608273687241953","-12.608273687241953","-12.608273687241953","-12.61025548283058","-12.61025548283058","-12.61025548283058","-12.614901023575023","-12.614901023575023","-12.614901023575023","-12.60651063315476","-12.60651063315476","-12.60651063315476"
"785","-12.564265794391874","-12.564265794391874","-12.564265794391874","-12.613035129595406","-12.613035129595406","-12.613035129595406","-12.61041466193863","-12.61041466193863","-12.61041466193863","-12.614240416997596","-12.614240416997596","-12.614240416997596","-12.607676361180559","-12.607676361180559","-12.607676361180559"
"786","-12.559325290631644","-12.559325290631644","-12.559325290631644","-12.607282831699033","-12.607282831699033","-12.607282831699033","-12.608895543255384","-12.608895543255384","-12.608895543255384","-12.615013943442815","-12.615013943442815","-12.615013943442815","-12.604540197155144","-12.604540197155144","-12.604540197155144"
"787","-12.559670424159568","-12.559670424159568","-12.559670424159568","-12.61292913895619","-12.61292913895619","-12.61292913895619","-12.615120525601544","-12.615120525601544","-12.615120525601544","-12.613423202611223","-12.613423202611223","-12.613423202611223","-12.611362807358368","-12.611362807358368","-12.611362807358368"
"788","-12.563624889035768","-12.563624889035768","-12.563624889035768","-12.61193753496001","-12.61193753496001","-12.61193753496001","-12.610724847528","-12.610724847528","-12.610724847528","-12.613087002235122","-12.613087002235122","-12.613087002235122","-12.614130756523036","-12.614130756523036","-12.614130756523036"
"789","-12.563335635994054","-12.563335635994054","-12.563335635994054","-12.609169766872744","-12.609169766872744","-12.609169766872744","-12.615891384173043","-12.615891384173043","-12.615891384173043","-12.618001660214194","-12.618001660214194","-12.618001660214194","-12.61270880397362","-12.61270880397362","-12.61270880397362"
"790","-12.561001669002485","-12.561001669002485","-12.561001669002485","-12.61118886440615","-12.61118886440615","-12.61118886440615","-12.61160001875479","-12.61160001875479","-12.61160001875479","-12.616809325882151","-12.616809325882151","-12.616809325882151","-12.608952606780619","-12.608952606780619","-12.608952606780619"
"791","-12.564526449275922","-12.564526449275922","-12.564526449275922","-12.61181418503387","-12.61181418503387","-12.61181418503387","-12.610538712030724","-12.610538712030724","-12.610538712030724","-12.617571818677686","-12.617571818677686","-12.617571818677686","-12.616282306139983","-12.616282306139983","-12.616282306139983"
"792","-12.566652660128437","-12.566652660128437","-12.566652660128437","-12.613071236429334","-12.613071236429334","-12.613071236429334","-12.614716904072822","-12.614716904072822","-12.614716904072822","-12.611501911018468","-12.611501911018468","-12.611501911018468","-12.615830916392651","-12.615830916392651","-12.615830916392651"
"793","-12.568060512784161","-12.568060512784161","-12.568060512784161","-12.614726139020316","-12.614726139020316","-12.614726139020316","-12.614546872392486","-12.614546872392486","-12.614546872392486","-12.613025423846667","-12.613025423846667","-12.613025423846667","-12.612471556361717","-12.612471556361717","-12.612471556361717"
"794","-12.56884111331988","-12.56884111331988","-12.56884111331988","-12.609321811531164","-12.609321811531164","-12.609321811531164","-12.613138114349752","-12.613138114349752","-12.613138114349752","-12.611788592761076","-12.611788592761076","-12.611788592761076","-12.61116333249249","-12.61116333249249","-12.61116333249249"
"795","-12.56982884225966","-12.56982884225966","-12.56982884225966","-12.608681207970728","-12.608681207970728","-12.608681207970728","-12.609672425668451","-12.609672425668451","-12.609672425668451","-12.611349347271497","-12.611349347271497","-12.611349347271497","-12.614718799349628","-12.614718799349628","-12.614718799349628"
"796","-12.566634962830362","-12.566634962830362","-12.566634962830362","-12.607006302362755","-12.607006302362755","-12.607006302362755","-12.610582399971877","-12.610582399971877","-12.610582399971877","-12.609447877618331","-12.609447877618331","-12.609447877618331","-12.609050062638294","-12.609050062638294","-12.609050062638294"
"797","-12.567336058314842","-12.567336058314842","-12.567336058314842","-12.60741360579865","-12.60741360579865","-12.60741360579865","-12.614245921750612","-12.614245921750612","-12.614245921750612","-12.61151213585576","-12.61151213585576","-12.61151213585576","-12.614589968814126","-12.614589968814126","-12.614589968814126"
"798","-12.568446183506447","-12.568446183506447","-12.568446183506447","-12.609205861634846","-12.609205861634846","-12.609205861634846","-12.612995690937284","-12.612995690937284","-12.612995690937284","-12.614056514788277","-12.614056514788277","-12.614056514788277","-12.615588984911955","-12.615588984911955","-12.615588984911955"
"799","-12.566919169848479","-12.566919169848479","-12.566919169848479","-12.609808402725413","-12.609808402725413","-12.609808402725413","-12.608993300908729","-12.608993300908729","-12.608993300908729","-12.617414800426628","-12.617414800426628","-12.617414800426628","-12.610178778443155","-12.610178778443155","-12.610178778443155"
"800","-12.570273918441579","-12.570273918441579","-12.570273918441579","-12.608247720742527","-12.608247720742527","-12.608247720742527","-12.611528022379815","-12.611528022379815","-12.611528022379815","-12.616638956190664","-12.616638956190664","-12.616638956190664","-12.609784476364716","-12.609784476364716","-12.609784476364716"
"801","-12.56808300259747","-12.56808300259747","-12.56808300259747","-12.608599711068068","-12.608599711068068","-12.608599711068068","-12.613921032676213","-12.613921032676213","-12.613921032676213","-12.615578313417073","-12.615578313417073","-12.615578313417073","-12.617015210888054","-12.617015210888054","-12.617015210888054"
"802","-12.566856806791282","-12.566856806791282","-12.566856806791282","-12.606631037555163","-12.606631037555163","-12.606631037555163","-12.616211227223843","-12.616211227223843","-12.616211227223843","-12.611580450323563","-12.611580450323563","-12.611580450323563","-12.61138073402115","-12.61138073402115","-12.61138073402115"
"803","-12.569877998738349","-12.569877998738349","-12.569877998738349","-12.611282638356656","-12.611282638356656","-12.611282638356656","-12.615009199214887","-12.615009199214887","-12.615009199214887","-12.619261741638184","-12.619261741638184","-12.619261741638184","-12.603723031056079","-12.603723031056079","-12.603723031056079"
"804","-12.566565863693818","-12.566565863693818","-12.566565863693818","-12.61264622362354","-12.61264622362354","-12.61264622362354","-12.61576959151256","-12.61576959151256","-12.61576959151256","-12.61549769775777","-12.61549769775777","-12.61549769775777","-12.60304137121273","-12.60304137121273","-12.60304137121273"
"805","-12.56837937801699","-12.56837937801699","-12.56837937801699","-12.611262043820151","-12.611262043820151","-12.611262043820151","-12.61610293086571","-12.61610293086571","-12.61610293086571","-12.6128711941876","-12.6128711941876","-12.6128711941876","-12.605770847465418","-12.605770847465418","-12.605770847465418"
"806","-12.568270019338101","-12.568270019338101","-12.568270019338101","-12.614743957036659","-12.614743957036659","-12.614743957036659","-12.610554852063142","-12.610554852063142","-12.610554852063142","-12.618900431862361","-12.618900431862361","-12.618900431862361","-12.60770230353633","-12.60770230353633","-12.60770230353633"
"807","-12.567939673797994","-12.567939673797994","-12.567939673797994","-12.609668767904934","-12.609668767904934","-12.609668767904934","-12.610270789906949","-12.610270789906949","-12.610270789906949","-12.616319463222842","-12.616319463222842","-12.616319463222842","-12.608984053889408","-12.608984053889408","-12.608984053889408"
"808","-12.56529979464374","-12.56529979464374","-12.56529979464374","-12.612822399863713","-12.612822399863713","-12.612822399863713","-12.609593620783166","-12.609593620783166","-12.609593620783166","-12.61232950717588","-12.61232950717588","-12.61232950717588","-12.612606446954269","-12.612606446954269","-12.612606446954269"
"809","-12.567791962925392","-12.567791962925392","-12.567791962925392","-12.6101956065697","-12.6101956065697","-12.6101956065697","-12.608544711825214","-12.608544711825214","-12.608544711825214","-12.616331184966654","-12.616331184966654","-12.616331184966654","-12.608220776425132","-12.608220776425132","-12.608220776425132"
"810","-12.566542227056962","-12.566542227056962","-12.566542227056962","-12.607923012745532","-12.607923012745532","-12.607923012745532","-12.611961654469937","-12.611961654469937","-12.611961654469937","-12.61759049379373","-12.61759049379373","-12.61759049379373","-12.613256297534026","-12.613256297534026","-12.613256297534026"
"811","-12.566456396368485","-12.566456396368485","-12.566456396368485","-12.605262852922271","-12.605262852922271","-12.605262852922271","-12.607230548617206","-12.607230548617206","-12.607230548617206","-12.617847635776181","-12.617847635776181","-12.617847635776181","-12.61190259909328","-12.61190259909328","-12.61190259909328"
"812","-12.567414501045324","-12.567414501045324","-12.567414501045324","-12.610672214363195","-12.610672214363195","-12.610672214363195","-12.60983515389358","-12.60983515389358","-12.60983515389358","-12.619027874137782","-12.619027874137782","-12.619027874137782","-12.611108043525793","-12.611108043525793","-12.611108043525793"
"813","-12.56486458114431","-12.56486458114431","-12.56486458114431","-12.61079584194135","-12.61079584194135","-12.61079584194135","-12.610092585599876","-12.610092585599876","-12.610092585599876","-12.617643790909007","-12.617643790909007","-12.617643790909007","-12.606751924828638","-12.606751924828638","-12.606751924828638"
"814","-12.567993405499037","-12.567993405499037","-12.567993405499037","-12.611256321774253","-12.611256321774253","-12.611256321774253","-12.612249193312246","-12.612249193312246","-12.612249193312246","-12.616854353796077","-12.616854353796077","-12.616854353796077","-12.613225079789947","-12.613225079789947","-12.613225079789947"
"815","-12.566166455232644","-12.566166455232644","-12.566166455232644","-12.607301096372966","-12.607301096372966","-12.607301096372966","-12.60681667810754","-12.60681667810754","-12.60681667810754","-12.619972108285639","-12.619972108285639","-12.619972108285639","-12.612392980841141","-12.612392980841141","-12.612392980841141"
"816","-12.567114685155168","-12.567114685155168","-12.567114685155168","-12.608466534674923","-12.608466534674923","-12.608466534674923","-12.610217698012725","-12.610217698012725","-12.610217698012725","-12.618927822837346","-12.618927822837346","-12.618927822837346","-12.610944228836253","-12.610944228836253","-12.610944228836253"
"817","-12.568223808385149","-12.568223808385149","-12.568223808385149","-12.609207165392139","-12.609207165392139","-12.609207165392139","-12.612234272534334","-12.612234272534334","-12.612234272534334","-12.619239843344387","-12.619239843344387","-12.619239843344387","-12.608804340603985","-12.608804340603985","-12.608804340603985"
"818","-12.567329201517225","-12.567329201517225","-12.567329201517225","-12.606635576562036","-12.606635576562036","-12.606635576562036","-12.60642696332328","-12.60642696332328","-12.60642696332328","-12.619813098183162","-12.619813098183162","-12.619813098183162","-12.61048374900335","-12.61048374900335","-12.61048374900335"
"819","-12.567400099355963","-12.567400099355963","-12.567400099355963","-12.602098416678514","-12.602098416678514","-12.602098416678514","-12.609613140927085","-12.609613140927085","-12.609613140927085","-12.618499840362162","-12.618499840362162","-12.618499840362162","-12.604874200458768","-12.604874200458768","-12.604874200458768"
"820","-12.570009629937667","-12.570009629937667","-12.570009629937667","-12.604902267456055","-12.604902267456055","-12.604902267456055","-12.609705104103572","-12.609705104103572","-12.609705104103572","-12.617448649828948","-12.617448649828948","-12.617448649828948","-12.608031260816357","-12.608031260816357","-12.608031260816357"
"821","-12.569954280611835","-12.569954280611835","-12.569954280611835","-12.603546625451196","-12.603546625451196","-12.603546625451196","-12.609085940107514","-12.609085940107514","-12.609085940107514","-12.615097251119494","-12.615097251119494","-12.615097251119494","-12.602434810203842","-12.602434810203842","-12.602434810203842"
"822","-12.568100398099876","-12.568100398099876","-12.568100398099876","-12.600595124160186","-12.600595124160186","-12.600595124160186","-12.605563356906552","-12.605563356906552","-12.605563356906552","-12.611583106125458","-12.611583106125458","-12.611583106125458","-12.60136988193174","-12.60136988193174","-12.60136988193174"
"823","-12.567728730696667","-12.567728730696667","-12.567728730696667","-12.605752401714083","-12.605752401714083","-12.605752401714083","-12.609860492658012","-12.609860492658012","-12.609860492658012","-12.608354677127886","-12.608354677127886","-12.608354677127886","-12.600609972507138","-12.600609972507138","-12.600609972507138"
"824","-12.568736655802667","-12.568736655802667","-12.568736655802667","-12.605572048621841","-12.605572048621841","-12.605572048621841","-12.608756403379802","-12.608756403379802","-12.608756403379802","-12.616488613659822","-12.616488613659822","-12.616488613659822","-12.603786456434033","-12.603786456434033","-12.603786456434033"
"825","-12.56566833544381","-12.56566833544381","-12.56566833544381","-12.607677846015255","-12.607677846015255","-12.607677846015255","-12.609589612936672","-12.609589612936672","-12.609589612936672","-12.615785586683057","-12.615785586683057","-12.615785586683057","-12.606943734084503","-12.606943734084503","-12.606943734084503"
"826","-12.569148896615717","-12.569148896615717","-12.569148896615717","-12.60599941543386","-12.60599941543386","-12.60599941543386","-12.612589486037628","-12.612589486037628","-12.612589486037628","-12.615267379374444","-12.615267379374444","-12.615267379374444","-12.600394574901726","-12.600394574901726","-12.600394574901726"
"827","-12.569316067273103","-12.569316067273103","-12.569316067273103","-12.612141319468051","-12.612141319468051","-12.612141319468051","-12.610524165479443","-12.610524165479443","-12.610524165479443","-12.61344551134713","-12.61344551134713","-12.61344551134713","-12.59766430190847","-12.59766430190847","-12.59766430190847"
"828","-12.57147810730753","-12.57147810730753","-12.57147810730753","-12.611763000488281","-12.611763000488281","-12.611763000488281","-12.611121020739592","-12.611121020739592","-12.611121020739592","-12.613834912263894","-12.613834912263894","-12.613834912263894","-12.59984670711469","-12.59984670711469","-12.59984670711469"
"829","-12.56424813330928","-12.56424813330928","-12.56424813330928","-12.605931559695474","-12.605931559695474","-12.605931559695474","-12.605590941030767","-12.605590941030767","-12.605590941030767","-12.612248348284371","-12.612248348284371","-12.612248348284371","-12.604232739798631","-12.604232739798631","-12.604232739798631"
"830","-12.568899915188174","-12.568899915188174","-12.568899915188174","-12.60844702660283","-12.60844702660283","-12.60844702660283","-12.606963012791887","-12.606963012791887","-12.606963012791887","-12.613046187388745","-12.613046187388745","-12.613046187388745","-12.602291433117058","-12.602291433117058","-12.602291433117058"
"831","-12.569028347353392","-12.569028347353392","-12.569028347353392","-12.609647714639012","-12.609647714639012","-12.609647714639012","-12.610548538497731","-12.610548538497731","-12.610548538497731","-12.615060588981532","-12.615060588981532","-12.615060588981532","-12.60474182080619","-12.60474182080619","-12.60474182080619"
"832","-12.573676181744926","-12.573676181744926","-12.573676181744926","-12.615902272960808","-12.615902272960808","-12.615902272960808","-12.616127460817747","-12.616127460817747","-12.616127460817747","-12.615074845808971","-12.615074845808971","-12.615074845808971","-12.608257619640495","-12.608257619640495","-12.608257619640495"
"833","-12.569910846179045","-12.569910846179045","-12.569910846179045","-12.613853671882726","-12.613853671882726","-12.613853671882726","-12.615419943121415","-12.615419943121415","-12.615419943121415","-12.614946956875958","-12.614946956875958","-12.614946956875958","-12.605931282043457","-12.605931282043457","-12.605931282043457"
"834","-12.569018038013313","-12.569018038013313","-12.569018038013313","-12.613519330567952","-12.613519330567952","-12.613519330567952","-12.61145320119737","-12.61145320119737","-12.61145320119737","-12.600059497205518","-12.600059497205518","-12.600059497205518","-12.605115359342552","-12.605115359342552","-12.605115359342552"
"835","-12.568873779683173","-12.568873779683173","-12.568873779683173","-12.611897275417666","-12.611897275417666","-12.611897275417666","-12.61092178731025","-12.61092178731025","-12.61092178731025","-12.612488553493838","-12.612488553493838","-12.612488553493838","-12.605664313593998","-12.605664313593998","-12.605664313593998"
"836","-12.568030562581896","-12.568030562581896","-12.568030562581896","-12.613119101222557","-12.613119101222557","-12.613119101222557","-12.614582496353343","-12.614582496353343","-12.614582496353343","-12.618172742143463","-12.618172742143463","-12.618172742143463","-12.604678310925447","-12.604678310925447","-12.604678310925447"
"837","-12.567258605474159","-12.567258605474159","-12.567258605474159","-12.608104983462564","-12.608104983462564","-12.608104983462564","-12.614233415338058","-12.614233415338058","-12.614233415338058","-12.619381554519073","-12.619381554519073","-12.619381554519073","-12.606718775592272","-12.606718775592272","-12.606718775592272"
"838","-12.565315270725685","-12.565315270725685","-12.565315270725685","-12.611176961584937","-12.611176961584937","-12.611176961584937","-12.614368040350419","-12.614368040350419","-12.614368040350419","-12.616944469983064","-12.616944469983064","-12.616944469983064","-12.600519832176499","-12.600519832176499","-12.600519832176499"
"839","-12.568976317779928","-12.568976317779928","-12.568976317779928","-12.610392244556282","-12.610392244556282","-12.610392244556282","-12.614196632481828","-12.614196632481828","-12.614196632481828","-12.621940528290182","-12.621940528290182","-12.621940528290182","-12.601958842217167","-12.601958842217167","-12.601958842217167"
"840","-12.56568206111087","-12.56568206111087","-12.56568206111087","-12.6099055930029","-12.6099055930029","-12.6099055930029","-12.613170792784873","-12.613170792784873","-12.613170792784873","-12.617614565016348","-12.617614565016348","-12.617614565016348","-12.604509365709522","-12.604509365709522","-12.604509365709522"
"841","-12.568219812610481","-12.568219812610481","-12.568219812610481","-12.608179575280298","-12.608179575280298","-12.608179575280298","-12.613979436174224","-12.613979436174224","-12.613979436174224","-12.616747916499271","-12.616747916499271","-12.616747916499271","-12.605744096297252","-12.605744096297252","-12.605744096297252"
"842","-12.565205429173723","-12.565205429173723","-12.565205429173723","-12.609482946275156","-12.609482946275156","-12.609482946275156","-12.608456008041962","-12.608456008041962","-12.608456008041962","-12.620352431188655","-12.620352431188655","-12.620352431188655","-12.605201383180257","-12.605201383180257","-12.605201383180257"
"843","-12.569337434406522","-12.569337434406522","-12.569337434406522","-12.608089736745328","-12.608089736745328","-12.608089736745328","-12.61763497847545","-12.61763497847545","-12.61763497847545","-12.617014269285564","-12.617014269285564","-12.617014269285564","-12.598440616945677","-12.598440616945677","-12.598440616945677"
"844","-12.567401173748548","-12.567401173748548","-12.567401173748548","-12.610932664026189","-12.610932664026189","-12.610932664026189","-12.616221222696424","-12.616221222696424","-12.616221222696424","-12.615743238714677","-12.615743238714677","-12.615743238714677","-12.60100784784631","-12.60100784784631","-12.60100784784631"
"845","-12.565463404112224","-12.565463404112224","-12.565463404112224","-12.609209072740772","-12.609209072740772","-12.609209072740772","-12.612278129481062","-12.612278129481062","-12.612278129481062","-12.615882680385928","-12.615882680385928","-12.615882680385928","-12.60765796371653","-12.60765796371653","-12.60765796371653"
"846","-12.564575243599807","-12.564575243599807","-12.564575243599807","-12.608701838722713","-12.608701838722713","-12.608701838722713","-12.614213424392894","-12.614213424392894","-12.614213424392894","-12.611210654053506","-12.611210654053506","-12.611210654053506","-12.609437930433057","-12.609437930433057","-12.609437930433057"
"847","-12.563591957092285","-12.563591957092285","-12.563591957092285","-12.61360774462736","-12.61360774462736","-12.61360774462736","-12.612207183355018","-12.612207183355018","-12.612207183355018","-12.618660250796548","-12.618660250796548","-12.618660250796548","-12.610656581347502","-12.610656581347502","-12.610656581347502"
"848","-12.562796158126638","-12.562796158126638","-12.562796158126638","-12.610018693948094","-12.610018693948094","-12.610018693948094","-12.614636602281015","-12.614636602281015","-12.614636602281015","-12.613293623622459","-12.613293623622459","-12.613293623622459","-12.60830731935139","-12.60830731935139","-12.60830731935139"
"849","-12.566113725493226","-12.566113725493226","-12.566113725493226","-12.610970328125772","-12.610970328125772","-12.610970328125772","-12.607220613503758","-12.607220613503758","-12.607220613503758","-12.619839680345752","-12.619839680345752","-12.619839680345752","-12.60702272004719","-12.60702272004719","-12.60702272004719"
"850","-12.569831908503666","-12.569831908503666","-12.569831908503666","-12.612014565286756","-12.612014565286756","-12.612014565286756","-12.607417843009852","-12.607417843009852","-12.607417843009852","-12.617459007456333","-12.617459007456333","-12.617459007456333","-12.608375319951698","-12.608375319951698","-12.608375319951698"
"851","-12.56761285323131","-12.56761285323131","-12.56761285323131","-12.611720181718658","-12.611720181718658","-12.611720181718658","-12.609596059292178","-12.609596059292178","-12.609596059292178","-12.615089911448804","-12.615089911448804","-12.615089911448804","-12.611176526999172","-12.611176526999172","-12.611176526999172"
"852","-12.570324342462081","-12.570324342462081","-12.570324342462081","-12.608487950095647","-12.608487950095647","-12.608487950095647","-12.607171577743337","-12.607171577743337","-12.607171577743337","-12.61117977432058","-12.61117977432058","-12.61117977432058","-12.6149843312517","-12.6149843312517","-12.6149843312517"
"853","-12.568126038659978","-12.568126038659978","-12.568126038659978","-12.610220800472211","-12.610220800472211","-12.610220800472211","-12.606048620199855","-12.606048620199855","-12.606048620199855","-12.612475576280039","-12.612475576280039","-12.612475576280039","-12.61735060245176","-12.61735060245176","-12.61735060245176"
"854","-12.566055901442901","-12.566055901442901","-12.566055901442901","-12.61083852792088","-12.61083852792088","-12.61083852792088","-12.594392414334454","-12.594392414334454","-12.594392414334454","-12.611618186854109","-12.611618186854109","-12.611618186854109","-12.617552201959152","-12.617552201959152","-12.617552201959152"
"855","-12.566203117370605","-12.566203117370605","-12.566203117370605","-12.61248485951484","-12.61248485951484","-12.61248485951484","-12.60640683958802","-12.60640683958802","-12.60640683958802","-12.611505097980741","-12.611505097980741","-12.611505097980741","-12.612118552002725","-12.612118552002725","-12.612118552002725"
"856","-12.568093782738794","-12.568093782738794","-12.568093782738794","-12.614541162418414","-12.614541162418414","-12.614541162418414","-12.60742311839816","-12.60742311839816","-12.60742311839816","-12.610712727413901","-12.610712727413901","-12.610712727413901","-12.61684881282758","-12.61684881282758","-12.61684881282758"
"857","-12.569714763496496","-12.569714763496496","-12.569714763496496","-12.611709425720987","-12.611709425720987","-12.611709425720987","-12.600421507147294","-12.600421507147294","-12.600421507147294","-12.611105399795726","-12.611105399795726","-12.611105399795726","-12.607356542273413","-12.607356542273413","-12.607356542273413"
"858","-12.571068896523006","-12.571068896523006","-12.571068896523006","-12.613197254229195","-12.613197254229195","-12.613197254229195","-12.606041389175608","-12.606041389175608","-12.606041389175608","-12.613064910792097","-12.613064910792097","-12.613064910792097","-12.604818404475346","-12.604818404475346","-12.604818404475346"
"859","-12.569201879863497","-12.569201879863497","-12.569201879863497","-12.613641775107082","-12.613641775107082","-12.613641775107082","-12.607479179961771","-12.607479179961771","-12.607479179961771","-12.611934480787832","-12.611934480787832","-12.611934480787832","-12.60655907739567","-12.60655907739567","-12.60655907739567"
"860","-12.569597702992114","-12.569597702992114","-12.569597702992114","-12.614871532102175","-12.614871532102175","-12.614871532102175","-12.609972519210622","-12.609972519210622","-12.609972519210622","-12.616794682756256","-12.616794682756256","-12.616794682756256","-12.610978549039817","-12.610978549039817","-12.610978549039817"
"861","-12.569887269901324","-12.569887269901324","-12.569887269901324","-12.615419653397572","-12.615419653397572","-12.615419653397572","-12.612342605107948","-12.612342605107948","-12.612342605107948","-12.610353204268444","-12.610353204268444","-12.610353204268444","-12.607366066944751","-12.607366066944751","-12.607366066944751"
"862","-12.569684861581537","-12.569684861581537","-12.569684861581537","-12.614197791377201","-12.614197791377201","-12.614197791377201","-12.604581217222576","-12.604581217222576","-12.604581217222576","-12.6201178635223","-12.6201178635223","-12.6201178635223","-12.608761956420127","-12.608761956420127","-12.608761956420127"
"863","-12.56970831714099","-12.56970831714099","-12.56970831714099","-12.617831568174724","-12.617831568174724","-12.617831568174724","-12.612860800344732","-12.612860800344732","-12.612860800344732","-12.616285794897925","-12.616285794897925","-12.616285794897925","-12.60793595374385","-12.60793595374385","-12.60793595374385"
"864","-12.569998994658265","-12.569998994658265","-12.569998994658265","-12.616045662119419","-12.616045662119419","-12.616045662119419","-12.614847810962532","-12.614847810962532","-12.614847810962532","-12.619165130808383","-12.619165130808383","-12.619165130808383","-12.61275901070124","-12.61275901070124","-12.61275901070124"
"865","-12.568560165694997","-12.568560165694997","-12.568560165694997","-12.614995558050614","-12.614995558050614","-12.614995558050614","-12.615437954286985","-12.615437954286985","-12.615437954286985","-12.61577869366996","-12.61577869366996","-12.61577869366996","-12.617097878757912","-12.617097878757912","-12.617097878757912"
"866","-12.570108413696289","-12.570108413696289","-12.570108413696289","-12.612156010881256","-12.612156010881256","-12.612156010881256","-12.608848692495611","-12.608848692495611","-12.608848692495611","-12.620385532137714","-12.620385532137714","-12.620385532137714","-12.616051939469349","-12.616051939469349","-12.616051939469349"
"867","-12.56983986383752","-12.56983986383752","-12.56983986383752","-12.616586274738554","-12.616586274738554","-12.616586274738554","-12.61115791224226","-12.61115791224226","-12.61115791224226","-12.621703003026262","-12.621703003026262","-12.621703003026262","-12.617217498489573","-12.617217498489573","-12.617217498489573"
"868","-12.569284439086914","-12.569284439086914","-12.569284439086914","-12.61286806758446","-12.61286806758446","-12.61286806758446","-12.609823854663704","-12.609823854663704","-12.609823854663704","-12.614956059033357","-12.614956059033357","-12.614956059033357","-12.615555823603763","-12.615555823603763","-12.615555823603763"
"869","-12.56847730467591","-12.56847730467591","-12.56847730467591","-12.610502315472953","-12.610502315472953","-12.610502315472953","-12.609343915046017","-12.609343915046017","-12.609343915046017","-12.619952141484127","-12.619952141484127","-12.619952141484127","-12.612369742574572","-12.612369742574572","-12.612369742574572"
"870","-12.570706898653054","-12.570706898653054","-12.570706898653054","-12.617142170290403","-12.617142170290403","-12.617142170290403","-12.611640290368962","-12.611640290368962","-12.611640290368962","-12.618246597579763","-12.618246597579763","-12.618246597579763","-12.611192860180818","-12.611192860180818","-12.611192860180818"
"871","-12.568870508218113","-12.568870508218113","-12.568870508218113","-12.612567201445374","-12.612567201445374","-12.612567201445374","-12.616446410553365","-12.616446410553365","-12.616446410553365","-12.62057700338243","-12.62057700338243","-12.62057700338243","-12.614026057569287","-12.614026057569287","-12.614026057569287"
"872","-12.571426439888869","-12.571426439888869","-12.571426439888869","-12.616281907769698","-12.616281907769698","-12.616281907769698","-12.614746745628647","-12.614746745628647","-12.614746745628647","-12.623569609243658","-12.623569609243658","-12.623569609243658","-12.610293666018716","-12.610293666018716","-12.610293666018716"
"873","-12.570617023902603","-12.570617023902603","-12.570617023902603","-12.61439277552351","-12.61439277552351","-12.61439277552351","-12.614378880850877","-12.614378880850877","-12.614378880850877","-12.620560247686845","-12.620560247686845","-12.620560247686845","-12.603289471396916","-12.603289471396916","-12.603289471396916"
"874","-12.570875735222538","-12.570875735222538","-12.570875735222538","-12.616812380054329","-12.616812380054329","-12.616812380054329","-12.615429443649099","-12.615429443649099","-12.615429443649099","-12.624026564103138","-12.624026564103138","-12.624026564103138","-12.605568463289284","-12.605568463289284","-12.605568463289284"
"875","-12.571759827529327","-12.571759827529327","-12.571759827529327","-12.612287255782116","-12.612287255782116","-12.612287255782116","-12.618421264841587","-12.618421264841587","-12.618421264841587","-12.624310252032702","-12.624310252032702","-12.624310252032702","-12.612099611306492","-12.612099611306492","-12.612099611306492"
"876","-12.57154655456543","-12.57154655456543","-12.57154655456543","-12.615887315967415","-12.615887315967415","-12.615887315967415","-12.616666455812092","-12.616666455812092","-12.616666455812092","-12.62064044083221","-12.62064044083221","-12.62064044083221","-12.60892097859443","-12.60892097859443","-12.60892097859443"
"877","-12.57204916507383","-12.57204916507383","-12.57204916507383","-12.619936025595363","-12.619936025595363","-12.619936025595363","-12.618653575076333","-12.618653575076333","-12.618653575076333","-12.617713674714294","-12.617713674714294","-12.617713674714294","-12.608900021903123","-12.608900021903123","-12.608900021903123"
"878","-12.57403804682478","-12.57403804682478","-12.57403804682478","-12.61854791037644","-12.61854791037644","-12.61854791037644","-12.614614124539532","-12.614614124539532","-12.614614124539532","-12.626763500744783","-12.626763500744783","-12.626763500744783","-12.607782448394389","-12.607782448394389","-12.607782448394389"
"879","-12.57126036776772","-12.57126036776772","-12.57126036776772","-12.612402638302573","-12.612402638302573","-12.612402638302573","-12.61714308774924","-12.61714308774924","-12.61714308774924","-12.62517058698437","-12.62517058698437","-12.62517058698437","-12.607396282727205","-12.607396282727205","-12.607396282727205"
"880","-12.57120196426971","-12.57120196426971","-12.57120196426971","-12.617625369301326","-12.617625369301326","-12.617625369301326","-12.606304808507991","-12.606304808507991","-12.606304808507991","-12.621271121351025","-12.621271121351025","-12.621271121351025","-12.60661378691468","-12.60661378691468","-12.60661378691468"
"881","-12.572112011004098","-12.572112011004098","-12.572112011004098","-12.616691251344319","-12.616691251344319","-12.616691251344319","-12.610938192922857","-12.610938192922857","-12.610938192922857","-12.617071586319163","-12.617071586319163","-12.617071586319163","-12.612110765674446","-12.612110765674446","-12.612110765674446"
"882","-12.571780868723422","-12.571780868723422","-12.571780868723422","-12.617598159403741","-12.617598159403741","-12.617598159403741","-12.617630946485303","-12.617630946485303","-12.617630946485303","-12.621683253517634","-12.621683253517634","-12.621683253517634","-12.616765155067927","-12.616765155067927","-12.616765155067927"
"883","-12.571587816069398","-12.571587816069398","-12.571587816069398","-12.618725317942944","-12.618725317942944","-12.618725317942944","-12.612347494197797","-12.612347494197797","-12.612347494197797","-12.613742743866354","-12.613742743866354","-12.613742743866354","-12.62050167518326","-12.62050167518326","-12.62050167518326"
"884","-12.57320412503013","-12.57320412503013","-12.57320412503013","-12.61600902412511","-12.61600902412511","-12.61600902412511","-12.611698150634766","-12.611698150634766","-12.611698150634766","-12.616802324222613","-12.616802324222613","-12.616802324222613","-12.61509884460063","-12.61509884460063","-12.61509884460063"
"885","-12.571891507015952","-12.571891507015952","-12.571891507015952","-12.61618051649649","-12.61618051649649","-12.61618051649649","-12.612161189694948","-12.612161189694948","-12.612161189694948","-12.612889941734604","-12.612889941734604","-12.612889941734604","-12.614335567136354","-12.614335567136354","-12.614335567136354"
"886","-12.57306066344056","-12.57306066344056","-12.57306066344056","-12.612637459477291","-12.612637459477291","-12.612637459477291","-12.612929090668883","-12.612929090668883","-12.612929090668883","-12.61995002891444","-12.61995002891444","-12.61995002891444","-12.617385224450993","-12.617385224450993","-12.617385224450993"
"887","-12.573230683049069","-12.573230683049069","-12.573230683049069","-12.618171691894531","-12.618171691894531","-12.618171691894531","-12.614186443860017","-12.614186443860017","-12.614186443860017","-12.623111338555058","-12.623111338555058","-12.623111338555058","-12.616689162918284","-12.616689162918284","-12.616689162918284"
"888","-12.572176281409927","-12.572176281409927","-12.572176281409927","-12.613468834116489","-12.613468834116489","-12.613468834116489","-12.611060130445264","-12.611060130445264","-12.611060130445264","-12.620650363873832","-12.620650363873832","-12.620650363873832","-12.616072690939601","-12.616072690939601","-12.616072690939601"
"889","-12.573219770117651","-12.573219770117651","-12.573219770117651","-12.614565776873238","-12.614565776873238","-12.614565776873238","-12.611371450786349","-12.611371450786349","-12.611371450786349","-12.62428878832467","-12.62428878832467","-12.62428878832467","-12.622855584832687","-12.622855584832687","-12.622855584832687"
"890","-12.571288289903086","-12.571288289903086","-12.571288289903086","-12.612546703483485","-12.612546703483485","-12.612546703483485","-12.608079632626303","-12.608079632626303","-12.608079632626303","-12.620066220247292","-12.620066220247292","-12.620066220247292","-12.619469727141947","-12.619469727141947","-12.619469727141947"
"891","-12.573253076287765","-12.573253076287765","-12.573253076287765","-12.611654160897944","-12.611654160897944","-12.611654160897944","-12.60838993893394","-12.60838993893394","-12.60838993893394","-12.619182731531843","-12.619182731531843","-12.619182731531843","-12.61428707460814","-12.61428707460814","-12.61428707460814"
"892","-12.573336371892616","-12.573336371892616","-12.573336371892616","-12.610061717938773","-12.610061717938773","-12.610061717938773","-12.614169048357613","-12.614169048357613","-12.614169048357613","-12.618086694162104","-12.618086694162104","-12.618086694162104","-12.611666510376748","-12.611666510376748","-12.611666510376748"
"893","-12.572281475308575","-12.572281475308575","-12.572281475308575","-12.61155722412882","-12.61155722412882","-12.61155722412882","-12.608731583703923","-12.608731583703923","-12.608731583703923","-12.621506799625445","-12.621506799625445","-12.621506799625445","-12.612141923059392","-12.612141923059392","-12.612141923059392"
"894","-12.575283255758166","-12.575283255758166","-12.575283255758166","-12.616571704043618","-12.616571704043618","-12.616571704043618","-12.606941090354436","-12.606941090354436","-12.606941090354436","-12.62314725223976","-12.62314725223976","-12.62314725223976","-12.610260746147059","-12.610260746147059","-12.610260746147059"
"895","-12.574215019805521","-12.574215019805521","-12.574215019805521","-12.617156415046017","-12.617156415046017","-12.617156415046017","-12.606036958815176","-12.606036958815176","-12.606036958815176","-12.622038901606693","-12.622038901606693","-12.622038901606693","-12.616924213457711","-12.616924213457711","-12.616924213457711"
"896","-12.575873145574256","-12.575873145574256","-12.575873145574256","-12.617652337762374","-12.617652337762374","-12.617652337762374","-12.608812163147745","-12.608812163147745","-12.608812163147745","-12.613070415545113","-12.613070415545113","-12.613070415545113","-12.60941350912746","-12.60941350912746","-12.60941350912746"
"897","-12.572790061371236","-12.572790061371236","-12.572790061371236","-12.611385973193977","-12.611385973193977","-12.611385973193977","-12.609935470774204","-12.609935470774204","-12.609935470774204","-12.61271922196014","-12.61271922196014","-12.61271922196014","-12.60746230354792","-12.60746230354792","-12.60746230354792"
"898","-12.576053933252263","-12.576053933252263","-12.576053933252263","-12.615027077590362","-12.615027077590362","-12.615027077590362","-12.610351043411448","-12.610351043411448","-12.610351043411448","-12.615316547924959","-12.615316547924959","-12.615316547924959","-12.613167931761923","-12.613167931761923","-12.613167931761923"
"899","-12.574701562712464","-12.574701562712464","-12.574701562712464","-12.614111948616896","-12.614111948616896","-12.614111948616896","-12.61231386208836","-12.61231386208836","-12.61231386208836","-12.61990572531012","-12.61990572531012","-12.61990572531012","-12.609312467937228","-12.609312467937228","-12.609312467937228"
"900","-12.574221429945547","-12.574221429945547","-12.574221429945547","-12.614325897603095","-12.614325897603095","-12.614325897603095","-12.609567533565473","-12.609567533565473","-12.609567533565473","-12.618145121803767","-12.618145121803767","-12.618145121803767","-12.612940414042413","-12.612940414042413","-12.612940414042413"
"901","-12.57496155364604","-12.57496155364604","-12.57496155364604","-12.61260278919075","-12.61260278919075","-12.61260278919075","-12.61150611201419","-12.61150611201419","-12.61150611201419","-12.621745435497429","-12.621745435497429","-12.621745435497429","-12.610982061941412","-12.610982061941412","-12.610982061941412"
"902","-12.57315828830381","-12.57315828830381","-12.57315828830381","-12.605638250519958","-12.605638250519958","-12.605638250519958","-12.609465755993806","-12.609465755993806","-12.609465755993806","-12.618272757228416","-12.618272757228416","-12.618272757228416","-12.61786009390143","-12.61786009390143","-12.61786009390143"
"903","-12.57426883600935","-12.57426883600935","-12.57426883600935","-12.610231315033346","-12.610231315033346","-12.610231315033346","-12.610111852235432","-12.610111852235432","-12.610111852235432","-12.618856743921208","-12.618856743921208","-12.618856743921208","-12.613474580306042","-12.613474580306042","-12.613474580306042"
"904","-12.575165470944174","-12.575165470944174","-12.575165470944174","-12.611451499069794","-12.611451499069794","-12.611451499069794","-12.600329519827154","-12.600329519827154","-12.600329519827154","-12.616926277740092","-12.616926277740092","-12.616926277740092","-12.607392854328397","-12.607392854328397","-12.607392854328397"
"905","-12.575125911567785","-12.575125911567785","-12.575125911567785","-12.612345514418204","-12.612345514418204","-12.612345514418204","-12.60384554802617","-12.60384554802617","-12.60384554802617","-12.62000429177586","-12.62000429177586","-12.62000429177586","-12.604906251158896","-12.604906251158896","-12.604906251158896"
"906","-12.573378152485136","-12.573378152485136","-12.573378152485136","-12.610498766355876","-12.610498766355876","-12.610498766355876","-12.607407038724876","-12.607407038724876","-12.607407038724876","-12.613060106205035","-12.613060106205035","-12.613060106205035","-12.600608487672444","-12.600608487672444","-12.600608487672444"
"907","-12.572459088096135","-12.572459088096135","-12.572459088096135","-12.610046266000483","-12.610046266000483","-12.610046266000483","-12.607689990273006","-12.607689990273006","-12.607689990273006","-12.612935790532752","-12.612935790532752","-12.612935790532752","-12.614040314396725","-12.614040314396725","-12.614040314396725"
"908","-12.572866331172895","-12.572866331172895","-12.572866331172895","-12.609884322444096","-12.609884322444096","-12.609884322444096","-12.613472383233566","-12.613472383233566","-12.613472383233566","-12.616584403605401","-12.616584403605401","-12.616584403605401","-12.615460407884814","-12.615460407884814","-12.615460407884814"
"909","-12.573794449431986","-12.573794449431986","-12.573794449431986","-12.615621277048618","-12.615621277048618","-12.615621277048618","-12.610662158531479","-12.610662158531479","-12.610662158531479","-12.616278901884828","-12.616278901884828","-12.616278901884828","-12.614210442651677","-12.614210442651677","-12.614210442651677"
"910","-12.574384616900094","-12.574384616900094","-12.574384616900094","-12.611674767506274","-12.611674767506274","-12.611674767506274","-12.614276077173933","-12.614276077173933","-12.614276077173933","-12.615404008310053","-12.615404008310053","-12.615404008310053","-12.608659092384048","-12.608659092384048","-12.608659092384048"
"911","-12.57498080820977","-12.57498080820977","-12.57498080820977","-12.608282487603683","-12.608282487603683","-12.608282487603683","-12.609597387193125","-12.609597387193125","-12.609597387193125","-12.603959409496452","-12.603959409496452","-12.603959409496452","-12.602088131482088","-12.602088131482088","-12.602088131482088"
"912","-12.572319260126427","-12.572319260126427","-12.572319260126427","-12.612522535686251","-12.612522535686251","-12.612522535686251","-12.608535283728491","-12.608535283728491","-12.608535283728491","-12.610782562931881","-12.610782562931881","-12.610782562931881","-12.603554278989382","-12.603554278989382","-12.603554278989382"
"913","-12.572453631630427","-12.572453631630427","-12.572453631630427","-12.612826081770885","-12.612826081770885","-12.612826081770885","-12.611491831043098","-12.611491831043098","-12.611491831043098","-12.61564161807676","-12.61564161807676","-12.61564161807676","-12.606765240053587","-12.606765240053587","-12.606765240053587"
"914","-12.571626083760322","-12.571626083760322","-12.571626083760322","-12.612448957901966","-12.612448957901966","-12.612448957901966","-12.606848801238627","-12.606848801238627","-12.606848801238627","-12.619950487643857","-12.619950487643857","-12.619950487643857","-12.610987264898759","-12.610987264898759","-12.610987264898759"
"915","-12.57226686839816","-12.57226686839816","-12.57226686839816","-12.613676433321796","-12.613676433321796","-12.613676433321796","-12.609759729119796","-12.609759729119796","-12.609759729119796","-12.61627581149717","-12.61627581149717","-12.61627581149717","-12.61360436451586","-12.61360436451586","-12.61360436451586"
"916","-12.573710369158395","-12.573710369158395","-12.573710369158395","-12.612396010869666","-12.612396010869666","-12.612396010869666","-12.609519318689275","-12.609519318689275","-12.609519318689275","-12.620806826820857","-12.620806826820857","-12.620806826820857","-12.60830742799783","-12.60830742799783","-12.60830742799783"
"917","-12.57477987265285","-12.57477987265285","-12.57477987265285","-12.615081581888319","-12.615081581888319","-12.615081581888319","-12.609498180920564","-12.609498180920564","-12.609498180920564","-12.620155467262752","-12.620155467262752","-12.620155467262752","-12.609056617640242","-12.609056617640242","-12.609056617640242"
"918","-12.575388135789316","-12.575388135789316","-12.575388135789316","-12.612756801556937","-12.612756801556937","-12.612756801556937","-12.61179215394998","-12.61179215394998","-12.61179215394998","-12.618269763415373","-12.618269763415373","-12.618269763415373","-12.61020632635189","-12.61020632635189","-12.61020632635189"
"919","-12.57532253748254","-12.57532253748254","-12.57532253748254","-12.611159372933303","-12.611159372933303","-12.611159372933303","-12.613380576990828","-12.613380576990828","-12.613380576990828","-12.625090949143036","-12.625090949143036","-12.625090949143036","-12.612564557715308","-12.612564557715308","-12.612564557715308"
"920","-12.572409967832927","-12.572409967832927","-12.572409967832927","-12.616454812544811","-12.616454812544811","-12.616454812544811","-12.611691148975227","-12.611691148975227","-12.611691148975227","-12.624281255504753","-12.624281255504753","-12.624281255504753","-12.608474755588967","-12.608474755588967","-12.608474755588967"
"921","-12.572162905825845","-12.572162905825845","-12.572162905825845","-12.616830270501632","-12.616830270501632","-12.616830270501632","-12.607976587512825","-12.607976587512825","-12.607976587512825","-12.626805957359604","-12.626805957359604","-12.626805957359604","-12.606777251521244","-12.606777251521244","-12.606777251521244"
"922","-12.571810794782035","-12.571810794782035","-12.571810794782035","-12.618669799611538","-12.618669799611538","-12.618669799611538","-12.614581349529798","-12.614581349529798","-12.614581349529798","-12.625904807561561","-12.625904807561561","-12.625904807561561","-12.606033699421943","-12.606033699421943","-12.606033699421943"
"923","-12.573964481112323","-12.573964481112323","-12.573964481112323","-12.618811655648146","-12.618811655648146","-12.618811655648146","-12.617126561418365","-12.617126561418365","-12.617126561418365","-12.617954797382597","-12.617954797382597","-12.617954797382597","-12.61091396476649","-12.61091396476649","-12.61091396476649"
"924","-12.573782993268363","-12.573782993268363","-12.573782993268363","-12.616713535936572","-12.616713535936572","-12.616713535936572","-12.619091613383233","-12.619091613383233","-12.619091613383233","-12.620522837095622","-12.620522837095622","-12.620522837095622","-12.609893146949478","-12.609893146949478","-12.609893146949478"
"925","-12.57244617124147","-12.57244617124147","-12.57244617124147","-12.618232051028482","-12.618232051028482","-12.618232051028482","-12.618971981579744","-12.618971981579744","-12.618971981579744","-12.619297763969325","-12.619297763969325","-12.619297763969325","-12.602333418930634","-12.602333418930634","-12.602333418930634"
"926","-12.573007281822495","-12.573007281822495","-12.573007281822495","-12.618045529232749","-12.618045529232749","-12.618045529232749","-12.61906074572213","-12.61906074572213","-12.61906074572213","-12.622620775729795","-12.622620775729795","-12.622620775729795","-12.604576400563687","-12.604576400563687","-12.604576400563687"
"927","-12.571556525894358","-12.571556525894358","-12.571556525894358","-12.611051523232762","-12.611051523232762","-12.611051523232762","-12.611056967626643","-12.611056967626643","-12.611056967626643","-12.620656146278865","-12.620656146278865","-12.620656146278865","-12.607209121124654","-12.607209121124654","-12.607209121124654"
"928","-12.574748932560787","-12.574748932560787","-12.574748932560787","-12.614066099818748","-12.614066099818748","-12.614066099818748","-12.615027741540837","-12.615027741540837","-12.615027741540837","-12.620078581797925","-12.620078581797925","-12.620078581797925","-12.611547651170175","-12.611547651170175","-12.611547651170175"
"929","-12.574014156679564","-12.574014156679564","-12.574014156679564","-12.61467200894899","-12.61467200894899","-12.61467200894899","-12.613207720503022","-12.613207720503022","-12.613207720503022","-12.617377462266367","-12.617377462266367","-12.617377462266367","-12.615207273748856","-12.615207273748856","-12.615207273748856"
"930","-12.575662105898314","-12.575662105898314","-12.575662105898314","-12.614754097371161","-12.614754097371161","-12.614754097371161","-12.616082046605364","-12.616082046605364","-12.616082046605364","-12.617513161671313","-12.617513161671313","-12.617513161671313","-12.618426624732681","-12.618426624732681","-12.618426624732681"
"931","-12.57402312604687","-12.57402312604687","-12.57402312604687","-12.615728849097144","-12.615728849097144","-12.615728849097144","-12.614684708510772","-12.614684708510772","-12.614684708510772","-12.617793167693705","-12.617793167693705","-12.617793167693705","-12.61848175676563","-12.61848175676563","-12.61848175676563"
"932","-12.575834938242465","-12.575834938242465","-12.575834938242465","-12.614783081827284","-12.614783081827284","-12.614783081827284","-12.60761475864845","-12.60761475864845","-12.60761475864845","-12.619593390935584","-12.619593390935584","-12.619593390935584","-12.614336931252781","-12.614336931252781","-12.614336931252781"
"933","-12.571915179868288","-12.571915179868288","-12.571915179868288","-12.610842861706697","-12.610842861706697","-12.610842861706697","-12.608135501040689","-12.608135501040689","-12.608135501040689","-12.621790680704237","-12.621790680704237","-12.621790680704237","-12.617208058321022","-12.617208058321022","-12.617208058321022"
"934","-12.571304864521268","-12.571304864521268","-12.571304864521268","-12.611199922199491","-12.611199922199491","-12.611199922199491","-12.601855314230617","-12.601855314230617","-12.601855314230617","-12.622246899182283","-12.622246899182283","-12.622246899182283","-12.615209977838058","-12.615209977838058","-12.615209977838058"
"935","-12.570323787158049","-12.570323787158049","-12.570323787158049","-12.615275588216662","-12.615275588216662","-12.615275588216662","-12.604469118239004","-12.604469118239004","-12.604469118239004","-12.619768142700195","-12.619768142700195","-12.619768142700195","-12.619378307197668","-12.619378307197668","-12.619378307197668"
"936","-12.570735991755619","-12.570735991755619","-12.570735991755619","-12.615164527410194","-12.615164527410194","-12.615164527410194","-12.613922867593885","-12.613922867593885","-12.613922867593885","-12.612729603731179","-12.612729603731179","-12.612729603731179","-12.618272141565251","-12.618272141565251","-12.618272141565251"
"937","-12.574251259429545","-12.574251259429545","-12.574251259429545","-12.615781120107144","-12.615781120107144","-12.615781120107144","-12.612894299664076","-12.612894299664076","-12.612894299664076","-12.611665025542054","-12.611665025542054","-12.611665025542054","-12.620557869536967","-12.620557869536967","-12.620557869536967"
"938","-12.57076152366928","-12.57076152366928","-12.57076152366928","-12.616564907605134","-12.616564907605134","-12.616564907605134","-12.612219894988627","-12.612219894988627","-12.612219894988627","-12.620708453504346","-12.620708453504346","-12.620708453504346","-12.616932808598385","-12.616932808598385","-12.616932808598385"
"939","-12.567036435573916","-12.567036435573916","-12.567036435573916","-12.615289941618714","-12.615289941618714","-12.615289941618714","-12.612834990779056","-12.612834990779056","-12.612834990779056","-12.623211075987998","-12.623211075987998","-12.623211075987998","-12.617993294438229","-12.617993294438229","-12.617993294438229"
"940","-12.570775032043457","-12.570775032043457","-12.570775032043457","-12.619309051127374","-12.619309051127374","-12.619309051127374","-12.617673113376279","-12.617673113376279","-12.617673113376279","-12.62304657320433","-12.62304657320433","-12.62304657320433","-12.61680496795268","-12.61680496795268","-12.61680496795268"
"941","-12.573019655444954","-12.573019655444954","-12.573019655444954","-12.615514912182771","-12.615514912182771","-12.615514912182771","-12.610104210769073","-12.610104210769073","-12.610104210769073","-12.616410424437705","-12.616410424437705","-12.616410424437705","-12.610442294350154","-12.610442294350154","-12.610442294350154"
"942","-12.571522760994826","-12.571522760994826","-12.571522760994826","-12.613869316970245","-12.613869316970245","-12.613869316970245","-12.610236916360975","-12.610236916360975","-12.610236916360975","-12.61605411239817","-12.61605411239817","-12.61605411239817","-12.614815772334232","-12.614815772334232","-12.614815772334232"
"943","-12.573197751105587","-12.573197751105587","-12.573197751105587","-12.616580299184292","-12.616580299184292","-12.616580299184292","-12.613198835638505","-12.613198835638505","-12.613198835638505","-12.614891209179842","-12.614891209179842","-12.614891209179842","-12.616171366051782","-12.616171366051782","-12.616171366051782"
"944","-12.576221924793872","-12.576221924793872","-12.576221924793872","-12.614567515216295","-12.614567515216295","-12.614567515216295","-12.612308043467847","-12.612308043467847","-12.612308043467847","-12.620404509049427","-12.620404509049427","-12.620404509049427","-12.615230343009852","-12.615230343009852","-12.615230343009852"
"945","-12.575377029708669","-12.575377029708669","-12.575377029708669","-12.61392849306517","-12.61392849306517","-12.61392849306517","-12.608406960209713","-12.608406960209713","-12.608406960209713","-12.615426160112213","-12.615426160112213","-12.615426160112213","-12.61311706108383","-12.61311706108383","-12.61311706108383"
"946","-12.575273067136354","-12.575273067136354","-12.575273067136354","-12.614335217053377","-12.614335217053377","-12.614335217053377","-12.609702098218701","-12.609702098218701","-12.609702098218701","-12.61495273928099","-12.61495273928099","-12.61495273928099","-12.613173146791096","-12.613173146791096","-12.613173146791096"
"947","-12.574831841867182","-12.574831841867182","-12.574831841867182","-12.617703003219411","-12.617703003219411","-12.617703003219411","-12.612701947176003","-12.612701947176003","-12.612701947176003","-12.615940033635006","-12.615940033635006","-12.615940033635006","-12.61591922180562","-12.61591922180562","-12.61591922180562"
"948","-12.57692904411992","-12.57692904411992","-12.57692904411992","-12.61814861056171","-12.61814861056171","-12.61814861056171","-12.610884280144413","-12.610884280144413","-12.610884280144413","-12.61894830872741","-12.61894830872741","-12.61894830872741","-12.616050466706481","-12.616050466706481","-12.616050466706481"
"949","-12.576317087004456","-12.576317087004456","-12.576317087004456","-12.617833246158648","-12.617833246158648","-12.617833246158648","-12.612654589399506","-12.612654589399506","-12.612654589399506","-12.61943275113649","-12.61943275113649","-12.61943275113649","-12.61606577378285","-12.61606577378285","-12.61606577378285"
"950","-12.572746566579312","-12.572746566579312","-12.572746566579312","-12.615343878540811","-12.615343878540811","-12.615343878540811","-12.611572784713552","-12.611572784713552","-12.611572784713552","-12.616026009185404","-12.616026009185404","-12.616026009185404","-12.615209350103065","-12.615209350103065","-12.615209350103065"
"951","-12.57289725919313","-12.57289725919313","-12.57289725919313","-12.616545435748522","-12.616545435748522","-12.616545435748522","-12.615052754365944","-12.615052754365944","-12.615052754365944","-12.611736019955405","-12.611736019955405","-12.611736019955405","-12.611344458181646","-12.611344458181646","-12.611344458181646"
"952","-12.574503451963015","-12.574503451963015","-12.574503451963015","-12.619012844713428","-12.619012844713428","-12.619012844713428","-12.613524883608275","-12.613524883608275","-12.613524883608275","-12.604021289680578","-12.604021289680578","-12.604021289680578","-12.609058005900323","-12.609058005900323","-12.609058005900323"
"953","-12.570934331869777","-12.570934331869777","-12.570934331869777","-12.613904107975054","-12.613904107975054","-12.613904107975054","-12.612431658974177","-12.612431658974177","-12.612431658974177","-12.611289833165422","-12.611289833165422","-12.611289833165422","-12.605402620532844","-12.605402620532844","-12.605402620532844"
"954","-12.573550574387177","-12.573550574387177","-12.573550574387177","-12.612406609933588","-12.612406609933588","-12.612406609933588","-12.611764835405953","-12.611764835405953","-12.611764835405953","-12.612668351282048","-12.612668351282048","-12.612668351282048","-12.61213297783574","-12.61213297783574","-12.61213297783574"
"955","-12.575935001614727","-12.575935001614727","-12.575935001614727","-12.618773556962799","-12.618773556962799","-12.618773556962799","-12.610046145282213","-12.610046145282213","-12.610046145282213","-12.616932144647912","-12.616932144647912","-12.616932144647912","-12.611127817178074","-12.611127817178074","-12.611127817178074"
"956","-12.571720509589474","-12.571720509589474","-12.571720509589474","-12.610539424268506","-12.610539424268506","-12.610539424268506","-12.61012660400777","-12.61012660400777","-12.61012660400777","-12.612380365782146","-12.612380365782146","-12.612380365782146","-12.612730859201166","-12.612730859201166","-12.612730859201166"
"957","-12.569268383557283","-12.569268383557283","-12.569268383557283","-12.61019729662545","-12.61019729662545","-12.61019729662545","-12.606161866006971","-12.606161866006971","-12.606161866006971","-12.617310499843162","-12.617310499843162","-12.617310499843162","-12.615697003618072","-12.615697003618072","-12.615697003618072"
"958","-12.571390743497052","-12.571390743497052","-12.571390743497052","-12.61014420473123","-12.61014420473123","-12.61014420473123","-12.608489567720436","-12.608489567720436","-12.608489567720436","-12.618568939498708","-12.618568939498708","-12.618568939498708","-12.615969742400736","-12.615969742400736","-12.615969742400736"
"959","-12.569268516347378","-12.569268516347378","-12.569268516347378","-12.612135247339177","-12.612135247339177","-12.612135247339177","-12.610378603392009","-12.610378603392009","-12.610378603392009","-12.617872129512739","-12.617872129512739","-12.617872129512739","-12.613352570352674","-12.613352570352674","-12.613352570352674"
"960","-12.571717165693451","-12.571717165693451","-12.571717165693451","-12.605991375597217","-12.605991375597217","-12.605991375597217","-12.608123332639284","-12.608123332639284","-12.608123332639284","-12.619846416425101","-12.619846416425101","-12.619846416425101","-12.616303286974944","-12.616303286974944","-12.616303286974944"
"961","-12.575951829741273","-12.575951829741273","-12.575951829741273","-12.614106612869456","-12.614106612869456","-12.614106612869456","-12.611056038095981","-12.611056038095981","-12.611056038095981","-12.616465339177772","-12.616465339177772","-12.616465339177772","-12.610758008836191","-12.610758008836191","-12.610758008836191"
"962","-12.573291428481475","-12.573291428481475","-12.573291428481475","-12.614441883714893","-12.614441883714893","-12.614441883714893","-12.607342575169817","-12.607342575169817","-12.607342575169817","-12.619688939444627","-12.619688939444627","-12.619688939444627","-12.615164116968083","-12.615164116968083","-12.615164116968083"
"963","-12.573181707647782","-12.573181707647782","-12.573181707647782","-12.615702544586568","-12.615702544586568","-12.615702544586568","-12.607741995702815","-12.607741995702815","-12.607741995702815","-12.619631562051893","-12.619631562051893","-12.619631562051893","-12.613908176180683","-12.613908176180683","-12.613908176180683"
"964","-12.570588184308402","-12.570588184308402","-12.570588184308402","-12.617785490011867","-12.617785490011867","-12.617785490011867","-12.602324377132367","-12.602324377132367","-12.602324377132367","-12.619512509696092","-12.619512509696092","-12.619512509696092","-12.617581886581227","-12.617581886581227","-12.617581886581227"
"965","-12.572212653824046","-12.572212653824046","-12.572212653824046","-12.621070270296894","-12.621070270296894","-12.621070270296894","-12.609171408641187","-12.609171408641187","-12.609171408641187","-12.620260238647461","-12.620260238647461","-12.620260238647461","-12.612433119665218","-12.612433119665218","-12.612433119665218"
"966","-12.570449249653876","-12.570449249653876","-12.570449249653876","-12.61966218827646","-12.61966218827646","-12.61966218827646","-12.608630264861674","-12.608630264861674","-12.608630264861674","-12.62197035777418","-12.62197035777418","-12.62197035777418","-12.605171155325975","-12.605171155325975","-12.605171155325975"
"967","-12.573205887516842","-12.573205887516842","-12.573205887516842","-12.620147548144377","-12.620147548144377","-12.620147548144377","-12.602470385877393","-12.602470385877393","-12.602470385877393","-12.617461880551108","-12.617461880551108","-12.617461880551108","-12.612017088298556","-12.612017088298556","-12.612017088298556"
"968","-12.576313465456419","-12.576313465456419","-12.576313465456419","-12.61850417414798","-12.61850417414798","-12.61850417414798","-12.612293436557431","-12.612293436557431","-12.612293436557431","-12.623716704453095","-12.623716704453095","-12.623716704453095","-12.619136146352261","-12.619136146352261","-12.619136146352261"
"969","-12.574373957477038","-12.574373957477038","-12.574373957477038","-12.616898029665403","-12.616898029665403","-12.616898029665403","-12.609679041029532","-12.609679041029532","-12.609679041029532","-12.62540472006496","-12.62540472006496","-12.62540472006496","-12.614258512665954","-12.614258512665954","-12.614258512665954"
"970","-12.576387151887145","-12.576387151887145","-12.576387151887145","-12.613933466657807","-12.613933466657807","-12.613933466657807","-12.607174004180521","-12.607174004180521","-12.607174004180521","-12.626347131366972","-12.626347131366972","-12.626347131366972","-12.621850436246849","-12.621850436246849","-12.621850436246849"
"971","-12.57507061052926","-12.57507061052926","-12.57507061052926","-12.614542538606667","-12.614542538606667","-12.614542538606667","-12.607364135452464","-12.607364135452464","-12.607364135452464","-12.624326814579058","-12.624326814579058","-12.624326814579058","-12.621315207662462","-12.621315207662462","-12.621315207662462"
"972","-12.574243436885785","-12.574243436885785","-12.574243436885785","-12.613899363747127","-12.613899363747127","-12.613899363747127","-12.608877278581451","-12.608877278581451","-12.608877278581451","-12.620507602450214","-12.620507602450214","-12.620507602450214","-12.618588230277918","-12.618588230277918","-12.618588230277918"
"973","-12.577080002313927","-12.577080002313927","-12.577080002313927","-12.619246217268932","-12.619246217268932","-12.619246217268932","-12.612398195870314","-12.612398195870314","-12.612398195870314","-12.622426310672036","-12.622426310672036","-12.622426310672036","-12.618809905233263","-12.618809905233263","-12.618809905233263"
"974","-12.576164233533643","-12.576164233533643","-12.576164233533643","-12.617824397509612","-12.617824397509612","-12.617824397509612","-12.611482511592817","-12.611482511592817","-12.611482511592817","-12.622523030148276","-12.622523030148276","-12.622523030148276","-12.609919789471205","-12.609919789471205","-12.609919789471205"
"975","-12.577418773989134","-12.577418773989134","-12.577418773989134","-12.618109787566752","-12.618109787566752","-12.618109787566752","-12.610013394416134","-12.610013394416134","-12.610013394416134","-12.625719239440146","-12.625719239440146","-12.625719239440146","-12.612739249120784","-12.612739249120784","-12.612739249120784"
"976","-12.574612388127967","-12.574612388127967","-12.574612388127967","-12.616600748858874","-12.616600748858874","-12.616600748858874","-12.608406042750877","-12.608406042750877","-12.608406042750877","-12.624757404568829","-12.624757404568829","-12.624757404568829","-12.6103770219827","-12.6103770219827","-12.6103770219827"
"977","-12.577861846247806","-12.577861846247806","-12.577861846247806","-12.617927394335783","-12.617927394335783","-12.617927394335783","-12.607337649864487","-12.607337649864487","-12.607337649864487","-12.62243824970873","-12.62243824970873","-12.62243824970873","-12.617160036594052","-12.617160036594052","-12.617160036594052"
"978","-12.576177536686764","-12.576177536686764","-12.576177536686764","-12.618356185623362","-12.618356185623362","-12.618356185623362","-12.603696436821659","-12.603696436821659","-12.603696436821659","-12.626601158818112","-12.626601158818112","-12.626601158818112","-12.618812138521218","-12.618812138521218","-12.618812138521218"
"979","-12.576233537891243","-12.576233537891243","-12.576233537891243","-12.620474066915392","-12.620474066915392","-12.620474066915392","-12.601275782041911","-12.601275782041911","-12.601275782041911","-12.626689259010025","-12.626689259010025","-12.626689259010025","-12.619926102553741","-12.619926102553741","-12.619926102553741"
"980","-12.576667616638955","-12.576667616638955","-12.576667616638955","-12.62073795704902","-12.62073795704902","-12.62073795704902","-12.60776469073718","-12.60776469073718","-12.60776469073718","-12.626557157009463","-12.626557157009463","-12.626557157009463","-12.615799541714825","-12.615799541714825","-12.615799541714825"
"981","-12.57933942577507","-12.57933942577507","-12.57933942577507","-12.621229256255717","-12.621229256255717","-12.621229256255717","-12.614007792895354","-12.614007792895354","-12.614007792895354","-12.627479058277759","-12.627479058277759","-12.627479058277759","-12.61263505718376","-12.61263505718376","-12.61263505718376"
"982","-12.579206321812883","-12.579206321812883","-12.579206321812883","-12.622838092755668","-12.622838092755668","-12.622838092755668","-12.610754447647288","-12.610754447647288","-12.610754447647288","-12.626465700849701","-12.626465700849701","-12.626465700849701","-12.619006229352348","-12.619006229352348","-12.619006229352348"
"983","-12.573552010934565","-12.573552010934565","-12.573552010934565","-12.619424083564855","-12.619424083564855","-12.619424083564855","-12.608439095412628","-12.608439095412628","-12.608439095412628","-12.625351567811604","-12.625351567811604","-12.625351567811604","-12.619107874133919","-12.619107874133919","-12.619107874133919"
"984","-12.576138267034217","-12.576138267034217","-12.576138267034217","-12.61521590510501","-12.61521590510501","-12.61521590510501","-12.610714743408975","-12.610714743408975","-12.610714743408975","-12.623867059055764","-12.623867059055764","-12.623867059055764","-12.615186135980148","-12.615186135980148","-12.615186135980148"
"985","-12.577539999273759","-12.577539999273759","-12.577539999273759","-12.618739417836636","-12.618739417836636","-12.618739417836636","-12.615936508661584","-12.615936508661584","-12.615936508661584","-12.621302218376835","-12.621302218376835","-12.621302218376835","-12.608380740201927","-12.608380740201927","-12.608380740201927"
"986","-12.577091108394574","-12.577091108394574","-12.577091108394574","-12.615987729422654","-12.615987729422654","-12.615987729422654","-12.613339412061475","-12.613339412061475","-12.613339412061475","-12.623676058612292","-12.623676058612292","-12.623676058612292","-12.614044756828983","-12.614044756828983","-12.614044756828983"
"987","-12.573750954640063","-12.573750954640063","-12.573750954640063","-12.613989769657955","-12.613989769657955","-12.613989769657955","-12.61272512508344","-12.61272512508344","-12.61272512508344","-12.621027463599097","-12.621027463599097","-12.621027463599097","-12.612495482722416","-12.612495482722416","-12.612495482722416"
"988","-12.57550544980206","-12.57550544980206","-12.57550544980206","-12.614861983287183","-12.614861983287183","-12.614861983287183","-12.613758304451085","-12.613758304451085","-12.613758304451085","-12.620338476156887","-12.620338476156887","-12.620338476156887","-12.615420848508425","-12.615420848508425","-12.615420848508425"
"989","-12.574242857438099","-12.574242857438099","-12.574242857438099","-12.614447074600413","-12.614447074600413","-12.614447074600413","-12.61783959593954","-12.61783959593954","-12.61783959593954","-12.628210623053056","-12.628210623053056","-12.628210623053056","-12.614061464237261","-12.614061464237261","-12.614061464237261"
"990","-12.570086346396916","-12.570086346396916","-12.570086346396916","-12.616065604777276","-12.616065604777276","-12.616065604777276","-12.615168161030057","-12.615168161030057","-12.615168161030057","-12.629253061511848","-12.629253061511848","-12.629253061511848","-12.61096808276599","-12.61096808276599","-12.61096808276599"
"991","-12.571955644631688","-12.571955644631688","-12.571955644631688","-12.615214323695701","-12.615214323695701","-12.615214323695701","-12.61945881421053","-12.61945881421053","-12.61945881421053","-12.625746123398407","-12.625746123398407","-12.625746123398407","-12.616335760189008","-12.616335760189008","-12.616335760189008"
"992","-12.573392240307","-12.573392240307","-12.573392240307","-12.614465822147418","-12.614465822147418","-12.614465822147418","-12.615791501878183","-12.615791501878183","-12.615791501878183","-12.623349105255514","-12.623349105255514","-12.623349105255514","-12.615061603014983","-12.615061603014983","-12.615061603014983"
"993","-12.573332195040546","-12.573332195040546","-12.573332195040546","-12.614434809624393","-12.614434809624393","-12.614434809624393","-12.616934993599035","-12.616934993599035","-12.616934993599035","-12.617553493644618","-12.617553493644618","-12.617553493644618","-12.616878123223026","-12.616878123223026","-12.616878123223026"
"994","-12.576165380357187","-12.576165380357187","-12.576165380357187","-12.616561865504783","-12.616561865504783","-12.616561865504783","-12.618003410629079","-12.618003410629079","-12.618003410629079","-12.618413623375229","-12.618413623375229","-12.618413623375229","-12.613374275497243","-12.613374275497243","-12.613374275497243"
"995","-12.575090673905384","-12.575090673905384","-12.575090673905384","-12.610994266558297","-12.610994266558297","-12.610994266558297","-12.618459073803093","-12.618459073803093","-12.618459073803093","-12.62313897096658","-12.62313897096658","-12.62313897096658","-12.609772428681579","-12.609772428681579","-12.609772428681579"
"996","-12.577395946164675","-12.577395946164675","-12.577395946164675","-12.616098114206821","-12.616098114206821","-12.616098114206821","-12.615724925753437","-12.615724925753437","-12.615724925753437","-12.62383860576002","-12.62383860576002","-12.62383860576002","-12.613459816461877","-12.613459816461877","-12.613459816461877"
"997","-12.57513852662678","-12.57513852662678","-12.57513852662678","-12.616689802725103","-12.616689802725103","-12.616689802725103","-12.618760374527943","-12.618760374527943","-12.618760374527943","-12.62515147728256","-12.62515147728256","-12.62515147728256","-12.61992321738714","-12.61992321738714","-12.61992321738714"
"998","-12.577067338967625","-12.577067338967625","-12.577067338967625","-12.617169754414618","-12.617169754414618","-12.617169754414618","-12.613639276238937","-12.613639276238937","-12.613639276238937","-12.625153626067728","-12.625153626067728","-12.625153626067728","-12.6177619378778","-12.6177619378778","-12.6177619378778"
"999","-12.578211977512021","-12.578211977512021","-12.578211977512021","-12.613346703444854","-12.613346703444854","-12.613346703444854","-12.616227017173284","-12.616227017173284","-12.616227017173284","-12.618669847898845","-12.618669847898845","-12.618669847898845","-12.619574353664737","-12.619574353664737","-12.619574353664737"