gnd1_x,gnd1_y,gnd1_z,gnd2_x,gnd2_y,gnd2_z,result_x,result_y,result_z
-26.767437,6.268194,0.0,88.38404,-87.65782,0.0,-54.4,-81.4,70
55.76794,-35.68927,0.0,59.67247,-78.14471,0.0,60.60000000000002,-57.0,70
98.38277,37.10963,0.0,-87.91547,-87.780594,0.0,98.4,-83.0,70
-45.098457,-69.35188,0.0,31.152685,-42.51035,0.0,-35.599999999999994,-60.699999999999996,70
-25.74187,-45.45983,0.0,76.90104,1.3281635,0.0,75.30000000000001,-49.5,70
68.81594,39.756725,0.0,-19.379618,81.74372,0.0,38.599999999999994,81.80000000000001,70
-45.90068,-86.1564,0.0,67.259514,56.33296,0.0,-24.700000000000003,-79.3,70
65.68547,74.0093,0.0,53.38704,-89.16745,0.0,51.0,-81.7,70
50.147125,-0.7920639,0.0,-50.308556,-97.3741,0.0,-25.89999999999999,-76.3,70
93.84202,-40.38637,0.0,-30.430346,-1.079922,0.0,-9.0,25.900000000000006,70
-69.225815,-99.11092,0.0,0.81456643,9.258446,0.0,-22.0,-70.0,70
10.882342,83.818115,0.0,23.230043,-8.082303,0.0,19.10000000000001,49.900000000000006,70
-35.34397,10.659769,0.0,-50.823124,-99.70589,0.0,-43.199999999999996,-69.7,70
-39.753277,42.098244,0.0,-97.3657,56.039795,0.0,-64.5,50.599999999999994,70
-55.84701,-90.43471,0.0,19.916685,78.70407,0.0,-1.2999999999999972,80.60000000000002,70
63.229935,7.2321563,0.0,-33.366165,84.85732,0.0,56.30000000000001,84.80000000000001,70
-47.024162,94.14755,0.0,-18.593048,31.38194,0.0,-36.599999999999994,31.200000000000017,70
-98.98534,60.857147,0.0,-93.67037,-88.23225,0.0,-97.7,11.900000000000006,70
-3.3467433,-76.90806,0.0,-83.88998,98.2192,0.0,-83.9,-76.9,70
-46.245693,7.6190567,0.0,-48.343826,37.729885,0.0,-44.5,22.700000000000003,70
52.514217,2.3481138,0.0,-32.89316,49.050877,0.0,71.80000000000001,35.70000000000002,70
6.487414,85.44521,0.0,13.39904,-96.730606,0.0,-13.699999999999989,-95.8,70
64.44035,-20.773521,0.0,97.367065,98.291985,0.0,63.30000000000001,76.0,70
-85.756256,20.682579,0.0,63.952393,20.415863,0.0,-81.4,41.20000000000002,70
11.090967,-93.807724,0.0,42.10402,94.96653,0.0,34.900000000000006,100.0,70
-36.672035,76.49511,0.0,-83.81978,-61.881073,0.0,-83.8,90.80000000000001,70
-51.072945,46.780296,0.0,-84.54929,0.54334545,0.0,-94.3,37.0,70
-22.121454,-27.947105,0.0,-5.506428,84.34945,0.0,-75.5,80.20000000000002,70
-75.94869,-47.896275,0.0,-10.991744,-45.71069,0.0,-13.0,-42.8,70
-76.78984,-16.064823,0.0,-42.832813,77.001045,0.0,-47.3,29.400000000000006,70
-88.25705,-18.647621,0.0,92.084045,-15.6261835,0.0,-82.0,-80.3,70
57.19734,-56.575294,0.0,4.231109,-92.384834,0.0,57.20000000000002,-81.4,70
-78.57074,27.760336,0.0,75.89172,-88.801155,0.0,-90.4,-80.8,70
-33.684246,12.154017,0.0,35.821987,21.145338,0.0,-1.5999999999999943,35.80000000000001,70
67.97183,16.945879,0.0,-16.823631,-77.59324,0.0,46.80000000000001,-78.4,70
-23.632679,77.18136,0.0,91.288246,-34.41494,0.0,-7.199999999999989,93.30000000000001,70
-86.595314,58.556866,0.0,-16.202328,-33.81779,0.0,-81.8,2.700000000000003,70
-84.93624,50.43102,0.0,56.42124,-97.67461,0.0,-84.9,-74.5,70
73.71103,-89.000534,0.0,54.926357,92.27512,0.0,68.10000000000002,-86.6,70
-76.52535,-96.845474,0.0,-49.352615,55.192833,0.0,-49.3,-78.8,70
30.725498,87.39803,0.0,-49.43645,-65.47411,0.0,-3.0,86.0,70
-13.9236,-29.626854,0.0,90.49088,39.908638,0.0,-42.8,-20.89999999999999,70
18.330702,-78.89427,0.0,-85.13477,22.253231,0.0,-84.2,-93.3,70
-59.772366,97.869255,0.0,91.971565,76.232185,0.0,86.60000000000002,100.0,70
-98.26461,-29.325603,0.0,-27.132355,-50.590385,0.0,-73.3,-31.5,70
-29.576199,-40.00134,0.0,-2.3765688,-99.05732,0.0,-48.599999999999994,-71.0,70
-26.471989,-6.0114493,0.0,67.908455,-66.41896,0.0,50.900000000000006,-7.0,70
74.85846,-88.34716,0.0,-43.6069,36.87098,0.0,-22.599999999999994,-83.9,70
64.98002,-65.354836,0.0,-46.89113,62.80755,0.0,-40.199999999999996,52.5,70
95.25382,-66.16567,0.0,99.36564,-84.07919,0.0,100.0,-80.7,70
-96.07355,-65.8757,0.0,85.36048,-83.46568,0.0,-80.3,-83.5,70
-23.759857,94.48497,0.0,-11.214251,-95.24542,0.0,-10.099999999999994,-86.7,70
-57.10902,-84.84986,0.0,-90.64873,-4.174272,0.0,-81.8,-84.7,70
54.56177,5.129627,0.0,96.67734,39.56174,0.0,96.4,21.700000000000003,70
28.78265,77.614784,0.0,60.071507,26.166176,0.0,59.5,79.10000000000002,70
-30.721672,-31.013325,0.0,-5.974898,99.89715,0.0,-42.199999999999996,78.10000000000002,70
-31.594545,53.749702,0.0,-91.74537,38.94959,0.0,-74.2,39.400000000000006,70
-42.76094,30.198042,0.0,-25.80443,20.1352,0.0,-34.8,22.200000000000003,70
-52.10812,-32.885525,0.0,-91.75475,26.233574,0.0,-99.1,-1.6999999999999886,70
-28.973284,-53.819168,0.0,86.8135,19.92431,0.0,79.30000000000001,12.0,70
-18.24068,22.789907,0.0,87.61387,75.282196,0.0,-7.3999999999999915,23.10000000000001,70
-86.2604,90.46618,0.0,-65.93507,-75.47297,0.0,-82.8,79.5,70
-76.5055,48.407173,0.0,22.797153,-16.283232,0.0,6.900000000000006,59.400000000000006,70
-15.665791,17.664007,0.0,-99.125305,-59.859455,0.0,-74.9,-28.89999999999999,70
57.83554,-89.28597,0.0,-49.678947,-5.4826374,0.0,27.60000000000001,-83.2,70
-48.83102,-73.21104,0.0,55.39446,-47.746017,0.0,-26.599999999999994,-46.9,70
-44.632324,-75.222176,0.0,95.451164,-87.26947,0.0,-30.5,-87.4,70
-87.39151,-82.048225,0.0,89.14571,-91.68447,0.0,-61.099999999999994,-93.7,70
92.44495,39.120308,0.0,4.2827806,79.40761,0.0,47.70000000000002,79.60000000000002,70
96.02081,-78.041794,0.0,-75.75992,70.17929,0.0,74.20000000000002,-89.3,70
28.056822,8.218056,0.0,73.19234,-92.97559,0.0,17.700000000000003,-80.3,70
-97.06736,-97.84835,0.0,70.43647,24.23515,0.0,47.400000000000006,-74.5,70
-41.90625,-96.22378,0.0,92.60304,77.013176,0.0,94.60000000000002,-77.2,70
44.900543,-80.871216,0.0,75.56758,75.88458,0.0,60.30000000000001,-81.6,70
-24.260208,-49.598568,0.0,17.792536,-10.027592,0.0,21.900000000000006,-30.099999999999994,70
-38.358154,-74.49533,0.0,-70.92843,75.81602,0.0,-54.3,91.4,70
63.216595,83.89355,0.0,66.61625,-15.533554,0.0,54.20000000000002,49.900000000000006,70
47.266365,-98.50439,0.0,79.05566,23.933926,0.0,77.5,1.1000000000000085,70
-38.875706,2.3537009,0.0,-40.74067,46.47188,0.0,-41.199999999999996,24.0,70
-0.57107234,75.010735,0.0,-80.86065,-14.440466,0.0,-83.8,-5.099999999999994,70
80.2507,5.102266,0.0,-87.696785,-13.309988,0.0,-73.6,-9.699999999999989,70
9.377018,77.33557,0.0,-85.207115,-17.506454,0.0,-85.2,78.60000000000002,70
0.3890212,16.18155,0.0,-54.95488,-30.738932,0.0,-9.099999999999994,17.200000000000003,70
-82.26056,11.290367,0.0,32.37559,81.49581,0.0,-82.3,81.5,70
-86.00832,-16.000393,0.0,65.75592,26.480406,0.0,-85.2,29.30000000000001,70
97.77714,-79.73373,0.0,-32.136906,-44.424107,0.0,97.9,-50.9,70
-93.328476,62.05376,0.0,65.2612,-33.15688,0.0,51.400000000000006,-29.39999999999999,70
39.432415,93.827354,0.0,-43.283783,-36.461136,0.0,-37.699999999999996,80.10000000000002,70
99.25015,7.511256,0.0,69.04931,-0.01651914,0.0,77.9,26.10000000000001,70
16.654816,-84.81349,0.0,-17.981525,13.518102,0.0,-9.199999999999989,26.0,70
-37.149,51.746925,0.0,17.578978,31.531015,0.0,-37.199999999999996,25.5,70
69.63054,-31.950436,0.0,-20.036552,32.326927,0.0,26.80000000000001,0.9000000000000057,70
-93.68419,-64.800255,0.0,-91.197716,7.2351284,0.0,-93.1,-28.89999999999999,70
-54.23419,-17.720095,0.0,-34.201797,-52.890488,0.0,-33.2,-35.8,70
69.13677,-80.758194,0.0,-26.504213,-4.790997,0.0,45.80000000000001,-60.3,70
81.92223,95.151306,0.0,2.6507225,20.801933,0.0,32.400000000000006,30.0,70
81.3743,96.547806,0.0,-17.691374,22.916183,0.0,33.80000000000001,29.200000000000017,70
-98.410286,-89.20194,0.0,-51.175766,3.7707224,0.0,-51.099999999999994,-81.8,70
47.579754,-42.050903,0.0,-40.89434,-83.64978,0.0,-39.8,-61.4,70
-87.87769,-17.06786,0.0,51.900806,50.660347,0.0,-81.8,64.10000000000002,70
-37.59975,-4.0929184,0.0,-23.628538,17.0646,0.0,-34.2,8.700000000000003,70
0.07502496,-81.23016,0.0,-37.643566,-28.770313,0.0,-42.199999999999996,-81.2,70
37.700306,31.660625,0.0,-22.470335,-43.240715,0.0,-42.3,0.6000000000000085,70
69.106705,-18.161215,0.0,54.672066,21.928915,0.0,53.0,27.5,70
6.5543623,-80.60624,0.0,-75.012146,55.89402,0.0,-14.399999999999991,-99.1,70
8.359448,-76.544525,0.0,29.262121,95.87391,0.0,44.80000000000001,93.30000000000001,70
-20.49975,-90.303795,0.0,83.35278,-86.92945,0.0,31.30000000000001,-90.2,70
-52.23882,39.67258,0.0,-88.414024,13.487882,0.0,-78.6,21.5,70
-20.22862,-48.35912,0.0,-92.66938,-39.254475,0.0,-73.3,-42.5,70
-48.094265,-53.025906,0.0,64.10887,23.137794,0.0,-18.299999999999997,35.599999999999994,70
51.316395,74.918045,0.0,66.70924,-56.047043,0.0,65.20000000000002,25.700000000000003,70
4.236144,-78.635124,0.0,21.702402,90.547134,0.0,16.60000000000001,72.30000000000001,70
-48.203903,-88.55255,0.0,-72.80522,-90.734474,0.0,-60.3,-91.4,70
-53.21542,78.33664,0.0,-84.892555,-53.569954,0.0,-84.3,89.20000000000002,70
47.419918,-41.199776,0.0,-87.48775,78.40546,0.0,-40.5,84.70000000000002,70
-11.347006,16.417946,0.0,-87.019325,-42.822872,0.0,-83.4,-10.0,70
81.871735,-78.94196,0.0,87.42261,14.80947,0.0,75.5,5.400000000000006,70
-38.643936,-75.5647,0.0,-85.166466,85.50134,0.0,-53.5,85.30000000000001,70
-77.392525,25.762684,0.0,-10.114971,29.419653,0.0,-90.0,23.60000000000001,70
-25.834488,22.592752,0.0,11.407533,34.807594,0.0,-25.5,14.800000000000011,70
0.7538522,-85.09452,0.0,91.2963,37.418945,0.0,33.400000000000006,-85.1,70
29.631983,-42.290066,0.0,-44.024582,2.0430288,0.0,-30.5,-29.200000000000003,70
20.36575,-98.165886,0.0,-0.31718495,77.98896,0.0,33.30000000000001,-94.5,70
-20.465586,-27.158272,0.0,-57.07864,82.027916,0.0,-86.6,81.80000000000001,70
26.26523,7.3687906,0.0,-70.1415,83.46876,0.0,-100.0,60.5,70
63.95621,93.96321,0.0,96.67082,21.093542,0.0,100.0,78.60000000000002,70
58.74325,-85.5256,0.0,96.942635,-55.437126,0.0,97.0,-85.8,70
-71.82532,-88.274155,0.0,-84.218155,-7.833917,0.0,-84.3,-81.6,70
-96.198654,77.22434,0.0,0.46821722,-36.181717,0.0,-74.9,-35.8,70
-99.47297,-62.71156,0.0,-92.654106,93.57538,0.0,-95.7,50.20000000000002,70
36.8168,-91.02657,0.0,9.684821,-43.33989,0.0,25.80000000000001,-96.7,70
-95.70501,68.74429,0.0,-53.672115,30.077938,0.0,-94.2,32.400000000000006,70
-33.979576,-56.679047,0.0,27.354504,85.29107,0.0,-18.799999999999997,85.10000000000002,70
-40.696095,-54.505863,0.0,24.342146,-15.890355,0.0,12.700000000000003,-29.5,70
62.645973,-58.421665,0.0,7.254344,20.42223,0.0,55.80000000000001,34.0,70
9.619375,-53.10676,0.0,65.87369,-19.839924,0.0,51.400000000000006,-38.699999999999996,70
33.948097,84.90351,0.0,9.985586,28.630371,0.0,9.100000000000009,89.5,70
-6.2324977,75.76865,0.0,58.55066,51.234364,0.0,57.900000000000006,100.0,70
-43.72113,-28.060484,0.0,-10.859875,9.270753,0.0,0.7000000000000028,-46.0,70
13.454357,-50.76326,0.0,63.633286,-42.552444,0.0,44.20000000000002,-48.0,70
-24.950172,77.23643,0.0,-98.494705,-14.858821,0.0,-70.7,92.10000000000002,70
26.53875,-10.788785,0.0,65.0036,92.47781,0.0,27.700000000000003,83.0,70
-82.91045,90.980446,0.0,-99.68701,-58.101757,0.0,-95.4,52.20000000000002,70
60.682793,-77.164314,0.0,60.736897,-19.390375,0.0,58.80000000000001,-48.699999999999996,70
-46.493134,-68.6463,0.0,18.9163,-10.2480955,0.0,-18.599999999999994,-91.9,70
32.81764,-90.754265,0.0,62.222767,71.31539,0.0,56.400000000000006,-82.1,70
68.38534,43.998035,0.0,78.37706,76.08396,0.0,58.30000000000001,86.9,70
90.81569,-18.819376,0.0,-13.128505,-51.450172,0.0,-6.699999999999989,-50.8,70
-67.88484,88.43326,0.0,69.987015,-37.396408,0.0,-25.299999999999997,71.4,70
-52.671066,44.222324,0.0,-89.57204,-54.18849,0.0,-83.9,-33.0,70
-84.85168,-13.436169,0.0,44.359013,-51.65197,0.0,-84.8,-17.299999999999997,70
-11.190481,77.79341,0.0,35.66098,22.013695,0.0,23.400000000000006,79.20000000000002,70
11.2072735,17.707146,0.0,73.678406,6.648547,0.0,41.099999999999994,34.80000000000001,70
-13.766595,-30.782347,0.0,-6.961261,-81.62077,0.0,-13.699999999999989,-77.3,70
-16.514057,7.9839797,0.0,22.630516,-78.63838,0.0,12.200000000000003,-86.6,70
22.174377,-17.810097,0.0,86.79631,-89.36009,0.0,24.10000000000001,-74.9,70
91.91049,-33.44429,0.0,0.5672839,-54.894245,0.0,100.0,1.6000000000000085,70
25.939161,32.591686,0.0,23.670422,34.18759,0.0,23.700000000000003,-6.5,70
55.971096,51.62778,0.0,-93.96487,65.171616,0.0,-76.9,44.400000000000006,70
21.950253,17.192818,0.0,-18.932846,-99.80823,0.0,23.10000000000001,-74.2,70
2.1658695,34.447945,0.0,65.07438,-79.38134,0.0,46.80000000000001,-87.4,70
-50.379784,-77.98183,0.0,-51.986927,27.32752,0.0,-24.0,-27.5,70
66.91425,-47.935287,0.0,-29.12928,34.094666,0.0,28.5,-41.599999999999994,70
-45.79577,65.96,0.0,-52.688316,23.573448,0.0,-41.5,41.099999999999994,70
-76.68925,26.91304,0.0,69.15063,27.585321,0.0,-37.0,25.400000000000006,70
-87.62838,-14.065295,0.0,-8.98231,34.764908,0.0,-83.0,-29.5,70
-44.823406,42.058887,0.0,93.27652,-27.96948,0.0,-35.599999999999994,39.900000000000006,70
17.74925,-82.61211,0.0,-75.641075,51.100735,0.0,-1.0999999999999943,-84.6,70
-42.97522,-0.05221173,0.0,29.4361,-10.171273,0.0,-35.099999999999994,1.1000000000000085,70
-51.135883,51.487106,0.0,-4.3101954,99.68834,0.0,-25.200000000000003,81.4,70
6.307501,-47.641914,0.0,35.179394,22.565783,0.0,32.099999999999994,-41.099999999999994,70
95.21456,-30.6928,0.0,-32.46991,37.79174,0.0,-34.39999999999999,45.599999999999994,70
61.72025,54.970325,0.0,-86.51934,-42.90961,0.0,-91.0,19.900000000000006,70
-44.411827,-36.379642,0.0,-42.99903,94.36464,0.0,-42.099999999999994,32.5,70
70.78445,-88.85508,0.0,59.699253,15.142986,0.0,59.80000000000001,-81.1,70
89.16013,-96.65164,0.0,-48.080666,86.88212,0.0,-24.200000000000003,-78.1,70
-34.284943,74.80378,0.0,24.8557,0.27822027,0.0,-34.39999999999999,50.0,70
42.533665,-76.30863,0.0,23.603937,12.233442,0.0,23.60000000000001,-82.5,70
-3.2989514,-38.310898,0.0,-84.10588,-94.49364,0.0,-84.6,-64.1,70
-43.885967,91.30475,0.0,-7.347689,95.33526,0.0,-25.799999999999997,94.30000000000001,70
86.48092,18.981516,0.0,-97.42418,-87.60926,0.0,-70.2,-73.4,70
21.639952,-25.405712,0.0,-15.781934,-86.842255,0.0,-11.899999999999991,-74.1,70
61.744186,39.33764,0.0,87.03998,21.31464,0.0,62.400000000000006,23.400000000000006,70
68.661995,-1.9137557,0.0,-85.09908,-12.531105,0.0,-91.7,-15.599999999999994,70
-90.37934,-97.612915,0.0,50.12702,-21.574348,0.0,-82.0,-69.2,70
17.727573,34.333717,0.0,-99.72928,79.6608,0.0,-63.8,95.5,70
39.951244,-93.47543,0.0,52.067726,-14.849119,0.0,72.10000000000002,-69.1,70
29.826206,17.245504,0.0,-13.097725,76.518135,0.0,6.200000000000003,38.30000000000001,70
49.36507,87.98651,0.0,-79.875916,57.06945,0.0,-80.4,85.70000000000002,70
-22.881132,9.336394,0.0,-50.30052,46.133316,0.0,-35.7,27.5,70
1.9748136,-97.58925,0.0,90.87491,-43.34771,0.0,3.8000000000000114,-77.5,70
68.433266,71.58774,0.0,45.01126,87.92743,0.0,32.0,86.20000000000002,70
-68.338646,-90.07307,0.0,-36.799515,66.48075,0.0,-59.599999999999994,-82.8,70
26.663221,88.42403,0.0,-54.755035,-21.217627,0.0,19.5,80.4,70
50.259384,-74.81019,0.0,-44.582733,-29.451975,0.0,57.0,-59.199999999999996,70
53.537777,-21.235933,0.0,10.908419,-89.36134,0.0,53.80000000000001,-81.4,70
12.533368,-81.4397,0.0,-14.490106,95.73063,0.0,-77.5,48.20000000000002,70
-94.346146,-32.350475,0.0,22.931768,-4.0764103,0.0,-89.6,-11.5,70
19.860075,10.52643,0.0,-90.27755,74.57368,0.0,-80.7,46.099999999999994,70
50.73311,-92.06973,0.0,10.678354,-92.84643,0.0,30.700000000000017,-92.8,70
-47.159702,23.984344,0.0,-47.48045,-20.810589,0.0,-42.5,1.2000000000000028,70
-93.9313,28.813301,0.0,90.43547,81.756546,0.0,-80.3,81.80000000000001,70
-12.115969,86.52097,0.0,73.022675,25.785627,0.0,39.400000000000006,78.70000000000002,70
-34.91465,-70.90893,0.0,89.835655,6.6156077,0.0,-56.599999999999994,-27.299999999999997,70
62.349144,91.70949,0.0,36.843876,28.088045,0.0,56.80000000000001,28.0,70
14.270595,91.43287,0.0,93.62681,-29.185833,0.0,94.60000000000002,77.9,70
24.138752,-50.07866,0.0,-13.240294,30.5565,0.0,19.60000000000001,1.1000000000000085,70
35.67101,94.33116,0.0,18.428131,-8.156668,0.0,32.900000000000006,82.0,70
-5.8052616,75.57597,0.0,-4.4719496,-89.239716,0.0,-5.5,-85.5,70
29.200964,77.46851,0.0,30.863491,-51.541542,0.0,16.30000000000001,-19.099999999999994,70
-77.50462,-51.452858,0.0,26.059212,-13.757379,0.0,19.80000000000001,-36.0,70
-78.74573,-86.32165,0.0,-95.57323,35.684803,0.0,-96.8,-57.699999999999996,70
94.16682,25.84342,0.0,57.332977,-61.0415,0.0,65.5,1.6000000000000085,70
92.901054,56.51448,0.0,2.1941247,-47.232117,0.0,93.30000000000001,-48.199999999999996,70
14.533829,86.92027,0.0,12.976383,-29.141562,0.0,41.400000000000006,80.80000000000001,70
62.362324,8.39378,0.0,78.6003,82.55197,0.0,57.30000000000001,83.10000000000002,70
-46.408443,-48.828587,0.0,-29.074295,5.1115837,0.0,-41.9,-17.599999999999994,70
-33.095924,-0.12236721,0.0,9.32553,21.899345,0.0,-19.89999999999999,22.80000000000001,70
43.31594,-91.3937,0.0,-76.77656,-2.9067616,0.0,-87.2,-77.5,70
-88.82936,72.65632,0.0,29.697203,25.162432,0.0,-82.5,34.5,70
-37.679977,-75.831406,0.0,-94.98472,-63.495636,0.0,-77.4,-92.7,70
81.26632,12.82927,0.0,58.38973,29.456526,0.0,69.80000000000001,21.200000000000003,70
91.02268,-63.41255,0.0,-42.240833,-44.235516,0.0,-39.0,-73.9,70
65.01557,1.3736074,0.0,60.56137,73.93668,0.0,58.70000000000002,39.900000000000006,70
-37.658867,-57.459362,0.0,5.66233,83.990845,0.0,-20.89999999999999,82.30000000000001,70
-95.84004,-46.00384,0.0,55.757988,-82.276535,0.0,-78.8,-84.3,70
59.25497,94.70558,0.0,50.07263,5.724413,0.0,61.5,10.5,70
16.387995,-16.7897,0.0,-85.776276,-47.486164,0.0,-99.7,-39.0,70
24.313494,-83.12367,0.0,4.348205,-29.911444,0.0,42.5,-88.3,70
-20.196976,94.88995,0.0,74.127625,26.467691,0.0,36.80000000000001,76.0,70
-38.207047,93.28737,0.0,-77.20181,92.59324,0.0,-57.599999999999994,93.4,70
-85.2522,63.334213,0.0,53.90156,38.190456,0.0,77.0,67.5,70
43.846222,88.87797,0.0,-77.78018,94.71736,0.0,-16.599999999999994,92.60000000000002,70
67.87835,-44.17561,0.0,-53.361816,-78.9341,0.0,-16.799999999999997,-60.9,70
-91.333664,-6.537368,0.0,93.0286,-51.703808,0.0,-83.1,-3.3999999999999915,70
1.9919521,24.215979,0.0,38.340115,-81.052345,0.0,14.300000000000011,13.400000000000006,70
-50.03268,-52.13798,0.0,-45.06906,11.540445,0.0,-43.699999999999996,-19.39999999999999,70
5.877153,-42.607067,0.0,-4.6305046,-76.32886,0.0,27.30000000000001,-49.599999999999994,70
-16.733978,-76.51774,0.0,-19.754665,22.290375,0.0,-67.69999999999999,-79.5,70
-24.118032,0.61843187,0.0,-38.609898,24.827147,0.0,-32.2,14.400000000000006,70
81.77082,18.366388,0.0,-2.3665993,11.786465,0.0,49.0,30.80000000000001,70
-51.93599,-63.504463,0.0,62.187336,-94.541985,0.0,-8.799999999999997,-92.3,70
86.235085,26.835932,0.0,-33.33438,18.531181,0.0,27.0,28.30000000000001,70
27.42645,-46.706253,0.0,93.33152,87.60173,0.0,7.300000000000011,85.30000000000001,70
-90.79923,-0.5389929,0.0,-98.20508,27.165236,0.0,-94.7,13.300000000000011,70
-54.128254,26.450117,0.0,21.869495,-8.774717,0.0,19.30000000000001,9.800000000000011,70
-75.22412,-1.2293503,0.0,98.6033,76.73143,0.0,98.9,66.30000000000001,70
-25.572502,-78.74264,0.0,-47.531612,89.38008,0.0,-25.700000000000003,-79.0,70
12.121051,17.5868,0.0,-46.372494,63.439175,0.0,-32.5,29.200000000000017,70
55.318035,-77.631256,0.0,97.17844,-42.22742,0.0,97.30000000000001,-90.2,70
-31.161373,-94.34606,0.0,-13.304107,87.326035,0.0,-66.69999999999999,79.4,70
53.503384,43.971207,0.0,-82.7372,19.824903,0.0,-82.8,91.20000000000002,70
86.21156,9.220147,0.0,-72.55594,-83.581055,0.0,1.5,-74.5,70
97.24495,44.77584,0.0,68.25151,1.3124803,0.0,97.30000000000001,41.099999999999994,70
-99.18008,-56.735687,0.0,-65.55946,-89.30704,0.0,-82.7,-84.1,70
-53.18483,-45.89648,0.0,-5.1470304,-95.54775,0.0,-18.19999999999999,-81.9,70
-75.60981,13.084722,0.0,7.9969997,13.802708,0.0,8.400000000000006,13.600000000000009,70
74.352905,4.216054,0.0,-98.650475,93.75501,0.0,39.0,80.0,70
-46.905495,-49.133163,0.0,-84.35338,16.562962,0.0,-87.4,-44.599999999999994,70
-47.771507,16.22199,0.0,87.308975,95.48311,0.0,-29.0,77.60000000000002,70
52.31326,25.23691,0.0,90.8592,-84.49189,0.0,74.9,-84.5,70
-54.78566,-44.042778,0.0,-46.561478,33.714485,0.0,-46.5,-23.39999999999999,70
-39.97679,62.45347,0.0,4.099088,-54.90002,0.0,-38.5,24.80000000000001,70
65.573074,76.942116,0.0,23.451614,11.03199,0.0,23.10000000000001,33.400000000000006,70
-86.46554,48.809914,0.0,54.98752,-20.196552,0.0,-91.2,18.5,70
71.32997,15.38421,0.0,58.871334,72.164444,0.0,63.60000000000002,31.700000000000017,70
54.51741,32.57659,0.0,-47.886356,81.2981,0.0,57.80000000000001,85.10000000000002,70
-47.60595,-51.321255,0.0,91.259636,-92.931854,0.0,-27.0,-80.6,70
-35.949337,50.993164,0.0,-36.762756,-50.371685,0.0,-43.0,-5.099999999999994,70
87.97812,86.627495,0.0,2.4178574,97.491745,0.0,45.0,92.70000000000002,70
-76.29261,-79.22654,0.0,61.794132,37.373592,0.0,56.30000000000001,-79.6,70
-96.53725,25.652739,0.0,-61.63659,93.17404,0.0,-82.2,79.80000000000001,70
17.994623,-14.535638,0.0,77.35755,-95.43455,0.0,37.70000000000002,-72.8,70
-20.576641,99.97999,0.0,94.932434,-44.009136,0.0,95.20000000000002,75.70000000000002,70
66.52981,66.156395,0.0,-97.01327,65.48895,0.0,-76.0,52.70000000000002,70
-29.09703,-26.224653,0.0,-36.510345,-64.449936,0.0,-42.8,-45.4,70
-30.354715,38.132492,0.0,-44.570007,-46.516056,0.0,-44.5,40.20000000000002,70
63.214375,46.25393,0.0,-76.936195,36.10681,0.0,52.0,71.80000000000001,70
-3.2629,-38.83246,0.0,0.6700009,91.55134,0.0,23.700000000000003,-32.39999999999999,70
9.850379,82.483955,0.0,97.79352,47.616848,0.0,97.80000000000001,82.5,70
-97.77594,63.495773,0.0,-80.377235,2.1321616,0.0,-94.8,31.900000000000006,70
72.302986,9.313703,0.0,-47.512077,68.12272,0.0,49.80000000000001,62.400000000000006,70
-21.76568,-89.116234,0.0,75.42974,79.551926,0.0,-14.699999999999989,-91.3,70
-81.388245,-68.44792,0.0,40.066498,-42.372517,0.0,-82.0,-63.0,70
90.67771,65.43659,0.0,-37.479877,40.283543,0.0,-37.599999999999994,66.20000000000002,70
72.25571,-88.93582,0.0,58.599796,86.44954,0.0,62.400000000000006,-84.4,70
-78.92184,31.307213,0.0,26.681606,10.058013,0.0,-78.9,24.80000000000001,70
58.61487,4.011583,0.0,-44.66711,71.43412,0.0,84.4,18.5,70
-90.52363,94.215385,0.0,-31.188663,-62.210636,0.0,-94.5,59.0,70
-83.35649,20.73996,0.0,90.64676,-0.67944205,0.0,-79.6,-20.599999999999994,70
49.588463,-97.72121,0.0,-90.41924,16.272243,0.0,-81.1,-74.2,70
-11.603892,-47.095753,0.0,-39.64218,31.801619,0.0,-35.3,-16.89999999999999,70
52.6937,53.52738,0.0,-79.6293,-55.70418,0.0,-79.8,-52.699999999999996,70
-44.20909,-84.97641,0.0,20.873127,-19.433138,0.0,-28.099999999999994,-77.0,70
47.405045,-93.98975,0.0,-92.83266,41.104866,0.0,-79.2,-77.5,70
31.065306,-46.547577,0.0,-80.06844,-1.2192515,0.0,-80.2,-19.5,70
-35.966274,-20.911467,0.0,-33.070225,79.0181,0.0,-48.9,57.0,70
-45.922005,29.844921,0.0,-98.594315,-61.985813,0.0,-54.199999999999996,-35.7,70
95.03546,57.461178,0.0,-80.014275,71.570335,0.0,-80.1,16.200000000000003,70
-78.911934,36.995052,0.0,36.06734,-77.02656,0.0,-79.0,-100.0,70
64.149605,-90.4043,0.0,54.701336,-87.58255,0.0,59.60000000000002,-89.8,70
-90.86256,-42.242226,0.0,-85.0634,87.213615,0.0,-92.3,36.70000000000002,70
29.080433,-16.58538,0.0,-80.0782,-85.625656,0.0,-63.3,-85.0,70
-33.720547,-74.82026,0.0,41.440792,-99.12723,0.0,-36.0,-85.5,70
56.461784,-6.409009,0.0,32.560753,81.500755,0.0,56.5,81.70000000000002,70
99.85156,-37.715927,0.0,-83.752106,-96.74644,0.0,99.9,-75.1,70
59.311214,61.156654,0.0,-72.332924,98.53693,0.0,59.30000000000001,79.9,70
82.58141,-96.85424,0.0,1.2042844,9.299373,0.0,17.5,-83.2,70
0.8791521,-97.60209,0.0,49.330196,29.67061,0.0,33.5,24.200000000000003,70
-48.56142,-56.997536,0.0,-45.47224,85.438675,0.0,-38.3,38.599999999999994,70
-11.835441,84.04996,0.0,-61.858482,-97.24822,0.0,-45.599999999999994,-94.4,70
-17.936016,28.984434,0.0,-34.113735,-63.544098,0.0,-42.8,-28.39999999999999,70
64.735985,-37.448723,0.0,-91.3446,-0.7387717,0.0,-79.0,-9.099999999999994,70
-91.40679,51.36439,0.0,-36.865074,-97.70224,0.0,-79.7,-77.1,70
-5.2991223,85.28887,0.0,26.352844,86.87419,0.0,10.600000000000009,88.0,70
4.753386,-33.307167,0.0,-20.406399,17.318045,0.0,-51.599999999999994,-41.0,70
94.241615,85.55392,0.0,-84.949196,64.59776,0.0,-84.9,85.5,70
68.706184,31.230131,0.0,-76.73389,68.911934,0.0,-88.6,25.700000000000003,70
66.063194,-59.25356,0.0,7.1910477,6.626818,0.0,54.80000000000001,-11.899999999999991,70
-87.10059,75.77535,0.0,-45.48471,-56.590355,0.0,-45.9,99.5,70
-50.440247,87.32085,0.0,-10.148097,-45.493645,0.0,-28.599999999999994,-29.0,70
-51.87347,13.322603,0.0,32.368717,81.82847,0.0,-18.69999999999999,81.9,70
-54.78871,-94.308075,0.0,88.43779,97.14391,0.0,-5.699999999999989,82.0,70
-40.963352,-44.14052,0.0,-5.971766,-36.311207,0.0,-25.39999999999999,-41.5,70
-84.21146,58.495705,0.0,-52.10296,50.4825,0.0,-81.9,42.099999999999994,70
80.0815,-88.778786,0.0,-94.63706,13.8690195,0.0,-79.2,-81.3,70
56.497925,-16.03252,0.0,27.67835,-24.201626,0.0,57.0,-24.599999999999994,70
1.9841646,-29.224201,0.0,-62.403053,98.03812,0.0,-64.8,78.5,70
89.090256,10.563758,0.0,-62.88285,-80.96462,0.0,67.4,-88.5,70
-33.416775,-54.292603,0.0,-3.6491854,82.333916,0.0,-20.599999999999994,82.4,70
81.92848,78.46519,0.0,-14.4598255,-44.965954,0.0,-21.099999999999994,-36.699999999999996,70
-99.87342,-28.740534,0.0,60.43815,26.85267,0.0,-74.6,26.60000000000001,70
-8.274835,-97.64416,0.0,-89.818054,24.585802,0.0,-79.7,-54.0,70
-90.9209,-18.164335,0.0,-35.629086,-28.816198,0.0,-68.1,-29.799999999999997,70
-98.04183,95.8549,0.0,25.458345,-83.73535,0.0,-73.7,-84.1,70
97.880844,26.689402,0.0,4.305201,10.479783,0.0,37.20000000000002,27.200000000000003,70
-48.07143,93.1649,0.0,-34.94828,-8.564413,0.0,-36.699999999999996,50.900000000000006,70
64.83381,-93.83759,0.0,-41.178104,-60.5982,0.0,-39.3,-81.3,70
-96.40106,50.223724,0.0,-89.64322,-69.02471,0.0,-93.7,-9.199999999999989,70
-54.842712,-40.27898,0.0,-88.35982,-16.391796,0.0,-93.8,-9.399999999999991,70
55.219383,-0.55962205,0.0,-7.541314,13.6813135,0.0,56.0,31.400000000000006,70
79.21337,99.70152,0.0,31.433584,-54.50958,0.0,61.10000000000002,80.10000000000002,70
62.645454,93.42214,0.0,24.38862,-81.778435,0.0,56.30000000000001,-82.2,70
21.32913,1.4671042,0.0,90.82236,70.62164,0.0,-3.5999999999999943,44.20000000000002,70
-52.11132,-27.201406,0.0,93.558846,82.29588,0.0,29.5,75.30000000000001,70
-2.2875404,33.858788,0.0,75.79789,16.276457,0.0,58.0,6.200000000000003,70
-49.621803,26.396803,0.0,13.712672,-33.91718,0.0,-17.39999999999999,-44.8,70
25.138971,0.87203056,0.0,42.186874,27.388412,0.0,24.60000000000001,27.60000000000001,70
-35.287426,-68.638,0.0,88.464325,-79.89784,0.0,-35.8,-79.9,70
-85.069176,91.81931,0.0,-88.71388,81.27867,0.0,-87.2,86.9,70
-99.09446,-47.207092,0.0,-75.66767,79.83727,0.0,-93.0,65.60000000000002,70
-90.52014,37.968513,0.0,-16.16395,-85.63622,0.0,-79.7,-79.3,70
-65.1014,98.093796,0.0,-25.798466,-0.3094411,0.0,-50.699999999999996,75.9,70
-99.32271,-53.602673,0.0,58.425602,70.81894,0.0,-88.5,7.5,70
79.469604,77.67729,0.0,-51.419453,73.20244,0.0,-10.299999999999997,83.20000000000002,70
-91.05411,2.7410743,0.0,-30.65073,-20.352415,0.0,-70.0,-13.0,70
10.664805,22.271076,0.0,-58.916454,-85.5873,0.0,17.400000000000006,20.0,70
-74.83851,-75.744965,0.0,74.98884,79.62069,0.0,82.10000000000002,79.9,70
67.09004,-53.309685,0.0,-88.14788,-80.4783,0.0,-83.9,-36.8,70
64.502625,-78.543526,0.0,25.837685,-45.291428,0.0,49.400000000000006,-52.599999999999994,70
31.15473,83.607025,0.0,92.02452,31.269487,0.0,100.0,83.60000000000002,70
72.75509,96.79683,0.0,-28.666178,12.882994,0.0,46.5,36.30000000000001,70
-82.14656,49.84824,0.0,-38.1155,30.089958,0.0,-33.8,48.20000000000002,70
-78.83233,59.34477,0.0,4.866016,26.408796,0.0,-81.1,26.400000000000006,70
21.290829,78.642845,0.0,-81.992035,87.677086,0.0,-31.39999999999999,91.5,70
-44.615913,24.207758,0.0,93.52541,16.032606,0.0,49.30000000000001,28.900000000000006,70
-78.46182,-94.725624,0.0,-48.00009,-77.03032,0.0,-53.8,-90.9,70
-83.07156,32.41439,0.0,16.25973,-16.157635,0.0,-83.1,55.10000000000002,70
88.27752,6.657597,0.0,-84.56003,21.43131,0.0,-86.5,43.099999999999994,70
-6.6568866,91.37837,0.0,29.71128,-95.47873,0.0,38.900000000000006,-97.4,70
87.59597,-94.2747,0.0,80.78101,28.887732,0.0,73.4,-100.0,70
-53.61473,-34.99946,0.0,-25.887321,87.13355,0.0,-32.39999999999999,84.0,70
-51.34642,-11.785209,0.0,39.77521,89.22481,0.0,-17.599999999999994,81.4,70
28.023834,-20.263151,0.0,34.68196,-53.46162,0.0,13.200000000000003,-28.200000000000003,70
41.02766,-96.458595,0.0,73.94877,15.364517,0.0,39.099999999999994,-70.2,70
13.773972,-99.372925,0.0,-33.365543,-68.305,0.0,-36.4,-90.1,70
35.2259,28.3361,0.0,1.5007079,30.806023,0.0,20.200000000000003,24.200000000000003,70
-76.06758,28.266048,0.0,60.521076,66.09181,0.0,54.5,15.0,70
-22.35077,-33.962864,0.0,50.636734,-70.70967,0.0,-25.0,-35.099999999999994,70
-99.73261,-88.48173,0.0,47.399715,20.168396,0.0,-39.8,-97.9,70
51.418633,81.36274,0.0,21.923794,1.3850576,0.0,24.0,44.599999999999994,70
-53.624863,68.5785,0.0,53.830658,-1.5447793,0.0,57.60000000000002,16.60000000000001,70
93.35846,40.952915,0.0,92.01518,-95.62756,0.0,100.0,-77.7,70
-45.64702,-42.29672,0.0,95.2295,14.935156,0.0,100.0,-52.3,70
29.803602,-91.34759,0.0,-2.3077853,-43.81774,0.0,-11.299999999999997,-96.5,70
94.05692,2.9903126,0.0,-34.46466,70.517914,0.0,-46.699999999999996,74.30000000000001,70
-86.80463,6.0316544,0.0,-32.442715,93.62425,0.0,-82.7,77.30000000000001,70
65.41369,-83.75454,0.0,-11.102229,-38.067783,0.0,51.099999999999994,-54.3,70
-99.05161,-61.629017,0.0,-35.396885,-81.35376,0.0,-76.2,-86.7,70
84.22916,28.570463,0.0,-14.59146,29.736773,0.0,35.0,26.30000000000001,70
69.12317,33.594345,0.0,94.53752,-70.93636,0.0,100.0,-15.399999999999991,70
-33.60612,41.35534,0.0,-72.74193,92.79569,0.0,-58.699999999999996,80.0,70
17.245457,-29.170694,0.0,57.884888,-75.907814,0.0,55.30000000000001,-74.2,70
47.774185,82.70912,0.0,-36.059864,-49.051193,0.0,-39.3,82.80000000000001,70
52.58005,5.247633,0.0,85.34508,-83.37224,0.0,74.30000000000001,-83.4,70
26.74636,-42.66758,0.0,-89.12896,-69.358116,0.0,-82.7,-56.599999999999994,70
-40.366516,83.94932,0.0,94.72932,92.62677,0.0,23.30000000000001,95.30000000000001,70
95.28544,-42.41911,0.0,10.861375,77.6223,0.0,95.30000000000001,79.20000000000002,70
62.314034,-81.73146,0.0,12.555722,98.943375,0.0,55.400000000000006,81.10000000000002,70
37.967335,-83.898506,0.0,-64.29953,-92.773254,0.0,-13.099999999999994,-89.0,70
-32.940926,-39.0488,0.0,-93.23996,-68.16814,0.0,-64.9,-69.9,70
17.217945,-27.520828,0.0,-30.635227,21.926083,0.0,27.0,14.400000000000006,70
95.26975,-63.676098,0.0,53.020367,-84.9538,0.0,96.5,-86.7,70
-3.8139334,-76.99223,0.0,-11.165162,81.96911,0.0,-60.199999999999996,82.20000000000002,70
96.98366,57.22574,0.0,-14.679699,24.149202,0.0,97.10000000000002,31.0,70
-22.062998,-23.05237,0.0,-85.44598,-19.041737,0.0,-83.1,-18.89999999999999,70
-81.08585,-85.6566,0.0,52.656555,7.1936913,0.0,57.400000000000006,-84.0,70
-75.4034,-98.96703,0.0,-48.891808,-77.457115,0.0,-54.5,-92.7,70
-95.711784,91.76035,0.0,-84.32976,43.207134,0.0,-90.4,67.70000000000002,70
61.415707,-15.931875,0.0,-88.68579,0.14718506,0.0,-83.6,18.5,70
29.686516,17.29682,0.0,77.04061,28.36325,0.0,50.5,16.80000000000001,70
61.1876,48.63409,0.0,49.728565,89.30448,0.0,59.5,79.80000000000001,70
-22.26691,-49.048016,0.0,93.117615,-31.637737,0.0,95.9,-43.9,70
36.071316,-90.90916,0.0,-31.894463,-77.225914,0.0,-10.199999999999989,-100.0,70
-87.05698,-31.64494,0.0,-18.600874,9.147865,0.0,-83.4,-10.199999999999989,70
-53.168705,-25.736816,0.0,-86.241425,0.8996232,0.0,-79.1,-12.699999999999989,70
42.346592,96.59716,0.0,-40.42474,31.680265,0.0,-39.9,78.70000000000002,70
27.560223,34.86431,0.0,-86.17509,99.62212,0.0,-63.699999999999996,100.0,70
53.333065,53.60637,0.0,-95.83268,29.586819,0.0,-73.8,-6.0,70
14.220079,-17.166346,0.0,-40.753735,77.599335,0.0,-39.599999999999994,-18.099999999999994,70
63.956776,11.131335,0.0,25.503117,-25.009974,0.0,24.900000000000006,-3.299999999999997,70
25.930748,-96.635254,0.0,86.85025,76.215706,0.0,13.0,-80.1,70
94.05354,86.508514,0.0,37.104332,33.706326,0.0,98.20000000000002,76.60000000000002,70
64.04632,-19.759718,0.0,64.76696,26.530352,0.0,59.30000000000001,3.200000000000003,70
-77.398026,23.926142,0.0,-47.02863,-26.92715,0.0,-40.4,50.70000000000002,70
-45.673462,-83.17919,0.0,-23.902885,34.887146,0.0,-39.099999999999994,-57.699999999999996,70
63.213993,-49.460682,0.0,-49.72441,39.55894,0.0,-20.39999999999999,-42.199999999999996,70
-53.747486,15.811786,0.0,-15.101085,-92.42816,0.0,-21.099999999999994,-80.4,70
42.686077,99.2188,0.0,82.41021,86.29409,0.0,62.60000000000002,92.9,70
-19.41203,-93.9732,0.0,39.804886,79.36727,0.0,4.800000000000011,-92.0,70
84.762794,10.013554,0.0,-94.613266,-75.688,0.0,-66.8,-90.6,70
91.28436,78.28027,0.0,-27.91101,99.06136,0.0,26.900000000000006,100.0,70
60.76679,4.498356,0.0,57.945824,43.223614,0.0,62.400000000000006,23.80000000000001,70
69.773895,-53.467873,0.0,-32.240986,-70.41945,0.0,-45.9,-48.099999999999994,70
-31.685814,78.43895,0.0,-59.197266,-75.531494,0.0,-58.3,33.80000000000001,70
39.121555,-51.60155,0.0,63.70297,23.54615,0.0,57.60000000000002,-38.5,70
-25.562737,11.4193735,0.0,-71.12365,93.201996,0.0,-65.69999999999999,76.80000000000001,70
-41.617073,17.600164,0.0,-99.95018,68.80901,0.0,-52.0,96.30000000000001,70
-79.89837,-46.878696,0.0,61.956745,-86.63851,0.0,-80.3,-83.8,70
-88.35519,-97.19,0.0,4.780074,95.50421,0.0,-82.7,72.20000000000002,70
-25.908733,-87.28304,0.0,35.8534,85.43713,0.0,16.60000000000001,-95.8,70
-33.661083,91.45324,0.0,-23.450434,99.59443,0.0,-28.599999999999994,95.70000000000002,70
39.635952,20.454742,0.0,-46.32209,51.471992,0.0,-37.599999999999994,55.400000000000006,70
-77.74183,60.35835,0.0,0.35979536,78.786156,0.0,-90.3,80.4,70
-78.43409,-51.43011,0.0,85.97428,-87.86034,0.0,-84.5,-86.0,70
28.212763,19.804806,0.0,-98.7134,29.996176,0.0,-77.0,26.900000000000006,70
50.212326,-84.30799,0.0,-81.92389,-51.667,0.0,-82.0,-84.3,70
27.317095,-20.2562,0.0,40.3285,-90.635414,0.0,7.800000000000011,-78.7,70
-75.810936,-52.367325,0.0,-44.703674,94.73691,0.0,-42.0,-65.19999999999999,70
23.597805,91.95083,0.0,-69.378426,-97.91016,0.0,-76.9,-71.2,70
-41.050148,-60.385883,0.0,85.89566,81.058,0.0,-17.39999999999999,81.10000000000002,70
64.81893,-54.16997,0.0,93.51344,79.33911,0.0,64.80000000000001,87.10000000000002,70
13.510846,-96.62559,0.0,-81.737915,69.954926,0.0,-81.9,-73.0,70
-57.5896,85.51613,0.0,-79.05,-72.03198,0.0,-81.7,85.0,70
45.321316,20.660604,0.0,-95.917786,-45.354206,0.0,-98.9,-63.6,70
0.1156858,-54.453854,0.0,8.963994,84.18039,0.0,7.0,84.10000000000002,70
93.66934,70.16567,0.0,-87.15581,49.322556,0.0,99.60000000000002,72.30000000000001,70
96.27683,5.551559,0.0,61.371857,-97.05423,0.0,96.30000000000001,-81.1,70
-54.566994,79.25749,0.0,-3.744846,84.60191,0.0,-25.799999999999997,87.10000000000002,70
43.920235,-77.79001,0.0,36.543064,86.224815,0.0,39.70000000000002,85.4,70
95.80259,-98.13863,0.0,-35.036762,53.74044,0.0,-40.0,-73.2,70
-1.164524,78.01449,0.0,-4.125124,90.11752,0.0,-3.3999999999999915,94.0,70
74.47407,76.825775,0.0,62.33375,-72.24027,0.0,56.70000000000002,93.80000000000001,70
-23.67087,-19.579458,0.0,97.07981,67.77772,0.0,96.9,88.9,70
-21.485342,91.596176,0.0,-58.784973,89.02688,0.0,-40.099999999999994,91.5,70
63.002617,-98.16866,0.0,-38.736713,95.80747,0.0,55.10000000000002,81.60000000000002,70
52.022713,-25.890814,0.0,94.03905,90.67985,0.0,100.0,76.4,70
-38.208958,50.04149,0.0,34.585762,-91.966965,0.0,-24.700000000000003,-81.7,70
-80.26551,-93.30169,0.0,58.0475,-22.07042,0.0,58.0,-77.6,70
-21.845886,80.16686,0.0,-78.20554,-11.041583,0.0,-80.6,87.30000000000001,70
-48.583416,24.877165,0.0,-42.92711,-67.293686,0.0,-42.9,-21.39999999999999,70
89.04485,75.834984,0.0,-15.004389,20.424803,0.0,78.80000000000001,33.400000000000006,70
15.265102,34.11535,0.0,67.18407,-94.36584,0.0,32.20000000000002,-79.4,70
-57.574413,98.644966,0.0,-89.97031,-41.164593,0.0,-83.1,77.60000000000002,70
-83.26374,99.44778,0.0,54.714005,50.531612,0.0,56.10000000000002,77.5,70
5.081473,93.91808,0.0,55.60407,-26.740213,0.0,55.80000000000001,81.0,70
-33.584904,77.07104,0.0,-27.306293,4.2969117,0.0,-47.699999999999996,50.0,70
-13.24923,-52.659615,0.0,60.810413,-52.287037,0.0,52.30000000000001,-46.0,70
-20.43939,23.165907,0.0,68.11444,-78.64814,0.0,49.5,29.80000000000001,70
-83.21314,11.045625,0.0,94.54737,97.82529,0.0,-83.3,77.0,70
2.7720578,26.382278,0.0,57.777733,-63.114357,0.0,57.80000000000001,28.400000000000006,70
-10.669323,-77.186935,0.0,69.569565,-58.67203,0.0,22.60000000000001,-90.3,70
15.60304,-34.232395,0.0,71.12336,-91.10058,0.0,45.400000000000006,-64.3,70
57.756577,-23.73876,0.0,24.523415,16.055141,0.0,21.200000000000003,-4.599999999999994,70
-41.25859,-55.831585,0.0,-84.51162,51.16733,0.0,-26.5,40.30000000000001,70
18.324001,84.84689,0.0,-47.25411,81.400345,0.0,-18.5,89.70000000000002,70
-38.466564,65.35052,0.0,-60.449127,-87.89764,0.0,-54.599999999999994,-83.4,70
6.8436265,-30.505587,0.0,62.37443,-60.420746,0.0,52.900000000000006,-59.099999999999994,70
-81.283646,-25.775808,0.0,-19.741762,-83.44279,0.0,-81.4,-81.4,70
-79.661385,6.531652,0.0,39.378395,80.42512,0.0,-79.8,85.5,70
30.340715,-50.180283,0.0,-46.52412,33.066116,0.0,-29.599999999999994,-27.599999999999994,70
91.67539,38.51692,0.0,-32.75096,41.593296,0.0,96.60000000000002,44.70000000000002,70
-0.9314135,31.487875,0.0,66.63576,-90.220375,0.0,52.30000000000001,21.400000000000006,70
-97.600334,55.766144,0.0,70.421555,-91.90207,0.0,-75.4,-79.5,70
94.35314,39.388355,0.0,-34.49539,61.824398,0.0,-38.5,47.30000000000001,70
43.14569,85.47237,0.0,-6.223286,-37.823437,0.0,-19.099999999999994,-51.5,70
65.60629,-51.443302,0.0,-16.187967,85.94707,0.0,44.599999999999994,85.70000000000002,70
-30.809856,31.055096,0.0,11.525642,10.12976,0.0,-6.199999999999989,23.30000000000001,70
46.97631,28.468016,0.0,28.965572,-81.91107,0.0,24.80000000000001,-84.5,70
24.466105,-47.880604,0.0,-76.4141,96.81042,0.0,14.200000000000003,78.9,70
95.339935,-25.196785,0.0,52.503628,76.35045,0.0,95.4,82.0,70
32.771885,76.93561,0.0,-34.257965,7.0486503,0.0,15.0,38.20000000000002,70
-47.730286,22.208889,0.0,-43.199287,-72.70572,0.0,-40.699999999999996,-25.89999999999999,70
99.14407,57.363194,0.0,18.892475,-7.3357334,0.0,95.0,0.4000000000000057,70
67.875465,14.020883,0.0,17.793308,-5.662776,0.0,31.700000000000017,39.80000000000001,70
-78.56401,-94.16775,0.0,35.188564,-85.533516,0.0,-21.39999999999999,-92.1,70
40.508057,-45.759678,0.0,94.395164,74.75336,0.0,97.9,-34.099999999999994,70
20.535906,-17.289026,0.0,-10.490578,27.403557,0.0,24.5,5.0,70
79.94192,6.270115,0.0,-85.06949,20.599411,0.0,-84.6,21.80000000000001,70
95.15046,41.898693,0.0,59.477596,-14.9327755,0.0,94.0,47.20000000000002,70
95.117386,-8.37849,0.0,-81.404305,82.95153,0.0,95.20000000000002,83.0,70
97.84543,-76.69377,0.0,61.66094,83.76535,0.0,97.9,85.20000000000002,70
27.17994,93.84592,0.0,-37.453926,-25.91882,0.0,-41.699999999999996,80.30000000000001,70
96.05402,-49.640507,0.0,78.33588,91.22168,0.0,97.20000000000002,80.0,70
35.110935,83.85405,0.0,46.66064,79.10594,0.0,44.80000000000001,91.30000000000001,70
94.48367,-96.36889,0.0,59.296124,21.864813,0.0,61.400000000000006,-81.5,70
37.85062,-48.64855,0.0,-68.94768,75.92666,0.0,32.599999999999994,-45.5,70
89.93532,90.761955,0.0,-13.55195,34.314175,0.0,69.0,82.9,70
-21.50061,-39.492638,0.0,81.99877,76.89738,0.0,-71.6,77.0,70
90.20513,98.06761,0.0,-94.903015,-57.426582,0.0,-78.0,78.30000000000001,70
-48.113453,37.411934,0.0,87.62457,95.055214,0.0,-28.799999999999997,78.70000000000002,70
-77.99582,-90.803535,0.0,-4.503766,-41.523186,0.0,-88.3,-63.3,70
-61.636425,-99.7938,0.0,-90.440216,32.88545,0.0,-83.6,-77.0,70
-11.694337,79.68717,0.0,62.122982,76.29559,0.0,42.80000000000001,95.20000000000002,70
-79.03472,-32.246113,0.0,95.45529,5.460361,0.0,-84.3,-17.5,70
-35.847347,-24.707457,0.0,59.0635,65.44224,0.0,59.0,-70.5,70
-4.219181,16.561987,0.0,16.255835,-53.10341,0.0,17.80000000000001,13.400000000000006,70
-22.2064,96.851135,0.0,-8.9885845,-30.456623,0.0,-55.4,61.30000000000001,70
-43.803616,55.583626,0.0,-45.930607,-4.9671254,0.0,-43.4,25.400000000000006,70
-20.18885,-50.39389,0.0,-88.49044,29.993862,0.0,-78.6,-1.1999999999999886,70
-81.078094,-99.03691,0.0,60.81074,57.266373,0.0,58.900000000000006,-73.7,70
-89.48027,-86.69068,0.0,3.1819298,-43.41375,0.0,-81.4,-48.699999999999996,70
56.415024,7.367357,0.0,43.55874,-41.258373,0.0,63.60000000000002,-69.2,70
10.780605,30.480316,0.0,-34.75143,-81.179794,0.0,-50.5,-11.899999999999991,70
99.10212,-56.31821,0.0,-24.909079,97.90796,0.0,99.10000000000002,77.4,70
41.80845,97.0745,0.0,-7.93799,93.7026,0.0,16.900000000000006,95.70000000000002,70
-0.97366714,-99.66256,0.0,13.614687,20.457876,0.0,32.099999999999994,-71.5,70
-17.755377,-35.222507,0.0,49.90603,94.1606,0.0,-42.599999999999994,-14.699999999999989,70
66.893105,-92.207634,0.0,-38.798706,-7.4588685,0.0,-0.5999999999999943,-80.2,70
56.713577,-81.703094,0.0,-84.75863,67.14279,0.0,-84.7,-84.8,70
92.67374,34.92593,0.0,37.905964,-92.98469,0.0,67.80000000000001,-78.6,70
-24.225895,-80.78221,0.0,-11.349762,-42.299614,0.0,-67.6,-61.599999999999994,70
52.493454,73.34591,0.0,53.19668,90.65526,0.0,57.30000000000001,84.4,70
25.815664,34.015648,0.0,-49.180687,79.941956,0.0,-28.700000000000003,3.6000000000000085,70
59.15203,80.71236,0.0,-95.12623,-48.435947,0.0,-76.8,82.30000000000001,70
-0.7801504,-48.744476,0.0,-4.64998,85.11366,0.0,21.80000000000001,-24.0,70
-84.987755,64.70846,0.0,27.952818,22.444715,0.0,-84.8,40.70000000000002,70
-45.062325,-89.82725,0.0,89.357544,-86.6717,0.0,20.0,-90.9,70
89.06852,93.446175,0.0,11.584907,87.447044,0.0,50.400000000000006,91.5,70
-39.126534,0.56155586,0.0,51.958965,48.05694,0.0,-39.699999999999996,18.60000000000001,70
-13.279587,23.646072,0.0,24.856272,-22.262144,0.0,13.5,18.30000000000001,70
-41.665997,-75.38189,0.0,-90.98442,72.470314,0.0,-76.9,-95.9,70
53.31642,-46.585163,0.0,69.78215,-12.352243,0.0,56.70000000000002,-44.599999999999994,70
16.408432,9.399587,0.0,39.70683,34.06148,0.0,19.80000000000001,6.800000000000011,70
24.518456,-36.248352,0.0,-50.141605,99.286026,0.0,10.300000000000011,74.5,70
-13.186237,-40.111916,0.0,-51.58989,-88.91527,0.0,-28.799999999999997,-48.9,70
57.532948,-41.697697,0.0,61.957912,-21.731298,0.0,61.900000000000006,-32.3,70
-43.621006,-98.61787,0.0,70.443665,-96.02828,0.0,13.300000000000011,-97.5,70
-93.36798,-27.767628,0.0,-99.57441,65.16283,0.0,-96.6,18.80000000000001,70
74.90318,29.461975,0.0,-84.52414,41.44703,0.0,-84.5,29.30000000000001,70
-93.88757,27.61612,0.0,70.21256,79.87688,0.0,-78.8,91.30000000000001,70
-39.41721,-88.178276,0.0,94.86642,58.504414,0.0,95.10000000000002,-82.9,70
85.60187,-92.45374,0.0,-98.43189,-43.82699,0.0,-79.4,-79.2,70
-98.40147,10.367762,0.0,-19.455017,98.792366,0.0,-72.7,70.9,70
-84.927444,68.94627,0.0,31.986017,-78.903145,0.0,-84.9,-80.0,70
-35.147545,89.56271,0.0,-18.83419,96.97553,0.0,-27.099999999999994,93.70000000000002,70
-18.885435,16.708767,0.0,-65.501076,76.813324,0.0,-70.7,37.5,70
0.8992339,-84.18034,0.0,41.18319,-99.121605,0.0,21.0,-92.0,70
0.27508277,93.43108,0.0,-19.530542,-25.761084,0.0,30.0,76.20000000000002,70
82.04974,91.31813,0.0,58.477337,-24.784138,0.0,66.30000000000001,79.20000000000002,70
-98.822586,-83.06288,0.0,36.392517,-44.890034,0.0,-75.7,-55.5,70
-41.803432,88.59698,0.0,-81.39476,13.579535,0.0,-81.4,82.10000000000002,70
90.197655,5.7413306,0.0,0.6948069,31.35324,0.0,45.0,24.5,70
-88.3731,-41.00446,0.0,14.141739,75.35477,0.0,-84.7,-40.9,70
90.71021,63.3623,0.0,94.3822,-71.30027,0.0,100.0,-21.39999999999999,70
-69.6302,93.61577,0.0,-14.784186,76.620224,0.0,-43.599999999999994,90.30000000000001,70
69.713295,28.236752,0.0,34.990242,-51.964657,0.0,54.0,-40.3,70
-65.32315,75.46045,0.0,10.992666,88.159874,0.0,-49.5,93.70000000000002,70
-96.961235,-92.33342,0.0,44.6197,31.198591,0.0,-78.8,-8.299999999999997,70
37.04694,-95.390625,0.0,56.10516,65.32988,0.0,56.20000000000002,-79.3,70
-10.454679,-39.374905,0.0,-97.8479,63.07339,0.0,-79.3,1.6000000000000085,70
-54.910023,41.32397,0.0,-23.486979,-37.06658,0.0,-41.8,8.5,70
69.872505,-93.569046,0.0,35.709244,-51.861786,0.0,48.20000000000002,-48.8,70
-5.560974,-43.82996,0.0,-28.689451,94.17821,0.0,-67.8,-2.0,70
21.388311,-82.90184,0.0,27.042736,-92.51837,0.0,23.0,-91.8,70
-81.0076,9.404678,0.0,-86.95201,-77.18019,0.0,-90.0,-33.39999999999999,70
-39.1931,93.28789,0.0,28.329046,4.0163803,0.0,-22.19999999999999,76.20000000000002,70
19.343916,-0.2129274,0.0,-8.155949,-33.629288,0.0,26.10000000000001,-38.099999999999994,70
-88.99419,24.213419,0.0,49.595554,81.08114,0.0,-82.7,81.60000000000002,70
5.2633557,-77.15409,0.0,67.26978,-7.181383,0.0,30.30000000000001,-93.9,70
-76.66985,22.74864,0.0,27.11203,-76.06617,0.0,-100.0,11.0,70
7.641644,16.750452,0.0,-45.147915,31.46546,0.0,-26.39999999999999,24.400000000000006,70
-91.58038,-11.492901,0.0,58.435204,-14.565018,0.0,-95.4,-9.899999999999991,70
-57.73368,81.4039,0.0,28.773685,-26.220167,0.0,-23.5,76.10000000000002,70
53.81872,40.631073,0.0,41.245193,-92.15946,0.0,55.60000000000002,-80.7,70
3.1102564,99.3751,0.0,-44.12755,-25.422089,0.0,-38.099999999999994,77.70000000000002,70
72.488556,95.54103,0.0,18.619102,-4.3124113,0.0,32.099999999999994,78.30000000000001,70
-18.690285,85.83541,0.0,22.064514,-54.06953,0.0,10.100000000000009,85.80000000000001,70
7.321284,77.98178,0.0,-32.346542,89.71171,0.0,-14.5,89.70000000000002,70
58.9557,2.0336463,0.0,86.26458,10.870921,0.0,70.20000000000002,10.900000000000006,70
18.166142,-91.024086,0.0,57.22967,4.332556,0.0,57.30000000000001,-79.5,70
-84.198006,-2.1377003,0.0,32.37536,76.861176,0.0,-84.2,77.30000000000001,70
52.49117,-24.389727,0.0,40.78099,-85.24508,0.0,62.20000000000002,-84.5,70
65.33309,93.155945,0.0,-6.7109485,30.6456,0.0,53.0,30.599999999999994,70
-39.230164,61.742767,0.0,92.53879,48.496567,0.0,-52.5,76.4,70
69.38066,-25.645872,0.0,-17.732264,26.007113,0.0,31.700000000000017,25.200000000000003,70
15.951239,-30.138142,0.0,68.756325,-42.51213,0.0,22.60000000000001,-40.9,70
60.540302,-55.78625,0.0,58.995144,-4.4212623,0.0,59.10000000000002,-30.200000000000003,70
26.858126,81.452515,0.0,3.6498299,-48.0169,0.0,26.30000000000001,-13.299999999999997,70
-13.897996,-80.61586,0.0,-49.227863,51.354675,0.0,-20.19999999999999,-80.6,70
-20.972689,-95.6173,0.0,-53.452404,13.786554,0.0,-19.69999999999999,-77.7,70
99.49507,87.931244,0.0,79.581116,12.306516,0.0,100.0,33.099999999999994,70
-18.837704,7.7968936,0.0,15.864131,87.59265,0.0,-17.0,90.0,70
-55.388283,79.320816,0.0,-95.54121,24.140713,0.0,-80.1,79.4,70
-25.360867,-6.071644,0.0,-73.928314,-78.73089,0.0,-82.8,-78.3,70
-16.525532,-31.299393,0.0,-29.753252,97.48821,0.0,-64.4,-0.7999999999999972,70
97.07715,-51.64158,0.0,34.364136,-92.056725,0.0,97.10000000000002,-83.2,70
98.83335,57.10084,0.0,59.203964,-13.385855,0.0,91.60000000000002,45.900000000000006,70
-85.1567,76.75435,0.0,53.165176,90.72566,0.0,-67.1,97.10000000000002,70
80.142654,20.67217,0.0,28.684986,99.27816,0.0,33.599999999999994,77.5,70
-81.32589,-11.184197,0.0,68.03943,-19.983582,0.0,-76.0,5.800000000000011,70
-32.271114,-38.106277,0.0,-78.920006,42.396442,0.0,-78.4,-20.39999999999999,70
62.496258,-78.116295,0.0,-20.400465,-43.891193,0.0,53.70000000000002,-49.9,70
95.65317,54.639874,0.0,-95.02425,-81.9861,0.0,95.70000000000002,-82.8,70
-1.9177297,23.119596,0.0,43.53456,-91.09014,0.0,33.80000000000001,-89.2,70
57.932148,-93.0203,0.0,-17.835827,-81.89948,0.0,20.400000000000006,-89.3,70
48.19894,-93.979935,0.0,-41.74683,-12.447413,0.0,10.700000000000003,-74.4,70
94.53569,46.759327,0.0,26.266245,-1.8324383,0.0,91.9,-9.199999999999989,70
57.21143,50.12627,0.0,50.936863,-87.318214,0.0,61.900000000000006,-77.4,70
90.58739,63.7161,0.0,85.10439,3.618286,0.0,96.30000000000001,34.099999999999994,70
-85.21266,-10.054732,0.0,-89.99424,-49.537445,0.0,-90.0,-30.0,70
61.157513,-70.980125,0.0,98.729095,23.044903,0.0,61.10000000000002,5.800000000000011,70
-87.003876,84.943535,0.0,58.613823,34.850613,0.0,58.60000000000002,84.9,70
-28.393696,-52.984337,0.0,53.76479,37.153706,0.0,64.80000000000001,-16.0,70
-96.79038,-31.26109,0.0,-72.392456,94.531044,0.0,-89.7,73.60000000000002,70
-20.039051,-94.6733,0.0,25.19412,-54.21748,0.0,-14.899999999999991,-98.5,70
-19.42192,14.477609,0.0,-37.584274,-64.53696,0.0,-43.8,-6.8999999999999915,70
73.73916,29.637125,0.0,-89.95837,70.75604,0.0,-82.8,28.400000000000006,70
83.73554,-82.034546,0.0,-42.19893,-51.64785,0.0,-38.199999999999996,-82.1,70
-35.992355,91.313065,0.0,96.83219,-3.7265394,0.0,97.0,81.60000000000002,70
-33.59158,-30.155352,0.0,49.775963,90.30023,0.0,-44.3,81.9,70
-76.9814,99.47932,0.0,-37.95249,48.052483,0.0,-54.699999999999996,78.4,70
73.98234,6.3551197,0.0,-67.54428,-87.74598,0.0,-11.799999999999997,-82.2,70
-93.04404,-87.72234,0.0,-26.978975,6.988104,0.0,-67.8,-79.4,70
60.8925,18.358953,0.0,-1.9762647,79.920074,0.0,58.80000000000001,80.0,70
86.12832,13.647363,0.0,91.24364,-3.9697754,0.0,100.0,6.400000000000006,70
-98.13167,30.141685,0.0,54.41417,-99.3573,0.0,-75.2,-72.4,70
-99.81431,-19.408855,0.0,-40.69347,-65.29529,0.0,-59.8,-41.3,70
-42.55521,-99.444725,0.0,-18.6158,84.52997,0.0,-33.3,84.5,70
26.934526,14.511329,0.0,87.133865,-79.55987,0.0,22.700000000000003,-79.7,70
-31.016525,19.272032,0.0,-95.08562,-49.168125,0.0,-67.6,-13.799999999999997,70
85.99562,76.32572,0.0,44.80815,32.4508,0.0,78.20000000000002,15.0,70
-40.665474,45.12156,0.0,-93.91777,-7.1097565,0.0,-64.69999999999999,11.900000000000006,70
-28.53846,-30.062466,0.0,94.16873,-92.81641,0.0,22.400000000000006,-60.9,70
-75.09824,-40.934517,0.0,-98.115715,29.077581,0.0,-99.9,-6.0,70
-79.15293,46.972416,0.0,-82.44279,-57.60941,0.0,-86.1,-6.799999999999997,70
51.757446,-61.30594,0.0,91.77862,-27.80143,0.0,100.0,-30.200000000000003,70
77.78628,83.01994,0.0,18.61863,-37.125805,0.0,33.900000000000006,78.10000000000002,70
-18.223627,-35.4517,0.0,-35.026527,-21.326847,0.0,-30.099999999999994,-32.39999999999999,70
-38.89601,17.586285,0.0,-34.69073,35.78912,0.0,-38.8,26.200000000000003,70
-3.1072178,17.521227,0.0,49.17086,-88.88569,0.0,37.0,-79.7,70
85.673645,20.325876,0.0,-99.63177,59.790787,0.0,-74.0,38.30000000000001,70
-41.366737,-56.760303,0.0,-42.023678,6.981857,0.0,-41.5,-24.89999999999999,70
-14.775839,79.25485,0.0,98.417656,65.68965,0.0,98.5,79.4,70
94.515144,98.51924,0.0,-32.456078,-35.196976,0.0,-41.699999999999996,75.80000000000001,70
3.7801828,34.817505,0.0,50.402843,19.249483,0.0,21.900000000000006,-3.8999999999999915,70
24.560013,-36.960773,0.0,-73.60699,-77.25633,0.0,-28.599999999999994,-52.699999999999996,70
-28.123566,-53.218517,0.0,-92.68222,-97.09718,0.0,-79.0,-44.599999999999994,70
94.99423,66.89393,0.0,20.336464,97.66442,0.0,100.0,76.5,70
99.60345,82.17876,0.0,25.505629,-99.20736,0.0,99.60000000000002,-80.3,70
-48.443584,-19.010044,0.0,-33.65097,-5.2891498,0.0,-41.4,-12.099999999999994,70
-36.375984,-44.46512,0.0,98.0635,34.99314,0.0,98.10000000000002,-50.599999999999994,70
44.93014,25.870869,0.0,86.76623,91.950836,0.0,85.80000000000001,72.80000000000001,70
-89.6661,22.562862,0.0,-97.696106,-76.12051,0.0,-94.1,-27.0,70
15.200924,-7.8021708,0.0,62.302086,-8.610667,0.0,56.5,-8.399999999999991,70
-81.27042,-85.00069,0.0,81.86479,85.993256,0.0,-81.3,86.0,70
91.108284,71.99627,0.0,-19.467001,-39.557285,0.0,-26.89999999999999,-32.7,70
98.49966,63.16824,0.0,66.90404,-38.804676,0.0,97.5,-20.5,70
85.60411,75.23365,0.0,18.104763,9.142437,0.0,22.200000000000003,16.0,70
-34.514267,57.964565,0.0,-99.11299,-87.03146,0.0,-66.1,-1.5999999999999943,70
93.171646,-94.53272,0.0,-76.69826,1.1873016,0.0,-86.8,-77.7,70
-40.136093,-83.999695,0.0,-52.00817,-24.75321,0.0,-42.5,-57.8,70
-99.55884,-39.61801,0.0,54.21671,-34.448658,0.0,-71.4,-29.200000000000003,70
-82.757904,-6.1583915,0.0,9.309161,23.822641,0.0,-82.8,9.0,70
75.26014,24.900074,0.0,91.98565,78.42819,0.0,100.0,27.700000000000003,70
51.83299,-80.01987,0.0,-44.37725,88.1567,0.0,-26.39999999999999,-81.1,70
4.518452,-38.238388,0.0,-36.809593,-32.463367,0.0,-16.299999999999997,-44.099999999999994,70
-81.34887,-23.407814,0.0,-26.667995,85.53176,0.0,-81.3,83.4,70
69.54241,-8.086377,0.0,-79.18256,3.7761917,0.0,-91.1,-2.299999999999997,70
98.67818,-12.524736,0.0,-76.9815,-51.79493,0.0,100.0,-14.899999999999991,70
-21.054333,25.442719,0.0,-77.90008,68.53441,0.0,-78.3,50.400000000000006,70
-85.15058,87.96984,0.0,-84.22715,73.593636,0.0,-86.4,82.0,70
-70.645035,-86.34461,0.0,-16.981237,-51.167484,0.0,2.0,-50.8,70
48.03195,-90.36169,0.0,-53.18474,4.3708386,0.0,25.5,-82.8,70
-39.722794,-63.09983,0.0,83.64925,31.041952,0.0,-31.39999999999999,15.600000000000009,70
-65.72735,90.545525,0.0,15.374847,17.34646,0.0,-10.799999999999997,36.70000000000002,70
-79.69985,-98.03711,0.0,-82.77271,-75.04046,0.0,-88.1,-88.0,70
-68.50277,82.34255,0.0,5.798485,-76.10917,0.0,-62.5,100.0,70
-81.150696,41.113438,0.0,44.277767,76.615074,0.0,-82.0,78.10000000000002,70
67.67638,-19.439735,0.0,-30.001356,-59.33349,0.0,40.80000000000001,-58.199999999999996,70
83.29211,-97.10224,0.0,-93.58,89.60537,0.0,-78.4,-75.4,70
-81.52448,-29.321108,0.0,-95.79063,49.362743,0.0,-90.5,10.5,70
-12.2598095,24.003305,0.0,-55.698406,92.94743,0.0,-24.0,25.30000000000001,70
-11.684167,-92.43275,0.0,-78.12804,-49.54858,0.0,-87.4,-79.3,70
-46.590218,-45.610607,0.0,-86.47177,20.447891,0.0,-32.5,-3.0,70
20.368952,-54.33007,0.0,84.97385,-82.62952,0.0,45.099999999999994,-84.2,70
31.836723,94.54407,0.0,-79.51678,81.315094,0.0,-29.89999999999999,92.20000000000002,70
98.315834,71.22625,0.0,20.09791,-13.608427,0.0,95.9,31.200000000000017,70
-48.819386,-5.0296783,0.0,-67.437805,-93.080444,0.0,-48.699999999999996,-78.6,70
7.8575554,-49.399082,0.0,-90.35665,47.025066,0.0,-84.3,12.200000000000003,70
-7.0307393,-50.45957,0.0,7.1631927,-45.660164,0.0,0.9000000000000057,-38.699999999999996,70
46.580635,-96.232086,0.0,90.07139,17.90437,0.0,79.0,2.200000000000003,70
95.61327,33.023727,0.0,-79.654366,-6.7058363,0.0,-81.6,4.300000000000011,70
56.45074,89.52233,0.0,64.256294,3.3655605,0.0,65.20000000000002,50.400000000000006,70
-66.33316,77.64407,0.0,-46.496788,-47.00017,0.0,-46.5,83.20000000000002,70
94.85444,16.191683,0.0,-82.26135,54.531456,0.0,-82.2,42.599999999999994,70
-76.278435,86.17991,0.0,-98.252266,-59.360184,0.0,-97.7,68.5,70
22.892906,94.63622,0.0,95.89842,-90.242676,0.0,97.30000000000001,71.30000000000001,70
-42.74231,45.329086,0.0,24.939861,-80.11528,0.0,-26.5,-82.4,70
89.1784,12.603629,0.0,-21.234926,-39.862804,0.0,1.1000000000000085,-37.699999999999996,70
74.253494,22.968422,0.0,14.518718,-89.49695,0.0,38.400000000000006,-82.0,70
51.62744,30.604132,0.0,24.139648,-98.19186,0.0,73.80000000000001,-77.2,70
33.54751,24.568142,0.0,-98.51259,-29.093115,0.0,-77.5,1.5,70
-32.855854,67.28497,0.0,-83.5412,78.293495,0.0,-76.8,87.60000000000002,70
49.512688,-53.63224,0.0,-61.941036,90.84575,0.0,-45.5,94.9,70
-98.47994,37.16884,0.0,21.80763,88.23582,0.0,-76.9,82.4,70
52.980682,-55.698364,0.0,-29.349728,-76.179924,0.0,66.70000000000002,-100.0,70
-27.587463,-20.196535,0.0,-85.8313,-74.2913,0.0,-77.1,-37.9,70
-98.902115,34.066814,0.0,-7.082329,17.216219,0.0,-75.7,30.099999999999994,70
-75.205956,-14.481126,0.0,-79.32005,41.885757,0.0,-88.4,13.900000000000006,70
35.471024,-84.64325,0.0,-29.386824,-75.46093,0.0,-2.5,-100.0,70
67.82564,64.170135,0.0,-40.182583,7.5440235,0.0,41.80000000000001,39.70000000000002,70
98.58281,99.6292,0.0,-91.23998,-44.532032,0.0,-81.6,76.70000000000002,70
-41.966045,-85.60042,0.0,-43.756645,67.00166,0.0,-43.5,-41.9,70
-77.005646,-10.129626,0.0,91.94312,44.886436,0.0,-81.3,-29.700000000000003,70
-80.55006,-92.9846,0.0,-34.6749,87.70954,0.0,-61.0,-79.8,70
-61.02332,94.76997,0.0,36.178917,-79.98338,0.0,24.30000000000001,-81.0,70
-37.228703,44.07602,0.0,54.37415,-79.77224,0.0,-23.700000000000003,-86.2,70
56.132034,-27.345356,0.0,83.96084,11.607173,0.0,68.5,10.700000000000003,70
-67.47827,78.03018,0.0,45.628937,-81.00767,0.0,-20.39999999999999,83.9,70
-0.19615309,13.114204,0.0,72.76376,3.6953144,0.0,41.900000000000006,30.599999999999994,70
-70.70104,82.665054,0.0,-86.5703,19.084347,0.0,-86.1,82.80000000000001,70
22.668188,-91.370636,0.0,21.243689,12.144895,0.0,24.30000000000001,-78.9,70
20.403095,95.76006,0.0,-40.02931,61.85336,0.0,-39.8,82.60000000000002,70
-79.63924,40.056087,0.0,-86.42669,84.75679,0.0,-91.0,63.10000000000002,70
25.66756,91.60854,0.0,-88.00616,59.959957,0.0,-82.3,82.4,70
-2.0836136,85.87651,0.0,-47.168518,-29.040298,0.0,-30.599999999999994,85.4,70
4.54615,-47.9258,0.0,95.167244,-33.150635,0.0,95.20000000000002,-48.699999999999996,70
79.59657,2.7402883,0.0,-86.29619,63.84686,0.0,-100.0,45.30000000000001,70
56.301395,-88.223236,0.0,-44.945034,-2.021697,0.0,5.5,-82.5,70
17.594309,0.1550496,0.0,-17.701748,76.19046,0.0,-17.299999999999997,50.900000000000006,70
-7.07487,-35.309822,0.0,55.77214,-90.44698,0.0,61.400000000000006,-62.9,70
97.590294,43.240356,0.0,85.62292,14.484365,0.0,100.0,27.900000000000006,70
-25.948065,93.24153,0.0,73.300705,25.083117,0.0,39.20000000000002,77.10000000000002,70
67.43348,8.924741,0.0,-41.76469,-68.11008,0.0,-28.700000000000003,-60.8,70
24.785248,77.488846,0.0,9.350094,-53.541637,0.0,35.5,86.70000000000002,70
60.852905,47.255287,0.0,-42.070175,-76.81929,0.0,57.80000000000001,-100.0,70
89.50954,-77.216866,0.0,55.456566,-42.5632,0.0,67.80000000000001,-90.8,70
-92.071144,-8.810877,0.0,-82.673935,-59.9145,0.0,-92.0,-33.599999999999994,70
10.859889,-86.05987,0.0,39.67513,-83.93541,0.0,25.30000000000001,-86.1,70
-31.521921,-2.3795834,0.0,54.710674,-79.86623,0.0,-23.299999999999997,-88.2,70
-90.26834,53.63029,0.0,17.637976,-25.147121,0.0,-82.0,29.80000000000001,70
-54.404213,97.53029,0.0,-53.940594,21.901407,0.0,-37.3,73.20000000000002,70
-51.761513,-86.01342,0.0,-93.92028,79.63193,0.0,-79.4,-85.5,70
8.424844,-39.002968,0.0,-23.678816,1.7559172,0.0,20.30000000000001,-46.9,70
-37.808537,42.841457,0.0,-64.3619,-98.65032,0.0,-57.3,-78.4,70
-83.10762,-57.065792,0.0,-88.72999,0.44129235,0.0,-89.0,-28.599999999999994,70
-78.37773,48.113655,0.0,-76.72364,96.67118,0.0,-80.0,78.80000000000001,70
11.355895,9.11677,0.0,29.01894,-28.751749,0.0,19.0,4.900000000000006,70
-45.627422,92.852554,0.0,94.42224,47.193607,0.0,96.20000000000002,81.10000000000002,70
-19.295933,25.72336,0.0,91.29901,-81.744934,0.0,-65.19999999999999,-81.8,70
-89.56192,16.994764,0.0,-80.74107,-52.696365,0.0,-89.1,-18.0,70
-54.25204,-17.254105,0.0,-41.77468,-40.58314,0.0,-37.0,-22.19999999999999,70
95.48028,30.362991,0.0,41.369247,86.15444,0.0,95.80000000000001,83.10000000000002,70
-9.949212,20.181623,0.0,-29.035612,-26.077488,0.0,-41.4,5.1000000000000085,70
90.55173,34.74525,0.0,-18.451664,98.38827,0.0,68.5,77.5,70
-45.149185,72.37759,0.0,23.569653,19.407305,0.0,-35.39999999999999,33.5,70
-33.87581,-8.472333,0.0,14.217728,-32.592953,0.0,-22.89999999999999,-48.199999999999996,70
22.836384,94.706764,0.0,80.393295,-79.09573,0.0,44.30000000000001,85.4,70
-73.27293,-97.46133,0.0,94.68209,-88.1067,0.0,-36.099999999999994,-96.3,70
52.595615,56.635666,0.0,-83.84736,45.96694,0.0,-83.8,80.9,70
-40.41591,10.797782,0.0,11.910672,-35.578,0.0,-29.39999999999999,-44.5,70
98.531525,21.49613,0.0,29.621222,-53.05813,0.0,87.5,1.0,70
-3.1255655,88.897766,0.0,-52.718163,99.36133,0.0,-28.099999999999994,94.30000000000001,70
-94.7191,45.236305,0.0,-21.598635,-99.6726,0.0,-76.6,-74.1,70
-7.0617094,-89.17844,0.0,-28.223572,-38.92311,0.0,-55.099999999999994,-77.4,70
19.348597,-26.921848,0.0,71.10787,76.15925,0.0,27.5,61.30000000000001,70
-56.450367,85.18946,0.0,28.319754,-42.904926,0.0,-6.699999999999989,82.4,70
-81.49303,99.661224,0.0,79.33572,26.117296,0.0,-88.7,29.900000000000006,70
-31.218182,88.49219,0.0,95.08804,-77.33419,0.0,98.60000000000002,84.70000000000002,70
-68.56664,-88.15033,0.0,97.7796,-31.795328,0.0,97.80000000000001,-82.0,70
-93.294815,7.8637443,0.0,-88.21648,-35.78366,0.0,-91.7,-13.899999999999991,70
49.62414,97.07647,0.0,-68.26093,90.85591,0.0,-9.199999999999989,94.4,70
-51.456272,-54.71619,0.0,-38.16641,-29.308146,0.0,-37.8,-39.0,70
93.90504,-21.128765,0.0,-91.37287,-9.659721,0.0,-77.9,-60.3,70
-4.776259,80.182014,0.0,-41.93604,11.884481,0.0,-39.4,80.20000000000002,70
33.316975,30.992022,0.0,60.707676,21.53771,0.0,59.400000000000006,23.200000000000003,70
86.63968,78.522736,0.0,30.25568,20.697596,0.0,59.10000000000002,82.20000000000002,70
-97.7754,21.43445,0.0,54.97116,46.34494,0.0,-97.0,38.099999999999994,70
-90.19313,-94.08125,0.0,-51.82426,-48.714806,0.0,-44.5,-82.3,70
-29.356867,-5.715878,0.0,44.197556,76.846306,0.0,-40.9,77.9,70
-0.12727913,-80.4005,0.0,19.068165,83.8308,0.0,-28.799999999999997,-79.3,70
-77.352974,27.55262,0.0,52.302105,-94.68245,0.0,14.600000000000009,-72.5,70
12.142414,-38.40077,0.0,-39.383392,-36.76902,0.0,-12.099999999999994,-44.099999999999994,70
70.00938,90.36878,0.0,-93.7268,-95.37436,0.0,-78.1,83.9,70
-12.245962,-45.25728,0.0,58.931187,-91.83577,0.0,60.900000000000006,-49.599999999999994,70
91.73032,93.32028,0.0,-59.1688,-96.27635,0.0,2.4000000000000057,82.0,70
17.689587,-76.54208,0.0,-5.0987735,-34.05353,0.0,-27.299999999999997,-52.199999999999996,70
34.08494,-48.7782,0.0,-36.878864,92.678444,0.0,-42.8,-26.700000000000003,70
-18.421238,34.29324,0.0,68.84686,76.09298,0.0,39.5,77.9,70
29.23766,-44.79488,0.0,-56.385994,-87.499565,0.0,-21.299999999999997,-53.3,70
35.308155,-87.11992,0.0,20.159142,4.7750397,0.0,27.400000000000006,-83.4,70
3.8735573,84.461136,0.0,-46.850697,12.009929,0.0,-31.89999999999999,84.4,70
31.53515,93.441795,0.0,-28.097765,4.36274,0.0,-52.8,79.10000000000002,70
50.39176,14.6356945,0.0,-5.390897,-35.316154,0.0,35.099999999999994,-27.599999999999994,70
70.53056,88.80441,0.0,-35.109703,91.34378,0.0,17.5,91.4,70
-13.004067,-94.198006,0.0,-11.046128,-42.44824,0.0,-70.3,-58.599999999999994,70
1.3894492,-39.73038,0.0,-86.01901,-80.40659,0.0,-82.2,-53.5,70
-32.04937,-99.21266,0.0,-20.658072,-22.963404,0.0,-42.199999999999996,-88.3,70
-85.95762,48.37602,0.0,99.737434,82.01133,0.0,-85.6,82.10000000000002,70
34.870323,-77.76947,0.0,38.133617,-97.41416,0.0,34.0,-100.0,70
42.76739,-40.31344,0.0,-79.00377,-28.107779,0.0,28.599999999999994,-5.699999999999989,70
-11.648375,-84.236565,0.0,69.04875,-46.34434,0.0,34.20000000000002,-82.6,70
-76.0031,-3.3434794,0.0,57.20116,53.022434,0.0,58.10000000000002,-16.299999999999997,70
75.121994,-89.17627,0.0,49.471935,92.76103,0.0,77.60000000000002,-91.3,70
-18.587736,-36.293476,0.0,-34.997494,-70.22777,0.0,-38.599999999999994,-55.0,70
-41.531628,47.666332,0.0,-42.30459,27.068583,0.0,-42.3,37.400000000000006,70
99.72463,-78.10104,0.0,48.979713,85.633934,0.0,99.30000000000001,85.60000000000002,70
23.491121,-96.434006,0.0,-46.733738,41.212948,0.0,-17.89999999999999,-78.9,70
-97.59931,40.852158,0.0,89.41892,-92.71861,0.0,-76.5,-78.5,70
17.856827,-42.97341,0.0,-10.506523,-85.851746,0.0,12.5,-55.699999999999996,70
94.89138,-93.62667,0.0,69.0952,89.31652,0.0,100.0,84.20000000000002,70
-6.5485096,82.53877,0.0,69.23571,93.61878,0.0,31.80000000000001,92.80000000000001,70
10.456349,-39.603405,0.0,-67.65732,75.732025,0.0,20.400000000000006,-30.0,70
-45.29019,-77.73394,0.0,80.88897,-82.7376,0.0,-20.0,-93.4,70
65.89701,-42.697044,0.0,-90.352776,-80.74378,0.0,-81.2,-59.199999999999996,70
-56.68746,94.09965,0.0,-83.58728,44.502872,0.0,-83.6,80.4,70
-14.602012,99.43918,0.0,-40.91287,0.43555608,0.0,-41.599999999999994,77.70000000000002,70
-92.6107,25.550615,0.0,-2.9877496,30.397318,0.0,-78.8,21.5,70
-34.339092,-42.17343,0.0,-92.33962,-96.958954,0.0,-54.4,-77.9,70
-91.049736,-88.96509,0.0,18.087004,-99.6871,0.0,-36.699999999999996,-96.0,70
60.22969,17.861366,0.0,-83.12653,-32.496086,0.0,34.70000000000002,39.20000000000002,70
-90.77664,-9.063772,0.0,68.31534,88.31004,0.0,-81.1,83.60000000000002,70
21.572805,-10.036665,0.0,17.65114,-81.18026,0.0,19.10000000000001,-81.1,70
85.86194,32.14129,0.0,-46.121372,-99.12378,0.0,-27.299999999999997,-82.2,70
9.832787,-26.144659,0.0,97.96166,5.730455,0.0,83.60000000000002,21.0,70
58.803185,48.317802,0.0,-65.65775,89.22914,0.0,58.80000000000001,83.60000000000002,70
88.159225,96.11318,0.0,6.8231134,77.52075,0.0,40.30000000000001,98.30000000000001,70
-30.263073,72.127686,0.0,20.121693,-54.166893,0.0,29.80000000000001,13.0,70
75.772316,95.327225,0.0,77.17587,-81.55389,0.0,66.9,76.80000000000001,70
-44.184753,-27.127968,0.0,94.244095,-33.680294,0.0,94.70000000000002,-67.1,70
63.52927,-34.976944,0.0,-81.70832,-37.976395,0.0,-83.1,-31.89999999999999,70
-95.96188,96.13184,0.0,-98.03913,-12.5366335,0.0,-97.4,41.80000000000001,70
-50.013676,-13.946661,0.0,62.28593,-99.850296,0.0,28.900000000000006,-79.8,70
-19.519121,-33.913834,0.0,-38.475563,1.8302277,0.0,-38.3,-20.19999999999999,70
58.503883,-78.485695,0.0,-1.2100607,75.472115,0.0,62.70000000000002,-31.799999999999997,70
-53.364468,-34.831024,0.0,-78.198524,-4.733022,0.0,-78.2,17.0,70
-52.6286,97.96586,0.0,-97.32473,96.88412,0.0,-75.1,97.60000000000002,70
-75.167435,-92.33722,0.0,-10.596683,18.135386,0.0,-90.2,-58.8,70
58.200268,-86.39356,0.0,-91.48912,64.79778,0.0,-80.2,-85.3,70
55.840485,-58.599964,0.0,54.355087,-54.01958,0.0,67.30000000000001,-50.099999999999994,70
1.2530732,-31.616096,0.0,-6.342543,-88.67834,0.0,4.300000000000011,-73.9,70
-21.213938,-95.2555,0.0,69.691376,16.944664,0.0,44.0,-77.4,70
70.25494,-97.36971,0.0,70.74678,97.052155,0.0,49.20000000000002,38.0,70
50.67637,23.868858,0.0,25.771835,-35.81352,0.0,25.700000000000003,24.700000000000003,70
-93.702705,33.06476,0.0,66.419266,-28.054478,0.0,-87.4,28.5,70
15.840871,21.921404,0.0,51.5236,-35.75967,0.0,24.5,-15.599999999999994,70
-67.77725,-94.344376,0.0,14.050581,93.15816,0.0,-79.7,-93.3,70
73.596504,11.981607,0.0,-94.961555,-32.024334,0.0,53.70000000000002,-1.5999999999999943,70
-48.323177,9.363433,0.0,-7.106877,76.81403,0.0,-32.7,91.5,70
65.77989,32.023006,0.0,-29.785143,24.145645,0.0,17.30000000000001,24.0,70
58.698948,-69.440994,0.0,67.65928,9.249149,0.0,58.900000000000006,-1.6999999999999886,70
-47.34416,-6.4457397,0.0,58.184887,27.058226,0.0,0.7000000000000028,28.200000000000017,70
87.253845,-93.15519,0.0,-42.914494,-72.19988,0.0,-33.5,-86.2,70
-43.097557,-80.01833,0.0,53.74046,51.73636,0.0,-29.39999999999999,38.900000000000006,70
-83.52548,52.93695,0.0,14.404189,82.43681,0.0,-83.5,82.5,70
-0.9681657,-53.282658,0.0,-67.05233,-95.970795,0.0,-13.899999999999991,-49.599999999999994,70
-30.376322,52.512634,0.0,-89.38025,82.9535,0.0,-75.7,60.900000000000006,70
12.94095,-24.18878,0.0,98.01642,-90.491356,0.0,63.80000000000001,-83.5,70
-87.0116,5.4332743,0.0,60.508476,-13.227721,0.0,-79.7,9.300000000000011,70
-32.587383,-15.88829,0.0,-38.363655,16.415989,0.0,-39.0,1.6000000000000085,70
-91.84085,37.9369,0.0,-29.85442,-21.38445,0.0,-69.7,24.200000000000003,70
69.68388,46.240387,0.0,-32.520153,8.413925,0.0,2.3000000000000114,34.099999999999994,70
0.8393038,-36.247467,0.0,-63.53284,88.140366,0.0,-16.599999999999994,55.0,70
10.489016,-45.18618,0.0,94.01124,-99.343895,0.0,23.400000000000006,-49.0,70
-1.4634516,-81.70114,0.0,61.535534,33.430466,0.0,57.0,-81.7,70
38.039288,95.740234,0.0,-95.28853,50.210896,0.0,-79.0,79.0,70
-7.6585517,78.616554,0.0,-96.79461,-53.059902,0.0,-73.6,87.70000000000002,70
5.3975573,9.196362,0.0,-22.899397,-42.987675,0.0,10.800000000000011,-37.8,70
-54.3541,36.51201,0.0,-80.580055,95.41132,0.0,-37.099999999999994,75.20000000000002,70
-94.36042,-52.072178,0.0,83.86352,85.3875,0.0,-78.3,85.4,70
-49.15502,-54.484634,0.0,-15.02917,-79.077286,0.0,-27.0,-80.8,70
16.288395,-0.50359374,0.0,87.35119,-93.1428,0.0,38.099999999999994,-77.6,70
4.8863907,16.084576,0.0,7.6529603,6.9585185,0.0,13.400000000000006,15.900000000000006,70
-31.488043,-63.79554,0.0,66.05228,71.95445,0.0,51.30000000000001,-62.3,70
-55.33078,-85.483665,0.0,12.016859,90.91895,0.0,3.1000000000000085,84.4,70
-5.0876346,15.866578,0.0,27.018902,-76.7974,0.0,0.7000000000000028,-88.0,70
74.859566,-82.25099,0.0,50.93207,93.34019,0.0,74.0,-82.3,70
-77.32924,42.47921,0.0,-53.382595,11.949678,0.0,-46.4,47.20000000000002,70
77.465485,98.86384,0.0,65.314285,-44.590816,0.0,61.60000000000002,76.70000000000002,70
-32.19146,21.534027,0.0,-76.168396,-14.32027,0.0,-37.8,13.400000000000006,70
-59.8382,98.99345,0.0,-42.753193,10.941362,0.0,-43.0,72.9,70
-5.002346,-52.1241,0.0,-90.06052,31.076735,0.0,-82.2,15.700000000000003,70
22.631737,5.0543213,0.0,76.94789,25.461622,0.0,22.60000000000001,29.099999999999994,70
-41.61841,-10.624155,0.0,65.48657,-35.822723,0.0,13.600000000000009,-66.6,70
-26.62349,78.73639,0.0,29.174038,83.36679,0.0,1.1000000000000085,85.0,70
57.009903,25.398474,0.0,75.695015,21.545774,0.0,67.30000000000001,21.5,70
-45.851845,-59.406807,0.0,-85.6484,82.22813,0.0,-45.9,87.80000000000001,70
-96.50533,-97.025475,0.0,-57.287754,-78.22261,0.0,-78.7,-94.8,70
83.177124,-76.376785,0.0,-13.305128,98.098495,0.0,36.099999999999994,81.10000000000002,70
-34.92785,-32.418095,0.0,-69.47933,-88.37795,0.0,-50.8,-82.8,70
-95.882385,-98.77602,0.0,35.470745,-40.56247,0.0,12.0,-69.8,70
24.88748,80.97991,0.0,-55.25383,90.74031,0.0,-15.599999999999994,89.70000000000002,70
-45.022392,28.58745,0.0,-52.92458,6.4843903,0.0,-43.5,19.200000000000003,70
28.975397,89.233315,0.0,13.404633,-91.58832,0.0,23.900000000000006,91.0,70
-84.48806,75.85557,0.0,-9.373601,18.39868,0.0,-80.7,50.80000000000001,70
-44.846954,48.06981,0.0,92.12375,-22.89149,0.0,-31.39999999999999,9.200000000000003,70
-25.540083,20.412905,0.0,-18.137007,90.130066,0.0,-68.3,63.30000000000001,70
37.412,30.658697,0.0,10.414345,-97.18737,0.0,32.400000000000006,-85.2,70
-11.741343,82.92806,0.0,-84.07933,-1.7841525,0.0,-84.0,81.30000000000001,70
-53.844315,60.369404,0.0,-23.713524,-53.822174,0.0,-32.7,44.80000000000001,70
-31.79509,1.4547759,0.0,92.70876,17.148859,0.0,0.4000000000000057,36.20000000000002,70
94.064545,-33.395332,0.0,62.55954,15.214856,0.0,99.5,9.200000000000003,70
42.906433,-91.89968,0.0,-52.378708,30.69385,0.0,6.300000000000011,-81.4,70
60.286148,-46.818962,0.0,79.25604,25.038912,0.0,60.10000000000002,0.20000000000000284,70
54.642612,85.74263,0.0,-53.140186,-84.3997,0.0,-1.3999999999999915,86.30000000000001,70
-23.075304,-53.772617,0.0,16.923285,-81.92923,0.0,-4.699999999999989,-91.7,70
40.554302,-82.33347,0.0,-3.8913608,86.54345,0.0,34.599999999999994,-82.2,70
-40.39206,7.3098965,0.0,-16.987928,-89.10624,0.0,-27.099999999999994,-81.9,70
-11.356434,75.52183,0.0,41.121758,92.740456,0.0,-15.5,100.0,70
-45.187332,51.64552,0.0,70.72521,29.317398,0.0,-36.099999999999994,25.60000000000001,70
-19.585226,-89.519295,0.0,-23.182589,80.39853,0.0,-30.200000000000003,-81.1,70
97.50863,-51.518745,0.0,-68.07453,-95.92966,0.0,97.5,-76.4,70
51.369244,79.32056,0.0,-0.2462708,-54.772446,0.0,53.30000000000001,80.4,70
-87.65416,-41.010334,0.0,57.891575,68.49343,0.0,-99.9,71.0,70
29.954016,-8.47897,0.0,92.83981,-87.22441,0.0,99.60000000000002,-62.0,70
-83.110504,24.258467,0.0,-21.872395,-86.91935,0.0,-83.1,-83.3,70
-48.420254,3.89368,0.0,67.89201,-29.384403,0.0,10.200000000000003,-74.6,70
-67.45253,-85.12436,0.0,25.492264,-79.532265,0.0,-23.099999999999994,-85.9,70
55.692368,48.66585,0.0,93.91412,-38.593697,0.0,99.20000000000002,-15.899999999999991,70
-37.65772,-20.693567,0.0,-53.8764,-48.215103,0.0,-27.299999999999997,-36.699999999999996,70
-35.41443,18.704653,0.0,88.72844,26.586483,0.0,35.900000000000006,28.099999999999994,70
46.224445,-96.91636,0.0,-79.17451,95.17286,0.0,-98.3,-74.8,70
-2.356192,15.263216,0.0,-41.997784,-30.411186,0.0,-30.099999999999994,20.0,70
51.128807,94.822945,0.0,-84.45592,-33.474503,0.0,-84.5,79.30000000000001,70
52.39695,-85.80942,0.0,-42.686222,-59.914448,0.0,-38.199999999999996,-85.7,70
90.626785,-93.7756,0.0,55.678852,-46.09091,0.0,64.9,-81.7,70
-52.08107,67.12678,0.0,0.25891942,77.506874,0.0,-17.5,91.30000000000001,70
-38.55101,-11.040294,0.0,99.654205,-66.46185,0.0,99.5,-76.5,70
26.065132,23.181944,0.0,-45.42314,-71.72411,0.0,-32.3,10.600000000000009,70
62.278942,13.744301,0.0,-98.46007,-91.20584,0.0,56.10000000000002,-79.5,70
-97.77901,-52.796997,0.0,66.62891,-29.044006,0.0,-92.1,-51.599999999999994,70
-50.776184,60.42911,0.0,24.998867,-83.83682,0.0,-10.299999999999997,-84.2,70
-26.48944,-16.040333,0.0,-70.44717,83.65099,0.0,-69.4,83.5,70
-49.84983,0.36570597,0.0,16.073298,94.20395,0.0,-23.599999999999994,81.4,70
-99.314156,-35.740467,0.0,-90.343254,-68.12626,0.0,-95.0,-51.9,70
-44.79063,12.150692,0.0,-48.229977,25.867832,0.0,-44.699999999999996,19.10000000000001,70
37.77676,95.64545,0.0,-40.41106,-60.52563,0.0,-20.0,79.80000000000001,70
-13.0037365,82.13426,0.0,21.84041,-15.395884,0.0,-13.199999999999989,87.9,70
28.138176,34.340424,0.0,65.95272,2.905153,0.0,54.80000000000001,18.5,70
81.859955,96.54692,0.0,15.202239,-88.96513,0.0,20.0,79.80000000000001,70
-4.865149,28.809105,0.0,23.028175,-18.006098,0.0,20.200000000000003,7.5,70
98.741745,40.655266,0.0,-52.871815,-36.108585,0.0,99.5,36.099999999999994,70
59.76134,55.949528,0.0,-81.89315,-71.15705,0.0,59.70000000000002,32.099999999999994,70
22.839647,5.3523054,0.0,-46.098495,-86.36297,0.0,19.30000000000001,-83.8,70
58.642673,-12.484647,0.0,49.960167,75.16705,0.0,73.30000000000001,21.0,70
-90.09879,42.17271,0.0,2.6495163,30.777071,0.0,-80.0,21.10000000000001,70
67.91534,-57.963104,0.0,-6.1283965,17.070087,0.0,14.800000000000011,10.700000000000003,70
23.18078,-8.715797,0.0,68.02367,90.27823,0.0,36.5,85.60000000000002,70
78.59722,96.82707,0.0,66.44487,-77.720535,0.0,47.0,72.70000000000002,70
61.985386,54.053555,0.0,51.186405,57.301334,0.0,58.80000000000001,58.400000000000006,70
51.262867,16.456507,0.0,66.31671,-57.382984,0.0,59.0,-10.699999999999989,70
6.6964297,-86.64787,0.0,13.985649,-45.344707,0.0,12.600000000000009,-39.199999999999996,70
56.171566,-92.01462,0.0,99.30942,-2.842219,0.0,99.30000000000001,-82.8,70
-75.42922,19.741095,0.0,-93.14543,65.745636,0.0,-87.0,42.70000000000002,70
-49.286385,63.576996,0.0,88.94429,93.35771,0.0,-25.700000000000003,84.10000000000002,70
-20.894646,-80.94655,0.0,-6.4885,17.972906,0.0,-42.099999999999994,10.900000000000006,70
35.551456,-76.59706,0.0,-38.070538,-31.355507,0.0,-39.599999999999994,-100.0,70
89.665245,98.30696,0.0,96.40992,25.16249,0.0,100.0,72.30000000000001,70
10.970777,-94.30182,0.0,-93.984474,70.49456,0.0,-78.1,-75.2,70
-54.21387,41.048637,0.0,27.963266,78.287285,0.0,-8.199999999999989,90.10000000000002,70
23.913157,11.0960245,0.0,-78.2228,-92.67824,0.0,12.600000000000009,-77.8,70
-25.97178,-75.16064,0.0,64.798225,-4.6560607,0.0,59.0,5.1000000000000085,70
-28.291548,0.56639445,0.0,-76.978485,86.52398,0.0,-59.9,83.30000000000001,70
-1.4222312,-43.686386,0.0,77.17418,90.22324,0.0,84.5,79.0,70
-73.28439,-96.48143,0.0,81.64566,32.833744,0.0,-30.0,-68.9,70
-48.253242,32.319138,0.0,-92.406364,30.59421,0.0,-93.7,36.30000000000001,70
97.840355,-35.63178,0.0,-26.676949,-89.14545,0.0,98.20000000000002,-81.4,70
60.572807,-62.259567,0.0,-90.81133,37.617435,0.0,58.60000000000002,-53.9,70
81.704636,2.1604114,0.0,48.362453,22.388178,0.0,57.400000000000006,34.5,70
71.32783,77.87876,0.0,76.178474,-81.29222,0.0,81.10000000000002,-81.3,70
-99.78927,52.287743,0.0,-83.43885,-50.730164,0.0,-94.1,1.3000000000000114,70
-14.684345,94.245094,0.0,55.183926,-3.66532,0.0,56.60000000000002,79.60000000000002,70
-0.3533144,-96.022484,0.0,24.94892,85.44948,0.0,25.0,-81.1,70
-46.95713,-1.8185551,0.0,-52.030476,42.657776,0.0,-40.0,17.400000000000006,70
-29.327438,29.622658,0.0,18.57057,-87.11126,0.0,-33.0,-82.9,70
99.78608,-36.92547,0.0,-82.2895,-55.122284,0.0,-99.9,-55.9,70
10.384451,10.88666,0.0,-42.903816,-93.6628,0.0,-30.099999999999994,28.900000000000006,70
-36.90945,-8.194896,0.0,67.1877,-41.691242,0.0,-22.799999999999997,-47.699999999999996,70
36.211525,-41.539474,0.0,-17.790615,77.34371,0.0,26.80000000000001,85.5,70
58.258163,36.010754,0.0,8.993606,30.657412,0.0,52.400000000000006,22.700000000000003,70
19.511433,-89.482605,0.0,23.482668,21.460884,0.0,19.0,-80.8,70
16.330488,-86.07416,0.0,68.34893,9.397762,0.0,41.80000000000001,-86.0,70
36.320217,-45.06634,0.0,-68.99783,-98.53731,0.0,-15.899999999999991,-53.8,70
23.54272,28.69806,0.0,29.098566,26.875551,0.0,24.60000000000001,27.0,70
-57.711876,98.7056,0.0,-24.094156,-88.957436,0.0,-10.799999999999997,-80.2,70
99.616196,10.3366165,0.0,-21.845837,-23.06763,0.0,35.599999999999994,37.70000000000002,70
-92.1806,-15.57543,0.0,-35.016388,-46.84319,0.0,-67.3,-12.5,70
-46.402813,-75.5281,0.0,-84.944534,53.06654,0.0,-82.3,-98.2,70
61.21227,-82.549736,0.0,41.051918,98.0099,0.0,57.60000000000002,81.5,70
8.014955,5.336071,0.0,7.4059277,-26.567915,0.0,30.099999999999994,41.599999999999994,70
25.546299,78.69569,0.0,16.313307,-81.078606,0.0,38.5,100.0,70
22.583065,23.094736,0.0,-21.601206,26.23517,0.0,1.0,22.700000000000003,70
-76.367584,61.04471,0.0,7.9109607,-53.97972,0.0,-100.0,8.400000000000006,70
93.487206,45.776325,0.0,-75.172356,49.40944,0.0,95.4,50.30000000000001,70
25.324903,5.1425867,0.0,71.90768,-75.974846,0.0,23.30000000000001,-95.7,70
96.76137,-22.53183,0.0,-94.108406,35.117332,0.0,97.10000000000002,-7.799999999999997,70
-70.77447,75.71932,0.0,-0.14985801,33.744854,0.0,-72.3,33.400000000000006,70
90.26025,-46.065464,0.0,-89.08179,-52.022636,0.0,-80.9,-50.8,70
-34.469173,-2.0211918,0.0,-96.6785,-44.89055,0.0,-65.19999999999999,-27.299999999999997,70
-36.485504,88.64242,0.0,-39.88996,-54.09257,0.0,-49.699999999999996,50.0,70
-30.871725,-70.63548,0.0,-88.986725,-29.677797,0.0,-76.8,-38.099999999999994,70
-78.51025,20.616627,0.0,41.087906,29.533388,0.0,-82.6,21.700000000000003,70
15.475577,-19.382338,0.0,-47.09576,33.951237,0.0,31.0,5.6000000000000085,70
71.50707,33.01788,0.0,-44.681347,-22.15232,0.0,-30.799999999999997,7.800000000000011,70
-10.561925,22.655037,0.0,13.004909,28.842806,0.0,1.2000000000000028,22.60000000000001,70
-79.8689,-73.20189,0.0,66.33573,21.481243,0.0,58.20000000000002,32.80000000000001,70
34.781113,-40.906075,0.0,65.80346,-17.428215,0.0,50.5,-49.4,70
92.9177,80.74093,0.0,66.355034,-89.485435,0.0,48.0,82.20000000000002,70
49.719933,-42.312523,0.0,17.677921,5.088259,0.0,27.60000000000001,-47.099999999999994,70
53.75476,9.595472,0.0,-11.612378,-54.843163,0.0,63.5,13.0,70
-86.45408,16.786036,0.0,99.69638,40.724045,0.0,-86.8,15.0,70
-52.918705,83.89122,0.0,-25.354944,80.77878,0.0,-37.3,86.80000000000001,70
-81.57134,96.20436,0.0,26.302958,1.9857652,0.0,-86.3,62.20000000000002,70
47.29889,-87.35261,0.0,48.42303,91.51204,0.0,36.400000000000006,81.70000000000002,70
-93.04891,2.1989744,0.0,-93.99566,-56.775562,0.0,-94.0,-27.299999999999997,70
-2.8623877,-52.84904,0.0,54.15166,39.65962,0.0,54.70000000000002,-39.5,70
-79.66376,41.900272,0.0,-53.23896,94.2772,0.0,-83.2,80.0,70
88.46951,82.524765,0.0,-29.773794,91.16933,0.0,28.400000000000006,91.0,70
-0.69202197,-87.18654,0.0,-36.171364,-41.990795,0.0,-43.5,-82.0,70
61.659492,46.79657,0.0,58.68858,-10.808946,0.0,59.10000000000002,18.10000000000001,70
-90.16174,-13.360151,0.0,-42.488876,38.288067,0.0,-88.9,30.80000000000001,70
91.79457,-56.38563,0.0,-39.09593,10.563473,0.0,91.9,40.0,70
93.811806,-36.393127,0.0,56.796036,-37.78843,0.0,56.80000000000001,-30.39999999999999,70
92.13517,-3.848435,0.0,-56.854156,79.4561,0.0,100.0,81.4,70
67.0202,-56.703644,0.0,-92.97791,-71.35972,0.0,-78.9,-16.799999999999997,70
-26.760885,82.04538,0.0,-18.870777,32.261276,0.0,-47.8,76.20000000000002,70
-11.780278,-75.89178,0.0,71.45708,29.654778,0.0,51.80000000000001,-38.599999999999994,70
-96.051384,45.8473,0.0,-91.498184,-2.18251,0.0,-94.1,21.80000000000001,70
17.052462,-7.469335,0.0,64.085106,87.51527,0.0,40.099999999999994,80.70000000000002,70
-22.110691,94.99232,0.0,-52.483215,45.85998,0.0,-26.39999999999999,81.80000000000001,70
-30.557262,-14.871464,0.0,-76.29395,-93.78138,0.0,-58.9,-78.8,70
51.888203,-34.069942,0.0,-83.63735,-78.76643,0.0,51.80000000000001,-94.5,70
-28.893606,-16.957998,0.0,-32.06689,2.6980186,0.0,-35.8,-6.799999999999997,70
96.200615,-73.18029,0.0,-30.197933,24.342907,0.0,98.30000000000001,30.200000000000017,70
-19.081762,7.929987,0.0,-25.448324,-17.264738,0.0,-40.199999999999996,-2.1999999999999886,70
49.799564,-48.715496,0.0,-45.520897,-75.38394,0.0,-34.39999999999999,-48.599999999999994,70
78.712166,14.591214,0.0,18.049086,-95.956985,0.0,7.1000000000000085,-77.8,70
-76.67657,29.533297,0.0,65.39666,-29.871912,0.0,52.5,-30.89999999999999,70
-25.142654,-21.4597,0.0,-85.69454,-8.162546,0.0,-81.4,-8.399999999999991,70
19.80846,80.51237,0.0,41.509514,80.60854,0.0,29.5,85.4,70
99.44561,87.398506,0.0,-33.473194,-18.059664,0.0,-44.199999999999996,83.70000000000002,70
-75.435524,8.4156885,0.0,43.555805,-76.01892,0.0,38.30000000000001,-50.699999999999996,70
-92.215805,-71.23834,0.0,-19.868237,25.960484,0.0,-73.0,-41.099999999999994,70
-62.948112,83.43223,0.0,-34.705482,48.97894,0.0,-58.8,83.4,70
63.12597,85.22885,0.0,42.900295,21.275272,0.0,88.70000000000002,81.70000000000002,70
16.33949,-87.45721,0.0,-66.141,-78.984535,0.0,-23.19999999999999,-89.3,70
-76.34731,72.24188,0.0,-99.956985,13.893897,0.0,-100.0,45.30000000000001,70
-14.369932,15.304243,0.0,90.423615,38.320377,0.0,100.0,40.5,70
24.17544,88.73656,0.0,-75.92747,20.58269,0.0,33.5,84.0,70
-83.416824,42.4219,0.0,65.01703,-88.207695,0.0,-83.4,-82.9,70
23.386318,75.96164,0.0,-82.712906,40.70984,0.0,-82.7,91.10000000000002,70
88.918594,28.055593,0.0,-6.5075045,87.82695,0.0,79.60000000000002,25.200000000000003,70
-82.3035,67.69422,0.0,54.854385,47.82775,0.0,-82.3,66.5,70
-25.398315,91.37839,0.0,90.13017,43.763542,0.0,46.900000000000006,78.10000000000002,70
66.34645,47.996395,0.0,-19.51219,30.785387,0.0,43.20000000000002,30.599999999999994,70
58.697075,69.49852,0.0,87.17588,75.27831,0.0,59.10000000000002,84.4,70
-78.02675,1.859623,0.0,-0.39151004,34.908848,0.0,-82.4,12.0,70
63.63196,-50.22045,0.0,-81.28859,-13.045607,0.0,-81.9,-33.599999999999994,70
18.624638,89.226616,0.0,53.535862,99.763565,0.0,36.0,94.70000000000002,70
-49.327793,-52.06688,0.0,6.7439203,84.528564,0.0,-6.599999999999994,84.0,70
-51.667576,-80.8907,0.0,46.38232,-90.012344,0.0,0.0,-89.7,70
-55.354584,-94.74346,0.0,-26.450212,-77.23822,0.0,-40.5,-98.6,70
88.193054,6.5739264,0.0,8.978579,-42.69788,0.0,56.0,17.80000000000001,70
-86.756805,-45.832485,0.0,-30.902128,19.855196,0.0,-72.6,-15.199999999999989,70
-2.9792843,26.725462,0.0,-42.57123,9.703172,0.0,-22.799999999999997,18.200000000000003,70
-90.086044,72.05,0.0,95.41749,39.604877,0.0,-73.1,91.0,70
1.5397964,98.316895,0.0,-41.691772,-95.30267,0.0,-29.599999999999994,81.5,70
-98.347694,-58.940643,0.0,-67.54245,-91.51262,0.0,-84.7,-83.2,70
-30.68889,64.058044,0.0,-54.328945,-62.860474,0.0,-33.3,-0.19999999999998863,70
-48.27778,23.947672,0.0,99.134544,84.339264,0.0,-28.099999999999994,84.30000000000001,70
-83.7666,-74.068,0.0,-16.473806,-79.11665,0.0,-81.2,-85.9,70
-44.432285,62.12254,0.0,39.51542,-54.295708,0.0,-35.7,36.80000000000001,70
53.01568,70.74532,0.0,86.93388,96.404594,0.0,70.20000000000002,85.4,70
-15.348761,-87.14827,0.0,-52.801823,57.854527,0.0,-13.0,-84.3,70
63.859543,-43.803143,0.0,30.012863,-79.912735,0.0,48.400000000000006,-80.9,70
78.827866,26.040571,0.0,81.25885,98.89382,0.0,38.0,45.400000000000006,70
84.867424,28.443073,0.0,14.105346,-22.574118,0.0,53.30000000000001,-10.5,70
-27.415384,-36.757404,0.0,-84.79428,-44.010494,0.0,-76.6,-22.19999999999999,70
-51.272274,92.01097,0.0,-85.40372,67.12955,0.0,-84.2,85.10000000000002,70
-16.117779,21.790262,0.0,-45.760086,-58.659836,0.0,-38.0,1.2000000000000028,70
-51.295517,21.164305,0.0,-76.73642,-48.87629,0.0,-23.599999999999994,4.200000000000003,70
51.08664,-47.846035,0.0,1.9936358,-96.629654,0.0,70.20000000000002,-71.8,70
-94.632355,39.513992,0.0,32.762386,-82.22204,0.0,-77.6,-82.3,70
-39.435116,-35.605145,0.0,-73.20298,98.157455,0.0,-47.0,76.9,70
-14.773323,31.500753,0.0,68.25418,16.384678,0.0,59.20000000000002,21.0,70
-86.1593,33.085133,0.0,98.21234,-77.905,0.0,-85.0,-100.0,70
34.46041,85.463905,0.0,59.622257,72.417786,0.0,58.60000000000002,85.5,70
42.509647,31.84903,0.0,-29.95823,32.142952,0.0,9.400000000000006,18.0,70
-85.791824,-58.356983,0.0,-88.725876,5.780149,0.0,-89.1,-26.39999999999999,70
-52.920856,74.85795,0.0,42.78396,33.600193,0.0,-18.5,33.30000000000001,70
54.931717,-23.211262,0.0,-45.51877,93.50135,0.0,55.0,80.20000000000002,70
17.957567,-3.0954266,0.0,-22.05035,27.383873,0.0,22.0,12.600000000000009,70
-71.09789,-84.8906,0.0,-60.57369,88.773766,0.0,-68.5,91.60000000000002,70
-71.85858,-89.28321,0.0,77.59413,95.98889,0.0,29.400000000000006,100.0,70
88.726494,16.552505,0.0,-93.78617,-84.05739,0.0,-56.0,-78.9,70
-48.10549,14.411542,0.0,-91.6622,95.85499,0.0,-48.0,76.80000000000001,70
24.73799,-14.871106,0.0,-11.414683,16.271866,0.0,9.600000000000009,22.400000000000006,70
57.430588,-15.776858,0.0,-51.026974,13.001333,0.0,57.5,27.60000000000001,70
55.8808,34.90428,0.0,11.687583,19.002438,0.0,55.900000000000006,36.400000000000006,70
-54.08394,68.1234,0.0,64.9113,-85.40811,0.0,43.80000000000001,-85.9,70
-75.12529,33.52056,0.0,-23.419514,9.809664,0.0,-44.699999999999996,3.8000000000000114,70
59.047062,96.43253,0.0,16.957668,34.069332,0.0,-11.799999999999997,81.9,70
-7.4450564,-89.171776,0.0,-46.352184,18.080719,0.0,-17.099999999999994,-82.1,70
-26.326576,-38.954853,0.0,-95.72504,4.6947737,0.0,-71.4,-20.5,70
48.75879,20.708817,0.0,66.961914,44.225315,0.0,46.0,60.0,70
-79.41405,46.64079,0.0,-25.387537,3.5546708,0.0,-79.3,48.5,70
-36.499237,-56.454983,0.0,-98.03876,88.705734,0.0,-60.599999999999994,80.80000000000001,70
-21.91906,-40.123642,0.0,7.7472887,-34.066116,0.0,-6.8999999999999915,-43.699999999999996,70
68.41378,-73.53224,0.0,48.441765,-80.22443,0.0,40.80000000000001,-80.2,70
53.199574,-87.05685,0.0,9.160593,-92.5472,0.0,31.200000000000017,-92.1,70
-39.29842,56.014637,0.0,13.460457,6.7821875,0.0,-39.3,47.400000000000006,70
70.69081,-99.12064,0.0,25.766787,-7.9153543,0.0,25.60000000000001,-73.5,70
97.983086,47.86695,0.0,-12.699492,-37.70904,0.0,97.70000000000002,-60.0,70
-43.319572,-89.110725,0.0,94.45506,-28.84241,0.0,96.60000000000002,-80.7,70
67.66903,-39.776546,0.0,-23.690609,31.171782,0.0,48.400000000000006,22.400000000000006,70
15.061825,-30.074924,0.0,27.121399,-34.433617,0.0,19.900000000000006,-32.0,70
-90.322784,40.069324,0.0,-97.9264,-12.846174,0.0,-94.4,13.600000000000009,70
-85.63176,-64.43087,0.0,-4.6760583,90.36516,0.0,-85.4,73.20000000000002,70
10.817395,22.549807,0.0,-36.661644,-40.67351,0.0,-34.2,16.10000000000001,70
18.354494,-77.73489,0.0,2.7261443,23.482317,0.0,-5.199999999999989,23.5,70
-31.22805,-55.98918,0.0,-44.732193,76.70525,0.0,-37.8,21.60000000000001,70
52.24551,6.2366447,0.0,87.52113,-91.182014,0.0,75.70000000000002,-83.2,70
93.38454,58.724888,0.0,50.46223,-38.307457,0.0,98.20000000000002,-11.699999999999989,70
26.481243,89.20836,0.0,-49.8224,95.28312,0.0,-11.899999999999991,93.10000000000002,70
-61.756,94.350716,0.0,-77.289955,-86.452614,0.0,-100.0,71.80000000000001,70
-27.839994,-95.08666,0.0,27.91391,-10.70518,0.0,-5.8999999999999915,-78.3,70
-49.219193,39.636993,0.0,68.71092,-54.692932,0.0,-27.0,-25.89999999999999,70
89.65257,28.081795,0.0,26.374716,-0.67236763,0.0,24.80000000000001,26.5,70
33.653526,92.58233,0.0,52.48218,10.064789,0.0,59.5,81.0,70
-27.333622,-27.683786,0.0,63.296276,44.074306,0.0,54.400000000000006,-68.8,70
91.43527,-53.240337,0.0,93.86731,15.641675,0.0,100.0,-36.0,70
-79.965935,-57.567963,0.0,-2.6976876,25.614601,0.0,-80.1,-22.099999999999994,70
-91.8491,-41.27638,0.0,-23.41607,-75.01538,0.0,-78.9,-15.399999999999991,70
93.09628,84.87455,0.0,99.91884,50.67135,0.0,100.0,80.70000000000002,70
-41.68521,-68.95801,0.0,50.470726,-49.078403,0.0,-38.599999999999994,-48.599999999999994,70
-84.457664,-90.4205,0.0,-56.88597,87.588776,0.0,-84.5,84.9,70
95.27758,-36.20419,0.0,59.366688,28.468452,0.0,95.4,3.0,70
-96.81646,-49.89659,0.0,99.11237,-0.71475494,0.0,99.10000000000002,-51.0,70
-42.319122,-86.28496,0.0,-1.6163384,-79.88285,0.0,-23.799999999999997,-90.5,70
-23.779371,-51.64958,0.0,96.34497,-43.678936,0.0,97.30000000000001,-38.099999999999994,70
-74.95774,85.96821,0.0,99.05344,52.90888,0.0,99.10000000000002,85.80000000000001,70
-71.47128,-94.75794,0.0,-63.99901,85.72964,0.0,-73.9,81.5,70
-45.670116,22.926655,0.0,-52.538403,-48.092136,0.0,-30.39999999999999,-27.39999999999999,70
71.042725,-83.08809,0.0,18.462318,-81.44683,0.0,46.30000000000001,-88.7,70
-28.426382,-26.31888,0.0,96.9129,8.8594885,0.0,58.60000000000002,25.700000000000003,70
-97.94803,17.164034,0.0,-80.80714,-95.67815,0.0,-95.9,-50.199999999999996,70
-54.951412,-7.5238748,0.0,-46.785767,62.8967,0.0,-44.099999999999994,10.700000000000003,70
66.19207,-69.85809,0.0,-8.753035,-32.51492,0.0,42.30000000000001,-56.5,70
-91.816536,97.17139,0.0,-75.10755,-69.31432,0.0,-88.1,-76.9,70
-91.07933,54.513298,0.0,-21.10885,-96.63461,0.0,-79.3,-77.6,70
2.1839747,-44.197105,0.0,52.582146,-31.816576,0.0,52.599999999999994,-50.5,70
-43.5013,20.375557,0.0,-99.44917,-56.14397,0.0,-56.4,-42.599999999999994,70
-50.798798,79.160576,0.0,99.39091,-92.372696,0.0,-15.399999999999991,-81.8,70
-82.81759,-72.76524,0.0,92.596214,-83.19601,0.0,-83.3,-83.2,70
-19.938644,-50.3155,0.0,-91.90446,-2.0717163,0.0,-78.2,-25.799999999999997,70
-98.19438,-20.081682,0.0,-36.33111,-68.5502,0.0,-63.3,-40.099999999999994,70
90.464355,-76.866776,0.0,-23.186623,-90.46495,0.0,10.700000000000003,-100.0,70
91.61585,-60.16651,0.0,30.622541,-76.77696,0.0,100.0,-91.2,70
-95.73475,-97.64777,0.0,-29.13061,83.65258,0.0,-74.5,80.70000000000002,70
98.86968,-2.7068095,0.0,-77.93059,-35.387527,0.0,100.0,-27.700000000000003,70
37.08188,-43.014145,0.0,-99.01955,-67.6935,0.0,-75.8,-60.699999999999996,70
99.61287,-73.711266,0.0,75.12696,16.927965,0.0,99.70000000000002,7.1000000000000085,70
55.43183,22.83362,0.0,55.817875,-2.8010972,0.0,65.80000000000001,12.100000000000009,70
-97.325485,-81.195366,0.0,35.1021,90.6605,0.0,-74.2,82.80000000000001,70
89.5239,-81.34905,0.0,59.711643,-76.87919,0.0,66.20000000000002,-88.0,70
-29.802189,0.50653356,0.0,-42.331593,85.1829,0.0,-42.4,43.70000000000002,70
84.322365,17.338207,0.0,26.594706,-30.418573,0.0,26.60000000000001,34.5,70
-47.453793,40.30988,0.0,-50.690357,-10.92763,0.0,-45.9,15.300000000000011,70
25.576986,-26.816538,0.0,-82.713776,16.469948,0.0,-82.7,-60.0,70
95.24775,-20.18514,0.0,-36.023296,12.758747,0.0,95.20000000000002,39.20000000000002,70
-82.78331,17.489367,0.0,96.79852,-0.8396614,0.0,-82.9,46.80000000000001,70
-93.484436,-6.3422747,0.0,-52.267555,-54.443573,0.0,-97.7,-40.4,70
-88.74175,-33.066006,0.0,24.159843,-39.671688,0.0,-82.6,-37.5,70
-83.76442,-43.746346,0.0,-26.212677,11.214756,0.0,-76.8,-6.599999999999994,70
50.8925,68.15263,0.0,-30.049934,61.777874,0.0,79.0,67.4,70
-56.882786,-82.72285,0.0,-51.39495,79.02351,0.0,-30.700000000000003,-76.2,70
-62.193703,85.75163,0.0,23.97605,13.84686,0.0,-12.5,40.5,70
31.585361,21.956692,0.0,-93.54738,-39.175552,0.0,-79.2,4.800000000000011,70
63.697712,-36.032505,0.0,60.83222,37.568005,0.0,58.80000000000001,0.0,70
58.22927,-55.73118,0.0,13.946474,94.938866,0.0,58.20000000000002,81.0,70
83.68503,99.67523,0.0,88.39249,34.907402,0.0,72.20000000000002,76.9,70
25.466452,-90.22933,0.0,-39.36809,-58.226933,0.0,-39.3,-83.1,70
-93.592415,99.97534,0.0,-22.786043,27.249983,0.0,-72.9,26.10000000000001,70
96.98762,-78.04467,0.0,-85.34048,-44.731525,0.0,-84.5,-98.5,70
60.06324,33.837345,0.0,81.087975,5.14058,0.0,66.70000000000002,19.5,70
-53.47658,41.77038,0.0,80.204865,10.275553,0.0,49.099999999999994,-4.299999999999997,70
96.595085,66.548134,0.0,-38.189003,47.18774,0.0,100.0,41.599999999999994,70
-86.911865,-96.19609,0.0,67.29581,-43.54242,0.0,39.20000000000002,-77.0,70
-33.51299,-94.89872,0.0,50.334805,-32.214684,0.0,-15.899999999999991,-96.9,70
24.107185,-31.743786,0.0,-94.82966,-14.430186,0.0,-77.6,-47.099999999999994,70
-78.45518,-69.48232,0.0,93.35604,6.7262754,0.0,-85.6,-77.5,70
94.350746,14.487694,0.0,-63.03491,86.90727,0.0,100.0,84.9,70
-24.546469,3.2832136,0.0,72.1417,97.290146,0.0,-49.699999999999996,75.9,70
-85.30536,-84.949104,0.0,-99.77706,-94.654884,0.0,-92.6,-89.8,70
-50.449593,4.5026894,0.0,-31.757332,-47.13936,0.0,-41.099999999999994,-21.299999999999997,70
51.5249,8.775835,0.0,-82.17199,-52.56933,0.0,-82.5,-69.9,70
88.95826,78.97963,0.0,41.884052,85.86118,0.0,66.9,88.4,70
5.799935,-41.43187,0.0,-83.508545,78.45356,0.0,-83.6,-20.299999999999997,70
-48.60163,-24.203167,0.0,-86.99584,12.281196,0.0,-83.8,1.4000000000000057,70
-81.840065,-1.118259,0.0,78.09006,-97.61907,0.0,-81.9,-73.6,70
82.28252,20.801132,0.0,-83.80184,23.366505,0.0,-83.6,38.0,70
31.233948,-46.98729,0.0,-76.19757,49.84766,0.0,-96.3,-15.099999999999994,70
-12.649753,-30.348928,0.0,-22.2081,3.1549795,0.0,-66.5,-18.89999999999999,70
64.71975,-72.670586,0.0,50.59461,45.05582,0.0,63.5,61.5,70
-29.404682,88.47902,0.0,-71.19185,80.62352,0.0,-50.599999999999994,85.9,70
-39.239346,-77.352615,0.0,17.97193,-47.334583,0.0,-39.099999999999994,-47.3,70
93.669785,-74.974365,0.0,-39.893906,20.950571,0.0,99.60000000000002,32.80000000000001,70
-31.272257,-39.68235,0.0,-1.5372401,85.579506,0.0,-43.4,85.10000000000002,70
18.467197,-77.9183,0.0,-29.216537,-95.41105,0.0,-8.399999999999991,-100.0,70
-40.311245,64.97837,0.0,60.733585,2.9168272,0.0,69.5,38.0,70
-36.477184,-96.81624,0.0,23.333767,97.1384,0.0,-38.8,80.70000000000002,70
-91.63857,36.94947,0.0,-71.05174,99.757324,0.0,-87.2,75.10000000000002,70
63.961636,21.526087,0.0,-78.08992,41.82738,0.0,-79.3,39.0,70
-44.717033,87.77937,0.0,-55.351017,-93.233955,0.0,-42.3,-78.3,70
-42.17842,99.966156,0.0,6.264919,29.10589,0.0,-38.599999999999994,27.700000000000003,70
50.015278,51.790947,0.0,97.71013,16.927855,0.0,88.4,33.5,70
92.55745,-66.62682,0.0,-76.76622,-71.10898,0.0,99.80000000000001,-89.2,70
60.899445,74.379906,0.0,-27.685926,-52.92488,0.0,61.10000000000002,61.0,70
16.871569,89.471725,0.0,-44.825832,-26.93857,0.0,-36.4,83.4,70
-43.163727,16.68152,0.0,-34.77715,-80.35868,0.0,-43.099999999999994,-49.699999999999996,70
-17.688795,19.230038,0.0,-41.85423,-36.06075,0.0,-37.599999999999994,2.3000000000000114,70
-77.55808,79.65336,0.0,-54.22728,-47.99186,0.0,-25.5,82.70000000000002,70
54.084286,5.970767,0.0,98.48978,7.8900857,0.0,79.60000000000002,15.5,70
51.82052,83.86316,0.0,38.0607,99.66967,0.0,45.099999999999994,93.10000000000002,70
28.864853,90.022415,0.0,55.769646,-17.158182,0.0,58.0,82.20000000000002,70
19.599375,24.46783,0.0,-46.63243,-98.03382,0.0,-33.0,16.80000000000001,70
2.5985172,82.15837,0.0,-96.77676,-70.7514,0.0,-74.4,82.20000000000002,70
51.99676,-36.958286,0.0,82.35043,24.904003,0.0,69.0,2.8000000000000114,70
-19.004152,80.64747,0.0,31.326443,98.107285,0.0,5.6000000000000085,91.60000000000002,70
37.736687,89.55433,0.0,-27.85263,-18.62306,0.0,-45.8,82.4,70
95.62582,-5.417615,0.0,-91.95379,-37.451984,0.0,100.0,-25.299999999999997,70
-26.212137,-79.636505,0.0,-90.87333,-5.099045,0.0,-78.2,-77.8,70
-40.15385,-16.926786,0.0,93.33664,-34.667595,0.0,37.599999999999994,-76.4,70
-26.283792,87.81673,0.0,56.8724,72.88766,0.0,57.10000000000002,87.20000000000002,70
68.888245,7.645163,0.0,79.90025,-83.37561,0.0,45.20000000000002,-77.5,70
-81.182045,47.453728,0.0,-91.282425,0.4398568,0.0,-88.8,24.10000000000001,70
90.89394,-14.645268,0.0,61.704144,1.9182081,0.0,94.30000000000001,19.60000000000001,70
-9.219816,28.375498,0.0,15.582565,13.238574,0.0,7.400000000000006,19.200000000000003,70
-50.450104,-22.231054,0.0,27.2138,-88.40918,0.0,9.5,-76.1,70
90.16387,16.648977,0.0,-32.16418,-5.0080485,0.0,-7.599999999999994,38.099999999999994,70
55.71791,34.389988,0.0,-36.391865,91.87644,0.0,55.70000000000002,81.20000000000002,70
-32.316914,83.639145,0.0,88.72567,-91.89424,0.0,-68.5,-78.8,70
-51.016697,-75.988785,0.0,-38.69533,-43.81545,0.0,-36.3,-50.099999999999994,70
64.51115,18.315916,0.0,-73.8692,80.96186,0.0,54.0,81.0,70
82.8817,34.681026,0.0,94.58444,60.902046,0.0,94.60000000000002,73.60000000000002,70
-50.90443,0.78301597,0.0,90.86621,38.33149,0.0,91.9,47.099999999999994,70
87.532425,-93.50308,0.0,-92.38554,-86.99361,0.0,-59.699999999999996,-93.5,70
-47.36906,-5.6951194,0.0,-42.127415,-39.87076,0.0,-42.099999999999994,-22.799999999999997,70
59.451508,-45.003563,0.0,-96.50075,-13.523798,0.0,-78.2,-53.0,70
-41.20783,82.640144,0.0,2.8824434,-83.991234,0.0,-33.0,-84.0,70
57.759514,82.22976,0.0,64.182526,12.299743,0.0,65.60000000000002,35.400000000000006,70
-94.887535,60.097134,0.0,-96.21499,63.038116,0.0,-95.8,61.5,70
-23.091473,-30.43768,0.0,-95.67835,-76.65917,0.0,-70.6,-63.199999999999996,70
59.83315,27.089392,0.0,-66.51687,-81.36617,0.0,59.80000000000001,-81.4,70
54.6545,84.86168,0.0,85.05428,-90.43068,0.0,70.0,-84.5,70
-86.10143,78.02419,0.0,10.48892,30.237549,0.0,-84.1,29.30000000000001,70
-85.204704,-25.899698,0.0,98.871185,41.537933,0.0,-79.8,11.600000000000009,70
55.62996,70.84274,0.0,92.39657,-92.23625,0.0,69.70000000000002,-84.2,70
-23.34099,-88.07133,0.0,-95.845985,-35.31371,0.0,-75.4,-80.9,70
60.896896,-40.398815,0.0,11.495723,14.863087,0.0,58.400000000000006,40.70000000000002,70
-32.280407,54.979145,0.0,81.24489,7.20816,0.0,77.10000000000002,30.80000000000001,70
-35.091316,44.932888,0.0,-33.275978,-39.433094,0.0,-41.5,0.20000000000000284,70
20.241295,-1.859719,0.0,52.690453,-96.268196,0.0,28.0,-75.7,70
-6.5259657,-46.320663,0.0,23.6352,11.798256,0.0,19.900000000000006,-28.799999999999997,70
-80.65342,88.70584,0.0,-53.01849,6.754617,0.0,-50.8,79.4,70
-28.002096,-78.41184,0.0,0.8428959,21.121983,0.0,-31.5,13.5,70
-49.035004,58.020046,0.0,65.38258,-95.9566,0.0,-14.799999999999997,-78.7,70
-52.487125,73.882904,0.0,63.08284,-36.41067,0.0,52.20000000000002,95.30000000000001,70
99.3187,-88.94325,0.0,-43.430798,58.037067,0.0,-27.700000000000003,-83.1,70
93.38639,70.93073,0.0,-53.133522,-30.314945,0.0,100.0,49.099999999999994,70
25.468557,-21.2227,0.0,38.523228,78.70069,0.0,18.900000000000006,-24.700000000000003,70
-91.211205,-83.68166,0.0,65.97619,-7.326617,0.0,38.30000000000001,-83.6,70
14.998866,-12.616637,0.0,8.60295,-89.70993,0.0,65.0,-79.0,70
12.039227,1.5182898,0.0,31.748638,95.85571,0.0,40.900000000000006,78.70000000000002,70
-50.255905,72.02661,0.0,-98.23067,70.2703,0.0,-50.3,100.0,70
-22.73961,29.33553,0.0,-94.419876,37.80122,0.0,-77.6,24.60000000000001,70
66.69427,17.697659,0.0,-96.971794,77.000145,0.0,49.0,100.0,70
-92.31758,-86.44038,0.0,23.22244,82.64396,0.0,-78.1,82.70000000000002,70
94.15068,24.326967,0.0,2.5476916,82.11865,0.0,100.0,82.10000000000002,70
-63.454384,87.963776,0.0,-42.68321,78.128456,0.0,-49.3,87.9,70
29.828997,-26.153475,0.0,-31.427704,66.81849,0.0,-42.8,5.6000000000000085,70
4.1324186,-86.25601,0.0,-33.02468,68.47595,0.0,-33.7,-85.2,70
12.730981,95.70575,0.0,-3.2967472,-47.241447,0.0,2.9000000000000057,87.0,70
70.66078,16.793404,0.0,-37.58649,-43.801846,0.0,50.599999999999994,-49.5,70
29.614405,-18.891682,0.0,-41.728767,-73.17022,0.0,-39.3,-59.3,70
43.16437,75.064735,0.0,-18.15919,31.56146,0.0,-12.899999999999991,21.30000000000001,70
71.8312,32.98956,0.0,60.03919,45.009224,0.0,60.0,20.900000000000006,70
76.59748,97.78695,0.0,58.159046,-9.609922,0.0,65.60000000000002,75.70000000000002,70
14.76407,-81.25845,0.0,-51.066135,-73.54454,0.0,-7.799999999999997,-87.6,70
61.264545,-20.7009,0.0,37.37109,-43.95036,0.0,57.900000000000006,-46.8,70
-40.066456,-38.454597,0.0,-88.71929,62.478527,0.0,-50.099999999999994,-15.799999999999997,70
19.904922,-54.84978,0.0,53.81286,61.819996,0.0,56.20000000000002,24.0,70
99.89926,26.267021,0.0,-71.96482,84.83048,0.0,99.9,84.80000000000001,70
-21.449184,31.094673,0.0,57.019474,-57.103127,0.0,61.10000000000002,22.0,70
93.66154,-19.832514,0.0,2.5390453,-79.18128,0.0,97.80000000000001,-88.0,70
27.456354,3.1799417,0.0,-26.889194,18.986038,0.0,-3.6999999999999886,22.80000000000001,70
-76.48836,10.168782,0.0,8.149217,-47.25326,0.0,-93.7,3.3000000000000114,70
42.692104,-89.14914,0.0,-15.422817,-92.63943,0.0,13.5,-92.1,70
-47.11055,-67.35492,0.0,34.434513,86.22924,0.0,-11.699999999999989,83.70000000000002,70
-53.977486,-95.86108,0.0,93.8713,-57.058052,0.0,93.9,-77.8,70
29.858658,4.907112,0.0,63.49776,62.612595,0.0,61.5,42.400000000000006,70
89.3171,23.572218,0.0,-31.635798,-65.77758,0.0,53.5,-8.699999999999989,70
-69.79812,85.08329,0.0,69.76661,37.835728,0.0,-36.199999999999996,85.60000000000002,70
57.74602,97.35128,0.0,-43.02408,-24.698408,0.0,-38.599999999999994,78.30000000000001,70
-89.22465,91.83776,0.0,-72.75668,-99.7235,0.0,-86.9,-78.3,70
-91.79434,94.95853,0.0,2.7177117,16.044262,0.0,-81.4,44.70000000000002,70
-42.722343,83.42408,0.0,34.586918,-86.44082,0.0,-27.599999999999994,-85.3,70
58.80383,-2.830152,0.0,-36.067245,92.29982,0.0,58.80000000000001,80.30000000000001,70
-58.128704,97.68652,0.0,0.7697644,-30.083096,0.0,-41.0,84.10000000000002,70
35.143814,82.51624,0.0,-91.70954,-0.22090751,0.0,-78.9,82.5,70
-14.002474,85.09896,0.0,13.579554,-97.74313,0.0,-16.799999999999997,-85.5,70
-98.52287,-76.07729,0.0,38.13207,95.61468,0.0,-73.7,79.80000000000001,70
-40.621353,74.30658,0.0,-86.30427,-15.578028,0.0,-80.7,98.4,70
-34.118942,-48.02648,0.0,-42.697765,-65.26455,0.0,-42.4,-49.8,70
-85.04666,10.637928,0.0,-59.757675,83.32651,0.0,-85.1,83.10000000000002,70
-34.67002,-17.4909,0.0,60.850582,96.0553,0.0,-44.699999999999996,78.20000000000002,70
65.5941,40.65261,0.0,-78.85816,-60.742496,0.0,55.0,6.200000000000003,70
-99.24216,-10.640608,0.0,-63.162743,-93.7797,0.0,-78.6,-79.3,70
-77.18076,-56.778328,0.0,-43.487144,92.54602,0.0,-86.0,79.5,70
54.51221,-30.431261,0.0,22.391394,-44.926895,0.0,54.900000000000006,-53.3,70
-90.19448,38.748775,0.0,2.3677998,19.23819,0.0,-81.1,33.80000000000001,70
-48.330826,87.991585,0.0,-30.839994,32.6561,0.0,-37.599999999999994,30.700000000000017,70
-36.259193,77.65302,0.0,-87.960434,82.419205,0.0,-68.6,88.5,70
2.2277324,77.16998,0.0,18.354105,-45.096626,0.0,26.60000000000001,77.10000000000002,70
-39.3086,-94.11902,0.0,91.01495,-14.462718,0.0,100.0,-77.2,70
-80.69717,-35.53244,0.0,41.443428,-77.88807,0.0,-82.4,-80.6,70
-47.88948,-77.53303,0.0,49.190247,-91.38503,0.0,-7.699999999999989,-92.1,70
-73.179245,86.74541,0.0,44.985016,79.02194,0.0,-4.8999999999999915,93.5,70
8.214166,-85.4486,0.0,13.040665,15.658929,0.0,36.400000000000006,-78.9,70
10.269715,86.629585,0.0,93.76103,-78.25038,0.0,96.80000000000001,84.70000000000002,70
-47.706993,-24.088627,0.0,21.44974,16.651104,0.0,-18.0,20.10000000000001,70
-54.233986,-52.48869,0.0,83.39154,84.54408,0.0,58.900000000000006,84.9,70
68.14019,54.763107,0.0,33.56014,20.477495,0.0,38.099999999999994,37.0,70
-82.18152,-78.22856,0.0,58.904182,-86.2035,0.0,-67.0,-94.5,70
-59.330696,-99.377426,0.0,46.709915,28.75669,0.0,-20.19999999999999,19.30000000000001,70
29.090397,86.064026,0.0,-54.270386,-46.933453,0.0,26.80000000000001,85.10000000000002,70
44.940365,-96.36379,0.0,98.177155,-87.29309,0.0,72.10000000000002,-93.5,70
3.8368273,-99.676636,0.0,68.1452,-27.864689,0.0,22.60000000000001,-77.6,70
50.222336,-80.26946,0.0,83.82003,-79.45977,0.0,67.5,-83.8,70
-46.293385,72.18735,0.0,93.09475,25.796925,0.0,-31.799999999999997,29.5,70
-2.6692655,33.18159,0.0,-32.856377,-25.040403,0.0,-36.8,-2.8999999999999915,70
52.719097,-34.009197,0.0,-9.763974,-46.06208,0.0,24.10000000000001,-28.599999999999994,70
-34.0656,-29.859858,0.0,-52.65104,92.41786,0.0,-42.3,71.20000000000002,70
-45.83258,-71.7668,0.0,46.390003,-85.0736,0.0,-28.0,-89.8,70
-19.98691,19.183628,0.0,30.667797,-53.404377,0.0,9.800000000000011,21.400000000000006,70
-86.29964,-7.607527,0.0,-91.568184,58.522438,0.0,-90.6,25.5,70
-91.626274,-37.25974,0.0,65.7838,16.408993,0.0,56.20000000000002,-32.8,70
50.62891,-11.947289,0.0,-58.337402,-75.870094,0.0,-75.8,-90.3,70
7.2481055,-95.0656,0.0,61.598457,-40.83106,0.0,55.30000000000001,-77.7,70
25.106201,-86.36302,0.0,-27.240002,26.71727,0.0,-46.699999999999996,-83.1,70
-75.234795,76.90975,0.0,99.48961,20.408136,0.0,27.900000000000006,32.80000000000001,70
-66.9948,78.23538,0.0,-2.9665592,-84.64589,0.0,-20.0,-84.6,70
-14.65388,13.087937,0.0,-37.17089,46.21625,0.0,-40.199999999999996,32.0,70
-80.330185,-17.940752,0.0,20.62006,-37.139412,0.0,-80.7,-45.099999999999994,70
-45.697956,-92.719406,0.0,66.38142,66.75521,0.0,48.900000000000006,-80.6,70
57.45841,6.141433,0.0,-86.10204,78.63735,0.0,57.5,100.0,70
2.2291424,20.080765,0.0,50.52912,-9.942297,0.0,63.70000000000002,34.80000000000001,70
-88.75224,-93.95269,0.0,64.012665,79.64983,0.0,54.0,-78.4,70
70.967674,30.643053,0.0,-35.62203,46.11556,0.0,-39.0,26.80000000000001,70
-25.460096,-48.045025,0.0,-84.60338,40.164803,0.0,-77.4,-11.399999999999991,70
27.070042,-81.504036,0.0,-77.44693,33.682682,0.0,-80.7,-81.9,70
65.751976,-48.56925,0.0,-80.09297,-50.671825,0.0,-81.1,-46.3,70
0.013023009,18.525805,0.0,51.425514,-79.46339,0.0,14.600000000000009,-96.8,70
95.61854,7.242286,0.0,-83.32493,38.030666,0.0,-89.2,40.599999999999994,70
54.152317,-9.953576,0.0,-0.35079703,-76.989075,0.0,54.80000000000001,-77.7,70
67.28942,-89.40269,0.0,-48.089657,13.710082,0.0,4.200000000000003,-84.8,70
-45.177837,47.438934,0.0,15.882775,91.030655,0.0,-34.0,84.20000000000002,70
-50.717556,-42.667168,0.0,76.75043,18.500786,0.0,48.599999999999994,-25.599999999999994,70
9.093904,79.24895,0.0,6.0247617,-48.741848,0.0,23.60000000000001,-12.399999999999991,70
63.690666,-84.379906,0.0,36.267952,31.985378,0.0,55.30000000000001,17.5,70
-40.83145,91.02084,0.0,64.53954,-88.189285,0.0,-34.8,-84.3,70
56.12706,10.68116,0.0,48.308174,-94.458244,0.0,62.30000000000001,-74.0,70
74.0762,12.562906,0.0,-86.10671,84.12739,0.0,42.099999999999994,84.10000000000002,70
79.891556,-99.97674,0.0,36.146072,21.619698,0.0,33.099999999999994,-78.2,70
2.1853695,-46.771805,0.0,-44.547085,-56.312447,0.0,-34.8,-45.9,70
-5.4250455,-75.90669,0.0,98.512474,-79.740036,0.0,36.400000000000006,-100.0,70
-80.074104,-12.798518,0.0,73.86596,-77.70566,0.0,-87.2,-79.0,70
-90.850586,-84.605896,0.0,58.190735,82.75586,0.0,-80.2,82.80000000000001,70
71.27435,-92.826866,0.0,67.30201,78.429214,0.0,49.099999999999994,-75.4,70
98.20031,60.595535,0.0,20.37238,-81.47339,0.0,98.20000000000002,-83.4,70
71.60173,16.398445,0.0,51.64748,-59.678802,0.0,57.5,0.5,70
-36.555115,82.21524,0.0,60.75049,-86.622536,0.0,58.60000000000002,82.30000000000001,70
39.891132,99.22239,0.0,87.107086,13.323031,0.0,85.10000000000002,38.20000000000002,70
-49.064865,-97.23986,0.0,-89.33012,-8.107803,0.0,-83.5,-75.3,70
10.874623,-76.42199,0.0,-41.69692,58.104324,0.0,-28.0,-83.3,70
-34.523193,2.5475476,0.0,69.63709,93.6267,0.0,49.599999999999994,49.900000000000006,70
39.16928,-96.57029,0.0,11.410132,-42.612286,0.0,74.70000000000002,-55.0,70
-77.096466,77.758606,0.0,-78.02752,-97.03761,0.0,-100.0,40.0,70
81.50995,32.95968,0.0,-38.15283,43.83954,0.0,-38.0,13.5,70
99.875916,65.604454,0.0,-40.06036,46.234344,0.0,100.0,42.900000000000006,70
63.06271,32.412952,0.0,84.90453,91.08404,0.0,62.60000000000002,80.30000000000001,70
32.618416,-89.19132,0.0,-79.078186,37.73035,0.0,-79.7,-80.9,70
-40.10652,64.51599,0.0,-0.61349577,-43.02106,0.0,-39.099999999999994,-30.0,70
81.06926,87.341705,0.0,50.550987,6.4726596,0.0,92.10000000000002,83.9,70
-31.617981,-6.543486,0.0,-30.856041,-9.603283,0.0,-33.3,-7.799999999999997,70
-42.91706,4.8677855,0.0,-10.707313,-29.851202,0.0,-32.5,-30.0,70
-79.715805,-4.741232,0.0,69.14486,98.60291,0.0,-79.8,76.70000000000002,70
-40.250042,-82.04759,0.0,28.773272,-81.89046,0.0,-10.199999999999989,-93.2,70
-15.326429,-75.28338,0.0,-99.62307,-89.15092,0.0,-11.799999999999997,-97.0,70
92.388596,6.4646025,0.0,-61.40786,98.31703,0.0,27.10000000000001,70.0,70
-83.54807,62.686718,0.0,8.518392,-87.03778,0.0,-83.6,-82.9,70
24.103834,2.9896746,0.0,15.744212,24.523663,0.0,18.5,13.5,70
19.192255,5.7891498,0.0,58.570393,-12.923482,0.0,24.400000000000006,22.0,70
-79.24816,-69.88166,0.0,60.906296,-46.548256,0.0,-83.7,-49.9,70
54.68869,25.6212,0.0,-20.955494,17.939293,0.0,17.0,29.900000000000006,70
-47.188267,-39.631104,0.0,53.41501,-71.10327,0.0,58.30000000000001,-54.0,70
98.89276,-41.58093,0.0,21.440474,-89.46535,0.0,98.9,-84.2,70
-88.906845,44.791653,0.0,-76.90047,62.409046,0.0,-100.0,61.70000000000002,70
54.753525,-49.569157,0.0,50.15453,87.15812,0.0,72.4,69.60000000000002,70
-30.314125,1.1056191,0.0,-5.8801236,-87.8278,0.0,-38.0,-80.9,70
79.40309,-99.392494,0.0,-36.422832,-38.505577,0.0,40.400000000000006,-52.3,70
-53.94578,33.217667,0.0,95.814514,54.64177,0.0,100.0,54.0,70
51.53535,-66.776375,0.0,-19.927343,89.98546,0.0,56.80000000000001,84.10000000000002,70
-33.240803,3.2785542,0.0,-87.076225,76.05162,0.0,-58.0,94.70000000000002,70
69.76116,-48.108685,0.0,-36.664616,9.197823,0.0,-26.39999999999999,16.700000000000003,70
-79.52133,-67.57741,0.0,55.452198,-92.015236,0.0,-79.7,-83.5,70
-89.41705,67.82064,0.0,-87.558365,59.59532,0.0,-89.9,63.70000000000002,70
28.824898,6.4557395,0.0,-71.27547,94.431854,0.0,-21.5,70.60000000000002,70
-8.927607,-99.98836,0.0,70.05265,85.46983,0.0,45.400000000000006,-76.1,70
-77.341774,39.664577,0.0,-18.758387,31.589916,0.0,-80.5,25.900000000000006,70
21.119038,79.17508,0.0,-41.815964,-89.45415,0.0,-24.39999999999999,79.30000000000001,70
-30.515789,85.0248,0.0,-90.45859,-54.36974,0.0,-79.5,85.0,70
-37.19858,73.112404,0.0,68.32161,-3.1144574,0.0,-58.699999999999996,27.80000000000001,70
83.52384,11.45545,0.0,-41.38229,-35.25529,0.0,-23.19999999999999,-51.5,70
-20.283058,90.2651,0.0,92.268394,40.325344,0.0,11.300000000000011,89.30000000000001,70
-81.308784,-58.309967,0.0,69.0582,16.42293,0.0,-85.3,-20.19999999999999,70
21.30864,31.824726,0.0,-2.1865046,-43.808315,0.0,16.900000000000006,-33.3,70
-87.944046,-81.4794,0.0,-80.16415,79.84939,0.0,-92.6,45.599999999999994,70
-56.349197,-95.45828,0.0,4.9092717,25.990496,0.0,-23.299999999999997,16.0,70
97.20876,26.421858,0.0,32.442226,-86.22384,0.0,100.0,-84.9,70
-94.78543,17.51934,0.0,-22.119942,-90.64597,0.0,-74.4,-44.4,70
98.67153,78.38989,0.0,-43.40384,86.03228,0.0,73.80000000000001,98.10000000000002,70
-82.74661,3.9415648,0.0,96.65107,-0.7620177,0.0,-82.4,46.599999999999994,70
-30.077597,-30.922817,0.0,-87.10699,51.90015,0.0,-72.1,34.0,70
-32.44426,-81.77488,0.0,51.079723,-76.1446,0.0,39.400000000000006,-94.3,70
92.57319,-33.887913,0.0,5.278746,-80.06698,0.0,92.70000000000002,-80.1,70
32.42966,-53.799736,0.0,-95.65298,86.74088,0.0,-78.8,61.60000000000002,70
63.42389,90.97704,0.0,63.97274,-1.1090686,0.0,55.20000000000002,47.70000000000002,70
55.66295,-20.26544,0.0,-87.118126,75.49451,0.0,-63.699999999999996,96.4,70
23.110502,-6.844812,0.0,-77.43662,-83.27431,0.0,0.7000000000000028,-82.8,70
64.213005,20.371758,0.0,53.25684,-50.09714,0.0,59.70000000000002,-36.8,70
-14.153892,-96.920364,0.0,62.457493,75.88885,0.0,56.20000000000002,-76.7,70
37.952595,90.87375,0.0,-84.31087,0.06572556,0.0,-84.3,80.80000000000001,70
6.357046,78.40992,0.0,93.52347,-13.041665,0.0,91.5,78.5,70
-15.036133,-31.80512,0.0,21.570898,20.818739,0.0,22.900000000000006,-44.5,70
-5.5644293,-44.474575,0.0,65.83124,-59.872444,0.0,41.900000000000006,-49.199999999999996,70
-87.324875,66.401566,0.0,-95.72005,65.70693,0.0,-92.1,66.0,70
-92.36019,31.966124,0.0,65.2827,42.020477,0.0,-71.7,33.20000000000002,70
-14.173272,19.859112,0.0,-82.33007,87.9854,0.0,-81.0,54.30000000000001,70
27.30586,-19.19721,0.0,-32.205948,-97.68508,0.0,-11.699999999999989,-77.7,70
80.99979,99.87109,0.0,83.42747,32.849068,0.0,62.0,76.70000000000002,70
22.72369,26.752796,0.0,18.538702,-24.5925,0.0,22.30000000000001,-17.799999999999997,70
91.617966,-31.540215,0.0,-30.861979,53.53809,0.0,48.400000000000006,36.5,70
57.98188,-70.25088,0.0,-98.47781,27.214573,0.0,59.400000000000006,-24.39999999999999,70
-10.742328,99.002686,0.0,50.689125,-63.85865,0.0,85.4,75.9,70
-96.45566,5.6656094,0.0,59.28422,96.781456,0.0,-76.4,77.10000000000002,70
-46.344925,-26.248964,0.0,-48.53481,96.32484,0.0,-36.8,42.70000000000002,70
-52.851192,7.452249,0.0,-69.785576,85.02519,0.0,-44.099999999999994,82.9,70
-39.857204,1.0491439,0.0,-78.67638,-8.902445,0.0,-58.199999999999996,-8.099999999999994,70
36.49166,-91.32958,0.0,69.41778,90.90552,0.0,46.80000000000001,-81.5,70
9.012399,5.27986,0.0,-18.76491,-47.82506,0.0,-43.099999999999994,8.400000000000006,70
50.746857,-94.76905,0.0,91.38983,88.57532,0.0,80.10000000000002,86.4,70
41.60848,-87.87635,0.0,-9.520909,13.702724,0.0,-8.099999999999994,-83.5,70
58.511875,1.2055118,0.0,65.14641,-44.813225,0.0,58.60000000000002,-21.69999999999999,70
-26.072828,-14.857203,0.0,-17.10626,-86.93592,0.0,-17.5,-83.2,70
94.234215,0.566232,0.0,11.903791,-49.321423,0.0,94.30000000000001,-47.699999999999996,70
97.86352,-99.45813,0.0,49.430813,-90.85938,0.0,73.60000000000002,-95.4,70
-82.30166,80.153786,0.0,2.9828,-90.914764,0.0,-82.3,-77.3,70
-35.256554,5.314571,0.0,23.716898,-46.09548,0.0,-34.89999999999999,-33.8,70
-32.566334,-52.673218,0.0,60.848896,-23.955132,0.0,58.70000000000002,-39.699999999999996,70
95.09252,85.23385,0.0,-92.24702,46.405933,0.0,-81.6,85.20000000000002,70
-13.695326,-98.63638,0.0,-17.16942,79.93232,0.0,-48.0,-72.7,70
61.80457,64.14852,0.0,45.218468,-44.90951,0.0,57.5,-52.4,70
-16.867401,8.658089,0.0,-11.81212,99.75983,0.0,-20.799999999999997,77.80000000000001,70
23.450695,25.93944,0.0,82.01648,92.24332,0.0,30.30000000000001,28.5,70
4.450664,22.889357,0.0,-39.82559,97.23657,0.0,-39.9,26.0,70
-72.91739,96.07716,0.0,36.34499,27.058283,0.0,-4.8999999999999915,32.20000000000002,70
-35.362614,81.65552,0.0,21.247778,-17.550955,0.0,-12.299999999999997,89.70000000000002,70
-27.887909,-83.89537,0.0,86.19233,17.455652,0.0,-51.3,-70.8,70
-45.83391,34.526424,0.0,97.211624,-57.052593,0.0,97.20000000000002,15.800000000000011,70
-38.717888,27.768852,0.0,14.208476,-97.89334,0.0,-27.799999999999997,-76.3,70
-33.435814,-86.16844,0.0,-40.523865,-13.221929,0.0,-42.9,-70.4,70
60.113674,-31.675957,0.0,-39.318096,91.34433,0.0,59.60000000000002,81.4,70
10.941032,82.705826,0.0,-76.835785,85.20503,0.0,-33.3,85.9,70
-48.041393,75.638405,0.0,56.991714,48.95597,0.0,57.0,100.0,70
61.248386,-40.293068,0.0,92.556595,-41.706955,0.0,61.70000000000002,-41.699999999999996,70
67.55052,83.01326,0.0,-37.856712,65.686104,0.0,-37.9,86.5,70
-89.57136,49.733818,0.0,8.434718,-47.59058,0.0,-84.1,-0.5999999999999943,70
61.772038,11.095689,0.0,19.623373,90.72419,0.0,57.900000000000006,82.0,70
-54.280148,-88.828705,0.0,35.2583,-53.483402,0.0,-22.69999999999999,-38.3,70
-43.53608,5.7255754,0.0,-26.9955,-79.50984,0.0,-30.89999999999999,-79.5,70
-91.05372,-82.92707,0.0,20.1958,-21.074247,0.0,-44.4,-79.9,70
56.56304,57.103508,0.0,58.680065,-61.57511,0.0,60.30000000000001,-0.09999999999999432,70
-38.969547,-72.06872,0.0,-19.947666,82.980865,0.0,-34.0,83.0,70
69.545525,35.32382,0.0,-83.64038,7.8959837,0.0,-83.6,11.900000000000006,70
25.850266,-43.899757,0.0,68.06853,24.31265,0.0,54.10000000000002,-48.5,70
97.10988,-98.571205,0.0,-81.99239,-23.981642,0.0,-84.8,-72.5,70
-63.538273,-96.07573,0.0,22.060724,-81.032036,0.0,-16.89999999999999,-96.4,70
-28.81336,-24.494919,0.0,-98.19572,-43.04961,0.0,-69.3,-33.5,70
-60.045322,76.678215,0.0,0.98263806,-31.653309,0.0,-54.8,-49.699999999999996,70
19.57998,29.61465,0.0,91.050415,56.01779,0.0,47.30000000000001,27.200000000000003,70
97.27312,58.85173,0.0,42.484196,95.30098,0.0,97.20000000000002,80.20000000000002,70
-23.973906,-19.387718,0.0,-20.059866,-24.197065,0.0,-26.599999999999994,-51.199999999999996,70
24.917198,84.64483,0.0,92.55465,82.58784,0.0,59.60000000000002,89.80000000000001,70
55.761097,69.32125,0.0,23.412992,-48.489235,0.0,56.20000000000002,-45.9,70
44.19731,76.977264,0.0,81.30291,88.9638,0.0,68.10000000000002,90.4,70
68.51983,51.19983,0.0,-11.717624,-40.55544,0.0,21.900000000000006,-50.599999999999994,70
16.566929,-22.776861,0.0,98.27227,-99.36319,0.0,37.400000000000006,-73.2,70
-91.13178,91.50657,0.0,-77.87892,-70.11549,0.0,-94.4,-51.5,70
-41.078392,94.8011,0.0,58.08433,57.825478,0.0,58.10000000000002,81.10000000000002,70
-16.419586,-81.05589,0.0,-44.215714,48.556484,0.0,-26.700000000000003,-81.0,70
-29.242231,13.039226,0.0,-96.89133,41.727715,0.0,-68.5,39.30000000000001,70
-82.20414,43.044132,0.0,-88.219315,48.467865,0.0,-88.3,46.099999999999994,70
-34.619995,81.89657,0.0,-60.421055,-81.01055,0.0,-63.0,-81.4,70
-42.074383,-44.511265,0.0,-51.595573,9.823996,0.0,-42.099999999999994,-17.69999999999999,70
28.94773,-86.39383,0.0,41.268135,-48.975136,0.0,15.900000000000006,-74.9,70
52.598515,17.638393,0.0,-87.4245,47.182957,0.0,-78.8,21.30000000000001,70
60.62265,-76.30443,0.0,-75.82057,-79.52996,0.0,46.0,-93.9,70
99.3666,-11.190874,0.0,61.05389,37.43131,0.0,98.60000000000002,-8.399999999999991,70
-54.19222,-97.54989,0.0,27.513971,-30.571781,0.0,-22.89999999999999,-74.7,70
12.16287,90.736595,0.0,-81.52809,-23.966599,0.0,-81.6,78.4,70
10.38076,-31.765505,0.0,38.820774,-44.140335,0.0,28.5,-50.599999999999994,70
13.78329,-46.573025,0.0,32.06744,-92.42276,0.0,16.900000000000006,-78.7,70
-21.545656,91.09945,0.0,80.35175,-94.52124,0.0,-39.699999999999996,85.10000000000002,70
-78.73601,-5.6512427,0.0,-75.01427,0.58040446,0.0,-100.0,37.20000000000002,70
-87.40017,-11.452899,0.0,16.482336,-9.284115,0.0,-80.6,-69.7,70
90.33787,43.265182,0.0,93.903145,-98.45538,0.0,100.0,-0.09999999999999432,70
-99.50805,-41.549744,0.0,21.474821,75.86516,0.0,-73.4,99.10000000000002,70
-43.41389,2.6109812,0.0,59.804577,86.719604,0.0,57.70000000000002,46.0,70
-37.401867,44.88024,0.0,62.537254,2.6785219,0.0,52.099999999999994,44.20000000000002,70
-48.645042,18.009275,0.0,-51.09485,-7.45771,0.0,-45.699999999999996,5.5,70
84.379,16.70537,0.0,43.552425,89.61956,0.0,87.9,33.099999999999994,70
66.66143,41.05327,0.0,-78.95723,46.372143,0.0,51.900000000000006,8.200000000000003,70
-43.919655,-38.393635,0.0,13.575674,-81.6162,0.0,-37.4,-81.6,70
59.69783,-8.217618,0.0,-52.00056,-50.816254,0.0,59.70000000000002,-41.5,70
-21.883959,23.460274,0.0,-99.08311,90.87151,0.0,-70.5,45.099999999999994,70
-97.32562,-35.0335,0.0,-98.55311,33.196667,0.0,-98.1,-1.0,70
-38.058083,-25.95559,0.0,65.68659,-94.964264,0.0,51.20000000000002,-65.9,70
-44.225307,86.83461,0.0,-1.7126368,-31.40772,0.0,-35.8,-34.2,70
-37.04425,24.41921,0.0,53.949425,-8.073283,0.0,54.60000000000002,29.200000000000017,70
-11.119437,-88.60533,0.0,-2.4441762,-84.67799,0.0,-6.799999999999997,-88.6,70
98.66791,7.8410406,0.0,59.868576,12.957069,0.0,82.20000000000002,15.300000000000011,70
-90.72243,-96.51817,0.0,84.87858,93.31578,0.0,-81.2,81.80000000000001,70
-87.031334,17.287064,0.0,-77.14597,-37.54497,0.0,-87.0,-10.0,70
-77.57794,-53.90639,0.0,-25.527304,6.3973894,0.0,-77.5,-34.099999999999994,70
94.50657,-91.0546,0.0,-13.77221,-41.421585,0.0,19.400000000000006,-56.199999999999996,70
90.640755,43.194656,0.0,-27.345547,-18.687363,0.0,-31.89999999999999,4.200000000000003,70
-95.64374,-0.8082982,0.0,-67.07801,79.83709,0.0,-81.7,79.9,70
-19.846663,4.387282,0.0,79.00786,94.7578,0.0,-7.299999999999997,77.4,70
60.805874,-14.054515,0.0,-76.98991,-78.51561,0.0,56.5,-78.6,70
10.006005,34.84381,0.0,41.24399,-79.04794,0.0,31.400000000000006,-79.4,70
-34.84637,-69.89461,0.0,60.67369,-17.91379,0.0,52.70000000000002,-62.3,70
-43.469303,34.558353,0.0,-24.774784,-79.68776,0.0,-28.299999999999997,-79.7,70
60.847664,28.608202,0.0,-74.09396,-79.328285,0.0,58.900000000000006,-79.3,70
-58.084324,-99.04245,0.0,-48.24146,-87.11454,0.0,-53.099999999999994,-93.6,70
11.877135,-22.506174,0.0,-89.0111,-48.96936,0.0,-79.6,-22.69999999999999,70
-80.25871,-0.6978727,0.0,37.07725,92.315445,0.0,-81.0,79.60000000000002,70
-89.40005,-14.898516,0.0,-62.69098,-91.17451,0.0,-84.3,-80.9,70
-33.092712,-99.764275,0.0,-21.547955,15.717597,0.0,-55.599999999999994,-25.39999999999999,70
5.091574,-75.88532,0.0,-33.34929,-58.936775,0.0,-49.199999999999996,-100.0,70
59.56799,79.50655,0.0,-0.59911495,-32.600338,0.0,62.70000000000002,-16.69999999999999,70
91.29096,-44.955544,0.0,-90.845215,-60.328724,0.0,-81.9,-59.199999999999996,70
95.94252,-5.764137,0.0,95.94491,-2.0537744,0.0,100.0,-3.5,70
-96.57369,-16.959255,0.0,87.34997,-95.05114,0.0,-78.2,-76.1,70
78.142914,-98.06055,0.0,10.927679,21.453993,0.0,38.099999999999994,-79.9,70
-65.40079,87.66203,0.0,11.390365,12.0544405,0.0,-10.5,41.70000000000002,70
6.0629334,21.981888,0.0,67.7661,-21.085358,0.0,21.5,21.10000000000001,70
10.31296,-76.572815,0.0,-64.04576,-91.906334,0.0,-34.5,-91.9,70
21.163214,-99.73087,0.0,-20.776258,34.804214,0.0,22.400000000000006,-88.0,70
8.577076,24.124674,0.0,41.259743,-76.46695,0.0,50.900000000000006,29.900000000000006,70
-43.313187,45.51025,0.0,-27.951633,34.977207,0.0,-39.8,89.20000000000002,70
-77.072426,35.556202,0.0,-39.124134,-53.146374,0.0,-53.599999999999994,24.200000000000003,70
49.409935,-82.6959,0.0,59.49603,55.999393,0.0,59.5,-82.2,70
45.33313,-96.09088,0.0,-83.33837,64.55042,0.0,-83.6,-76.1,70
68.552956,47.24984,0.0,-93.442726,-4.320632,0.0,-77.4,-2.299999999999997,70
20.077085,-53.458923,0.0,89.4538,75.25643,0.0,49.80000000000001,-24.099999999999994,70
55.919933,47.395596,0.0,-69.98823,84.3499,0.0,57.5,84.30000000000001,70
68.14489,-69.18111,0.0,58.746128,-2.2697704,0.0,58.70000000000002,-7.599999999999994,70
96.069756,46.074306,0.0,17.48237,78.33155,0.0,95.9,81.4,70
83.16309,-90.8961,0.0,97.27211,-18.419891,0.0,100.0,-81.7,70
-92.729004,6.4957113,0.0,-60.628796,-77.98592,0.0,-80.4,-78.4,70
13.1606865,-91.65918,0.0,28.761549,-18.72455,0.0,11.300000000000011,-81.8,70
90.94815,-49.86149,0.0,57.46042,-81.47424,0.0,100.0,-83.3,70
43.126373,99.591095,0.0,-39.725357,32.82761,0.0,-39.699999999999996,77.30000000000001,70
95.293976,-44.458717,0.0,-35.788437,47.767864,0.0,98.5,41.0,70
-86.82528,38.845154,0.0,-43.203552,55.113487,0.0,-97.1,46.400000000000006,70
-86.48556,-91.8924,0.0,22.029787,-17.891459,0.0,-8.699999999999989,-75.0,70
66.52955,92.24731,0.0,69.08652,-82.72947,0.0,51.599999999999994,-76.0,70
-92.24942,-40.73523,0.0,-60.5921,87.26141,0.0,-81.2,84.0,70
97.18197,29.724525,0.0,53.91332,35.516815,0.0,85.0,22.900000000000006,70
-77.55587,85.349525,0.0,-29.174124,32.953453,0.0,-93.3,54.10000000000002,70
60.013584,-79.737686,0.0,-76.42866,-46.113773,0.0,-0.19999999999998863,-100.0,70
-90.20144,-93.532906,0.0,-42.452293,-3.7311916,0.0,-46.3,-77.6,70
69.18371,-24.527767,0.0,-30.47659,-60.119556,0.0,35.5,-54.5,70
-99.02266,-16.592146,0.0,12.13642,-89.976326,0.0,-74.6,-79.4,70
-32.48028,-24.290579,0.0,-30.950468,-15.124708,0.0,-34.2,-20.799999999999997,70
-96.867165,-41.806168,0.0,-54.308174,-8.130686,0.0,-94.0,4.300000000000011,70
62.19865,59.759327,0.0,18.297487,-44.678757,0.0,56.5,-51.9,70
-99.983635,-74.75796,0.0,-3.495673,91.11356,0.0,-71.9,76.9,70
-60.474648,97.54716,0.0,-27.57709,-22.411247,0.0,-68.3,76.0,70
-78.605225,-30.727316,0.0,0.16253181,29.151093,0.0,-80.1,-20.69999999999999,70
-77.86857,9.680395,0.0,88.87519,30.776999,0.0,-88.6,11.400000000000006,70
58.827206,30.40585,0.0,47.046215,-93.09301,0.0,61.80000000000001,-76.9,70
30.19497,-47.755947,0.0,-12.921672,23.55628,0.0,-55.099999999999994,-24.799999999999997,70
56.65915,-42.212772,0.0,-37.820763,78.98972,0.0,56.70000000000002,96.5,70
-92.37333,11.932869,0.0,-92.91253,12.004998,0.0,-93.1,12.0,70
62.239098,-57.218906,0.0,65.02331,-13.496703,0.0,59.30000000000001,-35.099999999999994,70
17.922577,24.428345,0.0,-35.06715,-9.501488,0.0,-26.89999999999999,18.0,70
19.017807,-21.19251,0.0,50.186512,-44.51425,0.0,24.60000000000001,-47.3,70
-76.100975,-92.98121,0.0,9.210262,76.717255,0.0,-100.0,17.80000000000001,70
68.437485,-63.847275,0.0,97.19614,-82.514824,0.0,54.60000000000002,-92.3,70
90.11033,54.963375,0.0,-59.417896,-77.61149,0.0,-30.39999999999999,-100.0,70
-96.05666,92.843094,0.0,2.4050899,-37.603077,0.0,-75.5,-33.099999999999994,70
-6.749888,-51.314472,0.0,-97.80702,53.321644,0.0,-80.4,28.80000000000001,70
13.771563,15.311067,0.0,40.40465,29.176304,0.0,21.200000000000003,23.900000000000006,70
-84.16744,-31.270443,0.0,-33.06345,-52.53477,0.0,-74.7,-4.099999999999994,70
34.589397,99.22903,0.0,-81.39019,-25.684317,0.0,-81.9,74.60000000000002,70
-1.5278709,31.929338,0.0,-96.46071,72.34276,0.0,-76.7,31.599999999999994,70
-82.56333,66.15037,0.0,-85.32004,-36.553894,0.0,-86.2,14.900000000000006,70
-50.431866,-0.8793024,0.0,52.453293,57.92104,0.0,60.10000000000002,52.5,70
-49.61351,42.59464,0.0,54.995506,-78.34218,0.0,-2.299999999999997,-99.7,70
28.497656,92.72518,0.0,74.524605,84.29553,0.0,51.20000000000002,91.0,70
95.085144,83.680046,0.0,83.51791,82.93794,0.0,89.80000000000001,86.70000000000002,70
-23.433205,3.305836,0.0,-46.54872,-60.26877,0.0,-46.599999999999994,-10.899999999999991,70
28.02831,-49.641994,0.0,46.25116,-95.24788,0.0,72.60000000000002,-49.599999999999994,70
99.29236,-29.929853,0.0,51.56836,-50.63922,0.0,100.0,-47.8,70
-22.247215,-36.01455,0.0,18.500282,-86.71467,0.0,-58.599999999999994,-79.2,70
81.54381,79.416275,0.0,-53.03693,80.316246,0.0,6.800000000000011,83.80000000000001,70
60.196194,8.142671,0.0,93.75428,-55.331844,0.0,94.20000000000002,10.300000000000011,70
33.891575,-41.451176,0.0,-72.326355,75.043106,0.0,-9.199999999999989,-58.4,70
15.731855,25.781109,0.0,98.26334,86.6574,0.0,98.80000000000001,32.400000000000006,70
13.219842,-20.347118,0.0,-3.4277797,-83.76126,0.0,8.800000000000011,-83.8,70
63.291496,70.76578,0.0,73.83895,96.686455,0.0,59.80000000000001,83.9,70
0.2417956,83.51588,0.0,-36.91045,-85.814285,0.0,-36.9,83.5,70
-35.468376,-73.13847,0.0,-75.458206,55.37568,0.0,-40.099999999999994,-35.8,70
-46.95676,-20.955296,0.0,-28.93679,96.608536,0.0,-32.5,79.70000000000002,70
20.506489,86.44698,0.0,-75.33656,93.26733,0.0,-27.599999999999994,91.10000000000002,70
91.811455,62.991745,0.0,-16.222261,-30.156328,0.0,-12.599999999999994,-48.3,70
20.192638,16.526697,0.0,27.005543,76.366234,0.0,37.900000000000006,37.80000000000001,70
-52.61777,-40.240044,0.0,-92.7424,-15.852844,0.0,-79.9,-1.6999999999999886,70
-98.05205,39.676468,0.0,49.602646,33.370834,0.0,-78.8,10.200000000000003,70
-33.0237,68.84713,0.0,13.800407,85.67625,0.0,-34.5,85.60000000000002,70
3.2514908,17.881971,0.0,-34.809937,-74.25971,0.0,-35.0,18.30000000000001,70
17.233677,-49.54483,0.0,20.185112,-42.99749,0.0,17.0,-44.5,70
53.535957,93.27153,0.0,-80.5713,35.22447,0.0,-82.1,80.20000000000002,70
-56.07266,-77.97967,0.0,29.843956,-88.218796,0.0,-3.1999999999999886,-99.8,70
60.47466,94.39747,0.0,87.04372,26.190329,0.0,59.60000000000002,26.200000000000003,70
-95.755,-56.974205,0.0,-83.65234,55.803192,0.0,-93.3,-2.0999999999999943,70
74.86921,2.0233934,0.0,-60.37469,83.7259,0.0,-22.39999999999999,73.9,70
94.665985,41.171337,0.0,97.876434,-9.81223,0.0,99.80000000000001,17.60000000000001,70
67.26746,61.75904,0.0,66.065506,24.040985,0.0,56.20000000000002,36.0,70
-97.44746,-38.187103,0.0,-77.15032,-2.753084,0.0,-91.7,-21.39999999999999,70
69.15728,-96.52278,0.0,-50.70551,-18.532309,0.0,39.099999999999994,-80.5,70
0.24053296,82.59061,0.0,65.42424,-81.64393,0.0,49.20000000000002,82.70000000000002,70
-39.676056,65.71202,0.0,66.514084,-99.097,0.0,-32.2,-75.3,70
61.79037,-66.33977,0.0,-28.802519,-35.81351,0.0,55.60000000000002,-55.099999999999994,70
9.32583,86.80229,0.0,-41.007343,66.40781,0.0,-38.3,86.80000000000001,70
65.05078,24.426764,0.0,-9.471766,92.03739,0.0,52.20000000000002,80.20000000000002,70
-49.18051,-87.24961,0.0,-27.675549,99.40877,0.0,-19.39999999999999,80.60000000000002,70
-43.106846,-81.142654,0.0,29.886637,99.43989,0.0,-25.39999999999999,80.0,70
79.659164,3.745214,0.0,55.586674,-93.78171,0.0,66.9,5.300000000000011,70
-43.8823,72.97007,0.0,-86.54261,-33.485226,0.0,-80.0,100.0,70
18.467209,-76.90923,0.0,-24.706245,91.89071,0.0,33.900000000000006,100.0,70
-30.58269,13.239462,0.0,-79.18947,-35.10809,0.0,-46.8,26.30000000000001,70
67.069,-21.501469,0.0,63.71737,-91.91688,0.0,55.20000000000002,-62.199999999999996,70
0.93312836,-53.69207,0.0,-49.57315,-58.537518,0.0,-9.599999999999994,-37.699999999999996,70
97.87781,74.187614,0.0,28.287426,-40.75622,0.0,97.5,27.0,70
-90.61085,-45.251312,0.0,65.66319,-84.6364,0.0,-82.1,-84.7,70
30.673922,78.60718,0.0,-53.832253,27.248173,0.0,-15.199999999999989,80.70000000000002,70
-91.546936,-94.37259,0.0,-21.099226,-46.122055,0.0,-76.0,-60.099999999999994,70
48.255802,-54.15387,0.0,-83.27448,5.36997,0.0,-83.3,0.4000000000000057,70
-70.2263,97.707634,0.0,99.81068,42.085533,0.0,99.80000000000001,78.0,70
-75.85953,13.539385,0.0,-46.948708,17.281687,0.0,-43.9,-10.799999999999997,70
60.084026,40.197918,0.0,-19.343262,-90.06194,0.0,59.900000000000006,-80.4,70
26.429632,4.4589014,0.0,-79.461685,37.079357,0.0,-82.4,41.20000000000002,70
-8.491724,29.491114,0.0,61.913345,-5.487264,0.0,56.80000000000001,24.60000000000001,70
-25.734417,22.77618,0.0,62.5267,-68.972275,0.0,56.5,30.30000000000001,70
19.900219,91.56279,0.0,-32.347267,49.410362,0.0,-50.5,83.70000000000002,70
-41.021397,-27.908665,0.0,61.58004,66.127754,0.0,57.5,-59.199999999999996,70
22.267399,21.309149,0.0,26.78059,-30.979033,0.0,17.700000000000003,5.900000000000006,70
-46.325626,-5.2254887,0.0,-88.75993,68.788086,0.0,-82.4,-2.0,70
98.6062,89.8781,0.0,-86.06722,31.11065,0.0,-85.9,82.5,70
-53.44093,89.93753,0.0,36.010666,26.05711,0.0,-27.39999999999999,30.599999999999994,70
-28.902416,-38.031452,0.0,-35.06719,31.293274,0.0,-40.9,-7.199999999999989,70
51.267956,55.475925,0.0,47.59742,79.07071,0.0,53.20000000000002,86.0,70
-82.63123,-76.51775,0.0,-86.24773,-32.83723,0.0,-91.8,-54.3,70
30.336964,-84.83141,0.0,-29.339184,85.58147,0.0,-19.099999999999994,83.10000000000002,70
38.059887,-78.36079,0.0,2.1123188,81.995705,0.0,-30.700000000000003,81.60000000000002,70
-25.610605,-46.352596,0.0,68.8761,41.87992,0.0,2.700000000000003,-41.8,70
67.529106,10.675635,0.0,11.474194,-97.63353,0.0,43.30000000000001,-87.5,70
-21.95177,82.23389,0.0,52.124218,51.503845,0.0,56.10000000000002,82.30000000000001,70
1.3609608,-44.576637,0.0,-31.35434,90.33004,0.0,-64.4,-18.39999999999999,70
8.944187,5.8137984,0.0,3.3300772,-48.079796,0.0,30.200000000000017,-1.3999999999999915,70
-88.09113,61.30768,0.0,98.420685,2.839175,0.0,-78.6,44.5,70
67.11894,-72.991234,0.0,57.70321,-49.136635,0.0,59.70000000000002,-62.0,70
-75.116615,76.48759,0.0,-13.06943,34.158237,0.0,-1.0,76.5,70
18.9167,-54.48312,0.0,30.389545,82.30515,0.0,28.200000000000017,82.4,70
80.47594,95.16464,0.0,-45.30596,-89.14141,0.0,-24.5,81.20000000000002,70
52.825268,-78.27248,0.0,64.20266,-37.621307,0.0,64.20000000000002,-79.1,70
-81.0738,58.322803,0.0,27.180552,23.300674,0.0,-81.1,37.099999999999994,70
-13.2478285,99.60721,0.0,47.801163,87.33378,0.0,17.200000000000003,94.10000000000002,70
12.405681,89.886734,0.0,19.055895,-77.39469,0.0,33.30000000000001,93.80000000000001,70
-90.700035,-52.072975,0.0,63.427036,-93.708755,0.0,-82.0,-80.0,70
-50.372177,55.064926,0.0,56.442215,-93.66841,0.0,-9.799999999999997,-79.9,70
51.78372,-66.084274,0.0,17.244144,2.7968562,0.0,22.30000000000001,4.0,70
-90.42016,-13.91697,0.0,-49.951046,-51.842655,0.0,-78.9,-21.69999999999999,70
-89.65408,-89.410614,0.0,-92.87765,-26.468916,0.0,-93.0,-58.199999999999996,70
-75.69433,-71.61176,0.0,-34.891304,-1.8220578,0.0,-41.199999999999996,-12.199999999999989,70
-23.845316,31.86422,0.0,58.055614,-99.95349,0.0,-39.5,-72.9,70
68.55172,75.77837,0.0,-9.5918665,81.789314,0.0,19.0,87.10000000000002,70
97.45013,18.17426,0.0,-54.894493,8.993857,0.0,51.80000000000001,25.400000000000006,70
96.33363,94.71158,0.0,71.77638,-90.25887,0.0,100.0,-85.7,70
97.63515,-50.057785,0.0,-50.40596,-81.86292,0.0,97.70000000000002,-86.4,70
-85.214424,29.203854,0.0,-94.43955,3.0440562,0.0,-90.7,16.0,70
20.1564,-28.777033,0.0,-38.7524,-11.804232,0.0,-15.0,-50.0,70
3.0427673,-82.47948,0.0,-79.82371,76.9356,0.0,-79.9,-82.5,70
-87.08711,-47.031895,0.0,-25.956057,-13.331614,0.0,-82.1,-34.0,70
-49.139168,53.02704,0.0,-45.325428,15.824563,0.0,-45.199999999999996,34.30000000000001,70
-30.758804,79.99029,0.0,33.327675,80.51999,0.0,-0.3999999999999915,90.0,70
29.181978,-84.694824,0.0,65.63031,-84.40499,0.0,47.30000000000001,-86.8,70
-97.21413,93.4737,0.0,32.483627,23.801048,0.0,-77.2,37.400000000000006,70
78.08371,-85.11161,0.0,-50.954735,-57.109394,0.0,-19.39999999999999,-85.1,70
40.402683,94.15109,0.0,-77.62298,-51.671185,0.0,-88.5,79.30000000000001,70
48.893356,-77.795395,0.0,-29.726173,76.71062,0.0,1.1000000000000085,-81.3,70
1.7846417,19.745096,0.0,-20.544529,-92.200806,0.0,-6.8999999999999915,-100.0,70
21.09939,-84.730194,0.0,-86.09923,88.92951,0.0,-83.9,-84.7,70
27.87523,-24.508537,0.0,-76.49569,-22.71959,0.0,2.6000000000000085,-35.2,70
-98.02396,-86.193306,0.0,62.553226,39.739685,0.0,54.70000000000002,-84.3,70
12.443339,82.13131,0.0,-80.28655,-45.788532,0.0,-80.3,82.30000000000001,70
24.426151,33.925945,0.0,-19.269386,76.09232,0.0,11.300000000000011,2.0,70
55.915054,38.51374,0.0,-81.80335,75.89429,0.0,55.900000000000006,100.0,70
13.3117075,-22.386143,0.0,-77.82209,-57.42389,0.0,-87.0,-29.39999999999999,70
68.035164,-63.445095,0.0,23.350615,-28.45185,0.0,24.400000000000006,-36.599999999999994,70
-4.359258,17.611473,0.0,61.923134,-71.4247,0.0,57.30000000000001,34.70000000000002,70
19.82719,-33.330757,0.0,-33.669846,15.9877,0.0,-34.39999999999999,-46.099999999999994,70
-36.902122,-97.10201,0.0,51.227856,-2.822455,0.0,4.400000000000006,-70.4,70
-25.269209,30.337734,0.0,-9.431304,-51.92268,0.0,-31.099999999999994,-10.899999999999991,70
-39.003925,-13.197949,0.0,90.759705,3.581589,0.0,2.3000000000000114,48.900000000000006,70
-75.36731,-88.959625,0.0,-46.63902,31.6658,0.0,-46.599999999999994,-82.8,70
-47.417595,-90.706505,0.0,-62.909706,87.33237,0.0,-44.3,84.20000000000002,70
-44.54735,-80.368576,0.0,12.595886,-91.95191,0.0,-20.799999999999997,-92.7,70
-72.287994,-83.13282,0.0,-28.767355,-12.0796175,0.0,-58.4,-83.1,70
-95.075905,75.964554,0.0,-50.831116,61.677345,0.0,-48.699999999999996,95.0,70
-0.2797857,34.70629,0.0,-41.85364,84.97478,0.0,-41.4,15.5,70
30.204845,-90.6912,0.0,-30.160492,-37.805347,0.0,-48.3,-77.6,70
18.081038,-78.527,0.0,-41.050945,56.22966,0.0,-27.89999999999999,-82.3,70
93.66058,52.1785,0.0,-8.619833,-90.82659,0.0,94.0,-80.3,70
90.154526,69.238396,0.0,72.91057,82.40646,0.0,41.70000000000002,73.9,70
-45.24216,37.234245,0.0,-80.039764,-98.38793,0.0,-45.3,-77.2,70
31.088802,97.14299,0.0,-14.785419,-96.02381,0.0,-27.799999999999997,-92.7,70
50.21575,-45.552883,0.0,68.54197,80.6262,0.0,47.30000000000001,-45.599999999999994,70
-30.825022,30.191936,0.0,-45.042458,-74.616806,0.0,-35.89999999999999,-21.299999999999997,70
54.638348,12.763214,0.0,-50.538162,-13.6301775,0.0,54.60000000000002,63.0,70
-92.721535,47.18287,0.0,53.368652,96.73826,0.0,-80.4,79.5,70
28.582727,-41.311707,0.0,47.142586,-92.02936,0.0,48.400000000000006,-66.4,70
-79.894,-38.670574,0.0,-73.18022,-80.96883,0.0,-80.0,-80.9,70
-51.37129,25.181255,0.0,-1.6865776,-52.333096,0.0,-30.0,-14.899999999999991,70
-76.11911,23.526903,0.0,98.78591,-77.294075,0.0,99.80000000000001,-49.4,70
59.40361,6.205653,0.0,90.99296,-41.909615,0.0,91.20000000000002,14.5,70
61.462772,-96.31341,0.0,-98.91021,-56.756836,0.0,-77.0,-79.1,70
5.488242,22.127596,0.0,59.175377,97.850914,0.0,59.5,32.599999999999994,70
-78.634674,13.512807,0.0,37.938736,-40.76572,0.0,-78.9,16.200000000000003,70
-46.73564,6.591442,0.0,53.33405,-42.87269,0.0,-9.299999999999997,-59.8,70
69.24988,-84.46866,0.0,16.745033,82.52998,0.0,42.099999999999994,83.0,70
98.544716,-90.62615,0.0,-45.41869,-72.22933,0.0,-29.099999999999994,-89.4,70
57.870758,-0.9836838,0.0,8.015328,99.17497,0.0,57.900000000000006,77.30000000000001,70
-14.295736,-99.78613,0.0,-41.68639,95.95395,0.0,-38.4,-79.1,70
-54.489986,-11.19742,0.0,18.030123,-99.37688,0.0,-3.6999999999999886,-77.3,70
-95.401085,58.393085,0.0,66.05363,-69.801216,0.0,21.5,-100.0,70
-83.66277,-42.05723,0.0,-79.3412,-51.15243,0.0,-93.1,-45.5,70
-35.21261,-36.972046,0.0,37.333477,83.203705,0.0,-42.9,83.20000000000002,70
29.052954,-83.59485,0.0,-45.433754,78.89606,0.0,-26.700000000000003,-83.5,70
-97.03605,36.045116,0.0,-4.3471885,-37.505074,0.0,-76.0,-20.19999999999999,70
19.138083,92.80552,0.0,23.242453,-39.331013,0.0,15.200000000000003,74.20000000000002,70
95.30514,83.244644,0.0,-96.25256,83.54547,0.0,-69.1,92.10000000000002,70
73.63913,-89.547775,0.0,20.969437,-33.072247,0.0,38.599999999999994,-67.3,70
89.376175,23.949558,0.0,-43.36704,17.372408,0.0,39.30000000000001,29.599999999999994,70
-49.53985,61.284718,0.0,92.73326,-45.87715,0.0,-31.599999999999994,58.10000000000002,70
69.6521,19.612703,0.0,-29.686922,-49.307747,0.0,52.20000000000002,-44.699999999999996,70
26.86911,-84.19354,0.0,-46.42323,97.31846,0.0,-27.0,-84.3,70
94.843475,-19.222113,0.0,-82.0765,-24.797628,0.0,100.0,-58.9,70
25.971706,-13.101264,0.0,56.852,-5.601712,0.0,26.0,5.300000000000011,70
-30.557993,-22.22432,0.0,-25.331598,-81.53235,0.0,-44.099999999999994,-81.7,70
86.165085,24.589636,0.0,-19.885633,90.473114,0.0,43.900000000000006,35.0,70
-8.370625,-39.604122,0.0,-88.1681,-32.89047,0.0,-78.7,-38.699999999999996,70
-49.404076,45.11218,0.0,86.81979,-92.70208,0.0,-9.799999999999997,-80.2,70
51.08943,98.85733,0.0,-45.78974,16.34978,0.0,-33.89999999999999,77.10000000000002,70
-81.08913,82.74152,0.0,89.24309,-89.01824,0.0,-89.5,-82.2,70
13.443995,95.976875,0.0,38.73133,22.306618,0.0,21.10000000000001,78.9,70
-40.546703,-82.2363,0.0,-40.939304,3.9297786,0.0,-42.5,-39.9,70
25.86122,-54.863087,0.0,-78.69716,85.266136,0.0,-65.1,85.30000000000001,70
3.1528137,81.869484,0.0,-46.253674,96.75173,0.0,-21.799999999999997,90.80000000000001,70
-97.015686,-50.45199,0.0,-43.380978,26.290558,0.0,-57.099999999999994,-48.099999999999994,70
80.39362,14.514355,0.0,-86.78101,-13.683661,0.0,-84.9,-12.399999999999991,70
0.73416203,83.090256,0.0,89.081116,2.8379757,0.0,30.200000000000017,81.30000000000001,70
53.738823,31.926844,0.0,-71.18604,83.63346,0.0,59.30000000000001,83.60000000000002,70
55.233112,32.362183,0.0,13.678888,-85.51457,0.0,62.30000000000001,-85.0,70
97.839615,-24.897707,0.0,-87.54651,-39.07591,0.0,-76.1,-39.599999999999994,70
96.45481,-62.53812,0.0,-20.057674,28.75312,0.0,96.5,24.60000000000001,70
-37.877552,-94.178894,0.0,-93.09836,-69.74159,0.0,-79.1,-86.7,70
-39.661224,-13.919939,0.0,50.212543,92.97144,0.0,-41.0,80.80000000000001,70
-79.21813,-14.030053,0.0,-21.43853,-88.78047,0.0,-79.4,-80.3,70
-55.62997,-84.91731,0.0,92.3694,53.55883,0.0,92.5,-84.9,70
62.368042,-93.9539,0.0,-93.50433,-42.710297,0.0,-80.8,-78.0,70
-97.5141,-68.71554,0.0,-84.499374,41.819096,0.0,-92.4,-13.899999999999991,70
-35.002144,39.77002,0.0,50.578465,-13.757826,0.0,-54.099999999999994,41.5,70
25.940367,-9.426648,0.0,62.061634,-31.10593,0.0,56.20000000000002,-23.599999999999994,70
-4.70841,-95.63907,0.0,0.7355284,92.041794,0.0,-8.199999999999989,-92.4,70
69.807495,86.80066,0.0,-7.316193,-54.695923,0.0,41.80000000000001,14.600000000000009,70
-94.5642,-41.01266,0.0,-49.81252,-44.802467,0.0,-75.9,-57.5,70
90.429634,13.331977,0.0,33.999687,88.41009,0.0,100.0,70.60000000000002,70
-79.34159,-35.457253,0.0,90.922295,-21.230154,0.0,-88.9,-43.4,70
97.02777,33.890465,0.0,64.64545,24.672924,0.0,92.30000000000001,20.400000000000006,70
-49.406273,-81.35927,0.0,71.12014,80.09519,0.0,-10.899999999999991,86.10000000000002,70
63.88613,-92.789,0.0,88.65822,-90.74436,0.0,76.20000000000002,-92.7,70
75.53354,-86.04761,0.0,-43.823334,-80.36109,0.0,-9.5,-94.3,70
53.35881,73.213394,0.0,-60.841717,-97.36403,0.0,-38.9,-76.3,70
-24.02162,-42.583447,0.0,1.4889058,16.853703,0.0,-43.8,14.800000000000011,70
98.32529,79.147644,0.0,-32.46444,-77.291534,0.0,98.4,-94.5,70
33.897205,84.50441,0.0,-80.630844,-97.96116,0.0,-89.9,84.5,70
93.89832,-60.389168,0.0,-52.83109,-55.792454,0.0,95.20000000000002,-36.099999999999994,70
-57.064575,77.71025,0.0,-31.179817,-25.17622,0.0,-59.3,84.20000000000002,70
58.35246,-29.039085,0.0,-86.273476,52.774616,0.0,-76.1,20.400000000000006,70
-35.624954,-22.945076,0.0,18.586758,-48.039112,0.0,-17.0,-42.4,70
41.942917,-98.75117,0.0,92.065636,-72.068436,0.0,100.0,-85.1,70
4.5009255,76.93675,0.0,77.578186,-95.87628,0.0,98.80000000000001,-83.8,70
-81.2615,-96.93185,0.0,20.250355,85.75352,0.0,-84.3,85.70000000000002,70
64.73408,89.38838,0.0,-44.088818,13.160027,0.0,53.70000000000002,34.900000000000006,70
-26.60162,91.645676,0.0,52.520607,-81.567604,0.0,79.70000000000002,81.60000000000002,70
-86.31684,83.07877,0.0,54.499985,-26.79131,0.0,58.70000000000002,83.10000000000002,70
50.11152,-91.48755,0.0,-14.849507,-54.650944,0.0,2.3000000000000114,-89.4,70
-61.15624,76.13364,0.0,27.349096,-94.69371,0.0,42.30000000000001,-76.5,70
65.903534,78.34996,0.0,53.810005,78.92385,0.0,56.30000000000001,88.70000000000002,70
-7.149083,-97.434425,0.0,-83.72319,17.647861,0.0,-83.7,-50.699999999999996,70
-94.8919,-39.0836,0.0,-29.513998,28.311323,0.0,-67.3,5.0,70
93.10561,-59.596756,0.0,-53.628952,-39.755703,0.0,97.70000000000002,-62.8,70
60.81932,-45.53956,0.0,-10.711979,96.92212,0.0,57.80000000000001,79.70000000000002,70
17.418577,-90.933624,0.0,-17.490871,86.336205,0.0,-7.8999999999999915,88.10000000000002,70
27.819954,-40.866863,0.0,-47.30633,45.799534,0.0,-28.799999999999997,-29.5,70
99.7692,58.277897,0.0,53.872093,-2.3523312,0.0,99.70000000000002,34.400000000000006,70
-31.505201,35.2539,0.0,-68.928085,84.56587,0.0,-65.5,84.30000000000001,70
-87.27737,-58.99027,0.0,-37.022415,65.14058,0.0,-79.2,23.10000000000001,70
-99.128,-10.324432,0.0,-94.35641,-35.639725,0.0,-96.9,-23.0,70
-78.438385,-74.72157,0.0,89.46597,12.214505,0.0,93.30000000000001,15.600000000000009,70
-40.70273,-16.260912,0.0,-96.556274,-74.60083,0.0,-50.9,-94.1,70
16.335094,11.617011,0.0,7.6794167,15.6658745,0.0,13.800000000000011,16.5,70
55.260994,84.82917,0.0,-51.52666,4.355179,0.0,-16.299999999999997,83.4,70
-33.512432,-76.03045,0.0,74.65072,75.863304,0.0,-62.9,-79.2,70
13.916316,-24.880075,0.0,-51.14939,45.15087,0.0,-15.199999999999989,-52.599999999999994,70
88.695496,-90.607956,0.0,64.5345,25.593126,0.0,53.80000000000001,-82.7,70
-91.01104,-82.28777,0.0,-94.02468,-24.162224,0.0,-93.5,-53.3,70
-31.74668,-63.861115,0.0,91.483406,-91.55178,0.0,25.900000000000006,-65.69999999999999,70
17.019958,-94.773895,0.0,-99.07198,-20.411375,0.0,-74.6,-75.8,70
33.167747,95.918495,0.0,-54.696514,-38.56961,0.0,33.900000000000006,82.10000000000002,70
-67.25805,98.730675,0.0,58.358486,36.594757,0.0,58.400000000000006,76.9,70
-81.33381,-2.8712578,0.0,9.640432,-31.18343,0.0,-81.4,-50.4,70
-50.780697,26.033264,0.0,-41.82274,24.484982,0.0,-41.9,25.5,70
-84.69146,34.083122,0.0,10.617161,-97.96472,0.0,-84.7,-69.2,70
23.59538,0.18483765,0.0,64.30635,59.851498,0.0,60.80000000000001,19.10000000000001,70
-20.066813,-77.310776,0.0,79.943184,-76.01523,0.0,26.5,-84.6,70
50.87974,-33.393616,0.0,-52.487564,83.492065,0.0,-22.0,-46.0,70
65.76687,-34.199577,0.0,23.321064,-94.784935,0.0,42.30000000000001,-79.6,70
54.748726,10.462644,0.0,-17.915709,-94.63588,0.0,54.80000000000001,-75.9,70
-70.46031,81.72897,0.0,-73.95634,82.75295,0.0,-72.2,83.20000000000002,70
-90.41686,-89.32202,0.0,98.6525,-82.09949,0.0,76.20000000000002,-93.5,70
-12.42352,-46.701336,0.0,-47.15978,69.44323,0.0,-34.39999999999999,-18.099999999999994,70
55.017963,64.11117,0.0,98.3054,93.967735,0.0,75.30000000000001,84.0,70
98.9683,-65.852684,0.0,-75.831764,-74.30884,0.0,96.20000000000002,-48.9,70
55.853832,80.79634,0.0,27.115072,19.739485,0.0,60.80000000000001,41.70000000000002,70
-9.558457,87.73228,0.0,90.93804,-83.50101,0.0,24.10000000000001,83.0,70
21.23652,-84.4643,0.0,16.337471,-32.875553,0.0,13.400000000000006,-55.4,70
99.35586,33.698593,0.0,-40.313114,-48.850925,0.0,99.5,-45.199999999999996,70
-38.692726,31.90417,0.0,75.21001,76.31688,0.0,-42.0,53.900000000000006,70
-88.2928,94.0093,0.0,53.508846,10.887314,0.0,59.400000000000006,79.4,70
-13.936477,24.546041,0.0,-57.977425,-76.48776,0.0,-63.699999999999996,-24.89999999999999,70
94.04243,-69.13294,0.0,99.206856,-2.346746,0.0,100.0,-42.0,70
21.072153,-35.60766,0.0,49.37305,-77.02679,0.0,11.400000000000006,-56.199999999999996,70
-51.69003,98.2052,0.0,2.8404293,-99.976425,0.0,-20.299999999999997,-80.9,70
10.901853,96.16936,0.0,22.052397,24.4514,0.0,-4.0,31.400000000000006,70
0.0225308,32.350346,0.0,-47.307117,7.750556,0.0,-23.599999999999994,18.10000000000001,70
-2.3827949,99.77995,0.0,-40.279495,7.031413,0.0,-40.0,78.20000000000002,70
59.65439,84.140854,0.0,-51.37062,64.72024,0.0,-12.299999999999997,89.4,70
50.068043,-42.917118,0.0,-14.464303,98.85947,0.0,-45.5,82.60000000000002,70
49.333073,-85.02082,0.0,97.65935,76.82078,0.0,97.70000000000002,-85.2,70
-34.941483,70.4996,0.0,-17.399658,-87.82694,0.0,-35.0,-84.0,70
99.80823,62.476776,0.0,81.02886,-93.798904,0.0,99.9,-82.7,70
-46.027195,-27.657055,0.0,94.61927,41.6916,0.0,-37.5,17.700000000000003,70
-54.12425,49.59788,0.0,91.99487,45.34855,0.0,-10.899999999999991,17.30000000000001,70
8.172395,10.950674,0.0,-91.09401,38.443897,0.0,-79.5,47.900000000000006,70
-49.729977,13.337106,0.0,-54.589916,-15.293048,0.0,-45.3,5.400000000000006,70
87.661026,80.74668,0.0,28.335785,0.7218495,0.0,15.700000000000003,84.80000000000001,70
15.2350235,-7.9367437,0.0,-70.17542,76.62518,0.0,-52.4,79.30000000000001,70
-27.716118,-11.15787,0.0,90.86067,-36.134357,0.0,-25.700000000000003,-49.599999999999994,70
90.31382,71.89899,0.0,69.94059,-73.61592,0.0,32.900000000000006,-42.599999999999994,70
59.176872,-14.686204,0.0,21.642494,27.221157,0.0,59.30000000000001,27.900000000000006,70
-49.2219,-66.7701,0.0,-98.62807,22.942228,0.0,-89.6,-33.599999999999994,70
-6.4518275,-91.906746,0.0,-93.13862,-31.321505,0.0,-79.4,-71.5,70
-32.037567,-39.96,0.0,-76.66202,96.15446,0.0,-53.5,78.60000000000002,70
-97.879105,-89.98335,0.0,-13.100984,-50.75697,0.0,-74.5,-50.8,70
56.268185,92.956276,0.0,58.436096,-25.797695,0.0,63.80000000000001,63.80000000000001,70
16.041914,3.2152197,0.0,95.718544,-3.91059,0.0,100.0,7.300000000000011,70
-15.1514635,91.29173,0.0,1.8621213,77.29166,0.0,-9.299999999999997,91.30000000000001,70
-83.67673,-25.534605,0.0,-79.36436,96.09688,0.0,-94.1,57.70000000000002,70
53.104362,-22.401972,0.0,-85.57082,-38.122154,0.0,-81.8,-70.2,70
-98.12567,-46.184544,0.0,92.908035,60.370155,0.0,-70.9,55.30000000000001,70
-86.3992,46.106495,0.0,55.850395,81.260704,0.0,-84.4,81.30000000000001,70
-46.24666,-96.15771,0.0,68.71932,-47.585922,0.0,19.5,-71.1,70
-41.982334,-65.07262,0.0,61.121414,-16.510029,0.0,-31.5,-6.8999999999999915,70
48.115044,24.063772,0.0,69.07577,4.915778,0.0,60.5,31.700000000000017,70
-50.335648,-17.88064,0.0,65.52557,93.22479,0.0,-21.799999999999997,81.4,70
-82.62234,-53.435684,0.0,-25.043926,-79.49569,0.0,-82.7,-78.9,70
-81.87789,15.047484,0.0,24.209816,-10.105165,0.0,-81.9,3.4000000000000057,70
-1.5745368,-83.83043,0.0,52.746418,71.78542,0.0,53.80000000000001,-83.8,70
-37.39336,-34.61692,0.0,-90.90893,41.005566,0.0,-68.6,-25.299999999999997,70
-75.70578,-27.30194,0.0,-12.7908325,-53.42312,0.0,-41.099999999999994,-23.299999999999997,70
13.201863,26.998323,0.0,-53.02178,91.16962,0.0,-27.700000000000003,27.0,70
88.08859,28.940111,0.0,22.143677,-23.124146,0.0,22.80000000000001,25.200000000000003,70
-42.962765,-16.889095,0.0,15.1036415,3.4678178,0.0,-12.299999999999997,35.20000000000002,70
86.39821,96.101974,0.0,-35.440125,80.83151,0.0,7.700000000000003,95.10000000000002,70
60.805912,-74.58271,0.0,-29.27527,2.061092,0.0,52.80000000000001,-57.3,70
87.32672,-91.43865,0.0,23.744968,28.3346,0.0,23.60000000000001,-76.9,70
98.64578,-88.7689,0.0,28.323545,-83.8089,0.0,64.0,-90.6,70
75.02897,10.984033,0.0,-59.846344,-92.18354,0.0,-16.299999999999997,-61.099999999999994,70
77.84712,25.792488,0.0,-45.90215,-21.718418,0.0,-16.799999999999997,29.700000000000017,70
50.423676,-99.41991,0.0,-19.279306,99.75675,0.0,78.30000000000001,76.9,70
-76.3628,26.722593,0.0,-32.12957,-9.196213,0.0,-37.5,25.400000000000006,70
75.072495,75.000305,0.0,-76.058685,-33.622078,0.0,-99.9,4.800000000000011,70
-75.22715,-62.464527,0.0,20.157265,-10.992728,0.0,25.80000000000001,-18.19999999999999,70
-48.945656,-0.89392376,0.0,-38.79674,-74.40493,0.0,-44.3,-38.5,70
-26.78789,14.65561,0.0,-3.2452564,91.73324,0.0,-61.3,75.0,70
-26.621244,-36.237988,0.0,-33.26093,-72.924446,0.0,-46.699999999999996,-52.199999999999996,70
-16.344168,-54.449135,0.0,-35.235546,79.105156,0.0,-45.199999999999996,54.400000000000006,70
-46.275337,58.269997,0.0,-53.376392,46.68413,0.0,-34.5,51.900000000000006,70
-50.40601,0.111140236,0.0,-42.511356,-64.391945,0.0,-42.5,-31.700000000000003,70
15.106153,-17.576574,0.0,56.080097,67.34667,0.0,71.60000000000002,26.200000000000003,70
-45.36524,47.335484,0.0,-51.447746,-18.965075,0.0,-43.4,12.700000000000003,70
-40.3281,-42.722546,0.0,-20.358015,84.58205,0.0,-41.599999999999994,84.10000000000002,70
16.409,21.754194,0.0,-2.6358945,81.80004,0.0,6.6000000000000085,15.0,70
75.2428,9.119343,0.0,-35.162342,34.774918,0.0,56.900000000000006,11.700000000000003,70
-44.905025,-54.405563,0.0,-0.12507302,96.47013,0.0,-12.599999999999994,76.60000000000002,70
-42.414936,-26.947811,0.0,-87.21174,63.962433,0.0,-90.4,61.60000000000002,70
-19.603708,-40.45362,0.0,-51.718674,-36.170086,0.0,-35.7,-38.4,70
88.123764,-99.48184,0.0,69.603424,66.31287,0.0,61.80000000000001,-84.4,70
36.48102,75.19223,0.0,79.599976,3.1308079,0.0,55.5,41.30000000000001,70
22.40806,-75.195816,0.0,-87.68859,-43.83275,0.0,-82.9,-33.599999999999994,70
3.7989883,-77.2006,0.0,-39.250446,-20.735058,0.0,-40.3,-93.9,70
-89.26205,-18.399961,0.0,-21.585167,-89.346,0.0,-79.4,-81.7,70
-95.78906,60.59686,0.0,-46.013348,75.56815,0.0,-71.4,95.4,70
-98.07394,28.673046,0.0,18.499859,-17.49007,0.0,27.60000000000001,26.30000000000001,70
-98.5179,-54.5062,0.0,57.315178,50.47317,0.0,60.20000000000002,71.30000000000001,70
44.037197,98.218994,0.0,17.387035,-30.38605,0.0,34.099999999999994,71.30000000000001,70
-83.53946,84.09278,0.0,-63.667763,-77.37692,0.0,-84.8,-84.8,70
-50.710762,66.67748,0.0,84.991005,84.99057,0.0,-13.599999999999994,89.10000000000002,70
-17.434673,12.514769,0.0,18.825325,-18.443722,0.0,26.200000000000003,26.400000000000006,70
99.491844,-62.89291,0.0,-78.09898,-35.209377,0.0,100.0,-27.89999999999999,70
-97.208145,-87.01577,0.0,91.73827,65.1239,0.0,92.5,-83.9,70
41.5493,-76.50879,0.0,-45.961758,-7.960467,0.0,32.400000000000006,-82.9,70
-41.141598,13.346757,0.0,-8.992451,92.14395,0.0,-40.8,81.60000000000002,70
-2.0926602,30.099302,0.0,48.30021,23.51794,0.0,15.300000000000011,30.099999999999994,70
37.974716,31.875814,0.0,72.15981,33.26623,0.0,52.20000000000002,20.5,70
-22.891993,85.26584,0.0,54.332508,72.17523,0.0,54.400000000000006,85.30000000000001,70
52.956066,3.8656986,0.0,-80.03632,-62.42865,0.0,-85.3,-53.9,70
-7.990253,-81.7318,0.0,-68.616295,-95.113686,0.0,-39.3,-90.9,70
91.74864,62.66884,0.0,84.48107,5.253742,0.0,94.10000000000002,33.20000000000002,70
-37.990963,-31.493933,0.0,68.48544,-59.643265,0.0,19.60000000000001,-53.599999999999994,70
77.37375,29.126112,0.0,-90.2481,30.880787,0.0,-82.9,26.900000000000006,70
-62.296375,88.04877,0.0,-79.65377,62.021828,0.0,-83.6,84.30000000000001,70
66.08411,90.05219,0.0,0.1289867,89.59258,0.0,33.400000000000006,92.0,70
-98.25201,55.419872,0.0,-66.54095,94.13126,0.0,-84.6,81.60000000000002,70
60.097824,11.945351,0.0,60.769524,19.963034,0.0,61.5,15.900000000000006,70
-47.41074,-94.42513,0.0,54.954678,76.09633,0.0,55.0,-78.1,70
56.83407,-79.247025,0.0,74.748436,31.642426,0.0,64.9,-17.599999999999994,70
-75.36675,95.23603,0.0,-24.902962,98.000275,0.0,-50.199999999999996,96.60000000000002,70
80.69806,-94.85916,0.0,90.61064,57.99213,0.0,97.30000000000001,-84.7,70
32.5635,-75.84969,0.0,49.66956,82.56938,0.0,39.5,80.5,70
61.066032,-1.9473699,0.0,57.59564,47.53505,0.0,60.900000000000006,22.700000000000003,70
-98.69304,96.56373,0.0,-11.004786,88.51034,0.0,-55.099999999999994,93.10000000000002,70
-94.81172,59.969265,0.0,88.420975,-92.157715,0.0,-78.1,-79.9,70
96.05616,-61.94219,0.0,-11.219126,-87.471344,0.0,96.10000000000002,-84.9,70
-88.48493,-35.79541,0.0,-94.55148,-62.995495,0.0,-92.1,-49.4,70
-46.380505,-84.99802,0.0,63.117744,34.332466,0.0,-32.3,9.100000000000009,70
56.465057,-7.480251,0.0,63.299908,47.43009,0.0,59.900000000000006,20.0,70
-4.9608564,-51.971706,0.0,50.97911,-44.45217,0.0,26.700000000000003,-44.5,70
-34.730804,35.72394,0.0,-24.288315,-94.89886,0.0,-25.89999999999999,-78.7,70
-46.00637,55.555115,0.0,-46.43035,-86.06906,0.0,-36.5,-45.0,70
-83.94869,-54.163532,0.0,93.68786,-37.442364,0.0,-83.6,-56.4,70
21.378193,1.026798,0.0,7.261866,-37.80432,0.0,23.5,-27.299999999999997,70
22.612337,-19.893873,0.0,-61.98206,-80.55852,0.0,-10.599999999999994,-73.6,70
17.597921,-21.959225,0.0,-97.82274,13.651015,0.0,-100.0,-21.299999999999997,70
77.77546,92.32412,0.0,-19.220387,-87.3379,0.0,100.0,83.10000000000002,70
30.870789,27.043158,0.0,-99.423836,31.737215,0.0,-76.8,28.700000000000017,70
47.303364,-95.631966,0.0,81.651375,10.354886,0.0,78.70000000000002,9.700000000000003,70
9.529852,29.356407,0.0,95.117905,99.50245,0.0,100.0,29.30000000000001,70
-95.23826,68.642715,0.0,-20.056448,11.170768,0.0,-74.7,51.80000000000001,70
5.0663986,32.322563,0.0,-33.555454,-69.72672,0.0,-50.8,-17.799999999999997,70
16.246698,-96.05485,0.0,83.10608,-92.24793,0.0,49.599999999999994,-94.5,70
-47.52851,-35.477425,0.0,80.80695,-98.59347,0.0,39.400000000000006,-59.099999999999994,70
-89.667404,64.53691,0.0,-86.31653,-45.961895,0.0,-89.7,9.300000000000011,70
-79.61865,83.52691,0.0,52.927727,98.22388,0.0,-22.0,92.70000000000002,70
-49.991177,-51.40469,0.0,20.963892,-39.469925,0.0,-14.5,-45.4,70
-30.483858,-49.271343,0.0,54.349216,-55.36092,0.0,59.30000000000001,-44.8,70
-93.34498,63.50201,0.0,-92.02951,-69.28905,0.0,-93.3,-3.5,70
67.81898,-16.377478,0.0,-94.09675,-82.832275,0.0,22.30000000000001,-86.8,70
57.8056,50.169945,0.0,-90.610176,13.808764,0.0,-78.8,45.400000000000006,70
29.678032,89.548325,0.0,-97.15476,67.28043,0.0,-75.0,86.70000000000002,70
-84.788475,-53.60023,0.0,97.56978,39.30895,0.0,-78.6,-91.9,70
77.34234,-94.24391,0.0,27.767359,-48.798492,0.0,39.0,-48.599999999999994,70
64.33468,56.535084,0.0,-49.927406,-11.345942,0.0,50.599999999999994,59.400000000000006,70
91.251144,20.803616,0.0,-89.41775,6.6706653,0.0,-79.3,36.900000000000006,70
99.87234,-93.19248,0.0,98.6596,-8.772149,0.0,100.0,-58.4,70
-34.1101,96.25907,0.0,-81.67833,-76.68422,0.0,-81.7,78.10000000000002,70
66.697266,48.69328,0.0,-32.919685,80.047295,0.0,39.400000000000006,80.9,70
61.743767,-99.14614,0.0,-16.391888,80.56619,0.0,57.20000000000002,80.9,70
-95.37837,42.628593,0.0,56.666332,-91.316605,0.0,-77.5,-80.1,70
91.31585,-12.367579,0.0,95.62576,56.46011,0.0,99.70000000000002,25.0,70
-45.178673,-78.39215,0.0,-50.26235,15.089058,0.0,-44.099999999999994,-32.3,70
53.346584,91.00553,0.0,90.778206,62.80365,0.0,66.10000000000002,63.0,70
-89.21549,-77.532234,0.0,-32.298115,-84.027214,0.0,-69.2,-92.7,70
-85.75742,54.845524,0.0,24.286049,86.84907,0.0,-84.5,85.20000000000002,70
-30.643318,23.345747,0.0,14.590993,1.8548108,0.0,8.700000000000003,22.80000000000001,70
4.4212008,24.216063,0.0,62.25079,24.426336,0.0,54.80000000000001,29.80000000000001,70
39.151817,-88.97455,0.0,-92.944336,-85.21398,0.0,-39.9,-93.1,70
7.9813743,26.877806,0.0,-14.693692,-34.64952,0.0,-56.199999999999996,-2.799999999999997,70
58.069157,-34.56054,0.0,40.656754,-80.173004,0.0,58.0,-80.4,70
-54.81538,-61.735237,0.0,-96.22446,9.175761,0.0,-95.7,-34.5,70
30.901289,22.253922,0.0,97.04628,63.16669,0.0,97.0,48.20000000000002,70
13.763679,84.463455,0.0,99.20608,-64.84338,0.0,99.20000000000002,84.5,70
-86.67399,-18.564047,0.0,-38.275208,-66.4365,0.0,-76.6,-100.0,70
92.05077,-36.336506,0.0,-85.57531,-24.756325,0.0,-85.5,-60.599999999999994,70
52.770348,58.714222,0.0,56.19285,-35.839676,0.0,68.30000000000001,15.0,70
33.676506,31.072615,0.0,-44.033855,-25.122976,0.0,-32.5,5.1000000000000085,70
-12.20166,87.62843,0.0,20.398296,27.953993,0.0,-12.699999999999989,84.30000000000001,70
19.477713,-31.099543,0.0,61.4694,-28.6666,0.0,42.400000000000006,-69.8,70
-35.13928,-5.5396867,0.0,-69.755066,-80.971275,0.0,-53.4,-81.2,70
13.110013,31.532537,0.0,50.44036,-90.74373,0.0,33.900000000000006,-81.2,70
-98.237335,57.901978,0.0,-9.977173,25.812544,0.0,-75.9,26.200000000000003,70
81.02701,-83.468666,0.0,-43.83408,-66.33584,0.0,-37.699999999999996,-83.5,70
54.157448,-87.00117,0.0,-11.002643,13.8558445,0.0,26.200000000000003,-90.3,70
22.564054,75.09327,0.0,63.025883,40.11478,0.0,48.5,21.60000000000001,70
94.77648,96.841705,0.0,-39.471107,-10.051859,0.0,-41.699999999999996,77.60000000000002,70
92.66198,-53.83763,0.0,66.9165,65.884865,0.0,100.0,0.10000000000000853,70
-11.552388,-85.316216,0.0,59.339535,14.03059,0.0,58.900000000000006,-84.1,70
-81.531624,-46.004288,0.0,-36.396152,-52.734745,0.0,-41.699999999999996,-56.8,70
-80.1531,-12.57,0.0,-88.28735,-20.808199,0.0,-90.8,-16.5,70
-9.753996,92.44176,0.0,-19.235065,26.13467,0.0,6.5,30.5,70
-47.301903,-57.209446,0.0,4.951905,-87.16051,0.0,-29.39999999999999,-84.9,70
-41.396458,-53.94036,0.0,-77.76466,-12.1947155,0.0,-31.700000000000003,-18.89999999999999,70
58.825405,-44.108482,0.0,-92.423386,-66.08367,0.0,-81.2,-56.5,70
92.062706,-3.7378988,0.0,84.431625,-81.899155,0.0,100.0,-81.9,70
66.78062,-26.83528,0.0,-36.852665,46.299072,0.0,51.70000000000002,42.5,70
88.66305,95.439476,0.0,-51.08321,28.055368,0.0,-22.299999999999997,79.4,70
-52.20768,12.766431,0.0,64.06215,49.560135,0.0,48.0,40.900000000000006,70
-43.54641,73.72015,0.0,-40.332478,92.46697,0.0,-41.4,84.20000000000002,70
-39.856518,-84.958336,0.0,-89.83568,-18.566916,0.0,-79.9,-84.7,70
22.148293,23.73355,0.0,-37.33471,-60.01719,0.0,-29.200000000000003,16.400000000000006,70
-6.5569353,90.694084,0.0,92.16036,75.1798,0.0,99.0,90.60000000000002,70
93.03143,10.907295,0.0,25.059557,85.25573,0.0,100.0,76.0,70
61.236088,45.33136,0.0,-92.437386,14.753991,0.0,-80.9,49.20000000000002,70
-39.961887,9.185095,0.0,64.31811,50.766663,0.0,48.5,38.30000000000001,70
-64.512474,-80.52047,0.0,16.917454,-48.705257,0.0,15.900000000000006,-48.699999999999996,70
88.95253,22.057804,0.0,52.53668,-21.162592,0.0,71.60000000000002,7.5,70
78.157234,28.170046,0.0,-83.77428,-54.72021,0.0,-83.8,23.80000000000001,70
-48.839256,-72.2673,0.0,27.620152,-99.01674,0.0,-16.599999999999994,-90.1,70
-22.516998,-38.110573,0.0,-33.935616,46.420094,0.0,-46.0,-4.799999999999997,70
-87.48643,92.95465,0.0,-75.255714,5.6139865,0.0,-98.2,-5.3999999999999915,70
86.480865,94.00472,0.0,-3.8349833,-97.70694,0.0,46.30000000000001,-70.0,70
16.633158,-17.175947,0.0,-96.997215,-51.074677,0.0,-99.8,-60.3,70
-81.62721,-95.35918,0.0,-98.95783,55.474834,0.0,-94.5,-57.699999999999996,70
-35.403522,-62.203156,0.0,28.074514,79.00521,0.0,-19.19999999999999,84.10000000000002,70
4.3922462,95.257904,0.0,-83.37447,-38.79747,0.0,-83.4,70.10000000000002,70
-75.008415,-57.41231,0.0,63.036907,59.046783,0.0,53.30000000000001,44.0,70
95.03597,90.376976,0.0,-10.69954,9.524565,0.0,34.5,75.5,70
62.584053,47.298695,0.0,-87.31117,63.894733,0.0,-100.0,88.70000000000002,70
-11.197783,96.83834,0.0,-89.98657,65.54987,0.0,-80.0,78.60000000000002,70
-95.684875,13.529573,0.0,-25.272274,-14.48252,0.0,-77.3,0.8000000000000114,70
54.08491,52.197624,0.0,-24.121778,19.600183,0.0,55.60000000000002,32.099999999999994,70
-81.57071,-94.01926,0.0,92.0128,-48.441494,0.0,100.0,-77.8,70
-39.39899,-72.3993,0.0,52.648666,-96.72375,0.0,-36.4,-85.8,70
-29.731478,93.99946,0.0,-51.954624,5.848397,0.0,-49.5,63.900000000000006,70
-81.3605,-62.690697,0.0,-26.563015,-9.507805,0.0,-81.6,-43.0,70
-97.54513,-42.177563,0.0,-40.224384,60.26204,0.0,-64.4,-4.0,70
-43.29351,-92.118744,0.0,-1.1343315,19.75945,0.0,-33.89999999999999,14.900000000000006,70
-41.330647,62.480923,0.0,55.633244,58.497753,0.0,-35.7,47.900000000000006,70
-85.66608,-33.005814,0.0,31.958872,-84.14762,0.0,-85.0,-84.1,70
-62.84934,-94.64172,0.0,-54.472073,68.45337,0.0,-21.099999999999994,-73.3,70
-13.050099,15.585578,0.0,97.07344,95.22636,0.0,100.0,40.30000000000001,70
47.07985,77.36871,0.0,68.34785,-91.321304,0.0,48.20000000000002,-45.3,70
4.640036,-86.48342,0.0,-15.555336,21.403475,0.0,-0.29999999999999716,-84.9,70
70.53826,92.28537,0.0,-87.96174,65.81666,0.0,-83.4,84.20000000000002,70
-60.498352,83.019684,0.0,18.003048,92.83332,0.0,-21.19999999999999,91.9,70
-44.0519,-43.546066,0.0,-53.741146,10.339931,0.0,-40.9,-18.099999999999994,70
-47.052174,41.385075,0.0,-48.312572,55.552616,0.0,-41.599999999999994,48.30000000000001,70
92.270355,-38.513103,0.0,90.2209,-7.529326,0.0,100.0,-41.199999999999996,70
78.17383,95.72823,0.0,-54.976555,22.540396,0.0,46.20000000000002,91.30000000000001,70
-48.39885,43.801025,0.0,39.744114,-81.55321,0.0,-12.5,-81.6,70
-92.07276,-64.82771,0.0,44.81726,96.08628,0.0,-79.7,79.10000000000002,70
-15.084161,-80.24147,0.0,-11.63523,-97.87617,0.0,-13.699999999999989,-91.3,70
57.808395,-73.11202,0.0,-70.505226,-83.926125,0.0,57.400000000000006,-84.3,70
51.714775,-21.980228,0.0,-48.14042,65.77146,0.0,-28.299999999999997,92.9,70
87.13993,-78.175835,0.0,-37.30765,-47.41215,0.0,-39.9,-78.2,70
-27.194841,-38.460426,0.0,-3.9054496,-37.131912,0.0,-16.5,-42.699999999999996,70
86.25537,77.761086,0.0,-87.65016,11.503467,0.0,-83.8,81.80000000000001,70
-92.75691,15.43387,0.0,64.11021,80.67723,0.0,-79.9,87.20000000000002,70
-44.352814,-27.399921,0.0,-83.456604,-68.1228,0.0,-79.9,-18.39999999999999,70
83.5835,-76.99323,0.0,-52.70944,-40.3789,0.0,-12.599999999999994,-91.4,70
-31.458954,4.245995,0.0,-79.2355,2.036523,0.0,-30.39999999999999,4.1000000000000085,70
51.12555,-10.130751,0.0,-75.57228,-70.834694,0.0,53.0,-12.5,70
27.380428,-99.65945,0.0,-43.97031,-98.52723,0.0,-8.299999999999997,-99.2,70
55.433834,86.963524,0.0,-23.710222,-83.729645,0.0,60.20000000000002,-83.7,70
98.43618,-78.64401,0.0,81.39791,81.98038,0.0,98.5,82.10000000000002,70
16.403412,2.431283,0.0,-0.4761916,96.420555,0.0,-6.299999999999997,73.9,70
90.81325,2.3926816,0.0,9.789135,86.42775,0.0,29.200000000000017,79.60000000000002,70
39.73829,-46.980858,0.0,24.926874,34.141544,0.0,27.700000000000003,-47.3,70
0.38893995,-46.567875,0.0,-92.569145,17.818415,0.0,-79.8,-2.3999999999999915,70
-91.63461,43.33227,0.0,39.481533,85.52278,0.0,-80.0,85.5,70
-24.746561,-83.19295,0.0,-77.54064,82.57917,0.0,-100.0,-83.2,70
-67.492165,98.4701,0.0,68.28002,-84.93717,0.0,43.80000000000001,83.20000000000002,70
81.071236,30.797165,0.0,52.759552,23.319695,0.0,76.0,16.80000000000001,70
64.41061,-53.103474,0.0,-30.740107,-81.37811,0.0,47.400000000000006,-82.9,70
-90.70687,-47.388786,0.0,-50.365807,-95.08788,0.0,-83.3,-79.1,70
-11.419464,-85.64392,0.0,25.820135,-35.310238,0.0,14.0,-80.4,70
60.882004,-57.75335,0.0,-32.80845,18.46798,0.0,58.60000000000002,32.70000000000002,70
-77.45257,15.534663,0.0,-37.345535,52.680256,0.0,-55.5,27.200000000000003,70
-93.13133,71.502914,0.0,-37.010715,-0.9428672,0.0,-56.199999999999996,97.60000000000002,70
-83.90059,-59.788498,0.0,-90.43181,-66.56383,0.0,-90.4,-63.199999999999996,70
-29.759295,-37.059578,0.0,88.28198,84.75031,0.0,-43.9,84.70000000000002,70
-35.027744,70.67242,0.0,98.226326,17.813725,0.0,-35.099999999999994,38.5,70
-12.878282,-88.47806,0.0,-42.809402,-72.171455,0.0,-35.89999999999999,-87.6,70
69.86711,33.838158,0.0,16.456232,27.970438,0.0,42.80000000000001,26.60000000000001,70
28.756756,14.81038,0.0,-17.940975,21.095839,0.0,-11.0,22.60000000000001,70
-56.422188,76.18451,0.0,41.17615,-99.150635,0.0,23.30000000000001,-72.1,70
98.994514,17.948118,0.0,24.708284,91.151436,0.0,98.4,72.60000000000002,70
-9.500278,88.14123,0.0,-36.079956,20.298635,0.0,-46.9,82.60000000000002,70
98.69988,21.8066,0.0,-76.50936,51.20216,0.0,-94.3,35.20000000000002,70
-45.616196,8.013026,0.0,-69.806595,96.032036,0.0,-45.599999999999994,76.4,70
56.230743,26.624916,0.0,-51.673096,-39.67929,0.0,-8.5,29.400000000000006,70
-40.69905,10.427419,0.0,-79.80355,9.303779,0.0,-39.3,-7.699999999999989,70
-6.3121805,-53.624245,0.0,-26.250914,-79.22066,0.0,-29.599999999999994,-30.799999999999997,70
53.931072,82.8336,0.0,9.2134495,-36.024162,0.0,54.5,-60.9,70
80.1181,-90.76915,0.0,-9.617812,17.262423,0.0,-14.0,-78.3,70
-5.6487126,-42.925552,0.0,94.319214,67.150055,0.0,96.4,-53.099999999999994,70
23.57282,-26.89011,0.0,92.58494,-90.274345,0.0,24.400000000000006,-70.0,70
38.818317,-48.627556,0.0,-50.585464,16.501127,0.0,-18.69999999999999,-33.8,70
-35.190826,-98.968704,0.0,-12.014797,76.70497,0.0,-44.4,78.30000000000001,70
64.86542,-21.784603,0.0,-96.23459,15.95033,0.0,-84.0,41.30000000000001,70
-94.04929,24.917118,0.0,-48.345844,-35.008102,0.0,-46.099999999999994,-18.69999999999999,70
55.392536,84.32264,0.0,-64.95723,82.22818,0.0,3.0,88.4,70
-87.75413,63.588184,0.0,-85.73301,-34.033005,0.0,-89.6,14.900000000000006,70
49.182217,79.775055,0.0,-24.277134,-48.238224,0.0,-50.3,79.9,70
-23.118393,-82.2025,0.0,-54.48828,7.6383405,0.0,-4.199999999999989,-82.2,70
-88.462,68.103806,0.0,84.25916,-78.71545,0.0,-83.3,-79.0,70
-44.2013,-51.5163,0.0,96.244774,22.319763,0.0,-27.700000000000003,33.20000000000002,70
-29.037157,-86.97771,0.0,22.125021,-21.039753,0.0,-11.5,-75.9,70
60.885044,90.69521,0.0,-54.5465,-72.30361,0.0,13.400000000000006,95.4,70
-94.81219,-50.582623,0.0,27.073946,-50.23395,0.0,-77.4,-48.8,70
30.150372,-48.436222,0.0,45.05324,-90.27778,0.0,75.5,-48.699999999999996,70
48.073586,77.986664,0.0,-95.47442,-53.766724,0.0,-74.6,92.9,70
95.56453,21.304651,0.0,21.765425,-22.649443,0.0,23.30000000000001,31.80000000000001,70
-36.15579,58.59898,0.0,-86.08574,43.37016,0.0,-77.0,32.5,70
-37.22267,82.58322,0.0,-89.06185,-39.032375,0.0,-81.5,87.30000000000001,70
85.88461,-81.82116,0.0,-82.5187,21.665697,0.0,-82.7,-81.8,70
-39.37271,-97.75613,0.0,68.93916,-64.311295,0.0,24.5,-94.8,70
11.409555,83.90498,0.0,3.910567,-52.364887,0.0,-8.5,94.70000000000002,70
-84.856575,73.236786,0.0,-95.58146,-10.749908,0.0,-91.1,31.0,70
-62.64152,-79.73265,0.0,18.797792,13.824046,0.0,27.900000000000006,-79.8,70
1.7236559,-81.86123,0.0,-3.6365116,-53.511692,0.0,8.5,-100.0,70
-78.15655,90.795044,0.0,-48.343956,37.43539,0.0,-48.3,81.10000000000002,70
-38.683556,57.551888,0.0,95.328415,46.844627,0.0,95.60000000000002,61.80000000000001,70
-87.35658,-34.964394,0.0,91.95156,93.502,0.0,-84.1,80.4,70
11.784958,28.677914,0.0,-15.304752,-86.73713,0.0,35.900000000000006,-84.9,70
82.6687,7.9007373,0.0,-89.09658,-53.35144,0.0,-87.9,-53.0,70
10.91192,95.68885,0.0,-21.609905,-29.086483,0.0,-74.1,71.5,70
67.99038,7.205554,0.0,-67.95741,-85.486176,0.0,41.0,-83.7,70
22.206768,-31.995697,0.0,10.553091,24.854506,0.0,22.60000000000001,2.4000000000000057,70
-57.68863,-79.02823,0.0,-94.13406,92.305695,0.0,-77.5,-87.8,70
-47.17179,-83.37864,0.0,55.604523,-11.64805,0.0,59.60000000000002,-83.5,70
85.29497,8.144772,0.0,13.23687,12.800675,0.0,34.400000000000006,36.70000000000002,70
58.67773,58.843513,0.0,-34.04193,46.192627,0.0,56.30000000000001,40.900000000000006,70
13.593765,-47.623974,0.0,69.72543,22.665148,0.0,52.599999999999994,-47.4,70
63.4547,-71.737404,0.0,-31.133375,8.642951,0.0,55.0,41.5,70
63.860237,-44.200584,0.0,35.486378,76.20578,0.0,60.70000000000002,19.900000000000006,70
93.167175,76.43182,0.0,-45.58021,-61.663834,0.0,-38.4,-56.699999999999996,70
-50.57559,-13.257543,0.0,-37.89764,87.17485,0.0,-47.3,45.099999999999994,70
-91.10719,8.397899,0.0,53.46451,-95.2394,0.0,-80.7,-76.0,70
-25.338821,83.31991,0.0,58.35516,-24.731684,0.0,58.30000000000001,83.30000000000001,70
-77.712776,-98.489105,0.0,25.817394,-81.85881,0.0,-26.5,-91.3,70
-81.40136,-77.491936,0.0,-64.82404,-94.58497,0.0,-81.6,-91.8,70
-28.835814,-13.463963,0.0,-6.632231,32.051384,0.0,-32.7,7.6000000000000085,70
-57.073925,-89.44666,0.0,-96.9393,1.5882313,0.0,-77.9,-81.0,70
23.798828,96.93807,0.0,66.75181,-20.18858,0.0,43.099999999999994,80.9,70
52.193268,-11.77419,0.0,66.97691,88.36424,0.0,81.9,81.60000000000002,70
-31.705727,-8.574117,0.0,-25.89676,-82.65731,0.0,-31.799999999999997,-82.7,70
-16.276506,26.186117,0.0,-45.23236,96.956955,0.0,-39.099999999999994,26.200000000000003,70
-43.26291,64.029816,0.0,-24.06457,-97.38032,0.0,-35.2,-78.4,70
99.68725,-77.83216,0.0,-98.70423,-87.78971,0.0,87.60000000000002,-91.7,70
-1.9527471,89.7783,0.0,83.819885,-92.503586,0.0,68.80000000000001,90.60000000000002,70
92.51236,-29.453165,0.0,-80.27398,59.602543,0.0,-84.8,19.30000000000001,70
50.60413,79.09573,0.0,-34.817425,12.692274,0.0,-45.8,81.9,70
25.424528,-2.3215168,0.0,65.78356,-17.25691,0.0,20.0,18.200000000000003,70
-32.25398,-46.31871,0.0,72.864265,92.09505,0.0,-41.099999999999994,80.20000000000002,70
68.91435,-68.91922,0.0,-50.644554,-94.86672,0.0,0.30000000000001137,-100.0,70
-22.716488,28.60694,0.0,-54.755215,-39.1281,0.0,-41.5,-40.699999999999996,70
-62.886925,99.10928,0.0,-34.54542,92.294304,0.0,-48.699999999999996,95.80000000000001,70
74.590744,-96.405174,0.0,-1.6157123,-40.434685,0.0,44.599999999999994,-52.199999999999996,70
-5.1328197,80.1621,0.0,-52.41018,90.58096,0.0,-28.200000000000003,88.9,70
-77.38937,-6.60059,0.0,-92.04323,-0.13030994,0.0,-87.6,-3.299999999999997,70
3.3577852,87.38109,0.0,-41.4366,53.672974,0.0,-39.099999999999994,85.30000000000001,70
82.89201,85.14523,0.0,8.067363,-89.613686,0.0,66.70000000000002,83.20000000000002,70
17.025415,5.2231035,0.0,-12.177008,98.68073,0.0,-6.099999999999994,71.80000000000001,70
13.39381,78.24372,0.0,-33.384964,92.56409,0.0,-10.799999999999997,91.80000000000001,70
-20.944498,80.86148,0.0,-64.09608,91.912285,0.0,-43.4,91.20000000000002,70
-36.73315,46.39792,0.0,76.256294,-88.407265,0.0,-23.099999999999994,-82.7,70
-95.64784,-61.11625,0.0,-13.433325,76.63788,0.0,-75.6,76.80000000000001,70
67.09562,16.007862,0.0,94.95208,93.31494,0.0,100.0,32.900000000000006,70
94.16905,-77.62987,0.0,-83.403755,14.9349575,0.0,-83.4,-86.6,70
11.047085,79.94101,0.0,67.86981,-45.101124,0.0,38.20000000000002,80.60000000000002,70
29.638067,-98.18975,0.0,36.986713,-82.140495,0.0,33.30000000000001,-90.6,70
-10.325701,97.069374,0.0,-45.35622,-16.676376,0.0,-35.0,79.80000000000001,70
98.85138,87.141014,0.0,-7.921501,16.711498,0.0,99.9,39.5,70
-85.31995,-43.091892,0.0,54.996464,26.641415,0.0,-85.2,26.700000000000003,70
21.36429,-85.10899,0.0,-65.91156,-78.22191,0.0,-19.19999999999999,-89.2,70
-92.307915,76.35378,0.0,-42.367794,-35.151947,0.0,-49.5,94.30000000000001,70
-94.4978,9.51359,0.0,-76.898476,16.58316,0.0,-91.6,15.600000000000009,70
-97.57609,-80.896805,0.0,-50.59438,-23.036049,0.0,-50.699999999999996,-88.3,70
67.21724,26.372364,0.0,96.642265,-97.33053,0.0,100.0,0.5,70
9.236812,-91.21451,0.0,-94.39,-75.72455,0.0,-59.4,-96.5,70
-86.444565,8.19151,0.0,13.131719,77.935455,0.0,-83.5,81.9,70
-65.40496,-86.074524,0.0,21.658903,-20.47736,0.0,-11.899999999999991,-71.4,70
93.59676,15.893944,0.0,50.269863,74.97204,0.0,87.4,22.60000000000001,70
-16.451399,86.2043,0.0,-96.61678,-27.21317,0.0,-74.9,74.60000000000002,70
58.661926,-49.15511,0.0,27.390535,76.75595,0.0,58.60000000000002,28.200000000000017,70
-71.30848,92.28294,0.0,25.455034,-42.106255,0.0,7.300000000000011,76.5,70
88.52874,11.3088,0.0,91.440155,-92.97957,0.0,100.0,7.5,70
62.704643,40.601578,0.0,-17.555788,-94.64356,0.0,55.30000000000001,-77.9,70
-13.659723,-51.50741,0.0,-30.769348,83.72895,0.0,-58.9,63.30000000000001,70
62.498528,-42.225414,0.0,-37.788433,88.75752,0.0,53.20000000000002,83.0,70
-55.605305,86.45151,0.0,-79.74574,99.31679,0.0,-67.69999999999999,93.4,70
-30.943304,58.089714,0.0,-89.95187,-14.648381,0.0,-74.9,35.20000000000002,70
-39.434235,-83.23981,0.0,-97.36228,32.057453,0.0,-75.9,-86.8,70
-74.583565,-80.461075,0.0,-21.212582,-76.20235,0.0,-50.199999999999996,-91.9,70
16.493727,97.40807,0.0,-31.859732,48.03952,0.0,-57.199999999999996,77.30000000000001,70
14.271452,-40.82259,0.0,-29.18087,15.826947,0.0,-40.099999999999994,-36.3,70
-93.545105,-13.312686,0.0,-41.173508,-30.043629,0.0,-66.19999999999999,-31.099999999999994,70
56.427544,59.08608,0.0,87.69907,-77.58239,0.0,67.5,-77.8,70
-34.32881,-69.46194,0.0,17.557682,83.86543,0.0,-36.099999999999994,83.9,70
19.399258,3.9881234,0.0,-12.042331,-43.999287,0.0,25.10000000000001,-30.799999999999997,70
6.4266143,-44.627533,0.0,-60.653236,-82.08032,0.0,-7.3999999999999915,-51.0,70
-81.23099,39.586178,0.0,-28.819319,34.645805,0.0,-81.2,-1.0999999999999943,70
-99.70132,8.086584,0.0,96.37763,57.685596,0.0,96.30000000000001,44.80000000000001,70
9.946027,-41.31013,0.0,96.86542,24.376158,0.0,31.5,29.80000000000001,70
-17.524426,81.7678,0.0,-94.23945,5.818833,0.0,-77.4,81.80000000000001,70
1.1292913,25.715153,0.0,-2.6875064,-45.475384,0.0,29.700000000000017,-12.899999999999991,70
92.52714,-69.878525,0.0,-35.52482,44.76552,0.0,-28.299999999999997,-33.0,70
-95.77462,4.542277,0.0,73.77083,10.955025,0.0,70.9,27.5,70
-2.3049855,28.79804,0.0,28.134281,98.27516,0.0,43.0,75.80000000000001,70
-9.352872,95.12577,0.0,70.99853,14.097078,0.0,46.599999999999994,77.5,70
-83.85507,-20.671642,0.0,92.3078,-54.38016,0.0,-98.0,-29.099999999999994,70
-89.898575,-80.62674,0.0,-52.87496,79.47734,0.0,-81.0,89.70000000000002,70
59.21036,-41.125202,0.0,55.90413,21.764652,0.0,61.60000000000002,-7.3999999999999915,70
16.188774,-78.573875,0.0,-42.120728,-65.35551,0.0,-31.89999999999999,-93.3,70
-41.74999,66.783775,0.0,60.90727,-95.06571,0.0,-25.599999999999994,-78.9,70
-12.996217,28.284565,0.0,64.036285,63.021156,0.0,50.0,28.30000000000001,70
27.148314,29.64828,0.0,54.60002,93.84851,0.0,65.70000000000002,28.30000000000001,70
26.476126,-97.21565,0.0,96.01582,57.937164,0.0,96.30000000000001,-81.3,70
77.623795,90.99351,0.0,-11.498177,87.77902,0.0,33.20000000000002,90.4,70
-88.83209,42.867283,0.0,-92.75629,2.5972955,0.0,-91.9,22.80000000000001,70
-12.50661,81.54006,0.0,-98.37886,-79.03976,0.0,-72.7,81.60000000000002,70
-26.177233,-18.097141,0.0,69.49931,75.38022,0.0,-56.3,2.200000000000003,70
-45.4616,4.3207445,0.0,88.22848,90.27405,0.0,-34.2,81.80000000000001,70
86.576645,-81.37624,0.0,-99.51402,39.74809,0.0,-75.1,-81.4,70
-29.609863,-16.33564,0.0,-92.20166,90.20008,0.0,-68.1,78.60000000000002,70
-95.64545,-13.207202,0.0,-92.24052,79.05813,0.0,-94.7,32.80000000000001,70
-38.490963,82.639984,0.0,-34.01459,17.627708,0.0,-49.3,45.70000000000002,70
84.97827,89.014404,0.0,-0.7416277,95.50675,0.0,42.0,93.20000000000002,70
-82.75619,-59.765724,0.0,1.3345541,98.45036,0.0,-82.8,65.80000000000001,70
97.48766,-87.58249,0.0,-51.120975,96.621315,0.0,-19.599999999999994,-85.9,70
90.51808,7.033663,0.0,-98.19203,-35.939056,0.0,-70.0,-28.599999999999994,70
8.283261,33.03002,0.0,-81.24347,-62.014732,0.0,-81.7,-44.199999999999996,70
-94.58871,-61.83866,0.0,71.69594,-95.05026,0.0,-79.2,-79.0,70
48.660645,-80.57853,0.0,-61.878773,-96.104485,0.0,-8.799999999999997,-90.8,70
98.77041,-27.87639,0.0,72.49492,9.696696,0.0,98.9,9.700000000000003,70
26.087486,-42.613083,0.0,-21.240643,-44.39237,0.0,-1.1999999999999886,-43.199999999999996,70
-52.504303,46.74302,0.0,-56.754696,77.663,0.0,-41.5,85.5,70
-92.40967,-56.474686,0.0,-26.47177,-78.36268,0.0,-78.9,-81.4,70
20.782652,-14.169918,0.0,-40.39298,-72.99565,0.0,-27.200000000000003,-86.0,70
92.924675,47.603962,0.0,-11.181592,94.152954,0.0,98.0,80.20000000000002,70
-50.179394,-71.86031,0.0,46.289635,21.836329,0.0,-31.599999999999994,-98.6,70
76.096535,-96.07377,0.0,7.670733,13.929529,0.0,64.60000000000002,-97.7,70
-76.43583,10.761071,0.0,-78.231094,-64.3563,0.0,-100.0,-6.299999999999997,70
9.064145,-27.449903,0.0,66.71996,-0.46559063,0.0,54.0,2.200000000000003,70
-99.61927,14.544533,0.0,18.862288,-49.73236,0.0,-77.4,-2.799999999999997,70
-81.42346,-3.0703866,0.0,53.820583,24.195984,0.0,-81.5,24.700000000000003,70
3.0732827,-32.477203,0.0,33.288967,-83.33321,0.0,43.70000000000002,-85.7,70
-99.89185,-81.94851,0.0,82.73808,99.17151,0.0,-72.9,77.60000000000002,70
-78.98139,95.053764,0.0,68.43611,-95.813416,0.0,-100.0,-75.7,70
-46.2792,89.84423,0.0,-82.29631,18.589357,0.0,-82.3,80.70000000000002,70
57.825073,-58.160255,0.0,-57.472595,-96.41457,0.0,57.80000000000001,-79.1,70
-44.09027,95.091484,0.0,-9.196571,11.90569,0.0,-39.5,46.80000000000001,70
99.07416,-24.852057,0.0,91.19134,-37.443165,0.0,100.0,-32.599999999999994,70
-36.167744,38.42991,0.0,-85.33787,16.963285,0.0,-84.7,46.900000000000006,70
-80.10449,-51.05664,0.0,-88.10827,58.587875,0.0,-93.8,4.1000000000000085,70
-82.19377,89.9155,0.0,-34.42794,67.06252,0.0,-58.599999999999994,85.60000000000002,70
-88.745514,11.25713,0.0,-28.81014,-2.381445,0.0,-72.3,6.400000000000006,70
83.62143,4.0528255,0.0,82.24422,31.675304,0.0,80.20000000000002,13.0,70
9.7135105,93.86607,0.0,-88.28429,-87.046875,0.0,-82.7,75.60000000000002,70
-45.833153,13.419763,0.0,-44.633507,-12.1578045,0.0,-44.5,0.6000000000000085,70
60.361694,20.7721,0.0,-99.693344,86.03636,0.0,59.5,84.70000000000002,70
-23.14371,-83.96555,0.0,68.83901,-24.297052,0.0,9.800000000000011,-82.9,70
31.99055,92.20187,0.0,-75.25709,-86.755486,0.0,23.200000000000003,100.0,70
-52.994514,-96.20944,0.0,27.185133,-20.816242,0.0,-32.39999999999999,-69.8,70
-71.90313,87.305336,0.0,23.0787,-12.102666,0.0,-2.0999999999999943,56.5,70
24.33407,-97.35447,0.0,-50.577133,74.03175,0.0,-12.799999999999997,-79.6,70
94.54847,-71.290016,0.0,-21.701424,-39.28629,0.0,97.10000000000002,-56.699999999999996,70
91.536,6.4341025,0.0,-36.64827,90.421326,0.0,27.10000000000001,74.70000000000002,70
-91.17522,50.581127,0.0,65.08079,80.19525,0.0,-79.7,94.20000000000002,70
12.30678,79.81563,0.0,54.80313,-83.54803,0.0,62.400000000000006,79.70000000000002,70
-83.44282,-4.5736375,0.0,51.584377,-38.151493,0.0,-83.0,-73.3,70
-25.822762,17.400614,0.0,31.810764,88.32963,0.0,-68.3,81.10000000000002,70
81.65985,3.4582388,0.0,45.119045,-78.53188,0.0,92.20000000000002,-82.9,70
-16.424192,-43.71581,0.0,47.135277,94.58799,0.0,-37.0,-14.299999999999997,70
-65.55726,79.51415,0.0,42.698353,-44.152447,0.0,51.70000000000002,79.60000000000002,70
6.4247494,75.6529,0.0,-42.737797,65.70461,0.0,-27.099999999999994,100.0,70
-3.6173196,-30.499573,0.0,88.42368,99.74731,0.0,33.400000000000006,79.30000000000001,70
-87.27468,-6.9658494,0.0,-37.06518,53.687344,0.0,-75.2,38.0,70
62.335243,90.741066,0.0,63.38549,-41.58655,0.0,56.900000000000006,44.599999999999994,70
-92.334595,-59.332523,0.0,68.65369,-97.79324,0.0,-79.9,-79.2,70
-92.792534,-95.10199,0.0,-68.36213,93.46533,0.0,-83.4,81.4,70
53.50407,-34.154076,0.0,23.698856,75.93701,0.0,55.0,86.5,70
-85.77292,19.4178,0.0,-97.26542,43.319733,0.0,-91.9,31.400000000000006,70
7.238317,-26.574375,0.0,64.187584,-80.63553,0.0,50.099999999999994,-74.0,70
-96.787674,-92.553566,0.0,53.151447,-41.308914,0.0,55.30000000000001,-79.8,70
-91.11715,-64.20002,0.0,89.476845,84.32132,0.0,-81.2,84.30000000000001,70
-87.67606,-1.0303091,0.0,75.25807,75.52961,0.0,-98.3,5.0,70
16.19165,78.68414,0.0,28.488665,-47.366257,0.0,22.200000000000003,-46.699999999999996,70
89.42771,88.80288,0.0,58.692455,-33.994965,0.0,67.70000000000002,81.70000000000002,70
93.26889,84.80048,0.0,25.575418,-94.05953,0.0,100.0,-83.4,70
49.61314,-82.85772,0.0,68.20189,-5.6968794,0.0,51.5,-82.7,70
-81.943634,-70.07761,0.0,92.79276,-81.5413,0.0,-82.7,-81.6,70
-11.12167,93.530594,0.0,-75.220055,64.72007,0.0,-4.199999999999989,92.30000000000001,70
-79.46862,-75.73993,0.0,-45.136566,16.553411,0.0,-47.5,-100.0,70
66.2421,49.135555,0.0,-47.356354,-79.45817,0.0,44.400000000000006,-98.9,70
-88.44701,84.23365,0.0,83.43367,98.2383,0.0,-56.4,94.10000000000002,70
-89.58262,-25.894436,0.0,-95.31861,-66.21417,0.0,-93.3,-46.199999999999996,70
-31.575668,67.11365,0.0,76.10807,-97.38705,0.0,-42.3,-74.0,70
59.2998,-37.618633,0.0,83.72995,96.06443,0.0,63.80000000000001,78.20000000000002,70
-50.467686,10.475095,0.0,55.996178,54.591694,0.0,56.20000000000002,45.099999999999994,70
-50.34289,-22.708014,0.0,-50.651737,-71.09741,0.0,-32.3,-46.199999999999996,70
16.070309,-16.525555,0.0,-75.81692,31.846287,0.0,28.599999999999994,40.20000000000002,70
62.965954,2.720729,0.0,-81.17019,-73.03288,0.0,56.70000000000002,-13.099999999999994,70
69.31042,-70.99888,0.0,16.543953,-6.5662603,0.0,31.200000000000017,-46.099999999999994,70
26.438803,-28.457182,0.0,-13.769236,-94.66787,0.0,3.8000000000000114,-74.3,70
95.093254,67.77334,0.0,-45.6006,-45.0724,0.0,96.5,-49.699999999999996,70
-62.490005,96.01713,0.0,65.624344,13.3649025,0.0,53.20000000000002,78.20000000000002,70
-84.244064,-65.979996,0.0,-34.303905,-28.06698,0.0,-46.5,-63.3,70
-6.058961,-44.34754,0.0,-11.309275,77.14582,0.0,-54.9,-4.5,70
16.634607,-28.21886,0.0,76.18385,85.89442,0.0,36.900000000000006,73.0,70
-67.74256,-80.985115,0.0,59.40616,-47.18181,0.0,59.5,-81.0,70
-34.95886,-11.9041815,0.0,-98.250656,-86.63949,0.0,-55.199999999999996,-83.8,70
-93.091896,68.63318,0.0,-86.61063,63.949223,0.0,-91.0,66.20000000000002,70
28.895636,16.439688,0.0,29.88236,4.8145976,0.0,8.300000000000011,41.0,70
58.4353,28.098145,0.0,60.03893,92.73341,0.0,61.70000000000002,69.0,70
99.07435,61.995132,0.0,94.830124,46.0895,0.0,100.0,53.80000000000001,70
68.78506,24.790499,0.0,-89.179596,95.52128,0.0,46.30000000000001,77.20000000000002,70
-32.976505,-41.61106,0.0,-12.069513,-92.217575,0.0,-50.0,-76.7,70
52.7711,70.95592,0.0,-5.396269,-46.493385,0.0,56.400000000000006,-48.599999999999994,70
-53.86611,-36.41001,0.0,-31.567099,6.7146416,0.0,-40.8,-12.899999999999991,70
49.495502,-86.72005,0.0,-49.78489,73.29505,0.0,-13.599999999999994,-86.1,70
55.492207,83.29636,0.0,-2.2366512,-54.24898,0.0,63.400000000000006,66.10000000000002,70
-42.900013,33.200253,0.0,33.64559,33.918556,0.0,-25.299999999999997,13.5,70
13.398046,-88.52633,0.0,-21.2403,79.30544,0.0,23.80000000000001,79.4,70
-41.018356,63.004395,0.0,43.390003,86.365074,0.0,-39.699999999999996,86.30000000000001,70
24.244139,-34.550224,0.0,69.237564,-81.31285,0.0,40.599999999999994,-71.7,70
-23.702057,10.290353,0.0,65.81664,-39.604633,0.0,50.0,41.5,70
-86.581665,-96.506256,0.0,93.106346,47.077602,0.0,94.10000000000002,-75.6,70
71.99247,85.54411,0.0,9.902003,31.64003,0.0,39.900000000000006,31.5,70
-49.60885,-36.25924,0.0,17.022736,11.427671,0.0,-13.399999999999991,25.80000000000001,70
-36.768517,-26.284765,0.0,-47.908264,-23.260483,0.0,-40.8,-24.39999999999999,70
-42.067257,78.782745,0.0,21.636635,-49.42825,0.0,-38.5,-24.200000000000003,70
51.770283,58.343025,0.0,60.40503,11.651532,0.0,70.30000000000001,38.80000000000001,70
7.0948834,-91.56407,0.0,-72.82227,92.610634,0.0,-89.7,71.20000000000002,70
-86.530785,-70.25256,0.0,60.551895,-43.475506,0.0,-85.7,-58.099999999999994,70
64.70997,46.183052,0.0,-45.733738,54.355347,0.0,-33.89999999999999,75.9,70
-29.288868,-37.670647,0.0,-93.30226,4.5738688,0.0,-71.4,-21.5,70
-99.224655,-47.50233,0.0,-35.99856,20.361464,0.0,-63.0,-15.599999999999994,70
93.29919,-19.44298,0.0,94.980446,76.56424,0.0,100.0,34.5,70
-68.54247,-93.64564,0.0,91.75608,92.58009,0.0,86.60000000000002,84.9,70
10.502845,-48.991272,0.0,51.419018,-96.32728,0.0,65.60000000000002,-49.099999999999994,70
-32.725143,46.29202,0.0,14.680405,-3.017163,0.0,32.70000000000002,42.20000000000002,70
-3.4859104,85.554855,0.0,-54.413063,75.65562,0.0,-14.699999999999989,85.60000000000002,70
14.1627035,99.036064,0.0,-80.722176,-73.1647,0.0,-80.8,72.30000000000001,70
-79.55787,93.81068,0.0,53.312244,14.942023,0.0,53.30000000000001,79.30000000000001,70
-43.03956,-63.38034,0.0,50.890938,56.90531,0.0,-25.0,57.0,70
-28.15661,-29.567198,0.0,25.526443,-75.56349,0.0,-22.89999999999999,-50.0,70
-91.565384,-84.583176,0.0,-10.266285,-51.697178,0.0,-79.2,-38.9,70
18.951305,-76.362564,0.0,-40.980186,-98.04906,0.0,-25.200000000000003,-100.0,70
-99.54454,-81.07171,0.0,89.40549,29.553257,0.0,-77.8,15.900000000000006,70
-24.30647,-82.06506,0.0,-86.55903,38.416832,0.0,-83.8,-81.6,70
8.479054,82.05037,0.0,-30.743454,69.09807,0.0,-46.599999999999994,82.10000000000002,70
90.397896,-5.906179,0.0,-26.823439,24.43872,0.0,-33.39999999999999,1.4000000000000057,70
36.16663,21.92763,0.0,-5.136904,33.06017,0.0,6.800000000000011,31.80000000000001,70
-90.01502,-63.311104,0.0,75.5701,97.08649,0.0,-81.9,78.5,70
4.414774,-46.483753,0.0,99.06719,-89.83735,0.0,97.0,-49.4,70
-90.825294,98.507454,0.0,-26.949623,81.61471,0.0,-58.8,91.60000000000002,70
-5.3482184,87.73268,0.0,10.190682,-96.45769,0.0,34.20000000000002,-78.5,70
-86.834045,56.248985,0.0,-39.34241,-20.740303,0.0,-80.3,-0.8999999999999915,70
46.19974,-43.81454,0.0,71.385796,-92.359024,0.0,47.400000000000006,-56.099999999999994,70
48.91857,-43.574078,0.0,-53.653156,51.523716,0.0,-11.299999999999997,-55.8,70
-39.61087,78.12537,0.0,-41.709713,-72.04978,0.0,-44.699999999999996,32.5,70
36.307583,-54.727493,0.0,-24.316105,31.883726,0.0,-28.799999999999997,-4.299999999999997,70
65.4451,3.3593946,0.0,-51.518105,46.898895,0.0,58.70000000000002,42.30000000000001,70
67.051865,16.971199,0.0,24.072815,-23.049238,0.0,23.700000000000003,39.099999999999994,70
-19.138515,92.775154,0.0,-85.04037,-58.12876,0.0,-84.0,78.20000000000002,70
-37.559586,-28.135271,0.0,-4.978297,81.53627,0.0,-42.599999999999994,81.60000000000002,70
78.13734,80.00417,0.0,-76.04738,-73.49189,0.0,54.5,87.60000000000002,70
65.866066,77.724464,0.0,46.422928,30.221731,0.0,47.900000000000006,29.900000000000006,70
-89.56893,55.92142,0.0,-33.03286,45.551197,0.0,-77.9,47.20000000000002,70
69.27726,40.160793,0.0,-86.385216,31.283413,0.0,-82.1,-12.0,70
64.116554,-42.547905,0.0,57.182167,-77.72194,0.0,64.0,-61.4,70
-33.65004,40.317352,0.0,54.810287,-8.0678005,0.0,-60.3,49.599999999999994,70
-91.4349,-50.786366,0.0,-21.576687,5.076258,0.0,-79.9,-18.89999999999999,70
-41.7896,-86.01452,0.0,94.29303,87.19937,0.0,-23.599999999999994,86.30000000000001,70
-51.48671,1.38788,0.0,-90.62491,3.780056,0.0,-93.1,-9.099999999999994,70
38.48531,-92.735054,0.0,27.49756,-96.40614,0.0,33.0,-94.8,70
5.038027,-83.21692,0.0,-59.821297,-83.274796,0.0,-27.39999999999999,-88.3,70
-13.178879,-38.414604,0.0,-16.14653,98.767075,0.0,-79.2,24.5,70
-72.562965,-84.0848,0.0,5.720973,-86.67665,0.0,-33.2,-88.3,70
66.807526,-39.50926,0.0,38.205044,-50.50038,0.0,47.099999999999994,-45.099999999999994,70
-0.90099424,33.376335,0.0,-37.890205,-32.30305,0.0,-36.699999999999996,-2.1999999999999886,70
17.921085,83.23731,0.0,46.08952,82.667496,0.0,32.400000000000006,89.60000000000002,70
-69.45091,-87.219086,0.0,13.428752,23.29953,0.0,-42.9,-84.1,70
-13.082226,92.61464,0.0,67.85066,-4.1500587,0.0,40.0,80.9,70
-15.527413,-83.71294,0.0,-32.812763,28.653763,0.0,-31.799999999999997,-83.7,70
68.628105,28.03387,0.0,30.62127,22.137661,0.0,48.900000000000006,32.0,70
-51.575382,19.727358,0.0,-77.02196,-43.009663,0.0,-48.4,-38.099999999999994,70
57.60578,-46.369484,0.0,-31.054495,81.64293,0.0,57.60000000000002,81.70000000000002,70
82.931046,15.303262,0.0,96.311485,-76.65121,0.0,100.0,7.0,70
-51.41127,-45.818287,0.0,-80.90466,44.47921,0.0,-96.4,-12.399999999999991,70
88.176704,31.832537,0.0,-48.406467,64.912674,0.0,-27.5,31.099999999999994,70
-30.091932,-79.284035,0.0,67.99513,-81.053925,0.0,22.30000000000001,-89.9,70
47.161686,-40.69904,0.0,92.41614,-45.598415,0.0,97.5,-80.3,70
-95.1095,-11.35592,0.0,-61.882847,76.55933,0.0,-77.7,77.0,70
51.216755,70.046455,0.0,-22.206488,2.46336,0.0,-34.89999999999999,47.30000000000001,70
59.567734,18.852924,0.0,-41.018887,69.28085,0.0,61.70000000000002,23.0,70
-12.472598,33.56865,0.0,-49.777637,82.08557,0.0,-27.599999999999994,20.30000000000001,70
65.000694,95.09912,0.0,-80.348,-78.52187,0.0,-80.4,80.10000000000002,70
9.350467,-50.513214,0.0,41.39417,89.26718,0.0,42.20000000000002,81.0,70
-23.97298,-39.02479,0.0,-13.3618,98.106766,0.0,-63.9,63.5,70
61.44395,-91.72571,0.0,-39.834827,4.8081584,0.0,-13.199999999999989,-80.4,70
-93.91192,94.05768,0.0,89.415726,84.84575,0.0,-62.1,93.9,70
-60.010403,89.29008,0.0,-35.80523,40.798294,0.0,-52.099999999999994,82.10000000000002,70
-46.259586,22.909061,0.0,-36.33583,-19.580147,0.0,-40.8,1.5,70
-92.11287,94.624016,0.0,-48.460365,-75.90468,0.0,-48.4,79.70000000000002,70
-52.70046,72.229034,0.0,-29.718447,-2.2052062,0.0,-36.9,36.400000000000006,70
-50.35838,29.097818,0.0,-77.301094,62.168644,0.0,-33.89999999999999,79.80000000000001,70
-31.697733,-42.840282,0.0,61.294323,-24.710384,0.0,57.10000000000002,-50.4,70
98.786156,50.532085,0.0,7.1176114,79.91857,0.0,98.80000000000001,80.0,70
-52.908413,59.10904,0.0,77.89336,83.894875,0.0,-19.69999999999999,83.9,70
-92.79705,-95.83035,0.0,-97.45089,83.58822,0.0,-94.9,-62.699999999999996,70
54.934532,-71.71258,0.0,95.07585,-36.659985,0.0,95.80000000000001,-97.0,70
-17.642168,-27.18594,0.0,56.027958,21.733376,0.0,56.10000000000002,-16.299999999999997,70
-29.445261,91.774284,0.0,-41.057114,15.960786,0.0,-44.8,74.60000000000002,70
-44.14205,-19.63781,0.0,64.81283,61.820877,0.0,-21.39999999999999,14.700000000000003,70
3.1947196,85.44065,0.0,10.459463,90.71107,0.0,6.800000000000011,90.10000000000002,70
-82.07848,63.131985,0.0,-35.573036,37.02528,0.0,-86.1,49.099999999999994,70
66.99477,30.278667,0.0,-43.56574,52.66662,0.0,-39.199999999999996,23.60000000000001,70
92.813286,83.296455,0.0,65.19105,9.412303,0.0,54.10000000000002,83.20000000000002,70
-91.68492,-37.599552,0.0,-95.49324,-65.61199,0.0,-94.0,-51.599999999999994,70
90.5896,91.639244,0.0,-79.87773,91.06376,0.0,53.900000000000006,92.5,70
-93.58194,-93.52112,0.0,-38.13005,-69.387314,0.0,-55.9,-87.5,70
-47.592293,-48.034588,0.0,-80.30374,0.8922202,0.0,-87.2,-45.4,70
-36.9196,-21.079485,0.0,51.7186,8.977419,0.0,-17.599999999999994,44.0,70
50.766224,49.304276,0.0,-54.823875,-54.42543,0.0,14.5,-50.099999999999994,70
-39.39042,-57.821564,0.0,97.59433,87.10201,0.0,-19.0,80.70000000000002,70
-49.876537,-28.641867,0.0,-48.919434,81.20394,0.0,-35.39999999999999,40.099999999999994,70
-99.52815,14.469058,0.0,-62.01919,75.71761,0.0,-73.2,87.70000000000002,70
-77.449745,28.777855,0.0,-30.77488,94.22758,0.0,-80.8,76.30000000000001,70
57.363716,-56.714294,0.0,-62.73678,81.29394,0.0,57.80000000000001,81.30000000000001,70
-95.50893,40.78021,0.0,-55.717564,77.606125,0.0,-78.5,87.0,70
56.195393,-76.56201,0.0,-80.48242,91.66643,0.0,56.20000000000002,82.4,70
63.35396,-70.271484,0.0,-25.7894,-31.033768,0.0,50.900000000000006,-63.199999999999996,70
4.026867,-39.097855,0.0,-51.618176,-75.36779,0.0,-18.5,-49.599999999999994,70
64.85376,27.89551,0.0,-48.27791,-94.15595,0.0,53.80000000000001,-78.5,70
59.23378,7.0359745,0.0,25.61772,30.270784,0.0,59.20000000000002,22.400000000000006,70
78.8164,17.59173,0.0,63.418606,-64.79039,0.0,62.900000000000006,6.700000000000003,70
64.75996,72.79481,0.0,-12.859229,86.94595,0.0,33.30000000000001,94.30000000000001,70
50.404957,79.11172,0.0,-93.351746,62.33633,0.0,-75.3,97.4,70
-64.89092,-92.09303,0.0,63.474335,43.50376,0.0,53.20000000000002,-79.7,70
-21.55659,12.497675,0.0,82.593796,22.968908,0.0,38.20000000000002,31.400000000000006,70
-43.70063,-36.260944,0.0,-14.684788,30.060486,0.0,-35.3,-4.099999999999994,70
-83.913826,9.78418,0.0,95.47545,97.2307,0.0,-84.1,77.5,70
93.94183,82.41216,0.0,24.77547,-28.972345,0.0,28.30000000000001,72.80000000000001,70
3.8937747,93.69885,0.0,-89.82215,76.005035,0.0,-67.3,93.80000000000001,70
63.506454,-65.49386,0.0,-20.171953,-26.8831,0.0,51.20000000000002,-77.7,70
-21.001455,83.06809,0.0,-88.0148,56.04136,0.0,-82.7,80.10000000000002,70
16.784843,21.893347,0.0,28.08821,28.252653,0.0,17.200000000000003,21.80000000000001,70
59.48374,-19.257545,0.0,-78.553734,-60.493,0.0,59.60000000000002,-19.39999999999999,70
50.1303,22.737915,0.0,51.522358,-12.97334,0.0,68.10000000000002,19.200000000000003,70
-69.13684,-95.46721,0.0,53.35147,-43.56849,0.0,-15.099999999999994,-58.099999999999994,70
-95.3041,-82.37692,0.0,-97.34683,24.632404,0.0,-96.7,-29.0,70
52.274532,14.898727,0.0,52.00406,85.80109,0.0,69.70000000000002,67.9,70
60.114002,-17.216015,0.0,96.9253,43.207176,0.0,92.30000000000001,54.60000000000002,70
-33.80209,9.518955,0.0,-82.59321,-6.423827,0.0,-76.8,21.80000000000001,70
-93.296326,-81.43701,0.0,-44.56545,-60.649803,0.0,-46.0,-89.0,70
11.581909,-36.107414,0.0,26.032646,82.36954,0.0,25.0,-15.099999999999994,70
-52.03154,-56.722263,0.0,-92.41451,-7.5302687,0.0,-91.7,-11.899999999999991,70
-21.187525,-34.0179,0.0,-10.860484,-84.81336,0.0,-61.099999999999994,-80.0,70
18.660091,-42.168438,0.0,-66.01441,-99.30123,0.0,-16.799999999999997,-47.4,70
85.24944,75.17238,0.0,-21.625216,-93.05005,0.0,45.5,-73.2,70
-44.324574,54.16029,0.0,63.341667,70.16808,0.0,53.0,36.900000000000006,70
9.157959,-79.40442,0.0,41.03648,33.71687,0.0,52.0,-91.4,70
1.140186,-94.97359,0.0,42.779854,-96.55469,0.0,22.0,-96.0,70
-43.653828,6.059103,0.0,22.32332,13.4624605,0.0,-15.0,20.0,70
-41.271385,92.51843,0.0,-93.17324,25.49696,0.0,-79.6,79.30000000000001,70
11.341919,-39.899506,0.0,-78.97089,-92.02046,0.0,-0.5999999999999943,-56.4,70
-60.634182,77.458115,0.0,-81.1566,-94.97157,0.0,-85.4,81.80000000000001,70
-94.422935,-64.03668,0.0,-74.788086,96.557526,0.0,-87.4,74.9,70
49.43058,-83.23686,0.0,96.81302,-66.02755,0.0,96.80000000000001,-83.5,70
-12.060064,-88.57886,0.0,60.947575,98.40882,0.0,58.80000000000001,-83.4,70
-90.00853,-60.383503,0.0,-15.115938,-42.639526,0.0,-75.4,-51.699999999999996,70
20.222075,84.55106,0.0,-29.374207,18.107086,0.0,-60.3,84.30000000000001,70
-88.3574,8.740042,0.0,12.8389435,-33.767277,0.0,-82.2,-49.699999999999996,70
-50.80899,-80.764175,0.0,43.89021,-85.70814,0.0,-1.2999999999999972,-87.6,70
92.02973,-54.7925,0.0,-17.931042,-47.88105,0.0,93.10000000000002,-46.599999999999994,70
-46.822422,-45.932938,0.0,13.283102,-87.27202,0.0,-30.0,-84.7,70
74.636894,22.412916,0.0,19.3998,-0.33506045,0.0,26.0,31.5,70
35.42272,28.055246,0.0,-25.833054,2.5024123,0.0,-22.69999999999999,23.30000000000001,70
-52.386837,49.33448,0.0,12.72973,18.226755,0.0,-19.89999999999999,27.0,70
44.90163,-49.697853,0.0,-1.7554568,-33.919945,0.0,20.5,-42.199999999999996,70
-92.342415,66.19167,0.0,99.24202,-90.479385,0.0,-80.8,-81.1,70
-6.813069,-36.369644,0.0,-28.995056,79.27284,0.0,-91.8,3.3000000000000114,70
-69.04704,-77.45086,0.0,-90.79288,-76.42812,0.0,-79.3,-92.0,70
-42.225433,10.461841,0.0,12.393336,1.1734731,0.0,9.0,30.599999999999994,70
-29.69635,80.04476,0.0,-39.28476,16.579784,0.0,-45.599999999999994,73.4,70
-34.265736,95.21388,0.0,24.205711,-94.95625,0.0,-45.9,-77.7,70
56.79538,84.54815,0.0,-78.81236,-22.398417,0.0,-86.1,84.5,70
58.995983,18.606678,0.0,58.955162,-24.614656,0.0,62.0,-2.1999999999999886,70
-18.990011,94.32133,0.0,49.580288,-40.0581,0.0,-44.8,77.5,70
-69.46751,-79.18723,0.0,-76.175316,-66.73682,0.0,-95.1,-84.0,70
-30.101767,22.414232,0.0,-52.821182,-44.970303,0.0,-39.8,-13.299999999999997,70
9.472036,-47.43599,0.0,-40.448788,-73.64473,0.0,-39.699999999999996,-47.4,70
92.80547,82.75492,0.0,-40.861954,87.222145,0.0,30.80000000000001,91.70000000000002,70
64.55407,76.84864,0.0,40.633774,97.064926,0.0,49.099999999999994,90.30000000000001,70
85.178474,-89.38109,0.0,35.139465,82.56796,0.0,68.30000000000001,83.9,70
0.7943201,93.20829,0.0,39.83768,-90.392075,0.0,36.900000000000006,-87.9,70
87.08453,29.600557,0.0,93.915016,-80.84502,0.0,100.0,-7.3999999999999915,70
-30.76638,-48.388676,0.0,-53.88471,-3.3104937,0.0,-42.4,-25.700000000000003,70
-60.93324,-82.47417,0.0,-40.126064,39.772247,0.0,-49.4,-82.7,70
24.97351,-21.470894,0.0,85.69519,-92.22075,0.0,24.900000000000006,-76.4,70
53.723843,66.55635,0.0,-47.49011,-70.969246,0.0,-23.19999999999999,77.20000000000002,70
90.64398,-56.991135,0.0,40.50582,22.688055,0.0,43.900000000000006,-37.4,70
-52.88983,18.334223,0.0,-48.194176,-27.790567,0.0,-32.89999999999999,1.2000000000000028,70
64.9124,-10.726216,0.0,-89.684494,-70.61328,0.0,-100.0,-71.1,70
-33.916782,7.4439964,0.0,82.34983,22.077246,0.0,12.700000000000003,31.5,70
98.275375,32.487953,0.0,93.7755,23.646978,0.0,97.20000000000002,25.5,70
-38.86801,32.081875,0.0,17.69712,-16.90839,0.0,23.200000000000003,8.300000000000011,70
10.705655,-47.11397,0.0,96.30942,-0.41000798,0.0,96.30000000000001,-49.3,70
-28.070717,24.725319,0.0,51.510036,86.49723,0.0,75.20000000000002,29.5,70
-84.08849,78.598434,0.0,-68.489296,-83.004005,0.0,-84.1,-83.0,70
73.21881,32.55132,0.0,28.68577,-17.11772,0.0,19.400000000000006,20.400000000000006,70
63.481575,-12.606073,0.0,10.769682,28.62362,0.0,54.400000000000006,25.700000000000003,70
50.32708,-13.197202,0.0,-21.798265,85.58783,0.0,-5.299999999999997,82.20000000000002,70
-53.887142,-76.09632,0.0,-25.9028,-84.24011,0.0,-21.89999999999999,-94.3,70
85.30956,18.714296,0.0,53.686787,-34.426826,0.0,71.30000000000001,8.0,70
-95.51403,31.173206,0.0,-83.06493,-50.727894,0.0,-92.4,-9.5,70
-97.395096,-78.79287,0.0,-78.65921,16.583937,0.0,-94.8,-32.3,70
-91.93374,-54.15289,0.0,-75.70757,-62.623474,0.0,-100.0,-44.699999999999996,70
64.527275,-62.67898,0.0,58.969055,66.446144,0.0,59.0,-5.5,70
-44.586292,76.19832,0.0,-49.72179,25.621372,0.0,-43.9,51.0,70
24.901466,-3.0573833,0.0,0.10305637,81.59034,0.0,-15.199999999999989,79.10000000000002,70
1.4681371,12.447998,0.0,-45.94081,16.540102,0.0,-7.199999999999989,31.400000000000006,70
92.62491,76.903175,0.0,92.84864,-34.98174,0.0,100.0,60.30000000000001,70
-49.95013,81.65078,0.0,8.525938,85.690735,0.0,-21.0,85.70000000000002,70
-28.813023,-87.63091,0.0,26.905045,-77.59765,0.0,-1.3999999999999915,-94.7,70
-45.374268,-13.411446,0.0,21.000957,-4.3112936,0.0,-3.299999999999997,36.900000000000006,70
56.80193,44.4284,0.0,56.016605,26.158735,0.0,59.70000000000002,36.20000000000002,70
65.89616,-38.37424,0.0,50.430878,33.051025,0.0,55.70000000000002,-2.5,70
67.458916,-12.457653,0.0,-81.57537,45.110535,0.0,-98.4,66.80000000000001,70
92.41321,-26.107382,0.0,-93.09763,-48.89573,0.0,-69.5,-35.5,70
89.77322,-84.075966,0.0,-56.39286,-83.690216,0.0,39.20000000000002,-88.8,70
-54.817543,-24.512506,0.0,-47.196297,56.488247,0.0,-36.099999999999994,34.80000000000001,70
-96.63186,-6.0303106,0.0,-26.866005,-45.57467,0.0,-71.0,-14.599999999999994,70
-52.237083,-6.494173,0.0,69.958244,-57.240356,0.0,-31.599999999999994,-30.799999999999997,70
64.35696,34.113857,0.0,25.81646,97.08827,0.0,49.400000000000006,80.4,70
97.501366,61.306293,0.0,-40.064064,-32.177498,0.0,97.5,-62.3,70
-86.70852,37.26031,0.0,-62.74245,-81.754654,0.0,-86.1,-82.4,70
-78.972466,93.19904,0.0,-32.393917,49.840714,0.0,-70.6,83.9,70
-75.807205,4.0313582,0.0,66.07029,-30.26524,0.0,51.20000000000002,-22.0,70
-43.206223,-14.751464,0.0,64.05212,-58.35562,0.0,47.80000000000001,-79.0,70
93.10601,55.78478,0.0,-89.873245,60.17323,0.0,-82.0,38.20000000000002,70
-54.573734,28.928406,0.0,-38.110054,-49.74,0.0,-33.099999999999994,-22.19999999999999,70
12.0854025,4.4278846,0.0,50.731224,-11.444432,0.0,34.80000000000001,-13.299999999999997,70
-91.891945,-99.0992,0.0,76.63837,-91.39052,0.0,-54.599999999999994,-97.6,70
-84.73982,75.90597,0.0,96.994835,57.572052,0.0,97.0,100.0,70
74.92061,-97.14006,0.0,17.848951,-35.344307,0.0,42.400000000000006,-63.3,70
-91.31621,50.422123,0.0,18.388008,33.97395,0.0,-79.7,4.400000000000006,70
59.121708,-60.51679,0.0,14.985372,-37.21335,0.0,59.10000000000002,-62.6,70
-4.8916345,-85.09022,0.0,-24.408472,16.872555,0.0,-57.199999999999996,-82.8,70
-45.250546,-61.335526,0.0,83.06886,78.55678,0.0,-14.699999999999989,78.60000000000002,70
66.98095,-29.349236,0.0,-4.919835,-93.10389,0.0,40.099999999999994,-77.7,70
-9.640339,-45.293953,0.0,-94.296684,18.333225,0.0,-75.2,-4.799999999999997,70
99.12719,55.53546,0.0,60.022472,56.22013,0.0,97.4,44.900000000000006,70
95.790665,70.03108,0.0,-88.74604,26.162006,0.0,95.9,26.700000000000003,70
-96.86112,-78.753784,0.0,-94.514626,47.981922,0.0,-96.0,-15.699999999999989,70
-79.915184,-89.42164,0.0,-19.661467,-92.9753,0.0,-49.9,-92.5,70
50.96292,78.18032,0.0,25.754974,-95.46084,0.0,78.0,-80.6,70
13.014276,-49.270603,0.0,-82.66739,-27.092667,0.0,-82.9,-32.3,70
50.669163,-63.924908,0.0,-22.327066,-88.01135,0.0,-11.299999999999997,-78.6,70
20.571447,87.7882,0.0,-50.061985,0.4261085,0.0,-22.19999999999999,84.70000000000002,70
-24.11341,-82.57852,0.0,-94.1961,32.37687,0.0,-76.9,-79.5,70
96.075264,58.2082,0.0,78.14248,5.724608,0.0,96.10000000000002,33.099999999999994,70
40.419346,-79.83768,0.0,-36.52353,6.996262,0.0,-22.39999999999999,-79.9,70
-93.19407,-90.89682,0.0,-82.633255,-3.8104873,0.0,-89.8,-47.3,70
-75.22585,-71.95903,0.0,2.2055733,19.075289,0.0,-22.39999999999999,18.80000000000001,70
98.18118,-99.74054,0.0,61.262363,90.17005,0.0,61.20000000000002,-81.9,70
-23.251091,-52.674694,0.0,-82.20798,-38.594692,0.0,-82.2,-25.89999999999999,70
13.790527,83.72065,0.0,-91.22976,-91.35246,0.0,-78.9,83.70000000000002,70
13.260945,-43.89175,0.0,-76.78012,-4.542255,0.0,-76.7,-31.599999999999994,70
-79.97742,85.290565,0.0,-79.073326,-37.470535,0.0,-94.4,53.099999999999994,70
35.81144,23.332245,0.0,59.3513,-5.2364597,0.0,59.30000000000001,28.80000000000001,70
-52.236874,-70.64017,0.0,83.413635,85.83457,0.0,2.9000000000000057,85.9,70
60.645935,-43.36998,0.0,19.92836,-94.014206,0.0,58.10000000000002,-78.7,70
-24.977573,10.185307,0.0,-42.902405,-64.76871,0.0,-42.9,-13.399999999999991,70
21.152927,-23.968008,0.0,43.942207,95.36063,0.0,16.400000000000006,69.80000000000001,70
20.664764,-29.196983,0.0,-21.169987,-34.38565,0.0,-3.6999999999999886,-43.099999999999994,70
85.016754,94.846085,0.0,-57.153534,-75.67575,0.0,69.0,87.30000000000001,70
11.509394,9.976018,0.0,20.350418,-7.1152697,0.0,20.0,6.1000000000000085,70
-85.66916,97.77558,0.0,49.649384,92.778305,0.0,-18.39999999999999,95.60000000000002,70
36.095104,95.88612,0.0,-54.10503,75.684525,0.0,2.5,90.10000000000002,70
-35.828274,42.196636,0.0,38.88258,88.050186,0.0,-36.8,84.4,70
-85.097885,56.827274,0.0,-47.48219,23.31209,0.0,-29.599999999999994,57.60000000000002,70
-3.063363,99.6007,0.0,-80.04619,76.184975,0.0,-61.5,95.20000000000002,70
-85.36692,-56.275486,0.0,64.63718,70.000465,0.0,-95.6,-29.799999999999997,70
-23.808546,27.805172,0.0,37.902687,-90.14022,0.0,-52.199999999999996,-79.8,70
21.898373,-25.620481,0.0,-3.1310422,31.528746,0.0,22.700000000000003,-5.199999999999989,70
-26.215115,79.52314,0.0,-45.715485,-93.274826,0.0,-26.5,81.70000000000002,70
-31.308079,-80.67749,0.0,-15.327266,22.470795,0.0,-65.69999999999999,-41.4,70
-36.422554,-49.63521,0.0,-1.9231594,94.476006,0.0,-37.3,78.20000000000002,70
-84.8844,55.57434,0.0,-96.94408,-75.127754,0.0,-93.5,-12.899999999999991,70
33.782204,-83.83411,0.0,99.75475,89.77384,0.0,99.70000000000002,-83.5,70
-37.744976,-2.8277695,0.0,27.154745,88.793,0.0,-41.9,82.60000000000002,70
-81.909004,59.120808,0.0,91.28477,-85.67826,0.0,-82.0,-85.5,70
75.24465,79.705605,0.0,97.43939,83.83842,0.0,88.0,89.5,70
51.236336,84.008,0.0,94.81347,-29.964746,0.0,94.9,85.30000000000001,70
94.26929,99.47457,0.0,-34.665184,-68.32112,0.0,-34.89999999999999,76.70000000000002,70
7.078362,96.48965,0.0,31.442337,-46.516144,0.0,-17.69999999999999,91.80000000000001,70
-29.873264,-28.621826,0.0,20.371231,-31.287878,0.0,-10.0,-44.599999999999994,70
-80.39432,-27.248962,0.0,-95.07297,11.708961,0.0,-89.1,-7.599999999999994,70
59.684273,-17.161598,0.0,-73.54418,95.10461,0.0,59.70000000000002,79.0,70
53.964455,-54.86424,0.0,-90.357666,12.598888,0.0,-85.1,-3.8999999999999915,70
88.63219,18.229767,0.0,-4.3089223,-32.92015,0.0,85.5,-1.2999999999999972,70
-92.15108,40.030834,0.0,10.02998,80.93115,0.0,-79.3,81.0,70
1.1280369,14.123993,0.0,35.43697,91.79398,0.0,3.8000000000000114,36.900000000000006,70
63.988342,54.33821,0.0,-14.913005,84.74026,0.0,51.30000000000001,84.80000000000001,70
36.823734,33.992855,0.0,-82.074615,38.32578,0.0,-82.0,27.200000000000003,70
65.007835,26.141832,0.0,-91.492615,-59.425457,0.0,-81.1,29.80000000000001,70
-60.89913,75.67133,0.0,-89.06216,-53.94721,0.0,-80.6,-27.39999999999999,70
-49.615997,93.25793,0.0,1.5244093,80.697365,0.0,-24.799999999999997,88.80000000000001,70
53.67305,55.538933,0.0,-75.80815,76.76129,0.0,53.70000000000002,76.80000000000001,70
-75.71465,94.73751,0.0,-29.306915,-75.82288,0.0,-100.0,32.599999999999994,70
-14.077795,-92.18542,0.0,-47.1832,-82.146164,0.0,-30.200000000000003,-89.2,70
-33.849735,19.481035,0.0,-47.381924,-24.839958,0.0,-40.5,-2.0999999999999943,70
-99.93691,37.697697,0.0,53.08072,-28.995043,0.0,-90.1,42.70000000000002,70
52.843864,-59.33249,0.0,-34.068836,71.11256,0.0,-41.099999999999994,57.10000000000002,70
-15.687381,92.98889,0.0,-98.7179,-10.289367,0.0,-71.9,66.80000000000001,70
53.467648,52.275383,0.0,21.801308,-54.97615,0.0,80.60000000000002,-9.599999999999994,70
98.54773,-52.906895,0.0,52.92229,17.89794,0.0,98.60000000000002,-4.099999999999994,70
-51.22254,77.05346,0.0,-33.63997,28.797522,0.0,-31.599999999999994,27.700000000000003,70
69.62774,0.5479509,0.0,-80.722115,-16.277765,0.0,-82.5,-25.299999999999997,70
-6.8664956,-88.87384,0.0,93.03005,-6.668301,0.0,95.60000000000002,-80.5,70
-81.42678,50.61233,0.0,55.344643,45.451466,0.0,-90.7,59.400000000000006,70
-85.38167,27.064522,0.0,-55.223118,-75.15115,0.0,-92.4,-21.39999999999999,70
-7.898818,15.4394245,0.0,-53.464027,-38.21769,0.0,-23.19999999999999,12.900000000000006,70
-78.37649,-54.252934,0.0,-87.73994,38.15434,0.0,-88.0,-5.5,70
-52.395775,-95.89697,0.0,-19.683832,-48.44698,0.0,-31.200000000000003,-48.3,70
-4.2360983,93.5591,0.0,66.52675,88.013336,0.0,30.900000000000006,92.10000000000002,70
94.6685,-39.563618,0.0,22.792877,-41.991386,0.0,21.10000000000001,-44.699999999999996,70
-97.32567,-13.826015,0.0,72.69338,82.56546,0.0,-76.2,85.10000000000002,70
-98.54676,-72.874535,0.0,29.807972,-8.649096,0.0,-82.7,-42.0,70
5.678282,-91.79097,0.0,68.10399,90.58312,0.0,48.599999999999994,-80.3,70
58.696377,-36.71113,0.0,-21.637787,-28.417433,0.0,52.5,-63.8,70
-12.220744,-39.243385,0.0,62.527927,99.165146,0.0,57.10000000000002,-54.199999999999996,70
63.45699,77.34752,0.0,-99.12104,42.9757,0.0,-71.0,100.0,70
28.063103,83.824455,0.0,55.853565,-16.7278,0.0,59.5,83.80000000000001,70
5.539718,-86.81113,0.0,97.50029,-36.51396,0.0,97.80000000000001,-82.9,70
-10.765975,91.11584,0.0,-40.148613,-70.27169,0.0,-31.5,82.0,70
-53.737175,84.64256,0.0,55.44999,-47.55976,0.0,55.5,84.9,70
90.95674,70.711914,0.0,-54.035934,45.763176,0.0,99.5,81.10000000000002,70
-28.137295,-14.365375,0.0,-37.614,-98.57865,0.0,-39.0,-69.2,70
43.7603,82.41787,0.0,74.16534,8.306101,0.0,44.099999999999994,82.4,70
36.16369,97.683624,0.0,-63.36836,-87.92662,0.0,-12.0,100.0,70
-93.096954,-16.278015,0.0,-79.487045,-17.410757,0.0,-88.9,-17.299999999999997,70
-74.59339,82.01534,0.0,-41.020866,-0.196174,0.0,-47.199999999999996,82.0,70
-36.639835,-63.776196,0.0,10.200674,78.60617,0.0,-21.0,78.5,70
60.995026,-55.351955,0.0,-53.58738,-73.84061,0.0,54.70000000000002,-100.0,70
-14.519355,90.97013,0.0,-82.478004,-95.53788,0.0,-82.5,77.60000000000002,70
-36.955135,49.539974,0.0,-97.85319,32.84437,0.0,-61.9,51.5,70
-89.49515,55.392956,0.0,69.97339,-92.54296,0.0,-82.0,-79.5,70
-36.496624,76.21782,0.0,-45.873188,-67.874245,0.0,-44.0,23.700000000000003,70
-80.935486,-18.277775,0.0,43.954647,-40.41458,0.0,-81.0,-69.7,70
-45.204155,-39.12594,0.0,82.92501,92.91156,0.0,4.300000000000011,76.5,70
-25.384329,17.641605,0.0,-95.06332,-78.391594,0.0,-70.1,-42.8,70
-66.25104,-94.154,0.0,-48.403183,-20.779467,0.0,-47.599999999999994,-78.1,70
-81.409584,76.03557,0.0,-40.50646,58.154503,0.0,-55.099999999999994,100.0,70
35.690247,-93.91878,0.0,-30.079702,-84.45366,0.0,3.1000000000000085,-91.3,70
64.89707,59.325634,0.0,64.26569,70.01449,0.0,54.30000000000001,67.80000000000001,70
24.051916,-12.049214,0.0,-50.980175,-31.867535,0.0,10.200000000000003,-36.699999999999996,70
-89.915085,-10.811182,0.0,75.79953,23.400606,0.0,-82.0,34.80000000000001,70
-3.3493588,21.554739,0.0,79.35106,-95.03918,0.0,41.0,-66.1,70
93.72353,-98.21399,0.0,-11.670801,75.88137,0.0,69.60000000000002,-94.7,70
57.78115,-34.258465,0.0,-0.5697615,28.162056,0.0,57.80000000000001,26.400000000000006,70
1.662893,12.413606,0.0,-80.176636,-13.688708,0.0,-81.7,36.70000000000002,70
-43.466858,50.448135,0.0,-37.21259,78.57502,0.0,-42.5,65.9,70
19.991777,26.206182,0.0,-22.26443,-28.91314,0.0,-50.0,8.200000000000003,70
-62.803677,78.19675,0.0,-43.551304,36.615086,0.0,-43.8,78.10000000000002,70
-49.26719,66.64993,0.0,-88.468124,-13.083305,0.0,-87.8,31.200000000000017,70
-75.09545,-39.616383,0.0,76.81368,1.3990549,0.0,80.30000000000001,14.600000000000009,70
-18.415705,-81.23285,0.0,-46.99233,84.59442,0.0,-25.299999999999997,-81.4,70
9.51139,5.2908955,0.0,-97.84556,15.535042,0.0,-84.8,22.30000000000001,70
87.029625,-87.23131,0.0,-90.73963,-9.703842,0.0,-81.7,-82.9,70
-78.42039,-15.237596,0.0,-5.526008,83.61155,0.0,-81.9,83.60000000000002,70
-95.8387,-6.3436694,0.0,-84.47903,-52.97114,0.0,-90.9,-29.599999999999994,70
-26.29921,-75.49613,0.0,6.514616,-76.96674,0.0,-9.199999999999989,-100.0,70
59.183,74.35614,0.0,35.910862,77.42571,0.0,58.5,85.70000000000002,70
89.50801,-78.66634,0.0,67.339966,9.055328,0.0,46.099999999999994,-79.8,70
-43.84458,76.93708,0.0,-34.227222,91.94649,0.0,-38.5,86.60000000000002,70
-11.765102,-33.027344,0.0,69.754105,-4.143635,0.0,-3.799999999999997,-34.7,70
46.75527,95.8597,0.0,-54.30163,82.95162,0.0,-3.0,91.0,70
-44.71271,-67.4049,0.0,71.96609,80.99861,0.0,-13.399999999999991,85.20000000000002,70
92.94165,-12.758976,0.0,-92.10468,-33.974163,0.0,95.9,-36.3,70
-4.505001,-92.412636,0.0,89.65406,-96.87704,0.0,42.400000000000006,-94.9,70
59.309437,14.4037485,0.0,94.110725,46.682804,0.0,94.10000000000002,32.20000000000002,70
-37.869453,64.959984,0.0,-99.01367,-33.972805,0.0,-62.9,28.599999999999994,70
-88.94042,-30.092419,0.0,64.04278,-19.893864,0.0,54.20000000000002,-2.5999999999999943,70
-13.926134,90.56044,0.0,-9.940496,-97.869225,0.0,-18.0,-91.0,70
-25.13587,96.4377,0.0,-23.0429,-24.26086,0.0,-69.3,22.80000000000001,70
-44.009945,-57.557877,0.0,46.079044,91.72638,0.0,-13.0,79.70000000000002,70
6.918304,-35.78593,0.0,-31.24528,-64.186554,0.0,-52.5,-57.3,70
-77.80679,-70.27745,0.0,5.256587,80.64873,0.0,-77.8,80.70000000000002,70
40.193405,21.694286,0.0,-35.33372,-86.678406,0.0,33.599999999999994,-86.1,70
62.096115,1.5942056,0.0,51.727745,-89.54771,0.0,62.0,-73.9,70
58.680557,24.631699,0.0,-92.33197,62.10301,0.0,-81.3,33.900000000000006,70
-80.59714,-16.838036,0.0,36.760815,-52.806892,0.0,-80.6,-24.39999999999999,70
-36.71239,-41.078342,0.0,85.1386,22.751677,0.0,-32.39999999999999,34.099999999999994,70
76.30402,81.63694,0.0,-90.65375,50.819542,0.0,-82.4,82.70000000000002,70
99.88781,-72.00006,0.0,98.40167,38.84306,0.0,100.0,-17.69999999999999,70
33.1372,31.789953,0.0,-19.17197,-33.942577,0.0,-23.0,-37.599999999999994,70
-95.82284,-95.39023,0.0,-78.14913,10.9595785,0.0,-100.0,-31.0,70
25.080477,-93.24622,0.0,55.024967,67.68128,0.0,56.5,-79.2,70
35.99808,-92.58368,0.0,23.843166,4.9710793,0.0,22.5,-78.8,70
-52.69974,25.023558,0.0,0.35777497,78.69441,0.0,-21.099999999999994,80.60000000000002,70
-41.203205,85.443344,0.0,-98.24199,-3.7048025,0.0,-75.7,83.9,70
11.5486355,-86.68905,0.0,23.06196,-88.43709,0.0,17.200000000000003,-89.3,70
-95.18823,-12.669031,0.0,8.455007,95.07921,0.0,-78.1,73.60000000000002,70
-45.347733,-86.75532,0.0,-63.976738,88.359795,0.0,-45.3,83.80000000000001,70
-6.8554177,89.51802,0.0,-91.77019,-30.285288,0.0,-79.8,73.5,70
-96.15077,30.977842,0.0,-49.48007,51.635963,0.0,-94.4,31.400000000000006,70
7.2949142,85.868546,0.0,93.45773,76.360825,0.0,82.30000000000001,91.20000000000002,70
54.71131,-94.2827,0.0,98.46032,47.053482,0.0,98.5,-82.9,70
59.903976,28.118618,0.0,-51.802567,-39.630363,0.0,-10.0,26.400000000000006,70
69.48593,-49.822136,0.0,95.33151,68.932014,0.0,96.20000000000002,-69.4,70
-77.355774,-50.774136,0.0,-7.484884,19.018963,0.0,-82.9,-11.0,70
52.29196,-32.35257,0.0,-45.778446,-87.011154,0.0,52.20000000000002,-83.4,70
-76.850624,-32.107628,0.0,26.507784,13.267185,0.0,-95.1,16.900000000000006,70
-48.55132,92.85636,0.0,-61.892124,90.95004,0.0,-55.099999999999994,92.5,70
-52.75852,1.7209258,0.0,-45.939407,-96.40771,0.0,-39.0,-50.199999999999996,70
-52.147453,9.918212,0.0,92.652855,-30.355762,0.0,40.099999999999994,24.400000000000006,70
-4.165997,-34.35516,0.0,-17.937984,34.332897,0.0,-6.699999999999989,-38.699999999999996,70
80.879295,-94.18564,0.0,-37.92802,48.7279,0.0,-25.200000000000003,-78.5,70
-38.8094,-71.16208,0.0,-42.405643,83.952896,0.0,-42.699999999999996,-26.799999999999997,70
-48.169025,4.976324,0.0,53.616688,53.79679,0.0,53.60000000000002,41.0,70
35.45974,24.31153,0.0,-83.68793,25.655643,0.0,-84.1,35.70000000000002,70
61.78226,55.063957,0.0,-35.663628,55.586372,0.0,56.5,73.5,70
-47.04752,49.99867,0.0,22.81745,-37.939293,0.0,-28.200000000000003,-36.599999999999994,70
-83.92401,63.083496,0.0,-45.635155,57.23862,0.0,-92.2,42.80000000000001,70
69.05286,91.19464,0.0,54.22856,71.332664,0.0,61.400000000000006,84.5,70
-98.5285,18.688824,0.0,56.753212,-63.185997,0.0,-88.7,-24.099999999999994,70
-46.025906,61.136272,0.0,-51.32495,12.464219,0.0,-42.699999999999996,36.70000000000002,70
-41.736065,75.72018,0.0,83.45683,-91.98771,0.0,-30.799999999999997,-80.1,70
-98.22123,41.14959,0.0,99.403404,16.434334,0.0,-71.5,42.599999999999994,70
-86.32161,12.670656,0.0,-38.194912,-18.256847,0.0,-80.6,-4.099999999999994,70
-45.579975,30.898663,0.0,60.366016,22.30337,0.0,58.20000000000002,24.10000000000001,70
43.660454,90.906296,0.0,62.924625,-91.484474,0.0,54.60000000000002,83.4,70
26.11453,80.00689,0.0,-37.71175,-93.772194,0.0,-36.599999999999994,80.4,70
-53.91403,-61.55141,0.0,-70.71416,90.88201,0.0,-19.099999999999994,73.80000000000001,70
-42.02546,-29.275421,0.0,42.869625,78.48788,0.0,-37.699999999999996,-1.8999999999999915,70
-37.842216,16.286243,0.0,-92.91731,-51.757103,0.0,-63.3,-46.699999999999996,70
58.01412,32.34744,0.0,13.702894,-87.82227,0.0,58.10000000000002,-82.8,70
74.24151,19.041216,0.0,53.558563,-10.272947,0.0,67.10000000000002,10.0,70
-11.19486,75.474045,0.0,-55.727367,82.22302,0.0,-51.8,91.60000000000002,70
-25.73095,91.80584,0.0,55.5165,10.171125,0.0,55.60000000000002,80.9,70
-83.63385,-19.348724,0.0,9.416596,-79.01351,0.0,-83.7,-86.6,70
-47.586716,-48.732864,0.0,30.812958,96.77841,0.0,-9.899999999999991,75.0,70
26.706196,27.856495,0.0,66.563965,-4.6487536,0.0,49.400000000000006,27.0,70
-87.6572,-23.335762,0.0,-87.383156,30.493416,0.0,-88.4,3.6000000000000085,70
-34.50869,8.415836,0.0,-28.13344,-48.84245,0.0,-39.0,-17.5,70
-52.437866,37.107605,0.0,78.10783,2.865043,0.0,46.30000000000001,16.400000000000006,70
-52.1565,-49.93178,0.0,-99.79111,-17.819267,0.0,-71.3,-31.099999999999994,70
-4.1365776,-50.894398,0.0,-25.320356,11.087363,0.0,-39.099999999999994,-9.699999999999989,70
97.29396,-70.93082,0.0,48.989613,91.52959,0.0,97.30000000000001,81.10000000000002,70
-75.51075,93.645546,0.0,2.1600785,89.43412,0.0,-36.8,92.4,70
-94.292625,-17.780485,0.0,52.86014,-78.916275,0.0,-76.9,-79.7,70
68.67033,-0.76240987,0.0,42.34846,25.184364,0.0,44.5,32.80000000000001,70
83.60789,78.58665,0.0,-48.519657,-38.856056,0.0,7.200000000000003,78.5,70
-49.53664,-41.2255,0.0,-80.377426,-5.1181617,0.0,-91.6,-37.9,70
22.305298,-95.21509,0.0,-86.498314,-55.451996,0.0,-84.3,-78.3,70
-30.15725,-81.802055,0.0,45.761753,-76.3124,0.0,4.700000000000003,-87.1,70
89.46375,33.39177,0.0,-50.818558,-1.4833475,0.0,-14.899999999999991,11.800000000000011,70
27.489132,-14.18783,0.0,-90.727486,31.460629,0.0,-83.3,-20.599999999999994,70
93.01635,-51.786526,0.0,-58.45781,99.02867,0.0,93.5,77.4,70
36.80634,-48.99355,0.0,-28.962847,-13.22191,0.0,-25.0,-31.799999999999997,70
-33.387974,-12.170663,0.0,-45.38697,7.4962797,0.0,-39.3,-2.3999999999999915,70
25.952326,12.103225,0.0,86.85183,-84.36008,0.0,26.0,-80.8,70
96.41346,-34.764057,0.0,-2.3447926,-36.773373,0.0,96.0,-62.5,70
36.442123,-79.08963,0.0,44.068012,26.682205,0.0,51.0,-86.7,70
-47.948658,84.94789,0.0,78.55412,81.4231,0.0,16.60000000000001,91.5,70
36.789776,-77.59341,0.0,35.412014,-42.83942,0.0,15.300000000000011,-87.2,70
86.07391,77.907036,0.0,0.3739953,-44.101917,0.0,47.20000000000002,-50.099999999999994,70
58.009613,9.248174,0.0,51.485786,-67.771675,0.0,64.5,-50.4,70
-7.0320377,79.23785,0.0,-58.916473,-81.1965,0.0,-59.3,-82.0,70
-83.21812,-58.62361,0.0,59.204285,-8.106006,0.0,-81.8,-66.4,70
-46.8856,49.487545,0.0,76.76929,3.8753304,0.0,-38.099999999999994,16.10000000000001,70
-93.68004,-55.944645,0.0,79.408165,82.39951,0.0,-78.8,82.5,70
-87.08286,8.934657,0.0,37.12641,77.48301,0.0,-81.9,79.5,70
61.48105,-85.46577,0.0,-51.042305,84.2278,0.0,-15.899999999999991,-85.9,70
-32.38069,6.9496965,0.0,-98.44013,5.874384,0.0,-65.5,-2.299999999999997,70
-85.03442,53.196693,0.0,-34.136692,-9.703981,0.0,-74.3,41.0,70
-38.07129,64.63278,0.0,92.22945,-0.51191396,0.0,-41.599999999999994,76.10000000000002,70
55.206043,84.45326,0.0,45.251484,-50.012413,0.0,68.9,-30.39999999999999,70
50.11053,-68.063896,0.0,-25.715445,30.561348,0.0,-29.599999999999994,7.200000000000003,70
58.002445,-75.342896,0.0,21.089087,-91.923035,0.0,53.0,-88.7,70
1.1902547,15.43064,0.0,67.2174,-86.43108,0.0,50.70000000000002,36.20000000000002,70
-83.6248,-71.40409,0.0,-94.73915,-9.962641,0.0,-91.4,-40.099999999999994,70
-82.35365,-10.900295,0.0,64.86937,17.522854,0.0,-81.7,20.60000000000001,70
42.81993,-88.30067,0.0,-17.430208,96.355484,0.0,50.400000000000006,79.10000000000002,70
23.14115,-84.69694,0.0,-39.611404,-63.115738,0.0,-39.5,-84.7,70
80.276405,28.027494,0.0,94.53336,-16.462778,0.0,95.30000000000001,2.6000000000000085,70
-80.38354,28.525257,0.0,-33.98736,-44.00861,0.0,-41.0,20.200000000000003,70
35.31235,86.36978,0.0,-87.75094,-64.85476,0.0,-83.2,85.30000000000001,70
25.918764,0.08196664,0.0,34.706596,-51.00397,0.0,18.200000000000003,-33.2,70
-0.2339655,-88.044205,0.0,69.45103,-99.71196,0.0,34.599999999999994,-94.1,70
-23.507938,24.34704,0.0,-74.7297,-96.13071,0.0,-63.699999999999996,-77.8,70
24.026814,-49.384537,0.0,50.53774,59.871216,0.0,19.900000000000006,6.6000000000000085,70
51.737324,71.98297,0.0,90.397736,-5.145095,0.0,63.400000000000006,50.599999999999994,70
-34.59616,54.944416,0.0,52.397266,7.7155757,0.0,58.80000000000001,20.80000000000001,70
-53.80055,41.460022,0.0,-43.728123,86.135994,0.0,-32.2,57.20000000000002,70
-83.93519,47.54392,0.0,-55.81755,-88.34016,0.0,-83.9,-83.1,70
-31.07409,-1.4855292,0.0,55.273193,88.589386,0.0,-46.5,82.0,70
21.247025,-53.387024,0.0,13.548632,-94.61804,0.0,14.100000000000009,-86.3,70
13.300078,-75.64271,0.0,-0.88856685,-39.557987,0.0,23.200000000000003,-51.199999999999996,70
-41.880325,-51.49047,0.0,9.3682995,-46.36073,0.0,-25.89999999999999,-39.0,70
-66.3524,-85.80582,0.0,15.878589,-8.948447,0.0,-9.699999999999989,-83.2,70
13.784982,21.468634,0.0,-68.996765,78.87498,0.0,-27.700000000000003,16.80000000000001,70
-4.099065,89.40591,0.0,59.92387,23.458267,0.0,59.80000000000001,82.4,70
-46.302467,-34.729496,0.0,-53.352047,37.070892,0.0,-45.699999999999996,2.0,70
-84.042015,8.134932,0.0,-67.94558,89.689384,0.0,-85.5,80.60000000000002,70
-36.092506,-34.136166,0.0,-28.06583,81.68237,0.0,-46.9,79.4,70
34.760387,-84.53757,0.0,61.727955,98.83132,0.0,57.80000000000001,-84.5,70
51.746307,-21.436169,0.0,3.8037467,16.69425,0.0,52.70000000000002,35.599999999999994,70
-93.389946,-75.95358,0.0,41.434593,-79.39687,0.0,-61.599999999999994,-96.6,70
-35.826607,-7.422013,0.0,-61.887817,85.90121,0.0,-52.599999999999994,83.9,70
19.302826,-90.71138,0.0,26.094751,-93.32207,0.0,22.60000000000001,-92.8,70
-79.39343,60.270706,0.0,-10.844892,10.728263,0.0,-84.3,56.70000000000002,70
-29.167418,-50.7451,0.0,-7.081775,15.255292,0.0,-29.799999999999997,11.100000000000009,70
-11.1103735,-41.90398,0.0,95.35218,-90.51274,0.0,17.80000000000001,-56.3,70
-90.0449,29.528774,0.0,-76.70992,-38.417675,0.0,-87.8,-3.0,70
12.857034,99.37338,0.0,95.91907,60.887295,0.0,95.80000000000001,77.70000000000002,70
-95.64555,80.04401,0.0,15.514903,-83.230965,0.0,-75.9,-83.3,70
-43.204044,61.76101,0.0,1.9434364,-97.08689,0.0,-28.599999999999994,-78.3,70
-89.88204,-48.17897,0.0,54.055977,29.367897,0.0,-82.0,12.400000000000006,70
57.08603,59.123936,0.0,93.32991,-4.8814464,0.0,70.80000000000001,18.10000000000001,70
-10.546864,75.74216,0.0,-42.79948,-74.65353,0.0,-42.099999999999994,-61.8,70
31.897648,88.12593,0.0,60.14716,-93.84455,0.0,59.80000000000001,85.20000000000002,70
53.857605,12.303055,0.0,8.528291,26.751652,0.0,55.10000000000002,28.099999999999994,70
99.06304,-92.2883,0.0,34.744392,92.998924,0.0,99.0,79.30000000000001,70
8.357642,-94.99266,0.0,33.867764,30.737185,0.0,37.099999999999994,-91.8,70
-86.214714,52.3907,0.0,-38.333664,-90.47327,0.0,-84.3,-82.0,70
-67.235535,-77.11762,0.0,68.002045,-33.84929,0.0,-7.3999999999999915,-83.3,70
-85.01985,-32.74777,0.0,29.632505,-76.64308,0.0,-83.9,-100.0,70
-28.293505,-27.8236,0.0,72.08539,-87.38608,0.0,44.099999999999994,-67.0,70
-0.53743017,-49.272385,0.0,2.9770498,95.56631,0.0,-16.69999999999999,79.9,70
-13.950024,27.10668,0.0,-94.76256,68.13791,0.0,-77.6,27.200000000000003,70
86.30851,1.1184089,0.0,11.934498,-96.00841,0.0,40.5,-100.0,70
55.01733,-90.43628,0.0,-37.781628,82.89783,0.0,-37.8,-81.8,70
-68.67599,-95.95845,0.0,99.282234,-0.7351396,0.0,99.30000000000001,-74.4,70
77.58914,7.29622,0.0,29.501898,87.94491,0.0,40.80000000000001,80.4,70
-49.98342,-18.053513,0.0,56.47121,90.09976,0.0,-22.39999999999999,83.5,70
74.75568,18.837032,0.0,-46.16077,-23.094288,0.0,-10.399999999999991,38.70000000000002,70
-93.93354,59.835903,0.0,-91.347984,-29.027485,0.0,-93.4,15.300000000000011,70
91.33613,-64.96164,0.0,52.92938,46.670322,0.0,100.0,-19.5,70
-85.98497,-19.587717,0.0,-79.82147,-19.868435,0.0,-90.4,-21.69999999999999,70
-77.29587,-80.074455,0.0,-37.82183,62.12129,0.0,-56.599999999999994,-86.3,70
-3.650964,-79.89002,0.0,-48.605698,-50.64109,0.0,-24.799999999999997,-79.9,70
46.44202,87.5057,0.0,-18.246365,98.89786,0.0,14.100000000000009,94.0,70
-84.424446,99.81955,0.0,16.689596,17.15904,0.0,-86.7,35.20000000000002,70
87.69925,99.556435,0.0,-77.5358,42.616013,0.0,-87.8,75.70000000000002,70
-97.330124,68.01295,0.0,63.28075,-6.298733,0.0,-65.6,55.10000000000002,70
-85.15373,86.79699,0.0,-22.972841,85.34391,0.0,-55.099999999999994,90.10000000000002,70
-44.558384,-93.81556,0.0,96.10773,39.233868,0.0,96.10000000000002,-77.6,70
38.556095,90.583885,0.0,-86.37316,-67.02674,0.0,-84.5,82.30000000000001,70
23.758238,-79.07267,0.0,-97.221054,-85.1296,0.0,-41.099999999999994,-91.2,70
-52.866077,-65.283165,0.0,-95.12029,-7.165969,0.0,-98.1,33.400000000000006,70
-39.29317,-70.70635,0.0,51.365223,95.702065,0.0,-23.099999999999994,81.60000000000002,70
73.12382,92.822296,0.0,-91.81414,44.85095,0.0,-81.2,81.4,70
18.793003,75.95342,0.0,6.719076,83.83735,0.0,1.5,96.60000000000002,70
91.86694,68.559265,0.0,-75.05789,-92.57712,0.0,-14.599999999999994,-62.5,70
15.095634,10.418851,0.0,-30.458925,16.266617,0.0,-3.5999999999999943,25.900000000000006,70
-15.860193,-54.77563,0.0,51.8847,55.341274,0.0,60.70000000000002,28.200000000000017,70
-90.19893,-28.044088,0.0,97.71016,-86.7065,0.0,-82.9,-83.3,70
-33.429794,-17.102179,0.0,-98.18195,52.86495,0.0,-66.0,20.5,70
52.1663,47.19783,0.0,-87.53166,95.1075,0.0,55.400000000000006,78.30000000000001,70
-43.826584,-75.9619,0.0,33.668324,-44.701267,0.0,-36.9,-56.3,70
-53.054855,19.469782,0.0,29.962873,97.31649,0.0,-16.799999999999997,77.10000000000002,70
-98.04653,13.065414,0.0,-96.49419,-21.30563,0.0,-97.4,-4.199999999999989,70
55.12934,-88.35068,0.0,-58.20651,82.23973,0.0,67.80000000000001,82.60000000000002,70
-88.451866,89.221054,0.0,-81.37295,-10.040878,0.0,-91.0,40.900000000000006,70
94.39566,14.414907,0.0,20.54833,-95.989655,0.0,100.0,-79.7,70
55.878304,78.945724,0.0,91.70247,65.70606,0.0,99.9,90.60000000000002,70
-81.97914,89.32444,0.0,16.031301,-43.98798,0.0,-84.5,-25.0,70
-87.75213,-73.88411,0.0,41.83297,-79.29567,0.0,-76.1,-90.7,70
76.00657,94.46198,0.0,-84.293594,24.050117,0.0,-84.3,79.30000000000001,70
-35.485382,-53.677483,0.0,88.59201,29.56362,0.0,-28.599999999999994,20.200000000000003,70
-3.8704793,-54.10753,0.0,37.94709,24.566332,0.0,-46.599999999999994,10.5,70
39.684074,-90.96277,0.0,-37.920643,13.071482,0.0,-22.19999999999999,-81.4,70
13.091278,15.499687,0.0,50.184616,-22.901335,0.0,27.10000000000001,-17.099999999999994,70
-41.489613,-76.66683,0.0,-77.88856,-96.13696,0.0,-54.8,-93.0,70
-39.711777,-44.771095,0.0,40.751488,83.63383,0.0,-39.5,83.80000000000001,70
-33.36721,-74.12957,0.0,59.301537,71.80519,0.0,65.30000000000001,47.0,70
-34.604675,-45.09503,0.0,-45.303883,-52.568817,0.0,-40.8,-46.3,70
-53.0329,-53.092957,0.0,-75.84065,-69.80764,0.0,-42.599999999999994,-65.0,70
38.91975,-91.2544,0.0,34.908768,85.18695,0.0,18.30000000000001,-95.8,70
32.82561,-82.60056,0.0,-39.971172,-75.6783,0.0,-30.599999999999994,-87.6,70
37.27527,34.32941,0.0,-39.730732,73.79425,0.0,-39.699999999999996,17.900000000000006,70
55.78523,11.733667,0.0,17.221724,27.30394,0.0,57.70000000000002,27.700000000000003,70
50.35037,-56.43851,0.0,60.916702,-21.54177,0.0,61.0,-11.299999999999997,70
-38.918114,-88.41062,0.0,-90.73344,45.274868,0.0,-80.4,-83.3,70
40.31616,96.26858,0.0,-86.00018,39.16589,0.0,-84.5,77.80000000000001,70
-29.20774,78.32409,0.0,-36.596176,94.45334,0.0,-33.7,89.4,70
-40.61268,-70.48456,0.0,-61.67226,83.01038,0.0,-48.0,83.0,70
26.847176,29.046246,0.0,55.305313,-27.832111,0.0,60.0,24.60000000000001,70
-4.036951,21.187258,0.0,-2.381117,-40.063385,0.0,-60.5,-12.299999999999997,70
66.76283,-41.835716,0.0,-97.96177,67.2549,0.0,-73.8,-53.599999999999994,70
-21.184925,87.30278,0.0,62.05109,26.715984,0.0,56.900000000000006,83.80000000000001,70
90.67949,74.67461,0.0,-87.62317,-2.163949,0.0,-74.5,9.200000000000003,70
-28.072897,-19.858067,0.0,-23.059982,13.971043,0.0,-36.3,1.2000000000000028,70
51.417973,-79.359344,0.0,14.282367,-17.00855,0.0,43.400000000000006,-84.8,70
13.199787,-45.019543,0.0,-13.186418,27.210428,0.0,26.10000000000001,3.9000000000000057,70
19.606676,-88.50089,0.0,54.278572,-69.015495,0.0,55.20000000000002,-84.8,70
72.993126,-92.1126,0.0,59.59234,-10.9072,0.0,60.70000000000002,-81.1,70
-30.6743,-28.25848,0.0,98.05956,-28.506523,0.0,98.10000000000002,-70.4,70
6.6679606,28.422089,0.0,16.168037,11.520898,0.0,11.600000000000009,16.5,70
15.46138,94.2905,0.0,85.059616,76.08737,0.0,63.5,100.0,70
-79.78416,63.50222,0.0,-13.452809,-77.12956,0.0,-80.0,-78.9,70
-8.164805,96.37572,0.0,53.575996,88.65408,0.0,22.700000000000003,93.5,70
-7.5054464,-97.13865,0.0,-94.47755,-38.489902,0.0,-75.5,-63.699999999999996,70
20.306463,-38.70681,0.0,30.288033,-95.91846,0.0,28.099999999999994,-61.699999999999996,70
-40.30848,6.4714303,0.0,-19.728785,-39.32,0.0,-39.0,-21.69999999999999,70
10.330735,-84.22408,0.0,-35.327404,99.100655,0.0,-45.0,-84.3,70
-11.6394205,16.891869,0.0,65.5435,-61.251743,0.0,51.30000000000001,33.80000000000001,70
41.3932,27.45378,0.0,92.13278,83.10712,0.0,100.0,28.5,70
-53.24873,-37.823574,0.0,42.560913,91.17674,0.0,28.5,84.0,70
-31.059835,51.996284,0.0,-96.50546,6.451485,0.0,-79.6,40.30000000000001,70
-81.81962,13.852471,0.0,-10.418691,-54.922527,0.0,-82.0,8.300000000000011,70
-53.00294,17.99069,0.0,-39.70421,-26.952995,0.0,-36.4,1.5,70
-43.710583,19.629875,0.0,63.90043,94.69946,0.0,-38.8,79.0,70
57.913013,-92.443825,0.0,19.397022,80.39556,0.0,58.0,80.30000000000001,70
63.536407,-61.36656,0.0,-44.93777,-66.64336,0.0,-26.200000000000003,-53.5,70
-50.084175,30.307913,0.0,-94.4564,-87.59097,0.0,-49.8,-83.2,70
-18.40447,-96.12937,0.0,33.443466,-51.947426,0.0,-23.5,-83.4,70
59.901787,-28.946688,0.0,94.4961,-68.367546,0.0,60.5,-45.0,70
26.9818,-87.46408,0.0,66.00672,74.021904,0.0,50.30000000000001,-84.5,70
88.317566,14.201273,0.0,-11.655582,94.78631,0.0,26.200000000000003,68.70000000000002,70
96.58609,53.90358,0.0,-45.390354,-45.94459,0.0,96.60000000000002,-48.9,70
3.7493768,-28.94552,0.0,92.18326,-35.27113,0.0,93.80000000000001,-35.89999999999999,70
93.46547,47.054707,0.0,-49.948406,-79.635086,0.0,-16.5,-92.9,70
-49.263935,71.865685,0.0,-49.22602,-42.372,0.0,-47.3,14.900000000000006,70
-11.030067,97.85076,0.0,-26.50976,93.66954,0.0,-18.799999999999997,95.9,70
35.062603,-48.072704,0.0,81.55133,-75.9321,0.0,79.9,-48.099999999999994,70
91.72727,-76.98338,0.0,3.553918,34.7781,0.0,44.900000000000006,-88.2,70
33.386997,87.876595,0.0,-43.54145,-57.04863,0.0,-12.099999999999994,81.4,70
92.9458,-8.134337,0.0,69.76495,-59.723686,0.0,97.60000000000002,-6.3999999999999915,70
-58.140167,-90.47859,0.0,48.191677,-76.469345,0.0,-3.5999999999999943,-96.3,70
-80.84937,-63.74932,0.0,-28.184385,7.747657,0.0,-76.9,-39.0,70
95.861244,-65.591194,0.0,26.200535,-91.45855,0.0,95.9,-85.4,70
-60.425144,79.046104,0.0,33.76207,-88.73728,0.0,36.70000000000002,-91.8,70
75.410675,7.406127,0.0,-2.109388,99.27354,0.0,43.80000000000001,74.20000000000002,70
-72.69489,90.96138,0.0,-23.900618,80.207535,0.0,-45.0,91.30000000000001,70
-27.2249,93.86856,0.0,-32.86553,49.30329,0.0,-54.0,72.9,70
-84.70361,77.865456,0.0,-76.39938,33.74531,0.0,-95.8,51.099999999999994,70
98.9741,59.710552,0.0,13.618783,7.091718,0.0,90.0,-7.8999999999999915,70
-54.420868,19.84158,0.0,29.00338,-32.330933,0.0,13.5,-29.700000000000003,70
-18.732946,-29.930563,0.0,-46.138504,-79.287025,0.0,-33.3,-54.9,70
44.086975,-92.930954,0.0,-97.24336,41.951878,0.0,-75.2,-78.4,70
0.55894387,-83.82012,0.0,-70.044624,82.06296,0.0,-67.8,81.9,70
3.1366544,11.835158,0.0,88.199326,0.4441038,0.0,78.4,43.70000000000002,70
89.35903,80.23361,0.0,-30.776924,-70.229515,0.0,72.0,86.0,70
-5.6173215,78.46983,0.0,46.746143,88.35775,0.0,21.400000000000006,94.9,70
-76.82317,-35.55922,0.0,-24.535551,-96.83316,0.0,-85.1,-72.9,70
91.03105,-50.488945,0.0,95.414314,53.952362,0.0,100.0,-48.8,70
-5.6863484,78.30047,0.0,-37.47098,-80.44051,0.0,-37.699999999999996,88.5,70
92.95504,19.661531,0.0,-82.59851,-66.97905,0.0,-82.6,38.30000000000001,70
-78.84106,85.69699,0.0,94.55285,-69.308266,0.0,94.9,85.70000000000002,70
9.963916,97.498,0.0,-67.1578,-78.18161,0.0,-27.39999999999999,-88.7,70
-50.96495,43.253956,0.0,-93.89749,82.86267,0.0,-50.9,86.9,70
-80.28837,82.64674,0.0,-27.999163,1.4713659,0.0,-71.1,85.60000000000002,70
52.434093,30.578547,0.0,-36.538193,-93.06271,0.0,-43.199999999999996,6.800000000000011,70
-77.892784,46.657345,0.0,13.113089,29.938168,0.0,-81.4,29.80000000000001,70
13.970288,-97.34554,0.0,-46.303192,-37.180935,0.0,-30.799999999999997,-76.7,70
34.512386,-50.047234,0.0,-6.616125,-85.17223,0.0,17.5,-87.5,70
90.916115,-84.33724,0.0,-81.59711,97.4112,0.0,-89.7,-84.3,70
-40.006134,-5.536388,0.0,3.014848,19.105751,0.0,-23.299999999999997,21.700000000000003,70
59.540558,-74.99223,0.0,-32.786373,-40.004627,0.0,59.5,-52.599999999999994,70
-26.781271,18.738562,0.0,56.76239,-22.775867,0.0,56.80000000000001,32.599999999999994,70
-31.778973,-58.47521,0.0,54.794647,34.19156,0.0,57.80000000000001,-60.4,70
93.267876,98.70077,0.0,73.572815,77.36289,0.0,78.70000000000002,100.0,70
-18.340899,-87.23119,0.0,69.356026,-54.925636,0.0,-6.8999999999999915,-83.7,70
95.09798,87.02723,0.0,67.78145,-11.82457,0.0,66.10000000000002,82.70000000000002,70
-53.509632,-46.57754,0.0,-82.12202,24.928497,0.0,-95.8,13.100000000000009,70
87.46434,22.911327,0.0,79.30981,26.16054,0.0,83.70000000000002,21.80000000000001,70
-75.026985,61.911983,0.0,19.515747,-11.918447,0.0,18.10000000000001,15.800000000000011,70
86.13596,-97.34122,0.0,73.11557,4.2312136,0.0,31.599999999999994,-50.3,70
84.83231,97.62216,0.0,97.80323,-77.5966,0.0,99.70000000000002,78.10000000000002,70
91.92463,92.753456,0.0,48.216545,-48.878273,0.0,100.0,65.0,70
-81.82463,-40.502335,0.0,-41.835846,-64.988556,0.0,-82.0,-55.199999999999996,70
-41.88055,87.51979,0.0,-38.88763,71.07404,0.0,-42.4,80.80000000000001,70
81.55467,30.97729,0.0,96.048416,-56.827007,0.0,96.60000000000002,-10.099999999999994,70
77.68708,9.7051525,0.0,-96.722084,76.91717,0.0,36.400000000000006,100.0,70
-23.937283,-51.674805,0.0,-43.817146,-13.16586,0.0,-32.8,-29.299999999999997,70
-24.150347,-40.95246,0.0,87.57268,30.805126,0.0,-46.0,15.600000000000009,70
-87.62499,5.2482877,0.0,-74.86698,-76.28656,0.0,-100.0,-80.6,70
65.314095,94.923836,0.0,57.995728,77.16047,0.0,62.900000000000006,87.4,70
-52.869755,-4.3262343,0.0,43.595905,31.03903,0.0,-4.8999999999999915,14.200000000000003,70
-95.12482,60.95131,0.0,97.870804,75.14465,0.0,-71.1,19.400000000000006,70
-12.16261,28.581203,0.0,-10.239518,92.76907,0.0,6.700000000000003,30.099999999999994,70
50.760582,-20.353773,0.0,-77.59607,21.155651,0.0,-80.5,13.100000000000009,70
55.27658,-21.428736,0.0,39.077045,-44.17469,0.0,55.5,-45.5,70
64.92843,53.999916,0.0,36.685074,93.71756,0.0,48.70000000000002,82.30000000000001,70
-92.07264,95.58539,0.0,90.831894,-54.58222,0.0,-76.4,88.0,70
-79.30758,18.890371,0.0,-60.850227,91.35776,0.0,-79.4,80.80000000000001,70
-87.89499,-22.994926,0.0,-45.1655,61.61296,0.0,-88.4,24.5,70
64.2433,-93.10707,0.0,24.65087,-99.46911,0.0,44.400000000000006,-96.4,70
50.37844,4.300796,0.0,-52.66467,42.759693,0.0,-27.799999999999997,42.20000000000002,70
-13.439956,30.071012,0.0,-79.44173,49.17659,0.0,-80.9,30.099999999999994,70
-7.2045054,-81.45283,0.0,-54.341576,-12.799287,0.0,-7.699999999999989,-81.9,70
5.647334,-39.241688,0.0,-43.939285,-21.75172,0.0,-17.099999999999994,-42.699999999999996,70
-27.983877,-86.5092,0.0,64.05407,-51.16142,0.0,47.900000000000006,-85.2,70
-51.019505,19.938076,0.0,25.913702,16.272558,0.0,-12.0,18.0,70
-3.2544408,32.40275,0.0,-23.44887,83.81316,0.0,-10.099999999999994,82.0,70
-98.33479,3.1491737,0.0,24.228436,-28.368586,0.0,-74.3,-57.099999999999994,70
-35.63787,-21.391415,0.0,8.861875,91.54991,0.0,-44.0,80.9,70
-28.90679,-96.95605,0.0,95.892426,-43.75642,0.0,95.9,-75.8,70
25.669022,-28.976387,0.0,91.82189,-77.79714,0.0,24.0,-77.5,70
12.843355,-30.39707,0.0,-45.454044,30.183954,0.0,-25.200000000000003,-52.0,70
-85.264946,-53.838062,0.0,-85.0083,-6.6294556,0.0,-86.7,-30.200000000000003,70
-53.77688,10.424981,0.0,78.65648,-82.165955,0.0,29.700000000000017,-82.3,70
-28.506363,26.229965,0.0,-92.62265,-25.635427,0.0,-68.4,-8.599999999999994,70
-4.495961,89.68448,0.0,25.030931,-1.4018226,0.0,-15.399999999999991,77.4,70
2.348657,85.71382,0.0,42.560184,-76.40145,0.0,49.099999999999994,81.9,70
-36.775703,-40.397095,0.0,13.530519,28.113575,0.0,-36.4,5.5,70
92.84127,19.069391,0.0,-2.0790825,81.28125,0.0,100.0,81.30000000000001,70
91.02639,-4.6277246,0.0,96.63028,74.371635,0.0,100.0,31.400000000000006,70
-65.66455,98.93538,0.0,-92.36548,38.916183,0.0,-84.3,77.9,70
-59.220043,-87.69732,0.0,31.493946,33.957603,0.0,-32.7,-76.0,70
26.476675,-94.094345,0.0,64.88998,-49.198452,0.0,45.80000000000001,-80.6,70
-92.22357,-88.89782,0.0,-37.13138,-87.71772,0.0,-65.4,-90.9,70
-54.076084,41.50819,0.0,-97.794556,-49.634594,0.0,-100.0,5.800000000000011,70
-99.14747,61.455864,0.0,-27.340248,-75.21981,0.0,-95.8,-28.5,70
-98.77754,9.217726,0.0,-8.134707,-41.606213,0.0,-75.8,-13.799999999999997,70
-78.13875,-37.823143,0.0,2.5385027,-83.909775,0.0,-78.2,-83.9,70
20.28319,97.589485,0.0,-33.011353,35.62263,0.0,-33.099999999999994,78.9,70
67.200294,-68.24172,0.0,-81.64293,-54.53703,0.0,-87.4,-70.6,70
59.92635,-27.536829,0.0,-61.081047,78.572205,0.0,59.80000000000001,80.60000000000002,70
-44.33637,18.90314,0.0,29.729498,-6.371907,0.0,-35.8,8.700000000000003,70
-44.723003,-99.14353,0.0,56.261837,-27.886427,0.0,56.400000000000006,-73.6,70
81.43996,-89.05631,0.0,-60.222115,-96.2386,0.0,-4.199999999999989,-93.9,70
-85.02287,-40.824757,0.0,-46.929222,-92.70481,0.0,-84.6,-79.8,70
14.191003,12.748066,0.0,-50.66715,56.729866,0.0,-22.0,34.80000000000001,70
-7.3672023,87.56659,0.0,55.937588,19.069593,0.0,56.10000000000002,83.60000000000002,70
-83.38342,50.37326,0.0,24.801613,1.1578096,0.0,-83.4,60.70000000000002,70
-93.78392,88.989655,0.0,-91.0053,2.9225008,0.0,-93.3,45.900000000000006,70
9.628737,-93.82334,0.0,-87.48737,50.98389,0.0,-83.4,-75.0,70
-20.910042,92.05804,0.0,-46.696655,-82.84632,0.0,-21.5,82.9,70
45.703583,23.245369,0.0,-31.79272,-80.25243,0.0,25.5,-95.8,70
93.47926,43.44534,0.0,90.997246,-97.93418,0.0,100.0,-77.0,70
9.487242,11.714115,0.0,35.977196,32.311737,0.0,22.60000000000001,21.60000000000001,70
57.617435,6.051819,0.0,12.199359,80.037346,0.0,57.60000000000002,80.10000000000002,70
-94.26211,73.288284,0.0,-52.1854,17.001362,0.0,-86.3,46.900000000000006,70
-81.092834,15.982301,0.0,88.94489,1.890744,0.0,-90.5,8.100000000000009,70
53.14628,-62.01187,0.0,89.27931,94.21862,0.0,87.10000000000002,79.30000000000001,70
-87.772675,-41.433445,0.0,99.36825,59.782524,0.0,-82.1,-47.4,70
-30.902182,51.516224,0.0,61.391937,24.588385,0.0,54.70000000000002,36.20000000000002,70
48.26778,26.232403,0.0,-16.799774,-86.29211,0.0,-2.5,-87.3,70
44.28499,81.33325,0.0,21.128195,76.12514,0.0,40.400000000000006,92.4,70
68.00122,-72.88891,0.0,-78.59595,-11.697601,0.0,46.20000000000002,-48.599999999999994,70
92.93518,-58.135296,0.0,-82.48333,-51.994892,0.0,99.30000000000001,-71.0,70
-37.35918,65.08171,0.0,65.94435,43.061497,0.0,-36.9,79.5,70
-20.72326,82.00519,0.0,57.994564,-39.0215,0.0,58.0,82.4,70
-89.607155,77.79428,0.0,-45.926815,-96.12515,0.0,-81.6,-79.3,70
59.202503,-26.015778,0.0,85.978516,-91.809616,0.0,61.5,-84.0,70
-50.604675,91.511955,0.0,27.609467,1.840294,0.0,-33.599999999999994,55.5,70
66.37463,91.54036,0.0,-42.36454,-82.701996,0.0,-25.099999999999994,82.5,70
54.84872,-64.46066,0.0,98.92703,98.28816,0.0,79.10000000000002,79.70000000000002,70
66.72044,56.961018,0.0,-53.462807,52.555046,0.0,52.900000000000006,75.70000000000002,70
54.493122,2.78368,0.0,54.038754,28.639206,0.0,63.900000000000006,14.800000000000011,70
67.71198,88.81184,0.0,53.795322,52.2904,0.0,64.4,81.4,70
-72.339424,-85.87506,0.0,-38.02915,-24.737083,0.0,-47.199999999999996,-84.2,70
-90.070885,4.697558,0.0,-45.288166,-29.512072,0.0,-77.8,-15.5,70
97.54395,38.239536,0.0,99.6281,-26.113262,0.0,100.0,6.200000000000003,70
-71.31773,78.38809,0.0,82.73669,-99.11503,0.0,-43.8,92.9,70
-88.607414,0.66391045,0.0,-43.962563,34.77525,0.0,-51.3,5.1000000000000085,70
-34.538776,-21.17679,0.0,34.60494,-85.46555,0.0,1.4000000000000057,-76.6,70
-12.442026,-50.97867,0.0,-93.59839,86.626114,0.0,-83.5,59.20000000000002,70
13.837536,21.957108,0.0,98.32697,-71.096016,0.0,98.30000000000001,40.5,70
92.70122,29.490105,0.0,-93.76643,-77.138306,0.0,-81.4,17.5,70
-61.871365,-93.4378,0.0,-48.999775,-82.35243,0.0,-54.099999999999994,-90.7,70
57.11825,23.006298,0.0,20.44783,-50.78831,0.0,57.5,-42.199999999999996,70
-48.20415,-89.14201,0.0,-18.424734,32.769474,0.0,-33.5,-34.2,70
-96.092766,-13.551501,0.0,63.556313,-26.05863,0.0,57.80000000000001,-20.19999999999999,70
68.37802,12.32756,0.0,28.833736,-35.68033,0.0,54.70000000000002,-14.5,70
-94.37291,50.53205,0.0,-26.070929,-81.60604,0.0,-76.9,-79.7,70
41.08631,82.10371,0.0,88.38105,-94.45106,0.0,3.0,-96.0,70
6.568405,11.442533,0.0,89.409256,12.64393,0.0,45.70000000000002,34.0,70
-86.800995,71.03124,0.0,-11.2177925,98.45991,0.0,-80.0,85.5,70
38.731503,28.262674,0.0,62.484367,47.056274,0.0,54.20000000000002,28.099999999999994,70
-53.899837,-22.50902,0.0,68.981804,44.711227,0.0,-22.89999999999999,8.200000000000003,70
-39.71317,-10.102451,0.0,69.31454,2.3320737,0.0,-13.199999999999989,19.900000000000006,70
91.05621,89.34923,0.0,95.41238,-47.99454,0.0,100.0,77.60000000000002,70
-76.75024,-4.537782,0.0,-89.18543,-51.41297,0.0,-89.9,-29.5,70
50.459778,26.806395,0.0,-26.970997,-91.84095,0.0,-25.200000000000003,-74.1,70
43.379032,20.467934,0.0,-91.01203,47.36284,0.0,-78.3,46.5,70
38.5976,-88.62059,0.0,-92.37437,-61.32754,0.0,-80.4,-83.6,70
6.3710394,15.606044,0.0,-42.103302,-25.700773,0.0,-27.0,22.80000000000001,70
9.836141,-31.736778,0.0,63.208317,59.452873,0.0,54.80000000000001,-66.4,70
89.515755,10.098107,0.0,-40.802044,29.166887,0.0,50.599999999999994,25.60000000000001,70
-48.049366,9.070563,0.0,-44.858967,94.96884,0.0,-39.599999999999994,50.30000000000001,70
-49.03179,-76.965195,0.0,57.04815,57.176952,0.0,57.10000000000002,-100.0,70
83.68242,17.779799,0.0,98.006165,39.561447,0.0,98.10000000000002,24.30000000000001,70
-25.932089,83.33031,0.0,-31.009523,-68.52823,0.0,-54.599999999999994,81.30000000000001,70
-24.05624,-91.35897,0.0,63.899864,-79.500854,0.0,24.10000000000001,-93.6,70
12.498783,80.76316,0.0,51.221737,63.567772,0.0,53.400000000000006,80.70000000000002,70
-19.262854,-46.457115,0.0,-79.939095,87.41299,0.0,-73.6,82.4,70
-9.36773,23.902142,0.0,84.516464,-90.310394,0.0,30.80000000000001,-81.7,70
-19.506084,81.97117,0.0,52.89158,-31.955563,0.0,55.0,82.4,70
92.818054,-12.610324,0.0,-1.9890586,-42.70033,0.0,92.9,-54.099999999999994,70
-41.892002,-3.6695535,0.0,-29.008753,-10.753248,0.0,-37.699999999999996,-6.799999999999997,70
79.58515,32.651302,0.0,-12.037896,-77.45034,0.0,33.70000000000002,-88.6,70
-38.017185,-83.197136,0.0,-27.487095,-30.435831,0.0,-42.8,-62.1,70
-52.702374,-46.480125,0.0,59.45142,34.649914,0.0,59.60000000000002,-43.0,70
-96.43065,36.9462,0.0,15.77657,86.0523,0.0,-76.4,84.30000000000001,70
53.60055,-83.648865,0.0,-41.252083,62.429268,0.0,-26.89999999999999,-83.9,70
28.184612,-76.397514,0.0,50.359234,-11.915901,0.0,31.0,-32.7,70
17.041615,-32.44798,0.0,-92.598656,-20.896212,0.0,-78.0,-58.9,70
-49.434265,-68.23476,0.0,-31.725658,20.295887,0.0,-40.099999999999994,-20.599999999999994,70
21.032024,-12.310044,0.0,52.99169,-81.16395,0.0,27.60000000000001,-82.3,70
-28.985373,23.656473,0.0,27.080122,-34.407047,0.0,9.400000000000006,20.10000000000001,70
77.04477,28.622883,0.0,-86.08567,69.13093,0.0,-85.6,28.599999999999994,70
15.090226,-37.646183,0.0,-37.9969,-74.3975,0.0,-38.0,-50.3,70
-11.44196,93.121025,0.0,38.728947,-78.609726,0.0,-39.4,83.80000000000001,70
-46.802094,-13.882907,0.0,-18.179321,-88.649086,0.0,-26.89999999999999,-82.0,70
54.038223,75.10804,0.0,14.796354,-86.631096,0.0,54.10000000000002,-85.2,70
99.13966,-83.562,0.0,8.413302,-31.896646,0.0,38.70000000000002,-86.2,70
-86.9265,-0.33393764,0.0,-29.510126,-89.32776,0.0,-82.6,-81.2,70
-48.325237,-58.753624,0.0,-91.56962,98.697235,0.0,-48.0,76.9,70
-79.18308,-64.32246,0.0,-31.505217,54.58992,0.0,-79.0,0.6000000000000085,70
-99.89579,51.098377,0.0,-99.93329,-59.25719,0.0,-100.0,-4.099999999999994,70
-10.75544,-44.91393,0.0,-16.72369,-84.00784,0.0,-4.8999999999999915,-44.699999999999996,70
55.4546,78.54424,0.0,-42.58796,-82.55059,0.0,-18.89999999999999,92.5,70
45.401516,91.26382,0.0,26.976305,87.2395,0.0,36.20000000000002,90.9,70
-42.696606,-26.61659,0.0,-86.235825,98.88503,0.0,-47.0,74.5,70
-97.25428,32.85323,0.0,-38.656437,93.40361,0.0,-76.5,79.20000000000002,70
67.10206,-51.96635,0.0,98.217255,-20.965612,0.0,100.0,-56.699999999999996,70
52.055676,7.5310726,0.0,-57.71842,79.62431,0.0,52.20000000000002,80.4,70
-76.21778,-12.229941,0.0,-96.16444,-14.962315,0.0,-97.3,-20.39999999999999,70
-25.723066,83.01553,0.0,88.9164,29.95022,0.0,35.400000000000006,90.4,70
29.9361,-38.744816,0.0,61.13603,-61.32918,0.0,56.80000000000001,-50.8,70
-44.68877,21.775198,0.0,53.605934,9.503984,0.0,55.20000000000002,30.599999999999994,70
-32.679066,-46.029724,0.0,53.936363,60.423973,0.0,55.70000000000002,-48.3,70
-98.121544,-22.286701,0.0,-98.77061,10.778282,0.0,-98.5,-5.799999999999997,70
92.84014,-92.281204,0.0,-7.7891455,-86.41431,0.0,42.70000000000002,-91.7,70
-66.7983,-90.81246,0.0,-85.251976,-81.9495,0.0,-77.2,-89.7,70
23.68425,81.44921,0.0,-73.45387,-99.27601,0.0,-12.699999999999989,-70.8,70
7.3260984,10.733121,0.0,-39.204914,41.257397,0.0,-39.199999999999996,37.099999999999994,70
92.644135,42.890728,0.0,95.767296,-28.557522,0.0,100.0,1.1000000000000085,70
65.50628,58.563095,0.0,-35.966713,-89.57811,0.0,49.80000000000001,-83.0,70
-40.323982,72.50025,0.0,98.425735,20.088835,0.0,-40.0,36.5,70
11.041083,96.20193,0.0,47.449593,27.093775,0.0,82.80000000000001,71.30000000000001,70
-52.906445,-0.6287819,0.0,12.65573,-90.50022,0.0,-6.8999999999999915,-81.9,70
-97.92024,-5.188907,0.0,6.327288,10.631116,0.0,-72.6,42.099999999999994,70
-82.06031,-96.93482,0.0,-99.21262,14.154201,0.0,-96.2,-47.199999999999996,70
-50.64008,55.732655,0.0,-45.695885,61.782494,0.0,-42.199999999999996,57.80000000000001,70
-99.82485,65.3668,0.0,70.6841,-86.54624,0.0,-73.6,-84.2,70
-43.161526,29.015219,0.0,57.67116,19.995035,0.0,56.60000000000002,26.0,70
50.4357,-91.82216,0.0,95.778984,-8.33707,0.0,95.80000000000001,-82.7,70
51.415558,-62.4542,0.0,96.495026,-36.287403,0.0,96.0,-37.9,70
-14.75725,10.779782,0.0,85.7477,-78.88283,0.0,39.599999999999994,-89.1,70
-24.939108,1.8437096,0.0,-29.07052,-10.504161,0.0,-37.9,3.200000000000003,70
15.571074,79.29783,0.0,93.332855,-61.56698,0.0,93.70000000000002,81.4,70
-1.1970152,76.120346,0.0,-85.00776,-65.38639,0.0,-81.8,-71.2,70
90.876076,92.48,0.0,93.82655,4.7056093,0.0,100.0,70.80000000000001,70
64.12746,68.84197,0.0,13.311528,-21.663866,0.0,53.20000000000002,26.5,70
-46.313137,76.079834,0.0,-77.021286,60.628536,0.0,-81.9,100.0,70
64.96478,-67.50359,0.0,-40.32957,-98.78604,0.0,44.099999999999994,-83.7,70
99.767555,-80.59552,0.0,95.95234,16.296543,0.0,100.0,-1.0999999999999943,70
64.45669,71.643936,0.0,-37.6674,74.10064,0.0,9.900000000000006,100.0,70
-36.596252,-47.445045,0.0,94.03092,31.958057,0.0,-34.39999999999999,13.900000000000006,70
11.931403,12.401977,0.0,58.335537,-28.785343,0.0,58.30000000000001,43.20000000000002,70
-30.024406,-87.47827,0.0,-47.43055,-30.66128,0.0,-41.3,-77.6,70
-80.78602,-2.0033934,0.0,-21.69221,90.1023,0.0,-80.8,78.10000000000002,70
8.416013,88.01971,0.0,-91.21962,81.94157,0.0,-47.699999999999996,94.5,70
26.837002,14.2008705,0.0,-47.957165,77.78089,0.0,-31.39999999999999,44.30000000000001,70
-15.340551,9.311797,0.0,1.6704854,85.171265,0.0,-21.099999999999994,89.0,70
-82.50435,1.2232081,0.0,-4.2910976,-54.470463,0.0,-82.8,8.100000000000009,70
42.540405,93.95772,0.0,-41.17316,10.9740925,0.0,-38.699999999999996,80.10000000000002,70
-87.365875,-77.11224,0.0,95.0374,33.034863,0.0,-68.4,-97.9,70
42.493286,92.68874,0.0,-29.234339,83.56991,0.0,6.700000000000003,90.4,70
-32.228233,-72.02425,0.0,29.426123,87.48309,0.0,-58.099999999999994,84.4,70
82.02121,15.489173,0.0,81.27162,-78.281876,0.0,91.4,6.700000000000003,70
65.7287,65.427605,0.0,63.847843,31.486698,0.0,59.60000000000002,47.099999999999994,70
-32.35438,-87.18469,0.0,50.582863,-27.809015,0.0,-13.5,-77.0,70
25.430298,-4.109084,0.0,-90.50299,-13.479842,0.0,-78.9,-6.3999999999999915,70
-88.48536,-31.769442,0.0,98.317535,-92.11969,0.0,-83.9,-78.6,70
69.494835,50.557392,0.0,38.98841,-78.88185,0.0,11.800000000000011,-78.9,70
-33.326687,-65.59705,0.0,18.48907,75.973175,0.0,-40.599999999999994,-12.199999999999989,70
18.700272,97.925545,0.0,38.05184,-76.79051,0.0,-7.8999999999999915,78.20000000000002,70
95.769714,-11.15501,0.0,-15.133226,79.0105,0.0,95.30000000000001,79.10000000000002,70
13.895006,-31.879662,0.0,19.628038,9.205727,0.0,23.900000000000006,-17.799999999999997,70
94.6039,-78.92977,0.0,-33.89193,28.432247,0.0,100.0,25.400000000000006,70
68.009445,18.568678,0.0,-91.078316,82.55877,0.0,49.30000000000001,82.60000000000002,70
-11.030883,26.508202,0.0,-41.1602,45.409264,0.0,-40.599999999999994,26.5,70
77.22619,96.41138,0.0,30.109783,29.073061,0.0,38.70000000000002,28.80000000000001,70
-86.399414,49.976418,0.0,12.373632,-26.68648,0.0,-96.3,48.30000000000001,70
-46.128963,-23.415075,0.0,-93.218506,70.813225,0.0,-48.5,100.0,70
6.7129602,-90.41467,0.0,-41.86035,-5.1509986,0.0,-6.599999999999994,-76.6,70
-37.213737,-65.5436,0.0,59.50956,-13.1204,0.0,-42.599999999999994,-42.9,70
-75.670006,71.201996,0.0,91.23518,25.852495,0.0,33.70000000000002,30.400000000000006,70
-49.067764,-16.896097,0.0,-80.62522,45.80062,0.0,-48.099999999999994,28.80000000000001,70
93.91809,71.88445,0.0,-3.8956404,13.701623,0.0,94.30000000000001,43.099999999999994,70
-17.139084,-34.04483,0.0,85.62057,30.464022,0.0,44.099999999999994,-48.8,70
-8.763077,-47.65745,0.0,-30.759237,59.85682,0.0,-58.3,8.600000000000009,70
94.9861,6.3575006,0.0,64.23322,-10.323635,0.0,64.30000000000001,12.300000000000011,70
94.617325,97.75393,0.0,31.532547,-99.40482,0.0,100.0,-80.9,70
90.147484,34.112694,0.0,-32.38081,-87.00101,0.0,-11.5,-85.0,70
55.003952,59.43893,0.0,44.939346,34.88618,0.0,71.4,67.20000000000002,70
-86.29663,-82.81356,0.0,15.097706,-16.41992,0.0,-7.699999999999989,-87.5,70
-33.040195,89.488976,0.0,93.52864,57.014717,0.0,93.5,84.20000000000002,70
27.713451,-37.313583,0.0,-45.76973,-0.73040074,0.0,-27.89999999999999,-28.5,70
-81.23284,38.677856,0.0,46.694054,81.424774,0.0,-81.5,81.5,70
-34.602364,77.07045,0.0,37.423477,83.73363,0.0,-19.599999999999994,91.30000000000001,70
-15.489874,-46.93142,0.0,-99.549515,-28.311045,0.0,-75.7,-32.8,70
58.38464,39.76588,0.0,-88.30672,5.8645434,0.0,57.20000000000002,29.200000000000017,70
96.04175,-72.62108,0.0,39.245926,21.697763,0.0,96.10000000000002,44.0,70
4.1455913,-29.870571,0.0,-46.897686,48.42754,0.0,-24.5,-51.699999999999996,70
94.84504,69.70629,0.0,-51.624035,99.70247,0.0,94.9,81.70000000000002,70
-29.6519,28.373447,0.0,10.163571,8.593565,0.0,-4.3999999999999915,20.60000000000001,70
25.113186,-98.03526,0.0,-24.642868,-4.1730824,0.0,29.5,-65.5,70
42.469913,-85.97714,0.0,14.840008,-91.95979,0.0,28.599999999999994,-90.7,70
43.088852,-48.99794,0.0,-23.717072,-27.934113,0.0,-9.299999999999997,-43.099999999999994,70
33.74777,-79.27589,0.0,-31.93549,-6.8618565,0.0,-21.89999999999999,-79.7,70
42.425335,-78.478355,0.0,52.170235,75.570175,0.0,76.9,-83.4,70
19.592287,-7.9915156,0.0,-1.1577511,77.64922,0.0,2.3000000000000114,50.400000000000006,70
62.85476,-56.417118,0.0,-51.84409,42.756294,0.0,59.0,-20.69999999999999,70
-96.58298,22.421705,0.0,-88.92693,86.790955,0.0,-94.4,54.70000000000002,70
20.291054,-7.2528677,0.0,54.170567,-10.494418,0.0,21.200000000000003,-7.8999999999999915,70
-21.650963,4.8131404,0.0,1.4642811,23.144667,0.0,-36.4,23.10000000000001,70
62.053806,17.500366,0.0,-52.890736,9.0042095,0.0,57.5,28.80000000000001,70
93.53681,74.62593,0.0,-59.230152,-88.00798,0.0,96.60000000000002,-83.0,70
-80.562805,42.410347,0.0,-88.18519,-45.02083,0.0,-89.7,-0.29999999999999716,70
-44.85215,7.159968,0.0,-40.395443,-54.643257,0.0,-42.099999999999994,-23.700000000000003,70
-52.472862,11.5397625,0.0,67.97925,72.000496,0.0,42.80000000000001,42.400000000000006,70
-15.595763,26.396196,0.0,-87.74694,-78.13452,0.0,-75.8,-58.199999999999996,70
98.65131,-28.458033,0.0,-10.110998,-50.724678,0.0,98.70000000000002,-39.699999999999996,70
97.58339,-12.262044,0.0,60.739376,4.52832,0.0,97.4,18.700000000000003,70
9.974689,-51.374588,0.0,58.98971,77.02058,0.0,59.10000000000002,-41.599999999999994,70
-21.200161,-22.895391,0.0,69.826195,8.532735,0.0,54.70000000000002,25.900000000000006,70
-66.97435,-90.97661,0.0,64.471954,-6.9182987,0.0,44.20000000000002,-80.1,70
83.67586,14.785739,0.0,90.776085,-81.316376,0.0,100.0,2.1000000000000085,70
-19.21754,15.582552,0.0,-42.954983,-82.65554,0.0,-40.699999999999996,-3.0,70
52.242954,-22.797033,0.0,-79.19271,21.47688,0.0,53.0,-47.199999999999996,70
55.69533,32.045235,0.0,-40.93923,90.95417,0.0,59.400000000000006,81.30000000000001,70
53.551,-96.703735,0.0,8.362386,-80.25072,0.0,29.5,-92.1,70
-30.230196,-21.666538,0.0,-38.100456,75.11867,0.0,-45.5,18.5,70
-34.73727,89.22846,0.0,-49.91069,-6.0483384,0.0,-49.8,48.70000000000002,70
-52.360874,-33.06722,0.0,-55.833294,95.27104,0.0,-27.299999999999997,40.599999999999994,70
-0.56515926,15.094169,0.0,38.960598,83.919014,0.0,1.0,40.900000000000006,70
-85.570885,51.923832,0.0,-52.60793,-96.56833,0.0,-85.0,-77.9,70
50.85451,-57.12289,0.0,-88.054436,83.29251,0.0,74.10000000000002,83.30000000000001,70
1.696561,18.197525,0.0,65.29666,52.064743,0.0,47.70000000000002,34.400000000000006,70
-52.211952,-64.009766,0.0,-66.61335,99.550934,0.0,-21.89999999999999,55.70000000000002,70
78.00167,19.315556,0.0,0.251962,-40.808193,0.0,59.5,15.700000000000003,70
77.12975,2.3628502,0.0,-22.947456,91.78542,0.0,34.599999999999994,79.9,70
-13.670399,18.273613,0.0,-5.037966,93.67956,0.0,5.6000000000000085,29.099999999999994,70
53.00767,50.70829,0.0,-78.18667,-23.975243,0.0,61.5,55.30000000000001,70
57.4091,-82.39224,0.0,16.655346,-98.25309,0.0,39.20000000000002,-94.1,70
93.63877,32.146584,0.0,-36.212803,21.151823,0.0,30.700000000000017,22.200000000000003,70
98.116066,-83.43649,0.0,61.648182,-79.008514,0.0,76.60000000000002,-90.3,70
-36.41326,92.99117,0.0,-42.501827,-11.495146,0.0,-43.9,56.900000000000006,70
25.82354,8.665803,0.0,98.49709,-25.331974,0.0,100.0,4.6000000000000085,70
-83.858955,34.49191,0.0,64.47342,-76.98972,0.0,-83.9,-100.0,70
81.55509,81.809525,0.0,77.5973,23.23855,0.0,81.10000000000002,22.10000000000001,70
8.115392,30.43756,0.0,-93.1703,-57.505512,0.0,-81.0,-31.799999999999997,70
-53.4263,4.92471,0.0,66.34777,66.748474,0.0,43.70000000000002,50.80000000000001,70
58.527615,-50.38718,0.0,9.0556345,-39.07049,0.0,21.900000000000006,-44.8,70
-39.841488,74.37487,0.0,17.434938,-48.50165,0.0,-39.9,-24.099999999999994,70
67.735565,54.91611,0.0,79.89462,11.442158,0.0,47.400000000000006,40.70000000000002,70
-72.59763,-98.89451,0.0,11.564118,-83.292366,0.0,-30.599999999999994,-92.1,70
88.40892,86.285385,0.0,-89.24051,-22.596087,0.0,-82.5,85.30000000000001,70
-57.492474,89.1836,0.0,-74.82654,-91.355804,0.0,-100.0,86.0,70
61.601116,-36.891594,0.0,50.26757,-39.552887,0.0,63.10000000000002,-24.099999999999994,70
17.870861,10.97798,0.0,-52.881767,18.766876,0.0,-5.0,26.30000000000001,70
-41.779896,-19.218641,0.0,-70.67283,-82.43835,0.0,-45.199999999999996,-82.4,70
51.49652,59.603603,0.0,-78.184494,-41.09271,0.0,-91.8,-36.0,70
-77.20153,28.532602,0.0,-85.54745,-52.39847,0.0,-86.5,-12.399999999999991,70
-54.573944,-45.31751,0.0,27.864424,25.957087,0.0,8.900000000000006,12.0,70
-48.434433,-95.85755,0.0,-27.159176,97.86104,0.0,-20.799999999999997,81.60000000000002,70
28.694197,95.37664,0.0,85.42454,1.0596929,0.0,46.400000000000006,82.5,70
81.856735,-96.6389,0.0,-97.68541,-4.970188,0.0,-75.9,-74.3,70
40.39216,-92.13211,0.0,-10.322665,99.7453,0.0,21.80000000000001,-83.5,70
72.6149,6.6330595,0.0,56.45619,31.79808,0.0,64.5,20.400000000000006,70
64.47898,-82.626175,0.0,12.569774,-52.33589,0.0,52.0,-50.8,70
-24.694113,-79.73166,0.0,-27.409817,96.050354,0.0,-74.2,-80.5,70
86.77651,-79.52826,0.0,89.29691,-95.31142,0.0,87.9,-89.7,70
-80.65672,49.195854,0.0,94.575005,-81.20094,0.0,-80.9,-81.4,70
15.98094,-47.09223,0.0,79.66232,-90.149666,0.0,33.20000000000002,-50.0,70
-17.979536,-30.0558,0.0,8.085364,9.307738,0.0,-11.0,-36.4,70
-46.32732,-59.614975,0.0,-91.01561,92.541565,0.0,-46.3,80.0,70
57.391705,11.456585,0.0,-24.463514,18.678288,0.0,56.900000000000006,32.70000000000002,70
98.36401,-51.429535,0.0,68.90186,-0.75023234,0.0,97.4,40.900000000000006,70
-22.344967,-31.967276,0.0,-60.574417,-95.28755,0.0,-27.89999999999999,-61.4,70
-95.548935,75.230515,0.0,-73.21052,80.874565,0.0,-85.7,82.0,70
76.32803,6.0031,0.0,-49.44937,-39.058258,0.0,-13.799999999999997,-43.3,70
92.70845,-33.12785,0.0,-9.035644,-95.00699,0.0,93.20000000000002,-77.8,70
-81.26205,42.923824,0.0,31.860912,-82.16518,0.0,-81.3,-82.7,70
-32.544662,88.424736,0.0,-97.18451,-84.028824,0.0,-73.0,82.5,70
-89.55963,79.73386,0.0,42.160522,92.64573,0.0,-52.099999999999994,97.4,70
-37.337284,41.020893,0.0,22.810934,-43.768913,0.0,-29.299999999999997,-36.4,70
81.752014,7.9285436,0.0,42.746048,85.16,0.0,35.900000000000006,79.9,70
44.646137,30.238314,0.0,-41.15191,18.468252,0.0,1.2000000000000028,23.900000000000006,70
-36.34359,-95.19777,0.0,66.023994,57.187183,0.0,50.30000000000001,-78.4,70
10.273801,-79.29829,0.0,54.552948,9.533783,0.0,54.60000000000002,-79.3,70
-55.200172,91.333374,0.0,94.020065,85.856735,0.0,-5.299999999999997,92.0,70
-26.459702,17.358196,0.0,10.2845955,-83.07774,0.0,-50.9,-83.1,70
45.722797,-47.663624,0.0,-19.511393,-41.08634,0.0,11.700000000000003,-46.9,70
48.49892,-81.66471,0.0,-76.180595,44.639427,0.0,51.20000000000002,-80.8,70
-28.967817,-49.685837,0.0,96.558365,-89.185005,0.0,100.0,-49.5,70
25.366285,94.25229,0.0,-59.837555,75.33282,0.0,4.1000000000000085,100.0,70
60.889385,9.794467,0.0,-83.38289,-93.01114,0.0,58.400000000000006,-78.2,70
59.81097,-71.3632,0.0,-30.352173,21.148438,0.0,59.80000000000001,31.30000000000001,70
-36.007687,-86.351944,0.0,-7.2295003,-51.290634,0.0,-43.199999999999996,-49.699999999999996,70
-76.64358,-66.029724,0.0,63.016945,69.67321,0.0,54.5,7.300000000000011,70
-12.288185,27.558426,0.0,-18.778666,6.21166,0.0,-32.39999999999999,18.900000000000006,70
67.31811,89.35293,0.0,67.450966,-28.81007,0.0,50.0,49.70000000000002,70
92.24801,-81.98632,0.0,-32.880787,86.02578,0.0,-61.4,-82.0,70
0.38679498,22.914656,0.0,-48.561974,14.125477,0.0,-24.0,20.200000000000003,70
-27.056953,-92.8227,0.0,49.49697,93.73346,0.0,76.20000000000002,-78.0,70
86.7686,10.40062,0.0,98.10495,-70.59469,0.0,100.0,6.800000000000011,70
99.18991,2.6084092,0.0,-51.54767,-30.618307,0.0,99.20000000000002,-55.4,70
-93.37525,83.81982,0.0,75.207,31.97478,0.0,-80.3,31.900000000000006,70
-6.4781933,13.505229,0.0,28.998339,-88.33909,0.0,42.900000000000006,-77.7,70
-76.23065,41.664852,0.0,-83.811195,51.583427,0.0,-94.4,56.5,70
-27.641794,-9.07039,0.0,-46.501915,-67.201996,0.0,-38.0,-36.599999999999994,70
96.988014,99.684814,0.0,-85.53544,54.36498,0.0,-84.8,78.0,70
44.641506,-99.79061,0.0,70.19245,9.17204,0.0,38.099999999999994,-85.4,70
52.583683,29.06393,0.0,5.3383865,-40.60072,0.0,71.30000000000001,-57.099999999999994,70
-47.88176,40.356544,0.0,-32.430122,26.237373,0.0,-41.199999999999996,30.5,70
-75.14595,86.8572,0.0,31.502544,21.885033,0.0,-25.099999999999994,87.10000000000002,70
-31.843233,82.585724,0.0,7.687315,86.67353,0.0,-12.599999999999994,88.0,70
29.17923,-95.58255,0.0,-39.56593,-66.90254,0.0,-39.099999999999994,-82.1,70
-26.419397,7.9897137,0.0,13.446217,8.175117,0.0,-7.599999999999994,25.80000000000001,70
-48.59493,85.78433,0.0,53.290565,-52.966972,0.0,-30.89999999999999,-26.700000000000003,70
10.011218,22.121147,0.0,94.15368,91.66594,0.0,100.0,38.5,70
-80.955574,40.659286,0.0,91.58464,-55.912384,0.0,-80.9,61.80000000000001,70
95.42428,-88.9936,0.0,18.835785,88.78278,0.0,100.0,80.0,70
-80.28257,-69.13186,0.0,63.764584,-24.18197,0.0,57.0,-60.8,70
-49.69536,-28.328161,0.0,-54.669712,91.2315,0.0,-42.8,74.9,70
-70.26421,-99.66316,0.0,91.22656,-20.69891,0.0,-41.0,-87.5,70
-25.801455,92.70406,0.0,27.729023,81.00791,0.0,2.0,92.30000000000001,70
62.074303,93.190384,0.0,-77.52469,-31.713873,0.0,-81.0,80.20000000000002,70
58.443676,-80.76969,0.0,29.972433,33.4583,0.0,51.0,-99.2,70
-39.622257,-90.436646,0.0,37.8777,84.90171,0.0,-30.799999999999997,84.9,70
-41.305447,-90.309395,0.0,93.88631,-57.852463,0.0,93.9,-81.8,70
0.36448035,95.106575,0.0,-62.47626,93.37419,0.0,-31.0,94.70000000000002,70
-50.551624,53.082092,0.0,65.60418,90.33423,0.0,-17.0,80.80000000000001,70
-26.060293,-41.5311,0.0,-29.019993,-35.816753,0.0,-27.599999999999994,-38.599999999999994,70
-35.827667,-76.26255,0.0,-93.79935,-97.28347,0.0,-66.1,-88.0,70
-85.43844,-9.498649,0.0,-46.56598,-5.1800427,0.0,-82.1,-2.3999999999999915,70
-99.47739,15.2869,0.0,-91.045105,-17.37303,0.0,-95.4,-1.0999999999999943,70
-54.02441,98.1,0.0,-41.572937,-15.932426,0.0,-43.0,70.60000000000002,70
-85.71319,-69.034454,0.0,-87.07572,76.47656,0.0,-88.3,24.400000000000006,70
-77.16437,-75.37148,0.0,-94.36667,-30.662357,0.0,-96.1,-52.099999999999994,70
-78.70855,-90.9261,0.0,34.693504,80.44954,0.0,-100.0,80.5,70
-2.700774,11.509566,0.0,9.477519,75.5652,0.0,2.9000000000000057,49.0,70
54.3092,-27.59977,0.0,55.195568,-90.797134,0.0,62.80000000000001,-63.0,70
-96.400925,28.314592,0.0,-80.06052,37.679554,0.0,-91.7,32.5,70
-29.26983,-80.96119,0.0,57.727123,-6.4667053,0.0,58.10000000000002,-81.0,70
-94.253265,-67.46017,0.0,-92.26789,98.21087,0.0,-94.1,60.30000000000001,70
-40.36208,-81.90992,0.0,19.426111,-51.99942,0.0,-39.4,-51.9,70
-88.73274,56.083176,0.0,58.396362,-2.8913631,0.0,-82.6,61.60000000000002,70
-39.154037,45.21203,0.0,-55.623493,80.16118,0.0,-46.099999999999994,81.10000000000002,70
62.469288,-96.010956,0.0,93.53472,-81.55815,0.0,79.60000000000002,-92.4,70
-60.97339,79.605354,0.0,91.87143,41.91012,0.0,100.0,93.70000000000002,70
52.72158,25.386501,0.0,-99.013565,-63.267033,0.0,-74.1,25.900000000000006,70
-95.043976,95.20995,0.0,-24.314669,-42.03064,0.0,-66.1,77.30000000000001,70
5.047609,87.29492,0.0,-76.752045,40.525757,0.0,-81.7,83.20000000000002,70
99.652855,-46.02013,0.0,18.12111,91.13501,0.0,99.30000000000001,76.60000000000002,70
42.953365,-85.74492,0.0,77.33116,27.7828,0.0,36.099999999999994,-85.8,70
-44.136684,42.608276,0.0,-53.31339,-76.47068,0.0,-30.700000000000003,6.6000000000000085,70
-21.518387,-89.65307,0.0,9.998066,31.699486,0.0,31.5,-78.4,70
-86.451416,29.681032,0.0,58.220306,9.688037,0.0,58.20000000000002,13.100000000000009,70
18.37101,-24.614813,0.0,62.40921,-93.03252,0.0,30.599999999999994,-70.8,70
-31.399263,85.29245,0.0,-83.93601,23.670013,0.0,-84.1,84.4,70
-66.04233,83.675606,0.0,18.523024,14.506816,0.0,-68.0,34.80000000000001,70
-27.970516,-48.56108,0.0,-61.210667,91.76671,0.0,-54.699999999999996,80.60000000000002,70
-7.1956015,77.82533,0.0,6.751344,-76.15711,0.0,9.600000000000009,-100.0,70
27.131765,-80.29808,0.0,38.851852,-90.80718,0.0,33.400000000000006,-90.2,70
58.16089,-80.33558,0.0,-36.528706,-60.99834,0.0,-36.5,-92.0,70
57.290924,44.651905,0.0,-92.30504,-13.862065,0.0,67.60000000000002,49.599999999999994,70
-2.4252136,78.96684,0.0,45.011734,77.53046,0.0,27.80000000000001,91.80000000000001,70
-97.033905,-38.026447,0.0,71.2863,10.796823,0.0,-84.3,-52.8,70
-39.111465,66.30901,0.0,-34.385326,97.706856,0.0,-39.4,83.5,70
88.498,81.46522,0.0,58.50755,-13.414989,0.0,63.900000000000006,81.5,70
54.400177,70.45206,0.0,-77.769226,-20.428827,0.0,-84.4,7.5,70
5.8367243,-99.16964,0.0,-29.254566,30.278475,0.0,-30.39999999999999,-74.7,70
6.9374146,82.85154,0.0,-34.747684,-23.785902,0.0,-44.3,82.9,70
-47.479393,22.079784,0.0,98.37765,-20.935438,0.0,97.80000000000001,31.5,70
54.571125,71.464424,0.0,12.347467,17.732725,0.0,55.10000000000002,37.70000000000002,70
27.659224,88.69137,0.0,90.12685,-84.34579,0.0,30.400000000000006,83.10000000000002,70
-48.51388,27.423336,0.0,-73.8762,-78.92364,0.0,-48.199999999999996,-79.3,70
-80.48153,16.258253,0.0,65.65486,-3.8604107,0.0,-95.8,36.0,70
64.64516,17.979052,0.0,-18.941368,20.347115,0.0,52.80000000000001,31.700000000000017,70
-82.504105,-71.6536,0.0,55.667076,59.102108,0.0,-86.2,16.60000000000001,70
-90.07908,-31.046247,0.0,-47.666397,-33.70485,0.0,-51.4,-39.9,70
85.90032,21.713589,0.0,-13.544417,90.72465,0.0,18.200000000000003,80.80000000000001,70
-44.828835,15.530588,0.0,88.46321,79.76455,0.0,-36.4,79.80000000000001,70
-19.143332,-77.88544,0.0,93.23313,66.12737,0.0,95.10000000000002,-77.9,70
-85.5781,-68.85388,0.0,-98.75978,-11.58883,0.0,-93.0,-40.3,70
-95.57895,-48.13311,0.0,-91.80291,28.725288,0.0,-94.2,-9.799999999999997,70
74.542175,2.3960898,0.0,-14.474627,-54.005093,0.0,49.400000000000006,5.6000000000000085,70
68.221,-21.007956,0.0,67.440285,66.4382,0.0,56.400000000000006,23.30000000000001,70
-72.48376,90.80911,0.0,12.241725,12.098756,0.0,-98.2,53.80000000000001,70
87.12438,80.29993,0.0,-36.64822,-39.400692,0.0,-41.8,80.30000000000001,70
-46.117645,30.410213,0.0,40.39228,87.834465,0.0,-34.2,84.0,70
-84.105484,-76.90587,0.0,-35.689205,-6.925663,0.0,-55.8,-93.6,70
99.17618,-89.95399,0.0,51.223846,-53.40564,0.0,75.5,-82.1,70
-1.3902574,-39.668713,0.0,81.12991,5.420086,0.0,74.9,7.1000000000000085,70
51.228207,-35.37944,0.0,-59.65139,99.88509,0.0,-25.799999999999997,83.10000000000002,70
95.30504,-9.271321,0.0,14.252992,-84.62741,0.0,95.30000000000001,-83.6,70
-24.158,-47.156033,0.0,14.3580065,-26.05949,0.0,0.8000000000000114,-41.9,70
-63.751106,-80.37357,0.0,-20.18601,90.8715,0.0,-42.699999999999996,-81.0,70
52.837463,3.9223964,0.0,20.496777,-51.48445,0.0,58.20000000000002,-40.8,70
31.955736,-88.263535,0.0,50.596302,-32.85957,0.0,61.20000000000002,-82.3,70
7.006958,-85.45601,0.0,36.542297,-97.05964,0.0,21.5,-92.8,70
80.1779,-87.463455,0.0,89.50465,-85.16874,0.0,84.80000000000001,-87.7,70
-32.136677,61.52616,0.0,-38.39477,50.73489,0.0,-54.4,52.5,70
68.226135,-64.96412,0.0,-38.700356,-14.394651,0.0,37.099999999999994,-81.6,70
3.5661469,-51.99361,0.0,-89.345116,-68.70605,0.0,-82.4,-48.599999999999994,70
-42.809067,53.357216,0.0,97.88538,-7.3435073,0.0,92.80000000000001,29.80000000000001,70
-7.203215,-89.788185,0.0,57.09288,34.20922,0.0,57.10000000000002,-80.9,70
-88.1152,-92.95745,0.0,-95.80004,3.2450006,0.0,-94.4,-45.5,70
-80.82174,4.9599457,0.0,-28.153599,16.041437,0.0,-38.699999999999996,12.800000000000011,70
54.1684,-56.863655,0.0,94.30893,-21.589361,0.0,100.0,-42.699999999999996,70
30.650972,-84.57251,0.0,-23.727793,-36.61647,0.0,-56.0,-80.0,70
63.82667,-49.88424,0.0,0.045349173,21.53707,0.0,54.0,31.80000000000001,70
-21.341803,86.57269,0.0,3.2597797,-84.907036,0.0,-32.599999999999994,-95.1,70
55.6937,-46.72488,0.0,-79.46678,89.65185,0.0,55.70000000000002,83.30000000000001,70
-37.232803,75.36843,0.0,-36.4302,-34.514,0.0,-43.599999999999994,19.400000000000006,70
53.04271,23.185425,0.0,-68.17081,80.76315,0.0,60.5,82.10000000000002,70
61.86687,-94.2303,0.0,95.80308,-75.211525,0.0,94.80000000000001,-89.5,70
-78.36864,93.50543,0.0,-44.933968,69.44759,0.0,-47.0,83.80000000000001,70
59.96465,-34.300236,0.0,-39.516273,61.71028,0.0,60.10000000000002,29.0,70
73.40714,-79.888626,0.0,59.466656,31.687027,0.0,60.900000000000006,-80.9,70
-42.661686,13.647306,0.0,-25.181753,13.502065,0.0,-34.099999999999994,13.700000000000003,70
-36.867413,68.88191,0.0,75.71182,87.1969,0.0,-36.9,87.10000000000002,70
-44.811478,-82.62007,0.0,-65.732506,79.927216,0.0,-44.8,81.10000000000002,70
-1.9623021,-46.22932,0.0,56.124123,-89.125725,0.0,63.30000000000001,-48.9,70
-29.957859,29.70201,0.0,5.4639525,-86.24078,0.0,-32.2,-84.3,70
50.28482,9.704179,0.0,-92.941986,-23.951897,0.0,-81.4,-4.599999999999994,70
99.57072,-84.329605,0.0,50.22178,17.804384,0.0,99.60000000000002,-6.5,70
60.55906,-53.959827,0.0,22.950731,-40.893738,0.0,54.70000000000002,-61.4,70
-6.7641916,-83.15063,0.0,-81.36302,55.679604,0.0,-81.4,-83.1,70
-92.66691,-49.540707,0.0,-26.538034,87.98559,0.0,-77.1,81.10000000000002,70
-39.08252,75.92779,0.0,59.846924,44.375122,0.0,59.60000000000002,100.0,70
29.429186,18.368406,0.0,-48.77801,-40.422577,0.0,-23.799999999999997,-33.599999999999994,70
56.012707,-29.766663,0.0,39.64168,-42.033394,0.0,56.20000000000002,-49.699999999999996,70
28.931847,-91.68354,0.0,-42.812428,-46.447002,0.0,-37.8,-80.8,70
-9.96527,96.336044,0.0,-81.286995,-13.711317,0.0,-81.3,68.60000000000002,70
54.538586,85.09802,0.0,34.460537,-86.36098,0.0,64.30000000000001,-84.5,70
-57.190018,80.74729,0.0,56.122875,-40.671684,0.0,56.20000000000002,81.80000000000001,70
-78.944756,-96.941986,0.0,-45.97301,-18.113176,0.0,-46.0,-77.2,70
63.277256,19.785097,0.0,-46.15535,14.839814,0.0,51.80000000000001,32.70000000000002,70
5.1160803,87.41951,0.0,94.34155,42.07315,0.0,100.0,83.80000000000001,70
51.32942,96.84648,0.0,-33.203854,85.74175,0.0,8.900000000000006,93.0,70
-82.1247,-18.38769,0.0,-36.88542,-46.419266,0.0,-84.7,-48.3,70
-14.199678,91.2658,0.0,-29.620098,9.212709,0.0,-55.8,75.70000000000002,70
-26.983974,-53.680996,0.0,-95.915,77.292885,0.0,-80.4,32.70000000000002,70
91.89091,-45.16669,0.0,58.37037,-78.45528,0.0,100.0,-99.5,70
-84.72952,37.40921,0.0,-25.00971,-0.75432813,0.0,-84.7,30.099999999999994,70
-49.12854,-62.09924,0.0,-43.589664,20.412485,0.0,-37.099999999999994,-17.39999999999999,70
-92.55565,67.20346,0.0,-99.53245,-4.6442018,0.0,-96.2,31.30000000000001,70
-95.9995,68.98079,0.0,47.100986,-95.17703,0.0,-76.4,-77.2,70
-77.363365,-66.137535,0.0,95.063576,71.79698,0.0,99.9,8.900000000000006,70
62.86623,97.759964,0.0,88.59441,-85.06643,0.0,60.80000000000001,-85.0,70
89.07108,94.82542,0.0,58.1164,56.752674,0.0,66.0,82.10000000000002,70
-84.60185,-60.82695,0.0,-51.473717,76.95658,0.0,-82.9,100.0,70
-3.1622605,-50.60547,0.0,95.554245,-90.29711,0.0,100.0,-49.9,70
6.6815233,20.538313,0.0,29.550823,2.4011083,0.0,-4.3999999999999915,23.80000000000001,70
92.85533,-42.86894,0.0,38.99755,75.12852,0.0,92.9,44.0,70
-78.95928,20.438326,0.0,-79.73884,69.634445,0.0,-91.0,40.599999999999994,70
97.64377,36.338024,0.0,-35.102955,-32.176044,0.0,97.70000000000002,-63.0,70
93.732956,-86.65144,0.0,-68.79231,89.609276,0.0,100.0,83.10000000000002,70
-94.38649,99.2304,0.0,-71.11526,75.931725,0.0,-82.8,87.60000000000002,70
54.582886,-83.7776,0.0,-75.75923,18.422436,0.0,-2.1999999999999886,-89.4,70
-88.91642,-93.809906,0.0,88.726654,-97.77918,0.0,54.400000000000006,-97.4,70
-26.658644,21.04413,0.0,-61.638718,79.384186,0.0,-71.2,80.20000000000002,70
22.62858,-3.208155,0.0,-99.40879,39.6557,0.0,23.5,5.700000000000003,70
52.87947,-48.631016,0.0,51.54797,-93.17121,0.0,65.60000000000002,-61.4,70
63.346878,56.200447,0.0,59.46614,-60.918056,0.0,59.5,-3.1999999999999886,70
52.456234,-66.82337,0.0,-48.36147,3.006772,0.0,53.099999999999994,38.70000000000002,70
8.104667,81.82544,0.0,85.67117,13.400799,0.0,28.900000000000006,78.60000000000002,70
19.420757,31.704367,0.0,77.67304,15.83576,0.0,58.30000000000001,21.400000000000006,70
-2.1785562,88.46573,0.0,62.40128,57.87019,0.0,54.20000000000002,85.5,70
-47.768757,-49.371456,0.0,-83.56751,1.594567,0.0,-83.9,-44.599999999999994,70
79.312675,0.9390368,0.0,-78.91596,54.89176,0.0,-99.5,50.70000000000002,70
-46.482,64.52728,0.0,63.900543,12.251253,0.0,55.30000000000001,29.200000000000017,70
60.669956,-0.48686484,0.0,-82.38881,-59.589706,0.0,-90.9,-64.3,70
-11.873405,82.21782,0.0,26.634245,-36.28924,0.0,8.800000000000011,81.80000000000001,70
56.745686,82.62787,0.0,-48.90227,-10.778628,0.0,-25.799999999999997,82.70000000000002,70
7.8963394,8.432745,0.0,-4.1309156,12.23094,0.0,-3.3999999999999915,30.200000000000017,70
-86.676796,88.9306,0.0,-30.01066,58.64917,0.0,-78.4,76.0,70
-4.6353493,75.94602,0.0,58.45917,45.07536,0.0,58.400000000000006,92.20000000000002,70
-49.751816,21.81422,0.0,34.06482,85.28214,0.0,-25.0,84.80000000000001,70
-56.398872,-81.011284,0.0,24.358297,13.983255,0.0,11.200000000000003,-82.3,70
-16.202335,-99.98926,0.0,67.024956,6.1253834,0.0,46.599999999999994,-70.8,70
-93.4393,-92.696945,0.0,47.647377,-50.61411,0.0,-78.3,-50.5,70
-27.122606,-8.273997,0.0,-6.86884,12.235278,0.0,-36.699999999999996,18.80000000000001,70
55.46294,73.759476,0.0,-47.97326,-1.042884,0.0,55.5,49.5,70
62.363697,5.689973,0.0,8.424914,93.35337,0.0,57.400000000000006,80.0,70
81.05824,-94.92122,0.0,45.015,-97.48978,0.0,63.0,-96.3,70
-8.565204,78.25003,0.0,89.37284,92.53014,0.0,37.80000000000001,100.0,70
32.74646,-97.286446,0.0,94.50513,-60.71295,0.0,96.10000000000002,-82.0,70
53.717426,-0.52736145,0.0,12.604343,-84.21936,0.0,56.400000000000006,-84.3,70
-88.089424,-27.625515,0.0,-48.68831,98.531784,0.0,-83.3,75.5,70
61.613937,-52.594856,0.0,58.00169,-27.480165,0.0,61.400000000000006,-40.099999999999994,70
-32.71148,-44.297043,0.0,-97.513405,58.15411,0.0,-66.1,9.700000000000003,70
92.81635,68.07453,0.0,-30.883287,54.96087,0.0,98.60000000000002,69.10000000000002,70
97.45734,-42.933,0.0,18.250978,-19.253653,0.0,93.60000000000002,-39.4,70
91.083405,71.69626,0.0,-98.78919,-61.54044,0.0,-88.7,-43.3,70
-60.796616,97.27101,0.0,40.781353,94.75699,0.0,-10.099999999999994,96.20000000000002,70
35.34521,-93.18821,0.0,-86.88813,-1.1895415,0.0,-83.4,-77.7,70
28.568228,-79.84957,0.0,16.767555,-79.89433,0.0,22.700000000000003,-92.7,70
97.63505,-43.861362,0.0,-36.414078,-38.328865,0.0,97.60000000000002,-56.9,70
25.520184,-87.4935,0.0,79.35416,79.425354,0.0,45.70000000000002,-83.7,70
-89.44186,64.735146,0.0,-31.08317,-34.69908,0.0,-71.0,2.5,70
91.43626,-31.487844,0.0,-15.506236,75.410484,0.0,57.60000000000002,-34.8,70
-31.528877,50.010628,0.0,-5.322892,31.794209,0.0,-43.4,17.0,70
-93.53012,8.226242,0.0,62.408222,17.030128,0.0,55.400000000000006,47.30000000000001,70
16.055042,-48.680744,0.0,-39.691307,-24.269297,0.0,-17.69999999999999,-42.099999999999994,70
-9.176332,-41.292934,0.0,34.290783,78.04691,0.0,-40.4,-22.19999999999999,70
81.9077,-93.40141,0.0,-50.789604,49.20794,0.0,-6.699999999999989,-82.4,70
31.836481,29.667894,0.0,-90.34305,-85.51883,0.0,-83.0,-10.399999999999991,70
14.915875,11.396437,0.0,21.95592,-79.706665,0.0,37.30000000000001,-89.0,70
93.86363,45.56667,0.0,98.14177,27.260775,0.0,100.0,29.900000000000006,70
92.19293,-59.00557,0.0,-78.902504,9.336504,0.0,-98.1,11.600000000000009,70
96.43642,-9.873811,0.0,-37.325592,-87.84304,0.0,96.5,-81.9,70
-77.976746,47.076977,0.0,-45.719704,-77.86778,0.0,-78.0,-94.8,70
-98.3473,-14.322622,0.0,-93.960625,55.796707,0.0,-96.4,20.700000000000003,70
-99.49124,-72.33986,0.0,28.765503,32.691063,0.0,-83.8,-22.099999999999994,70
-29.68821,23.611862,0.0,79.05926,29.966671,0.0,11.100000000000009,23.700000000000003,70
-40.02548,-46.115425,0.0,-1.7544868,27.311457,0.0,-38.0,-0.29999999999999716,70
-80.396515,42.035347,0.0,5.182077,-89.30459,0.0,-80.4,-79.5,70
69.52053,-82.60436,0.0,32.43031,-52.20916,0.0,42.5,-52.3,70
-45.781994,1.4621537,0.0,64.272255,65.58956,0.0,49.20000000000002,45.900000000000006,70
77.52846,84.42869,0.0,32.236557,-49.431347,0.0,35.70000000000002,54.60000000000002,70
52.258144,-78.92939,0.0,-14.753491,-83.10352,0.0,26.0,-88.9,70
92.71792,-9.3029375,0.0,96.81787,-1.3133018,0.0,100.0,-4.299999999999997,70
93.86445,-17.427853,0.0,94.76259,63.440605,0.0,100.0,15.800000000000011,70
-42.03986,34.480656,0.0,-1.0389394,-33.88187,0.0,-33.099999999999994,-36.8,70
30.423925,84.86101,0.0,98.027275,-49.072224,0.0,98.0,82.5,70
68.32787,-90.50441,0.0,95.312454,26.300602,0.0,100.0,-83.4,70
93.82583,69.22328,0.0,-30.401764,-57.390938,0.0,100.0,44.099999999999994,70
75.22217,31.057697,0.0,-32.666153,-51.8983,0.0,-29.0,14.5,70
20.692696,-93.30118,0.0,20.108776,-76.44525,0.0,34.5,-95.9,70
-61.244896,-75.69876,0.0,56.395634,-57.08405,0.0,56.5,-78.8,70
-36.396076,13.035142,0.0,41.373425,-54.709724,0.0,-30.700000000000003,19.0,70
72.185036,-90.62821,0.0,53.02519,-51.830936,0.0,71.20000000000002,-82.7,70
50.64901,86.85013,0.0,-87.66117,-58.578743,0.0,-83.2,85.5,70
92.441605,10.3437395,0.0,99.38128,-62.359768,0.0,100.0,4.200000000000003,70
67.59328,3.1718335,0.0,-86.60416,-18.304888,0.0,-78.9,-33.599999999999994,70
75.763626,96.817276,0.0,-25.867287,5.3407993,0.0,44.900000000000006,50.70000000000002,70
53.368767,-77.87675,0.0,-39.96468,-67.80638,0.0,-32.099999999999994,-99.3,70
-96.33917,69.29419,0.0,-95.19028,-81.69185,0.0,-96.3,22.0,70
69.310326,53.403015,0.0,54.068947,76.640236,0.0,37.900000000000006,91.60000000000002,70
-32.27063,41.50608,0.0,-88.722725,-85.472595,0.0,-73.1,-81.7,70
28.28021,93.44995,0.0,69.75796,-27.817495,0.0,33.0,77.5,70
91.83428,34.91481,0.0,60.215916,11.410233,0.0,81.70000000000002,23.200000000000003,70
96.64883,57.537254,0.0,51.16851,14.46228,0.0,96.70000000000002,39.900000000000006,70
-84.28368,-44.68095,0.0,-61.105877,79.28251,0.0,-84.2,80.9,70
99.78503,64.99031,0.0,-81.16305,37.16668,0.0,99.70000000000002,15.600000000000009,70
3.8845537,95.05659,0.0,-34.85914,5.4269285,0.0,-45.9,79.4,70
88.53289,-77.16307,0.0,15.771853,88.51274,0.0,86.80000000000001,84.5,70
-81.16035,-55.884914,0.0,1.9470302,-38.45503,0.0,-81.2,-51.3,70
-40.107903,43.08308,0.0,0.09534311,-37.971916,0.0,-31.89999999999999,-37.3,70
63.15621,-15.771281,0.0,79.05973,-92.53644,0.0,63.10000000000002,-82.8,70
-97.77964,49.37738,0.0,-4.4609504,-75.89799,0.0,-84.1,15.100000000000009,70
-30.374292,23.318815,0.0,-99.08849,40.113556,0.0,-67.3,29.700000000000017,70
-44.70406,-45.74601,0.0,4.822018,-94.76258,0.0,-36.4,-78.9,70
21.145094,-94.93553,0.0,-95.006134,7.7922926,0.0,-77.9,-75.8,70
-40.15225,-55.038536,0.0,-47.57928,-22.841366,0.0,-42.0,-38.4,70
-53.509163,-75.22317,0.0,-20.83946,-22.875704,0.0,-24.89999999999999,-84.8,70
91.988365,8.609406,0.0,18.426628,-30.107944,0.0,26.900000000000006,39.30000000000001,70
93.96775,3.1608777,0.0,96.80483,-48.351704,0.0,100.0,-10.099999999999994,70
94.09923,15.617085,0.0,-86.702644,-88.1763,0.0,100.0,-81.4,70
-7.86371,23.481764,0.0,50.559982,69.830635,0.0,17.10000000000001,24.80000000000001,70
21.780174,-12.85021,0.0,-21.548904,-29.723246,0.0,12.600000000000009,-48.9,70
-50.721855,3.5494087,0.0,64.64133,-38.72747,0.0,11.300000000000011,-63.0,70
-90.8325,-9.930382,0.0,0.44510385,13.767016,0.0,-80.7,21.30000000000001,70
-49.01796,26.312824,0.0,-27.797544,-42.03613,0.0,-40.9,-9.299999999999997,70
-34.169476,-85.85185,0.0,-48.33813,13.467278,0.0,-48.3,-60.8,70
-93.31149,-17.73935,0.0,-99.06425,66.43312,0.0,-96.4,24.30000000000001,70
-38.029823,-36.935043,0.0,54.92343,-70.246086,0.0,55.20000000000002,-53.699999999999996,70
4.494058,-52.718796,0.0,-97.95667,-79.72314,0.0,-75.1,-35.89999999999999,70
3.5983398,-34.354015,0.0,84.75054,-81.80125,0.0,43.099999999999994,-83.7,70
-52.4697,-59.621307,0.0,23.158497,-15.021952,0.0,14.400000000000006,-32.89999999999999,70
-51.0222,-35.096718,0.0,34.983055,21.601715,0.0,-7.599999999999994,29.0,70
-80.415474,-80.99114,0.0,21.563816,91.802414,0.0,-81.1,80.20000000000002,70
-57.107483,-97.6022,0.0,-97.82073,75.562935,0.0,-77.5,-78.5,70
63.05287,51.21545,0.0,-29.254656,87.97861,0.0,52.099999999999994,83.0,70
-75.011925,17.959051,0.0,79.232376,23.786037,0.0,56.900000000000006,15.200000000000003,70
-76.03793,-11.877043,0.0,-95.25596,-6.437944,0.0,-94.6,-22.69999999999999,70
98.594025,24.557096,0.0,-96.28249,-32.713207,0.0,-78.1,31.599999999999994,70
65.94532,-58.864994,0.0,-24.333855,94.463745,0.0,43.5,80.0,70
-21.25092,-35.438904,0.0,43.834576,-53.352562,0.0,-7.799999999999997,-41.5,70
73.45642,19.263603,0.0,7.6309857,15.899324,0.0,34.0,33.20000000000002,70
97.78778,63.42954,0.0,25.914127,84.6918,0.0,97.80000000000001,84.60000000000002,70
64.17166,91.22773,0.0,49.01137,83.844215,0.0,56.70000000000002,89.80000000000001,70
60.8587,-30.92556,0.0,-16.483997,-45.25821,0.0,57.80000000000001,-49.199999999999996,70
-73.31635,93.73373,0.0,95.52152,39.81674,0.0,96.30000000000001,79.5,70
58.666412,-94.14163,0.0,-95.1753,-27.95953,0.0,-78.6,-76.8,70
-25.106983,22.238089,0.0,-14.5764675,-54.69098,0.0,-36.599999999999994,-1.8999999999999915,70
-45.113247,-39.870903,0.0,-86.94056,57.584698,0.0,-82.7,31.700000000000017,70
-66.604904,-94.27245,0.0,-50.81941,53.920326,0.0,-49.599999999999994,-79.5,70
-97.40176,-87.50503,0.0,-51.193283,-66.68869,0.0,-46.3,-86.9,70
-79.487724,-41.83258,0.0,-35.751614,-40.22054,0.0,-33.2,-40.199999999999996,70
-41.06286,-11.821273,0.0,-52.13478,64.78975,0.0,-38.0,29.5,70
-89.29123,24.749792,0.0,-21.95329,-22.617342,0.0,-84.9,-12.899999999999991,70
-94.83668,-40.432297,0.0,70.546394,-84.19108,0.0,-79.8,-84.2,70
51.715664,-72.99543,0.0,19.839367,-30.562916,0.0,40.80000000000001,-69.1,70
36.034657,-53.374416,0.0,-94.96418,-31.305046,0.0,-77.6,-10.199999999999989,70
-10.216718,-98.14912,0.0,-21.172081,22.272945,0.0,-59.9,-67.8,70
52.930885,84.77188,0.0,-20.173676,-75.75844,0.0,31.599999999999994,85.9,70
-93.4966,-78.68146,0.0,23.990126,-36.40924,0.0,-77.8,-62.3,70
-36.715816,33.535706,0.0,55.463737,-60.489002,0.0,55.80000000000001,20.0,70
-90.50903,-32.554775,0.0,-95.65495,-69.94978,0.0,-93.7,-51.3,70
53.903385,-64.49929,0.0,-99.16597,68.24588,0.0,-76.2,53.400000000000006,70
69.08571,7.7828407,0.0,-4.0741043,-44.339237,0.0,49.80000000000001,-49.8,70
-22.255987,-26.345552,0.0,60.265743,62.396725,0.0,57.10000000000002,24.30000000000001,70
21.752281,-2.2399867,0.0,-27.484951,21.808306,0.0,10.900000000000006,23.0,70
-59.276863,-83.46753,0.0,75.78276,89.23768,0.0,69.9,100.0,70
-37.560696,-86.71906,0.0,-54.98947,40.04204,0.0,-44.699999999999996,28.5,70
68.09026,-76.71618,0.0,26.050665,9.965294,0.0,25.200000000000003,-82.7,70
67.27451,31.628336,0.0,-27.779552,78.29609,0.0,45.400000000000006,79.4,70
-81.6697,71.43138,0.0,91.21207,0.8061342,0.0,-80.6,58.400000000000006,70
60.011932,3.6328533,0.0,-27.383148,14.466007,0.0,59.20000000000002,35.20000000000002,70
-88.661385,68.34401,0.0,98.2442,-20.104519,0.0,-73.1,62.20000000000002,70
67.29646,18.669928,0.0,-10.854809,9.208883,0.0,20.200000000000003,37.70000000000002,70
-53.761086,-12.317926,0.0,59.84427,-16.994392,0.0,59.30000000000001,-23.0,70
-32.121017,-75.64474,0.0,72.26961,13.508291,0.0,82.10000000000002,12.0,70
18.067879,-54.011925,0.0,-33.76333,43.633472,0.0,-33.599999999999994,-5.0,70
78.18491,97.620384,0.0,56.264694,-94.67374,0.0,67.80000000000001,80.0,70
52.4499,-49.819813,0.0,80.49983,24.08704,0.0,70.9,4.900000000000006,70
-10.199111,10.52888,0.0,95.00471,43.95376,0.0,99.9,52.80000000000001,70
-91.83806,-61.54134,0.0,-87.41705,39.45328,0.0,-91.6,-11.099999999999994,70
-42.506107,87.18958,0.0,91.05248,45.038235,0.0,-43.9,59.70000000000002,70
11.74032,-79.88809,0.0,-70.19548,-94.76393,0.0,-29.39999999999999,-91.9,70
-71.76466,-97.15262,0.0,-3.0777605,-44.61099,0.0,-8.599999999999994,-47.9,70
-4.8426113,-32.466526,0.0,-65.48794,77.03229,0.0,-37.199999999999996,83.0,70
-92.63091,53.032635,0.0,22.175318,-21.657532,0.0,-77.8,18.900000000000006,70
-14.191161,92.2875,0.0,55.66616,-20.041746,0.0,55.80000000000001,81.30000000000001,70
80.65703,12.436943,0.0,-16.021109,32.50971,0.0,57.30000000000001,20.10000000000001,70
57.99708,14.719629,0.0,-18.527864,-99.27576,0.0,58.0,-73.2,70
90.893425,-15.034152,0.0,-39.52832,8.773914,0.0,80.20000000000002,40.80000000000001,70
-68.437164,79.94212,0.0,-43.943436,52.607037,0.0,-45.3,80.0,70
65.10714,70.884865,0.0,7.5187697,87.530914,0.0,41.5,87.60000000000002,70
-57.948677,98.005226,0.0,98.67977,-42.12965,0.0,98.70000000000002,77.4,70
-54.700615,21.204441,0.0,91.06371,63.815735,0.0,91.10000000000002,41.80000000000001,70
15.063348,10.681544,0.0,45.083458,91.29565,0.0,37.099999999999994,70.80000000000001,70
69.11866,17.355852,0.0,-41.055313,88.48724,0.0,47.70000000000002,82.5,70
-16.30277,-86.6714,0.0,-83.88587,50.343307,0.0,-83.7,-83.1,70
-40.356865,-59.568954,0.0,18.41221,-79.282,0.0,-40.0,-83.1,70
8.868,79.44285,0.0,-35.31706,61.550663,0.0,-35.599999999999994,79.5,70
55.2384,-81.73494,0.0,-17.225426,87.00249,0.0,55.400000000000006,85.5,70
19.046783,-91.65335,0.0,-39.356472,48.629322,0.0,-25.89999999999999,-81.7,70
-81.785126,45.83934,0.0,-11.513143,-86.84079,0.0,-81.9,-79.9,70
-93.26436,-69.50038,0.0,-86.70954,51.448757,0.0,-91.8,-9.199999999999989,70
1.4850739,20.671068,0.0,-29.855335,86.3818,0.0,-63.199999999999996,32.099999999999994,70
15.632374,-15.121939,0.0,61.847904,91.06845,0.0,59.0,-7.199999999999989,70
46.81442,-84.29038,0.0,23.567926,1.0165336,0.0,23.400000000000006,-84.2,70
-7.5316267,21.50252,0.0,6.43126,77.46592,0.0,-5.699999999999989,30.700000000000017,70
50.26108,95.5439,0.0,-53.5111,39.080345,0.0,21.10000000000001,84.80000000000001,70
5.288344,30.651625,0.0,-98.62793,84.84223,0.0,-74.4,27.30000000000001,70
-37.187252,38.239765,0.0,-16.189697,99.71918,0.0,-37.599999999999994,78.9,70
47.408535,-97.19318,0.0,49.651974,96.99209,0.0,74.9,-13.5,70
9.611249,7.383881,0.0,90.059654,-62.64782,0.0,10.0,9.300000000000011,70
59.197056,2.5372698,0.0,-52.29409,-95.30636,0.0,59.20000000000002,-75.9,70
88.423164,7.84215,0.0,54.09742,45.65724,0.0,75.10000000000002,28.80000000000001,70
14.872565,-86.80426,0.0,58.224968,-20.935398,0.0,58.20000000000002,-82.9,70
9.759908,75.81169,0.0,91.0304,46.972816,0.0,57.60000000000002,94.80000000000001,70
87.07291,14.207215,0.0,-88.86231,-56.920467,0.0,-77.5,-26.599999999999994,70
-50.904808,5.9716115,0.0,-42.949127,-51.479694,0.0,-42.9,-22.69999999999999,70
34.38414,-98.93684,0.0,-49.60687,-68.13264,0.0,-15.599999999999994,-90.3,70
-77.79446,-41.706272,0.0,59.856052,90.08589,0.0,-86.2,82.9,70
41.710655,-88.89245,0.0,42.02568,-54.891186,0.0,38.20000000000002,-80.2,70
53.545208,87.68103,0.0,-4.022925,-54.858665,0.0,64.80000000000001,66.9,70
63.217953,-97.09699,0.0,-97.72474,75.61415,0.0,-75.3,-75.6,70
97.24209,-99.70758,0.0,-52.40139,86.54325,0.0,-16.099999999999994,-76.8,70
-51.01745,-17.752085,0.0,19.08115,30.575403,0.0,-18.19999999999999,10.900000000000006,70
72.63897,96.59833,0.0,-54.51865,36.008156,0.0,46.900000000000006,82.20000000000002,70
61.645184,97.60512,0.0,-96.799835,-49.490902,0.0,-76.4,78.10000000000002,70
83.948296,-97.63095,0.0,-93.885376,-84.01122,0.0,-63.5,-93.3,70
-93.72658,-96.84114,0.0,57.94088,61.750454,0.0,58.0,-75.4,70
92.22496,16.71147,0.0,-44.60343,9.714372,0.0,37.0,34.80000000000001,70
-95.65743,52.17323,0.0,29.48729,-37.256542,0.0,-79.5,33.70000000000002,70
98.17132,31.964966,0.0,-86.18092,56.458992,0.0,-84.4,11.800000000000011,70
62.747204,59.128685,0.0,30.076206,-43.57155,0.0,55.60000000000002,-47.8,70
-39.86053,-72.128914,0.0,-85.73798,-92.5664,0.0,-53.599999999999994,-89.4,70
-83.76615,-52.84878,0.0,-75.872185,67.63299,0.0,-95.1,59.5,70
31.185028,93.83897,0.0,59.15562,-6.618923,0.0,59.20000000000002,80.5,70
-19.997818,21.470627,0.0,-97.28694,-33.19113,0.0,-71.4,-13.5,70
-98.2042,-32.15462,0.0,-21.471676,15.4821,0.0,-68.4,-1.8999999999999915,70
-89.615425,21.929478,0.0,56.752583,94.36235,0.0,-82.0,79.9,70
44.006783,-40.556667,0.0,-82.620964,73.32163,0.0,-87.6,66.30000000000001,70
18.376606,76.0333,0.0,65.40864,-43.990345,0.0,21.200000000000003,-46.199999999999996,70
-86.70024,-29.406483,0.0,-25.828575,-19.17178,0.0,-82.4,-35.3,70
80.9089,96.21129,0.0,-90.03102,-11.38451,0.0,-82.2,78.20000000000002,70
-27.23628,-77.753494,0.0,-50.465187,-58.46067,0.0,-35.89999999999999,-85.2,70
-81.60801,76.479256,0.0,90.77264,-56.14104,0.0,-64.0,97.9,70
-32.359077,-29.298481,0.0,-10.153258,89.803696,0.0,-44.0,82.60000000000002,70
-42.321136,22.007196,0.0,-33.578686,92.35164,0.0,-44.3,69.80000000000001,70
19.604853,32.848946,0.0,94.290016,-48.417744,0.0,95.20000000000002,5.6000000000000085,70
-40.308178,-45.90363,0.0,-50.58532,-86.65683,0.0,-42.199999999999996,-75.9,70
-7.6011753,-76.87203,0.0,-78.499374,-30.375305,0.0,-81.4,-100.0,70
35.98434,84.8085,0.0,-99.0293,81.42974,0.0,-62.8,91.10000000000002,70
-4.155088,79.87579,0.0,94.73222,89.627014,0.0,45.099999999999994,89.80000000000001,70
-35.263813,13.319691,0.0,7.1087227,-83.73092,0.0,-29.799999999999997,-83.7,70
27.23529,79.58814,0.0,81.225365,90.21373,0.0,55.900000000000006,90.0,70
15.3241,82.987206,0.0,94.23072,6.84302,0.0,100.0,82.70000000000002,70
-78.26673,74.34282,0.0,79.649445,-79.97365,0.0,-78.8,-80.0,70
95.70846,21.336102,0.0,90.25363,84.314644,0.0,100.0,81.70000000000002,70
50.866825,22.604454,0.0,92.900734,59.787212,0.0,94.60000000000002,41.900000000000006,70
12.244574,25.38474,0.0,-26.103477,-15.077158,0.0,-31.299999999999997,13.5,70
47.83672,23.193373,0.0,-37.528606,84.308395,0.0,-37.9,38.400000000000006,70
90.10504,36.360104,0.0,49.65367,-42.930424,0.0,43.900000000000006,-43.0,70
90.176636,90.67115,0.0,-89.05523,38.054157,0.0,-82.8,82.0,70
23.575052,-30.340887,0.0,61.259598,-83.86987,0.0,26.10000000000001,-74.8,70
-10.094954,-35.289692,0.0,-65.42955,79.496216,0.0,-22.799999999999997,-31.099999999999994,70
-47.045574,62.63342,0.0,-91.567,-1.0147678,0.0,-48.8,9.200000000000003,70
50.770714,-89.9944,0.0,12.240038,10.833209,0.0,38.5,-74.8,70
59.068768,-53.592293,0.0,-29.61277,91.85972,0.0,59.10000000000002,81.9,70
71.94656,-83.46883,0.0,-26.598492,-51.2671,0.0,39.599999999999994,-51.199999999999996,70
96.71046,96.69437,0.0,-44.527103,-58.402653,0.0,-15.0,77.20000000000002,70
65.484566,-51.912064,0.0,62.211582,65.89039,0.0,56.70000000000002,10.600000000000009,70
50.661186,22.381142,0.0,-30.645428,-36.435093,0.0,-39.0,26.400000000000006,70
92.13925,-78.856285,0.0,51.124687,47.27926,0.0,100.0,-21.599999999999994,70
-83.89942,66.529755,0.0,4.6989813,-38.295673,0.0,-83.8,-30.5,70
16.266336,-43.325226,0.0,59.45409,-38.3218,0.0,50.400000000000006,-53.0,70
-39.889397,33.93463,0.0,6.5863914,-41.990078,0.0,-32.5,-36.599999999999994,70
-1.0520166,-39.926113,0.0,-76.137054,31.099321,0.0,-58.0,-28.799999999999997,70
-49.26508,-91.00882,0.0,-76.7616,-24.150269,0.0,-97.4,-78.8,70
68.62933,-63.420685,0.0,-97.168495,-95.545525,0.0,24.700000000000003,-95.3,70
-25.705395,-7.0638247,0.0,-51.660698,72.36944,0.0,-42.099999999999994,45.099999999999994,70
99.952774,2.7431257,0.0,78.75321,18.623816,0.0,93.4,14.400000000000006,70
-69.8705,91.57221,0.0,-35.72626,57.752766,0.0,-60.4,82.5,70
-95.465225,-70.98328,0.0,91.64613,62.58676,0.0,-73.1,-46.199999999999996,70
55.41769,-46.608253,0.0,-36.820335,92.149635,0.0,55.5,81.10000000000002,70
-9.499212,76.17655,0.0,-33.182472,-26.948492,0.0,-45.5,96.0,70
82.87051,13.809062,0.0,26.171585,7.7548285,0.0,24.10000000000001,37.70000000000002,70
-55.91588,-81.23056,0.0,-97.992546,40.58948,0.0,-79.1,-82.6,70
-34.527214,85.33227,0.0,-1.3236668,-76.70499,0.0,-46.099999999999994,-90.4,70
36.436123,78.76087,0.0,-90.392624,23.326555,0.0,-80.9,79.10000000000002,70
-41.352394,13.65188,0.0,-62.01068,85.83694,0.0,-44.5,83.20000000000002,70
-88.94289,12.6115885,0.0,12.928503,-95.40575,0.0,-82.0,-72.4,70
-47.974403,-36.298195,0.0,-39.954647,-37.8045,0.0,-41.3,-37.3,70
62.709557,-87.38939,0.0,4.6382837,91.590416,0.0,54.70000000000002,84.10000000000002,70
4.3389754,98.62479,0.0,-7.099787,98.348404,0.0,-1.3999999999999915,98.5,70
-72.34786,96.6748,0.0,85.280495,5.09396,0.0,34.099999999999994,77.10000000000002,70
-26.130093,-27.712336,0.0,63.901917,70.15825,0.0,54.30000000000001,-68.0,70
-38.94596,-56.953583,0.0,10.034248,34.948875,0.0,-30.099999999999994,-25.700000000000003,70
22.73944,-97.69726,0.0,98.50019,52.747913,0.0,98.60000000000002,-80.7,70
58.011166,28.59224,0.0,-41.85456,14.323727,0.0,-2.3999999999999915,25.400000000000006,70
-11.278298,19.215954,0.0,-35.87465,74.91139,0.0,-35.89999999999999,28.900000000000006,70
-12.212855,-29.344503,0.0,4.48427,-29.650156,0.0,13.400000000000006,-59.5,70
64.83497,72.27277,0.0,-33.28644,-15.321349,0.0,-35.7,22.30000000000001,70
44.62341,-76.02217,0.0,-43.828873,90.08119,0.0,-33.099999999999994,26.10000000000001,70
66.01974,-82.23962,0.0,-52.446125,36.750324,0.0,54.900000000000006,-81.5,70
-4.201497,28.216888,0.0,99.14328,38.249252,0.0,99.0,27.700000000000003,70
74.93605,82.37279,0.0,48.342495,97.36452,0.0,61.5,92.20000000000002,70
-7.152993,19.327486,0.0,11.637656,83.08723,0.0,-6.3999999999999915,92.9,70
-8.791329,79.2258,0.0,-46.60141,-26.733986,0.0,-32.2,81.0,70
44.882156,-87.960045,0.0,-98.26495,91.21731,0.0,-74.1,-83.9,70
29.905947,8.965191,0.0,-81.03844,27.625847,0.0,-85.4,18.400000000000006,70
-19.004194,-28.01805,0.0,-82.37831,-45.435352,0.0,-82.4,-39.3,70
-50.374138,-16.83609,0.0,61.223637,-25.627218,0.0,54.900000000000006,-63.699999999999996,70
19.986769,-37.464798,0.0,92.700554,51.502087,0.0,21.5,-39.4,70
-85.59916,-41.733284,0.0,97.95808,-48.172123,0.0,-85.6,-40.9,70
-45.68692,-51.68986,0.0,-45.331768,63.660103,0.0,-42.599999999999994,6.400000000000006,70
-33.071617,57.474358,0.0,-96.77171,-38.7311,0.0,-70.6,-1.0999999999999943,70
31.870504,92.06954,0.0,36.087845,84.13212,0.0,34.0,90.10000000000002,70
-40.180534,-37.937645,0.0,-36.980404,-37.7413,0.0,-37.9,-37.9,70
42.2473,-46.29376,0.0,-85.13662,51.832294,0.0,-85.1,-33.7,70
67.633736,-97.00212,0.0,5.151237,15.1543455,0.0,51.900000000000006,37.20000000000002,70
16.086197,-38.85692,0.0,-95.55337,67.64779,0.0,-75.6,-36.099999999999994,70
-9.0904665,20.868504,0.0,-19.495964,-77.08317,0.0,-9.099999999999994,20.80000000000001,70
-24.25471,-35.853592,0.0,-66.96756,99.70417,0.0,-69.5,76.20000000000002,70
-36.370262,-77.49412,0.0,54.070255,46.402145,0.0,54.10000000000002,-100.0,70
-78.77512,-38.744316,0.0,-85.49398,83.269905,0.0,-88.7,24.10000000000001,70
-84.946175,53.775875,0.0,-69.310425,-93.245445,0.0,-85.0,-80.2,70
-81.00187,63.152767,0.0,71.116554,26.085316,0.0,-81.1,30.200000000000017,70
-98.66316,-31.846098,0.0,95.39577,85.07509,0.0,-75.3,85.0,70
-68.45647,-98.604195,0.0,-88.42252,76.31994,0.0,-86.3,-78.5,70
64.75903,-99.93367,0.0,-38.496616,-92.93229,0.0,13.0,-96.8,70
-32.75902,42.692276,0.0,49.378994,92.84532,0.0,-33.7,81.70000000000002,70
-71.479866,-75.518974,0.0,-91.35559,-25.770288,0.0,-76.5,-11.199999999999989,70
-45.195328,22.911776,0.0,66.43858,5.546319,0.0,53.80000000000001,30.0,70
20.356077,17.627966,0.0,-38.571487,-73.47209,0.0,-34.7,22.60000000000001,70
5.723192,91.68531,0.0,-86.508965,-97.82848,0.0,-84.1,77.10000000000002,70
53.788986,56.409473,0.0,54.812332,-89.87505,0.0,62.80000000000001,-65.6,70
83.19445,79.83739,0.0,-76.0176,66.4818,0.0,-87.9,81.70000000000002,70
99.169106,-67.01539,0.0,-37.001038,-78.7723,0.0,96.20000000000002,-100.0,70
-66.88135,96.65721,0.0,-91.55629,-87.52755,0.0,-83.5,80.0,70
-31.476686,56.928593,0.0,24.759739,26.36573,0.0,-61.5,26.400000000000006,70
-23.320255,-91.80297,0.0,96.11884,-34.07688,0.0,96.20000000000002,-78.7,70
-26.13872,-75.29126,0.0,-92.02743,57.641148,0.0,-82.5,24.900000000000006,70
67.29055,-75.0775,0.0,-17.956179,11.820096,0.0,49.70000000000002,31.80000000000001,70
64.96481,25.71437,0.0,-75.244446,51.627876,0.0,55.70000000000002,33.599999999999994,70
54.676857,83.156494,0.0,65.52313,-4.382098,0.0,63.20000000000002,72.10000000000002,70
-27.74879,-5.375264,0.0,-7.4785223,-87.99731,0.0,-35.5,-81.0,70
54.64134,4.676964,0.0,19.66229,-23.530928,0.0,22.0,-15.199999999999989,70
-87.35094,1.8491391,0.0,83.827774,-94.91628,0.0,-84.4,-75.9,70
87.39475,90.82814,0.0,1.8388398,-87.93076,0.0,73.0,80.10000000000002,70
74.7804,24.933039,0.0,-42.43574,-37.554955,0.0,-25.700000000000003,31.30000000000001,70
-45.73725,63.08665,0.0,-2.104961,91.238914,0.0,-34.3,85.5,70
84.99397,30.98434,0.0,-2.0639694,-85.98601,0.0,-26.299999999999997,-80.9,70
-42.06288,19.363462,0.0,-89.0999,-82.06986,0.0,-47.4,-87.6,70
-36.736595,-22.070925,0.0,98.10523,-33.706425,0.0,-2.6999999999999886,-62.0,70
-30.357527,-83.246765,0.0,56.752506,57.563255,0.0,56.80000000000001,-83.3,70
87.724945,16.30047,0.0,-98.55243,-22.45205,0.0,-67.0,43.400000000000006,70
92.239914,-99.84382,0.0,-40.517464,-6.0323215,0.0,-5.199999999999989,-74.4,70
41.144165,-97.79921,0.0,55.49704,68.5532,0.0,58.400000000000006,-78.5,70
39.759117,-96.8918,0.0,-76.16684,8.516008,0.0,-99.7,-74.0,70
-85.88561,58.52601,0.0,97.85076,-83.87874,0.0,-85.8,-83.9,70
8.570535,19.076487,0.0,-53.01611,-27.957664,0.0,-13.899999999999991,21.5,70
98.02272,42.84526,0.0,60.949932,57.441746,0.0,63.900000000000006,40.30000000000001,70
-88.23546,1.2787151,0.0,50.60686,-99.76108,0.0,-83.3,-72.2,70
22.3195,3.1378217,0.0,25.50934,-6.9013805,0.0,21.200000000000003,-1.3999999999999915,70
78.94302,-84.78093,0.0,67.741974,-2.2361023,0.0,47.80000000000001,-77.6,70
-38.01145,3.4679222,0.0,25.980589,-83.35337,0.0,-15.699999999999989,-83.7,70
-23.4767,85.4094,0.0,-67.07235,-92.080864,0.0,-66.0,-77.2,70
-49.25904,-99.92964,0.0,-5.4909387,26.230171,0.0,-32.599999999999994,5.0,70
52.385326,11.222845,0.0,-29.010607,-92.73576,0.0,64.10000000000002,-75.6,70
-77.20044,-71.40768,0.0,-45.287895,-43.70176,0.0,-46.0,-42.5,70
-68.00232,-78.68827,0.0,-24.561798,2.2226264,0.0,-75.0,-82.5,70
25.692642,-94.35103,0.0,-79.602806,65.607765,0.0,-80.3,-78.1,70
-86.0486,-67.1476,0.0,-49.775906,23.962013,0.0,-35.2,-26.89999999999999,70
58.489853,-58.269466,0.0,49.300102,89.33913,0.0,62.0,77.70000000000002,70
65.899956,-40.077065,0.0,44.323036,-46.076305,0.0,52.80000000000001,-51.3,70
38.93632,-81.47459,0.0,-94.2954,-51.71149,0.0,-78.5,-81.5,70
-92.86989,8.790728,0.0,-52.24573,5.833457,0.0,-87.2,38.599999999999994,70
36.709236,26.31146,0.0,15.316698,-42.17738,0.0,27.30000000000001,26.30000000000001,70
-7.996513,78.23759,0.0,5.5994544,91.33565,0.0,-5.299999999999997,96.9,70
95.35074,-33.224586,0.0,-76.304535,-81.515015,0.0,95.60000000000002,-81.6,70
-41.76228,-7.3965173,0.0,-53.66479,-74.15215,0.0,-27.700000000000003,-40.3,70
-46.217793,-3.7937853,0.0,-94.35777,93.90783,0.0,-46.199999999999996,78.30000000000001,70
-32.292873,-57.871574,0.0,-77.66666,37.455452,0.0,-79.3,2.6000000000000085,70
20.79357,-49.089897,0.0,42.135586,78.729675,0.0,25.200000000000003,78.80000000000001,70
97.764626,-48.153072,0.0,73.3103,-96.41899,0.0,97.80000000000001,-83.0,70
-92.75525,2.8533196,0.0,58.388596,-11.532707,0.0,-74.2,6.0,70
15.062262,-10.649354,0.0,94.41632,36.080032,0.0,90.10000000000002,-3.5,70
-26.934685,7.8351436,0.0,-98.17744,-99.45935,0.0,-66.4,-74.5,70
-53.871174,56.348087,0.0,-35.95487,-12.708285,0.0,-35.2,7.200000000000003,70
-2.9311373,-76.77894,0.0,98.23706,76.15004,0.0,98.30000000000001,-78.1,70
-6.7762084,25.834505,0.0,88.08028,13.249198,0.0,52.80000000000001,28.700000000000017,70
54.00048,2.6192203,0.0,-40.5259,-84.17807,0.0,57.5,-84.0,70
96.100296,-10.189244,0.0,96.439644,-58.476116,0.0,100.0,-34.5,70
-90.12143,-4.640623,0.0,-20.101652,6.1341305,0.0,-81.1,0.10000000000000853,70
88.569046,-90.40361,0.0,-64.24884,-81.97181,0.0,-16.69999999999999,-91.3,70
-31.160582,72.54662,0.0,-60.395584,77.81505,0.0,-68.9,86.9,70
54.51591,8.558922,0.0,-75.534935,-15.536428,0.0,54.5,20.900000000000006,70
19.0452,-12.586613,0.0,60.15888,-56.287956,0.0,27.700000000000003,-39.4,70
-45.42229,-5.674803,0.0,-97.70173,-33.068172,0.0,-83.7,0.10000000000000853,70
75.37445,20.718124,0.0,-17.171797,-51.98947,0.0,75.10000000000002,10.0,70
64.41593,-91.25971,0.0,-91.29259,50.513668,0.0,-80.6,-80.0,70
-35.82587,70.56662,0.0,-2.7484548,-98.14234,0.0,-35.8,-77.9,70
22.16018,-21.659742,0.0,25.90801,-77.234,0.0,27.400000000000006,-77.4,70
93.827995,-68.45845,0.0,-46.90238,-37.058575,0.0,96.80000000000001,-57.0,70
-89.40547,-95.5673,0.0,-32.757675,16.020061,0.0,-52.5,-77.1,70
-5.6160073,-97.4372,0.0,-2.75826,-44.109512,0.0,6.1000000000000085,-57.099999999999994,70
-20.278498,-75.45166,0.0,-25.80683,-77.52058,0.0,-33.5,-100.0,70
-27.641512,12.836761,0.0,34.89071,30.883808,0.0,-4.0,24.60000000000001,70
69.6464,-70.20866,0.0,97.2669,54.35936,0.0,100.0,24.900000000000006,70
13.922892,-0.7219405,0.0,-83.632744,28.905716,0.0,-85.7,-24.39999999999999,70
60.76557,-48.400932,0.0,71.02158,-91.51924,0.0,59.10000000000002,-81.2,70
68.55137,-93.4635,0.0,24.736195,15.222339,0.0,24.10000000000001,-78.6,70
88.37831,-84.08455,0.0,-75.25704,35.529,0.0,85.80000000000001,-84.3,70
56.03113,-70.81483,0.0,-98.392746,11.7074795,0.0,53.80000000000001,-96.7,70
-75.61025,32.11977,0.0,-56.712124,96.21187,0.0,-62.8,74.4,70
-27.322742,-34.531204,0.0,96.36846,26.606325,0.0,-45.9,28.80000000000001,70
37.713688,-76.586464,0.0,80.57677,26.578615,0.0,12.800000000000011,28.0,70
93.628494,-93.21785,0.0,71.44634,20.657879,0.0,100.0,5.700000000000003,70
28.265104,26.341072,0.0,23.882294,-80.56583,0.0,3.200000000000003,-83.0,70
25.743282,3.8406973,0.0,-91.76074,76.09301,0.0,-81.5,56.70000000000002,70
5.7887135,97.85035,0.0,69.070854,2.9082315,0.0,43.900000000000006,78.10000000000002,70
-89.56325,-63.828686,0.0,72.72214,-91.66223,0.0,-82.8,-81.7,70
79.90002,-93.09223,0.0,90.63002,28.898912,0.0,100.0,-76.1,70
-54.524097,-53.551132,0.0,-29.988567,-42.95524,0.0,-22.599999999999994,-48.4,70
80.02909,13.96744,0.0,65.829254,-17.286438,0.0,57.0,8.400000000000006,70
-0.17695639,-47.124065,0.0,-24.998217,26.894272,0.0,-37.5,-21.299999999999997,70
72.59806,95.77196,0.0,95.6013,-86.29749,0.0,100.0,78.60000000000002,70
-20.240425,-23.989122,0.0,-95.3155,72.47888,0.0,-92.2,32.0,70
35.111183,79.69367,0.0,-87.40206,-36.386547,0.0,-82.8,79.70000000000002,70
-87.289406,-36.530243,0.0,61.14694,39.433674,0.0,-88.8,-45.199999999999996,70
94.18925,-37.37339,0.0,37.938976,76.74971,0.0,94.20000000000002,100.0,70
25.772955,98.126854,0.0,-72.694954,-84.42824,0.0,31.30000000000001,99.0,70
-98.124,-99.76073,0.0,-17.169245,-26.809776,0.0,-69.7,-76.1,70
-97.37217,37.11843,0.0,-31.426918,-30.5365,0.0,-66.69999999999999,-3.0999999999999943,70
-4.351182,-44.98212,0.0,69.57424,-45.62034,0.0,13.300000000000011,-44.9,70
83.24603,18.7134,0.0,-79.79748,-87.07633,0.0,-54.0,-76.4,70
-99.82013,60.10619,0.0,-95.74427,40.491096,0.0,-97.9,50.30000000000001,70
17.651281,19.621223,0.0,-63.468063,-79.017586,0.0,29.0,-79.1,70
-58.80185,-83.17677,0.0,-46.651684,-2.6885226,0.0,-46.599999999999994,-83.4,70
55.43756,-93.03431,0.0,98.79649,64.22832,0.0,98.80000000000001,-83.6,70
37.586536,32.0667,0.0,3.8407245,-47.587574,0.0,34.30000000000001,20.60000000000001,70
-30.68928,-74.055374,0.0,-33.971676,-23.324734,0.0,-53.9,-56.0,70
-80.945076,35.391518,0.0,49.670197,-76.885025,0.0,-81.0,-82.8,70
-43.753613,55.776398,0.0,-42.681526,-16.171633,0.0,-42.599999999999994,19.80000000000001,70
-94.961624,-34.611687,0.0,-23.212025,-53.999893,0.0,-75.2,-14.899999999999991,70
75.88929,88.51191,0.0,49.47437,97.27596,0.0,62.70000000000002,93.20000000000002,70
-99.22212,-14.612502,0.0,-82.5885,33.99992,0.0,-91.3,9.600000000000009,70
8.049573,10.838337,0.0,56.46277,-61.80602,0.0,56.5,42.20000000000002,70
71.44979,7.4483113,0.0,88.05913,21.363733,0.0,79.5,16.0,70
66.4196,61.621807,0.0,-20.661781,81.45121,0.0,44.599999999999994,82.70000000000002,70
27.519197,21.970625,0.0,-83.74765,87.951454,0.0,-85.2,41.0,70
-5.483834,-98.674194,0.0,-85.7145,-38.15392,0.0,-83.3,-71.5,70
-40.361168,-12.064669,0.0,-50.66919,8.51193,0.0,-41.0,-0.5999999999999943,70
16.866049,20.467075,0.0,83.81751,5.310807,0.0,35.599999999999994,32.5,70
-53.739555,-69.74411,0.0,83.937744,83.298584,0.0,7.900000000000006,83.4,70
-12.26551,29.880543,0.0,-88.40179,-11.998073,0.0,-82.3,-0.7999999999999972,70
-59.977077,-90.758156,0.0,95.713615,95.15906,0.0,68.0,79.60000000000002,70
-46.623554,39.183815,0.0,-39.495186,28.486063,0.0,-43.3,33.599999999999994,70
-15.909098,22.966976,0.0,-19.225878,-31.840107,0.0,-46.099999999999994,-9.399999999999991,70
-43.738426,-54.346817,0.0,-86.72007,63.03027,0.0,-43.599999999999994,4.800000000000011,70
91.0075,-4.4723926,0.0,72.862785,28.20076,0.0,96.9,18.700000000000003,70
-47.800457,28.822826,0.0,52.38366,31.69984,0.0,14.200000000000003,19.30000000000001,70
53.058964,-22.116205,0.0,-6.9434147,30.741955,0.0,53.099999999999994,22.60000000000001,70
-62.502995,-83.62719,0.0,76.4896,75.55336,0.0,-76.5,-80.9,70
57.59116,57.220016,0.0,-14.80007,76.96733,0.0,57.70000000000002,79.9,70
-55.00596,-90.44949,0.0,53.53275,20.248737,0.0,65.4,-79.6,70
-36.913044,-57.175182,0.0,-77.9943,-33.60329,0.0,-42.599999999999994,-62.9,70
-79.159,63.928734,0.0,52.143353,71.81122,0.0,-79.5,20.60000000000001,70
93.13464,-73.48544,0.0,64.303345,49.45739,0.0,96.30000000000001,-14.599999999999994,70
-52.123806,-30.11477,0.0,-11.052131,-96.83748,0.0,-30.0,-77.8,70
-52.878746,36.133007,0.0,-40.551468,11.860362,0.0,-30.799999999999997,20.700000000000003,70
-71.81984,96.05193,0.0,-77.67041,13.414264,0.0,-97.2,67.60000000000002,70
64.69235,49.840115,0.0,-99.03714,18.489323,0.0,-82.4,46.30000000000001,70
-83.11914,83.83089,0.0,-37.304523,-62.192894,0.0,-58.199999999999996,85.30000000000001,70
-26.201244,-6.6116643,0.0,58.616837,86.91987,0.0,62.400000000000006,52.0,70
31.982267,-93.06633,0.0,50.959526,46.468937,0.0,90.70000000000002,-82.9,70
-5.707438,25.5694,0.0,-13.364434,78.93049,0.0,-25.599999999999994,24.30000000000001,70
-49.341015,16.313894,0.0,-48.53334,-43.616264,0.0,-47.199999999999996,-13.5,70
55.257774,-92.58285,0.0,13.251507,-91.16209,0.0,34.20000000000002,-92.6,70
-44.262074,-84.023186,0.0,30.426714,-95.76363,0.0,-8.799999999999997,-94.5,70
63.807404,-11.404433,0.0,29.51234,-97.1955,0.0,45.70000000000002,-76.0,70
27.041468,80.818054,0.0,-88.46398,-12.579688,0.0,-81.8,81.4,70
96.12123,-81.561005,0.0,55.324394,71.93993,0.0,70.5,-87.4,70
75.13866,4.0418468,0.0,-35.341827,-18.336899,0.0,-15.799999999999997,-44.8,70
-53.84916,21.897467,0.0,-35.89906,94.4745,0.0,-30.299999999999997,80.0,70
-38.901062,-98.14871,0.0,-7.9566,22.320267,0.0,-42.599999999999994,4.5,70
-20.45657,-53.787262,0.0,-95.807594,51.375015,0.0,-80.8,19.200000000000003,70
98.87512,-11.806306,0.0,-77.74309,-0.1715103,0.0,97.60000000000002,-17.19999999999999,70
-80.600914,90.5489,0.0,-39.446644,-85.92413,0.0,-50.3,82.20000000000002,70
72.01047,-83.690765,0.0,-17.419954,-35.547043,0.0,41.0,-57.5,70
51.294506,21.435137,0.0,84.245,89.397064,0.0,77.10000000000002,82.20000000000002,70
57.839302,4.6208596,0.0,-11.426261,-38.576336,0.0,58.10000000000002,-55.199999999999996,70
15.059729,-49.088345,0.0,70.103264,12.515651,0.0,49.900000000000006,-45.0,70
37.981575,-76.17738,0.0,40.07017,-95.63999,0.0,38.80000000000001,-87.6,70
95.6971,-84.568756,0.0,-48.59819,-23.084333,0.0,100.0,-73.0,70
-95.73441,-62.028866,0.0,-40.699524,-1.0974042,0.0,-60.199999999999996,-36.199999999999996,70
64.83458,33.01752,0.0,59.78885,-46.417156,0.0,60.30000000000001,-7.3999999999999915,70
-50.461082,22.03396,0.0,-68.261154,89.34078,0.0,-47.4,80.20000000000002,70
25.369267,-81.55812,0.0,-80.60975,76.66501,0.0,-80.7,-81.8,70
18.022192,34.665653,0.0,-97.20718,41.945377,0.0,-73.8,-7.599999999999994,70
-48.497173,44.01787,0.0,-11.326263,19.722599,0.0,-30.099999999999994,28.0,70
98.35092,-5.1568646,0.0,64.75639,68.26107,0.0,64.70000000000002,62.10000000000002,70
84.91864,2.5438104,0.0,-64.96233,91.298546,0.0,-34.599999999999994,73.70000000000002,70
-38.006832,-93.99767,0.0,-13.324246,-77.8042,0.0,-24.5,-93.7,70
30.163687,-50.896046,0.0,91.02988,-14.95299,0.0,79.70000000000002,-33.3,70
-30.459492,-10.987466,0.0,20.926369,-20.891293,0.0,-20.099999999999994,-63.0,70
57.493027,-17.47936,0.0,27.634977,-32.74808,0.0,58.30000000000001,-37.4,70
-25.003336,-35.146015,0.0,-27.255163,77.238106,0.0,-62.0,82.80000000000001,70
51.308674,-26.790457,0.0,95.88478,-75.62268,0.0,77.70000000000002,-86.0,70
-47.89665,-54.116825,0.0,6.853734,17.885195,0.0,-23.39999999999999,21.700000000000003,70
-78.82307,53.49832,0.0,58.903934,31.051598,0.0,-81.4,18.0,70
-17.871569,-80.26748,0.0,-96.684074,-88.84301,0.0,-59.3,-89.0,70
-13.031646,21.093798,0.0,72.47874,90.99779,0.0,43.099999999999994,31.0,70
-15.349158,31.500956,0.0,-17.840391,20.388792,0.0,-17.5,20.60000000000001,70
81.43612,22.245142,0.0,-78.9851,59.400284,0.0,-82.6,35.80000000000001,70
-35.38892,49.497562,0.0,-52.343517,-11.89981,0.0,-45.699999999999996,14.5,70
-84.55485,-55.152245,0.0,-52.608456,-14.437894,0.0,-87.2,-49.9,70
-37.055004,-65.94535,0.0,-36.46527,-23.479277,0.0,-39.9,-44.3,70
41.379353,-90.37356,0.0,19.57293,-7.022248,0.0,32.400000000000006,-80.7,70
-24.498615,28.55977,0.0,9.001428,78.98251,0.0,20.400000000000006,24.80000000000001,70
53.050198,-96.01242,0.0,96.761696,20.303226,0.0,70.4,6.700000000000003,70
22.012861,77.29614,0.0,20.83265,-89.22542,0.0,25.700000000000003,-76.8,70
51.27653,-46.3079,0.0,24.144773,88.238846,0.0,97.9,76.20000000000002,70
-75.74168,73.69048,0.0,-0.25395596,27.52308,0.0,-78.3,27.5,70
40.42154,-96.6786,0.0,52.33478,-82.059296,0.0,46.70000000000002,-90.7,70
-84.9172,-81.02919,0.0,61.5731,35.761295,0.0,56.30000000000001,-81.2,70
-42.13986,99.96096,0.0,-75.531975,-4.6951118,0.0,-84.8,78.5,70
29.850647,18.020376,0.0,59.772255,93.69683,0.0,56.70000000000002,12.100000000000009,70
23.688984,0.2325055,0.0,-82.32594,-54.133053,0.0,-81.8,-43.3,70
18.694603,-96.59104,0.0,15.419688,23.283537,0.0,31.30000000000001,-80.4,70
-52.486248,42.818855,0.0,-96.9259,2.2970164,0.0,-78.1,-14.199999999999989,70
-98.895294,-39.7489,0.0,-80.85762,-50.266888,0.0,-94.0,-45.4,70
86.00902,11.461717,0.0,-89.6439,-72.96577,0.0,-71.1,-95.6,70
-37.41757,97.9327,0.0,87.05339,93.075966,0.0,24.5,95.80000000000001,70
86.90405,0.7955148,0.0,-35.09149,-64.53017,0.0,-33.5,72.10000000000002,70
-45.024803,-88.68688,0.0,-94.05302,1.7783173,0.0,-78.8,-82.2,70
51.991367,-27.366951,0.0,34.651276,-85.68175,0.0,74.9,-81.0,70
-17.20427,-47.80153,0.0,-86.11005,43.194412,0.0,-78.5,13.400000000000006,70
67.924675,-8.096769,0.0,-82.14496,15.260024,0.0,-86.8,37.70000000000002,70
18.081453,-52.433273,0.0,66.70831,55.12069,0.0,50.099999999999994,-39.599999999999994,70
24.733881,91.85532,0.0,66.00205,-1.6847359,0.0,46.599999999999994,81.5,70
-38.426952,56.388065,0.0,88.542274,-92.045235,0.0,-26.700000000000003,-80.6,70
-27.017818,-9.967181,0.0,59.309525,94.36992,0.0,-15.0,74.0,70
-70.49829,86.84255,0.0,66.238075,-40.138767,0.0,44.80000000000001,84.10000000000002,70
-55.77999,86.61764,0.0,62.46722,66.65852,0.0,51.099999999999994,87.4,70
-98.97432,4.1690264,0.0,69.77626,97.72953,0.0,-74.8,77.0,70
29.644176,-47.24164,0.0,2.70699,-75.12394,0.0,12.100000000000009,-41.099999999999994,70
-8.7057085,-80.2796,0.0,59.37411,83.588165,0.0,59.400000000000006,-80.3,70
-82.42539,-80.37287,0.0,5.805011,6.8551397,0.0,-86.5,-67.6,70
52.206738,13.74916,0.0,-15.973111,-39.184433,0.0,52.20000000000002,-53.099999999999994,70
-99.93346,-22.811338,0.0,68.67193,-62.64507,0.0,-71.8,10.600000000000009,70
-25.524351,28.476288,0.0,-29.416494,98.479004,0.0,-59.0,31.599999999999994,70
-39.45946,-43.382034,0.0,58.580276,43.734993,0.0,58.60000000000002,-49.9,70
53.412292,9.090085,0.0,-85.778694,25.163465,0.0,-82.0,47.5,70
52.26662,49.43452,0.0,-57.155674,-86.11643,0.0,53.60000000000002,-84.2,70
68.41174,-64.040726,0.0,14.31951,-30.844889,0.0,23.80000000000001,-36.4,70
-1.3578908,89.35594,0.0,4.890497,13.823987,0.0,-0.7999999999999972,39.80000000000001,70
57.865875,28.666214,0.0,-88.04241,-24.108126,0.0,-84.0,19.60000000000001,70
-11.968106,-54.960274,0.0,62.060726,42.32104,0.0,50.599999999999994,20.900000000000006,70
92.44921,13.252566,0.0,-14.960021,-79.01833,0.0,96.70000000000002,12.600000000000009,70
21.861286,-6.881973,0.0,-76.12228,52.380875,0.0,3.5,46.599999999999994,70
58.59131,-3.8934557,0.0,-82.645134,-94.09184,0.0,58.5,-77.0,70
-34.816204,93.74185,0.0,-97.35668,-5.576866,0.0,-75.8,78.30000000000001,70
-32.11508,-80.73498,0.0,52.7689,69.112854,0.0,68.70000000000002,-82.2,70
-92.36523,87.80809,0.0,-39.84239,8.253259,0.0,-49.9,83.60000000000002,70
-77.619705,-39.098595,0.0,-98.75429,-27.431683,0.0,-88.7,-33.3,70
-75.54683,-1.4712499,0.0,19.936575,-16.213001,0.0,22.700000000000003,14.400000000000006,70
-44.51086,-13.132364,0.0,-39.36699,9.352542,0.0,-39.9,-1.7999999999999972,70
69.01285,-66.12492,0.0,-52.390938,39.267437,0.0,40.099999999999994,-57.4,70
-10.995852,16.605999,0.0,-4.7210636,27.514011,0.0,-9.399999999999991,24.200000000000003,70
1.6583542,-96.45914,0.0,-40.16802,-82.39216,0.0,-21.89999999999999,-93.5,70
70.950386,98.62943,0.0,-79.73982,82.97889,0.0,-35.89999999999999,93.0,70
81.967834,7.2400417,0.0,57.93354,48.710236,0.0,66.30000000000001,28.30000000000001,70
-31.042528,-15.498241,0.0,-75.89104,71.649704,0.0,-37.8,-18.39999999999999,70
-18.78703,6.323943,0.0,-95.20876,-69.625854,0.0,-79.7,-37.4,70
-50.18929,-88.98274,0.0,-93.79158,43.24943,0.0,-79.3,-82.8,70
73.35613,-85.57185,0.0,94.22485,-90.05148,0.0,83.9,-90.3,70
61.066372,-22.114637,0.0,-81.16268,45.418606,0.0,-87.9,63.80000000000001,70
45.865795,-50.39563,0.0,-40.698673,78.23462,0.0,-40.0,-25.89999999999999,70
-5.486755,-38.33482,0.0,1.2725464,-85.17471,0.0,-15.899999999999991,-87.1,70
-42.65988,-34.499245,0.0,51.5041,38.407955,0.0,-33.7,14.800000000000011,70
88.41194,11.971738,0.0,28.103958,-80.39941,0.0,69.5,-82.4,70
-31.97553,-12.345758,0.0,-53.802986,-0.067952044,0.0,-34.7,0.4000000000000057,70
50.842857,37.600517,0.0,-33.532993,-86.93556,0.0,-61.5,36.900000000000006,70
-50.301567,-50.06648,0.0,52.131603,1.9536297,0.0,56.60000000000002,-44.199999999999996,70
70.65194,80.9517,0.0,68.94189,-42.419735,0.0,59.0,82.10000000000002,70
-41.89197,44.335697,0.0,86.87787,78.5869,0.0,-39.4,83.0,70
98.569984,39.280865,0.0,4.5407443,-75.305565,0.0,80.10000000000002,-5.3999999999999915,70
65.91423,12.820641,0.0,9.92406,-48.95206,0.0,54.10000000000002,-45.4,70
57.94722,-59.69109,0.0,-29.216421,92.17695,0.0,58.70000000000002,81.70000000000002,70
56.31801,-33.35306,0.0,75.157776,25.616625,0.0,66.80000000000001,0.10000000000000853,70
-63.731552,-89.19632,0.0,81.98359,-80.275764,0.0,30.30000000000001,-89.2,70
17.473734,4.748376,0.0,-39.82203,-45.21264,0.0,27.0,-36.699999999999996,70
-99.99138,-3.7468965,0.0,20.945536,-31.241993,0.0,-71.8,-55.3,70
64.23351,-79.281,0.0,39.43627,31.956396,0.0,54.80000000000001,18.400000000000006,70
-84.15149,51.515453,0.0,-13.361033,25.146626,0.0,-80.8,27.10000000000001,70
-87.19782,-14.191288,0.0,15.425432,75.003975,0.0,-82.7,-21.299999999999997,70
-49.953423,78.61197,0.0,23.209038,99.90888,0.0,-13.199999999999989,90.0,70
-18.54114,85.322266,0.0,99.046906,-79.69761,0.0,99.10000000000002,85.30000000000001,70
-89.92266,6.826576,0.0,68.54068,-49.81153,0.0,-83.8,-19.0,70
-10.433267,84.051315,0.0,93.30571,60.630714,0.0,100.0,84.10000000000002,70
-52.766758,56.675495,0.0,60.44669,9.335452,0.0,55.60000000000002,27.80000000000001,70
17.292305,-12.476176,0.0,14.742346,86.76116,0.0,34.5,86.4,70
-79.12121,6.146875,0.0,-3.2377517,-99.72158,0.0,-79.2,-59.5,70
16.499842,-31.72005,0.0,-35.417675,-34.87043,0.0,-5.0,-46.5,70
-86.02225,-80.89253,0.0,40.394127,26.966906,0.0,-85.9,-1.0,70
-59.577934,-82.81363,0.0,98.89782,0.9238384,0.0,98.9,-83.5,70
93.52424,38.519173,0.0,99.69246,29.58142,0.0,100.0,30.599999999999994,70
78.30687,32.818394,0.0,97.910126,53.45688,0.0,98.0,14.600000000000009,70
72.67436,85.76764,0.0,4.8560643,-85.68733,0.0,44.0,56.30000000000001,70
24.948347,30.805803,0.0,-36.747787,-12.377515,0.0,-33.39999999999999,4.6000000000000085,70
-49.53586,13.450879,0.0,60.403954,27.527212,0.0,7.900000000000006,27.400000000000006,70
95.37271,34.041904,0.0,-19.886322,7.608937,0.0,-27.299999999999997,10.600000000000009,70
51.56894,46.076534,0.0,98.041245,18.049534,0.0,90.70000000000002,18.200000000000003,70
13.911695,1.4194555,0.0,83.80903,13.012611,0.0,43.0,38.70000000000002,70
-45.412285,93.4767,0.0,62.09183,48.554577,0.0,53.5,81.80000000000001,70
-78.82268,-12.771439,0.0,-52.192314,-53.4735,0.0,-93.4,-47.199999999999996,70
-81.69227,62.95981,0.0,37.113495,-75.6281,0.0,-87.2,38.900000000000006,70
-28.371822,-30.859343,0.0,1.6369623,-35.17262,0.0,-16.099999999999994,-41.699999999999996,70
-62.771065,-99.42997,0.0,-32.87066,23.868952,0.0,-53.0,-76.5,70
-76.54159,47.49806,0.0,86.62271,4.5432506,0.0,-80.4,50.0,70
61.310246,-83.05614,0.0,63.07854,-71.48077,0.0,57.900000000000006,-79.2,70
66.04635,97.81821,0.0,-10.53295,-98.67336,0.0,52.20000000000002,-81.3,70
-74.3418,93.77971,0.0,-45.757385,-44.03668,0.0,-45.8,79.30000000000001,70
97.25042,-98.70881,0.0,52.859306,-80.514275,0.0,75.0,-90.5,70
60.520794,-28.567524,0.0,67.177414,-24.933395,0.0,59.20000000000002,-27.099999999999994,70
-6.3065615,12.063382,0.0,-83.04313,89.55431,0.0,-80.6,76.0,70
-20.651783,88.670555,0.0,-50.22427,78.244316,0.0,-34.099999999999994,88.60000000000002,70
90.59816,-94.57921,0.0,97.45401,-82.970955,0.0,95.0,-90.6,70
75.43888,23.07626,0.0,65.442635,4.847324,0.0,65.80000000000001,20.900000000000006,70
55.20776,47.219543,0.0,-13.555205,87.68462,0.0,57.30000000000001,84.30000000000001,70
-16.90998,97.58379,0.0,41.040825,24.506163,0.0,9.600000000000009,79.70000000000002,70
-7.235715,23.10662,0.0,90.4629,-90.90194,0.0,18.700000000000003,-74.1,70
32.27266,-98.76447,0.0,-95.21241,39.35658,0.0,-76.9,-73.5,70
-68.04503,84.863174,0.0,-52.50353,-89.354126,0.0,-20.5,79.5,70
-75.15335,71.620834,0.0,65.116165,80.41383,0.0,56.5,52.099999999999994,70
7.7516446,-85.61795,0.0,66.85493,19.68104,0.0,48.70000000000002,-85.6,70
-44.94887,-29.715132,0.0,-17.989347,-39.105755,0.0,-31.799999999999997,-35.0,70
20.108778,21.03027,0.0,-83.705414,-23.474691,0.0,-83.7,13.5,70
45.219234,-86.10767,0.0,1.7673849,-35.075314,0.0,72.4,-63.6,70
66.65951,-94.65955,0.0,-96.40912,77.380714,0.0,-76.1,-77.6,70
24.887987,18.590218,0.0,92.80299,90.34078,0.0,64.30000000000001,84.70000000000002,70
-38.435562,63.011787,0.0,93.76877,-32.524666,0.0,-38.4,48.099999999999994,70
-43.752903,-58.864643,0.0,-37.11974,-33.743244,0.0,-38.699999999999996,-46.3,70
-89.1496,-54.70767,0.0,-29.682014,84.235466,0.0,-80.4,83.9,70
-79.49562,14.986813,0.0,-51.13071,98.28365,0.0,-81.9,76.80000000000001,70
25.45232,-91.7479,0.0,-96.24458,-98.928734,0.0,-35.7,-95.6,70
-78.0161,90.546555,0.0,92.29994,-57.12738,0.0,93.10000000000002,82.70000000000002,70
95.45154,-23.126347,0.0,-49.18629,-83.75416,0.0,100.0,-83.7,70
-30.552534,68.64141,0.0,96.50483,-50.238453,0.0,97.30000000000001,14.700000000000003,70
79.317314,83.04698,0.0,94.3511,-7.890719,0.0,99.4,83.0,70
50.78814,-58.46713,0.0,-92.14906,97.4477,0.0,65.10000000000002,77.4,70
61.575573,-87.02157,0.0,-1.5068704,29.021534,0.0,58.10000000000002,25.10000000000001,70
73.6497,-78.281715,0.0,99.377975,-15.932345,0.0,99.4,-90.6,70
91.73153,-51.111176,0.0,-83.6007,-10.467825,0.0,-83.0,-21.799999999999997,70
66.316505,28.6585,0.0,46.84672,21.492544,0.0,52.0,40.80000000000001,70
-42.71558,-67.68959,0.0,-36.747402,-49.95082,0.0,-42.8,-54.8,70
15.783195,97.64223,0.0,95.31525,46.93584,0.0,95.70000000000002,74.4,70
-10.316189,-29.966532,0.0,-98.43198,24.249886,0.0,-74.4,-30.099999999999994,70
15.127699,-92.062614,0.0,82.1835,-87.2387,0.0,48.400000000000006,-91.3,70
-99.56002,28.653698,0.0,-50.18069,-83.08416,0.0,-75.5,-84.2,70
76.77051,14.370837,0.0,57.98448,-8.870213,0.0,66.70000000000002,11.400000000000006,70
-54.489956,49.7986,0.0,-52.413303,-91.43833,0.0,-31.39999999999999,-8.0,70
-92.55666,-57.667957,0.0,-47.11757,-70.68129,0.0,-67.19999999999999,-100.0,70
-36.944386,-39.60201,0.0,-33.977192,-28.727516,0.0,-35.7,-34.2,70
-40.704586,-89.14913,0.0,51.147923,18.366243,0.0,-42.0,-42.199999999999996,70
-88.970856,-35.27733,0.0,-15.607514,-86.01502,0.0,-80.6,-80.4,70
-84.511406,36.352535,0.0,6.8945208,-92.074585,0.0,-84.5,-75.4,70
26.732178,-7.2503514,0.0,-9.764401,-93.94655,0.0,2.1000000000000085,-79.2,70
-30.769005,31.112879,0.0,-41.84355,-12.914206,0.0,-37.3,5.5,70
-17.336485,-43.474403,0.0,39.814175,90.42494,0.0,-78.4,80.10000000000002,70
-28.658478,30.804308,0.0,-89.36524,-96.11043,0.0,-72.8,-77.2,70
-29.169422,5.322845,0.0,-48.221012,-59.259674,0.0,-41.099999999999994,-21.5,70
-25.685005,88.029106,0.0,93.79479,-80.25673,0.0,100.0,84.5,70
-63.41077,-93.708275,0.0,-81.47139,12.438957,0.0,-83.0,-79.6,70
-47.784397,-76.82102,0.0,43.37269,31.18786,0.0,-30.200000000000003,6.800000000000011,70
-31.66152,-48.81435,0.0,97.20416,-31.120422,0.0,97.30000000000001,-44.8,70
56.667393,94.56048,0.0,15.819728,-2.9640276,0.0,34.599999999999994,77.4,70
-76.51401,38.512817,0.0,-76.916466,25.296186,0.0,-98.8,35.5,70
21.899563,29.57123,0.0,-60.167953,87.88311,0.0,-15.299999999999997,29.400000000000006,70
33.26411,88.476685,0.0,-75.5603,86.24299,0.0,-21.299999999999997,88.70000000000002,70
39.732853,-95.21823,0.0,-91.116455,-89.363716,0.0,-25.299999999999997,-94.5,70
-73.0301,93.17623,0.0,-77.90028,34.27583,0.0,-87.3,76.5,70
-90.9979,56.834694,0.0,-85.937386,-65.32688,0.0,-91.0,-4.099999999999994,70
-67.975235,87.16029,0.0,74.573326,-97.50009,0.0,-26.799999999999997,88.70000000000002,70
54.675716,-57.927635,0.0,81.86121,82.806145,0.0,78.60000000000002,82.70000000000002,70
-78.05695,-17.441141,0.0,-92.62605,93.395256,0.0,-94.4,31.599999999999994,70
-69.20725,-92.06805,0.0,19.696905,87.74439,0.0,-14.399999999999991,-54.599999999999994,70
23.505384,-1.8699666,0.0,-88.82236,-18.288044,0.0,-87.1,-32.39999999999999,70
-52.9234,10.777955,0.0,27.016289,1.8597957,0.0,-6.799999999999997,15.800000000000011,70
-38.93508,-2.967851,0.0,80.90199,1.8748553,0.0,-24.099999999999994,18.80000000000001,70
-76.80932,79.754944,0.0,-76.83968,-15.14277,0.0,-94.0,58.60000000000002,70
-34.216652,-50.982567,0.0,24.084982,-14.411813,0.0,13.200000000000003,-30.299999999999997,70
9.812054,-90.40355,0.0,-43.046165,-66.447266,0.0,-36.699999999999996,-87.4,70
-2.427985,-47.612247,0.0,25.06007,26.970026,0.0,19.700000000000003,-24.299999999999997,70
-38.76363,45.105976,0.0,-35.524864,1.2892021,0.0,-39.5,23.60000000000001,70
43.82808,-98.51018,0.0,-89.35788,15.911583,0.0,-82.2,-73.5,70
-87.64681,-44.31476,0.0,68.78705,13.017122,0.0,-83.6,-59.699999999999996,70
-44.216873,-6.2123456,0.0,24.567173,-44.51591,0.0,-24.799999999999997,-35.89999999999999,70
-23.081821,-84.077614,0.0,-99.402176,-77.80833,0.0,-71.7,-87.3,70
50.023624,-77.321236,0.0,8.841,-87.652954,0.0,34.70000000000002,-93.2,70
-9.367164,21.759941,0.0,-44.831223,-49.528454,0.0,-33.3,9.300000000000011,70
64.092804,80.22335,0.0,-76.89817,-46.591904,0.0,-82.3,93.30000000000001,70
95.97355,26.768257,0.0,57.38267,-14.169848,0.0,64.80000000000001,3.200000000000003,70
54.010498,-83.79351,0.0,-9.456244,92.45492,0.0,71.20000000000002,81.20000000000002,70
14.80816,-96.78784,0.0,-4.6388407,-79.568245,0.0,5.1000000000000085,-89.0,70
-86.20702,-82.57723,0.0,40.311493,-83.70565,0.0,-44.4,-93.8,70
22.968237,-14.546081,0.0,94.78761,-20.902468,0.0,21.700000000000003,5.900000000000006,70
46.91923,80.78351,0.0,19.21165,-40.965366,0.0,33.30000000000001,80.70000000000002,70
-89.657005,-22.314178,0.0,-90.97835,-86.82366,0.0,-92.0,-54.8,70
14.48387,81.399254,0.0,-0.28066966,-87.33294,0.0,24.80000000000001,-92.9,70
-31.95554,-4.479762,0.0,-95.272865,-60.3204,0.0,-64.9,-38.699999999999996,70
23.15442,11.808304,0.0,55.676758,77.33182,0.0,7.800000000000011,39.099999999999994,70
-81.30228,56.980812,0.0,-16.226555,17.538704,0.0,-81.2,33.80000000000001,70
-8.622621,99.02358,0.0,-63.564507,-87.04966,0.0,-9.799999999999997,100.0,70
71.92891,-77.1606,0.0,-33.851044,2.958891,0.0,-30.299999999999997,-78.7,70
13.576706,-41.090595,0.0,-47.00639,79.42368,0.0,-30.099999999999994,-40.199999999999996,70
-70.67587,-84.559425,0.0,26.846579,-42.586727,0.0,1.5,-55.8,70
-75.90992,49.35592,0.0,76.247086,-92.90764,0.0,40.0,-50.199999999999996,70
37.142754,-51.217834,0.0,-89.530396,-0.72317487,0.0,-82.3,-13.0,70
-95.2632,69.75099,0.0,32.105568,97.138885,0.0,-76.5,84.30000000000001,70
28.53076,-98.56013,0.0,19.693436,-26.669252,0.0,28.700000000000017,-68.2,70
53.68761,-54.26431,0.0,-82.01156,-70.89204,0.0,-82.3,-9.599999999999994,70
48.772736,-90.39877,0.0,-85.754814,15.473301,0.0,-85.1,-80.2,70
-82.52933,-92.75918,0.0,-57.24342,-95.91071,0.0,-69.9,-95.1,70
-82.10582,-35.649193,0.0,-44.914948,-29.791748,0.0,-78.5,-15.299999999999997,70
5.7696204,-29.930872,0.0,55.128365,-94.44952,0.0,27.900000000000006,-72.4,70
50.88031,-3.5034668,0.0,78.28966,-86.2666,0.0,86.70000000000002,-84.3,70
-47.38076,18.080994,0.0,21.843632,-49.751633,0.0,-27.599999999999994,-28.39999999999999,70
59.69542,60.155415,0.0,17.593777,24.276442,0.0,57.900000000000006,30.900000000000006,70
55.481476,45.16867,0.0,-96.71403,65.619644,0.0,-96.5,66.9,70
7.5798855,23.153824,0.0,-45.74185,-26.322302,0.0,-23.19999999999999,19.30000000000001,70
96.99305,65.91899,0.0,-79.07493,-59.8096,0.0,-86.9,-56.4,70
12.799708,-77.73449,0.0,66.17522,-50.97371,0.0,42.70000000000002,-81.1,70
-14.137849,-35.625492,0.0,-12.999283,28.668978,0.0,-41.5,-20.0,70
63.022686,2.5102177,0.0,-26.189964,-46.64525,0.0,56.10000000000002,-48.0,70
-29.828724,92.44329,0.0,-97.28797,-7.8104773,0.0,-74.7,77.9,70
-88.51997,-45.278175,0.0,-40.637325,-3.963509,0.0,-82.4,-41.5,70
-79.86738,26.518883,0.0,-97.63312,-78.45257,0.0,-98.4,-18.5,70
36.16448,-42.616943,0.0,-75.01714,-49.561447,0.0,4.300000000000011,-60.4,70
91.30422,-3.2956228,0.0,35.377285,-89.60936,0.0,97.70000000000002,-81.1,70
-24.152235,-50.214714,0.0,77.46369,17.258965,0.0,77.9,8.5,70
-24.978058,-24.060316,0.0,80.91249,34.272823,0.0,-17.5,-57.599999999999994,70
-11.97087,-40.421783,0.0,-54.533478,54.78495,0.0,-1.6999999999999886,-40.4,70
-79.94962,-43.112694,0.0,-19.996178,81.543144,0.0,-80.0,81.5,70
-33.351337,64.99704,0.0,-36.868095,-84.437355,0.0,-52.699999999999996,-37.4,70
-25.902601,-84.70468,0.0,32.700794,-51.419186,0.0,-25.39999999999999,-86.9,70
41.79671,21.653074,0.0,50.70146,67.45598,0.0,77.4,60.5,70
-32.005814,21.39918,0.0,-43.22439,-94.312965,0.0,-41.599999999999994,-30.099999999999994,70
-8.02308,-48.62165,0.0,49.733334,22.616697,0.0,-26.299999999999997,-31.099999999999994,70
61.987,-90.25366,0.0,-77.06128,81.731026,0.0,56.30000000000001,81.9,70
-11.58102,-30.450054,0.0,-60.17987,98.57887,0.0,-17.5,12.200000000000003,70
61.616543,8.84089,0.0,-76.9112,-23.133842,0.0,55.10000000000002,8.0,70
-83.01239,-70.44407,0.0,25.770128,-26.819855,0.0,-83.1,-60.5,70
63.706512,-89.14938,0.0,15.302921,91.47441,0.0,52.900000000000006,83.4,70
-14.338782,14.252321,0.0,48.6446,21.173544,0.0,-7.0,38.80000000000001,70
18.55658,95.93781,0.0,87.26782,18.853619,0.0,100.0,60.70000000000002,70
-71.4573,-84.33023,0.0,-84.7295,44.076107,0.0,-84.7,-83.5,70
36.11559,96.04036,0.0,-22.862312,14.406839,0.0,-62.1,73.10000000000002,70
70.86362,-75.05643,0.0,59.440926,-81.479416,0.0,37.30000000000001,-94.5,70
-55.03053,-79.809975,0.0,39.031116,-43.451355,0.0,-14.299999999999997,-59.0,70
54.485504,37.243683,0.0,-70.03156,79.19853,0.0,54.5,79.20000000000002,70
-96.662445,65.24569,0.0,69.7063,52.643738,0.0,-74.9,27.900000000000006,70
-76.431465,-22.941898,0.0,81.08454,-81.88652,0.0,2.200000000000003,-87.2,70
-43.59541,12.767681,0.0,73.15207,6.8487253,0.0,43.30000000000001,33.099999999999994,70
-83.99935,28.837439,0.0,-13.048094,-48.462593,0.0,-83.4,13.600000000000009,70
-96.09473,-80.548355,0.0,-78.23734,22.210129,0.0,-96.1,-34.8,70
-60.440186,-83.54704,0.0,61.362225,63.647415,0.0,57.80000000000001,-83.9,70
-80.28041,-8.594217,0.0,-65.34169,-85.01142,0.0,-80.6,-84.9,70
72.1045,15.979861,0.0,-45.540558,94.56964,0.0,44.80000000000001,77.30000000000001,70
-46.820087,-93.25726,0.0,-48.804943,-89.56275,0.0,-47.599999999999994,-92.0,70
67.58075,26.94945,0.0,11.42038,94.90006,0.0,47.30000000000001,77.60000000000002,70
-5.6924686,18.740856,0.0,-88.14388,-4.8552427,0.0,-80.3,5.700000000000003,70
-3.0899322,30.455921,0.0,84.41385,32.480515,0.0,39.30000000000001,25.400000000000006,70
-46.79024,-68.94807,0.0,-40.523407,-96.46415,0.0,-40.099999999999994,-83.4,70
-91.08072,-20.651512,0.0,-87.80205,5.8686876,0.0,-90.9,-7.3999999999999915,70
-39.015724,-5.8509674,0.0,-24.362879,-53.788757,0.0,-36.3,-19.0,70
44.663548,79.08686,0.0,-0.47326675,-82.66028,0.0,40.599999999999994,82.4,70
-5.823679,19.530523,0.0,49.465702,-89.466675,0.0,9.900000000000006,-75.3,70
54.401096,-95.67058,0.0,-87.88134,-48.92173,0.0,-84.0,-77.1,70
-35.90924,-37.91602,0.0,50.92564,-12.549371,0.0,-12.0,-48.199999999999996,70
63.57826,6.7120533,0.0,65.87537,-87.85019,0.0,54.900000000000006,-62.9,70
21.77916,8.574256,0.0,93.58736,-80.39513,0.0,23.80000000000001,-80.8,70
-26.239521,-5.431667,0.0,8.016485,-43.35024,0.0,-47.4,-30.0,70
-13.158619,-32.68741,0.0,-52.107098,-44.116367,0.0,-32.7,-38.4,70
-39.76089,7.1925883,0.0,-50.586555,26.685612,0.0,-39.5,18.10000000000001,70
-37.60911,-97.28072,0.0,-80.62802,68.437775,0.0,-80.7,-78.5,70
44.417145,-89.72235,0.0,5.8075366,-38.161705,0.0,69.70000000000002,-60.4,70
-77.27655,-95.177124,0.0,64.85323,-88.58219,0.0,4.6000000000000085,-94.1,70
-57.81442,-80.582954,0.0,-31.436584,28.01286,0.0,-57.4,-83.4,70
97.03625,40.67461,0.0,3.6104228,80.24152,0.0,97.10000000000002,80.30000000000001,70
58.617935,88.32011,0.0,-95.4901,44.23195,0.0,-78.4,84.10000000000002,70
-77.57284,38.560123,0.0,69.599525,77.94975,0.0,-88.4,99.10000000000002,70
63.141605,52.51884,0.0,98.78584,-11.218626,0.0,63.900000000000006,57.80000000000001,70
2.8692632,-76.78926,0.0,-27.829767,-12.042865,0.0,-21.39999999999999,-88.0,70
-42.79466,60.02988,0.0,-52.832653,83.245,0.0,-42.699999999999996,78.70000000000002,70
65.16293,58.50989,0.0,-79.40072,32.891014,0.0,-82.5,39.900000000000006,70
-54.908306,4.8564754,0.0,-26.300581,-10.466603,0.0,-39.5,4.200000000000003,70
-25.573696,-95.81892,0.0,-50.314854,71.99953,0.0,-29.099999999999994,-79.9,70
-36.15265,49.563614,0.0,-53.353104,-58.47403,0.0,-36.199999999999996,-10.5,70
-91.6011,-95.897484,0.0,-46.64719,72.919685,0.0,-46.699999999999996,-78.2,70
97.384796,27.317974,0.0,-9.330189,-39.56164,0.0,97.5,-57.099999999999994,70
-1.616895,-97.10069,0.0,51.300766,-51.85309,0.0,73.70000000000002,-74.6,70
-28.80978,9.517862,0.0,-51.027035,95.70729,0.0,-32.0,34.30000000000001,70
-82.27776,-43.902912,0.0,-85.36251,30.195595,0.0,-87.2,-7.8999999999999915,70
-58.819256,81.52991,0.0,68.91741,-85.1142,0.0,42.599999999999994,83.30000000000001,70
-76.78343,-20.885033,0.0,-38.876316,-59.204258,0.0,-39.099999999999994,-65.19999999999999,70
-13.3932085,81.21921,0.0,49.191307,97.103226,0.0,18.0,90.20000000000002,70
-15.380486,84.01053,0.0,-13.9682255,-91.149994,0.0,-52.0,-86.1,70
99.91108,-78.70721,0.0,34.91517,-44.68691,0.0,97.30000000000001,-49.9,70
-97.55029,25.107023,0.0,-76.83023,60.227177,0.0,-100.0,33.400000000000006,70
-42.61004,44.84681,0.0,9.671284,-80.919395,0.0,-26.89999999999999,-83.3,70
23.120678,-77.79344,0.0,-26.898354,94.55017,0.0,13.100000000000009,85.60000000000002,70
33.627106,92.07861,0.0,-43.728203,25.281239,0.0,-37.699999999999996,82.10000000000002,70
-87.14817,36.569355,0.0,64.70361,56.05382,0.0,-79.9,58.10000000000002,70
15.088819,-79.16107,0.0,-86.292625,-54.51959,0.0,-82.4,-85.7,70
-30.966852,98.63423,0.0,-41.920876,28.234411,0.0,-43.599999999999994,73.60000000000002,70
-90.42216,-48.277473,0.0,-29.717089,77.48062,0.0,-79.3,74.70000000000002,70
-35.839787,-3.548586,0.0,83.32688,11.654111,0.0,8.200000000000003,42.0,70
-26.972078,82.8614,0.0,-71.66951,99.1097,0.0,-49.3,91.70000000000002,70
5.859549,-54.68795,0.0,-38.75209,67.41193,0.0,-38.8,-6.3999999999999915,70
58.654606,-6.390919,0.0,23.616388,-19.906223,0.0,23.900000000000006,7.200000000000003,70
-90.21275,36.312572,0.0,58.0627,-79.2317,0.0,-80.9,-89.1,70
27.36392,-10.804843,0.0,-66.17312,99.83167,0.0,-25.5,63.60000000000002,70
93.16415,36.07193,0.0,76.22106,75.71645,0.0,99.20000000000002,40.20000000000002,70
-33.27805,-65.31234,0.0,-28.33039,-78.60946,0.0,-42.3,-86.8,70
-86.933365,80.258316,0.0,59.771477,99.699684,0.0,-51.099999999999994,98.5,70
-78.04151,-43.53899,0.0,99.34278,-94.14368,0.0,-89.6,-76.9,70
-34.91999,25.143908,0.0,82.32406,94.772064,0.0,-47.599999999999994,79.4,70
-38.175316,36.2772,0.0,56.676373,-19.794485,0.0,64.0,-5.5,70
-24.531633,-82.28863,0.0,-33.948616,37.304527,0.0,-31.89999999999999,-82.3,70
-38.644882,83.689064,0.0,81.41306,-86.093475,0.0,-38.0,-85.2,70
59.7444,0.99727035,0.0,57.465706,-11.540059,0.0,59.900000000000006,-5.599999999999994,70
80.92086,25.65317,0.0,-29.046879,93.21042,0.0,-53.8,30.5,70
84.360176,-81.776085,0.0,-81.88346,96.53229,0.0,-88.3,-81.9,70
-74.181694,76.88091,0.0,52.55633,-37.547596,0.0,64.20000000000002,-30.700000000000003,70
-25.35645,-77.79376,0.0,-44.882633,71.23198,0.0,-33.3,-82.4,70
77.80475,76.5624,0.0,-90.64987,21.876278,0.0,-84.6,80.60000000000002,70
-4.7917714,-77.23968,0.0,-28.68744,-52.608097,0.0,-57.8,-78.8,70
-41.415653,8.8614435,0.0,-89.54747,30.665888,0.0,-93.6,26.10000000000001,70
-45.04309,69.46853,0.0,-15.005757,25.668718,0.0,-36.0,25.700000000000003,70
8.307304,94.79039,0.0,5.8876624,81.79757,0.0,7.300000000000011,90.0,70
72.21678,78.16455,0.0,-95.727135,32.751568,0.0,-77.4,88.60000000000002,70
-82.92526,-39.268085,0.0,-42.54876,10.177496,0.0,-84.4,-18.599999999999994,70
20.80155,-54.75948,0.0,-16.46251,83.79854,0.0,8.700000000000003,83.80000000000001,70
-28.697554,17.124695,0.0,93.886856,-18.491982,0.0,96.30000000000001,36.400000000000006,70
62.77988,-2.077528,0.0,30.949675,79.30888,0.0,53.900000000000006,79.70000000000002,70
68.18176,-30.075653,0.0,17.992926,8.207509,0.0,27.60000000000001,-60.0,70
53.74682,24.291946,0.0,-83.027054,38.761616,0.0,-83.0,36.20000000000002,70
-84.07679,13.016778,0.0,-82.55517,47.81311,0.0,-85.3,30.200000000000017,70
50.36098,62.388165,0.0,57.43631,69.13939,0.0,66.5,56.30000000000001,70
59.350197,97.217316,0.0,-84.41364,5.5950427,0.0,-84.4,77.4,70
95.2652,-58.04875,0.0,-50.233208,63.758034,0.0,97.9,-15.699999999999989,70
35.415195,87.53786,0.0,-97.49057,44.810986,0.0,-77.2,84.10000000000002,70
-29.27334,-52.85844,0.0,-4.1029997,96.097435,0.0,-24.200000000000003,81.4,70
-83.56218,-18.279385,0.0,-76.66975,-99.736595,0.0,-87.6,-71.6,70
-76.812614,1.7966914,0.0,-22.963957,-20.873335,0.0,-85.3,2.700000000000003,70
-38.497593,63.716076,0.0,0.7374873,-36.37377,0.0,-38.199999999999996,-36.4,70
-37.22868,-6.3354816,0.0,81.116394,32.15346,0.0,-30.299999999999997,13.100000000000009,70
58.89546,-0.37082398,0.0,-37.952892,-60.233437,0.0,-37.699999999999996,22.900000000000006,70
37.94373,-78.770355,0.0,35.145805,-99.2396,0.0,36.599999999999994,-89.5,70
-84.058105,-43.897102,0.0,90.329124,91.46475,0.0,-84.0,81.9,70
-86.33116,94.45498,0.0,57.453983,17.04012,0.0,57.5,79.70000000000002,70
-24.516176,-82.15694,0.0,-90.951256,-89.65213,0.0,-58.0,-90.6,70
81.89428,3.2647388,0.0,37.501904,28.390331,0.0,59.900000000000006,24.5,70
11.020455,-51.156548,0.0,99.507385,-80.57913,0.0,99.70000000000002,-49.0,70
-7.1200514,-91.75357,0.0,-93.236115,36.87608,0.0,-78.9,-71.5,70
98.59637,-90.9391,0.0,54.50161,-12.694382,0.0,70.0,-82.5,70
93.73759,55.58626,0.0,-87.59838,95.456696,0.0,97.5,80.30000000000001,70
-89.067474,-64.98088,0.0,73.80461,-88.89924,0.0,-83.4,-84.5,70
-35.4182,-36.352222,0.0,-47.709053,-39.33173,0.0,-40.3,-38.0,70
91.72413,88.225334,0.0,-2.0377605,-50.383465,0.0,87.80000000000001,89.70000000000002,70
37.62083,84.307465,0.0,-91.066055,-56.665993,0.0,-79.9,84.30000000000001,70
76.39338,29.22258,0.0,59.68579,1.7317098,0.0,68.0,15.5,70
56.89014,-41.36573,0.0,-45.007553,45.578983,0.0,-23.700000000000003,-61.9,70
-12.371622,-41.56609,0.0,-34.178913,94.14645,0.0,-56.8,-8.099999999999994,70
-51.317856,23.464968,0.0,8.75779,-75.56424,0.0,-40.8,-16.69999999999999,70
13.066745,-31.065327,0.0,54.615284,-69.6604,0.0,54.70000000000002,-69.1,70
57.66512,-59.090263,0.0,-72.33608,93.60545,0.0,59.30000000000001,80.5,70
-35.0622,93.20443,0.0,87.08371,-86.017876,0.0,-45.199999999999996,-84.5,70
-12.844597,-40.0084,0.0,23.195591,82.768974,0.0,-18.099999999999994,-42.599999999999994,70
-4.4746027,12.871228,0.0,-51.063797,-62.97627,0.0,-20.39999999999999,21.400000000000006,70
-37.144936,11.770101,0.0,-81.04011,15.08063,0.0,-50.8,18.10000000000001,70
73.404945,20.682062,0.0,66.21681,-0.7082724,0.0,61.60000000000002,17.900000000000006,70
-7.17333,-38.018307,0.0,88.0536,88.97933,0.0,94.10000000000002,76.10000000000002,70
22.393425,-80.21749,0.0,-81.85189,84.6737,0.0,-83.1,-81.1,70
10.410156,25.427456,0.0,95.02062,49.22188,0.0,98.9,31.700000000000017,70
54.773415,-92.07329,0.0,46.724144,82.49002,0.0,71.10000000000002,80.70000000000002,70
93.500496,-30.072258,0.0,-90.80671,26.466047,0.0,-79.1,20.80000000000001,70
68.11765,-57.73959,0.0,-9.861712,-78.07918,0.0,33.5,-92.6,70
79.451035,1.7467623,0.0,-19.801167,26.817743,0.0,19.5,17.5,70
-53.01091,-37.88789,0.0,39.42906,-79.421326,0.0,-11.399999999999991,-79.5,70
79.3444,24.235966,0.0,-48.181393,46.907894,0.0,-28.200000000000003,32.20000000000002,70
-41.14916,-3.0973942,0.0,-46.987446,-13.089643,0.0,-41.199999999999996,-8.0,70
84.88146,15.987591,0.0,49.15323,34.132244,0.0,58.70000000000002,12.400000000000006,70
-16.664343,-82.99943,0.0,-81.63563,-76.28374,0.0,-76.4,-87.4,70
-79.2313,-59.403374,0.0,-31.14778,-61.97106,0.0,-84.2,-60.5,70
-96.82802,-57.389095,0.0,-8.516554,-44.513783,0.0,-74.2,-44.8,70
-98.03125,-30.340836,0.0,-25.995087,-23.525198,0.0,-74.9,-30.700000000000003,70
-48.131874,-85.88686,0.0,-54.639194,62.952023,0.0,-37.699999999999996,-58.3,70
89.6028,89.24049,0.0,-46.655476,-86.1869,0.0,-20.299999999999997,84.20000000000002,70
99.49834,-91.14498,0.0,56.941803,42.410892,0.0,99.9,-10.699999999999989,70
-99.32157,60.442616,0.0,95.62908,-75.48378,0.0,-76.4,42.599999999999994,70
-53.552563,58.15908,0.0,75.35817,17.25688,0.0,42.099999999999994,57.0,70
24.729355,-23.037813,0.0,-26.724266,-10.27305,0.0,-23.799999999999997,-49.599999999999994,70
-44.982346,13.905108,0.0,28.423206,26.964499,0.0,-8.399999999999991,20.5,70
-42.552776,92.92966,0.0,-75.93787,80.08489,0.0,-58.699999999999996,87.9,70
49.425552,31.137362,0.0,61.618958,59.256878,0.0,57.0,32.80000000000001,70
-11.578549,15.221225,0.0,90.383644,41.134827,0.0,25.200000000000003,35.80000000000001,70
-21.960695,-79.2012,0.0,51.55818,41.352627,0.0,69.0,-83.1,70
-19.266998,-42.4654,0.0,4.5995817,-47.031662,0.0,-6.8999999999999915,-42.4,70
-83.49841,-41.89143,0.0,-81.87033,-75.09324,0.0,-87.9,-60.099999999999994,70
-52.838688,30.835775,0.0,-29.865156,-84.59094,0.0,-30.5,-84.2,70
24.113367,85.502,0.0,55.86926,-10.091989,0.0,56.0,84.80000000000001,70
22.750051,-81.65961,0.0,99.77191,-92.994026,0.0,59.60000000000002,-92.1,70
-85.30757,79.614204,0.0,84.28697,94.19266,0.0,-62.699999999999996,96.5,70
-69.58655,81.169334,0.0,-20.58282,-93.055954,0.0,-43.0,94.4,70
7.34001,93.944595,0.0,86.644554,24.615505,0.0,72.30000000000001,26.700000000000003,70
53.115612,1.4245332,0.0,20.551407,-38.07596,0.0,25.60000000000001,-0.7999999999999972,70
-20.12977,-87.30049,0.0,18.572401,17.221943,0.0,28.0,-83.1,70
35.799126,85.24684,0.0,99.279655,70.972855,0.0,98.9,83.60000000000002,70
63.196507,-17.196981,0.0,-93.18177,62.07891,0.0,-97.8,58.30000000000001,70
-1.6128553,20.610163,0.0,-88.408424,-63.796078,0.0,-83.9,-9.0,70
5.593296,23.942892,0.0,-31.639513,10.182976,0.0,-17.89999999999999,20.900000000000006,70
-32.154644,30.070927,0.0,50.65808,-14.809389,0.0,28.099999999999994,7.5,70
87.881386,6.3635077,0.0,80.81996,4.6577244,0.0,86.20000000000002,12.600000000000009,70
-36.071056,43.767975,0.0,1.966208,-82.68807,0.0,-27.700000000000003,-82.7,70
-73.235565,97.68251,0.0,54.62835,-71.53028,0.0,54.70000000000002,78.70000000000002,70
-30.571817,-98.07398,0.0,-6.8191004,80.18107,0.0,-67.19999999999999,83.10000000000002,70
68.61449,87.74947,0.0,-42.63957,97.14618,0.0,12.800000000000011,93.10000000000002,70
75.00745,93.67539,0.0,37.81379,23.932379,0.0,42.30000000000001,35.80000000000001,70
-84.909966,72.75305,0.0,-28.205791,34.071556,0.0,-84.7,21.30000000000001,70
25.962677,7.6613965,0.0,-87.14107,-21.223886,0.0,-82.0,34.80000000000001,70
15.412673,84.97352,0.0,-94.47722,-11.376214,0.0,-76.9,84.9,70
25.501236,-7.7893105,0.0,-54.56521,-6.7156277,0.0,12.0,8.5,70
-10.943324,92.02878,0.0,-53.193527,-80.01995,0.0,0.30000000000001137,83.80000000000001,70
-76.667145,34.122715,0.0,57.647476,84.55079,0.0,-77.9,84.60000000000002,70
15.875342,-98.635666,0.0,-95.4715,-58.448494,0.0,-77.0,-78.9,70
62.66706,59.272614,0.0,-37.537983,-21.03919,0.0,58.400000000000006,58.400000000000006,70
-41.421432,14.863931,0.0,64.99768,48.097145,0.0,46.900000000000006,33.20000000000002,70
84.70485,9.265577,0.0,-83.74179,19.76269,0.0,-79.5,36.0,70
-54.331226,-16.64692,0.0,-94.715805,67.60645,0.0,-72.6,-30.700000000000003,70
57.705875,51.500965,0.0,-51.108883,4.497104,0.0,58.900000000000006,40.099999999999994,70
-6.662848,28.560186,0.0,21.688017,-53.033348,0.0,16.400000000000006,6.300000000000011,70
44.11134,92.469505,0.0,-2.6450756,-85.586685,0.0,50.20000000000002,97.10000000000002,70
-13.592825,-85.22118,0.0,-44.712944,-33.663788,0.0,-36.199999999999996,-84.8,70
-46.68866,16.772581,0.0,-25.445852,1.0026397,0.0,-36.4,9.300000000000011,70
50.021996,21.623169,0.0,-83.59279,50.697723,0.0,-83.6,41.80000000000001,70
-95.70185,-71.52214,0.0,-44.23916,-97.999405,0.0,-78.0,-87.8,70
88.486374,-94.762695,0.0,-65.8528,-78.90455,0.0,44.70000000000002,-91.9,70
98.2899,43.37673,0.0,92.564896,-40.821865,0.0,100.0,-0.5999999999999943,70
66.7782,87.843414,0.0,-49.362576,10.026979,0.0,51.30000000000001,43.20000000000002,70
16.67197,-18.419373,0.0,-53.68876,-31.178726,0.0,18.30000000000001,-33.8,70
-97.84291,-9.779839,0.0,-96.602776,90.99258,0.0,-97.5,40.400000000000006,70
24.24865,1.0509132,0.0,27.814566,80.262566,0.0,2.700000000000003,17.80000000000001,70
-75.3274,19.919308,0.0,87.31376,-98.84338,0.0,79.0,-82.9,70
99.58205,71.40656,0.0,-45.12075,-75.05288,0.0,-47.099999999999994,6.0,70
-80.52164,-28.186121,0.0,-98.52588,-1.5788378,0.0,-90.8,-14.599999999999994,70
7.423243,-77.57736,0.0,36.88846,85.527214,0.0,54.400000000000006,93.10000000000002,70
86.918396,33.533833,0.0,-63.47612,98.108955,0.0,-18.099999999999994,33.5,70
-39.569542,-48.419212,0.0,-22.799294,26.849707,0.0,-37.5,-12.699999999999989,70
-47.953587,54.9954,0.0,53.340725,70.20938,0.0,-32.2,23.10000000000001,70
-30.571445,-21.64701,0.0,63.980232,-43.031445,0.0,-1.6999999999999886,-56.5,70
-28.705526,98.08785,0.0,-18.448757,87.27901,0.0,-23.599999999999994,93.0,70
-98.38225,-36.989124,0.0,59.074345,-71.08905,0.0,-72.0,-36.599999999999994,70
-83.641235,45.988987,0.0,59.93726,17.948944,0.0,58.5,13.0,70
40.413673,-48.318718,0.0,-27.933617,-23.423285,0.0,-13.799999999999997,-41.9,70
-78.98942,-62.28822,0.0,-49.276905,1.4562482,0.0,-50.5,-42.599999999999994,70
15.159588,-8.466061,0.0,-75.69416,42.671703,0.0,-49.3,57.60000000000002,70
-39.200546,-34.156548,0.0,-45.16633,-64.06601,0.0,-39.199999999999996,-49.199999999999996,70
-36.464485,-44.504673,0.0,-18.806355,29.668118,0.0,-38.199999999999996,-9.699999999999989,70
-11.549434,76.106544,0.0,96.14588,9.964482,0.0,100.0,83.9,70
-21.885578,-39.224873,0.0,-9.608943,-43.938248,0.0,-16.5,-42.099999999999994,70
-75.88396,40.2561,0.0,3.654073,-98.76332,0.0,-100.0,-75.1,70
-98.51433,-68.76115,0.0,41.434666,27.8133,0.0,-82.7,-0.8999999999999915,70
-45.256798,-54.82482,0.0,55.635265,-90.4671,0.0,-34.7,-81.7,70
32.02705,87.79925,0.0,-42.304253,-66.957886,0.0,-19.0,82.5,70
-39.757534,-89.72605,0.0,23.385311,-51.54615,0.0,-38.8,-40.099999999999994,70
90.09328,39.696404,0.0,12.899145,-30.643446,0.0,26.30000000000001,-13.699999999999989,70
80.62129,83.72339,0.0,69.32282,-42.656734,0.0,59.20000000000002,83.70000000000002,70
-88.33398,82.84599,0.0,54.765022,43.78234,0.0,56.5,83.20000000000002,70
39.126095,-51.836594,0.0,-84.97232,-83.44879,0.0,-85.1,-51.8,70
58.85948,-8.7972555,0.0,-87.40059,-15.804619,0.0,-81.2,-65.19999999999999,70
-30.011005,32.148922,0.0,-4.4500103,33.05453,0.0,-18.69999999999999,10.600000000000009,70
75.56908,20.546082,0.0,-15.401129,-79.45395,0.0,89.30000000000001,9.400000000000006,70
95.92418,6.795739,0.0,-60.031925,-81.97118,0.0,96.30000000000001,-83.0,70
-92.884384,94.87978,0.0,-47.141315,65.488235,0.0,-47.099999999999994,82.4,70
25.690826,4.0166993,0.0,-39.547302,89.197754,0.0,-41.3,51.099999999999994,70
-40.93182,-1.0505447,0.0,91.8905,80.44814,0.0,-40.5,80.5,70
-79.283966,-72.92241,0.0,-40.2907,-35.549194,0.0,-32.2,-32.5,70
56.81465,80.75571,0.0,-46.91067,58.17247,0.0,-32.2,84.4,70
90.4831,-94.82891,0.0,94.327385,54.54848,0.0,100.0,-79.4,70
-76.43273,-46.632763,0.0,-36.619728,36.183716,0.0,-44.4,-41.599999999999994,70
-93.677025,43.65909,0.0,11.17512,8.932932,0.0,-77.5,57.0,70
-26.925856,-94.27461,0.0,85.20704,-87.391785,0.0,28.900000000000006,-91.9,70
-76.22924,58.758255,0.0,2.6188216,76.61851,0.0,-4.3999999999999915,89.9,70
57.546997,6.4015055,0.0,-87.69967,28.007593,0.0,57.5,18.900000000000006,70
17.686676,-81.28016,0.0,8.058563,-40.7949,0.0,19.900000000000006,-34.599999999999994,70
-77.56449,-34.332417,0.0,45.021748,95.98223,0.0,-100.0,74.20000000000002,70
10.694528,98.91083,0.0,-25.567017,-3.0602345,0.0,-39.699999999999996,77.60000000000002,70
54.582127,74.528175,0.0,60.63219,-45.591095,0.0,60.60000000000002,32.30000000000001,70
53.07431,36.961464,0.0,69.22826,40.02957,0.0,56.60000000000002,58.10000000000002,70
2.2746692,24.138506,0.0,-61.68717,94.31248,0.0,-15.899999999999991,24.30000000000001,70
-49.815464,-9.712963,0.0,-23.547161,27.578156,0.0,-37.099999999999994,7.5,70
93.56862,19.930635,0.0,87.67662,87.06142,0.0,100.0,77.0,70
76.73352,-77.121826,0.0,-88.33613,51.725956,0.0,-99.5,43.80000000000001,70
26.33942,28.486332,0.0,-77.188225,-87.35047,0.0,9.800000000000011,-79.8,70
-40.04574,81.99767,0.0,-41.411247,-79.529434,0.0,-45.8,43.900000000000006,70
10.248863,-90.41937,0.0,58.59807,81.147385,0.0,58.60000000000002,-82.3,70
62.99929,9.552838,0.0,-21.417316,94.45358,0.0,56.60000000000002,79.0,70
13.5339,8.08858,0.0,51.92208,63.141712,0.0,53.70000000000002,47.400000000000006,70
96.90351,-47.43803,0.0,-40.945904,-17.056324,0.0,96.30000000000001,-87.3,70
-72.17553,79.12189,0.0,51.94262,-27.459036,0.0,-63.5,93.80000000000001,70
74.07127,-86.13423,0.0,91.186035,-98.34865,0.0,82.70000000000002,-93.7,70
-98.23028,7.8053555,0.0,-82.825615,-56.064796,0.0,-92.1,-24.099999999999994,70
-40.18923,-35.94345,0.0,71.99445,90.37341,0.0,-39.8,81.9,70
85.345,6.3329277,0.0,39.007793,85.65848,0.0,32.70000000000002,80.4,70
10.111347,-87.49668,0.0,-56.44166,-77.60763,0.0,-19.299999999999997,-100.0,70
55.808197,85.80693,0.0,-47.970646,-61.134933,0.0,-9.5,81.80000000000001,70
42.645092,-83.82549,0.0,-95.79907,-33.660786,0.0,-78.0,-83.8,70
-92.25689,-33.897514,0.0,60.63726,4.1365457,0.0,-85.6,-20.69999999999999,70
7.341542,-50.35169,0.0,85.052345,31.476221,0.0,45.0,-42.8,70
74.15864,4.8632865,0.0,90.864975,6.497403,0.0,83.0,12.5,70
92.516304,-83.27096,0.0,50.37091,82.60532,0.0,100.0,83.80000000000001,70
-50.508358,-23.990839,0.0,-92.29614,-55.95681,0.0,-87.2,-70.4,70
87.81112,18.929995,0.0,59.87049,62.109875,0.0,60.60000000000002,28.5,70
-38.010597,-65.93183,0.0,98.30641,65.5125,0.0,-41.8,-40.699999999999996,70
28.658396,3.7844658,0.0,86.541725,-97.39588,0.0,15.800000000000011,-72.3,70
-61.364822,-91.28242,0.0,56.006874,20.488897,0.0,56.10000000000002,-79.4,70
12.104872,-39.33671,0.0,-57.827045,95.36366,0.0,-18.39999999999999,-45.099999999999994,70
4.3417535,-95.74159,0.0,-50.4698,90.62948,0.0,-19.39999999999999,-83.3,70
57.04898,39.280952,0.0,-42.140656,28.119135,0.0,57.0,26.900000000000006,70
91.94797,93.83254,0.0,-79.327126,86.34849,0.0,-43.699999999999996,92.4,70
81.51351,-87.34405,0.0,69.83562,-73.32264,0.0,41.30000000000001,-77.1,70
56.303635,96.25717,0.0,78.995735,-91.645294,0.0,65.70000000000002,-85.2,70
96.16325,59.373154,0.0,-96.693985,40.41416,0.0,-71.6,63.5,70
31.534828,26.300014,0.0,36.293365,79.79251,0.0,38.80000000000001,86.5,70
-81.4821,11.672581,0.0,-76.53816,-1.2582736,0.0,-87.1,5.800000000000011,70
60.64591,28.460497,0.0,-14.962037,-50.75345,0.0,59.60000000000002,-42.4,70
45.948822,-52.79926,0.0,19.070747,-5.68913,0.0,27.5,-39.699999999999996,70
64.47722,94.106766,0.0,-13.4345875,29.296146,0.0,54.10000000000002,28.099999999999994,70
-37.136593,-64.77011,0.0,-1.7704104,83.65116,0.0,-24.89999999999999,83.70000000000002,70
-46.78713,4.5304046,0.0,-22.265162,7.6217313,0.0,-40.5,10.600000000000009,70
32.7928,85.64915,0.0,65.24624,-55.352543,0.0,46.0,85.70000000000002,70
-45.807613,30.266108,0.0,-43.850735,-45.993572,0.0,-41.5,-7.699999999999989,70
-43.878117,27.400759,0.0,56.349274,-38.517563,0.0,56.400000000000006,27.60000000000001,70
-24.472282,-33.366234,0.0,-53.090622,20.420982,0.0,-29.700000000000003,-28.099999999999994,70
-17.519115,92.23558,0.0,29.281256,19.965307,0.0,9.0,89.10000000000002,70
-99.20849,-37.181652,0.0,51.596096,34.53143,0.0,-80.9,-35.2,70
-13.630747,22.32853,0.0,27.71459,78.51128,0.0,23.80000000000001,17.10000000000001,70
2.3522243,-94.29309,0.0,82.51243,94.96888,0.0,52.099999999999994,77.0,70
-91.716034,15.245111,0.0,12.580506,-50.95574,0.0,-80.3,-2.0999999999999943,70
-49.97565,-87.873695,0.0,-79.68464,-98.74099,0.0,-64.69999999999999,-94.2,70
-92.15116,-22.881952,0.0,-97.60546,13.941571,0.0,-95.2,-4.5,70
56.687344,58.25798,0.0,90.49324,55.450787,0.0,60.20000000000002,36.30000000000001,70
-46.695778,-58.005722,0.0,11.686126,4.434352,0.0,-35.89999999999999,-18.0,70
99.7758,-40.512875,0.0,-16.193104,76.96154,0.0,96.9,83.4,70
68.25819,-61.874233,0.0,48.60011,91.37271,0.0,36.70000000000002,82.60000000000002,70
-63.385204,-77.06151,0.0,-19.164373,16.03687,0.0,-77.7,-82.2,70
68.12185,-52.31184,0.0,-22.268648,76.93696,0.0,-12.799999999999997,84.9,70
-52.79122,-17.641514,0.0,29.87573,-86.08156,0.0,3.5,-84.6,70
-30.380999,75.53282,0.0,25.938148,97.45024,0.0,-14.399999999999991,100.0,70
76.22239,91.61459,0.0,-18.027897,-35.02394,0.0,41.0,82.60000000000002,70
-89.264915,69.72538,0.0,62.423206,72.74703,0.0,-76.4,43.70000000000002,70
-99.36429,65.68689,0.0,27.081144,3.69025,0.0,-77.7,52.70000000000002,70
66.596825,74.79691,0.0,-34.49375,69.43807,0.0,-33.89999999999999,100.0,70
-99.38473,-33.359436,0.0,-17.735615,-46.00164,0.0,-71.3,-36.099999999999994,70
-45.63945,-76.71524,0.0,80.403755,89.97487,0.0,-18.69999999999999,83.4,70
-1.6107002,-82.2152,0.0,-38.194004,-83.9723,0.0,-22.39999999999999,-89.6,70
30.249926,75.35095,0.0,-25.130373,-78.71242,0.0,-20.799999999999997,-80.8,70
17.19911,6.8450823,0.0,-60.902184,-94.27154,0.0,31.400000000000006,-75.4,70
47.812122,89.37521,0.0,66.04548,6.7955284,0.0,53.400000000000006,81.0,70
-29.767328,-49.300827,0.0,57.37275,44.99274,0.0,57.400000000000006,-44.599999999999994,70
40.388454,-89.07812,0.0,-50.40956,82.65238,0.0,-16.89999999999999,-85.6,70
-41.04653,37.04373,0.0,-94.1263,66.120926,0.0,-63.3,55.0,70
-93.89979,0.91459846,0.0,-48.5711,76.2,0.0,-72.8,88.9,70
-6.1046295,76.23252,0.0,-81.61743,-2.3051355,0.0,-83.0,10.900000000000006,70
67.05927,93.48538,0.0,-77.18553,-2.760923,0.0,-77.3,79.80000000000001,70
64.01229,66.50748,0.0,12.6636305,-47.110474,0.0,53.80000000000001,-47.9,70
-33.320568,4.4994383,0.0,83.86515,87.46385,0.0,-48.699999999999996,83.30000000000001,70
67.41292,39.508755,0.0,20.636251,14.0631275,0.0,20.700000000000003,19.400000000000006,70
-19.708345,-44.496933,0.0,96.44087,89.24712,0.0,99.4,-51.0,70
-4.608073,-49.70408,0.0,-96.877045,-41.731953,0.0,-77.9,-37.099999999999994,70
93.3863,52.41032,0.0,-43.42642,49.3871,0.0,-37.3,91.9,70
-51.176064,-25.529284,0.0,51.664196,-61.446068,0.0,36.30000000000001,-52.099999999999994,70
-54.723213,29.951172,0.0,56.955265,-11.945273,0.0,57.400000000000006,21.10000000000001,70
11.150813,32.661907,0.0,-44.233032,-36.386883,0.0,-34.7,-4.799999999999997,70
53.304745,-16.507324,0.0,50.402813,-26.941397,0.0,74.5,-35.89999999999999,70
60.689087,-26.95452,0.0,-48.89312,70.94068,0.0,52.70000000000002,58.70000000000002,70
-76.11295,14.983735,0.0,-93.018036,51.491814,0.0,-100.0,42.30000000000001,70
-13.453477,25.90445,0.0,95.75241,-37.692574,0.0,96.70000000000002,29.099999999999994,70
78.69522,94.260994,0.0,-35.53924,-83.59099,0.0,-35.89999999999999,80.9,70
-92.99185,89.9151,0.0,-87.88186,90.905014,0.0,-90.5,90.4,70
4.077668,-82.81393,0.0,83.77876,-83.78412,0.0,43.80000000000001,-88.8,70
-27.656141,98.525406,0.0,-35.531963,-82.9754,0.0,-53.3,66.70000000000002,70
-37.94038,-84.146935,0.0,40.981495,-52.531303,0.0,-39.5,-42.599999999999994,70
16.16032,88.45103,0.0,-43.40628,-84.08311,0.0,-23.299999999999997,84.0,70
26.385954,3.8858104,0.0,93.91695,15.067535,0.0,26.400000000000006,35.30000000000001,70
-47.716248,88.6396,0.0,17.320662,-37.835133,0.0,-29.5,-43.0,70
-30.280287,-16.893866,0.0,36.77328,96.47064,0.0,-40.3,78.5,70
-90.69891,-4.5807347,0.0,-9.542677,-89.345566,0.0,-79.3,-74.9,70
-31.96488,-0.8411554,0.0,35.958282,-49.67832,0.0,-35.39999999999999,-27.599999999999994,70
71.68307,77.061554,0.0,75.15424,9.631378,0.0,41.099999999999994,87.0,70
16.584444,2.1779406,0.0,61.027122,71.70582,0.0,50.5,54.10000000000002,70
58.69598,43.97651,0.0,2.4092655,94.821556,0.0,58.70000000000002,80.70000000000002,70
-9.1932335,-77.61188,0.0,-51.08989,7.722789,0.0,-9.5,-96.5,70
67.26259,-84.548515,0.0,69.80901,-7.490825,0.0,48.400000000000006,-71.4,70
-32.535473,-91.22302,0.0,-83.78855,86.76942,0.0,-65.5,85.60000000000002,70
77.3816,93.7783,0.0,95.366516,-5.788482,0.0,95.70000000000002,78.0,70
93.024704,-14.81072,0.0,41.622795,-79.877106,0.0,93.30000000000001,-82.6,70
-79.07053,64.87831,0.0,80.76897,97.024475,0.0,-79.2,81.70000000000002,70
-62.697857,-77.26099,0.0,-69.599915,89.8536,0.0,-99.8,91.20000000000002,70
-90.257774,-73.645546,0.0,64.64793,97.13662,0.0,-80.8,78.80000000000001,70
-40.016064,-59.097736,0.0,69.8868,-23.405523,0.0,-30.89999999999999,-23.0,70
65.69464,83.25297,0.0,10.426995,84.08425,0.0,38.70000000000002,87.60000000000002,70
29.385231,30.125357,0.0,97.14232,45.700207,0.0,97.10000000000002,27.60000000000001,70
61.351852,17.169699,0.0,56.09441,53.190067,0.0,62.30000000000001,34.70000000000002,70
-35.096375,-97.123344,0.0,-18.65868,79.26818,0.0,-50.4,80.10000000000002,70
-20.088373,-27.860218,0.0,-46.47643,-34.153755,0.0,-33.3,-31.099999999999994,70
-79.92289,-14.686775,0.0,-24.48787,-33.39637,0.0,-79.9,-24.700000000000003,70
62.322407,-0.44577703,0.0,-48.204723,-51.93013,0.0,56.70000000000002,-42.599999999999994,70
-37.697918,40.551773,0.0,-10.9008665,30.236378,0.0,-38.0,20.10000000000001,70
68.55735,80.717834,0.0,85.55298,-97.39832,0.0,46.900000000000006,-77.9,70
37.995262,-88.13358,0.0,51.21261,-31.160265,0.0,72.9,-78.0,70
-51.36937,-10.578024,0.0,-90.023834,50.18244,0.0,-92.0,-12.599999999999994,70
24.227062,-7.8763466,0.0,-90.60766,-24.80552,0.0,-75.1,-24.799999999999997,70
65.53769,72.90697,0.0,0.5238706,-82.36846,0.0,51.099999999999994,-82.5,70
49.273003,-51.358253,0.0,-74.94074,-85.407364,0.0,-99.8,-51.3,70
-99.30528,-39.0727,0.0,61.60279,-73.157974,0.0,-76.9,-67.8,70
84.03541,-97.19499,0.0,13.521931,80.39732,0.0,71.0,81.0,70
19.565884,-88.720055,0.0,97.82722,27.093166,0.0,99.80000000000001,-84.2,70
-87.63901,12.233927,0.0,59.312897,-62.076656,0.0,57.80000000000001,-32.89999999999999,70
6.3090205,76.25074,0.0,-35.483982,41.455715,0.0,-35.8,91.80000000000001,70
56.616676,-76.20225,0.0,5.6655006,81.90746,0.0,56.70000000000002,82.30000000000001,70
96.502205,-36.473137,0.0,-83.423485,-25.844463,0.0,-88.0,-58.5,70
-53.416763,79.29823,0.0,-31.599516,26.753763,0.0,-18.89999999999999,26.700000000000003,70
-44.831642,-42.426926,0.0,-8.34896,96.55994,0.0,-35.39999999999999,79.60000000000002,70
31.585377,-46.64529,0.0,-98.44837,-17.754051,0.0,-78.1,-26.599999999999994,70
-82.200226,41.340595,0.0,68.57673,-30.998018,0.0,-83.6,8.700000000000003,70
75.70272,-96.25216,0.0,-96.68215,63.816402,0.0,-76.6,-76.3,70
62.868706,60.34898,0.0,-41.441013,-83.8287,0.0,54.5,-84.5,70
90.5061,17.41158,0.0,58.864758,-51.021492,0.0,61.70000000000002,7.800000000000011,70
95.989044,-12.857775,0.0,-82.809906,18.947512,0.0,100.0,7.700000000000003,70
-59.829254,-91.815094,0.0,-89.78096,79.383194,0.0,-82.4,-82.0,70
-83.665016,93.45352,0.0,-95.20433,86.6535,0.0,-89.6,90.20000000000002,70
61.947468,-25.62636,0.0,45.86636,94.5726,0.0,55.60000000000002,79.5,70
70.74598,-85.16557,0.0,1.0772349,-44.95087,0.0,42.599999999999994,-49.0,70
93.255,-12.193983,0.0,-75.94752,-32.184624,0.0,93.80000000000001,-54.5,70
55.022606,55.543484,0.0,23.93981,-12.332187,0.0,57.30000000000001,28.5,70
7.6381116,-79.99909,0.0,69.40994,5.1573753,0.0,36.400000000000006,-80.7,70
12.7811,76.121475,0.0,1.4849662,-47.11494,0.0,-39.8,-21.0,70
-39.39639,-58.40535,0.0,-87.17733,-42.68855,0.0,-93.3,-70.6,70
32.836002,21.664503,0.0,-5.6496873,-30.446764,0.0,0.10000000000000853,34.400000000000006,70
-95.82572,-89.14758,0.0,53.161617,-83.19753,0.0,9.800000000000011,-90.7,70
8.972449,90.87194,0.0,-91.55883,-43.42969,0.0,-80.3,78.20000000000002,70
-24.798204,-25.604078,0.0,-79.58841,-40.604107,0.0,-79.5,-31.89999999999999,70
-83.81331,-24.680109,0.0,47.192642,-75.24976,0.0,-88.6,-21.89999999999999,70
-88.800575,-28.79239,0.0,-28.162506,94.3117,0.0,-81.3,76.70000000000002,70
-4.269341,-80.85719,0.0,31.013723,-81.71661,0.0,12.900000000000006,-84.2,70
-22.91053,86.20006,0.0,-36.673767,8.429622,0.0,-48.099999999999994,80.20000000000002,70
-4.080046,-95.59211,0.0,-47.354355,16.825388,0.0,-15.5,-78.9,70
-25.367556,-0.4758767,0.0,-47.29807,6.050714,0.0,-38.9,4.400000000000006,70
-82.44857,-17.316532,0.0,66.87023,-16.642532,0.0,-87.5,-7.8999999999999915,70
50.55913,97.39706,0.0,-96.07887,-48.878433,0.0,-76.4,78.5,70
32.941467,-78.273315,0.0,19.017118,-1.5814487,0.0,31.400000000000006,-79.8,70
16.99705,89.35857,0.0,-88.79626,-88.85841,0.0,-81.6,82.30000000000001,70
-34.355373,-21.133259,0.0,64.2163,-9.136205,0.0,45.20000000000002,-74.7,70
91.491905,79.17716,0.0,45.95948,99.96191,0.0,69.80000000000001,95.70000000000002,70
-39.278362,-97.57364,0.0,55.310802,-30.039572,0.0,56.400000000000006,-74.6,70
67.158264,6.190869,0.0,89.212654,0.4410291,0.0,58.10000000000002,19.900000000000006,70
9.178864,9.348416,0.0,7.980462,-29.599245,0.0,30.599999999999994,-8.899999999999991,70
84.806305,24.082605,0.0,-21.042366,-53.345917,0.0,77.0,11.0,70
-53.58188,-67.90954,0.0,30.879606,-88.36727,0.0,0.4000000000000057,-92.0,70
-54.941708,47.057808,0.0,-13.691359,-31.011883,0.0,-19.89999999999999,-37.4,70
-91.56881,61.596264,0.0,33.392902,-83.63404,0.0,-79.3,-83.6,70
58.869423,79.1782,0.0,-72.567375,88.160835,0.0,36.30000000000001,94.0,70
-28.893984,86.45888,0.0,76.8009,27.500937,0.0,-68.9,27.5,70
-77.84378,-55.092278,0.0,-72.4725,86.70811,0.0,-87.1,81.60000000000002,70
99.07041,-98.06372,0.0,-86.92971,78.5034,0.0,-85.2,-74.4,70
-46.56829,-24.186152,0.0,99.07604,58.588425,0.0,99.0,-71.9,70
-99.399445,-76.568,0.0,20.096016,-11.874994,0.0,-12.0,-89.0,70
25.511137,-10.590494,0.0,-38.7557,-9.828061,0.0,-8.0,-54.599999999999994,70
-15.99029,98.95226,0.0,62.61586,79.971146,0.0,26.700000000000003,99.0,70
73.66043,-97.81798,0.0,54.263515,-81.78635,0.0,63.80000000000001,-90.6,70
67.45039,-25.717815,0.0,-22.14643,-91.48301,0.0,17.60000000000001,-76.5,70
83.879425,75.35667,0.0,57.742954,68.205826,0.0,58.70000000000002,100.0,70
72.56255,16.12819,0.0,50.030052,16.46023,0.0,65.30000000000001,22.5,70
90.144875,28.345903,0.0,22.303259,-21.300108,0.0,22.80000000000001,26.10000000000001,70
-26.752535,96.09529,0.0,-84.2961,6.8168435,0.0,-84.3,75.5,70
6.047179,-86.86113,0.0,8.076034,76.779495,0.0,-39.099999999999994,-84.8,70
26.164791,96.14006,0.0,8.711653,-93.34721,0.0,16.60000000000001,-100.0,70
-30.305626,-2.6960416,0.0,-50.372017,52.2873,0.0,-40.5,24.80000000000001,70
-35.622364,-49.029972,0.0,66.10527,-63.769543,0.0,40.400000000000006,-41.4,70
90.26274,18.955439,0.0,68.89993,-88.16669,0.0,49.900000000000006,-2.5999999999999943,70
32.215664,-85.976166,0.0,-86.7081,75.25329,0.0,-83.6,-85.1,70
-0.22070354,96.83943,0.0,-52.61048,-11.752111,0.0,-14.299999999999997,80.70000000000002,70
15.649062,34.85872,0.0,65.10058,24.565302,0.0,56.400000000000006,-11.199999999999989,70
-88.18132,-2.4278386,0.0,-21.88183,14.7959795,0.0,-74.3,17.0,70
-83.513535,7.158078,0.0,-35.743736,48.69103,0.0,-75.7,43.80000000000001,70
-96.70918,-10.722086,0.0,-58.42608,84.96088,0.0,-78.9,84.70000000000002,70
-57.201942,89.998184,0.0,13.717217,-20.859642,0.0,-48.599999999999994,76.80000000000001,70
50.73906,-8.904786,0.0,22.34843,99.82684,0.0,31.5,80.0,70
-99.56748,-93.49637,0.0,-89.35384,-12.904648,0.0,-94.8,-53.199999999999996,70
31.708021,-88.39847,0.0,61.559902,81.84158,0.0,57.70000000000002,-83.8,70
40.353615,-41.55645,0.0,28.287378,-20.691833,0.0,8.600000000000009,-42.3,70
90.98277,16.553694,0.0,-76.17193,-20.893194,0.0,98.5,2.5,70
-78.43423,-85.60966,0.0,-67.70594,79.1067,0.0,-100.0,79.70000000000002,70
-97.85895,-24.63679,0.0,22.628078,-22.703922,0.0,-70.8,-77.0,70
72.39775,2.7567694,0.0,97.37505,16.59153,0.0,84.10000000000002,20.0,70
36.016724,-53.893044,0.0,-51.09778,-62.430355,0.0,-22.69999999999999,-27.700000000000003,70
-29.393246,23.417192,0.0,-43.76217,-96.13211,0.0,-40.5,-22.5,70
42.083656,-91.66807,0.0,40.46786,91.45419,0.0,52.30000000000001,87.9,70
-6.0420485,-83.75853,0.0,36.61629,23.428688,0.0,-13.399999999999991,-91.9,70
58.851295,-29.699379,0.0,86.931984,88.37274,0.0,65.5,81.60000000000002,70
20.281418,-1.4393836,0.0,-91.86771,-76.74329,0.0,14.100000000000009,-94.2,70
-0.39875868,-41.06753,0.0,-39.124752,-14.616895,0.0,-26.0,-39.099999999999994,70
96.93588,-80.49884,0.0,-53.228607,-64.69544,0.0,7.200000000000003,-100.0,70
16.498556,84.8195,0.0,72.863335,-75.1465,0.0,78.60000000000002,85.0,70
-54.89513,16.28487,0.0,-40.469086,58.568016,0.0,-40.5,27.700000000000003,70
64.80294,72.67487,0.0,95.998634,-14.085365,0.0,65.30000000000001,74.30000000000001,70
-92.14189,-94.033226,0.0,96.175285,-45.73809,0.0,97.9,-78.1,70
11.479859,81.66072,0.0,25.599041,-48.16082,0.0,9.800000000000011,81.70000000000002,70
37.903534,87.5105,0.0,19.295176,-99.7604,0.0,32.099999999999994,77.60000000000002,70
33.836643,27.740362,0.0,-91.80467,11.899044,0.0,-79.9,17.0,70
99.847275,53.960247,0.0,64.14626,21.45611,0.0,99.80000000000001,26.60000000000001,70
69.525604,81.8985,0.0,-17.537727,-75.38201,0.0,44.70000000000002,80.5,70
-80.73027,-20.632809,0.0,-46.307186,-63.414112,0.0,-34.099999999999994,-58.099999999999994,70
32.224632,-49.263767,0.0,-86.26548,73.01497,0.0,-86.0,-10.899999999999991,70
3.0940957,81.93708,0.0,64.28662,-43.475933,0.0,48.5,82.0,70
51.97893,70.33072,0.0,60.991592,-99.28755,0.0,65.30000000000001,-80.8,70
-12.802999,-46.47309,0.0,65.47987,29.277388,0.0,55.70000000000002,-48.199999999999996,70
-70.660225,95.322464,0.0,81.34976,30.954527,0.0,-58.8,78.9,70
-47.491867,-99.934525,0.0,-53.191177,-49.919422,0.0,-36.099999999999994,-69.3,70
47.816833,85.100876,0.0,50.459885,-2.1973794,0.0,75.20000000000002,70.0,70
-77.04734,66.90091,0.0,-15.740732,7.0206814,0.0,-77.9,50.80000000000001,70
-14.157901,-93.29246,0.0,-57.13601,75.88724,0.0,-10.299999999999997,-76.1,70
22.786646,88.24153,0.0,-1.2259595,-98.14559,0.0,-9.399999999999991,-75.0,70
-47.715023,-52.183865,0.0,-13.360502,14.925253,0.0,-37.199999999999996,1.5,70
25.520506,75.11101,0.0,65.35486,81.38128,0.0,74.10000000000002,99.30000000000001,70
-38.49355,70.22303,0.0,-44.693687,-60.041428,0.0,-39.9,5.6000000000000085,70
59.51613,-9.165767,0.0,8.531526,-37.248154,0.0,57.30000000000001,-59.599999999999994,70
77.63088,-84.86858,0.0,73.80873,18.747715,0.0,37.80000000000001,-79.3,70
-83.99266,-2.496702,0.0,55.141773,83.6315,0.0,-84.0,83.60000000000002,70
14.815911,-51.07309,0.0,-1.3794874,86.74959,0.0,30.0,83.10000000000002,70
88.60355,75.85153,0.0,-25.870941,33.829662,0.0,19.700000000000003,100.0,70
-37.120018,-61.909203,0.0,78.458244,33.66093,0.0,-34.39999999999999,-23.299999999999997,70
-50.584705,3.9730685,0.0,24.27922,33.293144,0.0,-28.799999999999997,2.5,70
61.639713,-97.27573,0.0,-89.59574,16.374279,0.0,-82.2,-74.0,70
-94.44256,-50.95381,0.0,-13.285955,83.69756,0.0,-76.8,80.80000000000001,70
-3.1454482,83.75908,0.0,-91.14262,3.3916495,0.0,-79.5,83.70000000000002,70
-17.15134,-52.952717,0.0,-93.179634,-2.357171,0.0,-80.2,-8.899999999999991,70
-13.108361,14.522703,0.0,-49.525974,-48.356102,0.0,-28.099999999999994,8.0,70
83.73836,2.6169515,0.0,-25.512238,6.0311275,0.0,-2.0,27.200000000000003,70
8.042523,-31.765718,0.0,-41.389572,31.666725,0.0,-28.39999999999999,-48.8,70
97.44403,-19.735546,0.0,11.844225,-50.504303,0.0,97.5,-46.599999999999994,70
86.4362,29.003574,0.0,75.27766,0.54115295,0.0,80.80000000000001,14.600000000000009,70
27.584763,89.40954,0.0,-87.68681,-27.001705,0.0,-83.1,80.9,70
-93.03511,67.37576,0.0,-3.1850505,-46.157837,0.0,-81.7,4.800000000000011,70
58.26245,21.035172,0.0,-76.89222,-62.832092,0.0,55.400000000000006,29.5,70
-41.32527,-84.20419,0.0,13.057952,4.162156,0.0,-26.599999999999994,51.70000000000002,70
98.161255,66.25662,0.0,90.871956,-34.594048,0.0,100.0,33.099999999999994,70
77.38214,91.46142,0.0,53.1783,9.904364,0.0,71.70000000000002,80.0,70
12.429932,93.160034,0.0,-54.039677,-54.678524,0.0,20.60000000000001,81.9,70
65.71818,-13.419379,0.0,-8.984994,-96.55012,0.0,36.20000000000002,-79.4,70
64.89176,-40.22075,0.0,67.59232,2.4970968,0.0,51.900000000000006,-13.599999999999994,70
-49.175896,68.79925,0.0,-67.603226,91.36963,0.0,-49.0,84.30000000000001,70
57.209404,-42.88154,0.0,86.671135,28.964039,0.0,65.4,-5.799999999999997,70
-42.993515,-59.612747,0.0,15.890502,25.831919,0.0,-34.39999999999999,13.200000000000003,70
90.91637,69.04616,0.0,14.908323,12.198491,0.0,21.60000000000001,15.100000000000009,70
-34.888157,-95.13537,0.0,8.862225,-51.350624,0.0,-44.4,-51.3,70
-4.199362,-97.965065,0.0,-88.17378,99.733154,0.0,-79.0,-65.0,70
31.535673,-50.91054,0.0,65.69447,-43.26598,0.0,48.5,-42.3,70
-11.49926,11.032767,0.0,-31.47756,-48.293064,0.0,-33.099999999999994,21.10000000000001,70
-70.74478,95.49721,0.0,28.069334,-16.648638,0.0,-25.0,70.0,70
85.40073,90.20508,0.0,8.979186,-41.049232,0.0,47.599999999999994,82.20000000000002,70
-18.084293,27.14245,0.0,69.097664,92.19746,0.0,48.0,27.80000000000001,70
42.608303,-85.171455,0.0,74.974495,10.665618,0.0,26.60000000000001,-95.5,70
-28.148191,-39.633873,0.0,-9.78294,-81.85787,0.0,-56.8,-81.9,70
99.16884,-11.053312,0.0,68.95252,-65.9727,0.0,99.20000000000002,-47.199999999999996,70
-28.425682,-3.5401146,0.0,-19.160406,14.9230995,0.0,-36.4,9.600000000000009,70
18.771013,-26.128815,0.0,-35.109825,-99.446594,0.0,-7.599999999999994,-67.8,70
-83.74014,-6.236857,0.0,-55.12739,-94.716805,0.0,-83.8,-77.7,70
-49.07345,-68.4072,0.0,-93.09062,-78.50352,0.0,-49.199999999999996,-93.0,70
-50.059315,-17.092495,0.0,2.8644724,23.239332,0.0,-25.200000000000003,18.10000000000001,70
96.49204,62.960262,0.0,-89.57108,-81.53848,0.0,96.70000000000002,-81.6,70
92.23829,-51.55146,0.0,97.76042,56.36877,0.0,100.0,-9.299999999999997,70
-27.492908,0.07710856,0.0,4.0120125,-76.67986,0.0,-35.3,-5.8999999999999915,70
-84.0656,-96.87478,0.0,-95.448654,34.82442,0.0,-94.9,-45.0,70
-97.81978,-18.200087,0.0,32.655407,25.51306,0.0,-77.4,2.8000000000000114,70
60.40098,37.921085,0.0,-87.44393,72.738144,0.0,-88.9,96.80000000000001,70
68.842026,-78.52654,0.0,-36.066063,74.31091,0.0,-36.099999999999994,-86.1,70
-75.74151,92.41382,0.0,61.414,-82.89975,0.0,57.20000000000002,82.30000000000001,70
84.24745,26.72825,0.0,-1.7420266,29.370914,0.0,42.900000000000006,26.200000000000003,70
55.845245,20.518087,0.0,-76.692924,81.25402,0.0,56.900000000000006,81.30000000000001,70
74.77648,-75.52219,0.0,59.588623,94.886284,0.0,77.5,79.5,70
-49.90228,65.27635,0.0,98.97705,76.221695,0.0,-6.5,100.0,70
-53.459637,47.375923,0.0,-66.97258,-90.925575,0.0,-42.199999999999996,-82.2,70
59.166183,-53.059868,0.0,-86.96644,34.62325,0.0,-86.7,-13.199999999999989,70
65.0831,19.853628,0.0,83.020676,23.78067,0.0,73.70000000000002,20.200000000000003,70
-97.270515,-47.10363,0.0,-52.912834,-41.071976,0.0,-69.7,-40.0,70
-62.270058,94.03028,0.0,-40.19965,22.03306,0.0,-46.699999999999996,77.80000000000001,70
-33.27593,-99.96933,0.0,17.196337,-22.968494,0.0,-7.599999999999994,-74.6,70
50.335007,-36.406494,0.0,28.951122,-6.925519,0.0,7.0,-28.599999999999994,70
69.76833,-25.14276,0.0,28.190619,-43.988422,0.0,33.900000000000006,-54.199999999999996,70
-78.6182,-26.943926,0.0,16.96017,-14.129255,0.0,17.900000000000006,-16.5,70
61.354973,-93.6164,0.0,91.3362,-53.807987,0.0,100.0,-80.7,70
-39.080368,46.143257,0.0,-96.466644,72.30342,0.0,-53.0,95.70000000000002,70
99.156364,65.44628,0.0,55.471283,25.09023,0.0,99.10000000000002,29.200000000000017,70
25.441204,-96.752396,0.0,-97.64746,-67.10761,0.0,-77.7,-80.8,70
-14.2071295,93.030464,0.0,-91.37395,63.191933,0.0,-78.7,81.30000000000001,70
13.753016,94.17304,0.0,-90.00139,-87.1462,0.0,-80.9,77.10000000000002,70
83.28706,83.29854,0.0,62.93449,-40.307194,0.0,62.5,83.60000000000002,70
18.763927,98.57325,0.0,75.71953,-96.526535,0.0,0.7000000000000028,87.4,70
-78.76152,-78.22813,0.0,66.12181,-16.73144,0.0,33.20000000000002,-83.4,70
-78.77155,66.29848,0.0,-17.947649,-84.37293,0.0,-79.2,-81.2,70
-7.7568517,-31.120358,0.0,-37.018387,74.86055,0.0,-37.099999999999994,-34.0,70
-37.84993,-85.79653,0.0,-19.011969,99.21265,0.0,-37.9,80.70000000000002,70
84.54984,-80.53338,0.0,66.9421,43.61958,0.0,66.9,-80.6,70
-31.230396,-13.289525,0.0,-96.77152,-83.87297,0.0,-68.6,-43.9,70
65.77307,80.00247,0.0,46.927143,-77.0761,0.0,51.30000000000001,-77.3,70
-19.710014,5.1525683,0.0,90.164085,20.43555,0.0,-14.099999999999994,35.20000000000002,70
-95.793625,-7.1424575,0.0,-92.274414,55.45892,0.0,-94.5,24.10000000000001,70
84.34739,-84.81154,0.0,65.39352,4.8337545,0.0,54.30000000000001,-84.4,70
68.703766,-44.638447,0.0,74.0036,2.0342672,0.0,52.20000000000002,3.3000000000000114,70
-87.06849,74.1011,0.0,53.18619,-42.166046,0.0,-84.1,-61.0,70
99.15158,24.289885,0.0,44.033916,91.051865,0.0,99.20000000000002,79.60000000000002,70
48.93287,24.463549,0.0,-75.582466,90.85996,0.0,-35.3,85.4,70
-90.142815,54.92786,0.0,-29.308294,93.51066,0.0,-81.4,79.9,70
-89.52396,-18.591026,0.0,-89.67037,45.09481,0.0,-90.6,13.300000000000011,70
-20.84772,-29.230469,0.0,-65.67988,81.672,0.0,-82.0,81.70000000000002,70
21.47764,0.781392,0.0,-60.593716,-79.92758,0.0,23.0,-80.1,70
82.581696,-99.61464,0.0,-4.9077106,18.111074,0.0,66.9,-89.6,70
42.86291,33.197395,0.0,22.11593,99.89967,0.0,-3.299999999999997,75.10000000000002,70
58.783722,-42.149998,0.0,-53.274284,-22.042408,0.0,53.30000000000001,-49.9,70
17.913654,-50.354023,0.0,-25.758991,33.15118,0.0,20.30000000000001,0.20000000000000284,70
-92.415596,-92.41518,0.0,19.518276,77.20688,0.0,-93.1,-62.0,70
-12.415934,13.398222,0.0,48.529594,22.392097,0.0,12.700000000000003,39.599999999999994,70
97.484795,81.881874,0.0,-95.61877,-49.990067,0.0,-77.8,81.9,70
-34.926853,-69.554665,0.0,-98.92635,85.87095,0.0,-66.0,36.900000000000006,70
94.93711,66.72669,0.0,11.676781,4.828792,0.0,97.30000000000001,2.6000000000000085,70
13.104916,-42.337597,0.0,-31.645992,98.52686,0.0,-62.8,-29.200000000000003,70
-43.36041,38.389545,0.0,42.93021,-79.47567,0.0,-23.599999999999994,-81.0,70
-79.75663,59.401573,0.0,63.417088,-47.24038,0.0,-81.7,-46.0,70
-83.635025,76.51301,0.0,-50.608326,7.009721,0.0,-48.4,98.80000000000001,70
-18.464878,94.419174,0.0,-53.994938,-72.62059,0.0,5.5,81.80000000000001,70
-13.833579,-33.135803,0.0,73.67801,-82.57216,0.0,37.400000000000006,-66.5,70
98.76075,11.697598,0.0,16.898645,-34.32616,0.0,27.700000000000003,36.900000000000006,70
-81.02178,-75.14942,0.0,63.396255,63.323856,0.0,51.0,65.20000000000002,70
7.673005,-93.674255,0.0,-78.798935,23.92916,0.0,-78.9,-74.4,70
-42.211216,81.35306,0.0,-30.29918,28.43444,0.0,-43.099999999999994,33.400000000000006,70
92.093185,77.72622,0.0,-84.5334,-26.250742,0.0,-84.6,80.9,70
95.608475,55.110714,0.0,68.1058,-32.95521,0.0,98.60000000000002,-18.5,70
80.51618,89.059616,0.0,3.6835556,92.88461,0.0,42.099999999999994,92.20000000000002,70
98.37614,32.61996,0.0,-91.06305,-68.058655,0.0,-82.8,8.100000000000009,70
80.056946,13.964382,0.0,19.480629,-37.619484,0.0,25.0,37.900000000000006,70
61.216442,5.490352,0.0,56.447758,-40.958164,0.0,59.0,-15.5,70
32.403286,93.42266,0.0,9.028571,-25.675863,0.0,3.8000000000000114,77.80000000000001,70
-45.333622,64.814835,0.0,-81.54251,-83.98662,0.0,-45.4,-84.0,70
-52.743256,-78.530685,0.0,73.853775,99.241974,0.0,-0.5,83.60000000000002,70
-94.80175,-52.887867,0.0,87.30526,81.93595,0.0,-78.0,82.0,70
-33.26096,-42.13784,0.0,94.9995,-84.25001,0.0,100.0,-53.3,70
55.476345,65.56464,0.0,-97.9803,68.00583,0.0,-88.7,75.0,70
-84.55449,-89.12453,0.0,-83.49977,-49.966797,0.0,-89.8,-72.1,70
-83.26588,-87.013374,0.0,63.52399,25.436188,0.0,55.10000000000002,-82.5,70
57.05268,76.28409,0.0,-30.628561,-12.165768,0.0,-12.099999999999994,48.80000000000001,70
66.46901,56.327797,0.0,-52.18883,10.597951,0.0,43.400000000000006,35.5,70
91.32995,-49.814667,0.0,71.00189,-95.27788,0.0,100.0,-79.6,70
91.894165,33.88739,0.0,-92.386246,75.58806,0.0,-80.1,24.900000000000006,70
-92.15925,-7.9873133,0.0,93.97553,-31.378378,0.0,-78.0,-2.6999999999999886,70
75.61892,81.98713,0.0,25.320164,-90.60306,0.0,47.0,62.0,70
-2.1472828,78.05378,0.0,78.02561,28.588825,0.0,20.700000000000003,28.599999999999994,70
-62.67797,-87.577065,0.0,26.850214,-92.8121,0.0,-17.69999999999999,-91.7,70
-42.557293,-76.98007,0.0,-10.698371,88.60079,0.0,-33.099999999999994,82.80000000000001,70
15.663308,5.06912,0.0,30.037546,-46.571606,0.0,29.700000000000017,-46.599999999999994,70
-45.87806,38.866867,0.0,-48.280796,-29.991533,0.0,-44.8,3.9000000000000057,70
-98.21444,90.19511,0.0,26.666418,-33.86785,0.0,-6.299999999999997,76.30000000000001,70
34.230396,-78.59531,0.0,50.47502,69.85741,0.0,79.5,-90.4,70
-5.50711,75.29255,0.0,62.503113,77.68879,0.0,33.20000000000002,100.0,70
38.507484,31.228111,0.0,-0.3251833,86.34278,0.0,60.0,22.700000000000003,70
66.79526,-42.107136,0.0,52.212353,29.044804,0.0,66.70000000000002,6.5,70
56.186558,-42.8607,0.0,-87.97321,-87.94245,0.0,60.0,-82.8,70
47.44466,34.39158,0.0,56.310688,-49.964256,0.0,63.900000000000006,-26.799999999999997,70
35.491814,-75.551216,0.0,97.34393,-55.943398,0.0,97.0,-100.0,70
-92.759605,96.06666,0.0,12.101552,83.9738,0.0,-41.099999999999994,90.9,70
65.28339,-2.7237184,0.0,72.28724,17.757526,0.0,60.900000000000006,8.200000000000003,70
67.82941,89.079056,0.0,-41.51877,-27.353054,0.0,-39.199999999999996,82.9,70
90.81252,48.870686,0.0,-29.329105,-97.066956,0.0,-65.0,-8.899999999999991,70
55.628063,-14.375569,0.0,47.681503,82.21344,0.0,63.0,80.4,70
8.215664,92.407974,0.0,-9.789636,-85.28151,0.0,-25.700000000000003,-85.0,70
63.06851,44.875656,0.0,3.6417658,-34.565968,0.0,55.400000000000006,-58.3,70
-85.01824,-19.90849,0.0,-91.80888,-58.000725,0.0,-91.2,-38.8,70
39.483852,33.474354,0.0,-20.56902,-79.07252,0.0,-48.599999999999994,-79.1,70
18.465248,-36.72875,0.0,-33.130127,42.91722,0.0,-34.5,-41.3,70
90.3581,96.3915,0.0,56.863842,-59.970833,0.0,73.4,80.20000000000002,70
20.331905,-40.66601,0.0,-36.47763,-13.992898,0.0,-24.39999999999999,-39.599999999999994,70
35.896976,-94.08212,0.0,-35.89321,-43.82431,0.0,-43.199999999999996,-77.1,70
-49.626766,-97.764084,0.0,-5.11457,29.824804,0.0,-33.7,-5.199999999999989,70
69.47904,-80.11936,0.0,-51.48005,43.12204,0.0,-2.5999999999999943,-83.0,70
21.79415,15.477332,0.0,53.663834,-55.298084,0.0,22.5,-36.199999999999996,70
-36.44233,37.726406,0.0,-6.5185275,87.7758,0.0,-36.599999999999994,83.5,70
-38.059967,71.86994,0.0,23.775108,-33.363426,0.0,-37.9,-39.9,70
69.301094,-31.808643,0.0,72.72042,11.759606,0.0,52.5,-8.5,70
-6.6508765,25.301697,0.0,-85.6052,-70.01528,0.0,-81.3,-34.599999999999994,70
-15.368728,-77.56562,0.0,99.42246,21.563837,0.0,99.5,-78.0,70
92.4887,-3.6070542,0.0,55.117035,-71.80128,0.0,92.60000000000002,-95.8,70
1.229281,-77.57658,0.0,-95.61597,66.69699,0.0,-76.3,-77.6,70
-39.27295,6.942945,0.0,40.93005,24.948618,0.0,1.0,32.900000000000006,70
99.091225,67.996254,0.0,9.452371,18.173243,0.0,99.20000000000002,45.70000000000002,70
0.13598505,-84.173096,0.0,-51.647423,44.676796,0.0,-8.599999999999994,-84.1,70
-86.4803,-74.827934,0.0,96.53286,72.39768,0.0,-81.8,-72.9,70
-94.99873,-68.28598,0.0,-14.221194,-84.51287,0.0,-77.9,-84.4,70
-32.125736,-36.33747,0.0,84.334854,86.34931,0.0,-44.099999999999994,84.60000000000002,70
60.918613,-73.1546,0.0,98.31479,44.598732,0.0,66.0,-5.3999999999999915,70
-56.370815,87.42298,0.0,-90.18564,-41.923683,0.0,-81.1,84.0,70
-3.8700526,-86.69023,0.0,-37.628586,-74.57983,0.0,-35.5,-86.7,70
50.177944,77.01445,0.0,77.658066,79.66617,0.0,68.4,95.80000000000001,70
-12.869024,-90.04346,0.0,-51.507217,-24.432234,0.0,-20.599999999999994,-81.6,70
68.001915,23.921053,0.0,57.15464,74.31547,0.0,59.10000000000002,32.900000000000006,70
8.995701,28.181913,0.0,34.424763,-96.746475,0.0,34.900000000000006,-71.2,70
-90.174774,-74.606804,0.0,-23.094458,2.585378,0.0,-80.6,-28.89999999999999,70
-35.746178,50.589733,0.0,-11.472133,94.11582,0.0,-39.5,82.30000000000001,70
15.987474,33.44047,0.0,-41.286507,-60.556164,0.0,-34.5,-27.200000000000003,70
91.65367,23.9056,0.0,54.678925,67.63458,0.0,75.10000000000002,25.900000000000006,70
-2.8633926,19.511415,0.0,87.88887,18.843657,0.0,42.599999999999994,31.900000000000006,70
-3.230552,92.40254,0.0,77.7717,91.92724,0.0,37.20000000000002,92.4,70
37.6317,-47.34283,0.0,-68.96691,82.19765,0.0,-53.0,-38.5,70
93.1675,-37.73648,0.0,23.364052,10.054787,0.0,22.80000000000001,-46.4,70
-91.03572,17.395771,0.0,-38.95656,-42.80532,0.0,-67.8,-15.299999999999997,70
-5.472823,-76.44146,0.0,66.90695,-54.476597,0.0,37.70000000000002,-96.2,70
-41.180405,-44.531754,0.0,-95.19603,-74.781715,0.0,-50.3,-94.9,70
-52.56647,-52.13536,0.0,-22.5624,-83.63613,0.0,-27.200000000000003,-83.9,70
-2.5241373,-82.016304,0.0,-26.00847,-46.964443,0.0,-21.5,-81.1,70
-48.37148,99.873085,0.0,76.51135,7.600483,0.0,42.70000000000002,72.60000000000002,70
-13.065173,97.2564,0.0,27.723362,-32.414272,0.0,-13.299999999999997,79.4,70
-30.567842,-85.59741,0.0,-38.56424,95.640594,0.0,-47.8,-76.7,70
96.03985,-25.972725,0.0,-21.740574,-33.32601,0.0,96.10000000000002,-63.1,70
41.576965,29.032576,0.0,45.11976,80.35923,0.0,73.4,27.700000000000003,70
-66.75802,99.81061,0.0,98.37623,-61.16737,0.0,98.4,76.80000000000001,70
18.6279,-31.964321,0.0,-72.11256,77.24678,0.0,-42.699999999999996,-47.599999999999994,70
-38.571186,71.61265,0.0,-45.616776,17.850279,0.0,-42.9,44.70000000000002,70
-38.028427,-19.127039,0.0,-48.21533,-63.695194,0.0,-38.199999999999996,-41.0,70
20.353497,-93.00299,0.0,80.58396,84.669106,0.0,33.099999999999994,100.0,70
-8.949612,-35.0411,0.0,48.76407,-84.16783,0.0,69.9,-65.6,70
-95.43768,81.0017,0.0,-94.14645,57.80535,0.0,-95.1,69.4,70
86.236694,99.64108,0.0,-77.22932,48.504665,0.0,-78.1,78.20000000000002,70
10.64099,24.533844,0.0,17.84891,-29.35338,0.0,24.400000000000006,-5.699999999999989,70
-50.366547,66.25228,0.0,-85.46714,-41.280792,0.0,-85.3,36.0,70
33.246815,24.580751,0.0,-82.853905,70.77192,0.0,-83.5,36.20000000000002,70
-7.220129,27.227074,0.0,41.77309,88.402756,0.0,37.30000000000001,85.9,70
-18.35323,14.026461,0.0,-55.34673,79.56152,0.0,-17.299999999999997,37.30000000000001,70
-47.04483,67.82434,0.0,-51.306705,3.578347,0.0,-45.5,35.5,70
37.378754,80.893585,0.0,-29.503485,-12.111405,0.0,-39.699999999999996,82.9,70
-21.934755,-45.397682,0.0,-82.3437,-29.943098,0.0,-80.2,-14.299999999999997,70
-80.04813,-64.916405,0.0,99.97534,-91.30683,0.0,-82.9,-82.7,70
7.416505,25.11774,0.0,-16.846159,12.187042,0.0,-6.599999999999994,20.700000000000003,70
-27.901453,94.344536,0.0,-59.751133,-99.997765,0.0,-73.2,-71.2,70
-88.082085,80.1283,0.0,-25.596964,-3.3240705,0.0,-80.9,50.099999999999994,70
47.22082,-54.60305,0.0,59.181347,-52.873665,0.0,60.80000000000001,-21.0,70
53.92958,82.62982,0.0,-98.70221,45.145084,0.0,-76.5,82.70000000000002,70
-88.78675,-49.29737,0.0,68.185684,-74.87855,0.0,-80.6,-100.0,70
51.15518,13.049935,0.0,-1.8558643,12.900621,0.0,52.400000000000006,32.900000000000006,70
-6.683465,99.62536,0.0,-78.31944,78.984024,0.0,-46.099999999999994,92.60000000000002,70
87.25108,17.836952,0.0,-26.054964,-87.15205,0.0,-53.4,-71.8,70
66.79657,9.625334,0.0,-1.190359,-85.27065,0.0,45.5,-85.5,70
-89.69824,24.46772,0.0,66.82544,-97.929695,0.0,-83.0,-73.6,70
75.208824,7.0425777,0.0,92.43182,57.51414,0.0,94.4,31.099999999999994,70
-45.637207,-20.48548,0.0,-15.287922,85.377975,0.0,-34.5,85.30000000000001,70
-18.317663,-47.534645,0.0,-33.009727,69.598724,0.0,-36.4,-8.299999999999997,70
4.563119,97.076355,0.0,-46.798744,83.65674,0.0,-21.099999999999994,91.10000000000002,70
-45.19011,44.299664,0.0,-87.59126,-32.778908,0.0,-82.7,20.0,70
49.66281,34.89827,0.0,-53.149185,24.519108,0.0,6.900000000000006,9.700000000000003,70
-49.25838,87.08953,0.0,29.372244,-19.545443,0.0,-36.5,68.20000000000002,70
-49.717644,-55.92397,0.0,-86.38341,16.798668,0.0,-88.7,-65.6,70
12.542427,-32.59477,0.0,-73.63555,97.81613,0.0,-74.8,70.4,70
-95.76766,66.590996,0.0,59.9709,64.91009,0.0,63.10000000000002,56.60000000000002,70
-91.36915,59.210667,0.0,-76.62754,40.244553,0.0,-99.4,46.099999999999994,70
73.89053,82.20536,0.0,61.420097,-64.16084,0.0,60.80000000000001,81.5,70
-81.72448,23.283346,0.0,-22.78113,-21.484646,0.0,-81.7,-0.8999999999999915,70
-16.308966,24.462692,0.0,-46.682285,-33.497242,0.0,-36.8,-0.3999999999999915,70
94.84776,-96.63312,0.0,-86.17117,-70.0016,0.0,-85.1,-81.3,70
67.91383,-29.624495,0.0,-35.90726,20.879492,0.0,19.30000000000001,22.60000000000001,70
-44.249832,62.50331,0.0,-99.79072,70.00779,0.0,-52.3,99.5,70
91.99362,-64.52115,0.0,-31.604727,61.892143,0.0,97.10000000000002,30.599999999999994,70
-50.64637,-63.708027,0.0,-96.783424,-80.234985,0.0,-50.199999999999996,-89.7,70
-68.37507,-77.71784,0.0,-62.16391,77.782974,0.0,-69.0,84.10000000000002,70
-26.507507,-1.1638443,0.0,-92.27968,59.416286,0.0,-79.7,32.70000000000002,70
-5.1721225,19.339808,0.0,39.722946,84.08538,0.0,21.5,98.80000000000001,70
-83.21176,10.510282,0.0,55.55821,-27.762733,0.0,-91.7,-44.3,70
-80.68541,11.551475,0.0,50.562595,20.012531,0.0,-83.0,46.5,70
47.980705,21.669203,0.0,23.265879,23.42131,0.0,17.10000000000001,30.700000000000017,70
58.286068,74.03674,0.0,-70.295135,-93.508865,0.0,58.30000000000001,-78.6,70
98.599976,55.54258,0.0,2.2399645,85.37379,0.0,98.5,85.0,70
-14.945681,-42.905212,0.0,-38.069096,-40.03278,0.0,-26.89999999999999,-39.699999999999996,70
44.966488,-79.61949,0.0,-20.99056,-80.25575,0.0,12.0,-87.7,70
-81.7704,-52.369915,0.0,91.687645,-65.823875,0.0,-82.2,-17.099999999999994,70
9.920258,-81.711845,0.0,-63.363567,92.47442,0.0,-19.299999999999997,56.5,70
94.73965,75.357414,0.0,-52.13278,-37.02416,0.0,94.5,77.9,70
-2.9560933,80.3224,0.0,-83.98228,40.467182,0.0,-83.9,80.30000000000001,70
-20.955717,5.4812827,0.0,-52.638412,-85.519165,0.0,-38.0,-8.599999999999994,70
-35.512894,74.37389,0.0,23.146528,19.823072,0.0,-35.5,32.599999999999994,70
57.432858,78.501945,0.0,51.67431,-54.206604,0.0,66.9,19.900000000000006,70
-49.834236,-83.35657,0.0,-31.994535,-79.29716,0.0,-43.5,-89.0,70
92.44148,-90.74271,0.0,-48.548157,35.87725,0.0,-8.399999999999991,-82.7,70
-88.36973,-37.568363,0.0,-35.03182,22.832024,0.0,-69.8,8.800000000000011,70
85.04655,-76.441956,0.0,69.591896,-42.25973,0.0,66.9,-76.5,70
90.05481,-94.38319,0.0,98.18797,1.4731386,0.0,100.0,-78.3,70
-75.29199,69.6094,0.0,77.063835,-93.49066,0.0,73.4,-88.3,70
-97.65503,-37.076893,0.0,69.944435,-47.93643,0.0,-80.3,-34.5,70
12.380089,-50.85645,0.0,-1.4962646,-80.533,0.0,-9.599999999999994,-89.8,70
-54.959366,-41.665726,0.0,-19.506464,27.985981,0.0,-20.39999999999999,12.200000000000003,70
49.85088,-82.107605,0.0,26.005314,-84.901,0.0,38.099999999999994,-86.1,70
60.79679,-68.64401,0.0,12.696849,-38.84259,0.0,57.30000000000001,-59.0,70
-46.371616,-12.923472,0.0,91.712585,-75.67312,0.0,-43.199999999999996,-1.0,70
9.369754,9.757573,0.0,-81.51887,22.681149,0.0,-81.8,49.30000000000001,70
68.338394,-74.218704,0.0,59.56128,86.56106,0.0,57.60000000000002,-47.4,70
-37.752438,-17.494022,0.0,-84.81199,11.867169,0.0,-39.199999999999996,27.5,70
92.185,10.5564,0.0,41.322094,-52.067394,0.0,46.0,9.100000000000009,70
-86.749344,-48.007633,0.0,14.299128,-85.18351,0.0,-83.5,-84.4,70
94.484726,50.7157,0.0,99.36763,96.0625,0.0,100.0,76.0,70
-31.060686,83.13392,0.0,50.654594,36.968456,0.0,-40.3,77.80000000000001,70
-22.792233,96.50546,0.0,-98.90832,-12.317677,0.0,-71.4,68.4,70
-51.161045,-21.31695,0.0,90.53845,-95.425095,0.0,35.0,-76.0,70
55.572086,49.471634,0.0,-42.72814,7.3632283,0.0,55.30000000000001,40.20000000000002,70
-42.897736,9.636448,0.0,-21.711922,-50.26429,0.0,-35.8,-21.0,70
-19.086279,-92.35527,0.0,74.08253,-86.41838,0.0,27.400000000000006,-91.8,70
90.500435,16.159393,0.0,-78.51672,-48.691803,0.0,57.400000000000006,10.300000000000011,70
93.23426,93.20934,0.0,9.274766,-27.010216,0.0,83.30000000000001,68.4,70
-51.80821,-85.04217,0.0,56.965664,-75.36292,0.0,52.20000000000002,-92.3,70
-24.859053,33.94018,0.0,65.45196,-89.20284,0.0,38.30000000000001,-84.6,70
-42.24845,50.710464,0.0,20.465063,28.990335,0.0,-38.599999999999994,28.900000000000006,70
-82.591545,-11.974088,0.0,-99.62293,77.52301,0.0,-94.1,32.599999999999994,70
24.112625,-18.774868,0.0,-54.421265,34.85321,0.0,14.100000000000009,17.700000000000003,70
24.504059,-93.098755,0.0,50.199284,-92.67639,0.0,37.30000000000001,-93.2,70
-94.067215,63.96234,0.0,-83.7273,94.01687,0.0,-90.3,79.60000000000002,70
-15.048772,18.417364,0.0,56.84811,68.06386,0.0,56.900000000000006,33.70000000000002,70
-86.52349,-71.14334,0.0,18.016867,84.622734,0.0,-83.7,84.60000000000002,70
76.723015,-75.70209,0.0,-87.09685,-48.645756,0.0,-83.8,-19.89999999999999,70
-34.71438,75.67672,0.0,-99.52226,87.97467,0.0,-70.3,84.20000000000002,70
64.5223,68.038376,0.0,98.78521,45.162083,0.0,66.4,54.900000000000006,70
-18.550533,78.68443,0.0,71.46024,83.14458,0.0,20.700000000000003,89.30000000000001,70
97.246086,-49.181583,0.0,-34.189865,-18.027304,0.0,-18.89999999999999,-58.0,70
-74.42673,-82.29733,0.0,-98.502335,13.344612,0.0,-85.6,-78.4,70
48.343132,-98.39899,0.0,27.256569,-4.324347,0.0,18.10000000000001,-75.1,70
60.129005,-7.1427674,0.0,5.4434457,-44.702686,0.0,59.80000000000001,-50.8,70
-49.226894,39.219112,0.0,93.79985,9.445762,0.0,46.400000000000006,0.4000000000000057,70
58.52197,-22.511375,0.0,54.39295,46.790016,0.0,64.10000000000002,17.900000000000006,70
98.50297,83.02103,0.0,-77.98028,-88.17986,0.0,98.60000000000002,-83.7,70
20.121353,24.204332,0.0,-47.53543,2.2239144,0.0,-13.599999999999994,20.0,70
-30.683727,-91.5221,0.0,-54.0597,-79.51818,0.0,-39.4,-94.5,70
29.197334,1.408759,0.0,-48.268246,-91.59207,0.0,-42.5,-74.3,70
-80.854355,92.82419,0.0,-81.409706,-10.741367,0.0,-92.9,56.400000000000006,70
85.112686,11.033136,0.0,17.156889,-32.089573,0.0,28.200000000000017,38.30000000000001,70
3.4306746,-87.95397,0.0,65.81227,33.62237,0.0,47.20000000000002,-83.5,70
-11.420257,24.728241,0.0,78.25723,-88.80689,0.0,43.30000000000001,-88.0,70
-90.669464,-84.09297,0.0,20.093264,15.867539,0.0,-79.8,24.80000000000001,70
99.3363,46.870323,0.0,-55.18328,-78.81192,0.0,99.4,-89.2,70
-79.00239,-39.32496,0.0,-93.9373,-36.840042,0.0,-88.2,-38.099999999999994,70
-54.273453,78.0817,0.0,-75.08458,43.100563,0.0,-36.0,71.10000000000002,70
-76.51672,-71.42293,0.0,83.25338,94.93194,0.0,61.5,83.0,70
35.2492,-52.521015,0.0,-80.28759,73.418976,0.0,-81.4,-2.6999999999999886,70
-68.754486,-76.50315,0.0,-20.233837,-47.531418,0.0,-39.3,-39.599999999999994,70
-80.30955,17.170034,0.0,30.20305,-43.31499,0.0,-80.6,-18.19999999999999,70
78.82786,89.70057,0.0,61.11206,7.0903935,0.0,58.80000000000001,80.5,70
-28.877056,-83.20892,0.0,-35.582294,-2.2770865,0.0,-35.099999999999994,-82.5,70
-88.02694,78.55229,0.0,-54.782032,10.833994,0.0,-83.8,16.200000000000003,70
-83.61337,-48.227486,0.0,57.40508,59.82777,0.0,-88.2,16.400000000000006,70
16.201237,-40.378086,0.0,59.407055,-52.47891,0.0,20.30000000000001,-42.5,70
-54.62151,25.230827,0.0,-3.6060505,-32.300602,0.0,12.5,-41.9,70
-44.894474,45.60881,0.0,-0.8156338,-85.935295,0.0,-23.099999999999994,-85.6,70
53.31802,-79.416016,0.0,-76.31893,-62.29952,0.0,-93.5,-80.4,70
-14.017216,31.958529,0.0,-97.457436,42.86352,0.0,-77.1,30.099999999999994,70
19.932516,3.8537989,0.0,-98.38236,17.739668,0.0,-72.6,55.10000000000002,70
-10.018128,16.288609,0.0,-40.36962,-6.140959,0.0,-30.5,15.600000000000009,70
24.260315,-45.737602,0.0,1.4050128,17.76638,0.0,19.60000000000001,10.900000000000006,70
-17.936073,32.607716,0.0,53.670025,-94.73803,0.0,17.80000000000001,-74.5,70
60.556015,37.16907,0.0,11.44269,-85.11553,0.0,58.70000000000002,-85.0,70
22.420465,87.52545,0.0,-11.469226,84.01149,0.0,5.5,88.20000000000002,70
-54.995903,31.847689,0.0,-77.19169,84.13354,0.0,-100.0,46.400000000000006,70
-37.703842,10.174091,0.0,-63.55817,78.16495,0.0,-49.199999999999996,78.80000000000001,70
-62.004986,-88.46823,0.0,22.00548,-30.597025,0.0,-18.0,-62.1,70
-26.811657,14.441624,0.0,-87.97895,45.592537,0.0,-73.5,37.80000000000001,70
-31.125463,81.951584,0.0,1.4304404,-32.2907,0.0,1.4000000000000057,84.9,70
91.82935,64.92887,0.0,56.701183,-77.84427,0.0,59.70000000000002,-24.299999999999997,70
-85.21438,13.852371,0.0,-55.83392,82.6418,0.0,-85.2,82.60000000000002,70
-30.762484,1.8226824,0.0,85.33497,98.254135,0.0,36.70000000000002,51.5,70
38.739853,-82.234055,0.0,53.439743,-44.17496,0.0,62.20000000000002,-82.2,70
8.323207,16.882444,0.0,-27.977821,-51.231216,0.0,-29.799999999999997,21.10000000000001,70
-49.31819,57.53935,0.0,-39.331383,-84.529076,0.0,-46.699999999999996,-31.599999999999994,70
26.364744,-25.825413,0.0,35.979237,25.634485,0.0,14.5,29.900000000000006,70
-8.606099,-31.981195,0.0,1.1336602,89.89111,0.0,13.100000000000009,78.60000000000002,70
59.954277,-5.154622,0.0,-32.48955,-61.305553,0.0,59.900000000000006,0.6000000000000085,70
5.5778604,-99.00469,0.0,87.30174,-75.33347,0.0,86.0,-100.0,70
67.39904,-11.758335,0.0,31.916586,92.566765,0.0,43.70000000000002,81.0,70
-62.367527,-89.83048,0.0,-54.42431,73.68823,0.0,-15.699999999999989,-54.0,70
17.299263,-75.13804,0.0,23.002148,-40.272198,0.0,16.5,-26.5,70
-31.525942,-58.32304,0.0,-93.466194,55.511395,0.0,-83.1,5.300000000000011,70
71.43808,-85.72289,0.0,69.37626,4.181198,0.0,44.099999999999994,-63.0,70
-4.082183,91.410645,0.0,-40.21828,-76.89063,0.0,-26.700000000000003,83.9,70
-64.21189,-83.370056,0.0,-45.43983,-95.76641,0.0,-54.599999999999994,-90.4,70
26.611006,20.395359,0.0,-31.329071,33.97835,0.0,-28.799999999999997,10.400000000000006,70
95.60207,68.17294,0.0,56.40358,-27.441763,0.0,95.10000000000002,81.4,70
-43.29848,-77.96349,0.0,76.66693,-94.07063,0.0,-18.099999999999994,-93.9,70
-14.253495,-76.744064,0.0,-86.89006,40.565395,0.0,-81.9,-87.9,70
-30.456972,-40.1389,0.0,-98.10619,42.663605,0.0,-66.4,7.300000000000011,70
-25.809366,79.98731,0.0,97.790565,48.561985,0.0,97.9,80.0,70
-78.9821,-91.63936,0.0,6.9454517,19.067734,0.0,-94.9,3.1000000000000085,70
87.126205,-93.16544,0.0,-43.905506,36.38498,0.0,-24.39999999999999,-79.1,70
-23.620564,22.781015,0.0,0.86900675,-34.407875,0.0,-44.9,-37.5,70
-97.81984,0.40233526,0.0,-70.561424,-82.10067,0.0,-82.2,-82.2,70
91.45077,1.6497205,0.0,60.825275,43.625637,0.0,60.80000000000001,44.599999999999994,70
-27.220497,-19.241632,0.0,54.05718,-80.75334,0.0,-2.8999999999999915,-84.6,70
-40.330177,85.159004,0.0,-61.596333,-78.06,0.0,-48.099999999999994,-78.1,70
-45.348183,6.0222306,0.0,66.38315,-13.71801,0.0,44.70000000000002,39.20000000000002,70
63.51458,-8.015682,0.0,27.081623,-34.663578,0.0,24.80000000000001,2.3000000000000114,70
-41.47159,-38.337368,0.0,65.51198,-1.9413221,0.0,51.599999999999994,-52.5,70
66.8676,-92.577835,0.0,65.78096,-69.903336,0.0,55.20000000000002,-84.3,70
-16.44907,8.643572,0.0,23.353683,-93.00835,0.0,7.0,-76.1,70
-31.189892,-9.183607,0.0,45.861614,29.332695,0.0,-27.799999999999997,14.600000000000009,70
-77.533615,-2.9869144,0.0,-91.58396,61.587154,0.0,-91.4,29.30000000000001,70
59.92685,-49.38529,0.0,-27.31471,78.28941,0.0,59.900000000000006,81.0,70
-83.19466,-78.27774,0.0,-37.354347,-57.74072,0.0,-57.4,-91.2,70
-45.18669,81.633484,0.0,-4.0196514,85.44745,0.0,-28.0,89.70000000000002,70
64.764084,-16.210512,0.0,55.41338,28.648142,0.0,63.20000000000002,13.400000000000006,70
95.61832,29.042137,0.0,42.676933,77.842735,0.0,100.0,78.10000000000002,70
-94.92216,-26.15239,0.0,-25.271341,33.118507,0.0,-78.8,-16.39999999999999,70
-82.19543,95.70796,0.0,-87.94799,50.695415,0.0,-88.1,75.10000000000002,70
-39.843433,16.10414,0.0,-59.431526,-79.24647,0.0,-44.5,-82.0,70
54.329876,-91.57044,0.0,58.449387,95.66233,0.0,61.80000000000001,-75.4,70
-41.415363,-15.686743,0.0,97.2829,44.562176,0.0,-48.199999999999996,4.1000000000000085,70
-85.562,22.284708,0.0,28.747173,-25.244703,0.0,-89.9,28.099999999999994,70
-34.98232,-24.721912,0.0,-91.2458,83.07455,0.0,-53.4,86.4,70
-79.9796,22.358711,0.0,-91.96867,92.66583,0.0,-90.5,59.30000000000001,70
-82.4688,-48.83794,0.0,80.53824,6.6710515,0.0,21.700000000000003,44.30000000000001,70
43.113808,-49.988747,0.0,54.17349,-91.55103,0.0,65.9,-49.9,70
19.00435,-83.14419,0.0,56.575172,93.38585,0.0,60.400000000000006,-83.1,70
52.722427,75.70523,0.0,-33.18154,-25.627964,0.0,-39.199999999999996,2.200000000000003,70
12.278586,-40.605774,0.0,-85.062584,-59.647377,0.0,-84.0,-47.0,70
-84.67996,27.601,0.0,17.87133,-18.732136,0.0,21.60000000000001,22.200000000000003,70
10.70906,-96.22408,0.0,-14.532859,-34.30362,0.0,-10.199999999999989,-64.6,70
32.600506,-76.28566,0.0,53.55968,-84.31062,0.0,50.0,-100.0,70
-95.08107,57.219646,0.0,-39.63419,74.53551,0.0,-72.9,95.10000000000002,70
97.717674,80.431564,0.0,-74.11172,99.879326,0.0,74.20000000000002,94.10000000000002,70
-43.518192,4.785214,0.0,31.103975,-46.26022,0.0,-29.799999999999997,-34.099999999999994,70
49.081127,-98.23385,0.0,-51.36922,-86.68449,0.0,-1.0,-93.0,70
12.867578,94.73651,0.0,-19.02699,87.36354,0.0,-3.0999999999999943,92.0,70
94.74166,-74.84821,0.0,60.076965,-1.0817753,0.0,94.9,30.0,70
94.693405,49.267365,0.0,2.2994742,-43.959885,0.0,94.70000000000002,-51.699999999999996,70
18.19227,-93.23498,0.0,-96.20444,63.04363,0.0,-75.9,-79.0,70
-28.47688,-53.444992,0.0,16.360111,11.079489,0.0,13.400000000000006,13.400000000000006,70
-38.78689,-91.936295,0.0,0.35529795,81.353035,0.0,-36.699999999999996,81.4,70
-15.704381,77.442604,0.0,-83.772095,-63.93,0.0,-83.8,77.5,70
79.25644,25.053333,0.0,-82.29286,65.97382,0.0,-82.3,31.5,70
-6.280586,-33.00872,0.0,-95.754074,-64.540306,0.0,-77.9,-58.0,70
-68.38354,-89.9298,0.0,-81.80288,-61.9386,0.0,-82.3,-84.2,70
-86.760056,-38.821774,0.0,-23.047962,-53.17427,0.0,-82.0,-25.89999999999999,70
66.47605,97.49831,0.0,61.356556,33.751637,0.0,59.20000000000002,73.10000000000002,70
-79.06994,57.591278,0.0,-96.49305,-1.3054911,0.0,-95.2,26.700000000000003,70
-40.480515,-65.73423,0.0,53.002335,2.2353969,0.0,-42.4,-34.0,70
24.619305,6.867744,0.0,48.393333,-46.070625,0.0,22.30000000000001,-48.4,70
64.38321,29.322035,0.0,-81.53945,71.86943,0.0,-81.7,22.900000000000006,70
95.19266,-58.783546,0.0,2.4031081,85.25948,0.0,95.30000000000001,85.10000000000002,70
11.837027,92.884384,0.0,-41.062267,-54.074245,0.0,-16.39999999999999,78.0,70
37.408806,83.41921,0.0,-49.70125,25.087442,0.0,-24.39999999999999,83.4,70
28.018253,-85.82306,0.0,-83.27997,70.37335,0.0,-83.3,-85.4,70
-86.86272,-49.36374,0.0,-29.350527,-10.319794,0.0,-76.5,-48.599999999999994,70
88.463104,83.9367,0.0,70.787025,-86.75344,0.0,91.5,78.0,70
41.347343,-50.048264,0.0,16.084396,81.73543,0.0,23.30000000000001,90.30000000000001,70
56.025215,-26.758753,0.0,-79.38445,57.927273,0.0,57.900000000000006,-21.799999999999997,70
-96.7769,64.7608,0.0,-25.06849,99.85741,0.0,-76.2,81.10000000000002,70
-6.7694483,-50.162285,0.0,-29.338003,22.910646,0.0,-38.199999999999996,-9.699999999999989,70
-89.672226,27.697765,0.0,-31.291063,46.35313,0.0,-81.0,44.599999999999994,70
60.777992,-53.96349,0.0,14.816565,-1.7597988,0.0,57.5,-32.099999999999994,70
54.72202,-2.181774,0.0,-11.795545,-53.52527,0.0,65.80000000000001,-8.699999999999989,70
92.72382,-75.9692,0.0,-79.77355,97.468124,0.0,100.0,76.9,70
21.206358,-0.43499944,0.0,83.43065,-87.5623,0.0,25.400000000000006,-79.0,70
-39.44104,-3.3478441,0.0,52.95918,-4.1219144,0.0,-43.599999999999994,-8.799999999999997,70
-77.32179,10.705333,0.0,97.449104,85.15827,0.0,-100.0,84.4,70
-38.020634,-3.2908456,0.0,22.245935,-78.58583,0.0,-3.0,-85.2,70
-23.425653,79.62895,0.0,-31.073126,-5.159225,0.0,-44.0,86.80000000000001,70
-70.342636,87.826775,0.0,84.398605,81.363686,0.0,34.70000000000002,89.9,70
-20.82819,23.535032,0.0,-33.16582,-17.442646,0.0,-36.599999999999994,0.6000000000000085,70
98.65748,-50.90494,0.0,-45.397827,-7.329038,0.0,29.400000000000006,-78.2,70
-33.0889,-5.4922814,0.0,-15.297531,-34.2682,0.0,-34.7,-25.799999999999997,70
-11.717425,94.80794,0.0,-88.257996,46.063133,0.0,-80.2,72.60000000000002,70
62.97844,-60.845985,0.0,-43.99487,51.950066,0.0,-33.5,38.20000000000002,70
-72.37406,78.72515,0.0,93.11825,-64.54169,0.0,93.4,78.9,70
-17.090168,-76.59235,0.0,-82.7396,9.438806,0.0,-82.7,-88.3,70
23.311722,82.14105,0.0,-22.298216,6.9560356,0.0,-57.8,82.10000000000002,70
4.178847,11.187417,0.0,-18.047184,86.783966,0.0,-74.2,57.5,70
-21.145409,-28.66315,0.0,-70.96881,82.39359,0.0,-82.6,81.10000000000002,70
76.45857,32.244877,0.0,50.42749,-67.254196,0.0,90.20000000000002,-12.899999999999991,70
-91.642525,-27.522724,0.0,-47.258087,-31.836584,0.0,-48.8,-44.9,70
-45.50548,63.853428,0.0,63.593388,-86.609314,0.0,-24.0,-84.1,70
-35.59804,-64.86615,0.0,51.008972,-77.94959,0.0,-35.8,-87.1,70
-10.60092,24.928764,0.0,-71.78175,-92.376,0.0,-87.1,-74.2,70
50.716145,-97.79829,0.0,-93.68934,56.928288,0.0,-78.4,-75.0,70
-80.066086,9.651318,0.0,-33.357872,-81.635475,0.0,-80.1,-84.7,70
63.045586,-91.349556,0.0,-96.35959,54.412525,0.0,-76.2,-80.1,70
52.9786,-56.795277,0.0,91.80946,10.745506,0.0,71.5,10.5,70
-37.06563,-96.91297,0.0,-89.49606,-99.6849,0.0,-63.4,-98.4,70
-91.78527,55.512333,0.0,85.7733,33.625423,0.0,-81.7,33.70000000000002,70
-93.329765,89.78277,0.0,-23.213839,77.53892,0.0,-55.8,94.70000000000002,70
14.361617,31.744879,0.0,53.339737,32.43847,0.0,33.400000000000006,21.5,70
-30.424173,72.27727,0.0,-80.40525,73.06523,0.0,-80.5,78.5,70
10.817091,18.053738,0.0,-65.43857,-80.906044,0.0,-19.299999999999997,-92.4,70
16.749859,-16.094324,0.0,57.280727,-35.086903,0.0,62.5,-4.5,70
1.7240802,-79.20776,0.0,20.584747,-36.46888,0.0,19.80000000000001,-79.3,70
-45.295216,10.242532,0.0,79.31946,29.833282,0.0,1.8000000000000114,23.10000000000001,70
39.78852,-80.73947,0.0,54.3245,-35.450012,0.0,54.400000000000006,-80.8,70
97.45057,-46.15963,0.0,49.78282,79.94666,0.0,97.5,81.0,70
-90.76202,-84.167366,0.0,66.4808,-98.54364,0.0,-53.5,-94.5,70
89.42892,78.12908,0.0,96.373634,-59.802853,0.0,97.0,82.30000000000001,70
-51.701,38.53882,0.0,-45.959663,44.08193,0.0,-44.9,41.30000000000001,70
22.050209,32.140205,0.0,-13.329348,90.614075,0.0,26.200000000000003,83.80000000000001,70
-23.610785,22.400019,0.0,-88.527794,-95.5274,0.0,-64.6,-78.5,70
47.160107,81.83477,0.0,1.8216264,75.295784,0.0,-6.799999999999997,97.5,70
52.743893,-32.897785,0.0,1.6018549,29.627028,0.0,52.80000000000001,24.700000000000003,70
32.06629,33.537254,0.0,-95.84333,-1.8813566,0.0,-78.6,3.9000000000000057,70
31.71048,30.855028,0.0,62.115017,50.742138,0.0,54.80000000000001,30.80000000000001,70
74.64542,87.29013,0.0,-68.10511,78.043915,0.0,28.700000000000017,94.9,70
-88.44705,50.642616,0.0,-42.043106,-76.41809,0.0,-79.4,-94.4,70
32.24391,94.59908,0.0,-79.5992,-34.73953,0.0,-85.9,76.9,70
-98.86688,-64.32516,0.0,86.15033,96.590126,0.0,-74.6,79.4,70
55.221684,-91.27504,0.0,60.146927,-42.190563,0.0,60.10000000000002,-74.7,70
-36.624,-5.637038,0.0,-41.30012,-56.38087,0.0,-40.5,-30.89999999999999,70
31.676706,-83.27458,0.0,91.2497,58.358566,0.0,92.20000000000002,-83.5,70
-30.722559,-28.108566,0.0,-22.52641,-30.176165,0.0,-29.39999999999999,-31.099999999999994,70
3.607721,32.995052,0.0,30.276594,-88.93589,0.0,45.5,-86.8,70
-53.64221,-74.956245,0.0,-44.765663,-12.681169,0.0,-29.599999999999994,-27.799999999999997,70
-21.87824,85.42304,0.0,65.43827,37.65904,0.0,45.30000000000001,85.4,70
26.161205,-0.6025917,0.0,-80.48044,-56.130547,0.0,-86.1,-35.3,70
30.932438,97.5751,0.0,-79.261246,-13.16627,0.0,-80.7,75.30000000000001,70
-79.06354,54.99686,0.0,-10.410753,92.60307,0.0,-84.5,77.0,70
54.56157,15.614611,0.0,26.251747,-75.34548,0.0,55.60000000000002,9.300000000000011,70
25.478523,-39.083057,0.0,3.9760756,-52.713783,0.0,20.30000000000001,-38.4,70
-7.806869,-95.663475,0.0,28.539858,94.1371,0.0,-19.5,-87.8,70
45.297977,75.79773,0.0,-84.08128,16.572971,0.0,-84.1,100.0,70
96.27071,51.69325,0.0,-96.64819,25.286676,0.0,-73.7,-24.89999999999999,70
19.679642,-9.695373,0.0,33.333664,25.344238,0.0,27.10000000000001,26.10000000000001,70
61.298523,-49.45896,0.0,-8.27083,-83.30034,0.0,56.30000000000001,-83.3,70
11.162039,-23.69892,0.0,-26.11439,24.695559,0.0,2.9000000000000057,19.60000000000001,70
-19.4406,8.305413,0.0,70.512985,88.913895,0.0,46.0,50.80000000000001,70
34.70852,23.355417,0.0,-94.289764,8.201673,0.0,-77.3,22.400000000000006,70
-51.06239,-65.21893,0.0,4.937871,-28.861143,0.0,-16.89999999999999,-68.0,70
61.903763,-20.513777,0.0,-5.140389,-92.13845,0.0,50.70000000000002,-78.2,70
-88.44331,70.455666,0.0,-30.584188,-96.146805,0.0,-81.4,-78.6,70
-85.29638,-62.686733,0.0,-94.59584,29.433249,0.0,-91.1,-16.5,70
32.813793,22.757946,0.0,74.73539,-75.67064,0.0,77.4,-21.599999999999994,70
-5.1357217,-78.70547,0.0,-57.629623,85.21674,0.0,-64.0,86.60000000000002,70
45.591496,89.60755,0.0,66.84684,-59.735874,0.0,47.70000000000002,83.9,70
99.33863,-64.19508,0.0,-49.963276,-11.196998,0.0,93.5,-91.8,70
-84.60856,-96.24906,0.0,44.95538,-84.93907,0.0,-20.299999999999997,-91.5,70
69.90758,-72.273125,0.0,-81.00409,18.89575,0.0,-99.6,-10.799999999999997,70
-34.73548,11.080016,0.0,-78.639694,-14.436883,0.0,-47.099999999999994,-32.3,70
-48.22254,78.170555,0.0,-44.824112,-85.908966,0.0,-32.3,40.30000000000001,70
-30.874254,94.348694,0.0,-53.456894,3.1278114,0.0,-47.0,59.10000000000002,70
-13.65855,-33.824368,0.0,78.83812,18.765305,0.0,-24.299999999999997,-51.199999999999996,70
-45.92744,55.902344,0.0,-48.974854,13.93501,0.0,-45.9,34.599999999999994,70
77.097855,10.044431,0.0,-54.73731,-45.2239,0.0,54.20000000000002,23.80000000000001,70
90.84176,-30.215105,0.0,52.554268,-7.445674,0.0,74.5,-23.19999999999999,70
28.834045,91.11545,0.0,-92.63075,99.060684,0.0,-32.2,95.30000000000001,70
19.988894,33.636333,0.0,-34.462444,82.68828,0.0,0.20000000000000284,83.9,70
-7.917173,-81.26914,0.0,-63.337673,75.53143,0.0,-33.099999999999994,-88.8,70
97.791115,26.727423,0.0,-94.165886,-95.293045,0.0,100.0,-75.7,70
-44.55818,44.478706,0.0,-54.9986,85.98864,0.0,-41.099999999999994,78.60000000000002,70
20.164469,-51.11527,0.0,-41.0681,55.61794,0.0,-35.599999999999994,-20.599999999999994,70
-96.68821,18.45316,0.0,34.397354,-54.44885,0.0,-79.3,18.80000000000001,70
-29.839615,-18.829582,0.0,84.41493,19.557476,0.0,-32.7,38.80000000000001,70
-89.879036,19.1166,0.0,16.06597,-18.909386,0.0,-100.0,-13.799999999999997,70
2.1878629,17.978712,0.0,-18.484768,-86.41589,0.0,-8.099999999999994,-91.2,70
45.659348,23.248621,0.0,10.243234,78.769684,0.0,83.9,78.80000000000001,70
43.6529,34.86663,0.0,50.66441,-27.087976,0.0,73.60000000000002,-30.599999999999994,70
-17.210981,8.768386,0.0,-86.63221,93.93995,0.0,-69.5,79.5,70
96.020546,-59.884163,0.0,59.584694,-35.16035,0.0,94.80000000000001,-55.0,70
60.155613,-10.711253,0.0,10.214305,-51.265537,0.0,59.80000000000001,-41.599999999999994,70
72.59949,31.926868,0.0,-76.02883,45.431812,0.0,4.1000000000000085,21.80000000000001,70
-54.904392,74.77326,0.0,-78.75956,68.8441,0.0,-85.3,29.0,70
40.109337,-44.48272,0.0,45.36317,-87.71833,0.0,73.20000000000002,-62.699999999999996,70
94.078735,54.2294,0.0,-20.072123,29.444578,0.0,98.70000000000002,29.400000000000006,70
-84.3644,-43.315704,0.0,-92.13159,-55.452034,0.0,-90.1,-49.4,70
12.062871,84.23261,0.0,-92.36479,44.51089,0.0,-78.9,84.20000000000002,70
-89.66366,-39.603256,0.0,49.38217,77.583496,0.0,-90.0,-64.5,70
-44.879475,64.18936,0.0,-27.843946,26.375742,0.0,-36.3,27.0,70
99.66137,-42.698925,0.0,58.436768,-50.873886,0.0,99.60000000000002,-52.8,70
-93.057076,-60.88842,0.0,-86.12042,-61.98588,0.0,-90.9,-61.4,70
-77.57138,-93.53895,0.0,-88.105316,14.1277895,0.0,-94.4,-61.0,70
92.22766,51.395264,0.0,23.440285,-11.697067,0.0,22.5,-38.699999999999996,70
-96.11805,39.18516,0.0,73.57125,2.854145,0.0,-69.6,39.70000000000002,70
59.50879,60.599922,0.0,-48.25883,-77.41994,0.0,59.5,-100.0,70
-40.628765,83.71422,0.0,38.897324,85.138245,0.0,-5.0,92.60000000000002,70
-91.765144,-94.13023,0.0,44.54056,-88.62088,0.0,-25.700000000000003,-92.6,70
-46.65874,2.2660613,0.0,44.71647,26.219719,0.0,1.1000000000000085,28.900000000000006,70
46.529648,81.85049,0.0,-78.90366,0.48952535,0.0,-81.6,81.9,70
-51.75501,-45.237972,0.0,95.74062,-75.089485,0.0,97.80000000000001,-57.4,70
14.215928,-19.077894,0.0,-13.505421,-40.80981,0.0,29.400000000000006,-45.9,70
58.28472,-59.350197,0.0,67.55656,8.764975,0.0,58.900000000000006,-0.3999999999999915,70
-48.126404,-81.521774,0.0,64.67275,22.742275,0.0,52.20000000000002,-90.9,70
69.67959,43.551514,0.0,-83.08588,36.528862,0.0,-83.2,36.30000000000001,70
28.582485,-54.81201,0.0,-24.799406,-18.816092,0.0,3.200000000000003,7.0,70
90.787384,37.072735,0.0,-0.9850132,13.159095,0.0,85.9,42.099999999999994,70
96.23229,44.10905,0.0,-43.032112,-39.36984,0.0,96.30000000000001,-54.9,70
61.85742,-75.797325,0.0,-85.88311,98.73161,0.0,55.900000000000006,78.10000000000002,70
-84.77568,41.38088,0.0,-43.23978,4.809748,0.0,-89.6,31.099999999999994,70
10.9878435,-80.44083,0.0,50.61684,47.887863,0.0,80.30000000000001,-80.8,70
-36.559254,-57.20857,0.0,-32.114178,5.7337103,0.0,-41.8,-22.0,70
-31.683126,-80.05401,0.0,84.215744,-77.942474,0.0,26.900000000000006,-90.6,70
58.533413,73.367615,0.0,37.07768,91.01985,0.0,58.20000000000002,86.9,70
92.72679,20.725494,0.0,70.58793,7.4597116,0.0,81.20000000000002,15.800000000000011,70
-7.704822,-91.72674,0.0,-23.888067,-96.6974,0.0,-15.799999999999997,-94.5,70
-45.959644,12.680522,0.0,-49.738544,-60.96466,0.0,-38.699999999999996,-30.099999999999994,70
-36.38195,44.741867,0.0,44.82564,85.40388,0.0,-36.5,85.4,70
-76.539764,55.64115,0.0,11.441753,30.589361,0.0,-100.0,30.400000000000006,70
56.931744,-6.521588,0.0,-47.221554,-30.98727,0.0,57.30000000000001,-53.9,70
50.06713,18.340193,0.0,-0.19977334,-76.710014,0.0,-13.199999999999989,-77.3,70
70.63244,3.7846866,0.0,-35.02761,90.11478,0.0,43.099999999999994,82.0,70
0.59818673,-43.67433,0.0,-58.00593,-86.99821,0.0,-16.799999999999997,-48.599999999999994,70
45.721287,28.637897,0.0,14.500446,-44.25155,0.0,27.700000000000003,25.900000000000006,70
50.424625,49.44432,0.0,-27.253534,-0.15102261,0.0,-30.89999999999999,-8.599999999999994,70
-27.494684,8.554372,0.0,-86.71881,29.107176,0.0,-73.9,22.400000000000006,70
-99.13993,-71.67082,0.0,-88.27036,69.4357,0.0,-95.1,-11.299999999999997,70
17.265057,17.34083,0.0,79.24621,25.694897,0.0,22.400000000000006,29.0,70
55.723515,-65.2261,0.0,60.756344,82.919876,0.0,58.60000000000002,26.60000000000001,70
-45.80654,25.333797,0.0,-14.998334,31.892944,0.0,-31.099999999999994,22.60000000000001,70
-7.5273223,91.005,0.0,-96.69284,-16.532745,0.0,-76.9,72.60000000000002,70
-82.72388,-83.58829,0.0,73.67945,20.770346,0.0,33.400000000000006,-94.4,70
-85.0232,-29.441853,0.0,-85.17867,-50.389458,0.0,-86.9,-40.0,70
-41.46342,4.817857,0.0,-43.73109,50.483448,0.0,-41.4,27.700000000000003,70
-31.233824,-1.7268709,0.0,22.255924,-97.771545,0.0,-29.0,-75.1,70
-0.51807386,-39.352463,0.0,-2.4427733,13.612253,0.0,-26.700000000000003,-36.199999999999996,70
-14.71089,12.853357,0.0,-33.1073,4.873705,0.0,-28.89999999999999,16.200000000000003,70
49.000404,-83.66867,0.0,-7.361023,-78.413506,0.0,19.60000000000001,-95.6,70
39.043823,-79.32148,0.0,-14.732099,-89.582756,0.0,11.900000000000006,-88.4,70
6.326138,-45.3152,0.0,-85.35848,-57.370556,0.0,-84.4,-45.3,70
56.185852,-21.590643,0.0,37.631016,-49.88152,0.0,56.30000000000001,-42.599999999999994,70
-82.62666,46.008446,0.0,-39.855762,-42.914886,0.0,-39.699999999999996,4.800000000000011,70
-79.65041,-64.02949,0.0,-40.505424,-10.252144,0.0,-55.199999999999996,-35.099999999999994,70
-51.556976,-31.726145,0.0,63.82541,-6.7984614,0.0,54.10000000000002,-48.3,70
85.8745,8.346932,0.0,23.93877,-97.58691,0.0,83.80000000000001,-86.9,70
-30.808844,-24.732258,0.0,58.416626,-63.240322,0.0,58.400000000000006,-73.3,70
-90.69122,24.576544,0.0,-97.085655,94.65624,0.0,-94.1,59.70000000000002,70
53.535366,78.23404,0.0,28.276686,-98.13103,0.0,57.80000000000001,-77.9,70
57.864864,-36.53129,0.0,27.963348,-52.487865,0.0,57.900000000000006,-43.5,70
-40.3357,-87.236824,0.0,-98.307526,-90.321075,0.0,-69.4,-92.4,70
96.84253,26.458181,0.0,-40.508045,30.479,0.0,-35.099999999999994,28.700000000000017,70
-28.426277,-0.6051902,0.0,-32.286385,30.589457,0.0,-32.7,12.200000000000003,70
66.146126,11.312308,0.0,-80.48229,10.741311,0.0,51.20000000000002,41.0,70
43.743427,-52.995785,0.0,47.30303,82.33311,0.0,7.800000000000011,94.60000000000002,70
-96.92427,76.818535,0.0,27.18778,-49.201744,0.0,-78.5,-10.5,70
83.93565,95.57143,0.0,-63.196087,-75.850105,0.0,6.900000000000006,87.60000000000002,70
26.99075,22.927408,0.0,65.7023,-32.176556,0.0,50.900000000000006,34.099999999999994,70
-49.873985,31.34612,0.0,-30.19093,19.569065,0.0,-40.699999999999996,23.400000000000006,70
-51.646637,-31.722837,0.0,33.007668,-78.908516,0.0,-16.89999999999999,-79.1,70
24.895449,-76.49766,0.0,15.819488,-31.092197,0.0,-13.299999999999997,-58.5,70
66.38322,-56.457233,0.0,-33.46087,46.520523,0.0,-43.3,-22.799999999999997,70
98.742935,-27.38995,0.0,-18.26082,-45.568836,0.0,98.80000000000001,-49.9,70
55.984787,-5.275825,0.0,60.892136,13.385919,0.0,60.900000000000006,4.0,70
-10.03326,93.54266,0.0,-17.931864,-79.108,0.0,-42.099999999999994,82.20000000000002,70
-93.439476,-31.34039,0.0,70.38817,78.28008,0.0,-78.2,95.9,70
12.291462,76.66731,0.0,-45.042767,-31.327133,0.0,-36.199999999999996,89.10000000000002,70
51.306488,-55.98207,0.0,44.99415,21.7323,0.0,69.4,47.30000000000001,70
-91.42744,-76.556786,0.0,15.432318,-86.59552,0.0,-62.9,-94.2,70
66.5885,-2.4560418,0.0,98.41165,-46.343037,0.0,99.10000000000002,-11.199999999999989,70
93.46209,-94.32793,0.0,51.2706,-72.94514,0.0,87.4,-94.9,70
52.22956,10.436909,0.0,98.20932,41.459587,0.0,98.20000000000002,28.700000000000017,70
19.592978,-27.256142,0.0,76.7664,32.88236,0.0,25.10000000000001,19.10000000000001,70
-76.27081,47.32911,0.0,-33.34627,-97.478424,0.0,-32.8,-81.9,70
-19.827961,-36.736973,0.0,-7.0575824,-45.711746,0.0,-14.799999999999997,-41.3,70
64.409836,-0.11002784,0.0,-34.29322,-73.951965,0.0,-42.699999999999996,-72.4,70
-96.68572,-35.499367,0.0,47.96008,94.11015,0.0,-75.4,80.10000000000002,70
51.744747,44.232864,0.0,23.079975,-44.07514,0.0,57.400000000000006,-54.3,70
40.144848,29.390625,0.0,66.67411,-95.54789,0.0,53.0,24.200000000000003,70
12.215986,3.32681,0.0,31.889679,-96.57966,0.0,67.0,-75.8,70
-50.83469,-75.68392,0.0,-52.437325,72.51747,0.0,-27.599999999999994,17.10000000000001,70
66.259026,80.49983,0.0,-95.77526,38.119026,0.0,-77.0,89.20000000000002,70
98.506294,-21.029295,0.0,41.530636,91.86038,0.0,94.5,79.10000000000002,70
-32.191467,99.071,0.0,42.172344,90.06305,0.0,4.900000000000006,94.80000000000001,70
-52.947968,57.798588,0.0,60.100792,51.00244,0.0,63.20000000000002,50.70000000000002,70
-47.364002,-25.884203,0.0,29.959873,-31.612488,0.0,-10.399999999999991,-37.5,70
-84.62681,-47.89316,0.0,50.61697,-28.177717,0.0,-83.1,-46.5,70
9.875742,32.440754,0.0,-41.183765,-56.87386,0.0,-35.5,-5.3999999999999915,70
28.776531,-87.75747,0.0,-79.23732,26.195688,0.0,-79.9,-82.0,70
62.92569,-1.774788,0.0,59.555412,8.897279,0.0,59.60000000000002,4.1000000000000085,70
6.7475414,80.50834,0.0,29.215675,-34.641052,0.0,8.0,80.80000000000001,70
-14.741632,-34.100445,0.0,7.0732775,-39.111538,0.0,-3.8999999999999915,-42.699999999999996,70
-2.983595,79.121574,0.0,-33.972183,-71.14184,0.0,-34.7,79.20000000000002,70
-79.10944,29.174885,0.0,23.216106,0.0859538,0.0,-20.69999999999999,44.0,70
-90.64738,96.73099,0.0,5.8230944,-31.031382,0.0,-78.8,-49.699999999999996,70
28.152529,14.595855,0.0,-94.72253,-6.701499,0.0,-78.6,7.5,70
86.90263,85.22697,0.0,-98.35397,11.507122,0.0,-76.8,85.20000000000002,70
-82.477356,68.3403,0.0,-41.82019,1.5117378,0.0,-94.2,42.0,70
81.03921,-97.30004,0.0,-92.5003,-89.94275,0.0,-57.199999999999996,-94.1,70
83.71601,19.16132,0.0,-40.254395,-3.3081872,0.0,4.1000000000000085,35.5,70
-39.18813,95.24875,0.0,46.362095,98.65585,0.0,3.5,97.20000000000002,70
5.484455,-91.23749,0.0,-38.539463,80.33839,0.0,-37.4,-81.3,70
-76.127174,42.04917,0.0,-59.975807,97.56022,0.0,-87.5,82.9,70
-80.33545,-89.35339,0.0,-29.499043,25.630814,0.0,-60.099999999999994,-82.1,70
-27.025726,82.124,0.0,-78.334305,-33.038517,0.0,-78.7,79.30000000000001,70
58.654755,-93.18107,0.0,-38.986664,99.368195,0.0,58.70000000000002,78.0,70
-79.05484,-79.554886,0.0,19.369574,-76.006516,0.0,-65.5,-100.0,70
66.45209,94.74016,0.0,75.21912,6.632698,0.0,54.5,56.0,70
51.437645,0.5175331,0.0,23.676514,-16.54231,0.0,22.30000000000001,3.0,70
30.345224,-76.19005,0.0,20.177362,-23.126823,0.0,-13.399999999999991,-55.3,70
10.6078005,-36.13036,0.0,93.17628,95.5187,0.0,43.5,72.80000000000001,70
32.69673,-88.02686,0.0,33.033947,98.38506,0.0,77.70000000000002,-89.1,70
-37.179054,98.276344,0.0,-80.57654,-65.27016,0.0,-80.7,76.80000000000001,70
4.756217,-37.857246,0.0,73.229034,-81.13773,0.0,34.400000000000006,-56.699999999999996,70
-1.9362974,80.02685,0.0,-83.87606,14.763582,0.0,-83.9,80.10000000000002,70
97.90729,74.88592,0.0,-86.40023,-15.481599,0.0,-75.7,18.30000000000001,70
10.004741,-42.478073,0.0,-7.962096,-97.34827,0.0,8.200000000000003,-57.9,70
-99.19752,76.83033,0.0,-52.617645,-93.059906,0.0,-76.1,-81.2,70
-92.75274,37.732204,0.0,55.69493,61.956112,0.0,-80.7,61.5,70
62.19573,-4.7287903,0.0,-44.212376,-87.246185,0.0,52.099999999999994,-83.0,70
-9.690405,-98.93284,0.0,-76.03847,79.93331,0.0,0.0,-72.4,70
69.528465,-77.127975,0.0,96.63838,97.973206,0.0,97.70000000000002,-96.1,70
-84.31785,-19.001762,0.0,92.525116,-22.894949,0.0,-90.6,-40.199999999999996,70
-61.643402,-76.50511,0.0,-5.1827507,34.651566,0.0,-49.599999999999994,-85.1,70
-40.871235,80.6815,0.0,-17.976715,-46.193645,0.0,-40.9,-5.799999999999997,70
-83.29742,40.5471,0.0,19.114063,-53.91438,0.0,-83.4,20.200000000000003,70
69.90034,99.69524,0.0,-48.263027,-25.83235,0.0,-28.200000000000003,75.9,70
94.9294,80.17162,0.0,-61.05524,-99.180664,0.0,95.10000000000002,-73.5,70
-91.88778,89.0209,0.0,-70.44585,88.94577,0.0,-81.5,89.30000000000001,70
-86.91553,-33.13272,0.0,93.56438,51.52176,0.0,-85.2,-18.799999999999997,70
-35.84018,38.621593,0.0,-12.778316,-46.4681,0.0,-38.699999999999996,-13.199999999999989,70
-24.111946,-99.62993,0.0,36.219578,98.551384,0.0,28.099999999999994,74.60000000000002,70
62.28374,-79.69357,0.0,-88.687325,81.940704,0.0,55.20000000000002,83.60000000000002,70
-53.01816,-20.956625,0.0,47.546085,-77.62894,0.0,25.80000000000001,-81.6,70
23.34219,-86.320175,0.0,28.644703,-1.2413929,0.0,-12.199999999999989,-82.6,70
-79.881546,69.55889,0.0,-20.620718,32.99377,0.0,-87.7,16.30000000000001,70
12.122574,-89.346954,0.0,66.21257,-91.130455,0.0,39.599999999999994,-91.5,70
58.275635,42.22028,0.0,-30.072393,-67.07283,0.0,62.5,-11.5,70
95.99271,62.43465,0.0,66.413666,-84.10861,0.0,96.10000000000002,-84.1,70
37.245636,99.944626,0.0,-75.847176,-96.51557,0.0,-71.3,-75.7,70
-54.925186,14.555607,0.0,-5.681399,34.61823,0.0,-42.099999999999994,-2.299999999999997,70
-91.64768,3.000078,0.0,65.42282,-97.748955,0.0,-81.5,-73.5,70
-83.589935,66.69907,0.0,14.933536,-80.6645,0.0,-83.6,-80.7,70
57.52246,-97.61737,0.0,-79.49985,1.321581,0.0,-81.1,-73.7,70
-99.54555,38.13602,0.0,84.858284,12.448324,0.0,62.70000000000002,7.800000000000011,70
-55.453293,-91.866104,0.0,-61.3811,-93.11188,0.0,-58.4,-93.1,70
-49.74487,-49.29254,0.0,-31.19374,31.502138,0.0,-34.8,-7.199999999999989,70
-86.83205,-21.537922,0.0,59.365463,-21.976618,0.0,-79.0,-10.599999999999994,70
-48.137165,16.671974,0.0,56.56695,37.348763,0.0,56.80000000000001,30.400000000000006,70
56.599815,24.317734,0.0,-31.976158,-40.165695,0.0,56.60000000000002,-52.099999999999994,70
-87.13092,-20.919033,0.0,-32.14715,-6.14273,0.0,-71.6,-26.200000000000003,70
56.260567,-20.893637,0.0,55.311348,-27.546719,0.0,65.4,-25.200000000000003,70
19.587599,90.888794,0.0,-65.191795,96.266335,0.0,-22.89999999999999,93.70000000000002,70
-26.534771,-99.36683,0.0,40.25015,-75.02532,0.0,-0.19999999999998863,-100.0,70
-90.33151,-9.207087,0.0,-30.09749,-15.570203,0.0,-70.8,-17.299999999999997,70
-97.97411,-19.996172,0.0,63.329815,-44.60196,0.0,-76.9,-54.099999999999994,70
55.41132,78.89489,0.0,19.042906,12.902533,0.0,55.400000000000006,45.20000000000002,70
-95.81419,-90.544075,0.0,-85.33739,16.127176,0.0,-92.3,-37.8,70
-14.991134,76.1589,0.0,-16.614288,-94.476585,0.0,-36.099999999999994,-77.3,70
-67.22786,-88.613884,0.0,57.927948,-26.96034,0.0,57.900000000000006,-81.9,70
-41.278027,-8.669366,0.0,62.18075,28.653442,0.0,-21.89999999999999,24.30000000000001,70
-28.42527,75.169205,0.0,66.36337,87.464905,0.0,50.099999999999994,93.30000000000001,70
-86.20053,-85.802666,0.0,22.452835,-77.35552,0.0,1.3000000000000114,-95.7,70
-31.15275,-8.125032,0.0,-35.01468,56.866302,0.0,-47.5,26.5,70
-8.676213,-39.41306,0.0,-84.60025,-43.625114,0.0,-80.6,-38.699999999999996,70
4.0255938,-88.198,0.0,83.17966,76.89,0.0,66.70000000000002,-85.4,70
-52.338627,40.255806,0.0,-31.203436,63.031452,0.0,-45.0,48.70000000000002,70
52.964005,-96.824196,0.0,-35.437233,-82.011345,0.0,5.0,-94.2,70
90.20882,-97.13676,0.0,14.234528,-86.07539,0.0,52.0,-93.4,70
-83.179146,12.709381,0.0,58.07422,26.259485,0.0,-83.3,28.80000000000001,70
28.042755,91.700554,0.0,99.87473,80.14874,0.0,70.60000000000002,96.60000000000002,70
-20.249924,34.831974,0.0,-27.378992,-3.3122969,0.0,-35.0,3.4000000000000057,70
-13.735938,33.744057,0.0,-45.61803,48.123356,0.0,-32.89999999999999,19.10000000000001,70
9.637012,-24.504322,0.0,97.00835,20.219976,0.0,65.5,5.800000000000011,70
45.251514,-87.57528,0.0,-94.61033,8.471562,0.0,-77.7,-82.9,70
-3.059149,30.376049,0.0,-15.945876,-53.7167,0.0,-30.700000000000003,-1.7999999999999972,70
55.93562,-71.58174,0.0,-97.40974,3.0130498,0.0,65.9,-88.6,70
4.9703655,-34.0053,0.0,-38.236797,55.93031,0.0,-35.39999999999999,-44.0,70
-29.845629,15.342148,0.0,76.42563,95.35565,0.0,41.20000000000002,34.599999999999994,70
-40.55521,-97.38793,0.0,-98.98322,-73.27745,0.0,-75.8,-88.3,70
-91.21163,-90.100075,0.0,-95.72501,-34.39525,0.0,-94.6,-62.4,70
-82.68091,62.859364,0.0,80.57514,-85.3942,0.0,-82.7,-85.0,70
38.70452,91.63194,0.0,66.310616,35.999332,0.0,50.70000000000002,82.0,70
56.020195,5.1237864,0.0,52.311157,84.989525,0.0,70.0,63.70000000000002,70
61.076096,49.79694,0.0,-24.771475,-29.337576,0.0,58.0,27.60000000000001,70
-95.50642,29.03147,0.0,40.2406,-88.32001,0.0,-76.3,-82.6,70
57.082813,-93.055626,0.0,-36.21361,20.085299,0.0,-29.5,-78.6,70
94.15048,95.13329,0.0,-34.724403,10.004616,0.0,-46.599999999999994,77.80000000000001,70
-86.9651,-33.86126,0.0,82.04247,75.86089,0.0,-86.5,-50.099999999999994,70
63.291454,-40.435623,0.0,25.688244,-83.08072,0.0,50.400000000000006,-83.1,70
92.965546,-16.775555,0.0,-97.55865,90.701904,0.0,93.0,81.60000000000002,70
-80.55848,-11.505337,0.0,-52.130333,44.211193,0.0,-80.6,-30.299999999999997,70
10.717659,-82.09224,0.0,66.69897,80.83864,0.0,49.900000000000006,-82.1,70
-12.230088,86.08843,0.0,-92.620346,-19.923698,0.0,-79.2,74.5,70
-0.009189416,-91.54619,0.0,51.10738,76.0021,0.0,78.30000000000001,-79.2,70
59.8998,11.029753,0.0,21.575483,-79.02702,0.0,59.80000000000001,-90.1,70
-7.9690175,-92.76104,0.0,52.520584,12.851607,0.0,53.20000000000002,-78.7,70
-47.741165,-67.208916,0.0,43.58994,-91.32302,0.0,-22.89999999999999,-91.1,70
-89.09878,52.020218,0.0,-53.76617,-6.567731,0.0,-79.6,30.5,70
81.24848,87.76608,0.0,98.54938,42.9584,0.0,99.80000000000001,81.60000000000002,70
64.78889,-75.404655,0.0,-54.37669,5.008878,0.0,47.900000000000006,-53.599999999999994,70
68.60271,-48.131557,0.0,62.99954,12.429994,0.0,58.0,-21.19999999999999,70
6.1615176,22.033056,0.0,-3.8354933,-81.81383,0.0,-20.19999999999999,-82.9,70
-63.247078,-84.53006,0.0,-90.250595,-7.8902283,0.0,-83.4,-84.5,70
95.782425,-33.642242,0.0,-14.577424,-99.56822,0.0,96.10000000000002,-75.9,70
-49.45657,-19.991465,0.0,-56.604237,-79.87217,0.0,-46.3,-82.3,70
-29.056835,31.657158,0.0,-44.57625,75.56645,0.0,-37.9,30.099999999999994,70
18.467047,23.716743,0.0,55.985233,-95.533066,0.0,27.60000000000001,-80.7,70
-49.102818,74.766785,0.0,-20.120712,-86.22041,0.0,-20.69999999999999,-84.9,70
-49.891,49.197495,0.0,-94.40171,-41.485233,0.0,-85.6,44.80000000000001,70
96.73451,16.920334,0.0,-92.61047,19.493835,0.0,-83.3,41.30000000000001,70
61.003,-2.174047,0.0,-52.550526,-95.54344,0.0,56.80000000000001,-75.7,70
-42.032238,-52.61713,0.0,-62.92265,-82.03594,0.0,-44.5,-82.1,70
-41.539745,-39.167263,0.0,27.729528,-21.232653,0.0,-17.599999999999994,-40.9,70
-94.689354,-68.78175,0.0,-4.910381,94.416595,0.0,-76.8,71.20000000000002,70
-20.990496,13.510272,0.0,-56.193634,82.143585,0.0,-76.0,82.10000000000002,70
14.246716,-37.528236,0.0,77.680756,79.198044,0.0,37.5,77.30000000000001,70
94.048096,-18.43768,0.0,-26.583784,82.29752,0.0,97.60000000000002,82.30000000000001,70
-23.705061,24.073738,0.0,25.520641,-54.45793,0.0,-20.19999999999999,17.0,70
56.864132,22.147604,0.0,-23.065725,-54.19814,0.0,78.30000000000001,11.600000000000009,70
-46.748383,-67.95282,0.0,-28.76741,-94.161125,0.0,-36.3,-83.8,70
40.015675,-92.17922,0.0,-6.057804,11.378311,0.0,41.70000000000002,-80.4,70
69.54893,6.8686957,0.0,80.68061,-82.721245,0.0,40.30000000000001,-78.7,70
18.334158,25.693579,0.0,-99.021324,55.10525,0.0,-76.2,25.700000000000003,70
-75.81805,30.12571,0.0,93.27419,37.879726,0.0,93.9,11.600000000000009,70
-10.347223,76.209274,0.0,-27.74138,-18.81512,0.0,-49.5,86.9,70
-84.56649,2.4287136,0.0,36.649097,30.010237,0.0,-84.4,7.800000000000011,70
-99.65497,-75.42965,0.0,-10.92745,9.77436,0.0,-93.3,-74.8,70
17.979656,76.418564,0.0,65.38654,-35.341198,0.0,46.30000000000001,92.20000000000002,70
54.04537,39.87332,0.0,-93.1907,39.264347,0.0,-94.8,45.900000000000006,70
76.809235,-92.637535,0.0,50.596073,-50.0723,0.0,74.0,-82.0,70
19.419706,-40.92661,0.0,97.11956,-94.71228,0.0,18.5,-54.699999999999996,70
-35.095806,-61.569687,0.0,-91.12939,61.662113,0.0,-68.5,3.4000000000000057,70
-50.589523,35.850216,0.0,65.98321,21.380081,0.0,-23.19999999999999,38.20000000000002,70
20.304483,-5.8089075,0.0,-51.374996,-5.9490404,0.0,15.300000000000011,25.80000000000001,70
3.7498,-98.06653,0.0,-91.17143,73.44157,0.0,-80.5,-69.2,70
11.729381,92.98364,0.0,-79.329056,79.74276,0.0,-39.199999999999996,92.80000000000001,70
-81.07459,-92.14612,0.0,98.53671,-0.34393868,0.0,98.60000000000002,-78.4,70
-38.776375,-28.762056,0.0,-78.16459,97.050934,0.0,-49.199999999999996,77.30000000000001,70
5.0009346,-90.68699,0.0,-54.47453,-54.11927,0.0,-6.599999999999994,-77.5,70
-97.44051,-34.612507,0.0,28.479818,88.44097,0.0,-74.5,83.70000000000002,70
60.266582,-55.60367,0.0,-33.676826,49.276157,0.0,-55.4,-17.599999999999994,70
-11.677888,18.529795,0.0,69.37048,54.471767,0.0,7.400000000000006,30.599999999999994,70
61.64968,-81.22308,0.0,3.7713585,-87.92584,0.0,36.70000000000002,-93.6,70
-94.333244,-85.65996,0.0,35.32054,92.19493,0.0,-76.8,82.0,70
-15.558472,-36.415237,0.0,16.144648,-6.930789,0.0,29.200000000000017,-40.099999999999994,70
44.456783,-97.99792,0.0,-91.680405,0.48576704,0.0,-80.8,-73.7,70
54.85205,31.630987,0.0,86.82682,5.4868546,0.0,71.20000000000002,22.200000000000003,70
-34.190044,-37.67834,0.0,-11.399913,75.72722,0.0,-45.9,-2.3999999999999915,70
56.03752,92.78439,0.0,-19.5151,20.030418,0.0,62.5,33.0,70
62.63868,20.133984,0.0,-24.568768,97.18974,0.0,56.60000000000002,78.5,70
-25.170883,-83.15033,0.0,-49.878193,-21.397274,0.0,-28.299999999999997,-83.1,70
89.72501,25.500902,0.0,-54.865414,26.88783,0.0,45.900000000000006,25.400000000000006,70
-79.575615,50.93936,0.0,-94.41056,90.8637,0.0,-91.3,71.9,70
59.347664,-80.46552,0.0,54.226788,-58.919476,0.0,60.30000000000001,-77.9,70
-66.472,75.91779,0.0,-85.423584,-59.58959,0.0,-83.9,-45.599999999999994,70
-85.97395,25.081764,0.0,35.128784,-88.01563,0.0,-84.4,-82.2,70
12.034285,79.216835,0.0,-45.98306,-19.194262,0.0,-33.5,80.20000000000002,70
-30.359636,-91.95891,0.0,42.370136,-45.379642,0.0,-46.699999999999996,-54.0,70
65.560165,-11.491842,0.0,-42.194782,2.3287132,0.0,44.80000000000001,45.400000000000006,70
94.28487,73.580376,0.0,-49.682446,-24.002357,0.0,10.900000000000006,62.80000000000001,70
63.3161,40.31981,0.0,-5.392136,-84.84665,0.0,53.20000000000002,-84.8,70
39.831074,-82.81738,0.0,-90.39687,-91.238014,0.0,-27.700000000000003,-90.5,70
42.880417,-76.599884,0.0,-93.17891,54.747528,0.0,-78.3,-100.0,70
-47.52485,27.075325,0.0,-86.869446,79.338875,0.0,-47.5,91.60000000000002,70
-80.442444,-9.717113,0.0,31.617428,28.96717,0.0,-80.4,-0.8999999999999915,70
64.96965,25.625309,0.0,-35.836674,95.17101,0.0,52.20000000000002,78.5,70
-50.811146,-16.891153,0.0,21.976421,-95.91556,0.0,-4.5,-79.0,70
-35.55878,-50.685863,0.0,-53.532852,46.890743,0.0,-32.7,-14.599999999999994,70
-57.416927,-82.234024,0.0,60.439163,-58.097008,0.0,58.900000000000006,-84.8,70
-98.58506,85.268364,0.0,-36.189316,-68.6214,0.0,-60.3,83.4,70
83.57844,92.3045,0.0,-83.38594,40.94947,0.0,-83.4,81.4,70
-95.25856,-30.752985,0.0,12.425809,86.65092,0.0,-76.1,83.80000000000001,70
-9.954165,-99.07175,0.0,-20.936848,-53.03467,0.0,-28.700000000000003,-76.4,70
-99.896416,67.7938,0.0,-80.56909,19.19281,0.0,-90.6,43.5,70
36.78624,-88.74159,0.0,-98.28739,-72.903755,0.0,-74.3,-88.7,70
90.68049,20.939915,0.0,36.642307,90.16994,0.0,95.4,38.80000000000001,70
-12.988094,-89.18318,0.0,40.913387,78.16078,0.0,-1.0,-88.5,70
-6.6811314,18.88386,0.0,65.320145,27.496403,0.0,32.900000000000006,27.60000000000001,70
-6.116775,86.97245,0.0,66.62833,-45.987362,0.0,41.099999999999994,83.5,70
90.9151,90.87381,0.0,-33.642746,-64.37497,0.0,-34.2,82.30000000000001,70
73.23855,98.7599,0.0,0.0027823267,21.801386,0.0,45.70000000000002,31.200000000000017,70
-83.73417,-84.73474,0.0,18.770088,-39.646965,0.0,-84.5,-49.599999999999994,70
39.615784,-49.07766,0.0,-93.47141,-87.45647,0.0,-79.1,-49.099999999999994,70
66.69379,-39.93012,0.0,19.728035,-12.550013,0.0,26.60000000000001,-48.5,70
-16.868456,-37.377285,0.0,-31.76239,-87.838135,0.0,-48.8,-55.199999999999996,70
61.779533,5.203431,0.0,-36.598618,-13.285506,0.0,-15.899999999999991,-52.4,70
-32.8875,-19.624258,0.0,56.010326,-61.219242,0.0,56.0,-81.6,70
-25.304798,-43.0012,0.0,14.016424,-26.278547,0.0,-1.5999999999999943,-41.9,70
-54.351124,33.467186,0.0,44.84817,81.44392,0.0,12.400000000000006,81.80000000000001,70
-12.423003,-54.732025,0.0,-75.25455,43.60453,0.0,-46.5,43.900000000000006,70
90.889595,-37.697994,0.0,-36.223423,-43.90217,0.0,29.700000000000017,-44.8,70
-31.422777,41.455013,0.0,-52.484467,43.054367,0.0,-45.599999999999994,22.700000000000003,70
52.31344,94.06424,0.0,53.015427,-22.441723,0.0,65.0,68.9,70
-44.740036,-78.054985,0.0,-41.78694,50.86725,0.0,-43.699999999999996,-12.099999999999994,70
-74.79496,95.92711,0.0,-37.788307,-13.267207,0.0,-47.9,77.4,70
-77.22637,71.61762,0.0,25.541983,-16.645432,0.0,20.5,-14.699999999999989,70
79.89271,-91.35814,0.0,41.52915,22.13689,0.0,41.5,-99.6,70
-67.49466,-85.267715,0.0,71.012024,15.842545,0.0,36.80000000000001,-90.5,70
67.76083,65.4492,0.0,-84.80176,-95.01313,0.0,-83.5,-71.4,70
63.613136,64.86509,0.0,-46.093014,87.14479,0.0,48.400000000000006,87.4,70
-85.06141,-80.83576,0.0,-90.038124,53.686813,0.0,-92.3,-5.199999999999989,70
89.15164,90.48577,0.0,98.053604,92.85389,0.0,93.70000000000002,92.10000000000002,70
-89.27858,-67.48423,0.0,39.868137,29.719961,0.0,-84.4,-5.5,70
-50.215157,74.752174,0.0,-73.13572,-78.26032,0.0,-49.099999999999994,-83.6,70
-36.72509,-46.155113,0.0,54.58376,98.15903,0.0,-21.799999999999997,75.30000000000001,70
-89.06475,18.377209,0.0,99.30828,-50.305435,0.0,96.60000000000002,-43.4,70
-48.78455,-31.461678,0.0,-31.703695,67.77709,0.0,-47.599999999999994,12.300000000000011,70
39.828175,-42.509598,0.0,0.036103643,78.41166,0.0,-14.5,79.9,70
16.56221,93.53733,0.0,22.575739,-95.42715,0.0,29.0,-95.9,70
-28.003393,-16.190638,0.0,8.639409,96.0501,0.0,-38.099999999999994,79.4,70
-38.41187,-49.716614,0.0,-48.46854,15.720022,0.0,-43.3,-17.0,70
-84.46321,-54.89647,0.0,-79.515335,40.179787,0.0,-91.1,-4.699999999999989,70
-52.75719,-98.887955,0.0,-52.867256,73.646736,0.0,-23.099999999999994,35.70000000000002,70
-83.536766,24.228407,0.0,-80.30255,46.38861,0.0,-86.4,36.20000000000002,70
22.784979,14.382287,0.0,-48.43803,-30.326683,0.0,-18.89999999999999,19.200000000000003,70
0.9897324,88.79321,0.0,98.88482,98.95137,0.0,49.900000000000006,94.30000000000001,70
61.14686,-5.979692,0.0,26.987251,78.95827,0.0,57.0,84.0,70
40.817604,-85.72389,0.0,32.918217,78.44418,0.0,53.099999999999994,83.4,70
37.263565,-90.83289,0.0,-82.214424,-40.114933,0.0,-82.2,-79.6,70
-60.47284,-95.16051,0.0,45.217567,99.82867,0.0,39.30000000000001,96.4,70
-49.45837,90.08314,0.0,-20.247442,-41.898365,0.0,-31.799999999999997,-26.89999999999999,70
-37.18174,75.399055,0.0,-84.23156,-89.53389,0.0,-57.9,-83.4,70
-51.42971,-24.01624,0.0,48.52311,90.575905,0.0,-20.5,83.60000000000002,70
-75.19919,-88.0739,0.0,68.49355,69.87795,0.0,-67.9,-76.4,70
50.493607,84.016075,0.0,39.267784,-43.847515,0.0,79.5,-44.0,70
55.413136,13.892282,0.0,98.585106,-91.32072,0.0,70.4,-82.4,70
35.5631,-80.468834,0.0,-38.26694,35.526306,0.0,-25.89999999999999,-80.9,70
-10.321259,33.060196,0.0,69.23379,63.754147,0.0,-5.699999999999989,22.0,70
-51.141,92.38066,0.0,67.46581,-29.235847,0.0,36.30000000000001,75.0,70
54.656174,60.62469,0.0,46.446766,97.50886,0.0,57.80000000000001,82.5,70
95.10496,-86.32152,0.0,-39.90141,-68.86088,0.0,-38.599999999999994,-86.3,70
50.652657,6.4125986,0.0,8.293261,-28.433067,0.0,33.0,-28.5,70
-33.9159,97.24353,0.0,95.15694,94.86081,0.0,30.30000000000001,96.5,70
-95.17122,-92.68914,0.0,56.972683,62.592472,0.0,57.0,-78.8,70
-81.88894,-50.887856,0.0,-71.9509,-84.21966,0.0,-83.4,-84.1,70
61.265488,58.427746,0.0,96.2221,-93.60327,0.0,61.20000000000002,-82.9,70
-80.99971,1.7727672,0.0,44.584896,90.43037,0.0,-81.0,82.20000000000002,70
96.19656,14.212449,0.0,-1.0721666,-31.158709,0.0,100.0,-1.6999999999999886,70
92.53753,-1.2765031,0.0,66.515175,57.5163,0.0,64.0,65.10000000000002,70
-97.47716,-40.155342,0.0,-82.43922,2.1192515,0.0,-92.3,-18.89999999999999,70
-87.321724,8.448498,0.0,62.44484,1.052605,0.0,57.30000000000001,16.30000000000001,70
-2.977697,13.617265,0.0,-82.73523,-58.475376,0.0,-82.7,19.400000000000006,70
-95.466354,-32.397194,0.0,47.440598,98.03642,0.0,-76.8,77.5,70
-82.058975,-72.73102,0.0,87.34406,-94.152916,0.0,-82.6,-83.5,70
46.159843,82.1626,0.0,19.18272,-50.80039,0.0,31.900000000000006,82.30000000000001,70
-35.619946,-86.43046,0.0,-98.139114,-15.688136,0.0,-74.7,-83.7,70
19.9482,7.307316,0.0,-50.320534,37.690746,0.0,-22.19999999999999,39.099999999999994,70
-41.105263,-73.28131,0.0,-77.44875,-81.791534,0.0,-48.8,-86.4,70
2.285488,11.717675,0.0,24.854387,-48.74603,0.0,19.0,16.10000000000001,70
-23.502722,-45.89326,0.0,-36.893173,64.24147,0.0,-40.599999999999994,3.700000000000003,70
24.385937,-36.356907,0.0,-54.192245,39.980984,0.0,19.0,2.3000000000000114,70
-88.390976,-72.44625,0.0,28.076416,-85.08557,0.0,-81.3,-85.2,70
-84.85304,89.19706,0.0,-52.10917,-46.19664,0.0,-42.199999999999996,82.20000000000002,70
-92.732834,70.97798,0.0,-29.115044,27.336634,0.0,-68.7,49.20000000000002,70
47.526493,87.18112,0.0,-95.9298,52.340733,0.0,-78.3,85.4,70
-34.86566,69.603455,0.0,-26.27957,8.064934,0.0,-34.89999999999999,39.400000000000006,70
-56.46827,-87.51315,0.0,-85.12261,-33.321163,0.0,-85.1,-83.0,70
-64.86903,89.00942,0.0,-77.10119,22.525047,0.0,-81.7,83.30000000000001,70
75.14382,-99.82335,0.0,55.65403,-47.872623,0.0,65.5,-80.6,70
99.29449,49.443092,0.0,-75.52318,41.62084,0.0,99.60000000000002,41.80000000000001,70
59.217167,-93.87485,0.0,-52.440334,61.732258,0.0,-5.599999999999994,-82.8,70
93.11961,7.7716703,0.0,-27.044605,20.441395,0.0,43.20000000000002,30.400000000000006,70
-77.45727,-48.007435,0.0,42.80318,-49.8048,0.0,-96.8,-38.599999999999994,70
-6.6098185,84.59651,0.0,-89.18774,-13.865489,0.0,-81.5,80.5,70
51.9076,75.52562,0.0,64.90538,83.40705,0.0,72.70000000000002,91.70000000000002,70
-46.321705,-52.39497,0.0,59.308826,39.20377,0.0,59.60000000000002,-41.5,70
91.20677,-56.643013,0.0,-95.52673,-86.405205,0.0,95.70000000000002,-84.6,70
-75.277596,39.560806,0.0,-27.731537,82.94726,0.0,0.7000000000000028,82.9,70
-44.830723,-45.64037,0.0,-2.4745462,79.75213,0.0,-35.3,79.80000000000001,70
6.65182,98.34066,0.0,-83.09893,33.586468,0.0,-83.1,68.70000000000002,70
-35.19261,26.060438,0.0,5.3614764,-90.620155,0.0,-33.599999999999994,-80.8,70
-94.17543,83.14102,0.0,-18.406643,18.943893,0.0,-74.6,54.80000000000001,70
16.155039,18.090742,0.0,-49.872746,85.96043,0.0,-30.0,28.900000000000006,70
93.10469,43.123604,0.0,81.653625,83.69588,0.0,100.0,83.70000000000002,70
84.04819,10.626127,0.0,40.77186,22.825487,0.0,51.599999999999994,38.0,70
-6.7710347,81.720116,0.0,-13.770927,13.858391,0.0,-21.099999999999994,85.9,70
88.83125,10.808086,0.0,28.213669,-27.840715,0.0,69.70000000000002,26.400000000000006,70
22.95466,1.163191,0.0,-39.97434,-24.077423,0.0,19.0,-54.199999999999996,70
-48.890896,28.716328,0.0,44.73562,98.089386,0.0,-27.599999999999994,78.80000000000001,70
-22.593376,32.746418,0.0,-44.45014,-82.58785,0.0,-38.699999999999996,-42.099999999999994,70
58.360794,12.804189,0.0,-57.967533,86.87055,0.0,58.400000000000006,83.9,70
83.90212,-84.5675,0.0,62.674347,45.22267,0.0,62.60000000000002,-84.6,70
-81.22262,61.893787,0.0,-89.822464,95.77663,0.0,-90.2,80.0,70
28.904665,-34.315212,0.0,63.45123,-65.72983,0.0,52.30000000000001,-57.199999999999996,70
52.060135,-2.8303213,0.0,0.7049392,-37.387325,0.0,-0.3999999999999915,-40.699999999999996,70
-32.380257,-16.25112,0.0,-44.67103,73.476875,0.0,-40.0,27.80000000000001,70
-77.951866,74.04694,0.0,23.784782,7.230799,0.0,-78.0,48.400000000000006,70
-35.572144,-70.01811,0.0,93.80585,-58.913494,0.0,94.0,-65.6,70
-76.96316,27.139725,0.0,99.97695,-32.131374,0.0,100.0,-28.200000000000003,70
96.26865,-61.46816,0.0,-9.455637,-49.021973,0.0,96.5,-44.5,70
-35.757053,10.428541,0.0,-82.4796,20.451889,0.0,-40.4,21.400000000000006,70
58.83114,-52.213757,0.0,82.64668,34.49076,0.0,61.400000000000006,-14.0,70
16.797863,-88.588356,0.0,24.006912,-4.425274,0.0,17.700000000000003,-81.4,70
-93.28516,-45.726486,0.0,-6.1058035,-91.428696,0.0,-80.1,-74.3,70
-81.403336,48.578445,0.0,10.703778,-81.99818,0.0,-81.4,-82.0,70
28.708166,-93.123924,0.0,91.525856,75.27832,0.0,100.0,-81.2,70
-26.802326,-83.36902,0.0,11.155002,-85.12758,0.0,-7.799999999999997,-86.3,70
-83.1786,-45.040245,0.0,23.925644,-44.713947,0.0,-83.1,-45.199999999999996,70
-65.7475,88.39124,0.0,34.775867,-40.116047,0.0,-17.599999999999994,83.70000000000002,70
-55.39741,79.5273,0.0,-99.66341,76.23561,0.0,-78.7,88.5,70
-44.551826,66.12198,0.0,-72.78235,79.000015,0.0,-44.8,83.5,70
29.532722,-14.907664,0.0,31.930664,32.32288,0.0,13.0,-27.200000000000003,70
45.71961,-54.8953,0.0,-90.159225,-91.79278,0.0,29.099999999999994,-95.5,70
74.74907,28.156023,0.0,67.586006,-74.66366,0.0,51.30000000000001,-30.89999999999999,70
62.071243,-29.05166,0.0,59.484253,-43.741013,0.0,60.400000000000006,-38.3,70
-3.365047,34.30232,0.0,-78.7067,-15.469365,0.0,-78.2,-19.5,70
-33.90791,58.54205,0.0,-30.989222,74.40701,0.0,-62.1,72.5,70
-95.62326,7.9750404,0.0,-26.463707,28.763624,0.0,-72.8,22.80000000000001,70
50.615227,-73.73794,0.0,-34.93624,-87.902115,0.0,66.20000000000002,-85.5,70
-86.99548,-87.01292,0.0,88.312874,23.772608,0.0,-58.199999999999996,-83.6,70
-70.72349,89.28645,0.0,-10.782902,25.854378,0.0,-45.0,13.800000000000011,70
-58.13602,-83.09587,0.0,42.63164,31.196115,0.0,-94.0,-98.7,70
59.786022,45.02804,0.0,-52.754524,-0.04287308,0.0,59.80000000000001,35.599999999999994,70
-0.9352009,-45.234833,0.0,68.27118,59.193756,0.0,25.400000000000006,-23.599999999999994,70
29.641182,-89.2317,0.0,-32.043625,-45.77088,0.0,-50.199999999999996,-79.1,70
-49.303024,66.03425,0.0,-22.146046,-27.356745,0.0,-39.0,-9.799999999999997,70
78.937355,-75.09926,0.0,21.894865,80.90803,0.0,33.900000000000006,88.60000000000002,70
64.85971,11.742953,0.0,-0.5572653,17.306366,0.0,56.400000000000006,34.900000000000006,70
-54.35491,92.90215,0.0,-52.38486,83.62618,0.0,-52.8,90.4,70
91.7373,21.21796,0.0,-39.636684,-27.248665,0.0,-23.700000000000003,34.599999999999994,70
58.17121,-62.004456,0.0,5.0095243,85.076515,0.0,58.20000000000002,85.0,70
88.653946,-79.75279,0.0,-18.253637,15.123409,0.0,-79.7,-79.8,70
95.42611,-70.10824,0.0,53.942047,55.05812,0.0,100.0,-24.599999999999994,70
54.54163,-37.36353,0.0,93.42529,88.73947,0.0,85.9,81.20000000000002,70
12.331187,89.73531,0.0,85.89336,80.84804,0.0,48.599999999999994,90.10000000000002,70
-35.849422,-90.42945,0.0,33.865974,84.47513,0.0,-38.5,84.5,70
-78.39342,-19.369453,0.0,-38.621,-83.01987,0.0,-84.9,-86.5,70
72.29864,-85.96194,0.0,-3.1872604,-96.9185,0.0,34.5,-92.5,70
88.06012,30.695677,0.0,-34.056866,-91.02884,0.0,-31.89999999999999,-83.1,70
20.044014,76.375114,0.0,51.121624,67.99967,0.0,74.60000000000002,86.9,70
10.741891,-90.65826,0.0,26.378742,-16.719572,0.0,6.400000000000006,-80.9,70
8.569347,-39.77707,0.0,-23.277588,-96.49867,0.0,-53.199999999999996,-53.3,70
76.83188,-88.45279,0.0,-96.74098,40.21601,0.0,-77.3,-82.1,70
73.664536,10.501135,0.0,-57.595722,-87.178925,0.0,28.80000000000001,-95.8,70
13.41195,-52.481953,0.0,-61.819256,-91.42308,0.0,-17.39999999999999,-52.3,70
-31.276085,86.48333,0.0,46.64923,-82.51684,0.0,-1.1999999999999886,82.30000000000001,70
64.448044,21.22239,0.0,80.95502,29.587835,0.0,75.30000000000001,18.80000000000001,70
4.267008,20.987297,0.0,-53.794945,85.22852,0.0,-22.5,28.200000000000017,70
-62.081757,-87.39799,0.0,62.563335,-19.879892,0.0,50.30000000000001,-81.3,70
7.7153316,-40.323143,0.0,28.679852,-7.886791,0.0,-3.0,-42.0,70
-93.73798,-22.710817,0.0,-8.598627,-80.331665,0.0,-77.3,-80.4,70
61.920673,-62.613827,0.0,-79.1081,-86.01482,0.0,54.0,-86.0,70
-20.714024,-81.15602,0.0,99.015114,94.63138,0.0,99.0,-81.3,70
-15.08371,-95.07913,0.0,92.89665,56.15932,0.0,94.20000000000002,-74.8,70
-98.33016,57.155533,0.0,70.168106,-83.48893,0.0,-75.1,-83.5,70
-1.5808555,-39.81106,0.0,-69.82946,-96.50667,0.0,-11.399999999999991,-50.599999999999994,70
57.981056,-42.285633,0.0,0.33233136,-51.953926,0.0,56.60000000000002,-44.5,70
92.24911,-27.242191,0.0,57.950325,15.061905,0.0,100.0,3.4000000000000057,70
55.976536,86.06936,0.0,-35.40275,53.99037,0.0,-37.599999999999994,86.0,70
-30.205244,88.87079,0.0,-36.140636,58.963108,0.0,-44.199999999999996,79.60000000000002,70
8.237654,-96.721825,0.0,31.79723,-96.442795,0.0,20.0,-96.7,70
-75.50928,63.81374,0.0,24.771566,-19.758905,0.0,14.200000000000003,14.100000000000009,70
-25.560928,4.5046644,0.0,-44.275402,-18.865004,0.0,-43.9,-2.0,70
35.683865,33.84146,0.0,-87.341835,-80.32199,0.0,-84.4,-65.19999999999999,70
67.04947,77.73269,0.0,-50.463287,-8.279019,0.0,43.0,57.0,70
-27.013159,-83.75914,0.0,51.181633,48.469074,0.0,-29.599999999999994,-79.1,70
-77.86634,58.028606,0.0,-91.562454,93.237,0.0,-93.9,79.80000000000001,70
-88.41502,-62.48184,0.0,-85.81315,-45.717724,0.0,-88.6,-54.199999999999996,70
13.456589,-80.11597,0.0,-50.27121,-88.61486,0.0,-15.899999999999991,-90.1,70
56.841923,-18.569706,0.0,-54.942966,29.151525,0.0,56.900000000000006,21.10000000000001,70
-13.634841,17.12816,0.0,16.57287,-33.331444,0.0,26.900000000000006,15.600000000000009,70
86.67869,32.157238,0.0,34.955616,-99.96129,0.0,21.900000000000006,-71.4,70
-22.137012,-88.51589,0.0,78.231674,95.212814,0.0,51.400000000000006,73.4,70
-32.44739,-22.18882,0.0,66.35997,20.034397,0.0,-28.299999999999997,40.599999999999994,70
99.9762,76.878334,0.0,-22.911678,-34.30237,0.0,99.4,-62.199999999999996,70
53.85827,27.4409,0.0,56.512787,2.39009,0.0,61.5,22.200000000000003,70
-39.542286,-3.0753963,0.0,-31.160427,21.346556,0.0,-36.3,9.400000000000006,70
-91.029724,-13.775349,0.0,-59.86731,-81.58143,0.0,-81.7,-82.3,70
-92.0354,55.57945,0.0,68.163895,0.7104322,0.0,-75.8,26.30000000000001,70
-81.04624,36.725266,0.0,-34.144382,19.769802,0.0,-40.599999999999994,12.200000000000003,70
59.75438,76.878365,0.0,22.044067,-40.090443,0.0,58.80000000000001,-61.8,70
-78.904175,92.99816,0.0,68.561745,58.33005,0.0,29.700000000000017,84.20000000000002,70
33.96147,-93.64851,0.0,-79.29887,14.168159,0.0,-88.5,-76.4,70
-91.59701,-67.92468,0.0,51.601135,43.738453,0.0,-88.1,-75.5,70
63.339375,87.70961,0.0,-0.15653624,80.1761,0.0,33.30000000000001,90.5,70
-21.057766,-31.768381,0.0,52.052338,39.316757,0.0,53.400000000000006,-50.9,70
67.932106,-26.463634,0.0,2.2076652,21.41944,0.0,47.599999999999994,32.0,70
-77.630356,-47.67777,0.0,35.35156,-88.17333,0.0,-91.0,-82.1,70
-17.178097,93.55623,0.0,16.31589,-6.2914844,0.0,32.0,78.70000000000002,70
86.65578,13.350816,0.0,-44.74785,69.39393,0.0,-33.099999999999994,46.900000000000006,70
-36.73786,-92.53468,0.0,36.904446,92.86317,0.0,-37.4,82.20000000000002,70
-16.962648,26.840757,0.0,77.81934,22.4319,0.0,49.70000000000002,27.900000000000006,70
21.708632,-92.85622,0.0,-31.47835,-57.85878,0.0,-2.3999999999999915,-86.1,70
-39.207737,16.744467,0.0,-47.523384,42.298016,0.0,-40.199999999999996,29.0,70
-26.992895,-88.21888,0.0,-96.42,48.665092,0.0,-74.7,-82.4,70
-92.029335,-6.093739,0.0,93.2641,-25.720778,0.0,-71.6,-36.099999999999994,70
22.92759,13.108343,0.0,-71.610886,-85.8293,0.0,19.60000000000001,-84.1,70
-72.25202,82.30845,0.0,67.81089,-57.254673,0.0,39.0,82.30000000000001,70
-87.81652,38.004898,0.0,43.17854,92.33602,0.0,-83.1,81.30000000000001,70
8.199525,-75.1884,0.0,24.922338,-97.93498,0.0,-0.5,-92.5,70
55.291653,75.09083,0.0,83.61884,98.431076,0.0,73.30000000000001,88.10000000000002,70
-85.7863,15.828796,0.0,-50.536346,-95.20829,0.0,-85.2,-77.0,70
28.272583,-13.6037,0.0,-85.68407,72.20885,0.0,-86.0,13.900000000000006,70
-37.941788,-95.067566,0.0,19.717321,-13.736386,0.0,2.5,-78.1,70
-88.9185,-22.655287,0.0,56.792755,20.000332,0.0,41.900000000000006,37.099999999999994,70
65.63707,78.23314,0.0,88.57177,80.114,0.0,65.9,93.80000000000001,70
17.820906,80.283844,0.0,-88.76518,18.502575,0.0,-82.5,80.80000000000001,70
-78.47438,-26.936504,0.0,28.86847,-38.940193,0.0,-85.1,-33.7,70
-66.573135,87.916504,0.0,40.4983,82.46492,0.0,-14.0,89.4,70
49.691326,97.211174,0.0,76.06555,93.7032,0.0,62.80000000000001,95.60000000000002,70
-39.565865,-63.957687,0.0,64.11766,-5.4531794,0.0,-52.699999999999996,-66.8,70
-44.852894,-59.03286,0.0,87.22159,-96.626045,0.0,-36.4,-77.8,70
-31.055368,-53.55254,0.0,-34.075596,-5.900938,0.0,-39.099999999999994,-24.299999999999997,70
90.55331,-20.73217,0.0,43.565853,-95.35661,0.0,53.099999999999994,-94.7,70
-39.245243,-23.301987,0.0,-92.51496,-57.218857,0.0,-66.6,-38.199999999999996,70
-33.946224,-6.7650094,0.0,20.812342,-8.683408,0.0,3.0,50.400000000000006,70
28.325155,89.50786,0.0,-44.403744,-24.097994,0.0,-37.099999999999994,83.20000000000002,70
49.195282,98.13866,0.0,28.144144,-79.02351,0.0,57.900000000000006,85.5,70
-85.98592,87.70143,0.0,-42.454723,53.59776,0.0,-47.0,83.20000000000002,70
24.891905,11.547557,0.0,-36.067413,50.995075,0.0,-36.3,37.80000000000001,70
-85.65139,-81.42359,0.0,-82.01954,-63.52207,0.0,-88.5,-74.1,70
59.072628,15.496572,0.0,-50.515465,75.8604,0.0,59.0,100.0,70
-44.62912,38.723682,0.0,45.92151,-85.72113,0.0,-21.299999999999997,-85.7,70
70.33206,-82.38745,0.0,12.905509,92.238495,0.0,39.70000000000002,81.80000000000001,70
95.07658,23.780588,0.0,-94.649414,38.956978,0.0,-80.3,32.400000000000006,70
94.20307,-19.893454,0.0,-68.64805,91.99488,0.0,95.70000000000002,80.80000000000001,70
-40.63959,16.95834,0.0,62.06171,97.629814,0.0,-39.9,77.70000000000002,70
-3.0125778,26.67891,0.0,-84.942535,80.55367,0.0,-84.8,26.900000000000006,70
5.0270915,87.22654,0.0,-93.12356,-37.65869,0.0,-78.2,81.20000000000002,70
95.39873,14.482378,0.0,-88.77436,-71.74901,0.0,-78.4,-69.0,70
74.94407,90.81261,0.0,-85.623215,-23.666138,0.0,-85.6,82.0,70
-6.932338,27.90406,0.0,68.71662,-37.04218,0.0,4.1000000000000085,15.300000000000011,70
64.29179,25.50412,0.0,-15.588925,-39.54061,0.0,56.900000000000006,-53.4,70
92.5181,-50.912838,0.0,92.236115,26.44859,0.0,100.0,-9.799999999999997,70
-27.585653,-31.466993,0.0,-68.932014,98.13296,0.0,-64.5,76.20000000000002,70
79.81377,79.31104,0.0,-43.464767,34.00827,0.0,-38.8,80.0,70
69.800804,74.08797,0.0,-50.314407,-19.386827,0.0,-22.69999999999999,94.20000000000002,70
69.84429,-6.944528,0.0,-50.56824,-27.03921,0.0,-10.599999999999994,-53.3,70
66.837456,90.1154,0.0,-38.693565,-21.21002,0.0,-41.8,82.20000000000002,70
-90.30773,-87.27574,0.0,-84.381516,-88.51844,0.0,-87.9,-88.4,70
-76.837425,-46.457222,0.0,98.13909,9.076123,0.0,100.0,-53.5,70
-87.53943,-65.18138,0.0,-18.57584,75.6032,0.0,-85.7,-35.2,70
-89.07908,-79.741684,0.0,67.78256,-67.91104,0.0,16.80000000000001,-100.0,70
-44.925983,35.615517,0.0,-30.790325,-74.07558,0.0,-48.9,-50.5,70
18.321804,96.43285,0.0,-94.92741,-81.78473,0.0,-76.0,76.60000000000002,70
15.096759,10.401612,0.0,66.27468,-84.08762,0.0,36.5,-86.5,70
-11.386096,79.73506,0.0,79.483376,-86.88775,0.0,93.5,-96.3,70
-98.993065,88.84045,0.0,-53.874958,3.002341,0.0,-75.4,57.900000000000006,70
22.621275,-78.04439,0.0,-41.267345,-7.561033,0.0,5.6000000000000085,-86.3,70
15.250608,-0.9178898,0.0,-6.401114,-94.99112,0.0,40.900000000000006,-76.5,70
22.660484,98.26205,0.0,-95.21407,50.131325,0.0,-79.3,76.60000000000002,70
-13.252205,86.70438,0.0,-52.447666,98.58946,0.0,-33.0,92.70000000000002,70
-37.051945,14.390255,0.0,23.219032,21.241016,0.0,-9.599999999999994,24.30000000000001,70
-43.79318,-48.89671,0.0,-88.405945,-48.7676,0.0,-100.0,-46.599999999999994,70
63.471695,55.364098,0.0,83.44559,7.1587024,0.0,63.10000000000002,34.0,70
-11.119704,-32.298225,0.0,87.28699,-88.92573,0.0,32.599999999999994,-72.5,70
-11.239397,-94.14375,0.0,-58.06503,-78.888115,0.0,-36.599999999999994,-98.3,70
-59.367725,-81.35226,0.0,-40.301376,-58.08931,0.0,-49.4,-83.2,70
91.36604,87.13663,0.0,-12.587415,-39.192425,0.0,67.5,80.10000000000002,70
67.646515,-79.300156,0.0,81.457565,-85.75317,0.0,70.20000000000002,-92.7,70
98.362976,74.91508,0.0,-42.397434,-78.08133,0.0,98.4,-100.0,70
59.7764,-82.01967,0.0,-94.01866,-20.218529,0.0,-78.7,-82.1,70
-21.048765,-75.12453,0.0,-39.030262,17.850155,0.0,-40.599999999999994,-5.099999999999994,70
-26.079096,-29.485622,0.0,65.33285,-47.51749,0.0,-1.6999999999999886,-49.199999999999996,70
-37.20625,-72.831726,0.0,54.20289,-17.478891,0.0,-37.199999999999996,-42.5,70
-29.172354,-52.65735,0.0,29.631798,-78.294075,0.0,-3.299999999999997,-40.9,70
10.896374,12.636766,0.0,-51.37497,74.620735,0.0,-21.69999999999999,37.900000000000006,70
-84.7479,89.71149,0.0,16.87064,98.526634,0.0,-34.099999999999994,95.4,70
62.776638,20.777483,0.0,52.11064,-68.062355,0.0,75.5,5.700000000000003,70
-77.45269,-22.624908,0.0,53.315258,-93.28085,0.0,6.300000000000011,-87.6,70
11.477622,17.132393,0.0,36.507736,21.89711,0.0,11.800000000000011,29.0,70
-20.756233,-43.954983,0.0,65.56905,-56.41801,0.0,29.400000000000006,-43.099999999999994,70
8.457849,-86.20423,0.0,26.43899,-9.932897,0.0,9.400000000000006,-84.1,70
90.05052,78.57376,0.0,62.748913,-64.17665,0.0,62.5,81.20000000000002,70
56.609043,72.9208,0.0,59.37675,-82.034134,0.0,60.80000000000001,-41.0,70
-43.854305,82.58966,0.0,68.92889,-55.484707,0.0,-39.599999999999994,61.10000000000002,70
-93.75947,35.92145,0.0,57.302658,-77.6694,0.0,-76.1,-89.9,70
-36.36894,-76.80311,0.0,-90.42191,17.046299,0.0,-81.7,-89.0,70
-83.78523,-54.678406,0.0,-10.665429,89.009964,0.0,-83.4,75.30000000000001,70
96.559265,-57.528282,0.0,58.575783,-11.7343,0.0,55.5,-40.4,70
45.068012,99.45445,0.0,-60.131588,91.841255,0.0,-7.5,96.0,70
54.251762,84.5355,0.0,-4.791532,-91.71703,0.0,61.60000000000002,-79.7,70
39.26059,80.28678,0.0,99.56888,94.320724,0.0,66.5,92.10000000000002,70
-31.82536,-31.915615,0.0,-11.88399,-93.20313,0.0,-48.699999999999996,-76.6,70
-42.379326,11.929076,0.0,-87.16554,-77.810844,0.0,-48.3,-94.6,70
60.113724,-44.318928,0.0,96.247765,27.820126,0.0,60.0,0.0,70
-40.573956,-88.05297,0.0,-67.17417,-97.81384,0.0,-53.9,-93.2,70
92.73244,-76.55431,0.0,29.891302,-96.48707,0.0,83.70000000000002,-97.6,70
47.831764,86.06517,0.0,-82.257355,56.832264,0.0,-82.3,86.0,70
23.655584,-20.997849,0.0,-80.071884,7.1936607,0.0,-82.3,21.30000000000001,70
97.78397,59.97359,0.0,-11.656832,89.5984,0.0,97.80000000000001,84.20000000000002,70
-78.04324,1.355828,0.0,-73.51815,91.64103,0.0,-100.0,61.400000000000006,70
-28.999954,86.10583,0.0,29.999855,27.04432,0.0,-67.0,28.700000000000017,70
-38.377964,11.367343,0.0,-23.00923,29.456957,0.0,-31.599999999999994,15.100000000000009,70
-86.048676,80.43049,0.0,-84.302315,-43.497776,0.0,-90.6,22.900000000000006,70
-10.860818,-97.84616,0.0,-50.96424,-86.20714,0.0,-30.799999999999997,-92.7,70
71.52076,78.31918,0.0,56.463245,63.69457,0.0,60.30000000000001,91.9,70
-90.0776,-98.688805,0.0,51.749165,98.23346,0.0,-81.4,79.0,70
22.338984,-2.0479877,0.0,-92.16718,87.57465,0.0,-81.1,68.5,70
-97.47062,-55.7191,0.0,30.001904,89.32001,0.0,-74.7,83.4,70
61.16451,49.703438,0.0,20.194115,81.73585,0.0,56.400000000000006,81.70000000000002,70
-31.561432,-98.68914,0.0,66.804756,62.98937,0.0,49.0,-74.6,70
52.73551,-60.3557,0.0,51.04977,-49.05724,0.0,57.70000000000002,-44.599999999999994,70
-96.88241,-98.055954,0.0,-13.851362,97.58119,0.0,-74.2,70.80000000000001,70
-25.875902,-95.79549,0.0,-37.77366,-71.415924,0.0,-37.699999999999996,-85.5,70
51.72074,-52.842495,0.0,99.35412,-30.32498,0.0,100.0,-46.4,70
-82.374535,67.92537,0.0,90.00105,-94.7713,0.0,-82.4,-77.1,70
-46.045494,-58.358276,0.0,52.362286,21.919178,0.0,-23.5,41.70000000000002,70
39.446087,79.367004,0.0,-5.5147624,-36.361763,0.0,17.900000000000006,-29.0,70
19.919956,-53.788574,0.0,-44.817013,4.978936,0.0,-34.599999999999994,-6.299999999999997,70
-22.7514,-90.27775,0.0,20.801289,-54.553207,0.0,21.700000000000003,-81.8,70
-53.112843,19.714369,0.0,-48.003628,20.01006,0.0,-28.799999999999997,15.900000000000006,70
13.85859,11.165485,0.0,21.343391,-92.048386,0.0,35.70000000000002,-76.1,70
23.876392,99.07922,0.0,-42.596992,93.11854,0.0,-9.399999999999991,96.60000000000002,70
-31.154585,-9.075207,0.0,-11.838169,-91.9299,0.0,-25.39999999999999,-80.2,70
-95.71983,-68.22268,0.0,-33.17199,-12.452249,0.0,-67.4,-44.8,70
-46.504463,38.189583,0.0,40.240227,-44.598297,0.0,-25.0,-46.5,70
98.263466,18.94434,0.0,-78.01996,26.260548,0.0,57.20000000000002,23.200000000000003,70
-40.98919,6.0037756,0.0,51.04169,93.55305,0.0,-39.4,80.60000000000002,70
-96.91289,-36.220215,0.0,-78.681946,28.17889,0.0,-88.8,-4.099999999999994,70
-50.207882,-77.72552,0.0,-30.57331,-61.20772,0.0,-46.0,-69.9,70
-58.95037,96.65218,0.0,8.725295,22.825212,0.0,-21.5,26.60000000000001,70
8.136082,-92.65537,0.0,-42.73229,99.49419,0.0,-33.599999999999994,-81.3,70
-98.39489,33.018867,0.0,46.278473,28.685814,0.0,-77.8,24.10000000000001,70
-45.796585,-42.89451,0.0,-43.552605,99.201775,0.0,-43.3,61.60000000000002,70
98.25962,48.54032,0.0,-84.570854,-2.5403419,0.0,-82.8,-13.699999999999989,70
-48.82126,91.82815,0.0,-24.91383,-91.22075,0.0,-23.099999999999994,-82.6,70
61.117733,-75.72944,0.0,89.476234,-95.87345,0.0,68.0,-88.9,70
18.627342,-8.500019,0.0,58.66408,-22.60688,0.0,56.10000000000002,-22.69999999999999,70
-71.32231,-96.86366,0.0,36.710636,83.31493,0.0,-62.4,-83.0,70
-26.015882,-45.942787,0.0,-43.79094,58.262383,0.0,-38.099999999999994,4.0,70
-28.0484,23.236338,0.0,28.768827,-78.82798,0.0,-44.9,-78.9,70
-54.33794,80.11708,0.0,-36.485832,-75.79333,0.0,-50.9,83.9,70
97.194916,38.48151,0.0,94.50659,-44.855595,0.0,100.0,0.9000000000000057,70
16.491495,-21.095526,0.0,81.27025,88.31576,0.0,38.5,69.20000000000002,70
60.824913,80.20922,0.0,49.806976,-83.19526,0.0,58.900000000000006,-81.8,70
28.738993,91.65796,0.0,-81.19623,24.483017,0.0,-84.5,79.5,70
90.06238,96.10566,0.0,-32.349552,-55.761368,0.0,20.80000000000001,85.70000000000002,70
14.245577,-27.28901,0.0,83.3229,21.20182,0.0,30.599999999999994,31.700000000000017,70
43.88726,94.45729,0.0,31.147045,32.53237,0.0,-2.1999999999999886,76.30000000000001,70
-88.65148,-71.76274,0.0,9.113163,-93.52875,0.0,-75.2,-92.9,70
94.35834,62.547977,0.0,91.84081,-56.180065,0.0,95.5,3.700000000000003,70
-87.90877,94.6479,0.0,-9.586612,-90.64795,0.0,-81.0,-78.8,70
97.141174,-56.649746,0.0,-7.8359914,30.176977,0.0,97.10000000000002,18.900000000000006,70
96.911476,-84.12704,0.0,-99.39002,-83.617424,0.0,-73.5,-89.8,70
96.99899,6.4094105,0.0,-34.09963,75.54191,0.0,-39.599999999999994,53.5,70
-84.0702,83.8979,0.0,58.46421,-44.049534,0.0,58.30000000000001,84.0,70
92.97335,-16.245302,0.0,-45.299847,-20.44203,0.0,-15.799999999999997,-44.5,70
-29.240732,30.905586,0.0,41.047462,-87.234764,0.0,-29.299999999999997,-82.3,70
-97.422035,58.837585,0.0,-17.021538,76.57234,0.0,-77.4,79.4,70
-52.996433,-74.50377,0.0,-89.949265,-16.532003,0.0,-86.9,-47.699999999999996,70
80.24789,81.90096,0.0,3.727174,28.739506,0.0,0.8000000000000114,82.4,70
90.00746,-70.707535,0.0,76.362305,-96.332596,0.0,57.20000000000002,-72.8,70
-30.11948,42.14262,0.0,68.08504,2.228888,0.0,50.0,31.80000000000001,70
-90.59243,-80.79737,0.0,-35.749855,-74.99259,0.0,-72.4,-87.9,70
-79.99491,-89.43523,0.0,4.4536014,-43.14642,0.0,-88.3,-52.4,70
-68.28449,80.26648,0.0,49.213173,30.886263,0.0,80.30000000000001,80.30000000000001,70
-38.437023,10.533572,0.0,52.42484,-51.506752,0.0,-35.89999999999999,-27.299999999999997,70
42.437466,32.535946,0.0,-37.45935,25.299934,0.0,1.7000000000000028,21.10000000000001,70
65.87392,-14.456297,0.0,92.398605,85.23423,0.0,65.80000000000001,84.9,70
58.986076,84.96518,0.0,-9.941025,-78.14949,0.0,59.0,-96.5,70
70.99528,2.5140693,0.0,19.103456,-23.572092,0.0,22.700000000000003,-27.0,70
94.144905,-73.83834,0.0,14.793319,-50.506184,0.0,94.4,-49.5,70
-86.082275,45.751137,0.0,3.0157342,-30.749538,0.0,-83.1,-61.599999999999994,70
-30.344357,-72.38186,0.0,-43.930397,19.490927,0.0,-47.0,-2.6999999999999886,70
92.689995,41.772854,0.0,58.575115,-98.49277,0.0,100.0,-81.8,70
25.402872,-35.93937,0.0,46.77019,21.242811,0.0,24.200000000000003,-20.19999999999999,70
-94.84636,49.255924,0.0,-53.755455,-66.274,0.0,-91.6,53.70000000000002,70
-82.86654,-54.634476,0.0,-89.03235,99.456,0.0,-90.2,59.900000000000006,70
59.734547,58.274227,0.0,89.809944,-89.84035,0.0,60.60000000000002,-85.0,70
-14.195223,30.562151,0.0,97.611496,-85.56254,0.0,99.70000000000002,18.200000000000003,70
99.65905,-65.04365,0.0,-0.17558925,-43.8517,0.0,97.9,-50.9,70
-37.98491,94.6264,0.0,-67.00251,95.412315,0.0,-52.5,95.30000000000001,70
-42.73925,-78.17566,0.0,-31.48318,60.976704,0.0,-47.8,-5.099999999999994,70
-80.14013,-73.96185,0.0,-52.905575,-23.745293,0.0,-81.9,-9.899999999999991,70
-32.585827,-74.29625,0.0,-38.940838,74.712,0.0,-53.0,-46.9,70
-36.38663,72.23513,0.0,29.736122,-83.54736,0.0,-36.4,-83.5,70
-44.266018,-51.097565,0.0,-20.852327,78.76097,0.0,-36.0,79.5,70
38.767437,-54.273216,0.0,93.588745,85.58055,0.0,87.4,84.30000000000001,70
-82.50563,52.19306,0.0,-94.79133,80.731606,0.0,-90.3,66.80000000000001,70
9.7564,30.335548,0.0,-53.98092,-52.89992,0.0,8.100000000000009,11.900000000000006,70
-0.003044047,90.15612,0.0,-60.6584,96.64647,0.0,-30.39999999999999,93.60000000000002,70
92.88884,-6.788128,0.0,-40.765293,-75.9721,0.0,-34.0,-71.4,70
-33.963417,-92.92783,0.0,-83.7477,2.2726,0.0,-83.7,-79.5,70
-22.026134,-35.58077,0.0,-79.42113,5.5461526,0.0,-79.5,-23.099999999999994,70
-26.37546,31.2091,0.0,56.298946,50.472645,0.0,56.30000000000001,21.900000000000006,70
-97.867516,-52.97643,0.0,-51.52316,38.852905,0.0,-82.2,-3.799999999999997,70
-51.190258,-85.54619,0.0,55.54834,-87.658455,0.0,3.0,-89.6,70
-54.181145,45.466393,0.0,-30.203127,-68.57579,0.0,20.700000000000003,-71.0,70
2.1397405,-89.99743,0.0,-31.164204,86.48855,0.0,-70.4,-77.5,70
-78.1003,29.98943,0.0,5.2321024,-98.67729,0.0,-79.1,-68.3,70
26.246923,13.986459,0.0,29.682076,-4.507622,0.0,-8.199999999999989,15.700000000000003,70
-53.864777,-38.28466,0.0,24.911127,16.919973,0.0,12.400000000000006,8.300000000000011,70
90.6053,44.801918,0.0,-94.15642,48.09441,0.0,-95.7,29.900000000000006,70
-37.60093,98.05924,0.0,-15.682174,75.064415,0.0,-26.89999999999999,100.0,70
-52.390896,-73.613106,0.0,94.859314,72.66579,0.0,87.60000000000002,100.0,70
-40.339596,-16.207607,0.0,55.527744,-60.558933,0.0,55.60000000000002,-81.2,70
-94.31162,48.71964,0.0,12.6800585,-33.783142,0.0,-76.6,-50.599999999999994,70
-85.60364,-85.207756,0.0,-73.46987,80.76145,0.0,-85.6,81.10000000000002,70
-36.9657,-25.6784,0.0,23.260891,-12.689026,0.0,7.400000000000006,-51.3,70
-76.64746,15.5881815,0.0,-84.445526,75.1008,0.0,-95.3,57.30000000000001,70
90.14796,-65.629585,0.0,93.07524,-24.55788,0.0,100.0,-45.8,70
58.347664,58.613285,0.0,-83.93555,-13.61519,0.0,-99.5,43.70000000000002,70
-0.68014985,-43.54309,0.0,91.88231,39.4484,0.0,91.9,-53.0,70
-89.57718,-6.073724,0.0,60.33081,39.458023,0.0,53.60000000000002,61.5,70
15.966529,10.431342,0.0,-64.83156,-94.599976,0.0,32.30000000000001,-73.7,70
39.446907,82.80989,0.0,33.599304,-51.202232,0.0,85.70000000000002,90.70000000000002,70
31.858313,-43.430786,0.0,-75.84405,29.500154,0.0,-32.3,-27.599999999999994,70
91.017204,85.3396,0.0,-11.364726,-85.74913,0.0,28.900000000000006,79.80000000000001,70
50.489033,57.799274,0.0,66.17428,46.819424,0.0,64.4,56.0,70
63.968594,-36.461754,0.0,-10.068661,-42.478325,0.0,46.5,-50.5,70
-26.313353,-6.1225567,0.0,37.03657,86.90066,0.0,-12.5,100.0,70
-87.58716,-90.90903,0.0,-25.527275,-76.050095,0.0,-45.199999999999996,-100.0,70
80.36394,17.998741,0.0,27.118565,-23.83978,0.0,26.200000000000003,34.400000000000006,70
-30.047205,-39.705837,0.0,-78.81284,-53.67216,0.0,-57.8,-49.9,70
9.50991,21.51166,0.0,-40.88083,32.2638,0.0,-31.099999999999994,22.10000000000001,70
-72.55493,90.22198,0.0,-27.623163,13.122311,0.0,-65.1,79.4,70
85.714905,-85.84459,0.0,22.657764,-35.953487,0.0,27.0,-62.1,70
37.117878,99.28803,0.0,-7.8370667,86.88479,0.0,14.700000000000003,93.9,70
13.312479,99.651764,0.0,-48.746437,-33.924885,0.0,4.6000000000000085,69.60000000000002,70
59.387928,-52.076305,0.0,0.09947745,31.206968,0.0,59.400000000000006,21.60000000000001,70
67.987495,70.615036,0.0,-46.162285,45.580723,0.0,-32.7,73.80000000000001,70
62.810707,32.962994,0.0,98.333626,-61.14813,0.0,98.5,-6.099999999999994,70
14.35484,-17.035995,0.0,12.4418955,97.33128,0.0,54.80000000000001,80.0,70
26.945906,84.604065,0.0,48.23368,76.99925,0.0,29.80000000000001,100.0,70
-34.527065,-24.860292,0.0,-77.95794,13.300913,0.0,-47.599999999999994,11.300000000000011,70
73.04408,34.396435,0.0,67.057274,-30.592316,0.0,49.5,2.0,70
-43.904373,91.40164,0.0,-81.85313,-76.04571,0.0,-81.9,81.60000000000002,70
99.53956,-50.41892,0.0,32.68797,-40.18819,0.0,98.20000000000002,-84.8,70
-16.245077,28.705723,0.0,58.354374,37.251465,0.0,56.0,25.700000000000003,70
-39.39521,-98.32153,0.0,-4.9983907,-86.036644,0.0,-22.299999999999997,-92.4,70
3.0070732,-77.088455,0.0,-1.0324653,-82.13447,0.0,1.6000000000000085,-100.0,70
57.30695,-86.85662,0.0,-45.15547,24.38345,0.0,-16.0,-84.3,70
-0.19830532,83.32387,0.0,21.478493,12.220506,0.0,22.200000000000003,30.30000000000001,70
-25.736979,28.3109,0.0,58.19444,-12.096558,0.0,58.20000000000002,26.30000000000001,70
37.82653,34.718708,0.0,-14.384236,-51.308037,0.0,29.099999999999994,-10.199999999999989,70
-79.65291,28.083632,0.0,-30.738077,26.046904,0.0,-33.39999999999999,21.0,70
-48.967808,57.246334,0.0,97.78487,2.2305427,0.0,-27.200000000000003,54.5,70
-41.58807,-63.045612,0.0,-83.57575,-8.073236,0.0,-38.099999999999994,-10.5,70
64.941765,-23.206629,0.0,-45.786293,12.387627,0.0,51.599999999999994,33.900000000000006,70
-54.190067,26.51173,0.0,51.643112,78.498055,0.0,42.80000000000001,84.5,70
88.80077,85.36377,0.0,44.579895,-88.665054,0.0,46.900000000000006,83.0,70
84.27768,18.137936,0.0,-84.8506,-45.464165,0.0,-85.0,41.900000000000006,70
93.64011,-1.7682854,0.0,-80.81189,2.1514127,0.0,-89.3,0.20000000000000284,70
-10.030993,-92.50045,0.0,-95.00548,-7.1495714,0.0,-75.3,-71.6,70
-37.090683,43.79562,0.0,85.078354,17.986563,0.0,-37.099999999999994,40.70000000000002,70
61.333767,-78.7951,0.0,-78.40031,31.734013,0.0,49.099999999999994,-93.2,70
-49.00293,84.27734,0.0,-26.691692,-5.868062,0.0,-32.39999999999999,46.400000000000006,70
89.35691,12.055631,0.0,-98.28684,-4.4585123,0.0,-67.4,26.30000000000001,70
-36.517452,22.85037,0.0,-98.45943,-71.21157,0.0,-63.699999999999996,-18.099999999999994,70
64.56761,2.0934706,0.0,-20.883322,-87.63647,0.0,46.30000000000001,-83.4,70
-12.681757,96.00704,0.0,60.056236,51.332554,0.0,59.60000000000002,80.5,70
98.929115,31.833128,0.0,-47.595097,74.1812,0.0,-29.799999999999997,17.200000000000003,70
-35.715714,-55.359188,0.0,-50.597744,-24.94116,0.0,-39.199999999999996,-40.099999999999994,70
-32.228386,-41.857708,0.0,82.193596,31.899693,0.0,-38.3,13.5,70
58.184,-86.55587,0.0,-47.65343,39.79142,0.0,-11.799999999999997,-86.0,70
-91.44982,-92.925606,0.0,-92.074295,-11.959381,0.0,-93.1,-52.599999999999994,70
-44.486576,-27.497906,0.0,-83.213264,86.70176,0.0,-45.099999999999994,83.30000000000001,70
93.6161,-45.298122,0.0,53.311775,-94.491104,0.0,100.0,-84.1,70
-8.438402,34.45491,0.0,-93.66307,-71.19687,0.0,-81.3,-41.199999999999996,70
-49.23765,-56.28715,0.0,-87.30268,22.16723,0.0,-89.1,-53.199999999999996,70
53.390324,-63.95191,0.0,8.508491,-80.469505,0.0,54.0,-80.9,70
10.221762,-29.539871,0.0,-86.3201,40.151478,0.0,-81.0,-65.5,70
37.185196,-85.74452,0.0,50.586166,41.448826,0.0,79.10000000000002,-85.6,70
7.650656,10.574382,0.0,-0.09365719,-50.27262,0.0,26.80000000000001,-4.699999999999989,70
20.648373,-16.788479,0.0,68.44601,-9.527251,0.0,23.10000000000001,2.4000000000000057,70
-96.20878,28.178991,0.0,42.766533,24.147438,0.0,-77.6,36.0,70
-7.449369,-90.77523,0.0,74.870285,90.67413,0.0,48.900000000000006,89.0,70
-45.068855,-98.27384,0.0,-85.938866,20.753408,0.0,-85.7,-75.5,70
45.80208,26.369314,0.0,28.33375,-47.868603,0.0,10.5,26.5,70
-0.43190208,-34.56105,0.0,-52.53594,69.771,0.0,-20.0,-37.5,70
-86.76687,28.386333,0.0,-82.00293,-35.111973,0.0,-89.2,-3.8999999999999915,70
-94.06792,26.161545,0.0,26.202965,25.827225,0.0,-79.0,23.5,70
69.38533,-72.343445,0.0,-41.442154,-33.15541,0.0,19.10000000000001,-45.9,70
-81.94524,71.156395,0.0,96.54617,85.69657,0.0,-81.9,85.70000000000002,70
50.88163,-47.18773,0.0,59.18663,-5.685122,0.0,61.5,-43.5,70
-44.779106,-11.512736,0.0,-43.83898,-66.45942,0.0,-43.3,-39.0,70
-48.649227,24.2541,0.0,-37.399147,35.27591,0.0,-42.8,29.700000000000017,70
-41.217747,23.260916,0.0,-48.51764,54.866913,0.0,-43.0,38.5,70
-67.22182,98.72344,0.0,92.46518,-48.016026,0.0,100.0,77.9,70
-54.23057,-81.35808,0.0,5.3513947,-99.71051,0.0,-22.5,-94.7,70
5.5395713,-95.5945,0.0,-81.49543,14.174611,0.0,-81.7,-70.5,70
-87.161705,43.249844,0.0,61.130726,21.861294,0.0,-86.8,40.400000000000006,70
-33.485226,-17.777464,0.0,50.816975,21.136503,0.0,-35.599999999999994,25.5,70
90.85629,89.662476,0.0,96.255165,-90.1188,0.0,100.0,78.4,70
-7.3578405,-76.74216,0.0,-35.86233,-73.5673,0.0,-40.3,-91.0,70
-18.498358,-75.05128,0.0,-83.93291,27.984386,0.0,-82.9,15.200000000000003,70
-31.778584,-72.83613,0.0,-78.838875,-34.022045,0.0,-89.7,-84.3,70
64.833046,-68.36915,0.0,-89.31808,84.9941,0.0,48.20000000000002,85.0,70
-86.902214,22.11428,0.0,-9.575953,91.6597,0.0,-81.7,71.30000000000001,70
-53.19545,-4.7646227,0.0,33.813347,-85.9484,0.0,11.600000000000009,-84.3,70
-48.06394,-25.931034,0.0,-87.01098,40.70756,0.0,-52.9,21.5,70
-82.33679,9.019029,0.0,44.348236,23.367281,0.0,-82.3,37.099999999999994,70
-54.54667,51.51351,0.0,-48.401325,-54.387943,0.0,-25.39999999999999,14.100000000000009,70
-88.07593,-47.64379,0.0,38.303333,-88.358986,0.0,-83.4,-83.2,70
12.648264,-76.44926,0.0,-31.852064,71.014145,0.0,-31.89999999999999,-96.3,70
-40.69991,-48.894585,0.0,-45.473705,85.329414,0.0,-38.199999999999996,38.099999999999994,70
60.163506,97.642944,0.0,93.23214,-87.90965,0.0,60.10000000000002,-85.9,70
-51.98716,71.98385,0.0,57.433395,46.058094,0.0,57.20000000000002,58.400000000000006,70
-77.52069,57.3192,0.0,-76.542564,-37.18038,0.0,-89.9,-0.5999999999999943,70
-93.45533,-12.225156,0.0,25.32721,-93.20321,0.0,-78.2,-77.4,70
-96.73485,-23.063559,0.0,57.376328,67.91366,0.0,-100.0,72.0,70
-2.2043092,-87.24758,0.0,-83.67965,43.803993,0.0,-83.6,-79.8,70
53.040848,4.20237,0.0,38.632412,-52.102943,0.0,67.60000000000002,-25.200000000000003,70
55.05496,92.39118,0.0,-80.39474,10.893623,0.0,-80.8,80.4,70
-50.127254,92.27661,0.0,-30.565315,43.206036,0.0,-39.8,62.70000000000002,70
53.27571,-36.178814,0.0,73.63204,23.204863,0.0,63.0,3.3000000000000114,70
20.197193,-30.883656,0.0,51.483948,42.49484,0.0,24.80000000000001,37.900000000000006,70
-86.01169,-17.548088,0.0,-12.70797,28.828262,0.0,-82.3,-9.799999999999997,70
93.40543,-65.37225,0.0,11.514685,-44.099144,0.0,96.0,-50.8,70
21.18229,-11.373464,0.0,92.73916,12.512309,0.0,25.400000000000006,37.099999999999994,70
-25.799826,11.532219,0.0,91.0915,-78.47627,0.0,-52.4,-78.5,70
-96.30362,-17.783401,0.0,-46.14757,22.924755,0.0,-86.6,-8.899999999999991,70
-53.481037,-28.272354,0.0,-77.54283,-29.935768,0.0,-78.9,-43.5,70
-93.14513,-0.78931886,0.0,-20.156767,13.579096,0.0,-72.6,2.1000000000000085,70
68.72328,36.685257,0.0,-35.41101,50.840885,0.0,-35.7,41.0,70
64.60746,28.921778,0.0,-57.704857,-85.5721,0.0,53.60000000000002,-84.7,70
-21.761168,87.5298,0.0,-94.49375,-73.55846,0.0,-73.5,76.10000000000002,70
83.785614,23.439196,0.0,-17.449842,-52.25654,0.0,75.30000000000001,10.200000000000003,70
28.62247,-17.281786,0.0,-98.525604,-0.80892295,0.0,-80.2,-15.5,70
18.116854,-85.64102,0.0,-11.564926,89.52948,0.0,-48.599999999999994,82.5,70
73.08976,95.5207,0.0,-50.43975,56.55042,0.0,-19.599999999999994,79.4,70
-84.47875,-27.673801,0.0,15.887952,30.425488,0.0,-84.5,-13.599999999999994,70
-54.007473,30.881367,0.0,46.409576,31.963343,0.0,-13.699999999999989,12.900000000000006,70
-50.12837,40.16659,0.0,-45.960358,72.600746,0.0,-45.4,56.60000000000002,70
56.64552,-41.35983,0.0,-47.863464,-43.16712,0.0,51.30000000000001,-52.699999999999996,70
-36.630436,-85.52332,0.0,-27.668999,-3.2835221,0.0,-53.0,-41.099999999999994,70
-25.911346,23.636866,0.0,-67.45612,-95.597,0.0,-60.4,-77.8,70
92.666695,-41.37864,0.0,-91.820854,-55.34095,0.0,100.0,-45.8,70
26.802729,-3.3211203,0.0,0.6591185,-49.655445,0.0,8.5,-33.0,70
83.29196,-95.83164,0.0,-92.7301,25.22587,0.0,-80.3,-75.5,70
-8.49064,22.293535,0.0,-58.078495,97.18066,0.0,-23.0,27.200000000000003,70
98.811035,-95.26294,0.0,91.79853,11.106227,0.0,100.0,4.5,70
-87.153984,83.91112,0.0,98.04776,76.8071,0.0,84.60000000000002,94.0,70
-97.63168,19.866129,0.0,-97.19904,92.116005,0.0,-97.6,55.900000000000006,70
56.43762,46.29204,0.0,71.45634,92.863335,0.0,69.4,80.9,70
-80.46954,-7.6728373,0.0,55.07267,-94.21446,0.0,-80.4,-76.9,70
-75.89651,44.48702,0.0,65.21121,43.476078,0.0,47.099999999999994,59.30000000000001,70
-95.209274,11.467561,0.0,-46.980064,-63.72502,0.0,-95.4,-13.0,70
10.807056,6.74614,0.0,-88.101845,-71.43571,0.0,-92.8,-8.699999999999989,70
-45.96,-67.52805,0.0,-24.194275,16.669846,0.0,-42.8,-12.699999999999989,70
-54.116554,42.94979,0.0,-20.435219,31.06766,0.0,-29.5,21.0,70
-75.70165,-23.002481,0.0,-38.295765,-7.8524003,0.0,-34.099999999999994,-40.0,70
53.52328,89.23568,0.0,-35.79937,-23.020237,0.0,-43.699999999999996,82.70000000000002,70
14.868153,-89.91543,0.0,27.172876,-87.49062,0.0,21.0,-90.0,70
92.43165,-48.330956,0.0,-50.684658,-3.1449094,0.0,-20.5,27.400000000000006,70
88.11093,-84.57495,0.0,-36.722103,-92.385315,0.0,24.200000000000003,-91.3,70
64.834885,48.073402,0.0,-81.34035,-58.424454,0.0,-81.5,-82.6,70
-78.946434,61.475994,0.0,-5.188748,83.751274,0.0,-80.7,84.5,70
-91.96896,19.074574,0.0,-9.401062,-82.695435,0.0,-79.0,-82.7,70
13.22066,32.303417,0.0,4.345005,-31.495657,0.0,20.0,-23.89999999999999,70
45.656704,-84.21669,0.0,-33.04878,-57.72842,0.0,-34.8,-84.1,70
55.21335,-49.177834,0.0,-94.14673,-20.260307,0.0,-81.7,-34.3,70
43.117195,33.77125,0.0,-23.939358,-51.33447,0.0,12.5,-27.099999999999994,70
12.847647,88.0713,0.0,57.4314,72.7803,0.0,56.30000000000001,86.80000000000001,70
-77.332146,-75.036545,0.0,-71.441696,-95.653336,0.0,-87.0,-87.5,70
-33.35054,-63.431583,0.0,51.3708,-66.06099,0.0,68.80000000000001,-76.8,70
57.482327,71.94581,0.0,-17.11697,-81.33888,0.0,57.5,-81.5,70
27.868374,-0.52101815,0.0,8.041695,-53.01279,0.0,14.700000000000003,-25.599999999999994,70
-82.244644,65.32196,0.0,52.0421,-84.86178,0.0,-82.5,-84.8,70
54.084686,15.258829,0.0,36.139473,-54.25007,0.0,54.20000000000002,-37.099999999999994,70
99.877846,4.3665195,0.0,57.76854,6.632274,0.0,88.30000000000001,14.0,70
-30.624712,15.643992,0.0,-35.63835,30.933998,0.0,-35.3,21.900000000000006,70
-26.568993,22.72814,0.0,-32.735332,-5.222297,0.0,-31.700000000000003,9.300000000000011,70
-48.10079,-74.78392,0.0,-87.40938,11.061733,0.0,-77.3,-94.7,70
20.402615,1.5893368,0.0,35.742645,23.406199,0.0,22.60000000000001,31.30000000000001,70
-35.17906,50.01531,0.0,50.86985,-61.580112,0.0,-37.599999999999994,42.5,70
16.4511,19.201374,0.0,-25.912636,34.798237,0.0,-17.099999999999994,20.200000000000003,70
-37.786476,72.7434,0.0,-84.374115,36.856697,0.0,-81.3,97.10000000000002,70
-91.50032,5.2096176,0.0,16.991568,11.697023,0.0,-77.9,40.400000000000006,70
-75.567406,41.9163,0.0,-48.25412,-68.08023,0.0,-47.099999999999994,67.30000000000001,70
71.694435,95.732086,0.0,70.60521,78.96832,0.0,67.4,96.80000000000001,70
0.6543068,-98.116196,0.0,-6.6165075,26.779963,0.0,-86.0,-56.9,70
-67.08652,-83.855316,0.0,86.883415,-87.12992,0.0,42.099999999999994,-87.5,70
-12.133895,-33.943607,0.0,-0.96177113,-87.89385,0.0,-15.199999999999989,-70.6,70
29.506653,-45.5284,0.0,-70.662125,-81.35178,0.0,-34.89999999999999,-85.8,70
48.703342,32.71097,0.0,50.91916,-80.05608,0.0,76.5,-8.899999999999991,70
79.16861,11.351218,0.0,-28.247868,-83.235725,0.0,70.4,-88.4,70
65.259834,14.703914,0.0,-77.32059,68.96499,0.0,60.10000000000002,56.0,70
-84.842354,-99.890144,0.0,41.97852,-94.65157,0.0,-21.5,-97.4,70
30.012407,86.75909,0.0,-32.140335,85.62157,0.0,-1.5,87.80000000000001,70
-53.46191,56.955875,0.0,-83.14018,-41.29112,0.0,-81.3,10.300000000000011,70
-94.95692,1.3117447,0.0,66.68336,-2.9493392,0.0,-99.8,32.400000000000006,70
62.286446,48.251026,0.0,-84.66198,85.502174,0.0,53.30000000000001,85.10000000000002,70
99.544075,53.51811,0.0,65.16101,70.57528,0.0,98.70000000000002,76.4,70
29.18926,-0.3123683,0.0,89.98848,78.50669,0.0,1.0,78.20000000000002,70
-39.889294,-34.36675,0.0,87.45775,-96.463455,0.0,31.0,-56.9,70
-16.795498,-94.148346,0.0,-86.078186,66.191895,0.0,-83.5,-78.2,70
-81.341576,30.026728,0.0,31.135727,-88.60388,0.0,-81.5,-81.5,70
-45.27477,-33.570454,0.0,53.046917,82.466835,0.0,-35.89999999999999,82.5,70
-36.6833,91.12669,0.0,-35.487072,82.49442,0.0,-37.3,89.0,70
25.329662,-41.9139,0.0,94.18995,-43.691437,0.0,94.20000000000002,-54.099999999999994,70
-71.78549,96.449905,0.0,-82.54079,13.287922,0.0,-85.6,75.10000000000002,70
95.438416,-27.035042,0.0,37.446587,-85.70622,0.0,97.70000000000002,-84.3,70
-40.90963,-62.006798,0.0,-50.770477,58.07399,0.0,-38.699999999999996,2.9000000000000057,70
-15.262584,-94.77454,0.0,91.78006,89.37797,0.0,36.400000000000006,-94.9,70
86.98683,97.80255,0.0,-32.363716,1.7998263,0.0,33.900000000000006,49.599999999999994,70
-35.258564,-18.571684,0.0,87.270424,-85.78727,0.0,25.200000000000003,-74.7,70
-80.076126,93.700005,0.0,-78.14725,-84.48599,0.0,-100.0,-65.19999999999999,70
61.206787,-20.23862,0.0,21.211597,-97.64025,0.0,54.5,-76.3,70
-5.1087966,-48.847668,0.0,43.148026,23.035412,0.0,9.0,-32.5,70
-53.222107,12.254164,0.0,-40.0269,-80.280205,0.0,-45.699999999999996,-37.5,70
-20.65582,-25.79445,0.0,-47.70807,-11.624824,0.0,-38.699999999999996,-33.8,70
-22.865976,-27.485876,0.0,-4.715746,-89.586334,0.0,-9.399999999999991,-72.9,70
-59.99734,88.33031,0.0,-31.571972,-72.58168,0.0,-63.0,84.5,70
94.77422,0.9188684,0.0,54.01583,-53.886272,0.0,68.4,22.80000000000001,70
46.62199,-42.5047,0.0,64.72132,-29.7527,0.0,52.5,-60.9,70
55.706894,53.802414,0.0,-88.59001,44.039562,0.0,-78.2,14.400000000000006,70
61.790867,-66.04182,0.0,-87.50471,-11.165946,0.0,-79.8,-72.9,70
-50.92288,51.832653,0.0,90.76216,-21.132578,0.0,-33.5,39.30000000000001,70
50.416004,81.46594,0.0,-94.20659,-96.13942,0.0,-77.4,81.60000000000002,70
69.95881,-97.702515,0.0,18.961733,-35.031277,0.0,44.400000000000006,-65.1,70
-87.41329,40.1726,0.0,-84.42785,-96.81325,0.0,-93.5,-43.4,70
57.662605,-18.343275,0.0,66.139114,-52.36337,0.0,57.70000000000002,-36.5,70
60.39246,18.3159,0.0,57.371964,85.915085,0.0,64.30000000000001,37.900000000000006,70
11.988566,95.12638,0.0,20.05112,81.98869,0.0,16.0,90.20000000000002,70
-87.962234,13.64653,0.0,-93.633484,48.363052,0.0,-91.9,31.0,70
-44.403477,55.434113,0.0,63.63171,-39.453938,0.0,-34.0,44.20000000000002,70
-48.737488,8.716209,0.0,28.279896,25.994707,0.0,-10.299999999999997,17.400000000000006,70
-9.131378,20.489456,0.0,-94.36406,-78.96888,0.0,-78.1,-21.799999999999997,70
24.34087,-87.25681,0.0,17.641558,-52.51531,0.0,24.80000000000001,-83.5,70
-52.47487,90.66224,0.0,33.968906,33.1141,0.0,-28.39999999999999,27.400000000000006,70
0.70238477,-34.853035,0.0,35.332123,87.20999,0.0,11.800000000000011,-40.9,70
-77.84504,-19.23743,0.0,-43.21707,-66.54077,0.0,-43.0,-34.8,70
64.42414,82.85094,0.0,-32.313034,-10.891631,0.0,-42.4,82.9,70
54.53828,-30.757452,0.0,-92.66755,10.102875,0.0,-67.9,12.600000000000009,70
-83.256935,-18.887957,0.0,-93.76648,-75.45804,0.0,-90.9,-47.599999999999994,70
-56.3195,96.348885,0.0,-85.320076,-98.81408,0.0,-85.3,80.4,70
53.963905,-19.441715,0.0,-89.6337,22.584806,0.0,-88.1,-1.5,70
15.598433,18.908964,0.0,29.941374,-22.370749,0.0,15.200000000000003,21.900000000000006,70
-85.37719,-80.31394,0.0,78.90338,16.065311,0.0,-65.3,-100.0,70
-77.3971,-7.1709304,0.0,-82.92011,-80.87662,0.0,-91.8,-45.4,70
62.165543,-59.403797,0.0,51.38271,68.79107,0.0,63.60000000000002,53.0,70
-94.31329,-99.662865,0.0,20.299969,21.100899,0.0,-77.8,12.200000000000003,70
-96.52753,-28.257656,0.0,0.58743465,-77.50318,0.0,-76.1,-81.7,70
-48.04941,-68.52905,0.0,-85.11573,73.290535,0.0,-48.099999999999994,100.0,70
-19.177826,-44.039185,0.0,25.852663,-76.18491,0.0,-22.599999999999994,-47.4,70
76.296555,98.93915,0.0,-34.252613,55.77529,0.0,-42.3,80.30000000000001,70
16.741207,19.627216,0.0,-81.73766,15.559883,0.0,-81.8,26.0,70
58.359184,-61.024952,0.0,15.012715,-37.787144,0.0,58.20000000000002,-61.5,70
-79.9819,34.365425,0.0,-47.22523,-28.40766,0.0,-31.299999999999997,20.0,70
-87.281654,-75.04598,0.0,-29.027891,12.509833,0.0,-61.0,-95.0,70
18.362165,-6.4590864,0.0,-46.497143,-21.803888,0.0,16.10000000000001,-50.3,70
-91.85262,73.72497,0.0,-95.52975,-85.98427,0.0,-95.2,-44.9,70
-35.113617,12.630358,0.0,-78.22064,-0.5676934,0.0,-45.8,20.700000000000003,70
54.65862,47.409054,0.0,69.586716,30.726738,0.0,63.10000000000002,31.30000000000001,70
-97.88966,-43.296944,0.0,-1.1513323,87.82824,0.0,-73.3,81.80000000000001,70
14.650454,98.06282,0.0,-75.420845,-41.936874,0.0,3.8000000000000114,87.60000000000002,70
-81.99138,-23.833153,0.0,66.14244,-69.772766,0.0,-92.8,-28.89999999999999,70
-16.293661,-79.5289,0.0,83.10435,7.7462897,0.0,90.5,9.200000000000003,70
-30.235012,50.3208,0.0,65.481285,-77.06188,0.0,53.60000000000002,37.70000000000002,70
-50.810104,-82.21161,0.0,10.053611,81.515045,0.0,-8.199999999999989,81.60000000000002,70
-27.78671,-94.50334,0.0,15.182008,-43.992657,0.0,-51.099999999999994,-49.4,70
-41.74704,9.606607,0.0,69.57967,-28.583212,0.0,-37.4,13.100000000000009,70
41.13139,29.581656,0.0,27.68534,82.07064,0.0,3.9000000000000057,14.600000000000009,70
-3.437901,-38.70924,0.0,76.832405,-99.55818,0.0,43.20000000000002,-53.0,70
-37.85026,-79.54,0.0,-34.719265,77.401886,0.0,-53.099999999999994,42.0,70
-19.468136,-27.912458,0.0,-41.38598,-98.53262,0.0,-35.099999999999994,-71.5,70
-36.40228,82.94463,0.0,-26.291027,7.497489,0.0,-47.8,51.30000000000001,70
-10.363388,31.182192,0.0,-25.860758,-96.797676,0.0,-59.199999999999996,-51.5,70
-44.280426,-97.97304,0.0,-51.439896,46.18583,0.0,-40.4,-62.1,70
20.801165,-27.378159,0.0,-50.643078,89.46008,0.0,-24.299999999999997,-54.5,70
-28.241014,-33.99518,0.0,53.27292,68.744576,0.0,-46.0,5.800000000000011,70
-31.349277,69.67346,0.0,-50.222683,-17.247715,0.0,-40.699999999999996,26.60000000000001,70
-13.846655,92.15911,0.0,-41.435013,40.63392,0.0,-41.4,81.60000000000002,70
-18.770918,-92.963875,0.0,5.491421,79.691025,0.0,0.0,84.20000000000002,70
98.98773,29.376219,0.0,82.93975,81.8394,0.0,99.60000000000002,81.80000000000001,70
-9.504841,82.89424,0.0,53.211308,-95.08955,0.0,74.30000000000001,82.9,70
-26.231506,-41.265186,0.0,87.66378,99.97778,0.0,-53.4,75.70000000000002,70
-97.353165,21.98396,0.0,-32.20372,0.70293176,0.0,-66.4,3.5,70
-12.675013,26.19806,0.0,-13.570419,-36.446587,0.0,-47.3,-15.899999999999991,70
-45.379017,-24.41242,0.0,86.821686,-99.69941,0.0,35.099999999999994,-63.6,70
-81.088684,-74.39175,0.0,-32.31102,-12.222571,0.0,-63.1,-92.1,70
-36.211174,-44.552826,0.0,-3.2062721,96.2535,0.0,-40.9,79.0,70
-56.46424,96.48576,0.0,97.69999,-75.29824,0.0,97.80000000000001,79.10000000000002,70
-92.80567,31.683018,0.0,10.172268,96.227776,0.0,-81.2,72.5,70
95.81816,91.65802,0.0,-35.042793,-41.18285,0.0,-42.3,80.30000000000001,70
-83.894585,23.078457,0.0,51.871513,-83.98009,0.0,-83.9,-84.0,70
-47.68294,-1.9033244,0.0,51.474228,74.33401,0.0,58.900000000000006,50.599999999999994,70
-96.1696,39.932636,0.0,-41.327164,95.72954,0.0,-77.6,77.9,70
69.77899,-23.753069,0.0,-9.310117,-92.59593,0.0,20.60000000000001,-80.7,70
56.12266,71.82094,0.0,-98.18745,-21.558893,0.0,-85.7,6.5,70
2.7311296,-86.83848,0.0,62.990448,-74.04665,0.0,46.20000000000002,-88.4,70
-80.29444,-20.43482,0.0,8.094656,-76.64541,0.0,-93.0,15.5,70
53.43548,-63.32568,0.0,26.661932,-96.78448,0.0,53.900000000000006,-83.4,70
-37.064194,50.19753,0.0,66.84599,86.127686,0.0,-37.099999999999994,85.4,70
-45.94915,75.04098,0.0,-40.34774,66.137085,0.0,-40.5,70.9,70
53.910122,-2.3611002,0.0,42.90377,88.47013,0.0,60.60000000000002,80.30000000000001,70
-97.56669,-58.791847,0.0,60.4875,89.018936,0.0,-75.1,83.9,70
-50.683563,34.039204,0.0,40.98741,-52.332966,0.0,-24.099999999999994,-27.299999999999997,70
-75.16907,95.507484,0.0,58.994854,71.18823,0.0,58.900000000000006,84.20000000000002,70
69.86637,-43.37696,0.0,74.99866,27.801748,0.0,52.70000000000002,-22.299999999999997,70
55.89234,51.41667,0.0,26.919708,-32.211952,0.0,68.9,4.700000000000003,70
35.581284,-53.410057,0.0,9.629903,-75.54809,0.0,-7.299999999999997,-31.099999999999994,70
-30.450655,0.8865423,0.0,-31.721853,-13.325565,0.0,-35.3,-6.199999999999989,70
22.420176,-7.830907,0.0,33.362328,-77.087265,0.0,22.80000000000001,-81.8,70
-32.938557,-19.726402,0.0,-43.352333,21.144125,0.0,-39.4,0.20000000000000284,70
-37.79953,17.56758,0.0,96.4358,30.53223,0.0,9.200000000000003,23.80000000000001,70
23.673832,-40.20329,0.0,-91.2403,15.307202,0.0,-80.9,-28.39999999999999,70
-49.140114,-77.94202,0.0,-15.632877,-91.80507,0.0,-29.5,-88.4,70
10.532391,-99.54692,0.0,36.26887,96.79957,0.0,24.80000000000001,100.0,70
-38.890522,66.84748,0.0,-89.58488,-57.83812,0.0,-76.1,100.0,70
-44.592175,37.15542,0.0,-50.898148,98.74064,0.0,-44.3,72.80000000000001,70
69.340485,4.858027,0.0,-17.456512,99.30185,0.0,45.900000000000006,76.4,70
59.965744,50.834564,0.0,-33.34574,54.39728,0.0,58.400000000000006,32.599999999999994,70
-52.837975,89.146904,0.0,-19.089935,88.945625,0.0,-36.0,89.5,70
-40.514755,67.567444,0.0,-85.52945,-17.27914,0.0,-85.0,46.5,70
-56.84413,-77.095726,0.0,-50.042904,11.384958,0.0,-46.4,-100.0,70
-14.0682125,12.436007,0.0,-97.356544,-77.37633,0.0,-79.1,-11.299999999999997,70
-40.0311,34.014324,0.0,-58.904427,-82.433136,0.0,-49.4,-84.5,70
-63.225185,76.14225,0.0,-52.67283,-5.740895,0.0,-52.0,82.10000000000002,70
25.198057,-85.55253,0.0,73.26512,-98.378204,0.0,49.20000000000002,-92.5,70
-75.280304,57.92624,0.0,-94.37635,-96.686325,0.0,-100.0,-90.4,70
-99.15474,71.22693,0.0,23.504105,-16.725763,0.0,-75.3,-18.39999999999999,70
15.801537,14.569144,0.0,-96.9512,-28.313475,0.0,-74.0,26.900000000000006,70
-8.642798,76.55316,0.0,18.710836,-22.608389,0.0,23.30000000000001,-16.89999999999999,70
55.200665,-40.86054,0.0,13.679396,-31.643698,0.0,34.900000000000006,-61.0,70
-80.56179,-24.6854,0.0,16.507027,-77.8075,0.0,-81.5,-99.6,70
-52.27252,-26.418272,0.0,63.6483,-30.505058,0.0,53.80000000000001,-46.699999999999996,70
3.5158367,76.615524,0.0,-51.36408,26.530186,0.0,-20.89999999999999,84.70000000000002,70
-77.20842,-15.491844,0.0,-46.921158,-93.446045,0.0,-77.3,-79.1,70
90.7214,-45.464123,0.0,-42.18737,-91.034515,0.0,12.600000000000009,-98.9,70
-81.685234,-77.90755,0.0,-81.033134,14.09591,0.0,-92.6,-32.0,70
96.110405,-94.516335,0.0,-36.793755,-35.91798,0.0,20.200000000000003,-57.599999999999994,70
-39.475697,33.544556,0.0,-45.928627,-60.75908,0.0,-39.8,-14.5,70
-15.461659,34.48948,0.0,46.356297,78.92884,0.0,15.300000000000011,100.0,70
53.210186,-30.248352,0.0,-94.219055,-30.633463,0.0,-76.4,-32.7,70
-55.601032,83.37851,0.0,-2.4303477,-86.64932,0.0,-5.8999999999999915,-84.8,70
-54.383068,-99.46607,0.0,98.84725,14.698196,0.0,98.9,-71.8,70
-94.25164,22.587685,0.0,-38.976162,13.945229,0.0,-59.8,24.5,70
18.425049,-98.23195,0.0,67.53283,-64.52317,0.0,36.70000000000002,-87.2,70
78.174644,24.791365,0.0,-36.551453,23.92116,0.0,44.400000000000006,28.700000000000017,70
-81.79645,-47.009422,0.0,31.525965,28.92237,0.0,-81.8,-6.8999999999999915,70
-34.096188,-4.9738317,0.0,44.10645,-40.873672,0.0,-14.199999999999989,-64.6,70
7.8744106,13.4185915,0.0,0.4718441,-41.796543,0.0,29.599999999999994,-12.199999999999989,70
-44.085613,-30.470562,0.0,55.498306,63.764534,0.0,55.5,-55.599999999999994,70
-80.26174,-6.717627,0.0,-52.55631,-20.352833,0.0,-87.9,-39.8,70
-26.311058,-84.460754,0.0,-49.146713,-27.111473,0.0,-34.8,-84.1,70
13.49443,82.96246,0.0,-3.0984855,31.652557,0.0,-0.29999999999999716,81.70000000000002,70
50.655235,-96.87959,0.0,29.85933,-25.637356,0.0,65.10000000000002,-71.5,70
62.868423,-63.50739,0.0,-84.13469,-44.955143,0.0,-82.6,-75.8,70
-92.6921,-26.320417,0.0,-80.86996,-20.705751,0.0,-93.7,-22.69999999999999,70
50.262123,-63.14802,0.0,-26.325531,-19.91318,0.0,4.5,-79.0,70
39.197773,25.28726,0.0,57.515556,-4.598577,0.0,57.60000000000002,28.0,70
-36.833908,82.84969,0.0,-15.956741,-42.61659,0.0,-50.5,-6.199999999999989,70
66.016556,43.213497,0.0,-42.348083,64.72762,0.0,-37.199999999999996,79.4,70
97.63842,28.842268,0.0,34.313263,-53.863388,0.0,74.5,2.5,70
56.02581,77.39997,0.0,89.72858,-93.15557,0.0,68.60000000000002,-84.5,70
-9.590981,-97.2994,0.0,-85.10571,22.936941,0.0,-81.1,-50.599999999999994,70
-84.0035,81.676445,0.0,5.224764,98.88522,0.0,-42.9,98.60000000000002,70
-98.64377,6.5039883,0.0,-83.138985,59.975246,0.0,-93.1,33.599999999999994,70
-85.80634,-57.48329,0.0,28.87312,-93.81652,0.0,-83.8,-80.9,70
26.25316,-82.44699,0.0,-27.059006,79.98169,0.0,26.0,-88.0,70
42.89902,-80.92363,0.0,-44.39413,43.876007,0.0,-24.0,-81.0,70
67.8722,92.49493,0.0,-78.325424,-55.49644,0.0,-80.3,81.5,70
89.92687,84.225204,0.0,-25.168287,-24.224775,0.0,-67.9,84.20000000000002,70
14.664935,30.294287,0.0,91.30705,-32.07124,0.0,26.10000000000001,-16.0,70
-33.448177,-38.62571,0.0,-42.185093,30.1757,0.0,-41.8,-5.3999999999999915,70
99.641235,-2.7987835,0.0,-88.29251,57.550423,0.0,99.9,-28.0,70
54.489517,94.21639,0.0,59.88877,58.294003,0.0,60.30000000000001,79.10000000000002,70
-31.822409,-97.73319,0.0,-75.09092,-76.06199,0.0,-66.5,-100.0,70
28.513577,-30.261963,0.0,57.11721,9.876127,0.0,57.10000000000002,-27.299999999999997,70
-87.70898,-66.36137,0.0,22.808681,-14.320748,0.0,-70.4,-33.5,70
4.180178,-36.077106,0.0,-45.000122,27.118544,0.0,-28.099999999999994,-42.4,70
-95.64614,-7.909273,0.0,99.143745,-23.565193,0.0,-89.6,-6.3999999999999915,70
54.11673,20.641718,0.0,93.36604,89.743225,0.0,76.70000000000002,82.10000000000002,70
-52.793003,69.76948,0.0,21.589493,-36.73656,0.0,-18.599999999999994,-39.3,70
17.366499,20.752062,0.0,-82.44526,43.102055,0.0,-82.5,26.0,70
32.706753,31.472704,0.0,91.826645,-36.76628,0.0,100.0,1.8000000000000114,70
5.2304974,-81.990135,0.0,58.300488,28.653666,0.0,58.30000000000001,-82.0,70
19.368755,99.03158,0.0,-86.81508,2.284584,0.0,-84.7,71.0,70
9.3890915,-96.13183,0.0,-90.555954,29.220411,0.0,-81.1,-72.0,70
-91.18789,59.385796,0.0,34.452312,91.04964,0.0,-80.1,84.70000000000002,70
-41.908195,92.56876,0.0,-39.20263,32.729187,0.0,-44.099999999999994,64.30000000000001,70
50.414795,80.27803,0.0,63.86715,-8.326413,0.0,52.80000000000001,81.70000000000002,70
-73.642365,91.37665,0.0,-13.886,-93.02452,0.0,-41.4,75.80000000000001,70
-85.78906,13.900199,0.0,90.55955,14.104823,0.0,78.20000000000002,28.30000000000001,70
-40.590187,-7.174504,0.0,79.43549,80.41917,0.0,-40.099999999999994,80.5,70
49.31819,-45.196228,0.0,-14.578577,-83.78605,0.0,72.70000000000002,-82.6,70
-85.05369,51.824707,0.0,-9.605067,14.992323,0.0,-84.2,40.80000000000001,70
12.100169,24.4809,0.0,-75.40515,-44.047592,0.0,-2.6999999999999886,20.200000000000003,70
61.185307,-26.791946,0.0,-96.68297,-53.237663,0.0,57.5,-53.3,70
19.895226,92.10272,0.0,97.40022,-23.625349,0.0,97.4,74.30000000000001,70
-31.615097,-87.10503,0.0,38.47886,-97.53108,0.0,3.5,-93.2,70
-83.61457,-85.90147,0.0,34.793785,-84.20328,0.0,-27.700000000000003,-91.0,70
-64.34436,-94.52631,0.0,91.88833,-92.71375,0.0,-21.099999999999994,-94.2,70
-48.676468,1.1246523,0.0,93.93968,75.185,0.0,94.0,50.80000000000001,70
83.06547,-86.507614,0.0,-49.999245,12.836098,0.0,15.200000000000003,-86.2,70
-91.60429,-80.54955,0.0,-80.6312,21.259321,0.0,-90.3,-31.099999999999994,70
89.67118,76.07331,0.0,-21.14064,-84.307,0.0,24.60000000000001,-84.3,70
-22.42609,22.175936,0.0,94.29679,34.070686,0.0,93.70000000000002,32.400000000000006,70
94.311935,17.509796,0.0,-81.534164,95.489235,0.0,100.0,78.10000000000002,70
-76.99602,98.20723,0.0,53.41799,7.205937,0.0,53.900000000000006,77.0,70
-51.262947,50.210888,0.0,1.2955487,-52.905106,0.0,-28.299999999999997,-17.599999999999994,70
13.239336,-34.987087,0.0,56.454975,3.2111516,0.0,56.400000000000006,-64.3,70
-4.495979,-79.62496,0.0,28.0803,-46.365917,0.0,22.400000000000006,-44.599999999999994,70
-98.67124,-62.347397,0.0,6.852136,-35.774483,0.0,-76.2,-57.4,70
-31.958368,93.37282,0.0,-11.693862,14.002356,0.0,-53.4,48.0,70
92.70321,-41.492085,0.0,-72.92547,-85.31117,0.0,92.80000000000001,-85.1,70
-31.373192,-78.457115,0.0,-9.707877,87.05944,0.0,-60.0,83.10000000000002,70
-39.927948,-94.73033,0.0,98.917496,62.260803,0.0,99.0,-77.3,70
-84.32546,2.7719905,0.0,-50.731503,36.42815,0.0,-91.6,23.0,70
48.176292,-94.54725,0.0,-12.751913,-80.9799,0.0,17.900000000000006,-89.4,70
-64.53969,79.35288,0.0,79.46537,84.792915,0.0,20.200000000000003,85.30000000000001,70
82.42471,-85.65753,0.0,-38.916477,43.023087,0.0,-25.599999999999994,-84.9,70
-90.710625,-28.90058,0.0,-40.53028,60.274307,0.0,-73.2,30.5,70
-67.80949,-94.33404,0.0,1.9480891,85.68528,0.0,-48.0,-72.8,70
26.718252,89.15466,0.0,63.159077,-13.840151,0.0,51.80000000000001,83.4,70
-93.07037,87.057014,0.0,-90.18895,8.159994,0.0,-92.7,47.599999999999994,70
41.489883,99.40095,0.0,-20.280725,-39.79275,0.0,-74.2,75.30000000000001,70
98.00304,35.573254,0.0,46.168068,-91.09253,0.0,98.0,-83.6,70
11.996495,-91.998085,0.0,-10.362786,-87.85529,0.0,0.9000000000000057,-91.8,70
-46.918423,-4.783752,0.0,-72.53437,77.51443,0.0,-46.9,85.60000000000002,70
-85.24681,41.583958,0.0,60.332672,69.837746,0.0,-94.6,41.5,70
-2.7551901,82.95087,0.0,22.051872,15.379372,0.0,7.400000000000006,14.0,70
-82.34568,-98.54462,0.0,20.284014,-93.27762,0.0,-31.099999999999994,-96.2,70
-98.22386,-40.577633,0.0,-44.227787,-36.212734,0.0,-56.3,-58.699999999999996,70
-79.63793,24.127638,0.0,-66.53656,94.28058,0.0,-85.4,79.10000000000002,70
-44.917408,-48.633144,0.0,-22.069284,-79.70907,0.0,-35.599999999999994,-83.1,70
-76.55634,-13.42673,0.0,27.190367,-19.746902,0.0,0.20000000000000284,-33.89999999999999,70
71.35439,17.272652,0.0,-53.51609,75.28135,0.0,45.099999999999994,88.10000000000002,70
-17.109457,-33.254005,0.0,-99.35039,74.19896,0.0,-78.9,12.900000000000006,70
55.582962,81.41554,0.0,65.64501,-93.51056,0.0,68.9,-83.8,70
48.425953,23.797293,0.0,64.699585,-59.78258,0.0,57.70000000000002,28.099999999999994,70
-76.85364,-14.418947,0.0,78.89059,96.01353,0.0,52.20000000000002,69.4,70
-18.429522,19.851023,0.0,65.61951,50.31681,0.0,45.70000000000002,31.5,70
52.67306,-34.02921,0.0,66.88424,63.574944,0.0,59.70000000000002,14.600000000000009,70
-38.57129,-73.71162,0.0,-93.631424,-89.429825,0.0,-60.5,-90.7,70
18.27455,-37.52593,0.0,-41.960823,-99.05072,0.0,-39.599999999999994,-52.4,70
62.05855,-51.046597,0.0,98.019226,-30.849014,0.0,54.70000000000002,-33.2,70
89.28311,15.622637,0.0,-53.70513,-40.303734,0.0,42.400000000000006,32.30000000000001,70
-87.64782,-50.353893,0.0,-38.750145,-48.9436,0.0,-65.19999999999999,-47.199999999999996,70
-70.26682,-86.34531,0.0,-30.349453,-86.94887,0.0,-50.4,-87.8,70
30.352182,-75.21313,0.0,34.757576,-89.14759,0.0,3.9000000000000057,-100.0,70
-66.35291,93.14255,0.0,42.214806,25.746115,0.0,-11.299999999999997,31.599999999999994,70
-38.013496,-77.01396,0.0,-30.664389,70.842674,0.0,-47.699999999999996,54.10000000000002,70
-41.193233,93.4126,0.0,-51.003197,56.233265,0.0,-41.5,77.5,70
-90.5987,80.389244,0.0,93.560135,-81.990654,0.0,-81.4,-82.1,70
20.456604,-30.614115,0.0,24.99901,12.073423,0.0,21.400000000000006,-21.0,70
-82.43787,76.51149,0.0,49.116154,-78.3795,0.0,-82.5,-78.6,70
15.589641,1.098249,0.0,-11.438041,-41.546543,0.0,29.80000000000001,-30.099999999999994,70
91.136,43.474808,0.0,-45.238476,-30.66235,0.0,-27.700000000000003,13.900000000000006,70
-97.303505,-87.56214,0.0,68.75002,29.123747,0.0,-77.8,18.60000000000001,70
60.59526,50.6885,0.0,-76.1489,-49.88675,0.0,61.400000000000006,64.60000000000002,70
68.18149,-23.966335,0.0,-6.115055,-77.13388,0.0,13.0,-82.7,70
-36.759945,-41.004173,0.0,51.681793,41.205227,0.0,-42.199999999999996,-2.299999999999997,70
-1.5956837,31.701643,0.0,54.152992,4.0381064,0.0,56.70000000000002,20.900000000000006,70
-78.119705,-77.41864,0.0,-32.61724,-48.29472,0.0,-64.9,-92.5,70
64.79737,-79.36115,0.0,-22.12216,79.13996,0.0,50.0,79.4,70
90.13599,7.6338468,0.0,56.299473,-57.814682,0.0,66.5,8.200000000000003,70
-3.3162234,88.52724,0.0,-99.16197,35.28162,0.0,-74.7,80.0,70
60.323048,15.865159,0.0,-49.864353,-80.203636,0.0,59.20000000000002,-91.4,70
18.402428,-97.388306,0.0,-37.172375,77.27347,0.0,-37.199999999999996,-77.6,70
-29.364208,-77.56295,0.0,91.05872,-33.907513,0.0,100.0,-78.1,70
83.93578,26.33135,0.0,-99.49074,89.9009,0.0,-76.8,29.30000000000001,70
96.21614,43.28716,0.0,86.700874,84.63117,0.0,99.60000000000002,83.60000000000002,70
97.874596,62.522896,0.0,71.2055,81.02633,0.0,97.9,82.10000000000002,70
95.821434,57.5592,0.0,76.96106,-95.40759,0.0,96.20000000000002,-83.2,70
92.23349,97.963844,0.0,-49.8276,78.328224,0.0,21.60000000000001,91.5,70
95.27419,32.45771,0.0,-38.34619,-97.23862,0.0,96.9,-74.6,70
62.1799,-53.153675,0.0,93.10272,-52.688103,0.0,62.60000000000002,-46.8,70
-49.24888,-84.88074,0.0,-7.00838,77.833534,0.0,-12.0,91.10000000000002,70
-44.141983,-4.2996435,0.0,78.03873,20.756054,0.0,2.700000000000003,35.099999999999994,70
53.29448,97.41108,0.0,52.76908,52.961353,0.0,65.5,75.9,70
97.83422,-67.73515,0.0,63.75916,77.55383,0.0,97.70000000000002,100.0,70
52.68508,72.33858,0.0,-94.35681,-14.387553,0.0,-76.9,-26.799999999999997,70
84.30104,23.808882,0.0,56.47128,-38.215115,0.0,67.20000000000002,4.5,70
97.405815,-0.27769163,0.0,-87.23255,-23.938532,0.0,-84.7,-16.19999999999999,70
-35.18272,-2.3240762,0.0,98.711006,-9.247244,0.0,-31.39999999999999,25.400000000000006,70
66.2684,-67.385185,0.0,-30.364227,-2.906778,0.0,-55.9,-19.0,70
93.95356,22.06482,0.0,-31.220253,-32.652737,0.0,-40.099999999999994,34.599999999999994,70
73.95795,76.170296,0.0,30.660622,-53.81403,0.0,56.70000000000002,92.80000000000001,70
-64.024734,-81.01629,0.0,-37.423286,-45.711037,0.0,-52.5,-81.6,70
-51.481762,90.279366,0.0,60.10173,96.912476,0.0,4.300000000000011,94.10000000000002,70
-60.04997,-98.44341,0.0,31.546467,85.47584,0.0,3.0,84.20000000000002,70
-85.15734,-81.517456,0.0,-43.767384,2.4440987,0.0,-45.5,-87.9,70
-93.01079,-62.008373,0.0,97.33692,54.009113,0.0,-84.3,-51.3,70
-87.29408,-59.145023,0.0,-20.0804,11.240972,0.0,-78.3,-38.099999999999994,70
-46.353916,-7.873505,0.0,85.88411,19.700846,0.0,2.9000000000000057,34.80000000000001,70
-34.831898,40.19745,0.0,-60.140453,-81.70095,0.0,-60.0,-82.3,70
85.88591,83.587395,0.0,-51.77994,-63.299225,0.0,4.5,83.80000000000001,70
-33.323284,-96.79773,0.0,15.2320795,-93.099144,0.0,-9.099999999999994,-95.3,70
23.567747,23.857134,0.0,-87.15622,54.553123,0.0,-83.1,29.80000000000001,70
28.85571,-45.376823,0.0,15.436053,-12.984852,0.0,45.5,-48.5,70
-36.59132,-88.175064,0.0,-37.077496,5.1574025,0.0,-46.199999999999996,-52.599999999999994,70
-96.561714,-29.416395,0.0,-79.446014,-74.42426,0.0,-96.5,-54.599999999999994,70
68.73606,-9.083433,0.0,26.444958,-88.12865,0.0,25.400000000000006,-82.5,70
60.04593,16.180805,0.0,-96.761765,83.97018,0.0,59.900000000000006,84.20000000000002,70
66.94534,-37.31593,0.0,-0.5548599,32.603874,0.0,50.0,18.80000000000001,70
85.564606,-82.80159,0.0,49.653034,-43.385487,0.0,70.0,-82.8,70
60.779293,-30.476625,0.0,13.475182,-35.27767,0.0,48.70000000000002,-62.9,70
-53.453754,22.860487,0.0,52.699093,68.162605,0.0,-25.5,62.0,70
-53.520477,31.45812,0.0,60.63586,-49.94686,0.0,19.700000000000003,-44.9,70
69.30361,78.100426,0.0,-95.751396,-49.0989,0.0,-75.8,100.0,70
96.63055,53.316467,0.0,-47.19932,-56.178238,0.0,97.30000000000001,1.2000000000000028,70
-24.158752,95.004036,0.0,-86.42491,-1.3903284,0.0,-83.4,75.70000000000002,70
-48.089424,-16.354494,0.0,-41.05506,43.2933,0.0,-44.099999999999994,13.5,70
50.43811,-81.61447,0.0,87.24643,24.81786,0.0,76.80000000000001,2.6000000000000085,70
94.48774,-91.801765,0.0,21.234966,83.58854,0.0,100.0,83.60000000000002,70
26.34099,17.826256,0.0,-76.89632,29.62623,0.0,-47.0,14.400000000000006,70
-37.106995,48.171303,0.0,-95.910225,-33.050545,0.0,-64.4,3.200000000000003,70
-90.25916,17.549139,0.0,-63.234406,89.541664,0.0,-83.9,81.9,70
20.134224,90.767136,0.0,69.57308,-14.586103,0.0,21.700000000000003,83.70000000000002,70
-77.93214,-50.498974,0.0,64.11283,15.092349,0.0,64.0,26.400000000000006,70
93.59202,-92.07775,0.0,-41.188828,23.324636,0.0,-23.799999999999997,-79.7,70
-30.887615,-22.082897,0.0,16.52689,-92.80599,0.0,-2.0999999999999943,-72.6,70
-49.84737,-33.257538,0.0,-47.380775,60.422253,0.0,-41.9,13.900000000000006,70
-37.79572,-96.662926,0.0,94.24089,-23.31126,0.0,100.0,-73.6,70
-44.721523,-79.07738,0.0,76.08041,14.984727,0.0,-37.4,-67.69999999999999,70
-76.598526,-70.83053,0.0,82.2711,87.93842,0.0,67.0,85.30000000000001,70
-56.005783,86.64264,0.0,83.184296,99.250916,0.0,19.80000000000001,94.0,70
-76.38606,39.00397,0.0,36.876648,-83.9597,0.0,-4.099999999999994,-88.0,70
-95.08912,-52.13464,0.0,95.62271,87.9281,0.0,-78.1,84.5,70
93.52596,40.90515,0.0,-60.757767,77.54927,0.0,100.0,95.5,70
-95.728455,35.57368,0.0,-14.696668,-34.142937,0.0,-78.7,-2.5999999999999943,70
-41.604637,41.840336,0.0,53.677692,-52.559784,0.0,-34.599999999999994,-26.39999999999999,70
37.755367,90.17933,0.0,-73.04582,-89.12425,0.0,-62.5,-96.9,70
52.858612,65.05066,0.0,-51.850243,-71.78431,0.0,-13.0,71.20000000000002,70
74.25565,-98.553085,0.0,54.20871,-49.64215,0.0,68.60000000000002,-83.5,70
-82.704796,92.728935,0.0,9.950191,-27.508865,0.0,-26.799999999999997,76.4,70
21.855167,94.20336,0.0,-3.9623792,97.82008,0.0,8.900000000000006,96.20000000000002,70
93.96756,1.1750556,0.0,54.488903,91.855644,0.0,66.10000000000002,58.0,70
-80.711555,-72.80132,0.0,-48.671307,-23.999905,0.0,-99.0,-72.2,70
-95.01353,-4.614576,0.0,-26.82365,95.704605,0.0,-76.6,75.0,70
63.178497,87.28003,0.0,74.72111,11.650153,0.0,55.80000000000001,38.099999999999994,70
-52.601704,11.592459,0.0,-99.447075,-83.03298,0.0,-95.7,-39.599999999999994,70
-91.05658,15.392577,0.0,87.163734,26.984085,0.0,-81.9,28.30000000000001,70
-97.473724,-30.577766,0.0,92.83761,51.87494,0.0,-77.7,-33.0,70
90.760445,-92.70983,0.0,-87.49321,35.35882,0.0,-85.0,-78.1,70
96.13685,73.45815,0.0,62.158394,-15.35973,0.0,64.20000000000002,100.0,70
-48.816452,-76.25889,0.0,50.41056,58.6343,0.0,-23.599999999999994,30.5,70
-89.83622,-52.79114,0.0,-35.717342,-26.593218,0.0,-69.8,-34.2,70
21.050924,-95.68271,0.0,-52.151016,58.477192,0.0,-6.199999999999989,-81.2,70
-15.851005,-47.58528,0.0,55.502922,4.591083,0.0,55.900000000000006,-47.4,70
84.07538,5.9559097,0.0,71.9347,7.5526934,0.0,77.70000000000002,9.200000000000003,70
-9.797467,34.116463,0.0,60.94577,21.15876,0.0,65.4,7.1000000000000085,70
-94.39365,-81.850845,0.0,19.857206,76.488785,0.0,-90.9,-52.5,70
-41.031773,2.4366817,0.0,88.033775,21.833117,0.0,6.200000000000003,31.700000000000017,70
-34.562355,58.17652,0.0,39.216072,96.626015,0.0,-36.3,80.20000000000002,70
62.05782,-49.706745,0.0,41.56585,-90.04961,0.0,54.20000000000002,-82.3,70
-50.54851,87.51255,0.0,-97.636696,23.217005,0.0,-80.5,82.0,70
-88.5824,-88.649994,0.0,-38.912224,70.66048,0.0,-53.5,-82.8,70
-94.208626,-93.59414,0.0,35.268322,-89.52867,0.0,-30.0,-93.0,70
-75.075356,85.34211,0.0,55.51209,-38.39036,0.0,55.60000000000002,85.30000000000001,70
-25.15962,-47.329906,0.0,50.772186,-98.845314,0.0,66.20000000000002,-47.699999999999996,70
-16.054518,96.79811,0.0,-36.561897,16.124166,0.0,-46.3,76.4,70
70.19456,77.298355,0.0,-78.46949,33.358772,0.0,-78.5,99.5,70
-77.4958,55.343185,0.0,-88.6563,15.1304245,0.0,-100.0,41.099999999999994,70
-90.91601,-75.253525,0.0,-14.204344,-99.97502,0.0,-66.9,-94.8,70
18.804964,22.081463,0.0,20.13024,-13.59162,0.0,21.700000000000003,3.8000000000000114,70
31.135283,-76.45372,0.0,-47.170006,91.05762,0.0,-26.700000000000003,-78.9,70
-80.90474,-91.00027,0.0,34.131622,-85.607635,0.0,-23.89999999999999,-91.0,70
-13.099578,-84.32191,0.0,-85.2941,-18.644304,0.0,-83.5,-80.3,70
53.43049,51.19698,0.0,-18.37823,34.449192,0.0,56.30000000000001,8.400000000000006,70
61.54479,37.59065,0.0,99.28477,-32.383064,0.0,99.10000000000002,-10.099999999999994,70
70.936424,16.432133,0.0,33.468304,-83.33221,0.0,40.599999999999994,-83.3,70
50.782486,-44.160744,0.0,55.385704,90.51892,0.0,71.10000000000002,-37.199999999999996,70
9.919106,82.33434,0.0,-84.8475,3.0267658,0.0,-84.6,82.30000000000001,70
67.05372,-71.84109,0.0,-33.937206,39.774036,0.0,13.0,-97.4,70
22.212751,89.25914,0.0,22.377665,75.91097,0.0,13.700000000000003,89.60000000000002,70
9.884657,-43.33628,0.0,17.103533,-15.518819,0.0,21.30000000000001,-31.799999999999997,70
-31.559237,-28.056637,0.0,96.603516,-26.404522,0.0,96.60000000000002,-70.1,70
-81.460175,45.499146,0.0,7.8054414,97.27377,0.0,-81.6,72.70000000000002,70
-94.135086,21.871056,0.0,71.82635,30.359053,0.0,-80.6,21.30000000000001,70
-65.95578,-96.10032,0.0,-97.53561,-5.938971,0.0,-81.4,-78.1,70
98.47528,8.513938,0.0,70.071205,20.00196,0.0,85.70000000000002,15.700000000000003,70
61.704388,-9.450612,0.0,83.610435,12.08257,0.0,61.70000000000002,11.900000000000006,70
77.382324,-87.89078,0.0,-80.92988,-49.4343,0.0,-81.0,-83.3,70
-1.7800504,93.701515,0.0,-80.107414,33.222168,0.0,-80.2,71.4,70
-99.406075,64.33596,0.0,-41.72645,17.629494,0.0,-59.4,56.70000000000002,70
41.2155,20.10904,0.0,-30.551281,-92.05903,0.0,29.5,-92.9,70
34.201485,78.766975,0.0,-96.39138,-42.85524,0.0,-75.5,78.9,70
-86.90327,36.792164,0.0,-49.69626,24.054428,0.0,-23.700000000000003,14.0,70
-28.60607,-52.79942,0.0,-15.297524,83.04988,0.0,-25.5,83.10000000000002,70
30.151112,29.861183,0.0,9.5489235,-24.35818,0.0,15.700000000000003,3.5,70
-89.86857,-65.72854,0.0,29.084675,91.26308,0.0,-81.6,80.80000000000001,70
-33.300785,-80.411156,0.0,-76.312515,28.583984,0.0,-57.199999999999996,12.700000000000003,70
89.44678,75.87235,0.0,94.0245,-94.38267,0.0,66.5,-82.5,70
-30.93758,-76.99948,0.0,61.59626,75.313255,0.0,58.10000000000002,49.0,70
-93.32234,-60.1569,0.0,87.602776,3.3454328,0.0,-88.6,5.900000000000006,70
28.734333,29.778656,0.0,62.45902,-14.994337,0.0,56.20000000000002,23.900000000000006,70
-9.411625,-97.50202,0.0,-72.84244,83.57845,0.0,-29.89999999999999,-92.6,70
-1.7604609,86.32325,0.0,13.996985,-45.649574,0.0,36.0,80.20000000000002,70
-35.075863,-67.23366,0.0,-20.600489,83.72484,0.0,-39.9,83.70000000000002,70
-92.66125,-72.66988,0.0,21.940622,77.03717,0.0,-77.9,79.60000000000002,70
-26.47249,-84.722404,0.0,-29.138891,-54.834766,0.0,-75.8,-82.6,70
-32.290215,-44.818394,0.0,56.28355,36.283382,0.0,56.400000000000006,-49.099999999999994,70
-43.341618,-91.72646,0.0,-37.708515,79.096405,0.0,-41.599999999999994,47.70000000000002,70
-53.413334,-79.38517,0.0,2.2038321,-89.23738,0.0,-20.5,-90.8,70
25.99966,34.71643,0.0,56.99787,93.82582,0.0,61.60000000000002,92.0,70
-92.174194,89.08966,0.0,-14.637063,-48.887745,0.0,-79.7,66.20000000000002,70
-72.86151,88.76994,0.0,29.145502,-82.02034,0.0,-100.0,62.80000000000001,70
99.361046,23.907652,0.0,67.22745,-13.465189,0.0,65.20000000000002,8.5,70
-35.32658,-98.13136,0.0,-34.563747,-96.762764,0.0,-35.0,-97.5,70
-84.02445,81.528755,0.0,-2.341031,26.94651,0.0,-84.2,27.0,70
13.830015,0.389137,0.0,-3.2189054,-79.40735,0.0,58.60000000000002,-79.4,70
62.250706,34.39245,0.0,44.93546,91.89712,0.0,56.20000000000002,80.80000000000001,70
12.995032,9.024537,0.0,-31.041183,21.227491,0.0,-4.299999999999997,23.0,70
-17.074787,99.32021,0.0,-39.196957,-67.60796,0.0,-29.299999999999997,81.10000000000002,70
-84.71955,-92.516106,0.0,47.856976,-96.45629,0.0,-18.5,-95.2,70
99.1298,-51.087948,0.0,-84.831535,-2.4679759,0.0,96.60000000000002,-49.5,70
97.12308,66.59775,0.0,78.35953,94.19779,0.0,100.0,83.0,70
-15.357919,22.854757,0.0,-49.78831,31.733294,0.0,-32.7,22.900000000000006,70
-42.832504,31.351791,0.0,-41.217564,2.596557,0.0,-41.199999999999996,16.900000000000006,70
97.838,20.457058,0.0,-40.383823,40.543625,0.0,-39.699999999999996,36.099999999999994,70
99.94376,98.52584,0.0,-12.363431,32.76901,0.0,25.700000000000003,89.60000000000002,70
-83.48245,84.7821,0.0,-7.2950373,11.885482,0.0,-80.5,78.0,70
-2.0726154,-76.26765,0.0,-97.4572,-79.4193,0.0,-36.5,-98.5,70
-90.67806,-80.89564,0.0,-43.26945,79.28893,0.0,-79.2,91.60000000000002,70
58.85909,76.67977,0.0,-29.943806,-98.56739,0.0,58.900000000000006,-75.0,70
91.76635,27.835232,0.0,27.787783,24.3346,0.0,58.30000000000001,27.900000000000006,70
15.814643,-50.046684,0.0,-75.00929,83.22483,0.0,28.30000000000001,82.5,70
-43.938213,0.43956187,0.0,62.89577,9.258209,0.0,45.099999999999994,42.30000000000001,70
-84.43461,42.16224,0.0,-14.289821,-43.62117,0.0,-80.3,9.800000000000011,70
-99.524925,-65.13627,0.0,56.724426,-77.35683,0.0,-65.0,-100.0,70
-75.24186,99.04773,0.0,63.28279,66.33301,0.0,50.0,84.30000000000001,70
-85.13916,-40.325985,0.0,85.76168,-76.911156,0.0,-85.1,-77.0,70
26.480436,-42.443363,0.0,-59.42521,84.91767,0.0,1.8000000000000114,79.0,70
22.072876,-2.8240094,0.0,-23.502262,-82.96008,0.0,17.30000000000001,-83.0,70
-84.7062,68.47503,0.0,29.532982,-96.781204,0.0,-84.6,-75.5,70
-87.89045,-32.633213,0.0,28.744469,24.541937,0.0,-84.0,-4.3999999999999915,70
33.466347,21.477846,0.0,-16.668793,83.31693,0.0,26.30000000000001,83.30000000000001,70
56.410435,-0.2588857,0.0,34.000725,86.12738,0.0,56.5,84.70000000000002,70
26.492008,76.151215,0.0,91.15188,49.23487,0.0,98.20000000000002,35.70000000000002,70
50.659733,-98.89882,0.0,53.242756,53.228157,0.0,60.400000000000006,-73.7,70
27.168995,-78.62518,0.0,-62.292065,-97.12295,0.0,-18.89999999999999,-95.9,70
-41.63063,65.973274,0.0,13.04069,-36.57304,0.0,-31.5,-43.0,70
52.019234,-64.385826,0.0,-0.35745192,10.773337,0.0,54.900000000000006,34.099999999999994,70
-45.618607,99.60972,0.0,-33.27814,6.512032,0.0,-39.5,38.20000000000002,70
57.39423,-8.659605,0.0,33.176846,96.33797,0.0,57.5,79.4,70
52.279285,30.618803,0.0,-32.858192,-52.01093,0.0,-29.299999999999997,9.900000000000006,70
58.512257,-18.464182,0.0,-95.48673,-92.055695,0.0,58.400000000000006,-78.2,70
58.056156,15.086727,0.0,53.4468,54.088146,0.0,63.60000000000002,34.900000000000006,70
-94.38694,-52.716553,0.0,-97.23447,-30.1163,0.0,-96.1,-41.4,70
93.70371,-10.821522,0.0,16.326698,-14.450818,0.0,93.80000000000001,-10.599999999999994,70
-25.899052,-54.78998,0.0,37.53972,-48.980995,0.0,44.0,-45.0,70
-97.324455,-65.04633,0.0,58.707706,17.697216,0.0,61.20000000000002,24.30000000000001,70
32.559616,-40.63657,0.0,-79.38783,89.64689,0.0,-90.3,61.900000000000006,70
-96.2588,43.11795,0.0,-78.30739,-12.706102,0.0,-96.7,8.300000000000011,70
33.124115,22.3304,0.0,26.055243,82.88973,0.0,25.30000000000001,79.70000000000002,70
-22.526545,-29.650011,0.0,-23.302532,6.8482533,0.0,-45.4,-6.0,70
69.90851,32.34935,0.0,51.618046,23.815088,0.0,63.80000000000001,32.20000000000002,70
51.236294,-78.57487,0.0,73.176765,8.830786,0.0,75.4,8.800000000000011,70
-99.26983,-92.84828,0.0,-86.30654,-43.28827,0.0,-93.3,-68.1,70
-79.50001,-56.450115,0.0,-14.343182,-84.5022,0.0,-80.0,-83.6,70
80.14142,20.715252,0.0,-25.610247,7.324655,0.0,8.400000000000006,34.20000000000002,70
94.564384,47.05925,0.0,-64.361404,-80.6422,0.0,95.20000000000002,-80.7,70
-50.64527,59.809082,0.0,79.61732,21.86218,0.0,-23.799999999999997,35.099999999999994,70
-92.245316,-82.36478,0.0,96.61735,29.905941,0.0,-81.8,17.80000000000001,70
1.6370015,-47.455738,0.0,-34.733227,-20.43945,0.0,-24.700000000000003,-37.199999999999996,70
-38.919365,44.77567,0.0,-51.41564,80.209114,0.0,-39.4,73.70000000000002,70
-38.487167,-63.341362,0.0,-6.5629277,-39.661503,0.0,-38.5,-50.3,70
-8.057885,-86.55534,0.0,28.883347,-49.882492,0.0,-17.0,-87.8,70
30.34752,98.10595,0.0,68.567894,-48.81571,0.0,37.099999999999994,81.4,70
-46.47757,46.230324,0.0,-45.714767,-78.421,0.0,-41.4,-16.5,70
-53.7001,-76.84077,0.0,-91.7639,-17.705553,0.0,-82.3,-99.8,70
-12.593171,27.961048,0.0,53.945538,77.06593,0.0,54.5,27.900000000000006,70
-84.1846,37.455708,0.0,-79.47126,66.26469,0.0,-85.8,51.599999999999994,70
-76.22316,5.103009,0.0,-45.049667,69.07031,0.0,-37.199999999999996,20.30000000000001,70
-43.045483,9.351933,0.0,-96.105286,99.408875,0.0,-45.699999999999996,74.10000000000002,70
-91.176765,38.828377,0.0,-16.14346,-47.207108,0.0,-76.5,9.200000000000003,70
24.448027,-15.47823,0.0,96.5342,-36.739384,0.0,-0.09999999999999432,-48.9,70
-87.86812,30.392225,0.0,11.864536,-85.65117,0.0,-82.5,-84.2,70
75.388725,5.068511,0.0,73.90437,23.542864,0.0,74.60000000000002,14.300000000000011,70
20.019688,77.173225,0.0,60.350536,46.304386,0.0,59.0,81.0,70
42.455944,-41.489353,0.0,86.47056,33.583344,0.0,50.20000000000002,-54.0,70
-97.35269,69.6108,0.0,62.180897,69.629906,0.0,-100.0,68.4,70
-26.53005,-9.150439,0.0,36.25492,-47.45732,0.0,-35.0,-30.799999999999997,70
-50.410763,62.87054,0.0,59.636417,-37.620358,0.0,62.10000000000002,29.400000000000006,70
-87.67772,-71.19586,0.0,97.30705,-94.66711,0.0,-84.1,-84.1,70
-43.914505,-14.724078,0.0,-7.9348035,77.075806,0.0,-37.3,84.30000000000001,70
-33.68761,38.655716,0.0,-44.189392,-68.18516,0.0,-44.199999999999996,-2.5999999999999943,70
-47.393467,-11.708617,0.0,-41.648945,-96.51644,0.0,-43.099999999999994,-56.4,70
89.411224,93.06389,0.0,48.61818,90.4052,0.0,69.10000000000002,92.70000000000002,70
-84.207306,-20.701971,0.0,-85.78739,24.28938,0.0,-87.8,1.6000000000000085,70
-95.65179,81.89356,0.0,-2.647232,19.93071,0.0,-78.7,34.0,70
22.855558,3.2937381,0.0,46.583145,24.92783,0.0,22.80000000000001,32.599999999999994,70
-36.314766,57.23063,0.0,32.809566,-95.33437,0.0,-35.0,-78.9,70
-93.873116,24.803314,0.0,18.083055,-20.592703,0.0,23.5,-36.9,70
-7.0401287,93.625305,0.0,59.295628,-30.735998,0.0,59.30000000000001,80.60000000000002,70
7.4536247,95.598976,0.0,96.65718,-67.0454,0.0,96.70000000000002,75.20000000000002,70
-18.21006,-50.22854,0.0,-52.187824,77.853874,0.0,-30.5,-13.599999999999994,70
-77.54781,44.239285,0.0,0.9241027,16.271109,0.0,-84.7,32.400000000000006,70
66.53523,30.98636,0.0,60.197258,-94.90417,0.0,59.70000000000002,-33.8,70
97.60258,29.160364,0.0,-35.09056,-15.675823,0.0,-28.299999999999997,23.400000000000006,70
16.190784,27.322462,0.0,26.888136,-86.16642,0.0,30.400000000000006,-83.7,70
-48.743896,-98.710655,0.0,-13.0042515,24.37033,0.0,-32.599999999999994,6.300000000000011,70
98.584755,-66.598854,0.0,-37.11306,-72.85312,0.0,-30.5,-92.3,70
12.492191,81.88431,0.0,-46.28848,33.788246,0.0,-33.39999999999999,82.20000000000002,70
86.34639,93.06641,0.0,37.60216,-41.44714,0.0,81.20000000000002,87.30000000000001,70
44.670082,83.989525,0.0,-54.892868,29.913013,0.0,16.200000000000003,78.80000000000001,70
-74.66901,-94.52298,0.0,11.721645,15.186837,0.0,-31.099999999999994,-73.4,70
-80.9316,-14.296716,0.0,-31.333881,-16.878002,0.0,-32.39999999999999,-37.0,70
53.278942,-87.739845,0.0,-36.776882,36.70918,0.0,-23.599999999999994,-84.5,70
72.412224,84.24085,0.0,-50.893616,4.4743986,0.0,39.099999999999994,51.900000000000006,70
-11.367074,-43.134754,0.0,11.467266,-89.83261,0.0,-5.099999999999994,-93.4,70
90.70196,-99.16488,0.0,11.473757,8.253116,0.0,72.10000000000002,-92.9,70
93.17406,-66.97781,0.0,13.431495,77.342354,0.0,99.9,0.0,70
-38.689323,-60.182667,0.0,96.7815,18.095491,0.0,-28.200000000000003,37.70000000000002,70
81.613045,97.86355,0.0,68.74669,-10.413542,0.0,60.400000000000006,77.20000000000002,70
11.497229,-44.604774,0.0,56.993805,-26.370678,0.0,57.0,-51.0,70
-97.2681,89.598915,0.0,-87.07514,-9.1879225,0.0,-92.7,40.0,70
-87.76684,21.380882,0.0,6.0106654,86.97259,0.0,-82.2,81.20000000000002,70
92.23611,55.3082,0.0,90.39662,-92.32043,0.0,100.0,-79.1,70
95.89446,-42.81474,0.0,-65.95975,-98.90521,0.0,96.5,-74.0,70
-97.64381,-2.281804,0.0,69.26808,53.377644,0.0,-77.1,24.0,70
-57.022903,-96.9339,0.0,-28.243778,-83.38751,0.0,-42.699999999999996,-91.1,70
-47.060997,-30.418297,0.0,64.175224,-86.716446,0.0,54.900000000000006,-61.599999999999994,70
-83.165665,-30.142933,0.0,26.63705,77.96747,0.0,-83.3,78.80000000000001,70
-92.41079,59.545532,0.0,97.20065,73.80957,0.0,-75.8,65.60000000000002,70
67.06066,67.589935,0.0,26.35097,10.331892,0.0,10.900000000000006,36.5,70
71.25581,8.0131,0.0,9.903142,-94.286934,0.0,39.599999999999994,-77.4,70
-33.759804,33.917118,0.0,-32.03501,-65.366325,0.0,-50.099999999999994,-15.099999999999994,70
54.296608,-43.950836,0.0,-73.501595,-96.91792,0.0,-11.299999999999997,-56.599999999999994,70
-17.90765,-95.43367,0.0,37.121677,25.779686,0.0,-12.5,-99.9,70
-47.168564,-42.58148,0.0,52.9146,53.97918,0.0,-28.89999999999999,-32.89999999999999,70
-38.575825,-40.5118,0.0,-51.98119,98.62688,0.0,-43.5,69.9,70
92.507484,-34.17104,0.0,-32.74959,37.386227,0.0,-34.89999999999999,57.80000000000001,70
90.17866,-63.597034,0.0,-97.026245,-59.523476,0.0,-85.3,-79.2,70
-10.967512,99.89182,0.0,-12.529087,-42.08853,0.0,-80.2,41.20000000000002,70
96.91831,-40.539265,0.0,26.634975,16.010265,0.0,96.80000000000001,23.5,70
-52.93987,21.06064,0.0,-75.57093,-94.04449,0.0,-24.700000000000003,-74.1,70
-14.506483,9.761725,0.0,-81.831764,1.3170123,0.0,-82.3,11.700000000000003,70
84.53117,85.39287,0.0,22.3051,-54.131207,0.0,30.200000000000017,81.4,70
12.091793,-88.0172,0.0,26.200962,85.346344,0.0,29.700000000000017,82.10000000000002,70
6.0621285,-87.71881,0.0,-2.325845,25.035185,0.0,23.60000000000001,4.6000000000000085,70
-89.0462,-83.96752,0.0,-84.53986,70.43496,0.0,-92.0,-39.0,70
-35.287846,17.594494,0.0,-42.416683,-18.208681,0.0,-40.599999999999994,0.30000000000001137,70
69.21896,81.6655,0.0,78.90035,-94.80439,0.0,45.70000000000002,-78.2,70
90.94006,45.892857,0.0,-43.514744,19.99201,0.0,95.30000000000001,33.099999999999994,70
55.979794,-78.73433,0.0,-32.32,-29.045517,0.0,58.900000000000006,-64.5,70
-38.721886,58.831066,0.0,-49.502655,32.918,0.0,-44.8,45.400000000000006,70
-48.52701,61.72137,0.0,64.1437,46.510612,0.0,-46.199999999999996,71.10000000000002,70
-34.865566,-18.05493,0.0,68.151665,42.619408,0.0,-38.0,-20.799999999999997,70
-46.077274,78.84939,0.0,-43.46823,4.7362876,0.0,-39.699999999999996,41.900000000000006,70
-36.148006,52.093582,0.0,95.003265,58.938847,0.0,95.4,66.10000000000002,70
94.73148,-5.870044,0.0,-32.098106,-82.351944,0.0,95.30000000000001,-82.4,70
9.019232,-33.854607,0.0,3.746559,-82.29177,0.0,37.400000000000006,-84.1,70
14.857571,-25.771812,0.0,-78.56936,95.80345,0.0,-98.5,42.400000000000006,70
96.54886,-6.365732,0.0,68.7069,-12.337902,0.0,96.60000000000002,-13.399999999999991,70
52.55631,-63.34348,0.0,-35.286324,2.309817,0.0,-14.599999999999994,-75.5,70
-27.268139,-93.17538,0.0,-45.702938,32.34458,0.0,-37.8,-77.0,70
28.258224,3.9930494,0.0,52.983177,-96.31372,0.0,13.600000000000009,-75.7,70
23.198463,2.2146518,0.0,61.592075,8.436904,0.0,25.400000000000006,-1.8999999999999915,70
-81.32557,4.601591,0.0,-91.809845,0.40992752,0.0,-90.9,2.700000000000003,70
-76.54232,-60.423595,0.0,-40.46599,-7.3652744,0.0,-28.89999999999999,-26.299999999999997,70
-98.493706,-34.330887,0.0,65.89913,-96.49169,0.0,-77.6,-75.7,70
-30.267042,-84.27095,0.0,57.502007,30.616478,0.0,57.5,-84.3,70
-90.7892,62.355907,0.0,-54.52706,76.11923,0.0,-73.4,100.0,70
-24.216106,88.80472,0.0,-37.476955,38.762352,0.0,-41.599999999999994,81.10000000000002,70
-66.21399,90.382996,0.0,-39.680557,88.87397,0.0,-53.0,90.4,70
-92.78837,-55.3993,0.0,-80.05034,42.68789,0.0,-92.8,-4.599999999999994,70
54.72092,-80.16839,0.0,85.02721,30.306295,0.0,69.80000000000001,-8.199999999999989,70
-5.8941607,28.160242,0.0,-51.676575,-32.486187,0.0,-31.700000000000003,0.8000000000000114,70
50.09181,40.096848,0.0,-23.635414,-28.877998,0.0,-39.4,11.300000000000011,70
87.802315,-92.76499,0.0,-34.2312,2.4301243,0.0,-28.39999999999999,-77.8,70
56.318104,82.12166,0.0,-43.58041,82.092926,0.0,3.700000000000003,95.70000000000002,70
62.993687,99.72004,0.0,22.18152,97.62522,0.0,42.599999999999994,98.70000000000002,70
-51.928894,-0.9373197,0.0,62.55233,93.668106,0.0,58.0,56.30000000000001,70
19.683805,5.7127233,0.0,29.85527,-13.658268,0.0,-4.199999999999989,30.200000000000017,70
-46.547775,-85.3387,0.0,-8.480671,34.486374,0.0,-35.5,-21.299999999999997,70
-2.1625872,-83.0237,0.0,-53.523712,-58.372005,0.0,-15.0,-83.1,70
-82.487434,16.952919,0.0,59.497913,-16.06588,0.0,-88.5,56.0,70
58.49322,-49.986782,0.0,-82.08621,51.571133,0.0,-82.1,-32.2,70
7.271959,-86.56717,0.0,42.160393,95.354256,0.0,7.0,-79.8,70
56.86428,-55.797054,0.0,-45.739403,16.932959,0.0,59.5,33.30000000000001,70
-39.631542,20.347757,0.0,-68.41686,86.51277,0.0,-47.699999999999996,82.80000000000001,70
-96.29009,97.35549,0.0,-73.19935,85.58025,0.0,-84.8,91.5,70
-45.53497,-68.16929,0.0,90.32874,90.619804,0.0,-16.5,80.9,70
-32.41338,38.477184,0.0,46.7091,29.742443,0.0,-42.0,29.400000000000006,70
-87.8708,84.74559,0.0,-83.002914,34.36663,0.0,-89.2,60.30000000000001,70
-47.471207,-23.21729,0.0,94.28804,-55.984425,0.0,94.30000000000001,-72.1,70
-41.560665,14.813761,0.0,23.770344,-15.247633,0.0,13.800000000000011,24.5,70
-22.538927,22.60735,0.0,-75.890045,-20.50184,0.0,-41.0,-15.799999999999997,70
-52.71901,21.461487,0.0,-27.256899,-99.963425,0.0,-28.0,-77.2,70
28.09962,-39.41958,0.0,-46.140427,-15.556221,0.0,-16.89999999999999,-36.9,70
-20.961334,2.100018,0.0,17.146053,-81.939384,0.0,10.0,-95.8,70
86.27543,5.959838,0.0,-69.30845,99.63495,0.0,33.400000000000006,70.9,70
77.41304,14.723829,0.0,-8.886468,29.949627,0.0,57.400000000000006,23.900000000000006,70
54.321808,-13.149049,0.0,59.217537,42.71822,0.0,62.400000000000006,10.200000000000003,70
-96.07065,29.243238,0.0,-53.436085,24.850721,0.0,-76.3,12.200000000000003,70
57.006134,21.086275,0.0,-6.3290763,-88.901955,0.0,57.0,-81.5,70
61.882042,-77.07283,0.0,-94.663925,-46.763725,0.0,-80.7,-100.0,70
-15.683656,-91.12654,0.0,-82.58787,-33.506546,0.0,-82.6,-79.1,70
8.945431,27.506935,0.0,4.464627,18.390274,0.0,8.700000000000003,22.30000000000001,70
50.65172,48.595352,0.0,1.8827587,-41.75324,0.0,2.1000000000000085,-41.9,70
-25.357609,-29.690485,0.0,-79.82625,6.1562567,0.0,-79.8,-28.299999999999997,70
-15.76502,93.83957,0.0,-43.563957,-83.42985,0.0,-28.0,79.70000000000002,70
21.665922,14.799034,0.0,-78.44089,-98.58077,0.0,23.5,-73.7,70
50.05107,17.828426,0.0,95.90865,45.840794,0.0,97.0,27.80000000000001,70
-53.535374,-68.648056,0.0,-43.051228,25.204906,0.0,-35.0,-17.89999999999999,70
-46.812027,26.231417,0.0,-32.20273,-37.58229,0.0,-42.4,-6.299999999999997,70
-7.4895067,-99.3292,0.0,-79.23146,38.843147,0.0,-79.7,-52.699999999999996,70
53.766724,-94.4536,0.0,-83.44495,-32.20265,0.0,-83.5,-76.8,70
-11.268241,-30.557806,0.0,62.032112,64.764626,0.0,57.10000000000002,-41.599999999999994,70
78.562416,8.950826,0.0,18.932232,-38.512547,0.0,25.900000000000006,41.900000000000006,70
-29.373571,98.16723,0.0,26.722454,-90.714775,0.0,-69.2,-80.9,70
-97.481,91.22531,0.0,98.10914,57.814713,0.0,98.10000000000002,83.0,70
-16.482859,95.3679,0.0,53.040794,59.32885,0.0,53.20000000000002,80.30000000000001,70
-5.490954,-41.70584,0.0,-5.032499,33.19164,0.0,-8.199999999999989,-43.099999999999994,70
-92.483536,97.74363,0.0,-57.809772,-97.62347,0.0,-80.2,-80.1,70
1.5697883,-83.74323,0.0,94.03782,21.458677,0.0,100.0,-83.8,70
-31.591366,-47.95907,0.0,51.981064,12.304842,0.0,-7.699999999999989,-49.5,70
11.412832,77.53924,0.0,91.11595,-41.960545,0.0,51.20000000000002,82.10000000000002,70
-94.70606,-46.363636,0.0,-90.83851,-47.43525,0.0,-93.4,-47.0,70
20.88437,-33.114292,0.0,62.19425,19.795897,0.0,24.10000000000001,37.5,70
-85.422966,-3.2222,0.0,-93.95419,53.246727,0.0,-90.8,25.0,70
-84.64609,73.06011,0.0,-77.9047,-76.69783,0.0,-95.3,-39.699999999999996,70
49.430923,21.595808,0.0,-87.58801,70.97249,0.0,-83.0,41.5,70
49.416897,98.37401,0.0,61.47438,-43.40671,0.0,55.900000000000006,78.0,70
69.44039,17.506807,0.0,-64.79374,-85.03928,0.0,43.30000000000001,-85.1,70
82.27895,-97.80455,0.0,-54.500732,-77.887634,0.0,43.400000000000006,-96.1,70
-13.769541,21.25547,0.0,59.36001,7.3016148,0.0,59.0,32.099999999999994,70
-32.155922,-7.799992,0.0,47.31378,30.681124,0.0,-29.0,9.300000000000011,70
-51.442024,-97.14153,0.0,-74.467316,97.81676,0.0,-26.200000000000003,72.70000000000002,70
91.0992,-62.04258,0.0,-83.07864,36.51452,0.0,-83.1,46.5,70
50.701332,-87.73522,0.0,-98.13263,-68.25663,0.0,-77.4,-87.0,70
55.29348,55.225018,0.0,59.4944,52.865208,0.0,59.70000000000002,54.0,70
-80.07622,53.541748,0.0,-84.93,-92.76964,0.0,-95.7,15.100000000000009,70
71.86134,-96.698044,0.0,10.649277,-42.866917,0.0,47.80000000000001,-52.099999999999994,70
-40.290226,3.0280118,0.0,-79.24909,68.856346,0.0,-97.1,41.900000000000006,70
57.846672,-87.6531,0.0,-58.080822,-77.341286,0.0,-22.19999999999999,-100.0,70
17.57993,-91.293465,0.0,-53.847122,-66.43936,0.0,-2.0999999999999943,-89.6,70
20.504898,88.451935,0.0,-46.389885,-64.94201,0.0,-12.299999999999997,82.30000000000001,70
23.018625,31.625116,0.0,71.50763,4.1013336,0.0,50.599999999999994,21.10000000000001,70
47.02733,-83.01664,0.0,-91.67214,-41.249985,0.0,-81.1,-83.0,70
21.372946,21.328934,0.0,96.95644,40.74183,0.0,98.60000000000002,47.5,70
18.052088,-33.061707,0.0,-30.841347,-90.44329,0.0,-45.5,-58.9,70
16.397203,17.105135,0.0,-44.349,95.466896,0.0,-37.599999999999994,29.900000000000006,70
33.242805,-42.777794,0.0,3.7695527,23.525818,0.0,31.099999999999994,-18.599999999999994,70
-76.55499,3.5102375,0.0,96.45517,-74.0091,0.0,100.0,-94.2,70
52.015587,-40.247856,0.0,-32.64054,-63.747196,0.0,71.10000000000002,-63.3,70
-44.53561,-10.127556,0.0,-77.56532,36.684975,0.0,-44.3,11.700000000000003,70
29.337984,29.020174,0.0,-81.301025,89.90149,0.0,-88.2,28.900000000000006,70
52.545853,2.1879265,0.0,3.1527383,-48.021282,0.0,57.70000000000002,-46.8,70
22.408798,-83.25724,0.0,-54.117847,-32.86626,0.0,-10.599999999999994,-82.8,70
67.73228,-80.65349,0.0,78.53833,31.377747,0.0,48.400000000000006,-46.3,70
-25.85564,-19.320251,0.0,66.580795,-50.081524,0.0,-22.89999999999999,-33.89999999999999,70
-75.28491,-47.924885,0.0,98.068214,34.353287,0.0,49.099999999999994,-10.899999999999991,70
-99.94055,51.522774,0.0,39.767746,33.77401,0.0,-70.5,15.100000000000009,70
-39.20483,-71.437164,0.0,65.127525,93.6999,0.0,-22.799999999999997,82.30000000000001,70
-81.53914,-90.71693,0.0,52.38205,4.827468,0.0,60.900000000000006,-80.9,70
-79.69918,39.668053,0.0,-2.1314068,-36.693848,0.0,-79.8,-26.0,70
-45.86783,14.299424,0.0,24.66329,-35.58715,0.0,-26.700000000000003,-34.8,70
-81.86652,-38.489895,0.0,-39.307606,49.452545,0.0,-54.0,-6.8999999999999915,70
-54.364914,59.612865,0.0,77.17273,-85.10056,0.0,54.20000000000002,-81.5,70
4.239649,-85.0506,0.0,52.50928,31.95183,0.0,70.10000000000002,-84.6,70
23.292158,82.29163,0.0,69.82127,-28.2397,0.0,37.30000000000001,86.5,70
63.716934,-69.16834,0.0,-33.365795,60.417034,0.0,58.0,-39.0,70
-66.01174,-79.48891,0.0,97.199066,-24.782862,0.0,97.20000000000002,-79.9,70
96.73478,-51.017784,0.0,-20.177343,-89.10876,0.0,96.80000000000001,-82.0,70
-22.410168,-76.218315,0.0,19.10018,-28.43321,0.0,-18.799999999999997,-46.699999999999996,70
36.324333,-53.206432,0.0,10.767064,87.293015,0.0,50.20000000000002,91.60000000000002,70
19.441301,-40.31225,0.0,27.841967,-92.37648,0.0,30.200000000000017,-64.3,70
-95.67472,-95.85534,0.0,57.229527,-68.16336,0.0,57.30000000000001,-80.7,70
-37.274914,48.435734,0.0,12.3020315,13.8161545,0.0,-37.4,35.20000000000002,70
-85.8744,43.04206,0.0,-21.607027,76.52809,0.0,-83.3,91.9,70
-99.901215,41.5262,0.0,52.361885,-41.008842,0.0,-79.7,55.20000000000002,70
-96.63807,-96.39574,0.0,-93.657364,-60.517563,0.0,-95.3,-78.5,70
-81.16695,31.812767,0.0,-46.6076,-42.52631,0.0,-43.699999999999996,-10.399999999999991,70
-57.452515,-79.57763,0.0,-33.354763,-38.12791,0.0,-55.099999999999994,-82.8,70
29.107464,-30.261179,0.0,-91.31296,97.87154,0.0,-74.6,81.0,70
25.172691,3.4062335,0.0,78.60874,21.96512,0.0,25.10000000000001,31.599999999999994,70
17.491123,30.258732,0.0,-96.304985,-59.212254,0.0,-80.3,-20.799999999999997,70
-12.408822,80.64455,0.0,-93.34559,52.12619,0.0,-78.7,80.70000000000002,70
17.277802,96.74439,0.0,51.30142,74.52275,0.0,75.20000000000002,89.9,70
28.958391,95.58423,0.0,74.16451,6.1009555,0.0,45.400000000000006,79.80000000000001,70
11.772286,83.45458,0.0,-49.905647,-15.551017,0.0,-22.5,83.4,70
-43.421967,32.82534,0.0,-13.661601,-51.02408,0.0,-35.599999999999994,-5.3999999999999915,70
-47.29773,-9.371119,0.0,-2.59653,15.898945,0.0,-23.5,18.200000000000003,70
77.42407,33.969532,0.0,97.22394,-98.50156,0.0,100.0,-20.5,70
95.71521,94.76531,0.0,9.661792,-75.95839,0.0,41.20000000000002,84.10000000000002,70
-26.072475,-23.796026,0.0,-52.865635,37.100918,0.0,-47.5,1.7000000000000028,70
-25.792648,77.5403,0.0,1.0285946,12.83391,0.0,-12.0,39.5,70
24.11783,3.1135597,0.0,21.87121,16.707571,0.0,19.80000000000001,10.400000000000006,70
54.38446,-88.58753,0.0,-43.68759,-45.873356,0.0,-37.5,-83.0,70
-94.66252,10.864518,0.0,-22.612701,-51.823177,0.0,-78.8,-5.299999999999997,70
53.067047,91.59013,0.0,-91.85267,88.84357,0.0,-40.8,92.70000000000002,70
61.70904,75.454765,0.0,88.06928,-89.90544,0.0,61.70000000000002,-85.0,70
-88.600716,45.128567,0.0,-4.0156937,-31.423735,0.0,-82.4,67.30000000000001,70
-47.43692,5.5635858,0.0,-44.669018,-96.09801,0.0,-40.3,-48.599999999999994,70
77.04505,-89.078476,0.0,57.797184,-78.0143,0.0,67.70000000000002,-88.6,70
51.495857,-93.77687,0.0,-93.71303,46.795033,0.0,-78.2,-77.5,70
-9.681697,-99.91932,0.0,-49.852604,5.8352017,0.0,-20.099999999999994,-75.6,70
-7.8801436,99.14473,0.0,-37.087738,-65.80285,0.0,-31.799999999999997,79.70000000000002,70
-94.15739,-57.904835,0.0,55.665863,-20.273869,0.0,-75.5,-60.699999999999996,70
29.302248,96.914856,0.0,36.422302,34.243065,0.0,-2.0,75.9,70
32.321514,80.93858,0.0,95.22754,-7.9747987,0.0,95.30000000000001,81.0,70
7.2299066,-47.506275,0.0,56.924778,84.87813,0.0,58.900000000000006,-47.5,70
-53.3472,-56.485703,0.0,-81.69232,85.846725,0.0,-22.5,83.10000000000002,70
-93.73207,-7.877521,0.0,-91.72613,75.822815,0.0,-93.5,33.900000000000006,70
78.71132,80.18947,0.0,68.224174,-20.663311,0.0,65.0,83.5,70
64.63073,-47.80736,0.0,35.078274,34.611675,0.0,53.20000000000002,-20.69999999999999,70
-48.22971,94.08566,0.0,1.7033406,-95.55728,0.0,-25.0,-81.4,70
48.158237,-42.391994,0.0,-18.675056,-39.067623,0.0,22.400000000000006,-51.8,70
63.148754,-36.963215,0.0,49.000195,-54.398777,0.0,61.80000000000001,-39.8,70
1.8564377,-89.72368,0.0,-36.897556,-89.5813,0.0,-17.69999999999999,-91.2,70
-74.25129,93.99149,0.0,74.21644,78.33505,0.0,-32.2,93.20000000000002,70
11.27333,20.210138,0.0,-26.548054,98.08501,0.0,-61.5,29.900000000000006,70
65.833496,48.735603,0.0,-52.286694,-36.869118,0.0,44.5,30.700000000000017,70
63.32847,39.106766,0.0,99.26599,-28.530123,0.0,98.0,-14.599999999999994,70
-13.065969,82.512314,0.0,71.42676,-96.081604,0.0,6.6000000000000085,85.0,70
-76.526215,5.4489408,0.0,-37.01316,-25.096313,0.0,-34.599999999999994,13.600000000000009,70
-94.92397,43.963486,0.0,-44.823956,25.895937,0.0,-76.8,62.60000000000002,70
49.646374,-43.490925,0.0,92.11972,-81.515884,0.0,74.20000000000002,-83.1,70
-62.508,84.00552,0.0,-70.974144,-86.03624,0.0,-68.3,93.5,70
11.185595,-50.09313,0.0,-64.50496,-76.92058,0.0,-66.19999999999999,-36.4,70
-11.415654,-98.31797,0.0,88.93917,76.80656,0.0,86.60000000000002,-70.8,70
2.9110405,77.66743,0.0,53.42549,-87.2388,0.0,74.70000000000002,79.30000000000001,70
79.38437,8.294713,0.0,-3.572601,95.416,0.0,39.30000000000001,75.70000000000002,70
-76.7311,-17.103205,0.0,84.43724,18.275846,0.0,50.80000000000001,-5.199999999999989,70
60.246048,-54.204685,0.0,67.51923,76.972824,0.0,59.30000000000001,88.20000000000002,70
-91.29632,82.52313,0.0,-52.364967,62.672935,0.0,-52.099999999999994,88.70000000000002,70
64.65031,-79.7186,0.0,-51.88584,1.8081126,0.0,41.099999999999994,-85.3,70
-22.578613,79.83844,0.0,93.54174,-36.96566,0.0,93.60000000000002,80.30000000000001,70
41.693386,-78.66387,0.0,-38.815655,-44.4368,0.0,-39.4,-78.8,70
26.587614,-78.87911,0.0,37.335297,-90.04895,0.0,32.400000000000006,-90.5,70
-50.726185,-21.575274,0.0,-41.98955,-40.515488,0.0,-40.699999999999996,-29.5,70
-38.942787,-34.34992,0.0,-51.222897,-7.6273136,0.0,-42.4,-21.299999999999997,70
-24.111689,-41.807217,0.0,-5.0088286,-98.59943,0.0,-57.8,-66.8,70
94.4131,61.860046,0.0,-32.703545,55.69131,0.0,99.9,68.60000000000002,70
94.20644,-15.180841,0.0,53.10751,2.8808663,0.0,94.30000000000001,4.700000000000003,70
-93.89973,41.84679,0.0,-9.787835,-36.71087,0.0,-78.6,-9.599999999999994,70
43.304203,89.71637,0.0,-48.49965,-48.590427,0.0,2.6000000000000085,79.20000000000002,70
-34.119007,49.55212,0.0,-79.22562,-72.43161,0.0,-77.4,42.5,70
90.26712,-62.76664,0.0,90.731,47.53699,0.0,100.0,-62.199999999999996,70
72.59229,89.986176,0.0,-2.873033,21.300322,0.0,42.599999999999994,31.5,70
75.20399,23.494078,0.0,-75.31277,-69.15612,0.0,56.900000000000006,-2.5999999999999943,70
73.89504,-98.76552,0.0,-18.73912,28.211243,0.0,-58.8,-71.5,70
50.11203,19.244709,0.0,27.377178,94.9981,0.0,21.700000000000003,97.30000000000001,70
93.44633,-49.734913,0.0,-42.226147,-95.93344,0.0,94.9,-75.8,70
-54.511833,-87.74608,0.0,30.138454,-85.10353,0.0,-12.099999999999994,-87.3,70
97.05093,-18.087996,0.0,6.9028974,82.09745,0.0,96.70000000000002,82.10000000000002,70
-37.7941,87.99814,0.0,51.821774,-62.371185,0.0,13.900000000000006,86.0,70
51.53262,13.287545,0.0,69.04149,-35.98495,0.0,58.80000000000001,-28.89999999999999,70
-16.411062,22.797058,0.0,68.608345,50.76206,0.0,38.80000000000001,28.80000000000001,70
28.434967,75.81718,0.0,54.82099,-39.18675,0.0,63.5,-14.799999999999997,70
20.01383,77.24991,0.0,-42.71143,92.72949,0.0,-14.099999999999994,91.20000000000002,70
-30.160875,93.632225,0.0,13.05116,30.106737,0.0,-54.0,30.099999999999994,70
72.58087,11.518293,0.0,18.92004,3.7990546,0.0,26.30000000000001,41.30000000000001,70
81.654655,82.60303,0.0,57.000854,77.81471,0.0,70.60000000000002,82.70000000000002,70
-21.179543,22.95722,0.0,92.000374,-5.5677314,0.0,90.80000000000001,31.5,70
-80.3086,-87.492096,0.0,19.216232,-31.637403,0.0,-88.9,-65.4,70
-48.71203,-38.59751,0.0,65.65526,-61.174664,0.0,42.099999999999994,-54.9,70
68.98793,-83.32538,0.0,-44.901016,-69.236145,0.0,-34.2,-86.5,70
90.63485,34.515385,0.0,24.772192,-24.378674,0.0,24.5,-13.0,70
-32.25267,80.18571,0.0,94.73014,82.56476,0.0,21.900000000000006,98.0,70
64.48356,47.588207,0.0,-83.92733,16.870731,0.0,-91.7,26.400000000000006,70
94.62563,-21.441154,0.0,95.19845,-40.219315,0.0,100.0,-32.5,70
69.9006,-52.625385,0.0,62.26194,-19.548752,0.0,56.20000000000002,-49.099999999999994,70
-87.347534,39.193615,0.0,-90.04917,67.774185,0.0,-90.1,53.5,70
85.93642,28.232601,0.0,18.899286,-87.37602,0.0,50.0,10.900000000000006,70
9.577095,89.75393,0.0,62.56835,-87.19062,0.0,54.900000000000006,85.0,70
-75.30531,11.697451,0.0,53.037968,45.71279,0.0,67.4,44.20000000000002,70
-51.055897,2.226602,0.0,53.520767,-20.0259,0.0,53.70000000000002,31.599999999999994,70
90.70521,60.01372,0.0,-51.32931,-20.769894,0.0,27.5,66.20000000000002,70
-77.8206,-75.770706,0.0,-40.01067,71.34294,0.0,-52.4,-97.5,70
1.0279349,97.612305,0.0,-96.21453,4.3717384,0.0,-78.6,66.80000000000001,70
5.464252,95.398445,0.0,-31.613523,33.51561,0.0,-47.699999999999996,79.5,70
-24.345467,-35.551582,0.0,-35.561897,50.519943,0.0,-44.699999999999996,-7.3999999999999915,70
97.58142,14.858677,0.0,90.73085,57.57288,0.0,100.0,23.200000000000003,70
-87.55911,44.450672,0.0,72.86458,91.87982,0.0,-83.9,81.80000000000001,70
51.53537,13.622159,0.0,57.192204,76.47233,0.0,62.60000000000002,47.0,70
-78.592415,79.7631,0.0,-84.48404,24.83185,0.0,-91.2,58.60000000000002,70
64.80332,-17.32489,0.0,-26.247873,-87.48733,0.0,40.099999999999994,-80.9,70
-82.711555,83.001816,0.0,-77.24217,88.427956,0.0,-80.5,87.5,70
56.10771,-47.033222,0.0,-93.45986,-70.20814,0.0,-81.1,-49.0,70
-43.317482,75.285095,0.0,-56.162914,-78.79198,0.0,-43.4,-89.7,70
-50.27994,-66.90687,0.0,97.51679,-60.25575,0.0,96.60000000000002,-84.5,70
-86.21126,91.30919,0.0,41.057014,-87.49884,0.0,-84.3,-84.4,70
65.03006,-37.98042,0.0,-81.74245,82.62767,0.0,48.0,82.70000000000002,70
26.923029,-24.325884,0.0,-75.83419,11.887634,0.0,8.5,17.5,70
6.553295,-32.758545,0.0,94.430405,-32.498394,0.0,94.30000000000001,-72.3,70
-37.71472,-5.214035,0.0,20.261234,34.816795,0.0,-22.89999999999999,19.700000000000003,70
13.204911,34.103634,0.0,-33.94093,18.60333,0.0,-13.199999999999989,21.200000000000003,70
53.95683,89.84856,0.0,-77.06765,-93.96204,0.0,69.5,-77.8,70
91.15545,52.29094,0.0,-86.34165,-80.48699,0.0,-78.8,-88.1,70
-93.72071,-87.43458,0.0,17.422989,-39.388306,0.0,-77.7,-51.199999999999996,70
98.30037,-64.793785,0.0,-91.1558,-36.9867,0.0,100.0,-63.8,70
67.3134,-52.845978,0.0,97.60365,-25.10986,0.0,100.0,-35.599999999999994,70
45.671135,-50.00228,0.0,-76.582085,-16.95831,0.0,-87.3,-22.5,70
26.497593,76.18411,0.0,-5.4599752,-90.61275,0.0,41.099999999999994,-82.7,70
-4.7327437,-77.85618,0.0,-11.027355,28.68768,0.0,-82.5,-80.3,70
2.2489524,13.918879,0.0,-32.634727,-42.39355,0.0,-36.199999999999996,22.60000000000001,70
93.00179,-24.377584,0.0,72.8221,79.778015,0.0,100.0,81.20000000000002,70
94.827255,32.128933,0.0,9.950888,-32.65403,0.0,54.30000000000001,5.1000000000000085,70
42.062634,-42.084015,0.0,50.619186,47.89276,0.0,78.30000000000001,-51.3,70
-48.276497,-65.77957,0.0,-87.662834,6.1842265,0.0,-92.1,-5.8999999999999915,70
-78.997505,52.371277,0.0,48.53793,-46.184986,0.0,-79.6,-44.099999999999994,70
9.986702,-33.3618,0.0,-47.94146,-24.957552,0.0,-9.0,-43.9,70
-89.91655,90.02849,0.0,9.655205,-39.096497,0.0,-80.8,-33.7,70
-42.95948,-91.82662,0.0,-81.71013,-49.36928,0.0,-81.7,-81.4,70
-94.37905,-43.967262,0.0,48.53753,95.50869,0.0,-77.6,79.70000000000002,70
59.029053,-11.790205,0.0,-41.865093,-3.5165882,0.0,-38.4,-47.4,70
-40.94172,38.11847,0.0,-48.50306,-49.710793,0.0,-40.199999999999996,-3.3999999999999915,70
-45.89531,30.670422,0.0,-14.075236,-39.50617,0.0,-37.5,-24.0,70
-87.276924,-54.84145,0.0,-8.408564,-46.66961,0.0,-79.4,-45.699999999999996,70
-97.01699,-74.19006,0.0,97.84523,-53.695885,0.0,-84.1,-86.0,70
97.90356,98.24325,0.0,66.388756,-60.670982,0.0,66.30000000000001,77.60000000000002,70
39.500065,82.866745,0.0,32.454483,82.77252,0.0,35.20000000000002,88.80000000000001,70
50.02398,-82.33372,0.0,77.77572,-83.427605,0.0,64.10000000000002,-84.1,70
-2.607885,-33.272594,0.0,-99.32097,93.75975,0.0,-73.7,-39.599999999999994,70
-37.354317,-51.84187,0.0,67.70377,14.4544325,0.0,52.70000000000002,-41.8,70
-80.21688,-85.437225,0.0,41.284157,91.07509,0.0,-89.7,81.5,70
-41.053654,-75.345726,0.0,-96.566475,-98.54809,0.0,-60.199999999999996,-94.9,70
-98.28524,44.560467,0.0,-98.65574,-29.758066,0.0,-98.6,7.400000000000006,70
-3.430506,-40.30484,0.0,-9.776853,76.80298,0.0,27.10000000000001,-32.2,70
21.9204,-21.092337,0.0,-43.9564,-83.28904,0.0,-32.599999999999994,-73.4,70
-41.877846,92.99159,0.0,84.93626,-87.736435,0.0,-33.89999999999999,-84.6,70
14.75114,-37.996376,0.0,-82.90641,-30.088545,0.0,-82.9,-44.9,70
-61.1566,82.11493,0.0,-79.753044,-91.632935,0.0,-94.7,82.20000000000002,70
90.82329,-83.61754,0.0,-86.503815,37.744137,0.0,-85.4,-83.6,70
20.700037,33.544994,0.0,16.435303,-50.640522,0.0,19.60000000000001,-8.0,70
-49.848198,50.057354,0.0,-99.84939,-20.26478,0.0,-84.7,35.5,70
-49.231922,19.589127,0.0,19.74467,88.14129,0.0,-26.5,84.30000000000001,70
-4.917191,30.398586,0.0,88.051,2.0891593,0.0,69.20000000000002,23.5,70
66.93073,-0.9828177,0.0,57.57075,21.365545,0.0,57.70000000000002,20.400000000000006,70
-54.523327,44.254795,0.0,64.59164,49.04311,0.0,47.400000000000006,59.400000000000006,70
85.910805,88.62883,0.0,13.508118,-84.25096,0.0,53.20000000000002,76.5,70
-45.052444,-91.21741,0.0,68.8356,20.349041,0.0,46.20000000000002,-79.1,70
42.757072,-96.07288,0.0,-73.14674,-86.31251,0.0,-14.799999999999997,-92.5,70
77.87816,4.6426706,0.0,-96.62288,-11.999501,0.0,-67.5,-9.0,70
-57.637573,-81.05045,0.0,-82.510284,-81.233765,0.0,-73.2,-87.2,70
-50.22697,-32.6022,0.0,59.881565,77.91821,0.0,59.900000000000006,-50.4,70
89.042694,12.566904,0.0,64.41758,-32.848015,0.0,62.20000000000002,9.800000000000011,70
-35.70766,54.935093,0.0,-45.71705,99.20892,0.0,-47.4,80.5,70
-7.773489,-96.97028,0.0,-41.1507,49.54677,0.0,-28.299999999999997,-79.0,70
27.387314,-99.654,0.0,-84.4028,31.66636,0.0,-84.4,-71.7,70
81.55282,-99.73473,0.0,-49.733154,96.6754,0.0,-24.0,-75.0,70
-75.69374,54.81195,0.0,-96.101204,46.567257,0.0,-100.0,72.10000000000002,70
14.925006,79.0528,0.0,-17.587708,-39.251915,0.0,25.700000000000003,-39.0,70
-31.496984,74.17669,0.0,-27.721397,17.149393,0.0,-53.599999999999994,37.400000000000006,70
55.22784,-11.174497,0.0,44.42926,88.52849,0.0,57.400000000000006,81.60000000000002,70
-90.91147,-29.70249,0.0,67.240906,96.79818,0.0,-81.3,77.80000000000001,70
22.469784,20.800766,0.0,-78.492516,35.477325,0.0,-79.1,32.599999999999994,70
-43.948727,64.770485,0.0,-98.430695,33.582108,0.0,-57.4,50.599999999999994,70
50.71074,36.73825,0.0,96.18824,4.2330685,0.0,85.70000000000002,36.099999999999994,70
8.265901,-86.33976,0.0,-98.6323,-94.372,0.0,-45.4,-91.8,70
-94.09284,47.54894,0.0,44.888077,34.06476,0.0,-75.7,2.200000000000003,70
-80.47467,46.712044,0.0,82.48743,31.361828,0.0,-80.6,25.0,70
15.533884,-48.727047,0.0,-49.614548,-88.01479,0.0,-31.200000000000003,-48.0,70
85.48131,6.0381017,0.0,61.16189,26.314518,0.0,72.80000000000001,17.0,70
99.7448,46.854282,0.0,-92.79081,-90.8269,0.0,99.70000000000002,-80.1,70
49.43943,79.13002,0.0,-48.850758,25.41196,0.0,-26.599999999999994,83.5,70
95.31617,99.46736,0.0,0.8373164,-76.00438,0.0,86.70000000000002,73.70000000000002,70
-3.6597872,97.84932,0.0,6.6937475,31.074764,0.0,-16.299999999999997,82.9,70
25.020887,-54.92536,0.0,-8.171358,96.628654,0.0,0.6000000000000085,82.0,70
28.50861,2.155004,0.0,98.45772,40.534363,0.0,97.80000000000001,64.5,70
-92.48923,38.742016,0.0,14.759544,-81.28756,0.0,-78.8,-81.3,70
-83.43847,-92.43483,0.0,40.9779,-78.45396,0.0,-30.299999999999997,-95.3,70
-96.434685,47.367023,0.0,61.021343,79.314804,0.0,-74.6,97.5,70
43.86231,-97.31456,0.0,5.173146,-82.7833,0.0,25.700000000000003,-93.3,70
24.735239,81.186455,0.0,49.19605,83.01775,0.0,37.099999999999994,86.4,70
58.645252,77.68535,0.0,-38.01758,-44.932884,0.0,58.70000000000002,-49.0,70
-79.68293,-71.7477,0.0,-26.844427,-97.94078,0.0,-79.7,-84.7,70
73.52454,82.978,0.0,42.100666,92.61155,0.0,57.5,91.0,70
50.18989,36.37741,0.0,9.886885,-97.094444,0.0,2.4000000000000057,-90.5,70
-47.492508,-35.715363,0.0,-11.974114,-53.247875,0.0,-26.5,-41.099999999999994,70
26.18046,-97.7826,0.0,36.484356,-41.20825,0.0,13.100000000000009,-91.8,70
47.954296,33.359074,0.0,-60.193184,-89.422874,0.0,-96.7,-71.2,70
-46.623154,20.26425,0.0,91.22523,-14.842742,0.0,95.4,32.80000000000001,70
-70.97211,-78.629944,0.0,15.895259,29.288216,0.0,29.099999999999994,-78.9,70
-75.120384,17.644026,0.0,-78.32176,-75.293655,0.0,-96.6,-41.0,70
-33.31592,71.12605,0.0,10.78668,84.100044,0.0,-35.8,84.10000000000002,70
90.00945,9.159994,0.0,82.54719,-94.80212,0.0,64.0,-82.8,70
-75.89715,-16.196627,0.0,-43.977367,93.93161,0.0,-76.7,79.4,70
50.886703,-21.323458,0.0,-83.650665,95.23317,0.0,-63.6,89.60000000000002,70
99.863144,23.252584,0.0,96.18931,63.25592,0.0,100.0,37.599999999999994,70
18.36349,16.635313,0.0,-42.301228,73.967575,0.0,-38.099999999999994,29.599999999999994,70
95.1774,-78.97947,0.0,-30.066563,-24.504723,0.0,96.70000000000002,-78.6,70
66.06848,26.810026,0.0,44.238316,32.844246,0.0,55.30000000000001,22.400000000000006,70
76.21761,-86.3343,0.0,-17.100597,94.59454,0.0,-35.89999999999999,78.70000000000002,70
35.43846,82.87779,0.0,0.05837052,34.90388,0.0,35.599999999999994,82.9,70
-30.292332,-83.7824,0.0,28.316336,-31.065586,0.0,-13.5,-85.5,70
28.098667,-53.839767,0.0,-21.781874,1.4269979,0.0,21.900000000000006,-28.0,70
-52.46769,-90.51786,0.0,-56.73752,-80.414345,0.0,-56.0,-94.5,70
77.13798,20.137112,0.0,-22.3691,-76.38526,0.0,49.80000000000001,25.5,70
12.758475,25.940641,0.0,-4.6075125,-80.916504,0.0,34.80000000000001,-82.9,70
23.258295,-82.413635,0.0,-2.3780384,-89.66238,0.0,10.300000000000011,-89.4,70
75.37034,75.29339,0.0,53.726414,70.69119,0.0,100.0,98.10000000000002,70
-24.76399,-86.00217,0.0,95.39671,-80.58241,0.0,57.20000000000002,-96.5,70
-89.59021,-79.68085,0.0,-75.5808,-71.321815,0.0,-100.0,-50.699999999999996,70
-81.28694,62.23091,0.0,52.539402,42.17509,0.0,-81.4,30.700000000000017,70
-31.91123,86.92625,0.0,0.3504812,31.001017,0.0,-55.3,31.0,70
-59.49678,83.499756,0.0,-43.17622,90.696045,0.0,-51.0,89.4,70
-34.08619,-53.24362,0.0,51.209694,62.715855,0.0,-30.0,46.80000000000001,70
-95.681206,41.514793,0.0,94.24632,-0.6045576,0.0,-71.2,46.70000000000002,70
23.25295,82.3679,0.0,-80.65243,32.521126,0.0,-81.5,82.4,70
16.759926,-33.278255,0.0,96.290695,-21.299585,0.0,18.10000000000001,-30.700000000000003,70
-91.19662,56.919815,0.0,-23.087086,98.623955,0.0,-80.6,77.20000000000002,70
-11.007256,-51.0288,0.0,-43.194088,14.858296,0.0,-35.599999999999994,-19.0,70
-27.492525,-93.88773,0.0,-42.234417,-19.72677,0.0,-38.699999999999996,-75.0,70
74.660675,11.285798,0.0,-89.03083,-74.54721,0.0,-89.6,-54.5,70
-65.529396,-89.738495,0.0,24.219355,-54.48487,0.0,-54.4,-89.5,70
-48.788994,-32.585884,0.0,68.51952,1.6518505,0.0,48.20000000000002,-49.5,70
-86.90681,34.12284,0.0,-95.74685,-24.350195,0.0,-92.0,4.900000000000006,70
-41.702995,80.6869,0.0,25.604685,-50.886444,0.0,-39.0,-20.89999999999999,70
89.23534,-92.38918,0.0,-44.65542,82.52315,0.0,-27.200000000000003,-80.3,70
77.282265,12.960407,0.0,86.36839,79.34901,0.0,39.099999999999994,79.4,70
49.46849,-77.3578,0.0,-53.996387,-52.659348,0.0,25.80000000000001,-90.1,70
11.096395,28.453552,0.0,-71.15825,-83.858925,0.0,-26.700000000000003,-89.2,70
-57.03159,-84.79352,0.0,44.278866,-82.3775,0.0,-6.0,-86.5,70
-73.50628,-85.42991,0.0,90.432945,94.66844,0.0,33.099999999999994,100.0,70
77.762474,19.88864,0.0,42.596203,-81.314896,0.0,61.20000000000002,12.100000000000009,70
77.463234,22.66024,0.0,-40.97105,-55.25646,0.0,-30.299999999999997,34.30000000000001,70
57.27742,-33.620068,0.0,52.598614,-77.1855,0.0,66.5,-45.5,70
97.773,-88.54794,0.0,-40.038826,31.02153,0.0,-25.299999999999997,-82.3,70
-76.08752,-79.96556,0.0,92.5178,79.72594,0.0,100.0,-80.0,70
-85.76371,21.797827,0.0,-81.809784,-3.1396706,0.0,-85.8,9.200000000000003,70
18.196888,-82.57862,0.0,-54.176094,-59.12582,0.0,-13.5,-87.3,70
-93.26948,7.2514706,0.0,95.70825,-35.280216,0.0,97.20000000000002,21.30000000000001,70
67.46612,-31.815516,0.0,-18.62834,-46.059513,0.0,43.20000000000002,-48.0,70
69.631096,-26.44647,0.0,-74.31341,99.77552,0.0,-9.299999999999997,68.4,70
-67.946,88.56804,0.0,86.28409,81.88593,0.0,-23.89999999999999,88.60000000000002,70
90.19143,13.701253,0.0,-25.805983,28.94814,0.0,55.20000000000002,25.30000000000001,70
76.35502,83.77306,0.0,75.24096,25.56661,0.0,38.900000000000006,60.10000000000002,70
-40.496243,73.466324,0.0,-93.11062,43.305565,0.0,-74.8,97.9,70
-33.109245,93.04593,0.0,58.947792,39.516357,0.0,58.900000000000006,80.4,70
29.015137,80.60483,0.0,-8.83716,18.9823,0.0,-6.599999999999994,26.60000000000001,70
6.2973533,99.94733,0.0,-92.63948,78.375015,0.0,-56.4,96.9,70
-90.99934,40.28945,0.0,13.232336,-83.08689,0.0,-80.0,-83.1,70
-46.84115,26.519482,0.0,-53.012157,7.041441,0.0,-44.9,19.10000000000001,70
39.19061,33.543034,0.0,-41.11252,-34.275078,0.0,-34.7,1.4000000000000057,70
76.565475,25.077255,0.0,-91.44493,51.787228,0.0,-80.8,31.700000000000017,70
-87.79063,6.7699156,0.0,75.47887,95.38012,0.0,-83.7,78.70000000000002,70
77.70196,30.302013,0.0,-26.031534,-46.388443,0.0,48.5,-48.099999999999994,70
-75.519966,-50.959675,0.0,-97.59815,20.246523,0.0,-100.0,-43.4,70
77.86582,86.95258,0.0,-79.700645,78.74092,0.0,-55.8,91.70000000000002,70
29.084867,85.347206,0.0,31.737646,-47.80857,0.0,78.4,-48.199999999999996,70
-21.366903,78.078606,0.0,18.670094,-13.475236,0.0,-4.099999999999994,86.9,70
-34.963062,-56.69829,0.0,43.75871,24.858528,0.0,-25.5,28.400000000000006,70
25.06522,-35.36516,0.0,-33.251827,58.937244,0.0,-42.4,-34.099999999999994,70
-0.5683624,-85.015366,0.0,80.50733,98.45912,0.0,23.5,80.70000000000002,70
28.879314,-29.997986,0.0,-83.005264,0.893975,0.0,-83.0,-2.5,70
67.50321,-69.336716,0.0,-44.528057,-12.813186,0.0,36.900000000000006,-78.7,70
-34.181175,56.4006,0.0,-81.39831,6.8094177,0.0,-78.3,35.099999999999994,70
-2.4857833,11.223101,0.0,-21.49931,97.04885,0.0,-59.5,54.20000000000002,70
35.748447,79.588425,0.0,25.2776,-26.066895,0.0,20.200000000000003,-12.0,70
-46.36586,-9.464218,0.0,91.82759,-61.439514,0.0,-39.199999999999996,13.400000000000006,70
33.33641,-78.0804,0.0,-0.9743693,-45.9631,0.0,17.80000000000001,-40.4,70
-21.246777,98.79377,0.0,-26.020405,-53.920826,0.0,-27.39999999999999,81.20000000000002,70
-89.79992,59.571465,0.0,-47.89845,-18.095839,0.0,-72.7,34.400000000000006,70
-19.784492,33.716434,0.0,27.216518,7.3437724,0.0,-17.599999999999994,16.700000000000003,70
-81.82364,-21.383173,0.0,97.52174,-62.88665,0.0,97.60000000000002,-82.2,70
-91.40988,-92.920616,0.0,96.47256,15.173644,0.0,100.0,-78.3,70
-81.98104,77.87957,0.0,-27.119814,-29.853937,0.0,-66.6,90.9,70
-20.882996,-46.94012,0.0,1.769016,-79.34009,0.0,4.400000000000006,-87.9,70
59.41832,73.7301,0.0,-30.4723,-11.7354765,0.0,-15.199999999999989,59.900000000000006,70
68.871506,25.365938,0.0,20.723312,-41.78847,0.0,23.60000000000001,29.5,70
-21.826733,-99.61183,0.0,21.873936,24.522007,0.0,23.0,-74.2,70
91.32056,7.6181154,0.0,-20.902916,-22.925953,0.0,76.30000000000001,16.60000000000001,70
56.26903,-29.41792,0.0,-26.77405,33.46479,0.0,60.70000000000002,-5.3999999999999915,70
52.72286,95.95628,0.0,53.722088,-54.487747,0.0,69.4,44.80000000000001,70
-42.167747,-78.71839,0.0,-67.04652,-85.09745,0.0,-48.9,-87.0,70
-95.70342,4.232704,0.0,54.92626,72.66225,0.0,-79.2,-30.5,70
-11.647544,-92.13514,0.0,-52.009,-25.258667,0.0,-20.69999999999999,-80.1,70
-5.1360292,85.47234,0.0,-31.519102,50.278034,0.0,-50.9,86.0,70
-60.433384,89.52924,0.0,-52.555035,59.319077,0.0,-30.299999999999997,77.30000000000001,70
93.631386,-60.973587,0.0,21.46413,-6.5363746,0.0,93.5,-44.4,70
-43.93752,80.31912,0.0,-91.48708,-26.088535,0.0,-78.8,88.9,70
21.701578,12.008547,0.0,-75.42017,-67.383675,0.0,21.700000000000003,-1.0999999999999943,70
97.752716,-16.07035,0.0,63.346313,15.664412,0.0,97.80000000000001,10.0,70
-30.148582,5.792298,0.0,62.19124,-70.93617,0.0,56.60000000000002,46.70000000000002,70
93.10566,-43.68405,0.0,-44.983826,-99.767746,0.0,100.0,-73.6,70
50.341236,-86.49617,0.0,-86.70085,34.282917,0.0,-84.6,-83.7,70
-78.4241,-28.814682,0.0,99.86244,12.443473,0.0,56.10000000000002,26.60000000000001,70
-44.66497,-75.03595,0.0,-22.034575,-33.742813,0.0,-36.8,-55.5,70
4.0136127,86.490715,0.0,-38.512257,-35.27469,0.0,-41.3,84.60000000000002,70
93.53228,-50.325523,0.0,-20.676317,-30.63928,0.0,93.80000000000001,-70.0,70
24.141802,31.0564,0.0,-94.63436,41.19692,0.0,-78.7,21.200000000000003,70
29.070814,-88.52223,0.0,27.681183,-12.77373,0.0,17.5,-82.7,70
57.175625,14.078941,0.0,-52.177704,-0.38777173,0.0,57.10000000000002,33.30000000000001,70
67.44699,79.26004,0.0,21.147223,-5.1710978,0.0,38.599999999999994,81.30000000000001,70
-81.71275,36.843124,0.0,-95.18809,17.1104,0.0,-90.3,26.60000000000001,70
75.774536,79.0962,0.0,50.621346,-40.978233,0.0,98.5,84.80000000000001,70
-28.248981,28.339293,0.0,-29.01873,-38.526073,0.0,-39.099999999999994,-10.299999999999997,70
5.3476443,16.492624,0.0,52.075394,-70.68377,0.0,76.0,38.70000000000002,70
-67.37721,86.839226,0.0,-8.711734,89.68517,0.0,-38.0,89.70000000000002,70
-29.7876,77.68848,0.0,-92.27385,-92.53661,0.0,-78.9,75.0,70
-26.89968,-76.71899,0.0,78.753334,29.501732,0.0,33.0,-93.5,70
-82.9647,-54.9844,0.0,-49.900066,21.823751,0.0,-39.099999999999994,-46.699999999999996,70
-86.40382,8.028877,0.0,-0.59231555,94.516884,0.0,-85.2,68.0,70
-12.782351,-83.34482,0.0,7.5966725,78.35535,0.0,-26.39999999999999,-82.0,70
-15.883026,-51.82029,0.0,-85.78971,-72.03036,0.0,-83.9,-40.199999999999996,70
87.78403,-81.76005,0.0,59.571686,28.992126,0.0,60.900000000000006,-81.9,70
-28.128868,-35.351936,0.0,69.61685,89.96401,0.0,44.20000000000002,80.80000000000001,70
67.086235,-71.64818,0.0,-87.53112,-79.66574,0.0,4.400000000000006,-100.0,70
-27.903782,-51.195942,0.0,-96.321686,-91.076996,0.0,-76.2,-53.599999999999994,70
-48.205765,90.4686,0.0,-94.393105,-56.038906,0.0,-78.8,81.70000000000002,70
21.966599,27.590881,0.0,-80.03779,36.258297,0.0,-82.3,27.5,70
-16.571247,-83.215195,0.0,71.51214,16.886843,0.0,36.0,-91.4,70
-20.341484,91.20619,0.0,20.24672,91.44825,0.0,-0.09999999999999432,91.5,70
-14.300231,84.41581,0.0,64.66635,-37.00813,0.0,49.099999999999994,84.4,70
63.81427,39.823845,0.0,44.255398,-44.39378,0.0,54.60000000000002,-49.699999999999996,70
79.28194,-99.982704,0.0,1.6483704,-88.72152,0.0,40.400000000000006,-94.4,70
55.390713,88.39128,0.0,22.941341,-78.54491,0.0,20.900000000000006,85.0,70
-71.07414,-78.66408,0.0,34.510025,-54.5825,0.0,24.10000000000001,-97.3,70
87.27054,-86.035355,0.0,-39.42167,66.600945,0.0,-33.3,-85.0,70
-77.2366,80.11508,0.0,57.42093,91.435196,0.0,-26.099999999999994,91.4,70
-92.92258,-34.3261,0.0,-84.84972,-12.144927,0.0,-90.6,-23.39999999999999,70
-76.384766,67.51051,0.0,98.597374,99.15681,0.0,-78.2,89.10000000000002,70
-83.44948,46.299393,0.0,-47.670776,-42.116573,0.0,-34.5,27.30000000000001,70
97.83472,72.56485,0.0,-19.311945,7.1047215,0.0,97.80000000000001,71.9,70
27.226288,82.178734,0.0,32.04281,-95.39504,0.0,41.099999999999994,-85.1,70
-59.825172,85.78742,0.0,94.768105,-50.57014,0.0,94.80000000000001,85.60000000000002,70
7.0803895,-88.12058,0.0,96.62678,-2.5546982,0.0,96.70000000000002,-83.3,70
28.056684,12.101526,0.0,-99.13961,-71.90506,0.0,-75.3,-63.199999999999996,70
92.67123,56.868935,0.0,-38.212315,33.088554,0.0,8.900000000000006,12.200000000000003,70
-90.89861,86.844315,0.0,87.21034,30.88611,0.0,-82.0,30.80000000000001,70
82.150475,34.037968,0.0,-82.98766,-79.0402,0.0,-84.1,-3.3999999999999915,70
56.363773,84.19045,0.0,69.25801,97.19572,0.0,62.900000000000006,91.30000000000001,70
-80.24258,81.21945,0.0,-21.20689,-40.524746,0.0,-73.3,83.5,70
99.48012,80.082275,0.0,-85.17957,21.755545,0.0,-85.2,85.10000000000002,70
-37.298546,32.310165,0.0,14.964474,97.36536,0.0,-38.5,78.9,70
38.5708,82.80443,0.0,-49.04207,-9.600881,0.0,-26.0,83.0,70
-23.228529,-81.52135,0.0,-93.80677,-16.896896,0.0,-76.3,-80.9,70
13.690829,90.17557,0.0,66.77586,-51.755695,0.0,41.70000000000002,84.60000000000002,70
-39.96859,-72.47959,0.0,-4.9145727,-49.834614,0.0,-39.9,-47.199999999999996,70
50.45274,1.6461033,0.0,-7.1662297,-44.04046,0.0,28.400000000000006,-26.0,70
-2.5622623,95.50979,0.0,-86.740555,-68.88331,0.0,-83.4,68.4,70
-17.78764,9.498882,0.0,3.1792483,31.167112,0.0,-8.599999999999994,16.80000000000001,70
-91.98574,33.415184,0.0,-89.32702,-35.63695,0.0,-91.9,-1.0999999999999943,70
-94.817406,-13.307617,0.0,95.51755,-95.71255,0.0,-79.2,-75.3,70
-77.44296,-93.40515,0.0,60.070415,-24.103893,0.0,56.60000000000002,-77.2,70
58.58341,99.66976,0.0,14.534422,96.40447,0.0,36.5,98.10000000000002,70
-91.903564,-10.205346,0.0,-98.11028,-97.59494,0.0,-95.3,-54.0,70
56.205246,95.173935,0.0,-16.87299,-82.883644,0.0,60.5,-83.0,70
23.058542,-35.049267,0.0,90.74498,15.633253,0.0,23.0,35.599999999999994,70
97.55555,69.50276,0.0,74.71903,16.154316,0.0,97.80000000000001,29.80000000000001,70
-98.14134,22.231606,0.0,98.33402,-32.116558,0.0,-82.6,22.30000000000001,70
10.049918,-38.14677,0.0,-63.897114,-94.15961,0.0,-16.69999999999999,-51.599999999999994,70
-86.92803,77.90944,0.0,27.487686,-38.31837,0.0,-81.6,79.5,70
-91.19345,-13.703595,0.0,-40.24008,-46.247997,0.0,-64.69999999999999,-13.899999999999991,70
18.281675,97.80393,0.0,-84.12938,-42.21811,0.0,-84.1,72.60000000000002,70
-90.71652,50.135937,0.0,-0.33695576,-80.36599,0.0,-79.6,-80.5,70
51.2181,28.39037,0.0,-76.24073,87.36365,0.0,78.4,81.4,70
96.69246,59.71236,0.0,-88.809044,-88.186844,0.0,96.70000000000002,-83.1,70
-90.92189,33.298126,0.0,-3.8161356,-95.09937,0.0,-79.9,-66.3,70
-11.0592575,9.419232,0.0,58.75552,73.31633,0.0,63.10000000000002,62.70000000000002,70
-76.09067,96.31836,0.0,60.590294,75.54843,0.0,48.80000000000001,94.10000000000002,70
67.21134,-21.205732,0.0,22.495472,29.543293,0.0,48.5,24.400000000000006,70
60.736866,74.51122,0.0,-48.541264,-70.94731,0.0,-29.700000000000003,55.900000000000006,70
-24.135418,26.69679,0.0,42.920036,97.22086,0.0,85.10000000000002,28.200000000000017,70
95.033035,81.94733,0.0,-64.49339,-85.706245,0.0,95.80000000000001,-85.6,70
-80.169556,8.827329,0.0,20.060051,-5.066419,0.0,-88.2,-10.299999999999997,70
-0.7168552,26.74246,0.0,-45.528366,-89.851166,0.0,-34.8,4.200000000000003,70
56.147083,-81.07801,0.0,38.79317,97.43448,0.0,61.70000000000002,79.5,70
-45.87237,-48.554256,0.0,-25.35806,-2.2967854,0.0,-41.4,-23.299999999999997,70
-47.17791,76.21156,0.0,-48.20561,15.886794,0.0,-40.8,45.80000000000001,70
26.875923,-86.16821,0.0,-32.502716,70.85765,0.0,-32.599999999999994,-85.2,70
15.637232,-13.828672,0.0,19.345444,6.1727557,0.0,22.80000000000001,-4.199999999999989,70
-84.68108,-51.698006,0.0,-20.6334,87.26995,0.0,-83.9,82.10000000000002,70
-14.542787,-45.704628,0.0,62.359375,-20.709234,0.0,55.80000000000001,-48.8,70
-24.007637,-90.7677,0.0,16.007263,-77.94861,0.0,-11.899999999999991,-93.3,70
23.849009,-97.32908,0.0,91.011955,47.311382,0.0,68.4,-83.4,70
-45.031578,-90.60892,0.0,76.30909,88.12887,0.0,-23.099999999999994,84.70000000000002,70
-94.50338,12.570294,0.0,-86.40903,3.9433131,0.0,-91.6,8.300000000000011,70
-98.45699,91.82431,0.0,-69.35928,-86.02639,0.0,-79.7,-85.9,70
-60.90458,-91.724464,0.0,8.758109,-24.885378,0.0,-1.7999999999999972,-78.6,70
94.4713,53.110275,0.0,61.445362,-92.87403,0.0,94.60000000000002,-83.6,70
-78.499344,19.94897,0.0,75.877426,80.10403,0.0,-80.3,81.70000000000002,70
69.915245,-19.182169,0.0,-48.175983,-27.0018,0.0,-17.099999999999994,-52.599999999999994,70
-83.68993,0.991622,0.0,98.48784,10.691134,0.0,-83.6,29.599999999999994,70
-51.614426,-50.42647,0.0,-31.996529,59.89049,0.0,-47.8,9.100000000000009,70
-86.53531,29.66932,0.0,82.81498,3.6839905,0.0,-91.3,37.0,70
-97.27153,-2.3258433,0.0,-36.64784,98.16769,0.0,-76.0,75.30000000000001,70
52.92243,78.924484,0.0,74.17484,29.961199,0.0,78.5,29.599999999999994,70
-79.89896,-70.750114,0.0,54.172005,-51.690426,0.0,-87.2,-36.699999999999996,70
-77.83733,-95.939705,0.0,9.8588705,27.674282,0.0,-94.0,-22.799999999999997,70
-75.07635,32.70484,0.0,94.07273,24.541685,0.0,56.5,24.30000000000001,70
46.507557,96.01934,0.0,55.150723,-44.651688,0.0,68.60000000000002,70.20000000000002,70
1.319603,-91.98458,0.0,8.593778,98.81455,0.0,-33.099999999999994,-74.8,70
66.0866,64.68713,0.0,13.17615,-37.151947,0.0,51.0,-60.5,70
-54.88663,-30.246939,0.0,-35.60854,-77.78862,0.0,-36.5,-58.699999999999996,70
26.40043,20.751526,0.0,12.649309,-35.048702,0.0,17.30000000000001,-30.89999999999999,70
-9.155584,11.9503975,0.0,-42.370556,-45.191116,0.0,-35.2,14.900000000000006,70
15.646995,86.183685,0.0,61.61904,27.021936,0.0,57.60000000000002,83.4,70
-50.09455,-90.457214,0.0,-50.682835,74.727844,0.0,-34.099999999999994,-58.599999999999994,70
-43.85032,-95.14067,0.0,23.268663,-11.089327,0.0,-4.299999999999997,-79.8,70
77.392105,88.15579,0.0,54.52982,16.410221,0.0,71.30000000000001,82.30000000000001,70
90.97126,-96.43335,0.0,-96.8895,-6.1062355,0.0,-77.6,-74.7,70
55.86278,67.31119,0.0,57.50944,-36.852123,0.0,63.80000000000001,21.30000000000001,70
85.465965,88.61109,0.0,-38.88296,-84.63765,0.0,-30.89999999999999,84.4,70
-11.869905,-96.93527,0.0,-89.96171,34.429153,0.0,-78.8,-50.8,70
-97.31481,-60.567024,0.0,97.78964,-80.02301,0.0,-79.6,-85.2,70
24.377743,-46.27408,0.0,96.69602,-56.879723,0.0,94.20000000000002,-49.0,70
40.154484,-42.199577,0.0,63.62644,-76.349075,0.0,51.20000000000002,-63.9,70
62.89961,32.715458,0.0,-53.0008,10.154613,0.0,46.099999999999994,25.30000000000001,70
-47.17546,-97.93671,0.0,5.481795,29.800488,0.0,-34.39999999999999,2.0,70
-97.61747,5.040344,0.0,95.71145,40.49723,0.0,-70.0,13.200000000000003,70
61.78037,-37.08123,0.0,-60.473515,-97.51431,0.0,54.900000000000006,-75.0,70
-27.688213,24.512486,0.0,-78.85231,-31.754875,0.0,-78.6,-20.5,70
-7.0972037,95.21811,0.0,-31.970245,-6.243456,0.0,-43.0,79.9,70
-86.26635,-24.24062,0.0,-22.169544,81.209915,0.0,-83.9,80.4,70
-88.3346,-45.39844,0.0,-80.88265,82.04738,0.0,-98.9,17.400000000000006,70
71.60843,13.598387,0.0,41.71237,-51.955723,0.0,48.5,-41.9,70
-85.485725,-41.883,0.0,2.2048125,-43.207146,0.0,-81.8,-37.199999999999996,70
2.8531985,82.33599,0.0,17.821613,-6.8580046,0.0,-8.5,81.10000000000002,70
61.603428,-27.293993,0.0,64.72711,-55.18094,0.0,57.60000000000002,-41.4,70
6.2821994,-29.170515,0.0,11.50026,-25.52445,0.0,12.100000000000009,-45.099999999999994,70
-97.62714,13.831333,0.0,-75.32719,80.82216,0.0,-95.9,67.10000000000002,70
-60.390102,95.224266,0.0,96.69401,75.26683,0.0,88.60000000000002,89.60000000000002,70
73.66298,34.56229,0.0,-77.393486,-93.88757,0.0,-53.599999999999994,-100.0,70
-9.010423,-41.17135,0.0,53.364056,-53.621967,0.0,65.10000000000002,-53.199999999999996,70
57.57767,-5.1695704,0.0,52.120277,-0.20358503,0.0,57.60000000000002,-2.6999999999999886,70
70.96592,96.343636,0.0,86.12331,1.938885,0.0,51.80000000000001,63.0,70
92.44003,53.234272,0.0,-64.671974,-96.1918,0.0,92.60000000000002,-75.4,70
33.635597,-47.424717,0.0,94.76953,-10.62811,0.0,75.10000000000002,-47.5,70
-92.447136,46.313572,0.0,-85.2194,-87.16077,0.0,-94.5,-22.099999999999994,70
66.92004,87.717964,0.0,14.695627,89.326004,0.0,40.599999999999994,89.80000000000001,70
71.540276,14.711438,0.0,-87.33674,65.72362,0.0,-90.7,32.70000000000002,70
58.275146,-46.2728,0.0,20.008076,-82.185295,0.0,60.900000000000006,-82.3,70
-37.827225,-59.417824,0.0,2.6269956,10.646673,0.0,-30.39999999999999,-30.89999999999999,70
53.306355,-35.8778,0.0,19.200283,-25.025646,0.0,25.80000000000001,-22.799999999999997,70
-84.093475,14.959847,0.0,-76.149635,-93.11812,0.0,-95.0,-62.3,70
-96.97479,-6.865869,0.0,-13.834582,91.41746,0.0,-75.1,66.70000000000002,70
-52.632626,-17.63859,0.0,80.97627,24.495686,0.0,10.800000000000011,29.80000000000001,70
-90.89946,-29.860943,0.0,99.58267,95.52469,0.0,-81.6,79.0,70
-66.40739,96.761154,0.0,-82.73886,76.71374,0.0,-76.6,89.0,70
76.5343,-87.11168,0.0,71.665085,93.50455,0.0,90.5,-87.2,70
58.316254,9.396019,0.0,59.92648,-59.403843,0.0,60.0,-25.099999999999994,70
1.8758389,-83.8956,0.0,42.22094,-53.877728,0.0,18.400000000000006,-94.4,70
-78.990425,-0.47062266,0.0,-44.537994,75.17418,0.0,-44.099999999999994,45.20000000000002,70
94.32098,-50.219467,0.0,24.496035,99.39656,0.0,94.30000000000001,67.60000000000002,70
-7.7443357,-30.711706,0.0,-35.247166,90.69338,0.0,-45.8,-30.599999999999994,70
-96.59669,1.5889995,0.0,27.746523,-50.05001,0.0,-78.4,-12.299999999999997,70
-0.25116032,92.90699,0.0,65.51771,-63.014725,0.0,45.400000000000006,83.10000000000002,70
-11.64504,78.19201,0.0,61.233025,35.4874,0.0,56.900000000000006,78.30000000000001,70
-82.8871,74.65174,0.0,90.37062,-55.002033,0.0,-82.9,63.80000000000001,70
-26.53945,-40.93653,0.0,-30.15145,-95.27649,0.0,-50.5,-58.5,70
63.09321,-64.88409,0.0,64.72841,28.396503,0.0,58.0,-19.0,70
-33.68082,-94.46687,0.0,-50.16251,-48.540417,0.0,-34.8,-78.0,70
20.080973,-45.304127,0.0,84.60372,-92.43801,0.0,29.400000000000006,-50.599999999999994,70
41.914375,78.02427,0.0,-9.947399,-75.88416,0.0,-38.9,13.5,70
47.19803,88.43186,0.0,72.6676,76.568245,0.0,47.20000000000002,100.0,70
19.455372,24.835043,0.0,37.071533,-41.09107,0.0,24.900000000000006,-66.6,70
-33.375633,-48.19427,0.0,93.83193,50.80551,0.0,97.30000000000001,-46.199999999999996,70
-49.54118,86.893456,0.0,63.498367,-74.75315,0.0,51.900000000000006,86.0,70
-6.9108157,-86.55831,0.0,-76.35899,56.43332,0.0,4.300000000000011,-83.3,70
27.279375,-21.235788,0.0,-50.574745,-31.843836,0.0,-12.699999999999989,-39.0,70
-65.82682,-94.22985,0.0,-98.05776,63.69812,0.0,-79.3,-80.9,70
-14.292735,-35.791477,0.0,-75.46389,-89.157394,0.0,-77.0,-78.4,70
6.8666716,22.840082,0.0,30.903147,-99.8001,0.0,43.70000000000002,-79.7,70
-1.8321954,11.965551,0.0,56.789043,-60.401695,0.0,57.20000000000002,32.599999999999994,70
-86.281654,17.916079,0.0,58.194717,70.02821,0.0,-81.9,30.0,70
54.69208,80.40735,0.0,-93.58276,24.516869,0.0,-79.9,80.60000000000002,70
-10.142842,17.713562,0.0,-85.72444,39.026924,0.0,-81.0,32.599999999999994,70
-8.531961,89.55042,0.0,-27.431768,-20.15448,0.0,-50.4,80.4,70
-31.998785,-1.0502899,0.0,-15.132411,-29.725273,0.0,-38.4,-38.199999999999996,70
-94.22137,44.356316,0.0,42.549942,-52.388397,0.0,-79.5,-6.8999999999999915,70
0.56606835,19.411604,0.0,-9.261704,-82.30922,0.0,-9.799999999999997,28.80000000000001,70
78.25559,14.7404995,0.0,-79.78429,-17.100344,0.0,23.5,37.400000000000006,70
82.92442,-93.5382,0.0,92.07197,-30.892582,0.0,92.5,-83.0,70
-91.953545,7.983906,0.0,79.8797,96.51939,0.0,-80.5,77.60000000000002,70
69.70292,99.10954,0.0,55.902042,-90.28371,0.0,68.70000000000002,79.70000000000002,70
82.165855,0.47172984,0.0,43.24371,-83.101845,0.0,57.0,-83.7,70
88.772385,-91.88381,0.0,58.480022,-69.22688,0.0,65.70000000000002,-87.9,70
71.00417,85.734726,0.0,5.295487,-43.367924,0.0,26.80000000000001,89.4,70
-6.0092115,95.62704,0.0,32.169704,33.07193,0.0,-35.099999999999994,79.30000000000001,70
89.90696,85.23041,0.0,96.22057,65.576,0.0,97.9,83.9,70
19.563864,-19.888166,0.0,-0.5130053,15.485192,0.0,25.60000000000001,12.400000000000006,70
50.758335,-12.50403,0.0,77.21517,18.24003,0.0,71.4,6.6000000000000085,70
-23.209162,80.27415,0.0,-94.408745,3.4472075,0.0,-76.7,81.20000000000002,70
71.276215,1.6757076,0.0,38.11009,-49.206627,0.0,73.10000000000002,-44.4,70
5.1094975,-75.563225,0.0,-89.86207,86.46117,0.0,-83.0,12.900000000000006,70
39.870373,83.40228,0.0,13.574313,-50.483444,0.0,35.900000000000006,82.4,70
71.29586,84.8027,0.0,-31.139484,-22.59016,0.0,-42.699999999999996,84.80000000000001,70
76.407425,-88.697495,0.0,-55.137867,88.2744,0.0,-8.0,-88.2,70
67.11997,-34.673485,0.0,18.484894,-46.804317,0.0,40.70000000000002,-48.199999999999996,70
65.059296,7.227564,0.0,50.87876,58.5727,0.0,72.70000000000002,35.70000000000002,70
-28.967066,-86.12811,0.0,-90.53999,52.82531,0.0,-80.1,-84.7,70
-96.39515,-18.708885,0.0,52.336784,98.24047,0.0,-76.3,77.20000000000002,70
1.7697996,-89.20242,0.0,61.983406,93.80305,0.0,57.20000000000002,-82.8,70
-85.10434,-51.83767,0.0,-98.62329,-16.760807,0.0,-93.4,-34.2,70
-92.27552,-71.56131,0.0,37.70901,-97.619316,0.0,-79.8,-84.4,70
-38.515327,24.96427,0.0,-99.86124,55.87834,0.0,-60.9,30.5,70
17.542572,-81.28074,0.0,33.081604,-87.353836,0.0,25.60000000000001,-90.8,70
99.263756,96.280266,0.0,-40.658184,64.18568,0.0,-40.599999999999994,81.20000000000002,70
-94.23266,42.128082,0.0,29.610159,87.36253,0.0,-78.7,84.4,70
-39.314613,18.047453,0.0,-30.258368,-2.4069722,0.0,-39.099999999999994,9.700000000000003,70
53.99671,-61.20678,0.0,-31.790398,-4.5344753,0.0,-40.4,-60.199999999999996,70
95.52516,-34.01383,0.0,86.113716,80.67764,0.0,97.80000000000001,80.80000000000001,70
75.22968,87.49007,0.0,6.8190174,98.77379,0.0,40.900000000000006,93.80000000000001,70
68.69089,-84.31099,0.0,60.226437,57.213837,0.0,59.70000000000002,-80.1,70
-50.232697,-71.75674,0.0,-38.11848,91.59791,0.0,-41.9,56.400000000000006,70
-95.44044,-70.61047,0.0,-80.210976,42.54271,0.0,-94.4,-13.399999999999991,70
-80.394,-92.63293,0.0,45.113342,-91.20447,0.0,-18.0,-92.7,70
-49.843758,-70.20982,0.0,-43.68676,78.34073,0.0,-38.699999999999996,-30.89999999999999,70
-28.730827,76.1331,0.0,-8.993799,18.015236,0.0,-49.099999999999994,28.80000000000001,70
-46.750923,20.786367,0.0,33.21174,33.91697,0.0,9.800000000000011,17.900000000000006,70
-81.74424,-67.41071,0.0,64.17102,-48.289577,0.0,-81.7,-49.599999999999994,70
76.423416,0.51399136,0.0,55.380077,-98.68537,0.0,75.70000000000002,-82.1,70
-9.458262,29.400124,0.0,52.57215,42.35049,0.0,61.70000000000002,29.099999999999994,70
12.840422,-91.46121,0.0,7.8132725,-28.544672,0.0,14.700000000000003,-76.5,70
95.16982,24.989197,0.0,-6.385121,78.37884,0.0,100.0,78.60000000000002,70
-39.584457,96.25935,0.0,-40.73314,43.94273,0.0,-43.5,73.0,70
6.7078676,10.699302,0.0,-55.220562,-98.64043,0.0,-21.5,29.900000000000006,70
-97.79676,-82.33199,0.0,-54.86599,41.78106,0.0,-96.5,4.6000000000000085,70
-80.13393,-28.515413,0.0,43.02134,87.536446,0.0,-83.3,84.10000000000002,70
-47.502476,-3.902024,0.0,-35.501392,20.246935,0.0,-41.599999999999994,8.200000000000003,70
78.96143,22.80732,0.0,82.42067,82.09292,0.0,74.20000000000002,19.900000000000006,70
72.89875,4.387569,0.0,68.304634,66.54989,0.0,53.20000000000002,40.400000000000006,70
91.35419,95.19581,0.0,-30.345575,5.763876,0.0,25.400000000000006,46.20000000000002,70
29.41507,-88.035164,0.0,-58.976692,92.36954,0.0,24.200000000000003,-87.5,70
-37.143566,22.08434,0.0,-28.002327,-37.102024,0.0,-40.5,-11.699999999999989,70
-19.8541,-51.54499,0.0,30.044249,91.941895,0.0,-49.599999999999994,82.30000000000001,70
99.45626,83.03794,0.0,56.779858,-61.494305,0.0,77.0,89.20000000000002,70
79.81503,90.53451,0.0,-79.951454,-43.89845,0.0,-80.1,82.70000000000002,70
30.626818,-49.989124,0.0,15.780574,27.382395,0.0,26.10000000000001,-41.0,70
-23.020983,-92.341805,0.0,61.788845,19.347088,0.0,57.20000000000002,-78.0,70
-15.473784,-40.073734,0.0,-36.829163,-38.657574,0.0,-26.799999999999997,-39.199999999999996,70
-95.71747,-91.931755,0.0,94.81103,41.14367,0.0,95.0,-79.5,70
-59.162663,-82.32192,0.0,-80.55767,4.732089,0.0,-81.5,-82.4,70
93.6968,-87.88848,0.0,-43.127396,77.34049,0.0,-27.299999999999997,-84.3,70
-51.107018,48.710167,0.0,98.71399,-41.30139,0.0,98.5,-34.7,70
-85.36973,-66.67911,0.0,57.04574,-32.143986,0.0,-91.0,-63.4,70
-21.879204,82.02792,0.0,68.74782,-89.037506,0.0,43.400000000000006,82.30000000000001,70
98.526436,-88.33936,0.0,12.013438,26.519733,0.0,35.80000000000001,-83.4,70
-88.98477,-79.29217,0.0,-40.920593,62.26033,0.0,-50.0,-92.1,70
80.12081,33.19619,0.0,8.470946,24.782333,0.0,24.0,19.30000000000001,70
49.19843,24.522928,0.0,-53.449947,-40.24332,0.0,-4.199999999999989,30.30000000000001,70
87.07885,18.408962,0.0,-72.83608,-90.53812,0.0,-53.699999999999996,-73.1,70
46.531673,-91.43604,0.0,-1.25919,-75.52545,0.0,15.700000000000003,-100.0,70
-13.495874,-37.83335,0.0,-20.069988,-49.344555,0.0,-17.299999999999997,-39.5,70
65.59543,76.586266,0.0,-57.513676,88.7817,0.0,25.10000000000001,92.9,70
94.96096,24.525618,0.0,-19.001804,11.711245,0.0,27.10000000000001,30.400000000000006,70
-52.504707,82.78825,0.0,-89.927505,35.252914,0.0,-82.4,82.9,70
21.651442,88.90403,0.0,8.354929,24.631338,0.0,-1.5,85.0,70
-14.447175,-53.57794,0.0,68.11787,-19.020725,0.0,48.599999999999994,-37.9,70
-35.512062,17.227112,0.0,64.33887,-72.47199,0.0,53.80000000000001,33.099999999999994,70
-52.78948,51.80091,0.0,51.641647,-20.720343,0.0,-21.099999999999994,33.599999999999994,70
-19.321262,-40.251137,0.0,-78.543594,-25.516752,0.0,-78.8,-19.5,70
93.11987,-57.28422,0.0,-54.697243,-16.370079,0.0,94.5,-46.3,70
23.446798,33.0225,0.0,-83.99654,-92.38544,0.0,-90.9,-33.89999999999999,70
-9.145675,11.420931,0.0,91.09516,60.103382,0.0,99.9,51.30000000000001,70
-54.334415,-83.079735,0.0,50.85448,-25.077332,0.0,-24.299999999999997,-73.4,70
-35.64635,-75.9611,0.0,-38.170307,-90.19571,0.0,-42.9,-84.8,70
94.029236,-38.262737,0.0,-50.585598,-44.627533,0.0,100.0,-56.599999999999994,70
-29.340166,95.177666,0.0,76.990456,19.70585,0.0,37.400000000000006,79.20000000000002,70
85.41569,-75.28056,0.0,-83.3996,-93.875305,0.0,77.5,-100.0,70
18.43176,-49.443974,0.0,-63.267662,81.67927,0.0,22.400000000000006,81.5,70
65.25084,94.48195,0.0,94.787865,-75.87834,0.0,100.0,79.70000000000002,70
69.3484,-68.36548,0.0,95.876785,6.0949726,0.0,100.0,-6.799999999999997,70
-94.64718,94.46983,0.0,59.712643,65.692635,0.0,59.70000000000002,82.9,70
-54.880096,16.314686,0.0,52.61598,-9.377442,0.0,52.70000000000002,5.200000000000003,70
-38.154476,-98.17839,0.0,96.790855,-18.60271,0.0,96.80000000000001,-73.5,70
-36.821514,56.923294,0.0,-34.15918,90.75707,0.0,-45.4,76.0,70
-94.65253,26.823503,0.0,44.896175,-80.39426,0.0,-77.5,-80.5,70
-51.816906,66.04985,0.0,-54.024353,-12.140064,0.0,-38.5,12.100000000000009,70
-26.64502,-46.99942,0.0,-34.379066,-26.867607,0.0,-30.599999999999994,-36.8,70
29.835789,7.0403624,0.0,-52.77686,-14.843614,0.0,-30.299999999999997,-7.8999999999999915,70
21.935537,-88.90638,0.0,-39.646244,76.294945,0.0,-35.3,-83.4,70
16.75287,96.90475,0.0,18.888351,-49.473576,0.0,24.200000000000003,78.30000000000001,70
62.317463,-50.41958,0.0,64.61063,-31.499296,0.0,58.70000000000002,-39.8,70
-9.673911,78.207375,0.0,53.15498,22.324965,0.0,58.10000000000002,86.5,70
-85.52636,75.86248,0.0,-36.88405,15.041586,0.0,-52.9,98.0,70
6.6245437,-29.854092,0.0,-2.3682098,-45.74434,0.0,4.400000000000006,-45.699999999999996,70
-38.58297,30.126635,0.0,50.06729,-15.250406,0.0,26.200000000000003,9.800000000000011,70
53.308098,-63.757763,0.0,74.75518,4.6477637,0.0,72.4,4.700000000000003,70
-4.5565896,11.969338,0.0,-3.087342,29.041597,0.0,3.5,24.30000000000001,70
83.811035,-83.922646,0.0,-6.023117,21.875093,0.0,10.5,-82.0,70
23.078197,5.040908,0.0,-31.308832,-57.96938,0.0,17.5,-71.7,70
1.3245573,-75.41483,0.0,-81.04312,-96.912796,0.0,3.6000000000000085,-99.6,70
-88.88906,84.4622,0.0,-79.3931,84.29922,0.0,-85.0,85.0,70
-89.10358,13.569793,0.0,-45.192284,51.05444,0.0,-82.8,22.80000000000001,70
98.708626,17.226643,0.0,73.889946,-95.31676,0.0,100.0,-82.2,70
-25.600334,-13.482528,0.0,96.554504,6.347415,0.0,44.20000000000002,27.400000000000006,70
53.39327,-75.40024,0.0,51.654716,81.00652,0.0,76.4,60.900000000000006,70
-13.9123125,76.38825,0.0,52.563877,12.806299,0.0,52.599999999999994,76.4,70
37.683086,-83.671555,0.0,91.1342,90.08132,0.0,92.0,78.5,70
-45.17906,12.27621,0.0,-91.016846,7.708579,0.0,-83.7,15.100000000000009,70
-17.947517,-87.75362,0.0,-80.591446,82.83847,0.0,-80.7,-82.5,70
-29.889278,29.878574,0.0,81.81773,-93.51008,0.0,-31.0,-77.2,70
-97.54687,9.8187275,0.0,-75.25277,61.86541,0.0,-100.0,2.200000000000003,70
-17.681952,31.651623,0.0,55.78297,50.86715,0.0,56.30000000000001,26.0,70
29.408863,-8.57173,0.0,-39.382782,-49.35903,0.0,-44.199999999999996,-37.199999999999996,70
-20.722816,-38.725933,0.0,-36.00912,70.196655,0.0,-39.199999999999996,-16.89999999999999,70
-64.92259,95.391464,0.0,-19.023527,-43.13005,0.0,-74.8,77.10000000000002,70
1.6036878,81.251434,0.0,-85.971146,-78.69528,0.0,-84.0,81.30000000000001,70
-30.672413,-33.042843,0.0,68.41407,-27.605059,0.0,33.30000000000001,-56.0,70
-36.544243,57.492393,0.0,-82.96727,1.5413982,0.0,-76.7,33.5,70
-50.13689,15.420572,0.0,73.53525,-81.509155,0.0,10.600000000000009,-81.5,70
46.993126,-91.404434,0.0,91.8588,-44.089237,0.0,100.0,-85.8,70
99.301735,12.141299,0.0,-1.695415,15.032764,0.0,45.400000000000006,32.30000000000001,70
-15.59532,-89.1387,0.0,31.165165,-86.98786,0.0,7.700000000000003,-89.2,70
-26.15577,-82.50738,0.0,-93.64049,3.1699624,0.0,-76.7,-80.8,70
99.346535,-46.01817,0.0,-41.70213,51.662346,0.0,-30.799999999999997,48.400000000000006,70
-17.885908,-93.6126,0.0,-92.13201,-1.7514588,0.0,-74.1,-53.0,70
63.99705,44.15489,0.0,16.953957,2.7466836,0.0,48.70000000000002,52.70000000000002,70
63.752068,33.625065,0.0,22.089554,-78.00741,0.0,50.70000000000002,-98.3,70
42.689438,-98.52949,0.0,-99.19052,-79.86578,0.0,-51.699999999999996,-96.4,70
52.29073,18.594187,0.0,-4.554587,20.05279,0.0,62.0,32.80000000000001,70
-53.490364,5.864154,0.0,-81.77031,-96.974686,0.0,-52.599999999999994,-76.5,70
-36.769573,69.59976,0.0,55.22853,33.180653,0.0,-36.8,5.300000000000011,70
3.8610544,-30.729311,0.0,26.914225,18.039265,0.0,15.200000000000003,-26.0,70
48.137104,93.87287,0.0,-53.911465,-24.17134,0.0,18.5,82.10000000000002,70
31.930304,26.69806,0.0,-91.76388,-90.851006,0.0,-80.6,-2.5,70
52.3188,-92.895874,0.0,-15.275226,9.989018,0.0,54.10000000000002,-90.4,70
0.5885411,20.910912,0.0,-33.36735,-31.03787,0.0,-37.599999999999994,13.400000000000006,70
-85.25399,-92.87151,0.0,-48.440075,-26.399635,0.0,-48.3,-78.8,70
84.63012,95.03444,0.0,-35.884274,68.33933,0.0,-35.89999999999999,82.70000000000002,70
55.454823,-81.02002,0.0,65.676025,-59.072937,0.0,63.5,-75.2,70
91.21525,-1.5342711,0.0,52.6578,-81.13751,0.0,100.0,-84.6,70
25.606066,-30.100256,0.0,13.595271,17.703787,0.0,21.5,6.0,70
-25.510178,-1.0235871,0.0,39.048477,-75.475945,0.0,30.099999999999994,-84.6,70
96.18355,-64.94044,0.0,89.31898,-93.391,0.0,100.0,-83.5,70
-55.271004,-81.90828,0.0,50.73232,-93.722305,0.0,2.0,-93.0,70
48.833523,-54.29279,0.0,-5.148123,22.049011,0.0,27.30000000000001,15.0,70
-50.287308,20.421474,0.0,59.585205,55.33129,0.0,59.60000000000002,37.20000000000002,70
-18.16651,78.57716,0.0,43.558,-81.69841,0.0,6.1000000000000085,79.30000000000001,70
-33.40504,31.774214,0.0,76.129166,76.16182,0.0,-45.699999999999996,52.900000000000006,70
-40.286217,20.956896,0.0,-96.959465,73.47074,0.0,-53.5,91.60000000000002,70
-52.704544,51.073013,0.0,67.4949,-52.3236,0.0,-22.5,-29.5,70
-64.46999,80.33249,0.0,-85.78069,-82.91161,0.0,-85.8,80.4,70
38.34428,-92.646194,0.0,-12.350373,-28.752459,0.0,29.099999999999994,-90.3,70
-91.64773,-92.73601,0.0,1.9394027,-97.88443,0.0,-45.0,-96.0,70
27.060894,-78.68524,0.0,-70.87668,87.34509,0.0,-100.0,61.10000000000002,70
-51.30085,-89.92169,0.0,-47.597416,-0.42906442,0.0,-36.099999999999994,-59.699999999999996,70
53.6036,77.72243,0.0,17.382568,14.329006,0.0,54.30000000000001,42.80000000000001,70
-1.2215507,22.486305,0.0,3.7046034,-85.60804,0.0,31.0,-86.5,70
-44.14597,25.70511,0.0,-93.38347,16.902246,0.0,-60.0,30.400000000000006,70
95.6299,-1.6137506,0.0,99.92641,-88.66207,0.0,100.0,-45.9,70
52.805603,-20.402887,0.0,93.565216,46.472664,0.0,93.60000000000002,31.700000000000017,70
-42.485733,59.393135,0.0,69.77352,-89.26204,0.0,-28.200000000000003,-81.7,70
16.48435,-54.62004,0.0,4.4237933,32.164238,0.0,4.400000000000006,11.800000000000011,70
-45.45562,63.184883,0.0,63.7234,-44.099438,0.0,-28.200000000000003,-54.599999999999994,70
-54.738087,-51.88618,0.0,-38.29867,55.67668,0.0,-38.199999999999996,38.70000000000002,70
-79.73381,40.160786,0.0,-39.878628,85.878174,0.0,-79.9,84.60000000000002,70
-78.19277,-66.87045,0.0,-48.529053,-8.023877,0.0,-46.8,-47.199999999999996,70
-75.42095,-27.40039,0.0,-39.7626,-4.6509056,0.0,-42.099999999999994,-17.39999999999999,70
52.077747,79.330505,0.0,50.894875,31.362425,0.0,69.70000000000002,54.30000000000001,70
-28.393108,-48.24256,0.0,-64.913605,92.90475,0.0,-56.8,80.70000000000002,70
79.15726,29.06518,0.0,-40.89678,-46.348263,0.0,-31.39999999999999,22.60000000000001,70
-97.10301,-33.534767,0.0,48.844074,20.45381,0.0,-68.9,-49.4,70
-48.52273,22.487398,0.0,8.390838,-27.935036,0.0,-17.5,-48.099999999999994,70
-87.848724,46.730568,0.0,-35.179363,-4.78724,0.0,-70.6,35.599999999999994,70
31.937082,-42.95147,0.0,24.489475,22.16772,0.0,17.0,-48.0,70
89.07114,27.985476,0.0,61.783955,-95.889854,0.0,58.30000000000001,-5.8999999999999915,70
39.523613,-94.59861,0.0,83.77628,78.61061,0.0,37.400000000000006,-90.6,70
78.41343,84.33603,0.0,33.66101,23.549078,0.0,45.900000000000006,90.4,70
-12.209602,-54.299473,0.0,92.2919,91.05616,0.0,66.70000000000002,83.30000000000001,70
63.533413,-41.295544,0.0,26.545774,-17.93736,0.0,25.900000000000006,-55.199999999999996,70
-78.13789,74.772575,0.0,-12.456487,79.096,0.0,-67.19999999999999,89.70000000000002,70
71.13994,-96.21225,0.0,59.709457,-35.481567,0.0,60.80000000000001,-80.1,70
-99.22504,72.57867,0.0,72.65426,12.965864,0.0,-53.5,93.0,70
-92.49045,-20.413706,0.0,-10.780964,86.20532,0.0,-80.9,75.5,70
31.380377,87.1575,0.0,98.83714,26.987139,0.0,98.70000000000002,80.5,70
-94.44675,-95.38534,0.0,-51.44144,-36.441425,0.0,-51.4,-78.2,70
-51.383614,-19.046917,0.0,-79.17533,-15.367396,0.0,-47.199999999999996,-20.0,70
94.34548,-32.577442,0.0,90.29277,-8.545254,0.0,100.0,-14.699999999999989,70
-78.144585,55.271164,0.0,67.71631,82.89104,0.0,-84.9,83.10000000000002,70
26.080858,12.313451,0.0,19.208618,-51.250706,0.0,16.900000000000006,-22.39999999999999,70
-40.46551,-42.10372,0.0,29.138136,-29.660479,0.0,-15.399999999999991,-41.5,70
97.523155,37.350967,0.0,80.61131,-88.07672,0.0,97.60000000000002,-84.8,70
17.369238,16.75867,0.0,-99.37841,-92.89948,0.0,-72.6,22.200000000000003,70
-92.84596,18.638927,0.0,-52.568275,79.15295,0.0,-79.3,87.20000000000002,70
-62.13077,-96.61671,0.0,29.599722,-25.697462,0.0,-27.799999999999997,-65.69999999999999,70
64.64929,-68.68222,0.0,91.33409,48.06596,0.0,63.70000000000002,50.900000000000006,70
-9.05787,-89.70367,0.0,-88.90255,-61.772636,0.0,-80.6,-79.2,70
33.533504,-49.555164,0.0,98.72926,53.46199,0.0,89.70000000000002,-25.099999999999994,70
2.1584184,34.831013,0.0,-75.3984,50.19452,0.0,29.099999999999994,10.600000000000009,70
-99.25857,80.72482,0.0,-31.25721,21.041447,0.0,-65.5,70.30000000000001,70
7.666459,34.76615,0.0,16.630579,31.878742,0.0,19.10000000000001,-10.299999999999997,70
21.76068,-43.417343,0.0,80.68457,11.82521,0.0,23.10000000000001,39.599999999999994,70
-98.1823,48.21552,0.0,-87.404274,41.500256,0.0,-93.2,44.80000000000001,70
11.26998,93.94588,0.0,-38.09935,-53.6181,0.0,-20.799999999999997,78.80000000000001,70
-2.175666,34.18166,0.0,-35.97312,-98.18168,0.0,-34.8,-73.8,70
-31.293728,-99.32745,0.0,-5.9697585,16.789787,0.0,-61.3,4.400000000000006,70
-7.0782933,99.17507,0.0,-50.634605,6.2971473,0.0,-22.89999999999999,79.5,70
69.39517,28.951014,0.0,-47.754124,-41.121704,0.0,-20.69999999999999,24.0,70
76.552574,12.698247,0.0,-76.91045,-97.645584,0.0,-19.599999999999994,-64.0,70
-58.03024,75.70466,0.0,-51.88406,-25.184792,0.0,-38.199999999999996,10.300000000000011,70
-49.083416,-60.291523,0.0,-83.35967,13.811038,0.0,-91.6,-35.0,70
11.667945,-78.18578,0.0,54.914906,-74.51145,0.0,63.70000000000002,-82.3,70
71.43417,81.89327,0.0,22.773727,-18.352478,0.0,31.400000000000006,90.5,70
16.046076,-2.938105,0.0,-47.664204,10.568833,0.0,20.5,22.60000000000001,70
-42.08951,-14.534309,0.0,-83.5011,84.871025,0.0,-46.599999999999994,84.80000000000001,70
-19.456036,6.737109,0.0,-53.006756,5.9241633,0.0,-39.099999999999994,9.0,70
-33.72133,87.11531,0.0,-26.05832,-75.03553,0.0,-41.9,73.0,70
-82.358864,-25.116043,0.0,-75.239525,48.28376,0.0,-93.8,40.400000000000006,70
61.97665,-70.29896,0.0,-84.4103,93.76735,0.0,55.60000000000002,81.5,70
55.885777,20.575478,0.0,-41.364788,-15.46365,0.0,-9.299999999999997,43.599999999999994,70
-32.174618,85.3549,0.0,34.894455,84.07905,0.0,1.0,87.20000000000002,70
98.79228,84.743034,0.0,-9.478395,-49.08577,0.0,97.70000000000002,-43.9,70
-96.43318,-22.602903,0.0,-90.55916,4.2281284,0.0,-93.9,-9.199999999999989,70
-99.71835,-9.886301,0.0,27.03814,-24.71847,0.0,-72.2,-57.8,70
66.06978,-72.48224,0.0,97.65228,51.99412,0.0,63.30000000000001,-69.8,70
-60.13593,-75.477585,0.0,-43.241,84.3776,0.0,-31.700000000000003,58.80000000000001,70
44.907597,-52.595345,0.0,-46.511826,19.027954,0.0,-30.099999999999994,-25.200000000000003,70
-77.275894,45.741394,0.0,63.626244,7.670199,0.0,58.20000000000002,4.300000000000011,70
26.548824,22.440676,0.0,-98.19371,89.05081,0.0,-77.0,37.20000000000002,70
-53.46447,-46.480484,0.0,29.816526,87.198814,0.0,24.80000000000001,84.80000000000001,70
36.439247,-99.74628,0.0,-34.39278,76.10495,0.0,-34.39999999999999,-75.7,70
-23.16503,80.734505,0.0,-81.94339,-56.65693,0.0,-82.0,83.4,70
-93.04108,-5.8543515,0.0,46.85186,78.058846,0.0,-78.3,81.80000000000001,70
89.528275,-93.18219,0.0,-24.172064,-16.023077,0.0,99.9,-80.3,70
53.060246,-76.461975,0.0,-42.165596,78.986984,0.0,-22.89999999999999,-100.0,70
-43.58786,-65.35809,0.0,-48.118,39.52052,0.0,-42.8,-12.599999999999994,70
-82.8946,-69.71695,0.0,-6.358801,-50.477833,0.0,-83.0,-45.599999999999994,70
-53.858414,-15.505584,0.0,-85.608665,-62.586525,0.0,-81.2,-21.0,70
-78.66642,-7.947005,0.0,98.63029,-77.28508,0.0,-78.8,-100.0,70
10.4842005,19.331612,0.0,-18.806524,-93.32302,0.0,-19.0,-95.7,70
26.21698,-34.188393,0.0,32.68311,-50.67323,0.0,22.200000000000003,-39.599999999999994,70
-54.95862,87.6003,0.0,-54.188274,27.790545,0.0,-27.599999999999994,81.20000000000002,70
52.08821,57.188793,0.0,-60.560177,77.52374,0.0,-20.599999999999994,85.5,70
6.8162036,-93.57426,0.0,-23.87963,95.4512,0.0,-10.199999999999989,-87.5,70
-28.180676,-5.4727445,0.0,14.880721,-80.30366,0.0,-31.0,-82.8,70
-88.58065,92.56425,0.0,16.536907,87.61236,0.0,-36.3,92.10000000000002,70
-35.699856,94.03238,0.0,-34.76959,-29.215876,0.0,-48.599999999999994,55.70000000000002,70
-83.85978,78.21221,0.0,69.653854,3.2983942,0.0,44.5,100.0,70
-26.681026,27.738045,0.0,-4.18317,-96.688354,0.0,-43.3,-75.5,70
11.399602,85.702515,0.0,50.067604,45.94047,0.0,0.4000000000000057,83.0,70
47.76458,32.84614,0.0,66.18587,-41.15751,0.0,64.20000000000002,-3.8999999999999915,70
-78.19872,54.050453,0.0,96.5026,-81.03688,0.0,-89.3,-81.1,70
59.653107,52.54935,0.0,-51.405304,-56.583206,0.0,57.20000000000002,-20.599999999999994,70
-45.53774,-67.035416,0.0,62.48743,5.38102,0.0,-28.299999999999997,-50.199999999999996,70
-91.7922,-90.819084,0.0,-99.05051,16.75116,0.0,-96.3,-37.099999999999994,70
74.822075,-85.42279,0.0,64.10007,72.94593,0.0,57.0,-82.0,70
66.75482,-51.868732,0.0,63.564205,-38.77172,0.0,54.400000000000006,-45.9,70
-75.66609,-86.65787,0.0,96.12738,92.51036,0.0,100.0,-84.7,70
77.15087,76.02788,0.0,-71.357796,-96.008286,0.0,-88.7,-76.0,70
-39.399925,-51.353928,0.0,96.26909,2.3781207,0.0,96.30000000000001,-41.0,70
67.430145,-0.51502913,0.0,-5.3050337,27.08646,0.0,49.0,27.700000000000003,70
-40.108826,-60.781857,0.0,-93.135216,21.702091,0.0,-65.3,5.0,70
12.574133,-35.401516,0.0,-31.784676,52.18886,0.0,-41.0,-47.699999999999996,70
89.95714,-80.64883,0.0,36.99079,-45.10127,0.0,93.80000000000001,-77.0,70
5.2211866,-42.765377,0.0,-82.88505,73.14204,0.0,-82.9,-17.299999999999997,70
33.10043,94.60747,0.0,68.97854,-74.25373,0.0,36.5,91.4,70
-35.684933,38.76813,0.0,-89.19739,-51.80167,0.0,-68.2,18.0,70
-97.48333,-4.30965,0.0,-76.945816,-24.099335,0.0,-100.0,-22.099999999999994,70
3.6324067,-76.86978,0.0,-35.846535,69.90351,0.0,-35.7,-4.0,70
14.908994,16.57731,0.0,-85.1054,88.060974,0.0,-85.1,36.20000000000002,70
41.720154,-40.300777,0.0,-84.40507,29.515425,0.0,-84.6,52.599999999999994,70
-84.60417,42.247025,0.0,85.8033,-88.06942,0.0,-84.6,-82.7,70
90.00865,54.401386,0.0,66.09898,70.49901,0.0,54.80000000000001,60.5,70
-42.26294,-71.7156,0.0,93.4261,-63.607994,0.0,-11.399999999999991,-100.0,70
15.198896,-11.164874,0.0,69.683105,-93.47278,0.0,49.599999999999994,-60.099999999999994,70
-15.576906,90.56621,0.0,64.44829,-23.293282,0.0,48.70000000000002,83.10000000000002,70
-51.213417,-45.007034,0.0,57.92979,93.45666,0.0,17.30000000000001,81.80000000000001,70
-97.13447,88.04928,0.0,60.366016,-35.37716,0.0,58.900000000000006,83.5,70
-59.088432,-99.99899,0.0,-26.744263,-43.687946,0.0,-25.89999999999999,-48.099999999999994,70
99.789825,99.025116,0.0,18.174938,-94.537636,0.0,99.80000000000001,-83.1,70
-37.0175,93.38624,0.0,20.752918,27.354305,0.0,-42.4,27.400000000000006,70
-13.416905,20.437653,0.0,29.378828,-44.94676,0.0,-56.199999999999996,-24.39999999999999,70
-11.161063,-46.265896,0.0,-39.485756,22.548164,0.0,-38.9,-16.0,70
-78.658455,2.04135,0.0,-76.251366,70.58212,0.0,-96.4,16.900000000000006,70
-98.35382,-34.076244,0.0,-36.241302,63.921024,0.0,-63.5,30.099999999999994,70
-86.53531,16.5795,0.0,-53.98334,90.05929,0.0,-84.8,81.4,70
43.246643,84.556816,0.0,37.18726,-97.259224,0.0,-0.5999999999999943,-96.6,70
-80.365204,-22.47702,0.0,92.96491,-60.046375,0.0,99.80000000000001,-78.1,70
-26.360107,33.869217,0.0,-80.76099,-49.78477,0.0,-80.8,-34.39999999999999,70
-46.729446,-27.849154,0.0,-83.09842,-48.54383,0.0,-35.0,-46.099999999999994,70
14.37814,-99.85212,0.0,-23.033125,-37.214916,0.0,-13.399999999999991,-61.0,70
58.72785,3.4230647,0.0,-79.4069,-5.031136,0.0,58.70000000000002,-10.5,70
89.033745,8.094891,0.0,-13.054453,77.57045,0.0,28.599999999999994,77.60000000000002,70
-98.607994,-2.5547988,0.0,98.41988,16.29891,0.0,-70.6,42.900000000000006,70
98.04723,80.539696,0.0,-37.376728,32.333645,0.0,-38.8,80.70000000000002,70
-45.823215,46.685783,0.0,-54.158974,-6.6404066,0.0,-45.4,18.700000000000003,70
96.48136,1.1659585,0.0,28.617842,-35.393192,0.0,28.200000000000017,33.0,70
-20.47349,-41.029778,0.0,-7.0047956,86.050125,0.0,-73.9,79.10000000000002,70
-41.009674,-0.79341733,0.0,96.386345,-32.75933,0.0,-29.299999999999997,-28.099999999999994,70
38.672234,80.1775,0.0,79.934326,3.4755654,0.0,44.599999999999994,84.80000000000001,70
63.917583,-27.41369,0.0,81.00299,32.421,0.0,62.80000000000001,-8.699999999999989,70
84.14795,2.1663396,0.0,-96.263115,16.427086,0.0,-85.7,7.200000000000003,70
-35.41215,-7.8341455,0.0,-93.10002,-4.623198,0.0,-65.4,-23.39999999999999,70
-76.761406,88.543076,0.0,52.765476,8.9391575,0.0,53.80000000000001,83.30000000000001,70
54.420452,63.84384,0.0,-49.752815,-18.077063,0.0,54.5,69.20000000000002,70
-24.270216,-80.2323,0.0,-95.22739,45.41818,0.0,-76.6,-80.7,70
41.59924,91.718315,0.0,-95.807526,68.13417,0.0,-76.3,86.0,70
-21.664125,30.39538,0.0,60.079628,-25.179552,0.0,59.900000000000006,23.30000000000001,70
-24.207245,-22.989433,0.0,90.60935,-58.409756,0.0,-24.200000000000003,-41.5,70
-97.52581,-36.005226,0.0,99.1675,5.851977,0.0,-72.5,-5.799999999999997,70
72.01885,27.56787,0.0,51.79967,52.36322,0.0,67.4,25.5,70
-46.264805,5.603593,0.0,-65.34812,-85.08514,0.0,-46.3,-84.9,70
-38.966747,37.299183,0.0,-97.464645,-6.725394,0.0,-63.6,20.30000000000001,70
-2.8095903,80.188034,0.0,-90.351845,-53.321877,0.0,-79.6,80.20000000000002,70
-50.937534,-29.37677,0.0,-76.245895,-76.74179,0.0,-48.599999999999994,-87.5,70
75.8861,-91.361755,0.0,92.320984,-62.53245,0.0,95.60000000000002,-86.2,70
16.265202,96.37366,0.0,-19.523748,10.496228,0.0,-61.199999999999996,74.70000000000002,70
-51.108517,51.822914,0.0,-82.18725,35.754894,0.0,-81.5,27.10000000000001,70
-49.577003,25.63594,0.0,-52.03649,-92.87901,0.0,-35.2,-58.599999999999994,70
-88.28635,-42.280277,0.0,9.429384,6.8571157,0.0,-81.1,-38.5,70
28.005379,19.85337,0.0,55.0857,-94.10076,0.0,12.0,-76.0,70
-52.529797,41.24597,0.0,-71.48336,82.80853,0.0,-39.9,82.80000000000001,70
-80.670715,55.222622,0.0,-38.057587,95.89397,0.0,-81.3,81.0,70
10.13672,-40.31562,0.0,66.81277,89.26192,0.0,45.20000000000002,80.60000000000002,70
49.549393,31.875755,0.0,63.059616,-34.359436,0.0,60.0,1.2000000000000028,70
1.4686157,10.388851,0.0,59.710213,-11.096687,0.0,59.60000000000002,35.900000000000006,70
-28.044329,-9.148853,0.0,-39.565613,64.65322,0.0,-39.599999999999994,28.30000000000001,70
-53.819027,-80.48348,0.0,-77.93617,27.28527,0.0,-95.4,-81.2,70
-38.402,-57.845383,0.0,-37.62221,-94.1936,0.0,-39.8,-78.2,70
8.833426,77.60954,0.0,54.497658,-44.813213,0.0,54.900000000000006,80.9,70
-37.825584,-21.441528,0.0,-44.6747,-91.78556,0.0,-40.3,-56.599999999999994,70
-27.505827,-37.990597,0.0,89.294655,7.468373,0.0,-51.699999999999996,-29.5,70
58.99039,-39.800186,0.0,-49.00032,-2.6262648,0.0,11.200000000000003,-62.699999999999996,70
-10.511022,86.441895,0.0,-44.49795,-44.97194,0.0,-36.8,84.9,70
57.68321,28.528736,0.0,69.35333,51.062984,0.0,51.0,26.5,70
4.8564186,-48.244495,0.0,-32.36707,4.3271203,0.0,-37.699999999999996,-21.89999999999999,70
-32.392693,-18.649412,0.0,-37.27338,78.021515,0.0,-43.5,30.400000000000006,70
-89.83568,-18.597446,0.0,-46.78607,51.702328,0.0,-99.2,29.599999999999994,70
41.943913,26.627121,0.0,69.196594,99.59761,0.0,50.20000000000002,29.700000000000017,70
-30.811073,89.177635,0.0,76.395966,-90.587265,0.0,-30.299999999999997,79.4,70
-52.235157,56.10616,0.0,91.744286,-52.455265,0.0,-26.89999999999999,58.80000000000001,70
97.68497,-64.904015,0.0,-82.99737,-19.2895,0.0,100.0,-56.0,70
-60.50573,77.68648,0.0,-81.51993,9.299464,0.0,-83.0,84.10000000000002,70
-4.768548,-34.33452,0.0,99.964935,57.702255,0.0,92.10000000000002,-8.5,70
-46.07858,-22.317865,0.0,95.50725,52.856216,0.0,95.60000000000002,-74.6,70
-87.67533,-2.9960854,0.0,67.400154,33.126823,0.0,-84.1,4.0,70
-47.54828,29.747622,0.0,-64.387764,75.04898,0.0,-36.8,49.5,70
71.155975,6.3726654,0.0,-60.870872,-87.875206,0.0,33.900000000000006,-81.0,70
86.70956,77.1097,0.0,-46.203148,-30.39331,0.0,-33.099999999999994,88.60000000000002,70
-41.545162,-36.35109,0.0,71.62147,23.711264,0.0,-25.700000000000003,33.599999999999994,70
-43.960415,-69.454094,0.0,16.141184,-28.544527,0.0,-35.099999999999994,-64.0,70
60.70341,-19.5496,0.0,-38.403942,-2.9004261,0.0,55.400000000000006,57.30000000000001,70
19.652115,-25.602146,0.0,-91.40952,-26.309975,0.0,-76.2,-75.6,70
-20.367912,-76.36921,0.0,-91.84205,-20.363283,0.0,-79.7,-12.0,70
6.2782755,15.305278,0.0,-20.607601,25.995619,0.0,-6.599999999999994,23.0,70
0.9404701,-47.471233,0.0,-48.586254,39.219784,0.0,-29.0,-27.0,70
-87.41849,-63.028442,0.0,22.613539,19.064585,0.0,-83.5,16.200000000000003,70
62.808918,-73.79876,0.0,38.1518,82.75047,0.0,53.70000000000002,82.9,70
-81.4169,-90.332436,0.0,-39.559246,78.69476,0.0,-50.599999999999994,-82.8,70
24.986713,4.1180463,0.0,-51.673286,-30.556103,0.0,-11.599999999999994,20.5,70
-47.828663,-92.63764,0.0,-61.085575,-77.864746,0.0,-53.4,-90.1,70
96.254005,77.71216,0.0,60.355423,16.69979,0.0,97.20000000000002,32.80000000000001,70
-56.689754,75.55385,0.0,-31.679667,11.802669,0.0,-21.89999999999999,18.60000000000001,70
-42.81169,68.85116,0.0,62.82331,-39.945747,0.0,-32.8,44.400000000000006,70
-82.184616,41.826057,0.0,-41.35382,-71.0068,0.0,-81.9,-100.0,70
-41.350285,-70.437065,0.0,-42.957592,92.8043,0.0,-41.5,52.400000000000006,70
61.885525,38.56312,0.0,-29.420124,19.60183,0.0,56.0,32.0,70
-97.80733,-17.94579,0.0,-82.32105,-58.99222,0.0,-94.3,-38.599999999999994,70
91.77033,-51.306664,0.0,-33.239925,-42.291138,0.0,100.0,-53.099999999999994,70
76.73848,27.94075,0.0,92.13626,-49.89682,0.0,100.0,-5.799999999999997,70
27.284616,90.012344,0.0,17.387997,84.97106,0.0,22.200000000000003,90.10000000000002,70
-86.23319,-42.142887,0.0,57.070232,50.886215,0.0,-86.5,23.400000000000006,70
-51.6284,86.51513,0.0,-96.60027,-73.041435,0.0,-77.9,84.5,70
-65.520325,-85.12402,0.0,67.51563,-15.359429,0.0,25.30000000000001,-85.1,70
-5.8078594,-85.15013,0.0,-92.106285,-97.07485,0.0,-49.199999999999996,-91.7,70
-33.65523,-79.882614,0.0,-22.371784,34.075405,0.0,-42.099999999999994,-66.8,70
24.188118,19.788038,0.0,-77.96345,62.831867,0.0,-91.2,38.400000000000006,70
-52.95301,29.677647,0.0,-9.541375,-81.194336,0.0,0.0,-84.1,70
24.241014,82.51958,0.0,67.72006,51.78331,0.0,41.0,82.60000000000002,70
-92.095604,56.580784,0.0,58.402794,-60.408016,0.0,58.400000000000006,-15.799999999999997,70
-70.93802,91.46927,0.0,-90.92697,34.279884,0.0,-89.8,76.60000000000002,70
-50.476845,14.838295,0.0,29.698866,22.897947,0.0,-11.299999999999997,20.0,70
-6.65049,86.04662,0.0,91.3034,-31.478025,0.0,50.900000000000006,87.80000000000001,70
-34.01835,-37.19445,0.0,-49.940037,40.684814,0.0,-42.599999999999994,2.3000000000000114,70
86.65458,-78.37816,0.0,76.67877,85.61007,0.0,75.80000000000001,-84.6,70
50.206184,-9.644061,0.0,-47.644646,31.460848,0.0,-30.099999999999994,0.8000000000000114,70
17.242119,85.923485,0.0,-43.175846,-41.14299,0.0,-37.9,85.10000000000002,70
-19.314426,-81.46934,0.0,-54.389713,9.352183,0.0,-7.699999999999989,-81.5,70
-52.040604,-96.46196,0.0,-22.230335,17.954838,0.0,-28.799999999999997,10.300000000000011,70
-78.7369,-27.311548,0.0,-91.2866,83.2616,0.0,-88.9,29.599999999999994,70
97.865036,-57.444443,0.0,20.271912,-25.747551,0.0,15.900000000000006,-57.3,70
-46.739475,80.5172,0.0,-30.452044,4.5270834,0.0,-34.3,42.099999999999994,70
-66.50153,77.01155,0.0,-16.763857,20.668184,0.0,-31.799999999999997,17.80000000000001,70
-5.248129,-87.97738,0.0,-38.804516,97.979355,0.0,-39.099999999999994,-83.9,70
58.403114,-35.716396,0.0,-21.552713,-37.71963,0.0,55.400000000000006,-54.199999999999996,70
1.700595,81.352234,0.0,79.2381,89.800865,0.0,40.30000000000001,88.9,70
-36.613213,46.613846,0.0,-41.30204,-19.522633,0.0,-41.5,16.30000000000001,70
76.80451,30.549995,0.0,61.22673,50.29355,0.0,61.20000000000002,29.400000000000006,70
-68.34509,-92.173416,0.0,-78.656364,7.993573,0.0,-85.6,-79.8,70
20.275633,-85.46449,0.0,69.06882,11.849827,0.0,40.099999999999994,-87.8,70
-90.03923,-46.371056,0.0,19.416,-5.450133,0.0,-91.9,-8.799999999999997,70
-41.6889,0.88551605,0.0,-20.24492,-80.97054,0.0,-32.89999999999999,-81.1,70
-16.375612,33.007256,0.0,-6.934507,85.73097,0.0,-35.099999999999994,82.5,70
44.79242,-76.3766,0.0,47.109447,90.19587,0.0,34.5,78.9,70
90.79243,-53.67064,0.0,-48.17561,-58.81435,0.0,-8.299999999999997,-34.89999999999999,70
65.261826,82.86251,0.0,44.65328,-88.70539,0.0,52.0,-83.4,70
-83.130165,9.578374,0.0,-89.27084,9.79634,0.0,-89.2,9.900000000000006,70
-96.88819,0.47192517,0.0,0.49136466,81.21263,0.0,-74.5,81.0,70
19.583048,-83.46804,0.0,92.52257,60.53806,0.0,92.60000000000002,-83.5,70
88.267334,20.951677,0.0,-35.809353,-65.453255,0.0,-31.599999999999994,35.80000000000001,70
-2.6170695,-47.72587,0.0,42.683685,-77.3308,0.0,39.0,-46.599999999999994,70
23.716232,-24.416912,0.0,60.960014,64.78984,0.0,54.900000000000006,16.200000000000003,70
-83.485245,-9.717095,0.0,93.21768,83.4053,0.0,-83.6,83.4,70
69.21399,-30.185148,0.0,-16.918419,-40.619003,0.0,35.599999999999994,-50.699999999999996,70
-24.125118,26.011293,0.0,-44.70794,-30.547958,0.0,-34.5,-2.299999999999997,70
-32.923367,39.309666,0.0,87.60999,-87.20082,0.0,-25.599999999999994,-83.4,70
95.17855,-46.05957,0.0,71.4876,32.199284,0.0,96.4,-9.899999999999991,70
-28.591251,96.51134,0.0,-94.90585,-75.42652,0.0,-75.6,77.10000000000002,70
7.129735,-28.945808,0.0,78.60942,-80.20999,0.0,42.20000000000002,-77.7,70
-25.179554,10.042176,0.0,-90.76523,29.003544,0.0,-71.8,20.900000000000006,70
-42.89012,71.82357,0.0,-58.321323,86.64968,0.0,-44.699999999999996,84.80000000000001,70
94.36315,58.688652,0.0,-47.396282,56.28362,0.0,-32.5,75.60000000000002,70
14.823058,-27.181902,0.0,-83.76279,-37.040478,0.0,-83.6,-78.1,70
89.79919,76.887985,0.0,21.726791,96.5112,0.0,51.30000000000001,98.9,70
80.41628,8.8697,0.0,33.996006,82.44674,0.0,36.599999999999994,82.10000000000002,70
56.45245,89.8017,0.0,-19.206335,-53.3962,0.0,38.099999999999994,94.5,70
-52.75757,0.26665273,0.0,71.51362,92.7797,0.0,49.400000000000006,56.30000000000001,70
-2.889867,76.47657,0.0,53.941853,-17.128325,0.0,57.30000000000001,82.20000000000002,70
16.23982,-33.3223,0.0,-26.051926,24.24765,0.0,27.200000000000003,15.300000000000011,70
25.923481,99.28543,0.0,6.288798,-93.18855,0.0,17.60000000000001,-100.0,70
-59.042465,-85.6609,0.0,59.7092,21.052773,0.0,59.70000000000002,-84.4,70
43.50627,99.79589,0.0,-42.389385,-71.52883,0.0,-23.700000000000003,78.0,70
-41.199337,22.566254,0.0,-29.158169,-87.93637,0.0,-41.199999999999996,-78.0,70
55.18636,95.30485,0.0,-85.93077,-6.7250648,0.0,-85.5,78.60000000000002,70
57.63791,-34.813362,0.0,32.1208,78.48586,0.0,57.70000000000002,79.9,70
-76.953514,85.6851,0.0,-55.75135,76.80334,0.0,-65.19999999999999,100.0,70
4.819295,-28.119602,0.0,-39.273323,0.38339713,0.0,-23.799999999999997,19.900000000000006,70
31.784836,-85.81622,0.0,-82.38249,39.119873,0.0,-82.4,-84.4,70
-74.5895,88.52717,0.0,3.2207427,90.10838,0.0,-35.7,90.10000000000002,70
-46.51886,-15.922457,0.0,6.4396095,-87.090256,0.0,-26.299999999999997,-82.1,70
-18.162653,-38.308197,0.0,-22.456516,-90.616425,0.0,-58.0,-62.3,70
-35.595932,48.627323,0.0,40.42817,78.28111,0.0,-35.89999999999999,89.10000000000002,70
-60.978344,94.78769,0.0,91.03744,-18.243286,0.0,-64.5,72.80000000000001,70
-46.18524,-87.28284,0.0,-49.873745,48.25235,0.0,-35.8,-36.199999999999996,70
97.247505,-5.9639926,0.0,50.57104,-43.572514,0.0,92.80000000000001,-34.599999999999994,70
3.016028,9.25771,0.0,-40.67984,74.74614,0.0,-41.4,52.80000000000001,70
-97.575554,38.37469,0.0,-45.47507,-0.81150055,0.0,-55.5,9.0,70
24.589958,-81.27671,0.0,-48.43845,64.781044,0.0,-16.19999999999999,-83.5,70
-91.670364,-32.691036,0.0,-36.101295,-72.86238,0.0,-80.7,-92.7,70
6.489749,-49.167755,0.0,38.607273,84.704506,0.0,48.80000000000001,87.20000000000002,70
-91.087975,25.600883,0.0,-98.976746,-70.79379,0.0,-95.4,-22.599999999999994,70
45.324722,96.43105,0.0,-37.93951,95.70823,0.0,3.6000000000000085,96.4,70
-21.952177,33.814236,0.0,-86.40072,-19.068665,0.0,-82.7,-16.299999999999997,70
-50.577003,-31.260912,0.0,-55.903446,-88.171814,0.0,-34.599999999999994,-70.8,70
-53.09375,58.5119,0.0,11.387966,-99.277084,0.0,-3.6999999999999886,-81.1,70
-93.9187,-95.58746,0.0,74.09036,90.78443,0.0,-78.0,83.70000000000002,70
97.8025,-85.69364,0.0,69.628105,97.26077,0.0,97.9,79.30000000000001,70
54.365356,83.680725,0.0,-91.08701,-7.8954296,0.0,-80.6,83.70000000000002,70
-76.695366,-10.405272,0.0,18.449663,-82.522896,0.0,-25.5,-90.9,70
-94.718666,51.16607,0.0,-51.461,90.31283,0.0,-79.9,82.0,70
80.29418,3.1550503,0.0,3.3266482,77.33278,0.0,31.900000000000006,77.80000000000001,70
-45.701714,-57.465637,0.0,90.801155,-68.6621,0.0,-42.9,-44.3,70
-92.737175,68.28133,0.0,22.097383,-28.50647,0.0,-76.4,-65.19999999999999,70
20.216986,-48.144993,0.0,22.148674,-17.093754,0.0,19.200000000000003,-32.5,70
-99.11793,21.23763,0.0,73.89746,12.872963,0.0,37.900000000000006,37.70000000000002,70
25.027681,7.8289905,0.0,-85.283066,-91.6835,0.0,6.200000000000003,-77.0,70
54.631203,-16.338348,0.0,60.619843,66.67129,0.0,59.60000000000002,27.700000000000003,70
84.78286,-86.137886,0.0,41.332207,-85.08419,0.0,63.10000000000002,-86.4,70
57.141735,19.67579,0.0,13.105019,-86.97305,0.0,57.20000000000002,-83.6,70
-88.18122,57.562714,0.0,37.1402,-43.09628,0.0,-81.9,-57.9,70
23.100746,23.453455,0.0,-15.25774,88.74269,0.0,12.700000000000003,83.4,70
-41.882404,-6.5470004,0.0,63.839077,-5.89156,0.0,49.400000000000006,57.80000000000001,70
-17.758202,10.5764265,0.0,71.562904,-99.42685,0.0,-1.0999999999999943,-67.6,70
23.249413,22.724928,0.0,-98.048065,3.5561645,0.0,-76.6,8.800000000000011,70
57.89426,-99.277405,0.0,10.359591,-48.46991,0.0,61.20000000000002,-48.099999999999994,70
-76.992004,-61.70352,0.0,-68.6524,89.69964,0.0,-97.5,75.4,70
27.470308,-20.794592,0.0,63.514362,-87.6551,0.0,16.10000000000001,-81.4,70
60.993637,33.31146,0.0,57.34453,-48.58794,0.0,63.70000000000002,-11.599999999999994,70
-83.80497,12.165316,0.0,-7.3835616,-90.28455,0.0,-83.8,-76.6,70
56.724937,23.052752,0.0,55.380264,99.34938,0.0,61.60000000000002,70.9,70
-80.99127,-36.040386,0.0,-87.890755,13.710534,0.0,-87.9,-11.099999999999994,70
92.45486,51.804264,0.0,99.747444,-92.738815,0.0,100.0,-58.9,70
-47.871353,-17.65112,0.0,-81.06397,49.602085,0.0,-36.599999999999994,50.70000000000002,70
-87.624596,-90.72853,0.0,21.432587,80.52157,0.0,-82.6,80.70000000000002,70
-36.432175,-85.33055,0.0,-96.597595,97.5628,0.0,-58.099999999999994,80.10000000000002,70
-89.06931,-85.71701,0.0,-73.04376,-77.39049,0.0,-76.8,-94.5,70
92.67223,38.666744,0.0,-41.394848,58.477478,0.0,-35.89999999999999,80.60000000000002,70
-71.16018,95.3838,0.0,98.97036,-33.381172,0.0,97.10000000000002,79.10000000000002,70
36.665676,-91.06514,0.0,12.082569,14.497379,0.0,41.599999999999994,-91.2,70
-30.63618,41.628227,0.0,-90.329666,-75.314865,0.0,-80.2,-40.099999999999994,70
8.773462,-99.70301,0.0,52.63764,-15.365422,0.0,64.9,-71.5,70
97.331154,-17.870298,0.0,73.04174,29.57514,0.0,98.10000000000002,4.6000000000000085,70
-38.567608,7.700386,0.0,57.313553,25.547714,0.0,6.0,31.30000000000001,70
-95.55019,94.31844,0.0,11.492913,-48.618866,0.0,-79.2,-1.6999999999999886,70
55.76503,45.038017,0.0,9.258889,16.208214,0.0,55.80000000000001,38.599999999999994,70
-1.7984738,-78.47584,0.0,55.575817,2.8786101,0.0,55.80000000000001,-79.5,70
10.18054,30.47488,0.0,53.394924,-59.6858,0.0,55.400000000000006,22.80000000000001,70
73.51573,24.733912,0.0,-65.10727,75.71596,0.0,43.400000000000006,48.70000000000002,70
-4.7280655,-83.57699,0.0,-13.226581,-46.98377,0.0,-33.0,-84.4,70
17.681013,-91.75373,0.0,63.242916,-65.93924,0.0,49.599999999999994,-86.8,70
-24.97791,-43.888584,0.0,-67.80469,-79.94065,0.0,-70.6,-80.6,70
-32.10388,-88.16633,0.0,72.26277,-93.84398,0.0,20.200000000000003,-92.5,70
-14.581669,29.81704,0.0,-43.300083,3.3868694,0.0,-28.89999999999999,16.60000000000001,70
18.148752,83.45292,0.0,51.8353,-12.044463,0.0,66.60000000000002,83.30000000000001,70
27.028263,-5.29331,0.0,98.89534,65.53604,0.0,98.30000000000001,73.70000000000002,70
-73.09562,-83.432686,0.0,-85.06471,27.531658,0.0,-85.1,-82.2,70
-74.17216,86.489555,0.0,51.464752,8.761205,0.0,-0.29999999999999716,89.60000000000002,70
-77.2586,-28.300356,0.0,21.844687,-82.78274,0.0,-81.1,-82.8,70
71.32004,-96.76114,0.0,59.40413,-8.675724,0.0,59.5,-78.4,70
-57.185566,-81.383484,0.0,-48.283485,52.378693,0.0,-46.4,-82.3,70
65.82655,11.54525,0.0,96.76261,72.00482,0.0,96.80000000000001,33.400000000000006,70
-77.61877,-91.53217,0.0,-58.45798,-96.008675,0.0,-68.0,-94.2,70
-32.666367,-90.778755,0.0,-49.668495,44.6778,0.0,-44.5,-69.6,70
-25.62901,-28.141848,0.0,65.099365,-24.530779,0.0,39.80000000000001,-65.6,70
-89.75317,-7.1222706,0.0,-50.379704,39.21845,0.0,-92.0,18.900000000000006,70
58.326965,26.441788,0.0,-2.2545924,89.53884,0.0,58.400000000000006,82.5,70
94.84404,-28.509743,0.0,-94.86681,26.963081,0.0,-75.5,57.900000000000006,70
-9.901983,99.269875,0.0,-83.88565,92.536575,0.0,-47.0,96.30000000000001,70
-79.065895,-48.308662,0.0,-17.321148,-89.478455,0.0,-79.1,-80.8,70
85.08712,-75.67313,0.0,-78.26459,19.613588,0.0,-78.8,-4.299999999999997,70
20.06254,-24.750221,0.0,24.035337,-86.40553,0.0,29.200000000000017,-74.7,70
52.06388,97.81396,0.0,66.125435,-63.485115,0.0,45.0,80.10000000000002,70
-74.64127,95.58744,0.0,-15.695996,-37.87832,0.0,-83.9,63.20000000000002,70
99.60746,74.2539,0.0,-94.83829,-75.43422,0.0,-99.5,-82.8,70
-83.65248,-98.69722,0.0,-44.10879,66.444885,0.0,-45.0,-78.2,70
93.2739,24.618778,0.0,24.150248,89.23856,0.0,100.0,72.10000000000002,70
-78.99086,-71.722206,0.0,11.213448,-97.216896,0.0,-80.5,-81.7,70
66.63254,-40.370464,0.0,-76.77977,77.75025,0.0,40.599999999999994,79.30000000000001,70
57.089966,-85.54584,0.0,15.621302,-17.063904,0.0,50.5,-82.2,70
-94.768814,-51.584686,0.0,-44.70742,-87.09176,0.0,-78.7,-85.3,70
-41.336056,41.9034,0.0,-40.798267,-79.095436,0.0,-43.3,-20.0,70
-38.50112,26.710337,0.0,99.7324,79.02912,0.0,99.70000000000002,28.200000000000017,70
86.54469,31.020294,0.0,-95.24226,32.586887,0.0,-80.6,27.60000000000001,70
-75.51135,-78.3329,0.0,91.64575,-17.015364,0.0,-89.0,-79.5,70
38.070026,-46.837856,0.0,-88.68914,23.82756,0.0,-83.7,-27.0,70
10.550786,25.23982,0.0,83.8788,0.49731684,0.0,26.900000000000006,25.30000000000001,70
-36.055477,-25.423164,0.0,39.257633,32.550404,0.0,-35.5,2.9000000000000057,70
-79.52364,-28.49649,0.0,93.74918,-16.96002,0.0,-81.0,-18.0,70
-92.08578,-16.534866,0.0,-24.159607,98.35137,0.0,-78.5,73.20000000000002,70
53.742386,11.81513,0.0,-79.72713,-20.516197,0.0,-82.1,-31.299999999999997,70
99.05134,-29.143835,0.0,82.74239,30.309038,0.0,99.5,-0.7999999999999972,70
90.34557,44.092617,0.0,17.725422,-87.136215,0.0,7.700000000000003,-78.2,70
-88.87146,-59.093647,0.0,18.426878,7.1805325,0.0,-78.7,50.599999999999994,70
-42.718903,76.95914,0.0,-29.006037,-53.423794,0.0,-41.9,23.700000000000003,70
-18.836363,-45.54489,0.0,28.337914,84.29872,0.0,-74.9,84.30000000000001,70
-33.3284,36.275703,0.0,-95.915375,-88.39543,0.0,-72.5,-32.39999999999999,70
-78.39679,88.980675,0.0,88.97841,22.113638,0.0,-93.9,35.70000000000002,70
19.168123,-18.226799,0.0,55.608437,90.827866,0.0,35.099999999999994,90.4,70
-49.560944,53.506115,0.0,-20.923561,89.47118,0.0,-35.89999999999999,84.10000000000002,70
-36.637016,11.138174,0.0,-79.62882,-63.394447,0.0,-56.099999999999994,-38.4,70
63.457413,86.68402,0.0,59.730663,-76.591225,0.0,59.70000000000002,74.70000000000002,70
61.713657,-95.488945,0.0,96.66774,-68.816216,0.0,96.70000000000002,-85.5,70
85.89302,5.5342383,0.0,65.15762,74.01567,0.0,58.10000000000002,39.099999999999994,70
-44.5462,-35.518036,0.0,-78.01593,12.999393,0.0,-45.4,14.300000000000011,70
92.071175,56.230877,0.0,70.129875,93.94268,0.0,97.80000000000001,79.10000000000002,70
90.36008,92.75965,0.0,8.137747,91.260506,0.0,49.30000000000001,92.70000000000002,70
81.247795,90.011375,0.0,-40.47201,96.9139,0.0,19.900000000000006,94.10000000000002,70
26.299343,93.46849,0.0,41.02329,-49.400875,0.0,25.200000000000003,77.30000000000001,70
-36.900383,-28.39261,0.0,90.97863,-28.897583,0.0,-21.0,-37.3,70
-36.529064,-65.58372,0.0,-49.971737,-44.20624,0.0,-45.9,-54.4,70
51.95954,29.566721,0.0,-97.9973,-43.78115,0.0,-76.9,9.400000000000006,70
18.28843,6.7467694,0.0,-55.162544,81.68599,0.0,-18.89999999999999,40.80000000000001,70
-10.852864,78.23513,0.0,-90.40701,71.1346,0.0,-78.7,84.4,70
-1.5016631,-47.73882,0.0,3.4282372,81.85554,0.0,30.5,-25.39999999999999,70
97.57821,59.05738,0.0,-27.339104,-7.8359475,0.0,99.4,82.4,70
-97.44276,54.415627,0.0,-89.53183,-17.755024,0.0,-93.9,18.30000000000001,70
-53.625305,38.513447,0.0,-49.190582,85.81114,0.0,-38.699999999999996,69.0,70
-62.547096,-86.49477,0.0,16.6313,-89.23399,0.0,-23.19999999999999,-89.5,70
61.93574,25.47601,0.0,-5.4226575,95.53456,0.0,56.900000000000006,79.30000000000001,70
15.192442,-98.49864,0.0,-93.22555,92.22753,0.0,-77.9,-74.3,70
93.21917,-33.821537,0.0,-36.00528,75.70724,0.0,-36.599999999999994,56.900000000000006,70
54.18184,-29.393957,0.0,-91.73904,-22.389637,0.0,-85.8,-36.5,70
94.312775,-92.86259,0.0,-42.210316,56.83605,0.0,-29.0,-79.4,70
2.1932547,-80.14996,0.0,63.779537,56.870014,0.0,53.60000000000002,-83.2,70
-86.55073,97.17958,0.0,-94.02758,-42.580193,0.0,-94.0,43.70000000000002,70
19.836178,18.804634,0.0,71.8,-83.16036,0.0,26.200000000000003,-83.1,70
4.6990776,10.143679,0.0,-11.028362,86.30824,0.0,12.200000000000003,80.4,70
7.1221137,-41.01705,0.0,96.13584,-46.202442,0.0,96.0,-54.8,70
-98.55412,54.38059,0.0,-30.096752,72.06084,0.0,-93.4,68.5,70
65.46701,12.556415,0.0,21.669436,-26.081991,0.0,25.400000000000006,-4.099999999999994,70
57.328724,23.169754,0.0,-29.731743,-53.286,0.0,64.5,-15.799999999999997,70
-28.462276,-97.18002,0.0,-78.9415,70.05335,0.0,-79.7,-77.2,70
-85.29475,-76.198715,0.0,-39.378696,-52.57905,0.0,-52.0,-95.0,70
99.00402,-58.58003,0.0,-38.21432,-79.093346,0.0,99.0,-91.7,70
20.704884,31.26087,0.0,62.877346,-69.58153,0.0,56.20000000000002,21.30000000000001,70
-83.19542,-62.910126,0.0,-48.156445,-28.809391,0.0,-93.9,-42.9,70
18.876825,79.74886,0.0,-45.767418,-44.561558,0.0,-33.599999999999994,82.9,70
-90.21165,8.744527,0.0,55.773937,63.06518,0.0,-80.6,35.5,70
68.09058,38.81778,0.0,-6.236867,-34.925716,0.0,48.400000000000006,-50.5,70
-87.740555,87.22698,0.0,20.165073,-21.345375,0.0,11.300000000000011,57.80000000000001,70
-83.50489,-93.69796,0.0,55.988476,67.13905,0.0,56.400000000000006,-78.3,70
-47.007774,76.06767,0.0,85.56035,-75.757515,0.0,-21.19999999999999,-91.7,70
29.60281,33.68507,0.0,29.852943,-46.92925,0.0,16.400000000000006,-44.699999999999996,70
6.4140987,21.460663,0.0,-90.45197,86.91069,0.0,-80.4,31.599999999999994,70
10.950057,89.89619,0.0,71.37313,7.2088604,0.0,47.5,81.70000000000002,70
-83.46341,46.084316,0.0,4.8635635,8.1682415,0.0,-83.4,55.80000000000001,70
-45.47928,36.176678,0.0,82.561775,7.295305,0.0,46.70000000000002,-2.0,70
7.6004214,33.21661,0.0,97.271286,39.404354,0.0,94.0,9.400000000000006,70
19.79248,21.624441,0.0,-30.705458,-93.81224,0.0,25.80000000000001,-78.1,70
-30.400858,19.205872,0.0,-76.44092,67.47065,0.0,-52.599999999999994,73.5,70
50.640472,-18.22046,0.0,56.541866,52.573402,0.0,57.5,16.400000000000006,70
61.69639,3.3485408,0.0,-7.076983,-46.588882,0.0,58.0,-48.5,70
27.351555,6.0047917,0.0,-82.15911,3.3618476,0.0,-82.1,32.5,70
-65.00786,-93.81164,0.0,-95.58152,35.766354,0.0,-81.2,-80.1,70
-30.754562,18.80798,0.0,8.339653,-89.69201,0.0,-40.3,-80.5,70
-49.8654,81.11236,0.0,54.28571,8.271569,0.0,54.30000000000001,87.9,70
60.398514,-32.84105,0.0,98.013565,75.37647,0.0,61.400000000000006,100.0,70
-96.573685,-18.736017,0.0,-84.63843,-21.544899,0.0,-92.7,-20.099999999999994,70
53.909454,3.8094506,0.0,66.42873,-52.233837,0.0,60.80000000000001,-28.0,70
1.8403987,-90.744736,0.0,57.201508,14.734026,0.0,57.20000000000002,-80.4,70
-82.24906,81.38749,0.0,73.05727,78.98167,0.0,-52.5,95.60000000000002,70
34.977356,29.772501,0.0,51.654358,30.852856,0.0,44.400000000000006,24.700000000000003,70
-24.518513,89.3852,0.0,52.555286,-1.8680369,0.0,59.10000000000002,82.20000000000002,70
-44.97733,47.589355,0.0,97.63485,-76.8551,0.0,-19.89999999999999,-100.0,70
-79.0324,82.942474,0.0,-17.678938,-79.95263,0.0,-91.9,-79.7,70
-25.848063,-9.180055,0.0,-48.416283,58.23671,0.0,-38.599999999999994,19.900000000000006,70
53.313725,-94.520966,0.0,-97.99704,-81.06313,0.0,-64.3,-92.9,70
-38.06266,4.846097,0.0,49.453236,-79.455185,0.0,-16.599999999999994,-79.5,70
-94.02642,23.331615,0.0,96.10848,-36.81512,0.0,-91.2,-58.9,70
-77.18465,93.08223,0.0,-20.665222,-78.49325,0.0,-71.6,85.0,70
-77.55196,41.8102,0.0,-33.570744,64.448456,0.0,-40.5,56.70000000000002,70
-33.41582,84.35608,0.0,57.6954,-2.241727,0.0,57.70000000000002,84.30000000000001,70
57.78623,-58.08761,0.0,48.183395,-53.622585,0.0,64.70000000000002,-42.199999999999996,70
-30.242262,53.925785,0.0,18.186293,88.0316,0.0,23.0,82.80000000000001,70
-88.52802,-10.266316,0.0,-65.50897,96.92934,0.0,-86.1,76.60000000000002,70
-22.194258,-33.03042,0.0,95.18832,-17.501787,0.0,95.20000000000002,-62.5,70
-38.714516,87.89222,0.0,-88.148506,-85.361145,0.0,-51.599999999999994,-85.2,70
72.64291,-79.07328,0.0,60.36907,55.458122,0.0,60.30000000000001,-78.5,70
-36.34357,99.87803,0.0,36.433033,-93.14657,0.0,-40.9,-80.6,70
29.49621,-36.312702,0.0,29.391607,-0.14987016,0.0,1.0,-24.700000000000003,70
-90.45253,-49.446865,0.0,58.29703,-72.689156,0.0,54.0,-58.199999999999996,70
61.350117,98.22282,0.0,95.79214,-95.648735,0.0,61.30000000000001,-83.3,70
-13.594166,-82.77441,0.0,44.4843,86.66287,0.0,-2.6999999999999886,-98.0,70
-87.88724,-6.755453,0.0,-99.007675,13.371894,0.0,-93.6,3.3000000000000114,70
88.05069,6.7721634,0.0,41.287025,-40.221508,0.0,79.60000000000002,12.600000000000009,70
88.87554,94.397835,0.0,15.317682,84.76107,0.0,52.30000000000001,90.60000000000002,70
-98.09588,5.767628,0.0,9.942838,-46.203403,0.0,-77.9,-13.899999999999991,70
67.777664,-19.954155,0.0,-78.40166,-17.80709,0.0,-78.5,9.600000000000009,70
47.81343,82.089386,0.0,-80.33765,0.5602797,0.0,-80.8,82.10000000000002,70
-98.77409,36.149776,0.0,-52.000103,-31.340021,0.0,-83.1,-14.299999999999997,70
49.56119,21.173567,0.0,9.7231,12.636783,0.0,17.400000000000006,39.400000000000006,70
57.14076,-97.90378,0.0,-75.2547,53.74083,0.0,53.900000000000006,-80.0,70
-39.29563,86.13005,0.0,-31.090435,50.62465,0.0,-56.099999999999994,88.10000000000002,70
-57.946297,77.54376,0.0,-90.43491,75.64777,0.0,-75.3,96.5,70
-83.242035,-90.66901,0.0,-43.99032,-98.20746,0.0,-63.699999999999996,-95.2,70
81.20892,-85.385254,0.0,-29.281271,-16.658495,0.0,-0.09999999999999432,-83.1,70
-67.092735,75.948135,0.0,-75.40224,-43.482822,0.0,-98.1,-40.0,70
-25.668646,-53.27956,0.0,-97.3776,0.4345813,0.0,-78.8,-14.5,70
-10.159836,17.761494,0.0,-97.03397,5.045338,0.0,-76.5,9.700000000000003,70
-87.43935,-61.9202,0.0,-92.99621,-85.52191,0.0,-91.2,-74.0,70
-49.76517,48.78131,0.0,71.4393,31.681206,0.0,-25.39999999999999,28.200000000000017,70
-13.281195,-99.15417,0.0,55.83737,-15.282818,0.0,55.80000000000001,-73.6,70
-76.51091,-32.39052,0.0,-0.82260954,-54.68924,0.0,-100.0,-37.099999999999994,70
-34.407055,-74.50026,0.0,-24.435219,-30.895254,0.0,-41.3,-50.8,70
-31.792618,-46.588116,0.0,45.07318,-75.35002,0.0,0.8000000000000114,-45.9,70
8.634071,-95.069565,0.0,22.10847,24.432575,0.0,23.0,-78.9,70
-18.240807,-89.340324,0.0,67.19538,23.168573,0.0,49.30000000000001,-80.4,70
77.483604,96.2222,0.0,28.47842,-84.3653,0.0,23.0,76.70000000000002,70
-32.825813,33.051685,0.0,-67.3752,-88.49079,0.0,-58.8,-83.0,70
-11.763348,11.523579,0.0,-65.53694,-89.072426,0.0,-53.9,-100.0,70
6.522702,83.037704,0.0,-86.518715,-74.26496,0.0,-83.6,83.0,70
-15.855626,-50.64552,0.0,52.294083,-67.88524,0.0,62.900000000000006,-47.199999999999996,70
1.2142782,11.370896,0.0,96.7334,-13.700824,0.0,95.0,49.5,70
-30.685307,55.741642,0.0,12.367812,99.274635,0.0,-0.6999999999999886,83.0,70
33.268486,-97.885544,0.0,9.593504,-39.69222,0.0,25.10000000000001,-59.599999999999994,70
17.403996,-2.8355248,0.0,-94.8111,42.76066,0.0,28.200000000000017,20.60000000000001,70
12.044464,-29.47834,0.0,63.879906,63.99452,0.0,53.80000000000001,-70.3,70
-51.153004,-67.36348,0.0,-75.89979,94.357666,0.0,-44.099999999999994,79.60000000000002,70
92.22478,-70.8537,0.0,-71.83591,82.72476,0.0,100.0,82.70000000000002,70
99.288795,41.581264,0.0,58.343056,94.31015,0.0,99.30000000000001,79.0,70
11.146861,-85.0964,0.0,8.559835,86.42369,0.0,26.700000000000003,-85.3,70
70.47594,13.983732,0.0,-86.910225,88.58594,0.0,46.20000000000002,84.4,70
92.66746,47.43794,0.0,-52.27489,64.06897,0.0,92.9,31.099999999999994,70
59.496296,72.63242,0.0,62.283897,-52.415886,0.0,59.5,11.0,70
-32.232086,-85.71663,0.0,69.86267,96.079285,0.0,51.0,81.9,70
-49.88966,79.7662,0.0,-41.433666,13.636163,0.0,-36.699999999999996,37.80000000000001,70
42.792152,-44.29347,0.0,78.35928,-94.16681,0.0,40.400000000000006,-56.5,70
50.510258,86.88963,0.0,94.38334,-1.0361933,0.0,72.20000000000002,61.80000000000001,70
-47.670746,-89.20665,0.0,-23.506971,80.64186,0.0,-22.19999999999999,86.30000000000001,70
-54.41098,12.644357,0.0,-92.44723,20.416063,0.0,-74.2,-19.39999999999999,70
9.255006,-80.86196,0.0,-86.2791,-99.217926,0.0,-38.699999999999996,-90.7,70
-87.65009,4.9956,0.0,-35.56366,76.42809,0.0,-82.6,88.30000000000001,70
-45.14894,-10.86604,0.0,-43.137714,19.974255,0.0,-42.8,4.5,70
-37.11204,-98.43025,0.0,-34.86419,-43.67221,0.0,-46.5,-64.19999999999999,70
-1.1700087,-77.8759,0.0,74.09188,12.08619,0.0,26.80000000000001,-100.0,70
-39.94298,-64.68251,0.0,61.757553,87.291626,0.0,-20.19999999999999,83.30000000000001,70
15.855066,-87.64408,0.0,-92.95102,-29.550337,0.0,-79.9,-81.7,70
-41.40395,67.94781,0.0,-52.532818,38.55576,0.0,-43.8,53.60000000000002,70
32.1357,32.26647,0.0,51.852413,50.741425,0.0,56.20000000000002,32.20000000000002,70
-99.27319,52.908566,0.0,58.79484,-83.61861,0.0,-74.2,-83.7,70
92.72871,59.0106,0.0,-34.5994,-75.92185,0.0,0.30000000000001137,-99.9,70
-87.94482,53.021812,0.0,-86.29595,-66.05239,0.0,-88.5,-6.5,70
-12.377145,-36.713127,0.0,29.400005,-86.974686,0.0,0.20000000000000284,-90.3,70
-85.85294,-77.81294,0.0,83.598434,-78.83811,0.0,-69.0,-95.3,70
73.72205,14.641009,0.0,90.40277,-60.93643,0.0,50.900000000000006,-20.599999999999994,70
-88.24985,-78.56396,0.0,25.484623,99.29721,0.0,-83.3,73.60000000000002,70
-31.679579,-20.224104,0.0,-75.64704,76.95969,0.0,-60.099999999999994,78.10000000000002,70
97.06736,12.247411,0.0,77.930336,98.360825,0.0,100.0,74.0,70
-54.334858,31.814013,0.0,-49.628456,97.93307,0.0,-35.599999999999994,48.30000000000001,70
-53.093246,49.55983,0.0,11.28079,21.976166,0.0,-16.5,22.900000000000006,70
85.01031,-77.81958,0.0,-40.18599,-40.527645,0.0,-40.599999999999994,-78.3,70
-76.8372,-99.66023,0.0,27.07414,79.538666,0.0,-100.0,80.5,70
-81.188545,-52.18637,0.0,54.79876,-67.18577,0.0,61.70000000000002,-78.0,70
2.6225362,22.393774,0.0,-35.895596,50.97485,0.0,-37.5,23.80000000000001,70
-88.64695,-40.214954,0.0,21.393099,-75.94401,0.0,-84.5,-100.0,70
67.06451,-35.53154,0.0,-20.080452,7.8490334,0.0,-19.69999999999999,45.599999999999994,70
-94.44456,89.86777,0.0,28.594122,-24.61101,0.0,-88.2,27.400000000000006,70
-41.306606,-80.831985,0.0,-88.99483,57.63343,0.0,-80.7,-89.0,70
-35.569363,17.804338,0.0,-60.744812,88.19018,0.0,-54.3,81.70000000000002,70
63.815582,-95.68599,0.0,41.79148,31.887651,0.0,56.10000000000002,16.5,70
67.036934,10.252558,0.0,9.523896,99.371796,0.0,52.099999999999994,77.60000000000002,70
3.3483465,-77.6238,0.0,-49.222424,48.13831,0.0,-5.3999999999999915,-98.9,70
-37.28984,-26.22158,0.0,-34.112507,15.462565,0.0,-41.0,-5.0,70
-43.5634,-33.672752,0.0,86.803406,86.29464,0.0,-38.599999999999994,84.80000000000001,70
-85.91509,48.654686,0.0,31.34534,-88.29425,0.0,-84.1,-82.7,70
-79.818214,-6.6326175,0.0,98.398796,91.09231,0.0,-80.2,81.30000000000001,70
75.770874,8.776478,0.0,20.199497,-52.23013,0.0,29.200000000000017,42.099999999999994,70
-97.58268,18.524,0.0,-78.9033,23.789703,0.0,-93.2,23.200000000000003,70
-12.086692,-83.748405,0.0,37.73535,-85.75307,0.0,13.100000000000009,-86.9,70
-78.51843,9.855047,0.0,-3.3005617,-49.991734,0.0,-87.5,3.4000000000000057,70
30.681936,-45.975147,0.0,97.431366,-49.01095,0.0,93.0,-48.699999999999996,70
81.18094,94.0185,0.0,-33.62664,4.6070414,0.0,35.5,45.20000000000002,70
89.82322,17.475739,0.0,91.72434,3.277604,0.0,96.70000000000002,21.400000000000006,70
-35.535774,1.3196921,0.0,25.746181,-85.682945,0.0,-21.5,-85.1,70
-50.08977,86.988464,0.0,17.335861,26.579845,0.0,-30.0,26.400000000000006,70
-90.74267,-77.61607,0.0,-59.266285,-78.82271,0.0,-78.6,-87.5,70
-53.99279,81.34473,0.0,-36.322437,90.80779,0.0,-44.099999999999994,88.9,70
54.432198,49.475067,0.0,-29.033041,96.5372,0.0,54.5,79.60000000000002,70
-5.03568,77.78371,0.0,97.369064,-72.70519,0.0,97.4,78.4,70
50.843624,55.36802,0.0,20.308987,-8.879543,0.0,26.900000000000006,15.600000000000009,70
-62.44717,88.22173,0.0,-94.253876,-6.7668147,0.0,-81.8,83.0,70
13.091751,-22.120495,0.0,-77.410965,98.80772,0.0,-62.699999999999996,74.5,70
8.75673,-40.479992,0.0,64.29931,-73.310844,0.0,49.0,-54.4,70
-30.885977,9.57145,0.0,13.174884,-1.4983044,0.0,-37.699999999999996,9.300000000000011,70
-54.228844,-27.897379,0.0,92.819664,3.6275573,0.0,74.70000000000002,21.10000000000001,70
50.801056,-63.399822,0.0,91.7546,19.850513,0.0,100.0,0.8000000000000114,70
-45.092274,82.37888,0.0,31.652594,-78.533195,0.0,-28.0,-79.1,70
-33.298145,24.571457,0.0,-86.02668,-63.147358,0.0,-72.6,-20.599999999999994,70
51.521065,-25.316896,0.0,-77.28022,98.52865,0.0,-54.699999999999996,71.9,70
38.857433,-77.215294,0.0,-78.77545,13.396287,0.0,-92.2,-77.2,70
-98.556435,3.7047646,0.0,-16.929106,8.1241045,0.0,-75.7,7.0,70
-8.556597,81.25654,0.0,-23.598091,24.354704,0.0,-77.9,81.30000000000001,70
-27.684423,11.857079,0.0,93.22386,-39.432,0.0,-6.3999999999999915,22.30000000000001,70
-85.07057,-37.717342,0.0,95.55843,6.170737,0.0,-83.8,-19.099999999999994,70
-14.205052,90.171616,0.0,39.73694,-49.996998,0.0,26.30000000000001,77.9,70
1.3188177,-44.910244,0.0,37.46025,27.521908,0.0,-73.4,1.4000000000000057,70
30.338339,-93.642624,0.0,-35.69135,91.53633,0.0,-40.5,-79.2,70
-47.606705,59.43675,0.0,-23.630848,18.318537,0.0,-36.0,28.0,70
-14.704153,-83.25425,0.0,96.52506,-63.91732,0.0,97.10000000000002,-83.4,70
-92.677635,-93.12465,0.0,-90.00096,1.6087382,0.0,-92.5,-45.699999999999996,70
51.426506,81.741875,0.0,2.9905655,-32.452618,0.0,78.70000000000002,26.700000000000003,70
-27.373583,25.508017,0.0,29.867136,-29.980515,0.0,-19.39999999999999,15.400000000000006,70
42.315884,77.57722,0.0,30.584887,-89.6542,0.0,-3.299999999999997,-82.3,70
97.0945,9.789789,0.0,-52.350414,-46.126575,0.0,100.0,-42.599999999999994,70
-52.274136,-68.66025,0.0,-29.420084,-54.8477,0.0,-47.699999999999996,-55.4,70
71.33603,-89.436165,0.0,3.9317794,-49.40113,0.0,44.0,-49.3,70
-43.058807,40.876274,0.0,82.6832,0.13753742,0.0,-38.699999999999996,38.099999999999994,70
36.3101,-93.50428,0.0,-74.122856,-87.6412,0.0,-18.799999999999997,-92.0,70
27.878008,-79.302185,0.0,-54.4559,-48.296314,0.0,-8.199999999999989,-83.3,70
56.45267,-24.094564,0.0,-97.37284,-29.004688,0.0,61.10000000000002,-7.799999999999997,70
64.14298,23.663977,0.0,-32.086006,3.6464689,0.0,2.1000000000000085,33.30000000000001,70
87.12924,98.29033,0.0,71.36546,0.6272502,0.0,63.900000000000006,77.9,70
-84.75644,94.41298,0.0,-46.971622,34.49276,0.0,-47.0,78.30000000000001,70
-95.75835,-17.498665,0.0,3.8202446,98.49529,0.0,-78.9,67.70000000000002,70
17.9214,22.867807,0.0,-33.75988,35.77388,0.0,-28.599999999999994,21.60000000000001,70
18.322994,-89.36454,0.0,96.7502,74.27715,0.0,96.80000000000001,-85.0,70
-50.273098,91.22479,0.0,67.57779,19.413067,0.0,49.70000000000002,80.80000000000001,70
74.58459,2.5712795,0.0,-27.79592,5.7954707,0.0,-30.599999999999994,17.400000000000006,70
-75.8667,37.098373,0.0,-75.92883,45.91762,0.0,-89.0,23.30000000000001,70
16.22751,7.3789573,0.0,-32.623787,-58.5527,0.0,-22.89999999999999,31.599999999999994,70
25.307709,-83.668594,0.0,-25.052702,-23.209791,0.0,-4.599999999999994,-79.9,70
92.082306,-56.532883,0.0,-43.545094,-29.770536,0.0,92.4,-63.4,70
61.786583,19.578957,0.0,-59.79044,93.551315,0.0,57.70000000000002,79.80000000000001,70
-27.44653,-48.605152,0.0,46.31853,-85.225204,0.0,76.70000000000002,-49.099999999999994,70
3.968354,26.589613,0.0,50.977615,-92.74386,0.0,73.60000000000002,28.400000000000006,70
-32.03333,94.77151,0.0,56.258865,84.326645,0.0,12.0,94.60000000000002,70
-28.632963,82.975716,0.0,-8.707058,85.27278,0.0,-18.89999999999999,86.80000000000001,70
-17.735657,-51.76052,0.0,-17.341742,77.197266,0.0,-54.199999999999996,78.10000000000002,70
-15.48901,-53.452892,0.0,33.913162,76.82128,0.0,19.200000000000003,95.20000000000002,70
22.22513,31.847511,0.0,-0.52938104,80.47051,0.0,23.0,87.10000000000002,70
-94.72851,-41.251118,0.0,-22.252968,-90.69021,0.0,-77.2,-80.2,70
-27.382343,96.87449,0.0,68.18215,-76.221886,0.0,42.0,77.9,70
-33.876167,-23.09009,0.0,-47.042713,-3.3248334,0.0,-40.5,-13.199999999999989,70
62.451805,57.705025,0.0,90.345345,55.494404,0.0,57.0,50.599999999999994,70
-80.19397,-77.85345,0.0,3.2505465,17.668413,0.0,-83.1,10.900000000000006,70
-13.239711,-36.497803,0.0,-27.82854,28.190046,0.0,-33.7,-27.0,70
52.09484,-9.360199,0.0,4.9477906,-41.99438,0.0,52.20000000000002,-52.599999999999994,70
63.443012,-45.424347,0.0,56.428947,61.294323,0.0,59.60000000000002,7.300000000000011,70
-6.65318,83.81024,0.0,96.03086,-62.827526,0.0,96.0,83.80000000000001,70
69.694275,14.121376,0.0,-98.522316,94.76115,0.0,48.099999999999994,78.5,70
94.963104,-98.721634,0.0,97.903496,89.47426,0.0,100.0,-78.8,70
-54.02875,9.232531,0.0,34.088875,-96.15354,0.0,24.200000000000003,-76.4,70
-50.639217,79.12309,0.0,-88.83292,-16.599207,0.0,-81.3,91.80000000000001,70
-24.080769,34.998966,0.0,-12.3633585,-90.38669,0.0,-35.2,-80.9,70
-92.07332,7.7555423,0.0,-75.58128,-6.31609,0.0,-89.5,2.3000000000000114,70
8.601521,78.074646,0.0,25.721533,13.0800495,0.0,22.80000000000001,34.30000000000001,70
87.334694,32.74618,0.0,57.33928,-9.987984,0.0,67.4,8.0,70
-53.526794,-19.527422,0.0,-99.74616,-74.24074,0.0,-86.8,-54.599999999999994,70
-5.221855,-93.682106,0.0,-21.491535,-93.56633,0.0,-13.399999999999991,-93.8,70
-15.2419195,25.118298,0.0,45.21225,-78.83831,0.0,0.9000000000000057,17.60000000000001,70
-28.950155,16.205511,0.0,-92.71942,18.509647,0.0,-69.3,15.5,70
63.65019,-69.84277,0.0,-39.615475,0.16060774,0.0,54.30000000000001,51.5,70
-75.439415,7.773183,0.0,-86.008316,-91.005486,0.0,-100.0,-23.299999999999997,70
12.381201,-19.916983,0.0,5.1816726,76.27429,0.0,13.200000000000003,91.80000000000001,70
-79.06405,38.109753,0.0,95.423805,2.6062171,0.0,-90.2,53.60000000000002,70
62.95048,63.941456,0.0,-45.765537,15.294207,0.0,52.900000000000006,34.0,70
-84.25917,-87.93072,0.0,-42.522903,-13.442688,0.0,-47.3,-83.2,70
92.31968,60.460297,0.0,59.112206,89.1949,0.0,100.0,89.20000000000002,70
-74.614914,-95.1885,0.0,-97.57113,1.0091562,0.0,-97.3,-60.9,70
-92.12357,-29.324013,0.0,66.32669,-83.18654,0.0,-80.9,-83.2,70
12.890242,-28.5454,0.0,19.756279,32.16849,0.0,26.5,-15.899999999999991,70
-26.323404,78.02828,0.0,94.571785,99.71109,0.0,33.30000000000001,89.20000000000002,70
-15.479586,-75.297554,0.0,-80.01867,27.861887,0.0,-83.8,27.0,70
-62.617615,75.07638,0.0,1.4024111,-35.18543,0.0,-2.6999999999999886,-36.3,70
17.16511,-83.40429,0.0,48.788616,-87.75632,0.0,33.099999999999994,-88.9,70
-52.200672,-20.757528,0.0,51.759415,67.87379,0.0,-22.799999999999997,25.30000000000001,70
52.392006,-41.361767,0.0,-26.699415,75.59104,0.0,63.80000000000001,-36.199999999999996,70
-16.074144,75.18201,0.0,72.81026,13.253237,0.0,48.0,36.0,70
31.193665,81.74928,0.0,-7.5297217,20.084564,0.0,-32.5,20.30000000000001,70
16.082401,-27.172943,0.0,-31.967997,-62.869316,0.0,-37.599999999999994,-64.4,70
73.62589,32.341732,0.0,-99.003174,61.25994,0.0,-77.1,29.900000000000006,70
81.81733,33.259136,0.0,32.54501,30.121134,0.0,68.5,18.30000000000001,70
-54.84029,-49.800434,0.0,19.411066,-14.843599,0.0,17.80000000000001,-27.39999999999999,70
-76.12828,-7.6964326,0.0,-37.68941,-13.400844,0.0,-52.599999999999994,15.100000000000009,70
-21.56308,-30.88768,0.0,4.137156,-91.81261,0.0,-4.0,-67.69999999999999,70
-50.105095,-66.93109,0.0,-89.55928,-46.771297,0.0,-84.6,-33.599999999999994,70
42.19385,-79.95724,0.0,58.688534,53.35107,0.0,58.80000000000001,-83.2,70
24.124216,-79.14685,0.0,60.99963,-84.34382,0.0,41.599999999999994,-91.7,70
96.79738,49.300926,0.0,59.491634,60.776844,0.0,66.30000000000001,72.80000000000001,70
-66.91967,-81.01342,0.0,-99.16584,-45.54962,0.0,-82.9,-81.5,70
42.369564,77.80181,0.0,62.576942,97.22005,0.0,51.0,95.5,70
-51.828693,36.627666,0.0,-94.1291,96.463264,0.0,-48.4,78.30000000000001,70
-82.228424,66.19132,0.0,68.02729,63.433384,0.0,-77.2,77.5,70
-92.19852,-18.328932,0.0,-93.47813,-15.601042,0.0,-93.4,-17.0,70
-45.52272,80.98643,0.0,31.923334,77.725136,0.0,-8.0,97.0,70
-52.22472,59.07812,0.0,-94.625046,-27.573788,0.0,-86.0,3.8000000000000114,70
16.177294,-1.3938109,0.0,9.378753,-29.202217,0.0,29.900000000000006,-16.099999999999994,70
-80.03433,-29.999945,0.0,-15.897329,-35.460865,0.0,-80.1,-23.799999999999997,70
28.846285,95.02616,0.0,53.901604,-59.111996,0.0,57.20000000000002,80.60000000000002,70
-1.3035768,-35.463547,0.0,58.834236,-72.730576,0.0,58.80000000000001,-59.0,70
-88.50047,-8.147604,0.0,95.59491,6.8760104,0.0,-83.3,-20.39999999999999,70
56.70077,90.438866,0.0,-61.922863,99.79195,0.0,-2.5999999999999943,95.80000000000001,70
-32.601345,0.58365816,0.0,-33.050476,87.179245,0.0,-50.5,59.80000000000001,70
-87.98161,40.3087,0.0,63.003773,-96.577515,0.0,-84.0,-74.5,70
74.80566,9.61701,0.0,-61.51665,-95.11499,0.0,-16.69999999999999,-60.4,70
-16.875443,31.602064,0.0,-3.941735,75.614006,0.0,-29.599999999999994,30.099999999999994,70
-90.4332,17.402348,0.0,-22.982561,10.241806,0.0,-70.9,14.300000000000011,70
-80.94125,61.107124,0.0,-89.565155,26.873285,0.0,-91.0,43.0,70
-53.984467,-15.133644,0.0,7.536741,-49.494934,0.0,-19.099999999999994,-31.39999999999999,70
58.76847,31.101652,0.0,61.094536,4.441438,0.0,61.20000000000002,18.30000000000001,70
-31.259571,71.01674,0.0,24.30737,-40.84508,0.0,-40.3,-31.700000000000003,70
60.299767,0.38633093,0.0,50.34698,36.01838,0.0,76.80000000000001,46.599999999999994,70
-80.12053,15.548681,0.0,11.910676,19.287006,0.0,-80.2,26.10000000000001,70
15.665623,78.669464,0.0,-96.29532,-69.271,0.0,-74.7,79.60000000000002,70
-48.276257,63.797146,0.0,56.326126,-44.33731,0.0,-22.69999999999999,-54.599999999999994,70
-50.78386,68.74019,0.0,-33.80035,76.52275,0.0,-46.5,75.4,70
-61.56981,-89.01623,0.0,-28.098866,-14.718215,0.0,-53.9,-81.7,70
9.47775,-32.058548,0.0,-91.419365,42.603607,0.0,-78.4,-47.8,70
-39.736446,-80.62235,0.0,-85.90902,57.651848,0.0,-82.9,-89.9,70
-28.620373,20.84886,0.0,91.85227,58.087994,0.0,96.20000000000002,33.20000000000002,70
-34.559273,61.331524,0.0,32.995033,80.8435,0.0,-35.099999999999994,80.9,70
-90.43934,65.47896,0.0,26.69052,7.838342,0.0,-81.3,52.900000000000006,70
44.90559,-48.775345,0.0,20.067276,-25.445534,0.0,20.10000000000001,-44.4,70
98.14635,-99.16885,0.0,-48.54014,-46.267345,0.0,-25.39999999999999,-75.0,70
-77.52159,-0.08698889,0.0,-82.7275,-2.3492064,0.0,-93.4,-4.199999999999989,70
5.3369956,80.231026,0.0,51.439247,-20.872143,0.0,68.0,80.80000000000001,70
-50.209217,-42.53798,0.0,38.84691,-85.22389,0.0,-19.799999999999997,-85.2,70
-10.362177,24.47949,0.0,-41.480103,-76.09356,0.0,-40.4,1.9000000000000057,70
59.79907,-3.0313468,0.0,-53.6098,-72.914566,0.0,54.70000000000002,-100.0,70
-33.28904,-22.07341,0.0,-55.095932,84.64282,0.0,-44.0,79.70000000000002,70
-34.37505,-89.163086,0.0,72.94304,3.5913844,0.0,-9.799999999999997,-75.8,70
25.436287,-22.365559,0.0,91.631996,-28.703213,0.0,25.5,-28.5,70
4.936216,25.011517,0.0,16.896633,-10.288886,0.0,24.0,3.9000000000000057,70
46.49935,-47.226196,0.0,24.944489,-23.563713,0.0,22.700000000000003,-47.3,70
-28.04685,-29.637506,0.0,-68.75464,91.35031,0.0,-64.19999999999999,79.9,70
56.47868,34.865025,0.0,-61.051044,-97.8221,0.0,57.70000000000002,-74.4,70
31.784634,-88.0216,0.0,-28.23736,-85.7772,0.0,1.7000000000000028,-88.2,70
65.74831,-88.63399,0.0,93.66964,-39.16313,0.0,97.9,-83.7,70
53.73855,44.237328,0.0,49.604687,-50.246895,0.0,69.20000000000002,-22.299999999999997,70
-90.55467,-77.70015,0.0,-96.39048,-55.53246,0.0,-94.1,-66.6,70
21.181967,12.388483,0.0,64.507195,-65.21603,0.0,22.0,-17.69999999999999,70
92.980705,78.50307,0.0,20.78682,90.637535,0.0,64.80000000000001,94.4,70
77.933975,-93.13227,0.0,56.046013,-32.70684,0.0,69.0,-82.7,70
13.317931,9.883743,0.0,58.73188,-93.2769,0.0,41.20000000000002,-87.0,70
94.7334,-3.5751317,0.0,99.53527,7.9303184,0.0,100.0,5.700000000000003,70
43.213963,-94.426384,0.0,63.253143,-89.30532,0.0,53.099999999999994,-92.6,70
-88.618675,-81.42092,0.0,18.802801,-26.812021,0.0,-81.7,-74.2,70
-21.286053,98.00042,0.0,95.46059,54.627346,0.0,96.60000000000002,79.10000000000002,70
-34.6954,-4.762126,0.0,19.044382,-51.64545,0.0,-33.39999999999999,-25.5,70
57.037773,11.940631,0.0,46.544167,-84.51295,0.0,59.5,-83.0,70
-52.16235,-41.232605,0.0,-53.467045,0.18952166,0.0,-35.7,-12.399999999999991,70
94.05867,-83.63416,0.0,51.71863,2.537657,0.0,76.5,-83.8,70
27.835155,25.16201,0.0,-82.567116,52.992645,0.0,-83.5,33.099999999999994,70
41.934227,-77.08321,0.0,18.696533,-90.82691,0.0,37.30000000000001,-95.0,70
16.204483,7.8312526,0.0,55.89025,67.41833,0.0,55.60000000000002,50.599999999999994,70
28.439623,33.627155,0.0,-18.352667,96.43082,0.0,21.80000000000001,86.60000000000002,70
6.4765215,-96.67014,0.0,-3.0768826,78.52523,0.0,35.0,-72.9,70
-33.75349,-53.56396,0.0,66.54174,-58.22247,0.0,0.30000000000001137,-32.7,70
-47.458878,-54.801525,0.0,53.142563,-29.06754,0.0,-36.8,-33.3,70
39.409924,99.63486,0.0,95.625,21.502516,0.0,100.0,70.60000000000002,70
-38.6237,-86.51355,0.0,18.193787,-93.02134,0.0,-10.799999999999997,-93.0,70
-76.41496,62.88188,0.0,-21.10494,13.553483,0.0,-78.6,37.900000000000006,70
-85.31286,-14.197046,0.0,-91.24727,73.58772,0.0,-90.4,29.900000000000006,70
20.527216,94.23828,0.0,-7.8131065,22.926794,0.0,36.599999999999994,88.20000000000002,70
68.08156,-19.198395,0.0,60.700336,-70.858246,0.0,58.0,-38.3,70
50.887573,25.957352,0.0,-78.67073,0.63160354,0.0,-79.2,30.099999999999994,70
-55.4609,-99.11496,0.0,-96.2518,-69.809204,0.0,-80.8,-86.1,70
-54.262836,-64.26072,0.0,27.066391,-16.303726,0.0,0.30000000000001137,-35.3,70
51.72014,82.9763,0.0,-41.123398,-80.562256,0.0,-23.700000000000003,83.10000000000002,70
34.3314,-51.63228,0.0,-24.515728,-31.52235,0.0,-4.699999999999989,-42.9,70
-92.91045,32.481792,0.0,67.277115,77.06841,0.0,-80.1,100.0,70
65.10464,-75.68791,0.0,-99.87029,13.943398,0.0,-72.5,-100.0,70
33.159042,-85.90261,0.0,-2.2582273,19.26028,0.0,32.400000000000006,-86.7,70
-53.573387,54.373997,0.0,78.370285,5.2344112,0.0,41.70000000000002,31.0,70
-92.27326,-1.2576338,0.0,14.458101,34.284077,0.0,-78.0,-16.19999999999999,70
-35.20643,-87.960884,0.0,-69.661064,-76.83961,0.0,-47.699999999999996,-94.7,70
-84.10311,94.16772,0.0,38.06058,94.63475,0.0,-23.299999999999997,94.80000000000001,70
-16.145452,-78.599174,0.0,67.13987,-30.698347,0.0,40.80000000000001,-79.6,70
-86.78711,44.679806,0.0,3.6884024,17.721106,0.0,-83.3,38.70000000000002,70
63.380203,9.103671,0.0,2.1696818,17.078959,0.0,53.900000000000006,35.099999999999994,70
-98.672134,-11.227005,0.0,-0.54498875,79.9999,0.0,-73.6,80.0,70
97.61303,41.37764,0.0,90.48043,65.26079,0.0,100.0,63.60000000000002,70
-79.40514,50.84939,0.0,25.703217,-5.9391413,0.0,-31.299999999999997,50.599999999999994,70
-98.586136,72.1376,0.0,91.66309,13.846406,0.0,-69.9,45.5,70
61.619377,-18.106565,0.0,34.756554,90.995605,0.0,56.10000000000002,82.20000000000002,70
-46.03757,18.17451,0.0,-97.313934,-21.409792,0.0,-57.3,-13.099999999999994,70
99.141365,59.234837,0.0,-35.62619,43.17717,0.0,93.80000000000001,84.70000000000002,70
-76.77988,67.37139,0.0,44.114784,78.05792,0.0,-43.4,98.20000000000002,70
18.244228,-28.752739,0.0,-74.806755,-99.324,0.0,-12.699999999999989,-60.199999999999996,70
34.975437,-82.658295,0.0,-91.26265,-91.17957,0.0,-27.599999999999994,-92.3,70
51.048527,-61.84787,0.0,-45.22568,-93.826645,0.0,50.400000000000006,-82.2,70
-79.008896,-41.56246,0.0,66.31836,-78.06563,0.0,-82.9,-100.0,70
56.458187,-54.840347,0.0,-29.23718,76.130104,0.0,57.10000000000002,88.4,70
99.04219,89.31824,0.0,88.84707,14.491662,0.0,100.0,36.20000000000002,70
96.28015,36.19448,0.0,6.585107,97.61851,0.0,96.60000000000002,72.5,70
7.390011,99.702545,0.0,36.61092,-52.160545,0.0,50.30000000000001,90.0,70
-73.35867,81.29364,0.0,75.29089,12.500494,0.0,41.30000000000001,81.30000000000001,70
65.20867,-6.4526715,0.0,-51.215607,-2.6665218,0.0,47.70000000000002,35.900000000000006,70
-46.69406,-47.728848,0.0,-78.10404,-44.533085,0.0,-34.7,-13.699999999999989,70
97.20721,-59.524544,0.0,-36.108585,-76.65151,0.0,97.20000000000002,-100.0,70
54.395325,78.73724,0.0,-97.6718,-1.3184861,0.0,-75.5,83.0,70
69.1156,-15.851744,0.0,-50.431347,-72.11347,0.0,-25.5,-58.099999999999994,70
-39.45939,-39.4362,0.0,-30.926018,-72.49164,0.0,-50.3,-76.7,70
43.73726,-41.077805,0.0,92.16088,-24.938717,0.0,95.4,-51.0,70
39.085762,-76.13758,0.0,54.01788,-86.71487,0.0,47.599999999999994,-87.1,70
-76.35028,25.592028,0.0,-78.56533,-54.448025,0.0,-100.0,27.0,70
-93.34683,-13.257566,0.0,20.674656,-16.009245,0.0,-76.1,10.5,70
61.305145,47.64396,0.0,9.456713,87.850494,0.0,55.900000000000006,84.4,70
-65.00511,-88.72638,0.0,91.16062,-47.36941,0.0,-12.199999999999989,-57.099999999999994,70
-11.003778,-91.79606,0.0,-90.69547,-39.446724,0.0,-79.2,-76.3,70
96.356865,51.805763,0.0,61.94296,-60.073814,0.0,96.5,-5.199999999999989,70
-30.943995,78.49674,0.0,21.170113,-13.97232,0.0,-12.599999999999994,86.4,70
83.43274,-98.466515,0.0,-24.549208,-1.0566283,0.0,-46.0,-72.6,70
28.968626,-15.677781,0.0,-51.614494,-91.76681,0.0,-31.39999999999999,-53.4,70
33.64759,87.03175,0.0,-33.868423,45.437916,0.0,-37.3,85.0,70
-78.935234,-85.36366,0.0,-90.047295,45.012074,0.0,-95.3,-60.9,70
97.569595,-81.91646,0.0,-75.73667,26.142332,0.0,44.599999999999994,-99.3,70
-25.202381,5.05469,0.0,-82.92903,-37.61684,0.0,-76.3,-34.39999999999999,70
28.129847,-21.357754,0.0,-52.384514,-58.96196,0.0,-12.299999999999997,-37.8,70
-65.6831,-75.6446,0.0,88.98233,6.58001,0.0,48.80000000000001,33.900000000000006,70
-50.600395,-69.2288,0.0,-24.847578,-30.58007,0.0,-29.200000000000003,-51.599999999999994,70
-92.55842,-45.596626,0.0,-44.22045,11.166585,0.0,-75.1,-26.700000000000003,70
67.76291,12.212866,0.0,81.221405,-82.55899,0.0,45.099999999999994,-82.5,70
11.282875,91.78326,0.0,-8.322121,-76.98343,0.0,23.30000000000001,88.70000000000002,70
-75.46486,50.315445,0.0,98.974785,99.71999,0.0,88.70000000000002,78.80000000000001,70
51.690735,54.982178,0.0,86.65231,-85.44205,0.0,77.80000000000001,-85.4,70
-45.74447,79.95802,0.0,-75.36513,-4.1525817,0.0,-44.4,55.60000000000002,70
-65.55486,-99.299515,0.0,-16.552353,-99.8829,0.0,-41.099999999999994,-99.7,70
63.709652,-84.44589,0.0,4.9338484,-94.8984,0.0,34.70000000000002,-91.2,70
-81.37036,-4.8542385,0.0,90.97921,43.587803,0.0,-91.2,34.70000000000002,70
62.65045,20.221037,0.0,48.31875,-52.132687,0.0,58.5,-24.599999999999994,70
44.26743,87.917534,0.0,-98.96305,47.855515,0.0,-76.4,84.70000000000002,70
52.738914,-22.207504,0.0,40.395878,96.82128,0.0,53.0,79.70000000000002,70
-89.21595,9.796904,0.0,52.74265,-46.996773,0.0,-82.5,-43.5,70
61.021744,-97.55395,0.0,97.83089,2.1137516,0.0,97.9,-80.8,70
-30.185984,-88.66748,0.0,24.976458,-48.38376,0.0,-49.699999999999996,-48.4,70
95.08928,69.66903,0.0,94.1129,-39.62569,0.0,98.0,13.300000000000011,70
-0.21234708,-38.376812,0.0,23.069977,-93.594444,0.0,13.5,-62.4,70
-34.85818,43.00748,0.0,-44.27626,-52.835567,0.0,-39.099999999999994,-4.699999999999989,70
31.437197,-81.85526,0.0,27.468647,-49.73303,0.0,30.700000000000017,-100.0,70
-76.4622,-75.799805,0.0,57.33165,95.18201,0.0,37.400000000000006,99.20000000000002,70
-90.74981,8.507438,0.0,-23.11724,-87.24849,0.0,-79.2,-82.7,70
49.09118,-50.338623,0.0,48.79172,-97.84056,0.0,68.10000000000002,-52.3,70
6.424493,-85.46642,0.0,-51.534687,-63.810825,0.0,-17.69999999999999,-85.5,70
58.783585,41.194077,0.0,69.32728,-44.221157,0.0,57.5,18.5,70
-54.740284,36.049896,0.0,26.99223,-84.74069,0.0,17.900000000000006,-83.5,70
-16.289392,-31.780838,0.0,54.671516,-37.453236,0.0,54.70000000000002,-57.4,70
-81.97088,89.01924,0.0,-95.53101,-66.599884,0.0,-95.6,54.30000000000001,70
23.597591,-48.044533,0.0,-94.07672,4.1841745,0.0,-79.8,-14.699999999999989,70
51.72263,-93.24166,0.0,11.619733,-35.731293,0.0,63.70000000000002,-64.8,70
-24.37067,-23.694376,0.0,-99.87237,64.17851,0.0,-79.4,27.0,70
58.808563,71.89744,0.0,-91.34161,22.631746,0.0,-87.8,6.5,70
61.40858,-54.382294,0.0,52.08458,-92.01453,0.0,57.400000000000006,-80.1,70
68.71028,-67.514084,0.0,-90.08323,-12.994451,0.0,-76.0,-15.799999999999997,70
-52.47502,-88.10773,0.0,97.689735,-96.47786,0.0,49.80000000000001,-94.5,70
-44.63751,-61.797817,0.0,47.486664,-92.63762,0.0,-36.8,-81.4,70
-16.244438,-44.875538,0.0,29.625912,-10.104888,0.0,-25.5,-32.3,70
-90.1974,-42.394016,0.0,-76.31097,24.00101,0.0,-98.3,14.400000000000006,70
68.46426,2.793387,0.0,54.41673,-81.16572,0.0,69.5,20.400000000000006,70
98.49418,80.80351,0.0,17.846655,-0.23012204,0.0,100.0,45.80000000000001,70
-32.32645,-35.554108,0.0,-50.251842,24.405535,0.0,-43.3,-6.799999999999997,70
-81.16816,11.529775,0.0,-38.563995,-79.70577,0.0,-81.2,-88.5,70
-86.244675,-94.907776,0.0,61.647377,3.7303932,0.0,55.900000000000006,-76.9,70
0.65894806,-99.270454,0.0,-42.287598,-4.0660934,0.0,-15.599999999999994,-73.2,70
-21.405363,-49.323944,0.0,5.664014,30.559639,0.0,-35.099999999999994,0.10000000000000853,70
-40.444473,91.49563,0.0,59.482296,-68.214775,0.0,59.5,82.0,70
49.809475,81.28385,0.0,-79.0005,-62.301773,0.0,-86.1,82.0,70
23.39719,-46.94552,0.0,6.775603,92.83117,0.0,16.30000000000001,77.70000000000002,70
58.417397,-24.579634,0.0,4.086119,18.208382,0.0,58.400000000000006,35.80000000000001,70
28.431574,78.17631,0.0,-51.115295,76.41574,0.0,4.5,92.10000000000002,70
-8.726028,90.47716,0.0,-25.243475,6.0669336,0.0,-58.0,77.60000000000002,70
61.61771,88.96878,0.0,99.86188,-52.61064,0.0,99.5,82.4,70
92.795135,-47.616123,0.0,-96.43648,-55.371674,0.0,-80.9,-38.5,70
15.342965,-80.50342,0.0,92.76957,-11.493896,0.0,92.80000000000001,-81.8,70
69.07285,68.38152,0.0,87.815544,87.43059,0.0,60.20000000000002,92.10000000000002,70
-99.000084,-24.717285,0.0,63.117577,74.97043,0.0,52.80000000000001,66.5,70
-5.214883,98.33077,0.0,94.39646,53.56983,0.0,97.60000000000002,76.20000000000002,70
-67.57121,-87.61331,0.0,17.391037,26.429375,0.0,28.900000000000006,-82.7,70
99.875244,-16.049013,0.0,18.910667,-99.36785,0.0,99.9,-79.0,70
22.856207,97.92789,0.0,59.028168,1.644958,0.0,59.0,78.9,70
-35.850582,-35.599655,0.0,-43.48671,90.192085,0.0,-41.099999999999994,26.400000000000006,70
-54.173634,68.59205,0.0,-50.6255,77.067245,0.0,-30.599999999999994,62.5,70
-3.4203916,-89.59405,0.0,-12.747266,28.1907,0.0,-75.8,-73.3,70
93.27606,-14.356086,0.0,-37.27816,5.543423,0.0,93.30000000000001,47.80000000000001,70
-89.51961,-48.804047,0.0,-44.78446,97.4851,0.0,-81.9,77.60000000000002,70
-31.840906,-86.034904,0.0,63.03471,87.07469,0.0,55.60000000000002,-85.5,70
-22.846064,95.39895,0.0,-35.66568,7.1460667,0.0,-50.8,70.4,70
-54.612396,22.200607,0.0,86.2057,-83.599686,0.0,80.60000000000002,-83.6,70
1.8978534,96.93587,0.0,48.605453,-89.35437,0.0,32.900000000000006,-95.0,70
21.775375,-11.537506,0.0,-39.11955,-54.197773,0.0,19.900000000000006,-25.5,70
42.135933,75.3621,0.0,-30.671364,-47.15157,0.0,-27.599999999999994,-27.0,70
-34.49565,83.379776,0.0,58.20603,-85.196884,0.0,58.30000000000001,83.4,70
28.572704,24.127663,0.0,14.884408,89.23186,0.0,56.20000000000002,78.60000000000002,70
58.714653,-77.95244,0.0,-83.21465,16.686228,0.0,-83.2,-92.4,70
-4.617102,77.05003,0.0,-81.133835,71.83456,0.0,-81.9,85.0,70
65.64401,43.33425,0.0,12.061151,8.939959,0.0,44.599999999999994,42.900000000000006,70
-97.509544,-41.63544,0.0,90.82162,16.60254,0.0,-85.4,-31.799999999999997,70
14.527514,-29.135286,0.0,93.31038,-63.863735,0.0,39.30000000000001,-67.3,70
-55.847122,-94.17417,0.0,-52.543716,42.371002,0.0,-23.299999999999997,-34.89999999999999,70
67.1196,84.54645,0.0,-97.64838,46.159428,0.0,-77.8,84.60000000000002,70
-79.70117,-46.234097,0.0,53.591713,10.35106,0.0,-79.7,-18.69999999999999,70
17.601965,87.44005,0.0,92.642296,94.45594,0.0,55.0,92.10000000000002,70
-34.429474,82.73295,0.0,-91.825775,-81.828606,0.0,-78.5,86.4,70
-98.13932,-61.18095,0.0,-41.414345,14.456704,0.0,-58.4,-37.5,70
54.451885,-14.74727,0.0,-48.920853,29.582048,0.0,62.10000000000002,25.200000000000003,70
74.871056,26.602245,0.0,42.722176,-76.26559,0.0,50.70000000000002,-38.599999999999994,70
93.40365,46.601215,0.0,-38.673088,-65.606415,0.0,-44.5,-43.599999999999994,70
-33.335323,90.530785,0.0,-29.33732,4.0421543,0.0,-47.099999999999994,64.0,70
-25.442358,-85.764145,0.0,55.633812,-44.25669,0.0,61.900000000000006,-84.5,70
92.75655,-73.57839,0.0,56.73287,-80.44596,0.0,97.20000000000002,-94.3,70
26.993378,-90.08246,0.0,-62.513996,94.70115,0.0,-38.5,79.4,70
32.738598,34.135513,0.0,36.33449,-98.585495,0.0,37.70000000000002,-76.6,70
-81.741875,-35.79973,0.0,-98.85028,-75.83374,0.0,-90.7,-55.9,70
-81.137764,15.665228,0.0,-47.530594,-13.0946,0.0,-50.4,12.800000000000011,70
44.787785,23.443548,0.0,44.25599,-48.97833,0.0,47.900000000000006,-45.099999999999994,70
-37.607925,61.947647,0.0,-31.211933,25.046103,0.0,-43.3,32.400000000000006,70
58.18264,-37.490776,0.0,56.306736,35.467365,0.0,60.10000000000002,-1.2999999999999972,70
85.367165,3.2252598,0.0,-34.07055,72.95216,0.0,-35.5,73.30000000000001,70
65.63722,2.9537907,0.0,-88.561134,47.340626,0.0,54.0,2.200000000000003,70
-53.694695,46.447292,0.0,27.123907,-96.237,0.0,3.1000000000000085,-81.9,70
-89.18931,-91.53456,0.0,27.032066,-15.887774,0.0,-60.099999999999994,-83.5,70
-81.48569,-9.7955065,0.0,-48.402393,35.68641,0.0,-94.0,16.400000000000006,70
-77.66407,-73.49204,0.0,-40.09803,-88.34325,0.0,-86.6,-91.8,70
-91.11977,50.070454,0.0,23.109344,15.774525,0.0,-80.9,41.099999999999994,70
73.14621,-86.158585,0.0,-73.53463,-77.95454,0.0,28.30000000000001,-98.7,70
74.48738,17.172707,0.0,-48.20631,-51.163994,0.0,47.400000000000006,-42.099999999999994,70
-28.12067,-89.244026,0.0,18.932566,-36.163704,0.0,-47.699999999999996,-58.9,70
-37.103394,-79.46587,0.0,54.207718,-61.982616,0.0,54.0,-90.9,70
22.511614,-24.911453,0.0,14.727214,21.37187,0.0,22.30000000000001,4.800000000000011,70
11.603607,93.37861,0.0,74.03156,-85.81876,0.0,31.900000000000006,-77.8,70
43.676548,-49.952904,0.0,-83.600235,5.95538,0.0,-83.6,-14.099999999999994,70
-89.24351,-22.43674,0.0,45.531532,-79.548485,0.0,-81.1,-79.6,70
-48.194206,-33.555164,0.0,-35.416283,-46.67086,0.0,-39.599999999999994,-39.4,70
-41.105007,54.65237,0.0,-44.509766,-85.89292,0.0,-41.099999999999994,-25.200000000000003,70
-27.879147,-84.11737,0.0,80.80465,14.2531805,0.0,-30.39999999999999,-79.5,70
27.353327,93.51688,0.0,-36.007168,24.468874,0.0,-43.199999999999996,80.80000000000001,70
52.590084,5.2775555,0.0,53.675,20.826855,0.0,67.60000000000002,11.0,70
55.41124,33.020668,0.0,7.950639,-78.38097,0.0,59.0,-88.1,70
-29.080738,-2.6719377,0.0,98.061226,-62.269936,0.0,99.10000000000002,-85.8,70
-87.353645,86.57546,0.0,-35.978058,-0.69302666,0.0,-50.9,83.5,70
-77.88148,52.840633,0.0,2.9083211,94.15743,0.0,-90.6,73.0,70
28.798119,29.172998,0.0,-98.712814,-74.595795,0.0,-77.7,-5.8999999999999915,70
35.69477,-41.59502,0.0,-79.744804,-17.446318,0.0,-80.0,-54.699999999999996,70
28.839912,32.116623,0.0,-92.327934,-48.36693,0.0,-83.1,-19.5,70
-52.537083,95.29992,0.0,62.126694,-48.428055,0.0,54.400000000000006,79.30000000000001,70
9.537121,21.588667,0.0,3.9238365,-47.512684,0.0,26.5,-12.599999999999994,70
-93.98124,-24.957365,0.0,-14.329295,-76.10813,0.0,-75.6,-90.7,70
76.757545,21.438452,0.0,-90.73631,-35.589954,0.0,-79.4,37.900000000000006,70
56.44008,-74.33355,0.0,36.285366,92.642365,0.0,56.5,82.80000000000001,70
37.964344,92.92267,0.0,22.222263,14.599083,0.0,60.400000000000006,100.0,70
-39.999615,96.33251,0.0,-38.352695,-88.62623,0.0,-46.699999999999996,-61.8,70
20.465734,95.826485,0.0,-44.677032,93.730965,0.0,-12.199999999999989,95.5,70
29.981745,19.435425,0.0,53.464577,-57.466496,0.0,54.900000000000006,-27.89999999999999,70
92.643814,-11.854832,0.0,92.53609,52.292988,0.0,100.0,19.200000000000003,70
98.56493,90.447845,0.0,64.5269,3.4871747,0.0,100.0,47.80000000000001,70
-40.86832,44.041126,0.0,-9.028378,-97.605934,0.0,-27.700000000000003,-78.1,70
34.40226,28.649546,0.0,11.590736,79.213165,0.0,-11.899999999999991,28.80000000000001,70
-62.018097,-88.517624,0.0,-32.46107,-23.079659,0.0,-53.3,-82.0,70
16.995218,-97.74932,0.0,-45.66665,-62.748837,0.0,-34.2,-80.3,70
-13.825671,11.336943,0.0,-78.35297,-51.71993,0.0,-89.8,-7.8999999999999915,70
0.7502339,25.97558,0.0,-44.456352,32.890175,0.0,-30.39999999999999,24.0,70
50.35037,26.484682,0.0,-17.621113,85.728226,0.0,78.70000000000002,82.10000000000002,70
61.769535,-70.507515,0.0,69.43264,44.52844,0.0,57.400000000000006,-4.299999999999997,70
22.891193,-10.057198,0.0,-29.37599,-10.827921,0.0,-6.599999999999994,-68.9,70
-32.463768,20.831888,0.0,-46.84721,-62.54183,0.0,-41.0,-17.099999999999994,70
-75.123856,68.19992,0.0,25.866383,-99.25879,0.0,43.80000000000001,-77.5,70
-69.28011,79.75397,0.0,-20.517004,-42.613987,0.0,-73.2,79.80000000000001,70
-10.60306,98.2866,0.0,3.3790312,-48.479916,0.0,-9.299999999999997,87.5,70
24.102648,27.692425,0.0,60.146805,-23.826418,0.0,59.80000000000001,27.0,70
-86.86793,-85.642555,0.0,-33.8204,-64.15889,0.0,-61.3,-87.2,70
-30.346418,68.857925,0.0,-88.492966,-11.086077,0.0,-83.7,17.30000000000001,70
68.787704,-90.14735,0.0,67.88752,85.06131,0.0,49.599999999999994,-55.4,70
-53.411865,-75.87281,0.0,22.0922,-79.962845,0.0,7.1000000000000085,-90.8,70
-90.3546,-58.06703,0.0,20.212507,-36.726936,0.0,-81.3,-54.199999999999996,70
50.20136,14.623639,0.0,-76.11354,-33.849392,0.0,-98.5,-52.9,70
12.457887,-45.926723,0.0,-89.76929,-49.771126,0.0,-81.1,-45.9,70
15.114638,-24.269688,0.0,-5.2311897,-48.202415,0.0,15.800000000000011,-35.599999999999994,70
-21.116175,82.740456,0.0,7.652311,-76.5221,0.0,-44.199999999999996,100.0,70
87.585495,96.73993,0.0,-44.785015,85.87436,0.0,11.300000000000011,94.9,70
-18.10519,6.3029456,0.0,-29.668966,-49.68596,0.0,-55.0,-30.299999999999997,70
68.45691,-90.43041,0.0,13.057227,-86.07273,0.0,40.900000000000006,-88.7,70
-89.23811,93.3393,0.0,68.58879,-85.99677,0.0,-82.0,-85.7,70
-87.07195,95.36383,0.0,67.55372,-72.32486,0.0,43.0,82.10000000000002,70
80.14115,-78.60193,0.0,-95.55825,-18.432919,0.0,-77.3,-78.6,70
-5.5119653,-49.425514,0.0,51.56455,80.50909,0.0,43.20000000000002,92.10000000000002,70
2.6734746,11.8906,0.0,77.97955,4.302424,0.0,41.5,30.5,70
88.24433,8.078422,0.0,-50.3565,-90.2462,0.0,67.80000000000001,-87.6,70
-68.76695,98.47177,0.0,60.471485,-34.79743,0.0,58.400000000000006,76.9,70
51.618896,-69.88349,0.0,41.449463,21.403196,0.0,66.5,-53.199999999999996,70
-52.147457,-74.2981,0.0,95.6088,-0.57502747,0.0,95.60000000000002,-100.0,70
84.155876,2.585514,0.0,24.172365,-5.5030427,0.0,15.900000000000006,12.5,70
-31.95341,-9.3084755,0.0,84.63232,-84.29304,0.0,-15.099999999999994,-83.8,70
89.8,3.6023521,0.0,-83.848755,-88.00418,0.0,39.099999999999994,-100.0,70
22.746511,4.793075,0.0,5.431604,-38.411324,0.0,21.700000000000003,-29.299999999999997,70
-91.82519,58.305622,0.0,59.3959,46.831867,0.0,-90.8,89.30000000000001,70
-47.30071,-36.87581,0.0,-97.07992,-51.37672,0.0,-52.3,-46.4,70
26.707764,78.41684,0.0,-92.59771,30.32799,0.0,-79.0,79.10000000000002,70
95.2397,-10.8459835,0.0,-33.395233,-0.1364233,0.0,-16.0,29.30000000000001,70
55.98468,-82.94533,0.0,-42.7968,-48.910416,0.0,-37.3,-84.2,70
87.864494,99.20705,0.0,33.98556,23.512577,0.0,100.0,59.900000000000006,70
-33.72723,22.938116,0.0,-39.136303,57.057785,0.0,-45.4,34.0,70
-43.612194,81.45333,0.0,93.383804,83.20282,0.0,-7.099999999999994,94.30000000000001,70
-22.199635,-34.42768,0.0,1.4119139,-44.85888,0.0,-11.699999999999989,-41.099999999999994,70
-78.956184,76.084656,0.0,27.303532,-90.41659,0.0,-79.0,-81.4,70
-21.543947,12.67476,0.0,97.03407,-77.93463,0.0,97.10000000000002,42.0,70
-82.255196,-85.15885,0.0,-81.79712,-42.13026,0.0,-90.2,-68.5,70
-41.928303,-74.53066,0.0,68.80909,-25.930923,0.0,-51.9,-21.799999999999997,70
-46.6747,25.492622,0.0,7.0951123,-81.3918,0.0,-10.299999999999997,-83.7,70
54.41921,64.036026,0.0,93.108864,34.547684,0.0,77.10000000000002,17.5,70
-97.82805,-5.772763,0.0,23.96188,-17.290203,0.0,-76.0,-17.69999999999999,70
24.680157,-84.15785,0.0,-97.64014,-1.3544817,0.0,-74.0,-84.1,70
-79.88912,0.7746535,0.0,-50.406475,33.139713,0.0,-50.4,35.599999999999994,70
-51.550495,-59.747776,0.0,-38.89829,81.51353,0.0,-39.0,-38.199999999999996,70
-95.00584,83.24946,0.0,90.07679,76.29929,0.0,35.099999999999994,100.0,70
-27.606592,98.457275,0.0,14.21778,-1.344145,0.0,7.800000000000011,78.9,70
12.886384,76.864716,0.0,-31.807068,-96.54215,0.0,-58.3,-26.89999999999999,70
61.012268,12.038603,0.0,-37.693237,-13.2742195,0.0,61.60000000000002,-11.099999999999994,70
51.73481,-39.1017,0.0,94.19934,-28.359957,0.0,94.10000000000002,-39.8,70
-47.240604,95.78087,0.0,-25.841785,83.00764,0.0,-36.4,90.80000000000001,70
65.23321,-40.98071,0.0,-21.846031,-29.625929,0.0,11.400000000000006,-54.5,70
58.001995,93.17435,0.0,56.71212,6.251881,0.0,62.20000000000002,61.0,70
-81.554565,21.688946,0.0,-5.778115,96.72182,0.0,-81.7,66.5,70
-92.554474,-4.2828975,0.0,98.6717,36.3962,0.0,-91.2,-8.599999999999994,70
-18.981783,92.77141,0.0,-93.66375,18.536564,0.0,-75.5,69.5,70
-32.920994,46.93908,0.0,-83.748245,16.857225,0.0,-77.9,45.5,70
53.305813,0.16844833,0.0,-48.871704,18.65456,0.0,53.5,28.80000000000001,70
48.790913,32.86083,0.0,28.686316,-41.095276,0.0,12.300000000000011,12.5,70
-92.75277,27.256897,0.0,-58.504364,-81.67177,0.0,-80.5,-83.2,70
29.775255,26.311958,0.0,98.85235,53.08742,0.0,98.9,34.5,70
28.811852,-95.52871,0.0,-19.73648,-87.17193,0.0,4.6000000000000085,-91.8,70
-88.78748,-61.385036,0.0,13.240141,-36.869198,0.0,-82.6,-55.3,70
-87.29775,-42.472664,0.0,-28.525286,12.586673,0.0,-73.2,-7.799999999999997,70
24.459818,89.46133,0.0,-52.640636,-81.17118,0.0,-1.0999999999999943,86.20000000000002,70
-34.603275,-82.03662,0.0,51.104992,-93.045845,0.0,5.1000000000000085,-93.0,70
-31.931269,-99.70709,0.0,91.05096,61.33099,0.0,-55.699999999999996,-34.7,70
-33.29958,-18.532352,0.0,15.311406,95.60229,0.0,-43.599999999999994,79.0,70
23.32811,6.4270353,0.0,40.905598,86.63388,0.0,26.30000000000001,82.5,70
94.320015,79.35802,0.0,99.30995,40.986897,0.0,100.0,67.4,70
12.440377,9.52061,0.0,-50.814964,51.59042,0.0,-21.69999999999999,34.900000000000006,70
-75.83742,42.475483,0.0,10.389386,5.318703,0.0,-33.89999999999999,63.20000000000002,70
61.429737,-33.00229,0.0,-18.443987,-99.22537,0.0,54.400000000000006,-71.4,70
-37.30456,67.98024,0.0,-76.58459,14.444255,0.0,-61.4,45.5,70
10.753321,-35.013145,0.0,-84.27544,54.905476,0.0,-84.3,-46.0,70
-86.7562,-76.617874,0.0,-91.86513,-48.42147,0.0,-91.8,-62.5,70
79.12384,24.39257,0.0,-75.10979,-93.03087,0.0,-43.699999999999996,-90.6,70
19.184204,-78.03879,0.0,17.338812,-42.768135,0.0,30.80000000000001,-50.9,70
-96.75617,-43.84088,0.0,-96.82818,-25.310913,0.0,-96.9,-34.599999999999994,70
-96.486916,83.11402,0.0,90.481155,54.657352,0.0,25.700000000000003,82.5,70
19.853971,-32.409348,0.0,58.936035,-24.892448,0.0,47.0,-69.7,70
30.032467,-53.852783,0.0,42.169533,-44.305504,0.0,14.400000000000006,-45.9,70
69.42366,-81.407364,0.0,16.011189,78.736786,0.0,41.099999999999994,80.80000000000001,70
-83.76092,-4.390285,0.0,72.09868,-80.9895,0.0,-83.7,-82.8,70
1.1681794,-44.72773,0.0,-15.902869,-88.89885,0.0,-19.0,-91.9,70
95.50045,-91.347725,0.0,74.1506,30.810629,0.0,100.0,-11.699999999999989,70
-96.894325,37.947426,0.0,68.43746,62.074238,0.0,-93.9,15.200000000000003,70
67.983475,50.06537,0.0,61.348663,28.610903,0.0,58.80000000000001,41.70000000000002,70
-35.7466,-99.14436,0.0,-85.91177,-41.138966,0.0,-85.0,-77.1,70
54.984386,-52.71793,0.0,5.5866117,-84.58019,0.0,61.400000000000006,-84.5,70
-50.01706,89.40703,0.0,75.06122,-97.088005,0.0,-21.0,-78.7,70
-97.21344,-6.370894,0.0,-52.152264,-55.91859,0.0,-93.2,-20.799999999999997,70
44.553635,-79.5805,0.0,-15.860336,-41.887043,0.0,22.30000000000001,-33.599999999999994,70
57.19719,-4.334155,0.0,65.22458,52.085815,0.0,57.30000000000001,23.200000000000003,70
-87.024635,35.57464,0.0,-13.692414,81.94852,0.0,-82.7,82.0,70
-46.234535,24.168303,0.0,1.7469965,-30.937405,0.0,-21.799999999999997,-51.4,70
-1.5571169,33.487625,0.0,-5.6643863,-97.158455,0.0,1.6000000000000085,-77.3,70
-10.791459,-97.0348,0.0,15.61421,84.5144,0.0,24.30000000000001,-68.5,70
-39.416073,96.05518,0.0,49.24561,79.12199,0.0,-1.0,98.10000000000002,70
-40.73919,16.864689,0.0,34.54996,98.94493,0.0,-39.8,77.4,70
-75.80962,-8.757999,0.0,-10.112384,30.501188,0.0,-76.5,-6.299999999999997,70
-87.07648,-33.27012,0.0,30.780046,-92.8869,0.0,-83.8,-78.0,70
-89.83674,78.69145,0.0,-93.77004,-45.85743,0.0,-93.4,16.0,70
-32.903755,-17.124111,0.0,-79.208084,1.1423502,0.0,-30.700000000000003,5.300000000000011,70
31.440426,-77.70955,0.0,60.150517,-37.068924,0.0,59.5,-80.3,70
-98.62632,-93.13194,0.0,25.89593,87.638435,0.0,-72.2,85.20000000000002,70
-37.53003,14.591202,0.0,-83.87821,-93.58983,0.0,-50.4,-78.5,70
-31.594315,-35.767124,0.0,63.327705,-78.59514,0.0,52.30000000000001,-54.4,70
-46.86791,78.30246,0.0,31.916042,-53.1569,0.0,-33.3,21.400000000000006,70
-36.512695,95.53417,0.0,70.43806,26.433657,0.0,43.099999999999994,76.0,70
64.69354,52.48712,0.0,2.8803248,21.10051,0.0,49.099999999999994,32.30000000000001,70
-70.20926,82.87453,0.0,-84.47118,99.4288,0.0,-77.4,91.30000000000001,70
-35.546307,11.043251,0.0,-15.542904,85.79345,0.0,-47.8,83.20000000000002,70
-40.346935,11.856936,0.0,-76.34357,23.773005,0.0,-42.8,50.099999999999994,70
22.47728,85.17429,0.0,7.702609,-54.389942,0.0,25.0,85.20000000000002,70
53.87721,24.394817,0.0,-6.3689604,-82.10491,0.0,54.400000000000006,-82.2,70
-43.601494,23.370235,0.0,38.578106,-42.19246,0.0,-28.200000000000003,-54.199999999999996,70
-79.08565,7.248217,0.0,6.003898,-80.19602,0.0,-79.1,-82.6,70
83.740036,12.426652,0.0,-3.1744175,13.755715,0.0,49.80000000000001,32.20000000000002,70
-2.1632671,-91.7335,0.0,-75.82239,38.96335,0.0,-25.299999999999997,-85.2,70
56.010174,6.256356,0.0,69.026695,6.4938903,0.0,62.10000000000002,13.600000000000009,70
-13.209456,99.31661,0.0,75.58277,4.9935546,0.0,38.900000000000006,76.10000000000002,70
-99.73001,-57.038414,0.0,-7.42427,95.05049,0.0,-73.6,70.20000000000002,70
-23.702915,-99.69401,0.0,-23.394556,33.510548,0.0,-37.4,-75.4,70
7.1136923,-98.94187,0.0,-78.4797,-42.46085,0.0,-83.4,-69.5,70
-42.463924,72.457466,0.0,46.80305,-94.2755,0.0,-27.0,-79.8,70
88.50819,8.001063,0.0,6.9435964,25.25145,0.0,45.599999999999994,29.200000000000017,70
-25.21842,-4.0744166,0.0,9.646005,76.44841,0.0,-39.8,81.70000000000002,70
-20.803486,-79.24721,0.0,67.3493,52.26888,0.0,46.30000000000001,-84.4,70
-46.26651,-61.349575,0.0,20.64906,-79.42227,0.0,-29.39999999999999,-95.7,70
20.4321,13.498803,0.0,44.86963,-82.09865,0.0,25.5,-82.9,70
-48.84965,76.53106,0.0,-23.474745,-21.666832,0.0,-48.699999999999996,-5.699999999999989,70
-87.93888,67.867386,0.0,-96.16738,-99.912796,0.0,-94.9,-62.8,70
-76.6253,-64.46599,0.0,65.67035,-35.83479,0.0,44.30000000000001,-93.5,70
-52.67515,49.89895,0.0,-81.44958,56.66355,0.0,-81.7,51.70000000000002,70
87.75787,26.774424,0.0,-41.690563,60.690346,0.0,-39.0,28.599999999999994,70
-8.32112,-88.82425,0.0,12.893886,-52.643612,0.0,-6.599999999999994,-82.1,70
66.25304,48.654755,0.0,17.01272,-87.13438,0.0,47.099999999999994,-85.2,70
53.025444,-40.92619,0.0,-47.784332,48.96971,0.0,-50.8,45.900000000000006,70
68.313034,54.472157,0.0,-89.11555,-63.416924,0.0,-84.0,-25.200000000000003,70
-35.627113,-53.340096,0.0,74.37263,11.471224,0.0,48.900000000000006,-22.5,70
17.250582,97.164,0.0,-37.515446,-98.36822,0.0,-37.8,80.9,70
-46.57042,-86.88069,0.0,-30.140629,22.496925,0.0,-40.199999999999996,-21.69999999999999,70
-55.581852,92.74464,0.0,-76.82373,35.695393,0.0,-84.1,79.30000000000001,70
-81.495514,-62.85303,0.0,-20.745255,30.248943,0.0,-79.8,-23.599999999999994,70
-51.55321,6.1316857,0.0,-78.59116,56.778587,0.0,-98.6,39.5,70
48.6676,-42.80637,0.0,51.689075,-58.54008,0.0,76.10000000000002,-63.5,70
-77.55716,94.594894,0.0,94.6074,91.54209,0.0,-41.699999999999996,94.60000000000002,70
-65.45724,75.12267,0.0,-76.571526,45.73772,0.0,-96.5,60.80000000000001,70
55.71497,-16.671322,0.0,98.367424,-30.997845,0.0,95.9,4.400000000000006,70
-95.89761,-78.70615,0.0,-13.580191,96.55334,0.0,-74.2,71.0,70
52.465195,-22.254427,0.0,97.684944,71.86385,0.0,97.70000000000002,37.5,70
-70.420746,90.713844,0.0,54.325123,43.469822,0.0,55.5,82.60000000000002,70
95.10634,88.68683,0.0,-31.58263,67.34819,0.0,-34.599999999999994,88.70000000000002,70
-7.7804103,27.947836,0.0,-70.36359,-95.21571,0.0,-88.2,-72.5,70
-47.938705,23.420422,0.0,69.24472,12.77872,0.0,56.900000000000006,28.5,70
-92.627144,20.386728,0.0,-31.969505,28.551947,0.0,-67.69999999999999,26.60000000000001,70
-23.181206,33.95944,0.0,61.428688,-20.89346,0.0,57.80000000000001,19.30000000000001,70
65.877365,-13.221105,0.0,-9.7184925,27.427391,0.0,50.099999999999994,27.5,70
93.91715,0.7881347,0.0,-43.97261,-44.199547,0.0,99.9,-50.599999999999994,70
97.72085,81.19085,0.0,-81.21545,63.085487,0.0,-81.5,83.10000000000002,70
-69.43403,93.428215,0.0,91.5049,39.410168,0.0,57.60000000000002,85.10000000000002,70
35.924004,-98.62131,0.0,-32.8782,-74.302734,0.0,-41.9,-81.6,70
60.482605,36.954178,0.0,98.359055,-86.980606,0.0,98.20000000000002,-8.199999999999989,70
-32.69587,-14.878612,0.0,68.58924,21.246902,0.0,-23.5,37.70000000000002,70
26.471018,-92.85099,0.0,-62.19843,-89.61082,0.0,-17.69999999999999,-92.4,70
-97.53298,-86.39587,0.0,61.809803,67.020485,0.0,56.70000000000002,-85.3,70
-22.95914,34.385963,0.0,74.436874,4.9431076,0.0,49.400000000000006,18.5,70
-71.39628,93.275055,0.0,-21.636517,-84.40924,0.0,-38.0,77.20000000000002,70
-25.748562,-47.738186,0.0,-39.262024,84.52428,0.0,-44.5,43.599999999999994,70
67.170715,-42.666477,0.0,-99.652824,30.260868,0.0,-75.5,-44.4,70
-44.358387,79.099976,0.0,58.01443,32.610447,0.0,58.0,92.5,70
-81.92453,47.4412,0.0,-10.056584,91.16378,0.0,-81.9,74.5,70
22.660202,-86.601616,0.0,-67.58507,-80.86841,0.0,-22.5,-89.3,70
75.997986,5.751118,0.0,-27.728018,-33.176556,0.0,-13.599999999999994,-43.099999999999994,70
-89.81341,64.21264,0.0,-81.09143,95.86463,0.0,-88.7,80.80000000000001,70
17.990555,1.8329598,0.0,-23.002607,28.54852,0.0,13.200000000000003,15.900000000000006,70
-98.18396,-58.83973,0.0,48.29883,23.003891,0.0,-76.0,37.099999999999994,70
-40.10522,-99.12971,0.0,-11.410106,-77.66545,0.0,-21.099999999999994,-93.9,70
28.519623,-99.045074,0.0,-33.932495,26.698288,0.0,-34.7,-74.0,70
66.888756,87.533104,0.0,-42.22431,-77.77146,0.0,-22.39999999999999,83.80000000000001,70
-92.80167,-39.085793,0.0,-20.503069,-77.910446,0.0,-78.5,-83.9,70
-82.50839,94.710945,0.0,-82.45126,-81.251114,0.0,-95.0,61.400000000000006,70
-33.866283,92.47222,0.0,60.8986,51.43735,0.0,57.30000000000001,81.10000000000002,70
-49.88715,-29.07571,0.0,14.918788,89.2795,0.0,-24.099999999999994,84.30000000000001,70
99.18442,92.99236,0.0,88.645775,-80.97202,0.0,100.0,-81.0,70
-33.499767,90.29452,0.0,55.68891,35.878155,0.0,55.80000000000001,81.9,70
80.60871,93.45759,0.0,88.743195,-92.45533,0.0,64.4,100.0,70
8.88831,-75.286255,0.0,97.330315,51.842636,0.0,97.10000000000002,54.20000000000002,70
-43.19477,-54.410614,0.0,-37.247375,-95.799126,0.0,-40.8,-77.0,70
-51.832287,49.556206,0.0,35.216072,22.430885,0.0,-20.0,38.80000000000001,70
-28.94671,-93.18995,0.0,13.126719,-48.13551,0.0,-51.4,-48.199999999999996,70
16.815908,-36.915714,0.0,19.954054,-18.371708,0.0,18.0,-32.7,70
98.7157,81.29305,0.0,38.3019,24.294767,0.0,98.70000000000002,37.20000000000002,70
-87.12811,63.75302,0.0,-82.075836,56.50829,0.0,-87.7,59.900000000000006,70
-5.4027576,-54.246788,0.0,-51.725124,-10.648059,0.0,-34.2,-5.5,70
-89.363754,-45.7245,0.0,40.811405,25.387482,0.0,-84.0,-2.1999999999999886,70
78.57237,81.557785,0.0,69.60863,-75.912346,0.0,38.20000000000002,77.70000000000002,70
51.91831,64.49841,0.0,-26.204735,-45.21411,0.0,-33.8,-25.099999999999994,70
34.041515,81.15569,0.0,50.33462,-46.292408,0.0,70.70000000000002,-46.599999999999994,70
-88.71472,23.179483,0.0,52.334164,22.665623,0.0,-82.5,40.20000000000002,70
73.019516,86.23262,0.0,-53.12535,-56.532047,0.0,16.900000000000006,86.60000000000002,70
-46.98639,77.16453,0.0,-46.68907,-42.49037,0.0,-38.5,18.30000000000001,70
82.251884,10.0511265,0.0,18.5047,85.23452,0.0,34.30000000000001,80.10000000000002,70
60.61411,-39.927933,0.0,-24.93244,-43.233505,0.0,52.80000000000001,-50.0,70
-49.947132,-77.15156,0.0,-70.51855,89.799385,0.0,-45.0,82.4,70
63.193787,99.57647,0.0,42.77596,96.82661,0.0,52.900000000000006,98.20000000000002,70
-35.05363,88.321014,0.0,-85.74777,-38.071114,0.0,-83.7,82.5,70
-54.526176,57.320717,0.0,73.450516,-75.00798,0.0,71.10000000000002,-89.9,70
34.721733,99.797226,0.0,80.032196,-81.50263,0.0,73.0,-81.7,70
15.335753,-82.1451,0.0,39.83356,-85.036736,0.0,26.400000000000006,-88.5,70
52.497734,29.654974,0.0,62.698696,40.184807,0.0,55.900000000000006,31.80000000000001,70
-54.5206,-86.290726,0.0,97.38814,-35.94462,0.0,97.80000000000001,-83.5,70
17.71033,89.81028,0.0,-14.208535,-44.50893,0.0,-82.4,76.4,70
-99.49354,-72.6593,0.0,-99.96811,34.4904,0.0,-99.9,-19.099999999999994,70
-51.609848,-19.503428,0.0,-33.757565,-64.812294,0.0,-47.3,-39.199999999999996,70
-46.305172,33.591537,0.0,-4.9765253,19.386927,0.0,-26.599999999999994,26.200000000000003,70
55.94053,83.11079,0.0,-73.204704,-75.72447,0.0,33.20000000000002,90.5,70
42.17085,31.385073,0.0,27.475044,8.219243,0.0,21.60000000000001,18.60000000000001,70
34.64231,-48.186737,0.0,-30.571943,37.547173,0.0,-68.0,-20.799999999999997,70
-80.09615,32.872353,0.0,52.396927,-88.82557,0.0,-80.6,-81.8,70
67.519,56.4319,0.0,-46.67208,50.594162,0.0,-42.9,35.30000000000001,70
15.260614,-47.61184,0.0,-97.01571,15.779616,0.0,-78.3,-10.699999999999989,70
23.662996,-45.992813,0.0,31.555986,-82.65535,0.0,49.900000000000006,-83.8,70
4.739172,19.554811,0.0,72.39473,-77.312744,0.0,-13.699999999999989,21.400000000000006,70
94.96929,70.46742,0.0,-97.91075,81.70859,0.0,96.4,91.9,70
-53.161823,71.3775,0.0,60.235615,7.928725,0.0,68.10000000000002,22.80000000000001,70
68.13024,-62.108147,0.0,-41.04437,85.76945,0.0,-33.39999999999999,71.5,70
19.900879,19.090178,0.0,-82.475586,-9.575888,0.0,-82.5,18.900000000000006,70
26.49609,-34.517155,0.0,81.58261,12.975616,0.0,26.10000000000001,38.20000000000002,70
38.140266,88.35074,0.0,22.699947,6.9641576,0.0,26.80000000000001,82.0,70
23.399273,-19.789515,0.0,24.162203,-25.947506,0.0,17.5,-24.299999999999997,70
-43.05947,-61.9296,0.0,-82.74662,29.932268,0.0,-43.3,-4.0,70
25.310923,11.102871,0.0,76.83887,27.975393,0.0,25.0,26.80000000000001,70
66.51217,-44.46658,0.0,45.68942,25.13832,0.0,50.099999999999994,26.60000000000001,70
62.72266,35.529675,0.0,63.160908,-7.9250264,0.0,59.400000000000006,14.300000000000011,70
-42.18249,9.81752,0.0,-83.767624,15.349485,0.0,-28.599999999999994,16.80000000000001,70
57.638966,70.65201,0.0,86.918564,-78.033195,0.0,65.0,-78.1,70
-35.868835,-39.56751,0.0,-87.42297,-42.17547,0.0,-71.9,-19.299999999999997,70
63.216305,-36.737297,0.0,55.91541,-93.37372,0.0,60.5,-71.5,70
-47.873524,53.685326,0.0,65.93282,-77.59921,0.0,-12.5,-97.0,70
-39.97629,38.85919,0.0,92.62599,-97.60109,0.0,-27.89999999999999,-74.2,70
-44.42051,50.80904,0.0,-59.48203,-95.48761,0.0,-44.4,-78.3,70
-84.84446,-51.268864,0.0,83.34295,-76.49063,0.0,-83.8,-91.4,70
-49.846012,-58.494175,0.0,65.29271,-44.451027,0.0,-21.099999999999994,-54.599999999999994,70
-79.44968,41.930103,0.0,3.134954,-48.298122,0.0,-79.5,9.300000000000011,70
-75.832405,-28.505966,0.0,59.31322,97.06914,0.0,48.0,80.4,70
-40.42355,-50.079052,0.0,20.366947,16.191643,0.0,-31.89999999999999,24.0,70
24.284714,-52.790092,0.0,91.89575,-97.21855,0.0,25.200000000000003,-51.5,70
18.408573,28.932787,0.0,51.210175,-1.4884429,0.0,77.4,23.200000000000003,70
-88.754,84.40364,0.0,47.39306,-46.35449,0.0,-81.7,-41.3,70
-22.001356,-26.82532,0.0,58.792103,-33.01037,0.0,45.900000000000006,-67.4,70
-32.1518,-25.4428,0.0,83.755104,97.19188,0.0,-42.3,76.60000000000002,70
-91.94082,-22.688868,0.0,-75.632774,15.641808,0.0,-100.0,-9.699999999999989,70
-20.546854,-98.96279,0.0,83.75674,1.1657803,0.0,-4.699999999999989,-73.0,70
65.99463,-96.388824,0.0,-95.574356,-37.386738,0.0,-79.5,-75.9,70
-41.9532,93.60915,0.0,-33.552517,-99.05464,0.0,-43.0,-74.5,70
-99.74162,1.1778615,0.0,-40.83281,-76.983795,0.0,-71.7,-92.3,70
-92.209236,-42.74595,0.0,-18.353912,94.874596,0.0,-75.8,68.5,70
-85.21762,58.55633,0.0,55.976536,73.565704,0.0,-80.5,62.5,70
54.138763,-49.540398,0.0,94.39551,-75.67876,0.0,71.9,-99.9,70
25.099457,-12.441919,0.0,55.593285,-94.06239,0.0,22.700000000000003,-77.5,70
-44.305557,98.77696,0.0,-41.556602,-99.67031,0.0,-44.5,73.20000000000002,70
59.573982,99.59414,0.0,59.20994,-87.127525,0.0,61.70000000000002,74.10000000000002,70
97.334816,-52.250835,0.0,-76.08606,-66.53646,0.0,97.4,-45.8,70
-49.330734,91.93346,0.0,20.787058,-45.640068,0.0,-29.799999999999997,-34.89999999999999,70
32.24446,-50.62446,0.0,-80.073074,80.29061,0.0,-95.7,-1.0,70
-79.01353,62.06741,0.0,95.13697,37.00154,0.0,98.20000000000002,52.900000000000006,70
-79.05234,13.282945,0.0,50.573387,-8.513601,0.0,-79.3,22.700000000000003,70
27.593155,-45.139484,0.0,-87.81605,38.48208,0.0,-84.3,-20.69999999999999,70
46.133812,-75.29447,0.0,0.2482549,27.814947,0.0,1.9000000000000057,15.700000000000003,70
93.082596,-8.3786745,0.0,-93.206604,-99.17697,0.0,94.20000000000002,-72.0,70
92.56024,73.697876,0.0,51.93422,30.049131,0.0,93.9,28.30000000000001,70
-94.61144,49.36359,0.0,-69.41384,-79.76207,0.0,-82.1,-79.9,70
35.74389,-78.520134,0.0,61.62728,77.034325,0.0,57.5,-82.7,70
18.640053,-32.498695,0.0,-2.366115,89.45337,0.0,20.200000000000003,75.9,70
-34.97806,56.495903,0.0,45.22357,94.303116,0.0,-41.3,80.4,70
-21.16444,76.496376,0.0,75.56222,77.65936,0.0,38.0,100.0,70
58.07526,22.116459,0.0,65.80221,26.52388,0.0,63.400000000000006,24.700000000000003,70
-9.411673,-76.70914,0.0,-34.1877,91.426735,0.0,-41.0,20.200000000000003,70
7.880414,-80.28479,0.0,-81.80074,-42.384834,0.0,-81.8,-83.0,70
-92.55596,-33.191925,0.0,-93.16623,7.5331483,0.0,-93.2,-12.899999999999991,70
97.382355,-65.75557,0.0,-88.69764,68.53658,0.0,-89.5,69.9,70
-36.92756,38.29614,0.0,11.242725,90.33185,0.0,-37.0,82.80000000000001,70
-80.45732,91.67802,0.0,-32.482456,78.1182,0.0,-60.699999999999996,90.60000000000002,70
-26.796528,4.828719,0.0,61.757343,-54.385967,0.0,-41.599999999999994,-24.5,70
-53.48161,-8.986122,0.0,50.620003,93.42966,0.0,63.80000000000001,64.80000000000001,70
66.74415,-86.42328,0.0,-11.115773,-47.087738,0.0,49.400000000000006,-47.699999999999996,70
6.211499,27.024052,0.0,-28.591345,-32.126762,0.0,-41.199999999999996,5.1000000000000085,70
86.05273,-90.20207,0.0,-87.71886,77.5803,0.0,-84.2,-81.4,70
38.66543,78.055504,0.0,-36.54823,-51.576122,0.0,-33.3,-8.799999999999997,70
35.587345,20.55428,0.0,90.761215,58.826775,0.0,99.9,78.80000000000001,70
84.77984,-81.486984,0.0,12.695033,1.5502119,0.0,76.10000000000002,-81.5,70
-1.9205978,16.896666,0.0,-46.2094,-25.676182,0.0,-22.5,18.5,70
9.136934,81.79143,0.0,74.12556,95.285614,0.0,42.099999999999994,89.4,70
11.427843,-81.99589,0.0,-96.35278,-13.289973,0.0,-74.7,-82.2,70
-92.21896,30.929022,0.0,53.617996,-89.981865,0.0,-80.2,-80.5,70
44.121822,90.332115,0.0,44.973743,85.55063,0.0,44.5,90.30000000000001,70
-46.406395,-31.581059,0.0,-91.73068,-94.043884,0.0,-46.4,-78.0,70
-31.080654,27.646626,0.0,-40.60532,89.586784,0.0,-45.3,34.900000000000006,70
-99.12932,67.45126,0.0,-54.65278,38.435314,0.0,-65.4,96.20000000000002,70
3.6218233,14.073733,0.0,-56.12821,92.10188,0.0,-24.799999999999997,38.80000000000001,70
-67.198074,-94.658295,0.0,-12.366853,28.563723,0.0,-77.5,-76.5,70
56.472683,22.902767,0.0,-36.678974,-9.500272,0.0,-10.299999999999997,37.80000000000001,70
-79.55621,90.09001,0.0,69.30447,30.169634,0.0,42.5,78.20000000000002,70
-5.7555823,29.076433,0.0,-98.609276,33.7948,0.0,-75.6,28.80000000000001,70
7.521239,-84.99811,0.0,-75.0674,-53.65447,0.0,3.4000000000000057,-84.2,70
51.343452,85.53748,0.0,-70.41236,-80.27825,0.0,8.600000000000009,85.4,70
-36.73942,10.924488,0.0,-25.163586,27.037064,0.0,-31.099999999999994,18.400000000000006,70
-93.12529,-61.628517,0.0,-37.176056,-62.999275,0.0,-65.4,-100.0,70
93.733154,-31.895882,0.0,-24.578976,-16.858618,0.0,96.4,-56.599999999999994,70
64.45048,93.270065,0.0,56.712627,52.28678,0.0,60.400000000000006,77.30000000000001,70
-50.02115,-83.82555,0.0,-93.25827,-16.139141,0.0,-79.1,-83.8,70
56.433758,45.462814,0.0,-30.328663,-46.939484,0.0,56.5,-47.8,70
52.1109,54.203735,0.0,-34.57035,-77.81285,0.0,-34.89999999999999,-77.0,70
-55.231735,-84.46793,0.0,50.134792,-26.80285,0.0,-21.89999999999999,-40.0,70
-46.018715,87.12542,0.0,-52.612408,-51.09454,0.0,-37.8,33.5,70
-15.310999,26.366478,0.0,15.631986,-26.077682,0.0,28.30000000000001,5.400000000000006,70
-97.76088,33.218758,0.0,28.384106,85.726494,0.0,-76.0,85.0,70
44.454395,86.4598,0.0,-48.18496,90.81355,0.0,-2.1999999999999886,91.10000000000002,70
-46.34536,56.915085,0.0,98.95511,65.763985,0.0,99.70000000000002,73.60000000000002,70
-3.691433,76.463165,0.0,2.2508664,29.573238,0.0,-17.299999999999997,29.5,70
-45.051933,64.992935,0.0,60.31882,38.520626,0.0,-33.3,45.0,70
67.257576,75.39886,0.0,92.95112,-16.752253,0.0,51.599999999999994,-16.0,70
37.499107,23.385553,0.0,-53.41548,16.981972,0.0,-16.299999999999997,28.599999999999994,70
-12.499583,22.350258,0.0,-27.084915,82.983795,0.0,-71.6,41.0,70
21.07057,77.5994,0.0,-8.490334,-81.31925,0.0,7.200000000000003,77.80000000000001,70
94.37771,79.11088,0.0,99.43406,10.760284,0.0,100.0,39.5,70
-22.483633,16.64278,0.0,-92.25175,92.67057,0.0,-73.7,72.30000000000001,70
-76.422386,52.06305,0.0,58.397957,15.364195,0.0,58.400000000000006,60.70000000000002,70
-48.46574,-83.27901,0.0,80.52674,93.868095,0.0,-15.0,82.20000000000002,70
-75.40746,-80.42231,0.0,-77.97012,-51.249474,0.0,-95.7,-76.5,70
-55.099987,-91.83386,0.0,16.337973,-92.16365,0.0,-19.39999999999999,-92.6,70
-86.74426,77.45988,0.0,91.779915,-53.244858,0.0,-89.3,62.5,70
-29.89205,-12.809577,0.0,-31.910934,-62.987362,0.0,-42.4,-45.3,70
-88.20295,-47.882954,0.0,56.027176,97.77288,0.0,-82.8,78.0,70
-99.23897,-50.909073,0.0,-39.705826,62.59772,0.0,-60.0,16.5,70
17.979702,-33.021782,0.0,36.927113,-46.25214,0.0,18.80000000000001,-48.0,70
54.361523,88.61576,0.0,-87.90325,65.082985,0.0,-82.8,86.30000000000001,70
64.04438,6.8500957,0.0,52.42147,-10.087598,0.0,61.60000000000002,3.700000000000003,70
-5.179538,97.681786,0.0,62.401165,83.04446,0.0,30.400000000000006,95.60000000000002,70
22.21053,-21.85957,0.0,40.48873,-95.07896,0.0,18.400000000000006,-70.2,70
17.007368,-84.03477,0.0,65.14774,54.87675,0.0,51.30000000000001,-84.1,70
-25.411833,99.623924,0.0,-75.4018,80.85972,0.0,-50.5,90.4,70
-14.042805,-88.23389,0.0,-6.6152997,-34.875427,0.0,-20.5,-69.9,70
78.700935,77.67682,0.0,92.881134,26.835855,0.0,100.0,83.9,70
53.93544,36.194485,0.0,-46.83989,97.3645,0.0,59.400000000000006,77.20000000000002,70
8.398756,-95.36225,0.0,-9.584594,-98.50615,0.0,-0.5999999999999943,-97.0,70
24.78465,-50.459946,0.0,44.59435,-54.350716,0.0,25.30000000000001,-27.39999999999999,70
-47.197712,-42.767044,0.0,32.38475,-49.591183,0.0,-8.199999999999989,-43.8,70
-44.494953,-44.874687,0.0,-39.058907,-37.217537,0.0,-40.099999999999994,-40.9,70
92.77467,55.2862,0.0,-65.42927,93.84566,0.0,100.0,84.60000000000002,70
-83.205,24.075314,0.0,16.96565,76.33548,0.0,-83.1,100.0,70
-14.183467,33.351025,0.0,-32.27956,-99.453995,0.0,-24.0,-79.4,70
-55.16615,-99.89513,0.0,-36.61348,12.426852,0.0,-45.8,-74.0,70
-88.42744,45.34913,0.0,17.01131,99.59028,0.0,-82.6,73.20000000000002,70
-58.989895,-98.03906,0.0,18.777216,-77.14058,0.0,-33.599999999999994,-100.0,70
-86.22878,-29.769028,0.0,98.35165,-38.555706,0.0,-95.6,-51.5,70
99.38641,-55.440014,0.0,-47.55267,79.08344,0.0,98.0,100.0,70
-35.967793,39.234203,0.0,92.27568,-75.71417,0.0,-43.9,-0.09999999999999432,70
98.26218,25.035671,0.0,-52.00385,-3.124071,0.0,32.900000000000006,29.099999999999994,70
56.62225,-79.94599,0.0,-78.42259,-42.43444,0.0,-87.7,-84.1,70
-61.597347,-78.96316,0.0,3.1337898,84.571724,0.0,-10.699999999999989,83.60000000000002,70
6.7601957,7.7579226,0.0,69.58177,-3.559723,0.0,24.80000000000001,15.5,70
0.10638761,-42.617916,0.0,25.972336,78.494225,0.0,-7.5,85.20000000000002,70
23.669914,-18.18071,0.0,63.38574,-14.51692,0.0,20.400000000000006,17.200000000000003,70
-0.4866268,93.935165,0.0,-28.420673,14.587144,0.0,-59.3,75.30000000000001,70
-23.699247,27.305723,0.0,53.53455,89.74454,0.0,71.20000000000002,27.700000000000003,70
78.08756,-96.39891,0.0,23.430809,0.5863524,0.0,23.10000000000001,-75.1,70
75.34464,86.69481,0.0,-65.266304,-88.77469,0.0,85.0,81.10000000000002,70
-50.719814,29.66426,0.0,-86.592964,76.917465,0.0,-50.699999999999996,96.10000000000002,70
-80.37455,-44.895653,0.0,60.033974,59.946655,0.0,58.30000000000001,-1.6999999999999886,70
-14.011594,10.947433,0.0,71.50163,-88.97763,0.0,16.0,-92.0,70
50.628292,74.419975,0.0,-55.095497,78.85992,0.0,-18.799999999999997,56.60000000000002,70
-49.092525,-11.83111,0.0,75.062996,7.7229357,0.0,22.900000000000006,45.0,70
-33.495525,49.391083,0.0,45.565136,-80.94149,0.0,-46.5,-81.2,70
-86.14974,-26.733427,0.0,9.17621,-84.7756,0.0,-84.2,-84.0,70
53.600334,-60.01369,0.0,-86.17226,65.49686,0.0,-94.8,31.900000000000006,70
-3.8990657,-43.29619,0.0,-51.810158,97.00031,0.0,-28.299999999999997,-34.8,70
43.726322,22.265022,0.0,18.211708,-41.1632,0.0,25.80000000000001,38.900000000000006,70
-47.24096,38.83943,0.0,-62.37573,-93.813194,0.0,-47.199999999999996,-79.8,70
-90.71634,33.45283,0.0,-81.805435,-70.3217,0.0,-91.0,-21.39999999999999,70
-90.86994,29.275091,0.0,46.265446,32.296444,0.0,-80.3,6.400000000000006,70
52.27194,5.61593,0.0,47.183537,87.346634,0.0,76.20000000000002,68.9,70
-87.4648,24.941319,0.0,-11.90422,-89.86617,0.0,-81.6,-78.3,70
-43.964794,-27.51022,0.0,-31.37464,57.219955,0.0,-49.9,57.30000000000001,70
23.42566,-0.6201362,0.0,-75.83086,63.83068,0.0,11.900000000000006,14.400000000000006,70
67.85958,28.834707,0.0,-79.876686,55.337334,0.0,-79.9,22.200000000000003,70
-87.7435,-78.145706,0.0,51.307556,-82.041336,0.0,-58.5,-98.2,70
43.05572,-41.604126,0.0,94.839355,-2.3231297,0.0,95.70000000000002,-50.099999999999994,70
-81.52742,-40.532784,0.0,-51.984432,35.130096,0.0,-87.2,28.099999999999994,70
-27.413784,-86.55684,0.0,-90.26976,82.42323,0.0,-79.8,-85.2,70
-89.124794,-35.714172,0.0,-19.4028,-95.41579,0.0,-81.3,-76.4,70
-25.575624,-9.888339,0.0,58.01627,-76.42972,0.0,58.0,1.2000000000000028,70
-89.564026,-20.685104,0.0,-33.21207,-47.564598,0.0,-71.1,-10.599999999999994,70
24.61538,-17.759388,0.0,35.65157,-92.169205,0.0,22.80000000000001,-79.2,70
18.134186,-6.754332,0.0,93.8519,88.88529,0.0,33.0,80.70000000000002,70
30.880527,-84.87066,0.0,15.203815,90.427765,0.0,25.700000000000003,-79.4,70
-96.26015,-89.58266,0.0,61.029545,1.303819,0.0,56.70000000000002,-80.8,70
59.638706,-56.541676,0.0,97.09344,-5.7347407,0.0,62.20000000000002,-24.39999999999999,70
34.788628,-78.7461,0.0,-31.960478,67.88461,0.0,-33.599999999999994,-85.3,70
-24.240063,84.876465,0.0,-19.488861,-28.99835,0.0,-77.8,33.599999999999994,70
-82.65215,39.221916,0.0,36.18627,75.38251,0.0,-82.5,-10.899999999999991,70
-25.16517,80.85026,0.0,91.89047,92.27021,0.0,27.400000000000006,91.70000000000002,70
37.02811,-96.03746,0.0,-91.042046,54.442898,0.0,-79.9,-76.0,70
-84.0038,8.925032,0.0,66.00292,-52.621777,0.0,-84.0,-17.89999999999999,70
94.42983,72.954926,0.0,77.88726,82.47258,0.0,93.70000000000002,86.10000000000002,70
-10.721588,-31.103998,0.0,-17.585777,14.751022,0.0,-50.8,-17.5,70
39.484222,22.535408,0.0,-44.541283,-56.367405,0.0,-28.599999999999994,31.200000000000017,70
-42.23126,-33.985332,0.0,-85.8029,-39.116745,0.0,-53.8,-20.19999999999999,70
-46.01053,63.14058,0.0,-76.34159,98.038086,0.0,-46.0,82.10000000000002,70
-11.716108,-36.922153,0.0,-99.94442,76.19246,0.0,-75.7,-4.8999999999999915,70
-93.38639,-20.058424,0.0,-94.490105,74.32148,0.0,-94.5,27.10000000000001,70
7.3913116,-35.796696,0.0,-49.500694,-65.22625,0.0,-22.799999999999997,-51.9,70
-81.68534,90.718956,0.0,-34.63599,-40.23521,0.0,-51.699999999999996,81.20000000000002,70
-31.949646,-29.754595,0.0,0.50729454,-80.675354,0.0,-47.5,-80.8,70
91.77788,95.7688,0.0,-33.287754,41.96396,0.0,-41.4,79.70000000000002,70
54.66036,-78.06457,0.0,-88.8646,-4.4068437,0.0,-81.0,-81.2,70
-38.510406,77.48233,0.0,85.89248,75.901306,0.0,-22.099999999999994,100.0,70
97.235176,-70.73048,0.0,-30.4486,-12.360623,0.0,-33.5,-23.5,70
-85.80988,37.37108,0.0,20.162682,-33.837543,0.0,-83.3,-49.0,70
-74.04616,-98.3927,0.0,36.81243,-78.50774,0.0,-18.39999999999999,-88.9,70
-75.26285,12.338581,0.0,-92.344955,-43.165504,0.0,-100.0,11.900000000000006,70
-0.4720836,-92.56932,0.0,-90.38084,38.87053,0.0,-81.1,-72.4,70
3.8183327,76.75641,0.0,80.479195,-89.68718,0.0,88.60000000000002,77.30000000000001,70
-42.153217,-86.21834,0.0,46.363808,93.81442,0.0,-23.89999999999999,82.80000000000001,70
-30.761627,-31.480341,0.0,-31.769436,-81.76553,0.0,-49.8,-65.19999999999999,70
69.02319,25.202656,0.0,-59.985577,-76.51156,0.0,49.70000000000002,21.10000000000001,70
47.267357,33.61301,0.0,92.192696,76.894966,0.0,99.80000000000001,40.400000000000006,70
20.240255,-40.937946,0.0,-3.6936963,-77.20525,0.0,11.0,-45.099999999999994,70
2.4594703,-98.79861,0.0,-50.286022,-58.03048,0.0,-21.299999999999997,-82.5,70
-31.092447,4.1782856,0.0,56.714447,-22.548391,0.0,56.60000000000002,48.70000000000002,70
63.94785,-50.49438,0.0,90.22773,-50.996487,0.0,55.20000000000002,-28.5,70
-61.7778,-95.87369,0.0,-67.99838,96.6868,0.0,-64.8,88.5,70
98.107086,-38.946335,0.0,16.451311,84.4348,0.0,98.0,84.20000000000002,70
26.244757,-94.297005,0.0,-88.28132,-56.41435,0.0,-82.0,-80.9,70
63.3243,-20.176575,0.0,98.42413,30.827168,0.0,62.70000000000002,-0.19999999999998863,70
-54.178734,52.258213,0.0,56.17762,-43.13781,0.0,43.599999999999994,-58.9,70
-31.584976,28.69636,0.0,52.5275,-52.527195,0.0,-32.2,-26.599999999999994,70
-67.18284,81.725105,0.0,93.55699,-60.17197,0.0,94.20000000000002,81.80000000000001,70
12.59414,91.81,0.0,14.423022,-91.65707,0.0,22.0,91.60000000000002,70
-8.213555,-96.67948,0.0,-9.798439,-32.993874,0.0,-17.599999999999994,-73.7,70
2.8973656,-54.673798,0.0,-37.51518,96.550095,0.0,-53.199999999999996,63.80000000000001,70
63.262592,-96.606445,0.0,77.88343,8.250985,0.0,56.80000000000001,8.5,70
-80.327126,65.87751,0.0,-79.79907,-52.1389,0.0,-93.5,-8.0,70
64.41841,17.537844,0.0,99.01445,3.7358818,0.0,87.80000000000001,14.100000000000009,70
-96.97819,2.7892017,0.0,50.58904,-24.170954,0.0,-91.2,-10.099999999999994,70
37.88754,-82.308846,0.0,57.89345,19.502106,0.0,57.900000000000006,-82.3,70
-36.0912,93.84719,0.0,-99.66925,-43.428734,0.0,-73.1,79.5,70
-10.897536,95.734764,0.0,45.82133,85.14056,0.0,17.400000000000006,92.30000000000001,70
-40.93546,-69.00663,0.0,86.75135,32.13046,0.0,-32.39999999999999,11.800000000000011,70
-91.28912,-11.461087,0.0,17.59046,-15.266033,0.0,-73.6,7.700000000000003,70
44.328846,-88.46504,0.0,-11.775865,-81.106735,0.0,16.400000000000006,-88.2,70
-33.55455,30.570488,0.0,-99.399796,18.134981,0.0,-66.5,25.60000000000001,70
-41.281303,-66.049,0.0,16.54112,1.3798227,0.0,-25.0,51.20000000000002,70
-79.14601,15.684802,0.0,-86.43458,-46.158867,0.0,-92.3,-15.399999999999991,70
67.58053,9.765379,0.0,-39.651054,97.21553,0.0,51.599999999999994,76.80000000000001,70
47.541813,-44.365807,0.0,-2.9400535,93.92242,0.0,16.700000000000003,86.5,70
-83.397964,-98.69438,0.0,-83.34125,-14.313277,0.0,-90.9,-61.3,70
33.881863,80.524994,0.0,91.38554,11.734753,0.0,100.0,78.0,70
46.343884,27.527771,0.0,-84.126335,98.61443,0.0,-84.7,27.5,70
-39.81571,-62.037838,0.0,40.46843,92.44216,0.0,-20.39999999999999,81.30000000000001,70
2.7390833,-50.685085,0.0,51.239555,-49.21819,0.0,31.80000000000001,-44.9,70
-53.964767,48.84002,0.0,19.371729,-51.58479,0.0,18.200000000000003,1.6000000000000085,70
-54.64149,-52.250893,0.0,-77.9746,72.719284,0.0,-85.3,55.30000000000001,70
-83.83532,-20.891392,0.0,-83.97304,76.344,0.0,-88.4,27.900000000000006,70
52.410183,36.121094,0.0,-89.20883,-17.482887,0.0,-80.4,82.5,70
-40.374268,71.11478,0.0,50.729095,38.242916,0.0,-41.099999999999994,52.900000000000006,70
66.48567,-3.2124493,0.0,-81.228,11.194291,0.0,-99.5,32.900000000000006,70
-31.275957,59.759567,0.0,-3.5247984,-37.478104,0.0,-71.5,-23.19999999999999,70
55.46572,71.58621,0.0,-42.602043,45.673306,0.0,-41.0,22.0,70
-32.24521,-24.453209,0.0,58.334923,-93.01486,0.0,-0.29999999999999716,-71.1,70
-78.750595,21.020044,0.0,-46.580296,6.2612963,0.0,-51.5,16.5,70
-90.49929,60.644028,0.0,99.77113,40.11587,0.0,-71.0,45.400000000000006,70
58.960815,-70.039925,0.0,-99.08918,42.464,0.0,58.400000000000006,19.5,70
30.352978,-81.200294,0.0,-33.188595,-65.20993,0.0,-35.89999999999999,-83.6,70
93.04343,-86.914406,0.0,65.53037,52.050907,0.0,62.5,-85.1,70
99.20492,-21.976545,0.0,82.44783,-96.08041,0.0,99.9,-80.5,70
62.51178,-50.660942,0.0,56.46671,62.78197,0.0,61.5,8.0,70
24.309551,22.54899,0.0,53.501118,-85.650116,0.0,20.400000000000006,-83.6,70
-81.15447,-60.266926,0.0,27.39286,3.3420222,0.0,-80.6,-20.69999999999999,70
-55.453506,98.648544,0.0,51.862152,79.281136,0.0,-3.3999999999999915,99.20000000000002,70
5.3031535,26.475231,0.0,-94.44839,96.482994,0.0,-76.6,26.5,70
56.41512,42.126766,0.0,60.20786,64.92964,0.0,59.5,52.70000000000002,70
54.77648,2.0643497,0.0,74.44178,-91.06147,0.0,70.60000000000002,-83.4,70
56.432476,59.615627,0.0,24.113482,-51.262234,0.0,58.30000000000001,-41.199999999999996,70
-88.4507,-96.32245,0.0,-51.498245,-49.241035,0.0,-43.3,-81.0,70
6.296502,12.621254,0.0,52.8481,29.464146,0.0,27.400000000000006,25.200000000000003,70
1.5086784,-51.02814,0.0,56.136158,32.361668,0.0,60.900000000000006,-42.199999999999996,70
99.97397,-20.161846,0.0,-45.350075,-49.436314,0.0,100.0,-44.4,70
99.53148,99.28371,0.0,60.803017,-35.633003,0.0,60.900000000000006,75.30000000000001,70
-2.252519,-30.812454,0.0,-83.43855,-94.08358,0.0,-52.3,-80.1,70
41.041603,92.89339,0.0,-29.794537,-39.819115,0.0,-42.5,81.0,70
-48.05046,41.231953,0.0,-42.093258,-62.04193,0.0,-41.5,-6.799999999999997,70
-73.86697,-89.83209,0.0,-48.83679,-73.35452,0.0,-47.9,-86.0,70
29.697285,-77.44436,0.0,0.47400585,92.210014,0.0,15.900000000000006,87.0,70
-85.91996,45.463806,0.0,-77.24912,-5.413622,0.0,-89.6,16.700000000000003,70
-20.641054,-34.98334,0.0,30.343557,-92.14749,0.0,7.1000000000000085,-65.1,70
45.770485,25.029528,0.0,78.57043,89.01423,0.0,84.9,77.30000000000001,70
92.42849,-78.33678,0.0,-2.7078152,-80.169106,0.0,64.9,-96.2,70
52.601765,51.897152,0.0,24.59419,9.250462,0.0,14.700000000000003,32.0,70
55.548546,-37.90433,0.0,-7.255584,10.038139,0.0,60.70000000000002,-41.3,70
24.835062,-2.182703,0.0,14.993482,-41.65902,0.0,19.0,-31.200000000000003,70
-84.25353,-75.3931,0.0,-23.338505,19.785854,0.0,-68.2,-92.9,70
52.079792,-84.167336,0.0,55.078312,56.567574,0.0,66.0,-72.4,70
33.78129,-84.92549,0.0,64.15165,-59.05369,0.0,47.5,-84.7,70
-99.673805,-23.531694,0.0,42.67348,28.517647,0.0,-81.0,1.3000000000000114,70
-28.16671,83.49932,0.0,-0.46856773,17.998466,0.0,-69.4,38.20000000000002,70
-86.4408,-87.489,0.0,53.235336,32.283714,0.0,-86.3,-9.199999999999989,70
55.44076,95.75586,0.0,38.96851,81.381424,0.0,46.80000000000001,95.80000000000001,70
-21.31913,88.26937,0.0,-79.9095,-22.650078,0.0,-79.9,79.20000000000002,70
88.442535,96.08589,0.0,12.275051,-53.76934,0.0,40.80000000000001,76.5,70
-67.98982,-83.94968,0.0,23.115726,-54.273037,0.0,-24.200000000000003,-96.2,70
-40.30611,29.532925,0.0,40.147076,-81.12971,0.0,-24.39999999999999,-81.1,70
53.245144,-67.97445,0.0,53.31802,-59.701096,0.0,67.60000000000002,-61.9,70
-5.321165,32.240444,0.0,60.71361,58.071735,0.0,58.20000000000002,30.400000000000006,70
-28.360111,-95.03732,0.0,94.59581,62.017498,0.0,94.70000000000002,-76.9,70
-16.649002,79.10711,0.0,32.32063,76.853195,0.0,16.200000000000003,91.60000000000002,70
1.591132,-51.130604,0.0,29.353182,-15.560825,0.0,13.0,-26.099999999999994,70
52.319813,54.676086,0.0,54.762886,49.71957,0.0,57.900000000000006,51.80000000000001,70
-17.213871,-85.71718,0.0,58.121674,-97.71145,0.0,20.5,-92.4,70
-95.688354,-12.4100485,0.0,64.74302,69.15051,0.0,56.0,42.70000000000002,70
-83.67311,90.80823,0.0,53.263737,74.794075,0.0,59.60000000000002,88.30000000000001,70
99.02536,27.045288,0.0,-44.29805,88.72685,0.0,99.10000000000002,83.0,70
-52.5013,-24.009876,0.0,50.41083,-43.379807,0.0,0.20000000000000284,-50.699999999999996,70
-5.7709117,-30.979902,0.0,-9.9358015,-88.25458,0.0,-21.799999999999997,-78.2,70
35.447136,-79.89211,0.0,5.6934104,-51.20275,0.0,35.80000000000001,-85.8,70
60.607273,63.32078,0.0,-81.63636,8.758536,0.0,62.5,61.10000000000002,70
-86.15129,30.96185,0.0,52.467403,74.97747,0.0,-82.8,22.10000000000001,70
88.46362,-91.64175,0.0,90.59198,9.324483,0.0,59.80000000000001,-81.4,70
6.2441072,28.600681,0.0,52.397137,-50.071445,0.0,32.400000000000006,-44.0,70
-37.82001,47.98655,0.0,-45.63541,-13.980578,0.0,-45.599999999999994,17.0,70
47.308838,-42.879177,0.0,26.440432,-45.804337,0.0,31.200000000000017,-50.0,70
89.03592,-83.43988,0.0,-38.150055,-99.26343,0.0,25.900000000000006,-93.1,70
-21.070738,-87.00003,0.0,-33.86321,22.938114,0.0,-38.599999999999994,-82.5,70
-10.810892,-96.76934,0.0,51.5229,-65.065506,0.0,63.60000000000002,-80.4,70
18.741543,3.2374353,0.0,-21.798424,-38.73784,0.0,26.5,-39.9,70
-9.771004,-36.7106,0.0,-27.240692,-53.594776,0.0,-25.89999999999999,-35.599999999999994,70
-41.379093,-57.61862,0.0,-77.85416,52.47976,0.0,-45.3,34.0,70
-87.20187,2.4560921,0.0,15.968795,27.291435,0.0,-83.1,9.300000000000011,70
8.382885,-86.96656,0.0,-61.869354,-87.3484,0.0,-26.700000000000003,-89.1,70
51.9504,-26.763176,0.0,-91.9848,-97.04095,0.0,74.20000000000002,-75.3,70
-41.75194,72.410545,0.0,18.105556,-44.476337,0.0,-36.3,-35.89999999999999,70
2.3942008,93.790924,0.0,-48.92623,-53.749737,0.0,-7.299999999999997,82.70000000000002,70
-39.775974,-32.103527,0.0,-53.696884,44.503254,0.0,-38.5,-13.299999999999997,70
-51.395775,45.29816,0.0,63.37356,-56.81589,0.0,59.0,-21.5,70
-84.02601,-7.1972575,0.0,-31.32751,87.316505,0.0,-84.0,82.80000000000001,70
-91.44862,-36.009354,0.0,88.66524,2.8696744,0.0,-89.8,6.6000000000000085,70
43.104908,-80.0837,0.0,-43.482044,12.04499,0.0,-11.799999999999997,-82.3,70
-43.889355,68.873024,0.0,-20.561287,16.390406,0.0,-38.4,32.0,70
-79.112045,67.3952,0.0,99.00235,26.65614,0.0,-79.3,28.700000000000017,70
22.946888,-36.7658,0.0,-24.261242,-79.68542,0.0,0.5,-58.199999999999996,70
-44.25968,-36.983547,0.0,37.73688,29.617905,0.0,-31.700000000000003,8.5,70
63.690407,-49.351295,0.0,49.521587,-52.19872,0.0,59.10000000000002,-43.9,70
56.554173,-75.47735,0.0,-81.29159,-49.152195,0.0,-81.2,-90.5,70
-20.328167,-52.26797,0.0,7.340559,-92.89536,0.0,-30.200000000000003,-77.1,70
-49.2821,-45.98716,0.0,-50.59979,-31.135386,0.0,-42.3,-38.099999999999994,70
20.019882,-31.525557,0.0,-27.391712,-97.36878,0.0,-9.699999999999989,-66.5,70
-30.421484,-14.533026,0.0,99.13141,92.873085,0.0,-40.5,79.5,70
67.34476,68.002,0.0,-35.674957,73.98427,0.0,-51.8,48.400000000000006,70
-37.11752,86.233765,0.0,92.12076,-27.795933,0.0,-34.5,40.30000000000001,70
53.40055,-23.34643,0.0,-41.251045,-13.667489,0.0,55.5,-84.7,70
-7.69738,-50.567905,0.0,97.637146,89.058105,0.0,98.80000000000001,-40.099999999999994,70
24.491034,34.241467,0.0,82.79831,-84.212616,0.0,29.099999999999994,-84.3,70
-93.72427,-30.823147,0.0,-85.72924,-75.63839,0.0,-91.6,-53.4,70
-41.306114,-20.222778,0.0,-55.261463,90.64367,0.0,-43.3,75.5,70
-28.542282,-38.89398,0.0,90.60153,-43.693176,0.0,-10.199999999999989,-46.0,70
-35.71518,97.34039,0.0,49.810966,78.92723,0.0,3.0,100.0,70
-94.26135,-52.139034,0.0,-95.44033,62.11035,0.0,-95.4,4.900000000000006,70
95.44574,22.042301,0.0,-53.382282,-37.068844,0.0,50.099999999999994,2.3000000000000114,70
97.83571,46.86007,0.0,-37.594955,78.37803,0.0,97.80000000000001,93.10000000000002,70
44.051098,96.71898,0.0,-39.227913,-70.53242,0.0,-23.099999999999994,81.20000000000002,70
31.652628,-97.48882,0.0,89.22314,10.96287,0.0,66.4,-91.3,70
-38.049473,-90.746086,0.0,-80.85092,-8.908398,0.0,-81.1,-81.1,70
78.49168,28.625355,0.0,-49.104145,-72.774925,0.0,-24.0,24.200000000000003,70
-24.31204,87.74997,0.0,-44.66791,-5.2626724,0.0,-37.0,82.60000000000002,70
-20.427109,-23.889887,0.0,-38.569244,92.74587,0.0,-26.5,80.0,70
80.91795,-91.34025,0.0,96.15335,-63.132687,0.0,96.30000000000001,-85.9,70
44.616833,-92.17215,0.0,-7.570391,-54.197136,0.0,47.099999999999994,-99.7,70
57.72057,70.486595,0.0,-23.736416,-86.50083,0.0,57.80000000000001,-84.6,70
-41.38678,-7.299949,0.0,20.567215,79.388435,0.0,-39.0,79.60000000000002,70
58.2798,21.498,0.0,-43.062973,83.01796,0.0,59.400000000000006,83.10000000000002,70
-98.119896,53.544754,0.0,91.19082,10.346862,0.0,-72.6,31.099999999999994,70
-13.812761,20.474035,0.0,58.964603,-94.163055,0.0,59.0,32.70000000000002,70
-47.806786,68.86358,0.0,-32.624935,-51.42646,0.0,-40.199999999999996,8.5,70
-43.883095,51.13771,0.0,-72.39703,-77.50926,0.0,-43.9,-85.2,70
-51.65048,75.77499,0.0,21.413363,-14.236616,0.0,-15.599999999999994,84.9,70
-38.965427,-98.70508,0.0,56.802254,-50.77565,0.0,60.30000000000001,-74.9,70
-3.5932305,22.339687,0.0,-32.067947,19.795673,0.0,-18.599999999999994,21.5,70
-35.310688,-19.231318,0.0,77.3385,-95.64804,0.0,6.0,-70.1,70
26.543581,-87.857056,0.0,99.91289,-86.18248,0.0,64.80000000000001,-90.4,70
-40.37288,-2.7506948,0.0,21.79277,16.606873,0.0,-21.099999999999994,19.80000000000001,70
56.010334,-59.899204,0.0,53.369556,95.41424,0.0,60.80000000000001,74.9,70
48.276306,-99.40782,0.0,-5.4335284,-91.48315,0.0,21.400000000000006,-95.6,70
59.0828,61.373135,0.0,-65.96491,83.323685,0.0,59.10000000000002,83.4,70
0.0017403726,-54.780888,0.0,90.59853,-3.6245067,0.0,31.099999999999994,-8.799999999999997,70
-41.941235,-61.04442,0.0,29.516014,6.61296,0.0,-27.200000000000003,-26.5,70
-32.709698,74.83644,0.0,-90.33525,-30.076012,0.0,-74.0,27.60000000000001,70
-30.005281,-73.59367,0.0,-92.30258,-56.64956,0.0,-81.0,-71.4,70
9.289609,-85.21129,0.0,-21.58242,32.80072,0.0,-43.599999999999994,-84.7,70
10.865136,-36.639286,0.0,-89.19056,36.845215,0.0,-81.0,-41.099999999999994,70
61.889225,-1.6214868,0.0,-77.986916,-36.338913,0.0,54.70000000000002,-6.299999999999997,70
-83.95652,70.23909,0.0,12.8621855,-40.07389,0.0,-83.8,-30.39999999999999,70
-84.009094,73.04408,0.0,-80.30203,-94.314285,0.0,-89.8,-71.2,70
-3.753704,95.08963,0.0,-92.87296,-20.292864,0.0,-80.0,67.10000000000002,70
-98.87371,-37.01849,0.0,0.35203245,18.326143,0.0,-76.8,5.6000000000000085,70
19.551981,-83.62289,0.0,57.18585,78.69404,0.0,57.20000000000002,-83.6,70
-22.801664,6.100409,0.0,-52.067856,60.974564,0.0,-39.599999999999994,35.0,70
75.17631,3.922854,0.0,-28.023743,-15.140139,0.0,-32.8,15.600000000000009,70
17.003172,-23.689064,0.0,15.31256,-24.874704,0.0,21.200000000000003,-28.700000000000003,70
67.32177,-31.297361,0.0,7.994637,33.866615,0.0,32.099999999999994,-57.599999999999994,70
-84.288376,27.569809,0.0,19.338093,-34.086452,0.0,-84.3,-48.9,70
57.681686,-31.274666,0.0,75.10832,85.68203,0.0,68.70000000000002,84.70000000000002,70
-5.5435543,81.78008,0.0,99.438385,-0.94835395,0.0,22.60000000000001,81.4,70
-37.702496,-68.63235,0.0,99.2614,58.196968,0.0,94.0,-5.5,70
16.499043,2.1204884,0.0,-84.08346,86.64195,0.0,-75.1,86.9,70
4.6987743,13.382895,0.0,52.593525,-14.122061,0.0,25.200000000000003,9.400000000000006,70
44.11418,-82.78369,0.0,30.842596,-81.17744,0.0,37.099999999999994,-85.2,70
-90.59391,-33.137264,0.0,-36.70974,10.158957,0.0,-64.69999999999999,-1.2999999999999972,70
-93.49926,-52.363903,0.0,-48.257484,8.897951,0.0,-93.7,-18.099999999999994,70
21.917974,16.556019,0.0,-4.773473,16.912008,0.0,8.600000000000009,20.5,70
-1.0785877,-92.8674,0.0,-1.0197303,-52.445023,0.0,11.900000000000006,-80.7,70
-85.40439,34.87292,0.0,-47.184135,82.71398,0.0,-84.2,84.9,70
-83.98657,-62.578682,0.0,-52.75419,71.18251,0.0,-89.0,27.400000000000006,70
71.076614,86.73598,0.0,-54.482327,-54.186756,0.0,55.20000000000002,79.60000000000002,70
-87.13919,-35.898045,0.0,17.650263,-22.373331,0.0,-76.9,-85.0,70
-31.057487,81.55848,0.0,55.06206,55.37625,0.0,55.10000000000002,81.70000000000002,70
-4.264189,-40.36415,0.0,-69.936066,88.49484,0.0,-48.699999999999996,-13.599999999999994,70
60.784008,1.9520351,0.0,16.621214,95.85953,0.0,59.10000000000002,80.30000000000001,70
59.22191,27.021633,0.0,-25.24717,27.014616,0.0,19.0,27.400000000000006,70
-36.921764,22.354286,0.0,-51.943714,-26.185928,0.0,-40.699999999999996,-1.1999999999999886,70
97.239,63.49939,0.0,-32.946854,-78.133965,0.0,97.30000000000001,-82.8,70
-84.48304,48.760887,0.0,-32.65498,0.7717037,0.0,-76.6,30.599999999999994,70
-51.520103,-85.7834,0.0,99.74337,-20.56339,0.0,99.70000000000002,-82.4,70
98.65972,86.68835,0.0,-98.392044,-50.77757,0.0,-75.1,85.80000000000001,70
-29.507092,-9.806433,0.0,54.401814,-49.737854,0.0,-28.0,-37.5,70
-6.208885,-35.56436,0.0,68.60889,-4.7518206,0.0,22.80000000000001,-47.3,70
38.831635,-82.54151,0.0,89.67025,93.6995,0.0,80.9,-84.6,70
-52.86337,-97.87229,0.0,-53.52165,97.46063,0.0,-27.0,16.5,70
57.86249,-18.676266,0.0,-86.798325,-69.47264,0.0,-86.8,-69.0,70
-90.09315,24.804657,0.0,-30.855555,94.298584,0.0,-81.1,77.5,70
-94.080574,73.85599,0.0,91.95875,-46.906536,0.0,-73.7,16.700000000000003,70
-70.657455,84.73836,0.0,-22.96105,-30.134197,0.0,-74.9,83.10000000000002,70
-31.894646,-56.115112,0.0,20.173128,-33.76405,0.0,-34.099999999999994,-49.8,70
47.603535,-87.8051,0.0,80.90289,12.626966,0.0,81.10000000000002,5.800000000000011,70
-53.065468,80.13033,0.0,-15.586561,-82.01541,0.0,-10.699999999999989,-82.5,70
-51.46911,-47.497723,0.0,-51.62197,77.18598,0.0,-27.39999999999999,27.900000000000006,70
93.90706,55.865826,0.0,42.417576,27.335487,0.0,98.4,28.700000000000017,70
92.27612,-80.88302,0.0,-2.3500116,-38.685734,0.0,97.60000000000002,-60.9,70
-40.20431,83.31903,0.0,-52.369755,-48.387463,0.0,-40.199999999999996,-32.599999999999994,70
-18.725857,-51.920807,0.0,-18.57744,7.13541,0.0,-38.5,-5.699999999999989,70
-53.742546,35.949005,0.0,2.5645766,89.45423,0.0,-16.799999999999997,82.80000000000001,70
87.56069,22.025047,0.0,-39.140987,38.228424,0.0,-39.099999999999994,35.0,70
-98.195045,-41.93367,0.0,72.12556,76.71946,0.0,-92.0,-6.199999999999989,70
-78.73703,-90.14473,0.0,-89.81418,67.71624,0.0,-93.0,-66.1,70
-19.874651,-29.67164,0.0,-69.89929,-90.93065,0.0,-51.4,-81.7,70
-50.19794,31.348658,0.0,-41.228573,-42.113476,0.0,-41.3,-6.0,70
8.949042,-52.528023,0.0,-45.992397,12.942166,0.0,-33.0,-16.299999999999997,70
-9.277501,-96.749374,0.0,24.224821,3.1804407,0.0,7.200000000000003,-77.1,70
55.061035,43.697464,0.0,-94.76544,19.997112,0.0,55.80000000000001,14.300000000000011,70
17.092075,-33.08186,0.0,-78.563324,-61.901608,0.0,-81.6,-61.8,70
-79.049736,99.23335,0.0,-49.44276,79.067375,0.0,-57.9,96.60000000000002,70
-82.47695,-70.10527,0.0,11.06529,-26.498207,0.0,-82.5,-85.5,70
-2.4967167,-43.091206,0.0,42.527973,-41.711876,0.0,24.5,-48.199999999999996,70
-43.114098,71.63739,0.0,-77.00969,32.22537,0.0,-44.199999999999996,48.599999999999994,70
-5.4074206,-86.5894,0.0,68.226906,-44.429646,0.0,35.20000000000002,-84.5,70
-31.278625,83.66804,0.0,-52.04685,90.94557,0.0,-41.9,89.0,70
24.536688,-92.94896,0.0,55.01138,-70.991875,0.0,56.60000000000002,-84.6,70
-33.298836,60.597023,0.0,90.34085,-65.13452,0.0,-53.3,-18.19999999999999,70
17.049635,-98.26226,0.0,-61.691525,-95.03541,0.0,-22.39999999999999,-96.8,70
-39.281445,-54.362347,0.0,89.75723,97.56341,0.0,-20.799999999999997,76.70000000000002,70
31.709736,23.676044,0.0,-33.93288,-25.186966,0.0,-35.8,6.200000000000003,70
-35.113865,-68.99637,0.0,20.007221,25.25477,0.0,-33.8,14.600000000000009,70
54.916496,-67.18155,0.0,-79.88315,-7.7202415,0.0,58.5,-30.5,70
-97.86312,54.03926,0.0,31.149029,93.45073,0.0,-77.7,81.30000000000001,70
60.361664,21.549866,0.0,64.819855,82.40133,0.0,59.5,66.10000000000002,70
-1.7633003,-31.634817,0.0,-46.630962,7.149497,0.0,-24.099999999999994,-34.0,70
51.079865,50.72038,0.0,-82.1081,-46.954296,0.0,-82.1,43.400000000000006,70
44.06372,97.34174,0.0,-65.95293,-88.73367,0.0,0.6000000000000085,100.0,70
-94.92771,-69.7502,0.0,25.991173,99.85592,0.0,-77.1,74.9,70
63.864315,-13.70521,0.0,-34.45139,-82.65251,0.0,43.5,-82.7,70
-23.948364,-21.633944,0.0,42.543137,26.972435,0.0,-54.8,20.200000000000003,70
-22.40992,-42.393173,0.0,99.382996,12.291678,0.0,99.4,-53.099999999999994,70
28.54993,-86.040955,0.0,21.902023,22.791677,0.0,23.200000000000003,-84.0,70
95.96924,-93.779274,0.0,92.44159,-57.40964,0.0,100.0,-81.7,70
-18.530472,-34.8005,0.0,96.26976,-99.09012,0.0,24.900000000000006,-59.199999999999996,70
-83.83744,-16.735472,0.0,-89.3976,31.066658,0.0,-89.4,7.200000000000003,70
14.903876,27.391632,0.0,-84.51883,-23.821186,0.0,-84.1,-8.799999999999997,70
-80.6509,-38.746872,0.0,-32.86931,-21.52371,0.0,-75.7,-40.199999999999996,70
-87.51008,56.388485,0.0,-4.605306,99.77145,0.0,-82.1,74.70000000000002,70
-52.046032,45.138885,0.0,79.08038,78.31243,0.0,-13.099999999999994,86.70000000000002,70
-76.27929,89.67836,0.0,6.345861,82.10637,0.0,-34.7,89.70000000000002,70
-77.57263,64.13911,0.0,63.130375,62.868126,0.0,53.20000000000002,13.900000000000006,70
5.294801,97.90961,0.0,92.213066,-68.62691,0.0,96.4,73.80000000000001,70
-6.3625746,96.146416,0.0,-5.5778546,-85.69413,0.0,-62.4,82.5,70
-35.66372,-79.84509,0.0,-25.79209,85.8711,0.0,-43.5,82.4,70
-38.48614,-45.64601,0.0,-0.10781275,-39.005226,0.0,-20.39999999999999,-40.599999999999994,70
-52.937134,-10.967371,0.0,-14.205006,23.993914,0.0,-33.7,6.400000000000006,70
74.2901,97.56198,0.0,92.79678,-20.287636,0.0,99.80000000000001,76.10000000000002,70
-47.232002,-23.12153,0.0,56.13384,-82.92607,0.0,62.60000000000002,-68.3,70
19.100372,19.359442,0.0,-33.566296,21.490778,0.0,-7.0,22.60000000000001,70
84.14112,-93.84867,0.0,-19.27831,86.9615,0.0,68.5,91.9,70
8.25709,22.171268,0.0,-16.197794,86.21114,0.0,8.600000000000009,95.70000000000002,70
24.239573,-78.12319,0.0,-92.50305,-67.48335,0.0,-75.1,-95.0,70
51.10942,31.209314,0.0,-40.93817,78.49516,0.0,-39.5,28.5,70
97.55787,-78.37068,0.0,18.65303,-32.46469,0.0,65.10000000000002,-92.6,70
1.4881172,-36.652966,0.0,75.23314,19.172894,0.0,58.10000000000002,7.0,70
9.665478,-53.932743,0.0,-86.94268,-75.04468,0.0,-81.3,-28.39999999999999,70
-11.770601,91.4377,0.0,62.48903,81.42162,0.0,29.400000000000006,95.20000000000002,70
66.22735,55.657146,0.0,50.032917,-37.82298,0.0,51.599999999999994,-63.6,70
-86.257645,3.935306,0.0,-30.333689,-68.56739,0.0,-91.7,-30.099999999999994,70
64.48762,46.22518,0.0,59.262955,-96.084724,0.0,57.80000000000001,-68.8,70
-54.45462,-65.20388,0.0,-25.65795,80.705185,0.0,-6.0,84.9,70
-11.460916,16.420086,0.0,83.72821,-77.09848,0.0,20.10000000000001,20.400000000000006,70
-13.330073,28.724228,0.0,-36.35135,47.341537,0.0,-41.4,28.5,70
-12.948776,91.411,0.0,42.12381,92.29356,0.0,14.600000000000009,92.30000000000001,70
-39.495018,-72.917656,0.0,-76.0845,-70.33342,0.0,-47.5,-49.3,70
94.52684,-17.780226,0.0,-91.55682,25.61983,0.0,100.0,29.900000000000006,70
20.386751,-36.97927,0.0,-26.57887,-21.444359,0.0,-15.199999999999989,-40.8,70
53.78239,-55.240494,0.0,74.00334,75.76404,0.0,68.10000000000002,-34.3,70
-48.445793,-58.123413,0.0,41.50914,32.502113,0.0,-28.599999999999994,5.300000000000011,70
89.25928,24.478886,0.0,-54.037132,-40.003128,0.0,50.5,18.200000000000003,70
97.13518,74.74809,0.0,-24.924032,-45.787323,0.0,97.20000000000002,-49.3,70
-93.0409,78.790955,0.0,-25.952017,75.398346,0.0,-26.0,100.0,70
97.74473,-89.999374,0.0,-41.918697,81.74906,0.0,-31.200000000000003,-81.9,70
6.8622847,-29.409708,0.0,25.50176,-89.78614,0.0,15.5,-74.0,70
66.3376,89.27527,0.0,-73.3572,-79.01761,0.0,51.099999999999994,-79.5,70
-35.878296,-27.760645,0.0,22.395483,-35.30142,0.0,-15.0,-42.099999999999994,70
97.16407,68.50576,0.0,-27.836021,90.885895,0.0,97.20000000000002,85.0,70
19.872377,-28.71881,0.0,26.118542,87.33336,0.0,17.400000000000006,74.60000000000002,70
-89.78288,-64.15319,0.0,96.616554,94.06248,0.0,-82.5,80.60000000000002,70
-81.97173,46.635986,0.0,57.270985,-75.33948,0.0,59.10000000000002,-23.700000000000003,70
12.765892,-89.54526,0.0,22.418875,-41.912083,0.0,19.5,-51.3,70
-78.36042,-1.5065875,0.0,-97.43377,33.812065,0.0,-88.6,16.10000000000001,70
17.352177,-35.006855,0.0,58.757526,-1.7594477,0.0,55.80000000000001,-66.8,70
71.841125,-99.70933,0.0,-26.707052,-17.055685,0.0,2.700000000000003,-76.2,70
-41.22522,85.54947,0.0,51.353214,-61.178802,0.0,-39.5,74.9,70
87.21861,96.669556,0.0,-18.198046,10.259592,0.0,31.200000000000017,47.099999999999994,70
-83.18861,22.410515,0.0,32.949753,-81.98267,0.0,-83.2,-82.1,70
-79.63443,80.318634,0.0,59.535522,-44.677483,0.0,59.400000000000006,85.4,70
0.91683203,21.462843,0.0,-28.602358,-3.6021261,0.0,-28.200000000000003,20.80000000000001,70
90.468636,20.330427,0.0,61.209373,-6.735251,0.0,61.20000000000002,10.600000000000009,70
-38.015373,-86.93921,0.0,55.662235,-48.778538,0.0,63.80000000000001,-82.8,70
36.768517,-40.87657,0.0,46.791946,23.748098,0.0,33.599999999999994,35.20000000000002,70
-45.46906,-41.239193,0.0,-87.13678,82.585266,0.0,-45.599999999999994,86.9,70
-80.82313,10.740083,0.0,67.13305,-39.979916,0.0,-80.9,-64.5,70
97.687904,-91.54836,0.0,19.517384,-27.13124,0.0,29.599999999999994,-68.5,70
62.001278,-37.153564,0.0,59.63997,-33.987904,0.0,59.80000000000001,-35.2,70
-33.100887,75.521126,0.0,-83.39898,-84.59797,0.0,-70.2,-87.1,70
-81.67514,21.04181,0.0,-89.197784,24.036842,0.0,-89.2,22.200000000000003,70
92.70777,-74.082214,0.0,92.234795,-17.976192,0.0,100.0,-37.699999999999996,70
-15.508201,-31.12775,0.0,-30.030148,-80.266174,0.0,-45.699999999999996,-72.3,70
8.598321,-45.16606,0.0,-21.809776,21.849749,0.0,-45.599999999999994,-27.39999999999999,70
63.63857,7.3379445,0.0,84.76636,88.54831,0.0,56.0,81.4,70
-31.52669,97.138,0.0,-46.41215,7.7853785,0.0,-43.4,72.10000000000002,70
-93.96326,-53.37836,0.0,-47.801586,98.14423,0.0,-79.1,77.30000000000001,70
62.562435,-28.017641,0.0,-36.29364,23.774647,0.0,56.20000000000002,29.599999999999994,70
71.18031,0.41193262,0.0,26.055714,-16.680317,0.0,24.30000000000001,-0.6999999999999886,70
33.278072,-49.734894,0.0,38.245857,-87.00069,0.0,47.0,-76.8,70
-31.8807,-50.930176,0.0,-33.711353,48.170982,0.0,-49.3,13.800000000000011,70
68.92457,-3.642738,0.0,20.510187,18.185759,0.0,21.80000000000001,16.60000000000001,70
-2.9926517,31.89144,0.0,93.46048,6.2319374,0.0,48.30000000000001,20.30000000000001,70
9.04195,-49.21874,0.0,58.558876,34.863983,0.0,58.70000000000002,-44.9,70
79.582146,76.35793,0.0,29.710997,-38.91291,0.0,20.80000000000001,-26.0,70
-24.159544,-42.11985,0.0,-32.946053,-34.26034,0.0,-29.0,-38.4,70
-41.791218,13.199674,0.0,34.993736,77.7716,0.0,-37.9,77.9,70
-91.52036,-3.0230234,0.0,-48.012493,-21.678701,0.0,-48.9,11.700000000000003,70
-98.17208,-88.52378,0.0,-77.72225,16.177244,0.0,-100.0,-39.5,70
54.87684,-35.032413,0.0,94.990364,-46.70645,0.0,100.0,-55.599999999999994,70
66.32808,-90.678406,0.0,-87.731895,67.84355,0.0,-83.9,-80.8,70
27.039135,34.991673,0.0,-21.628113,16.659742,0.0,33.70000000000002,20.80000000000001,70
-23.50068,-81.60034,0.0,6.8335094,-31.104395,0.0,-34.5,-76.5,70
-53.261234,91.10726,0.0,88.45532,14.225299,0.0,-29.200000000000003,43.70000000000002,70
27.50625,78.966606,0.0,-97.833916,25.329504,0.0,-76.6,79.30000000000001,70
-32.007942,-53.40171,0.0,-54.475353,95.30773,0.0,-43.3,74.5,70
-92.12692,-73.11586,0.0,22.646275,-93.932915,0.0,-66.0,-96.8,70
-32.924255,24.971449,0.0,-15.112964,-38.265373,0.0,-37.0,-23.89999999999999,70
90.349686,47.323494,0.0,-21.060741,9.955887,0.0,-2.299999999999997,42.80000000000001,70
82.15337,17.650835,0.0,2.4783752,-28.675798,0.0,53.099999999999994,27.700000000000003,70
1.4238741,-96.432846,0.0,-75.769104,43.717663,0.0,44.900000000000006,-77.3,70
22.441038,-84.98115,0.0,-87.046364,-23.56528,0.0,-83.1,-84.8,70
-87.13186,36.971962,0.0,-36.898434,-48.215622,0.0,-71.4,-8.699999999999989,70
-71.38589,-86.78312,0.0,66.91887,48.620472,0.0,45.400000000000006,-86.0,70
15.15761,20.613361,0.0,-3.1015096,82.65143,0.0,9.5,14.0,70
49.18135,-51.53104,0.0,86.20029,-87.35856,0.0,78.20000000000002,-83.4,70
77.233894,17.480728,0.0,-46.299084,-97.154236,0.0,-41.699999999999996,-74.2,70
99.23662,-31.964285,0.0,35.616028,-89.595,0.0,99.20000000000002,-83.4,70
-42.26248,82.574776,0.0,-77.5964,98.92684,0.0,-58.199999999999996,93.5,70
77.300545,76.15178,0.0,-29.569302,-27.061653,0.0,-31.099999999999994,-24.599999999999994,70
-50.509193,7.1534767,0.0,98.49637,-15.206034,0.0,98.5,37.599999999999994,70
-11.246721,-86.70243,0.0,84.390045,-97.50795,0.0,36.400000000000006,-92.3,70
38.82609,-93.02658,0.0,7.9880314,-35.096558,0.0,40.80000000000001,-66.0,70
31.506378,-91.08108,0.0,-44.63803,-91.67368,0.0,-6.699999999999989,-92.6,70
-27.745554,-93.74591,0.0,84.60585,-99.18069,0.0,28.400000000000006,-96.6,70
62.541985,-88.434814,0.0,64.56685,-24.98147,0.0,56.80000000000001,-61.599999999999994,70
73.51186,15.291653,0.0,95.52004,80.355934,0.0,100.0,29.400000000000006,70
-49.762913,6.7535686,0.0,98.82979,-56.94373,0.0,98.80000000000001,39.099999999999994,70
-76.91266,-0.3434274,0.0,77.84181,-82.45115,0.0,-77.5,-82.4,70
7.821002,19.45043,0.0,-21.015306,-44.609325,0.0,-47.0,13.700000000000003,70
91.350494,79.26346,0.0,-76.39163,-13.849407,0.0,81.10000000000002,89.9,70
-82.88538,-86.02727,0.0,-80.921875,-99.00476,0.0,-82.0,-92.8,70
20.339842,-49.688263,0.0,25.726902,31.58017,0.0,22.80000000000001,-14.699999999999989,70
91.67434,-31.439507,0.0,17.319416,5.228478,0.0,26.200000000000003,-14.399999999999991,70
-12.506148,-84.357834,0.0,1.3451451,-37.807983,0.0,-14.0,-43.9,70
-19.229431,-40.917866,0.0,65.09679,-74.04647,0.0,47.900000000000006,-51.5,70
15.071791,9.149983,0.0,54.17149,-4.3686543,0.0,25.900000000000006,2.9000000000000057,70
-52.733906,82.39302,0.0,13.359878,2.9816706,0.0,-25.299999999999997,54.20000000000002,70
-12.483795,-94.481346,0.0,24.109167,-27.36378,0.0,11.400000000000006,-69.0,70
52.3658,-29.17489,0.0,-77.72786,-99.49909,0.0,72.4,-72.3,70
-14.343766,33.8239,0.0,52.361996,-16.618322,0.0,55.70000000000002,7.1000000000000085,70
75.43721,97.34501,0.0,-91.16312,58.431797,0.0,-82.3,80.4,70
51.375355,-74.31467,0.0,77.86988,-82.07405,0.0,70.60000000000002,-82.1,70
-4.3032923,79.47433,0.0,56.07229,-94.41588,0.0,58.0,79.5,70
55.960464,-99.812225,0.0,68.193115,24.32159,0.0,65.4,2.0,70
-83.70032,-94.14654,0.0,-99.81725,17.970562,0.0,-96.7,-41.5,70
62.086166,-99.1187,0.0,-32.999638,0.45909435,0.0,-30.299999999999997,-73.4,70
92.90119,24.539679,0.0,69.56341,-38.998016,0.0,61.0,22.0,70
23.601372,-35.484497,0.0,-78.59622,5.9937887,0.0,-80.6,-38.3,70
-35.624607,31.631273,0.0,46.669537,88.98343,0.0,-38.599999999999994,82.5,70
96.856255,17.393715,0.0,-84.56138,65.47821,0.0,-84.2,40.599999999999994,70
-30.979942,4.630169,0.0,53.48322,-88.251785,0.0,-37.9,-82.4,70
-61.95114,86.72481,0.0,-85.03459,-81.229095,0.0,-85.0,85.20000000000002,70
6.5664606,-88.26642,0.0,68.48701,-90.5665,0.0,37.400000000000006,-90.5,70
88.14687,10.052198,0.0,35.89833,-40.803738,0.0,46.5,31.400000000000006,70
26.157753,-43.361774,0.0,52.386745,-75.36017,0.0,62.60000000000002,-57.4,70
-98.2379,-74.38667,0.0,57.82779,-56.290607,0.0,57.5,-100.0,70
-16.070171,30.011284,0.0,99.175255,-18.468323,0.0,99.4,20.5,70
17.143105,-38.3108,0.0,44.98721,23.007929,0.0,26.900000000000006,36.900000000000006,70
68.120224,86.71302,0.0,69.13447,-61.930027,0.0,46.0,10.5,70
-29.290867,27.492538,0.0,27.16928,20.618254,0.0,-1.2999999999999972,22.60000000000001,70
17.280638,-32.148563,0.0,81.55147,91.70801,0.0,34.599999999999994,73.30000000000001,70
-57.355762,93.39141,0.0,-28.35254,-30.053493,0.0,-62.1,79.0,70
27.045525,-14.269088,0.0,61.97577,-3.5590546,0.0,64.80000000000001,-25.099999999999994,70
93.08076,10.731035,0.0,-71.818115,91.78518,0.0,100.0,77.4,70
-97.63574,71.48992,0.0,99.242195,67.68291,0.0,-83.9,55.400000000000006,70
89.86516,81.07837,0.0,44.60916,96.13411,0.0,66.9,91.30000000000001,70
63.413322,-81.93897,0.0,91.36175,55.751602,0.0,55.60000000000002,21.0,70
-74.797195,81.300476,0.0,-83.19516,78.18204,0.0,-81.8,82.10000000000002,70
83.69648,-83.49112,0.0,-98.75504,1.9089587,0.0,-75.1,-83.5,70
59.496372,54.4186,0.0,-44.27587,17.749392,0.0,59.5,33.0,70
55.060722,66.773865,0.0,-59.483944,84.31935,0.0,60.20000000000002,84.4,70
-51.556293,-43.371567,0.0,-81.29904,61.6876,0.0,-82.3,24.200000000000003,70
55.84792,41.164257,0.0,46.044533,24.867529,0.0,60.900000000000006,37.5,70
59.80483,79.1305,0.0,-86.00333,-18.795338,0.0,-84.3,94.5,70
91.33288,81.96948,0.0,-13.935485,19.773596,0.0,52.900000000000006,94.9,70
61.252197,-10.843569,0.0,51.760727,81.35907,0.0,61.400000000000006,78.60000000000002,70
-56.692616,96.089355,0.0,10.556676,-34.85197,0.0,-19.799999999999997,-45.8,70
64.02995,-35.560177,0.0,83.8279,22.870548,0.0,64.0,6.1000000000000085,70
-18.009306,87.30681,0.0,-49.23518,75.87539,0.0,-33.39999999999999,87.30000000000001,70
-69.136955,-96.101974,0.0,-49.472385,-60.047035,0.0,-45.0,-82.9,70
-2.5719936,-91.88781,0.0,-52.95586,-95.73089,0.0,-27.799999999999997,-93.9,70
14.112573,94.68854,0.0,-78.28535,56.71901,0.0,-81.1,78.80000000000001,70
-90.495674,74.42182,0.0,56.38576,-11.404043,0.0,-80.8,68.4,70
64.78202,3.3019977,0.0,16.325079,0.24613582,0.0,38.70000000000002,48.400000000000006,70
29.260796,78.76214,0.0,38.21099,28.740238,0.0,39.30000000000001,25.900000000000006,70
18.485857,21.612978,0.0,16.08543,85.49024,0.0,10.5,29.30000000000001,70
53.720253,78.92993,0.0,-84.04983,-3.90759,0.0,-84.0,82.30000000000001,70
-79.53716,-63.85796,0.0,-42.611866,-61.378693,0.0,-47.099999999999994,-75.5,70
-88.659546,-26.19323,0.0,-11.121695,-79.15878,0.0,-80.7,-80.0,70
-79.58871,52.21245,0.0,94.71321,-64.92709,0.0,96.70000000000002,-73.4,70
25.052574,90.66148,0.0,-34.582603,97.64543,0.0,-4.799999999999997,94.5,70
-48.801167,-44.443027,0.0,-20.597763,-33.877865,0.0,-34.7,-39.199999999999996,70
52.081223,19.867186,0.0,69.361855,-87.2526,0.0,76.30000000000001,-84.6,70
-87.69613,-86.27749,0.0,-45.62655,-8.930394,0.0,-45.599999999999994,-83.4,70
27.350662,-40.389233,0.0,-52.877445,3.5266862,0.0,-13.699999999999989,-32.599999999999994,70
-93.8851,70.0655,0.0,79.38417,-83.23789,0.0,-78.9,-83.3,70
30.368143,-76.670616,0.0,12.191838,78.14569,0.0,4.400000000000006,86.4,70
-33.845516,-61.03564,0.0,-46.35819,79.7154,0.0,-34.7,-7.599999999999994,70
66.47978,61.30173,0.0,0.7455359,77.57498,0.0,37.099999999999994,93.0,70
-96.08082,-8.504494,0.0,-5.5515146,-77.443634,0.0,-77.3,-84.5,70
-11.237409,-37.005722,0.0,-56.76559,84.90201,0.0,-4.8999999999999915,-52.099999999999994,70
4.031885,76.22703,0.0,-16.459074,84.80791,0.0,-13.0,93.60000000000002,70
-53.80354,-39.351624,0.0,-29.497732,90.57078,0.0,-15.0,82.5,70
62.491096,71.930916,0.0,28.432497,3.9260418,0.0,54.10000000000002,34.30000000000001,70
-53.919025,-92.25743,0.0,-12.6674795,-95.440575,0.0,-33.39999999999999,-94.3,70
85.28754,-99.50681,0.0,-5.1353545,-47.767624,0.0,32.70000000000002,-47.699999999999996,70
16.042328,6.963845,0.0,-32.72439,24.300047,0.0,0.30000000000001137,22.900000000000006,70
-26.220846,-97.65253,0.0,-35.148346,-78.58119,0.0,-34.599999999999994,-91.5,70
-47.179474,4.482815,0.0,-18.781677,-82.232254,0.0,-26.5,-82.2,70
24.554615,21.744108,0.0,83.35184,-81.09858,0.0,21.30000000000001,-79.9,70
-31.614845,-30.118195,0.0,24.890652,-89.80419,0.0,-47.699999999999996,-79.5,70
60.096985,-81.822624,0.0,99.780045,11.867875,0.0,60.10000000000002,10.100000000000009,70
36.2426,-91.15667,0.0,-88.071075,93.36742,0.0,-82.1,-81.1,70
34.119728,-45.781277,0.0,-59.24653,-87.381645,0.0,-16.599999999999994,-52.5,70
88.71807,24.217402,0.0,91.78871,-80.049194,0.0,100.0,-5.199999999999989,70
-13.047192,21.913347,0.0,-81.46185,-96.35232,0.0,-83.6,-68.4,70
-85.22365,-98.03613,0.0,-1.3032274,-47.303574,0.0,-84.1,-47.3,70
-31.614597,3.5669425,0.0,5.928104,84.36175,0.0,-50.099999999999994,84.30000000000001,70
-75.937065,72.36183,0.0,-90.99709,-76.28144,0.0,-89.6,-27.599999999999994,70
-48.117176,90.69543,0.0,68.77329,-89.69947,0.0,-23.89999999999999,-83.9,70
95.07476,5.087439,0.0,22.44933,29.43399,0.0,64.10000000000002,24.30000000000001,70
97.72791,16.697096,0.0,88.44613,-78.14062,0.0,100.0,-85.5,70
7.3267183,-79.70549,0.0,-53.629913,36.659653,0.0,6.400000000000006,-88.4,70
-78.974945,-56.624165,0.0,-8.714433,-88.945076,0.0,-83.1,-81.1,70
50.00747,-39.524998,0.0,-14.567554,97.03921,0.0,-42.9,76.4,70
50.24729,-96.44393,0.0,54.1409,-69.1621,0.0,63.400000000000006,-82.3,70
-23.937963,-26.631578,0.0,55.25089,48.958115,0.0,55.30000000000001,-74.4,70
91.51661,24.33717,0.0,-53.459118,-4.173017,0.0,38.400000000000006,29.200000000000017,70
-97.5374,-68.125854,0.0,-83.09336,-33.95986,0.0,-91.4,-51.4,70
-41.547188,-11.129751,0.0,-92.81382,38.40677,0.0,-79.2,28.80000000000001,70
29.17399,26.731554,0.0,13.534578,20.0482,0.0,18.900000000000006,24.900000000000006,70
17.918573,-27.257006,0.0,99.50248,55.019527,0.0,85.70000000000002,-4.5,70
73.69723,30.208027,0.0,22.018227,-4.8296247,0.0,22.0,23.400000000000006,70
96.78894,98.66303,0.0,-21.38493,-43.532307,0.0,99.60000000000002,-51.9,70
-85.73827,-18.31515,0.0,-51.81081,94.45483,0.0,-85.3,78.70000000000002,70
-32.865017,-84.982635,0.0,92.36643,-26.77155,0.0,10.900000000000006,-80.1,70
60.18967,-45.684555,0.0,94.72259,-71.71827,0.0,63.70000000000002,-50.599999999999994,70
-97.31063,73.637695,0.0,-40.052433,79.13841,0.0,-69.1,93.70000000000002,70
36.392525,21.732183,0.0,-85.57278,-13.924747,0.0,-82.9,20.700000000000003,70
93.13918,-51.80527,0.0,46.47616,24.844301,0.0,95.0,24.10000000000001,70
42.73607,86.33047,0.0,46.5402,77.93237,0.0,50.900000000000006,94.5,70
-15.671326,-91.24947,0.0,28.405636,96.34644,0.0,-20.0,-90.5,70
80.0524,13.144539,0.0,6.3565674,-43.39746,0.0,57.60000000000002,18.900000000000006,70
57.1474,-38.3487,0.0,12.89696,5.648447,0.0,57.10000000000002,50.30000000000001,70
23.142641,-52.870377,0.0,-83.92018,68.9291,0.0,-85.2,7.5,70
-53.246525,-4.8447747,0.0,62.858013,-70.65112,0.0,52.0,-74.1,70
72.68179,88.18481,0.0,73.99359,-90.82531,0.0,89.70000000000002,-81.8,70
52.05081,13.393845,0.0,62.81806,48.373306,0.0,61.10000000000002,31.099999999999994,70
-82.04823,-53.486675,0.0,-30.242268,-37.914627,0.0,-37.699999999999996,-50.8,70
-41.43482,-6.443636,0.0,-52.09339,40.16482,0.0,-41.4,19.60000000000001,70
-6.88565,76.627365,0.0,79.89295,88.594444,0.0,27.900000000000006,100.0,70
-86.28361,54.648624,0.0,-73.48313,-83.53696,0.0,-86.3,-81.1,70
10.181328,-49.535603,0.0,-93.587395,-71.847725,0.0,-79.1,-49.5,70
-39.43037,-57.99268,0.0,53.691875,-14.012302,0.0,-29.700000000000003,-41.199999999999996,70
-54.459373,-82.77792,0.0,7.1275263,-90.04723,0.0,-22.5,-90.1,70
-93.778145,14.279976,0.0,68.437035,-59.545143,0.0,-81.8,-5.199999999999989,70
-39.846268,20.272257,0.0,47.834965,33.080578,0.0,-25.700000000000003,15.0,70
-22.522951,-80.52669,0.0,94.787926,-12.295748,0.0,94.80000000000001,-80.5,70
-54.647778,92.106,0.0,6.4476357,-51.926495,0.0,-24.799999999999997,29.599999999999994,70
34.851746,76.43231,0.0,71.57919,17.840376,0.0,75.4,31.900000000000006,70
-45.747288,-68.86373,0.0,87.47909,97.51254,0.0,-18.5,78.60000000000002,70
-54.227108,-74.693924,0.0,60.753677,-2.8813386,0.0,56.900000000000006,-96.0,70
-81.50913,-90.63456,0.0,-88.17546,71.525505,0.0,-93.3,-61.4,70
-18.533476,29.75119,0.0,-51.212227,-67.36119,0.0,-30.799999999999997,-6.799999999999997,70
-39.69103,-86.58276,0.0,-30.912785,13.27352,0.0,-47.4,-36.599999999999994,70
-53.646908,18.985592,0.0,-30.766912,-88.41817,0.0,-12.699999999999989,-82.0,70
-86.36506,-46.44325,0.0,-80.860115,24.393541,0.0,-89.4,-9.099999999999994,70
-2.1784558,-44.626198,0.0,-22.670507,76.96035,0.0,-31.39999999999999,-24.5,70
-48.79582,-67.01159,0.0,-36.51875,-79.33348,0.0,-40.0,-75.3,70
64.25536,-52.21333,0.0,51.391148,-34.885025,0.0,58.5,-43.099999999999994,70
-75.047905,-98.43638,0.0,98.63724,-61.918568,0.0,98.60000000000002,-78.1,70
-19.539305,-40.40037,0.0,69.06898,68.444695,0.0,9.600000000000009,-38.699999999999996,70
-32.923496,75.5911,0.0,60.792267,-81.7972,0.0,-35.0,-86.2,70
-11.618765,77.51724,0.0,31.263874,34.81249,0.0,-11.299999999999997,83.60000000000002,70
-8.547976,-35.364784,0.0,-81.53612,28.387514,0.0,-84.3,-12.699999999999989,70
99.2314,-12.492935,0.0,69.254456,76.85007,0.0,99.20000000000002,98.4,70
-88.10878,-83.17714,0.0,-83.9107,6.7288322,0.0,-89.3,-38.699999999999996,70
58.06695,43.3521,0.0,40.244434,25.602697,0.0,58.10000000000002,31.599999999999994,70
-53.8563,78.43832,0.0,-77.08419,31.52974,0.0,-77.3,85.5,70
-38.392273,-7.359305,0.0,-59.972458,95.45707,0.0,-46.5,76.70000000000002,70
-96.20592,96.25806,0.0,-90.45461,-61.931107,0.0,-95.1,54.30000000000001,70
-54.62755,60.840324,0.0,59.528225,-8.370487,0.0,62.30000000000001,11.800000000000011,70
-86.66686,9.273442,0.0,-93.60714,98.70482,0.0,-91.1,54.5,70
12.924367,-33.37255,0.0,-62.884544,-78.96407,0.0,-2.8999999999999915,-65.9,70
-20.678923,93.06027,0.0,12.900879,88.05169,0.0,-4.0,91.80000000000001,70
-9.301183,92.91285,0.0,-76.62322,-36.55464,0.0,-2.3999999999999915,82.80000000000001,70
-30.566763,82.05668,0.0,38.355732,31.542753,0.0,-55.9,31.599999999999994,70
75.76381,91.37214,0.0,65.26319,-83.74757,0.0,50.30000000000001,78.0,70
-88.88407,-31.291332,0.0,-95.657585,-5.125533,0.0,-92.9,-18.19999999999999,70
-90.960846,-15.609431,0.0,22.35405,-3.9983091,0.0,12.100000000000009,25.5,70
-32.12577,5.7577543,0.0,99.16422,64.24635,0.0,97.60000000000002,49.70000000000002,70
-48.761,-21.38916,0.0,-49.094414,40.780968,0.0,-40.4,9.0,70
-65.81882,91.32624,0.0,69.09356,2.7673624,0.0,44.5,81.20000000000002,70
72.06291,94.78139,0.0,4.695337,-34.465134,0.0,33.30000000000001,77.20000000000002,70
-89.74763,-75.05745,0.0,37.54128,24.61151,0.0,-80.9,-2.3999999999999915,70
-28.63204,-39.19057,0.0,-45.136303,-29.179619,0.0,-36.9,-34.2,70
63.367805,-91.81803,0.0,97.55974,-16.109959,0.0,97.60000000000002,-82.8,70
-54.35928,45.03441,0.0,-91.7828,-72.08252,0.0,-88.9,-62.699999999999996,70
86.19116,88.68231,0.0,68.49382,87.5216,0.0,77.20000000000002,89.60000000000002,70
-54.153206,93.77502,0.0,46.707397,93.22199,0.0,-3.799999999999997,94.30000000000001,70
-46.33904,11.944638,0.0,-31.010672,-54.36796,0.0,-38.699999999999996,-21.299999999999997,70
-81.17695,42.07946,0.0,-46.993755,81.51533,0.0,-81.7,86.70000000000002,70
-42.92149,62.690414,0.0,-8.927695,83.6412,0.0,-40.199999999999996,83.70000000000002,70
-96.377106,87.56578,0.0,-68.845,97.65907,0.0,-82.7,93.0,70
5.386999,8.987692,0.0,69.0104,-31.467194,0.0,47.5,-18.299999999999997,70
-26.320038,23.265446,0.0,-76.69589,89.4221,0.0,-72.6,79.5,70
-53.12901,-55.951714,0.0,-13.04754,83.47682,0.0,0.4000000000000057,83.5,70
-44.030693,-31.861992,0.0,22.995235,5.765649,0.0,-22.39999999999999,30.5,70
93.52725,38.82526,0.0,-46.200092,7.267567,0.0,93.60000000000002,42.70000000000002,70
95.12416,2.7182534,0.0,-35.242382,91.241035,0.0,26.200000000000003,74.5,70
19.3022,-92.70245,0.0,-34.383293,31.31116,0.0,-25.700000000000003,-79.6,70
72.77209,-82.821724,0.0,-35.36343,-51.455223,0.0,-43.199999999999996,-83.4,70
29.294062,-36.336346,0.0,73.84328,2.867147,0.0,47.20000000000002,2.8000000000000114,70
-46.822174,60.545757,0.0,75.74088,-92.79812,0.0,-21.299999999999997,-79.9,70
86.20749,96.08275,0.0,84.67704,4.893315,0.0,43.099999999999994,70.60000000000002,70
90.57417,-17.729174,0.0,-21.727064,30.155401,0.0,10.200000000000003,15.5,70
61.779816,-4.0556564,0.0,51.591854,-44.181034,0.0,61.0,-39.199999999999996,70
98.90018,69.57368,0.0,-37.25607,-93.86069,0.0,98.9,-78.3,70
97.150764,-5.807634,0.0,-16.503752,-54.5045,0.0,97.20000000000002,1.7000000000000028,70
80.06438,81.86306,0.0,-64.26289,75.90377,0.0,-13.199999999999989,82.70000000000002,70
50.664665,-58.94932,0.0,-93.51869,-66.32289,0.0,-83.7,-85.7,70
89.62181,-92.99987,0.0,-37.26073,-73.064476,0.0,-37.199999999999996,-84.8,70
80.850975,17.423626,0.0,-38.205997,64.9803,0.0,-38.3,41.30000000000001,70
72.41464,11.41008,0.0,-43.131104,7.536926,0.0,45.900000000000006,37.599999999999994,70
-82.03408,40.295124,0.0,-94.01686,-82.14981,0.0,-90.5,-21.299999999999997,70
79.628174,15.425097,0.0,93.304184,-43.936646,0.0,96.9,7.300000000000011,70
-89.793724,76.55618,0.0,60.477665,-64.55811,0.0,58.70000000000002,100.0,70
80.08645,21.91912,0.0,81.45123,97.86386,0.0,38.599999999999994,48.0,70
52.530674,-72.86939,0.0,-98.08244,-77.76773,0.0,61.400000000000006,-100.0,70
92.30779,91.493744,0.0,-10.801373,9.537464,0.0,34.70000000000002,75.70000000000002,70
-31.096525,-51.918125,0.0,-46.993988,6.476333,0.0,-39.4,-21.69999999999999,70
21.643656,75.61296,0.0,6.727196,-89.715515,0.0,27.700000000000003,-89.4,70
52.80246,21.876776,0.0,61.949677,-36.781807,0.0,61.80000000000001,3.8000000000000114,70
65.26718,-52.266983,0.0,-82.66126,-70.70766,0.0,-82.7,-30.5,70
-98.63761,55.9768,0.0,26.937502,-17.092653,0.0,-78.9,-18.0,70
-50.571396,78.75463,0.0,34.534634,-80.012314,0.0,-15.099999999999994,-83.1,70
36.15935,81.91524,0.0,62.07313,-95.61916,0.0,56.5,83.60000000000002,70
7.2078047,29.100527,0.0,-88.77886,30.607517,0.0,-80.8,16.200000000000003,70
81.78938,-87.34767,0.0,2.4843876,93.08311,0.0,33.099999999999994,-89.6,70
86.8535,92.46009,0.0,92.63567,-7.739406,0.0,100.0,77.10000000000002,70
57.58062,52.45785,0.0,-13.124099,-79.84746,0.0,57.60000000000002,-82.2,70
4.318087,-40.345978,0.0,-37.84301,-97.918015,0.0,-42.099999999999994,-49.9,70
-56.940083,83.76663,0.0,-84.986435,-71.476456,0.0,-85.0,83.9,70
-47.58173,-22.022282,0.0,9.030603,33.708176,0.0,-32.099999999999994,-2.5,70
53.500042,1.2202802,0.0,85.711,75.11051,0.0,74.5,16.30000000000001,70
-16.660273,-87.21195,0.0,-33.477062,-34.310154,0.0,-47.3,-81.6,70
57.90501,97.21738,0.0,-21.648294,75.37665,0.0,-36.9,100.0,70
89.27328,25.850262,0.0,56.561733,-54.735527,0.0,64.20000000000002,0.4000000000000057,70
26.401947,-3.2653248,0.0,-27.974466,-87.98076,0.0,-15.5,-82.5,70
56.236843,98.36755,0.0,-88.78527,-90.94932,0.0,-82.1,78.70000000000002,70
-95.090965,14.983289,0.0,-38.78091,-79.390945,0.0,-77.1,-90.9,70
-60.438854,78.91735,0.0,-82.0235,-28.54618,0.0,-82.1,84.30000000000001,70
-94.60467,-94.522995,0.0,-28.745241,77.96672,0.0,-77.6,74.10000000000002,70
-33.993725,86.97271,0.0,85.24659,29.622501,0.0,-49.9,29.599999999999994,70
61.40152,-86.91321,0.0,-75.67232,-80.51834,0.0,9.0,-93.4,70
-34.98982,-62.247726,0.0,15.088418,-21.68495,0.0,-34.3,-70.7,70
19.09252,-17.835905,0.0,-22.842243,92.18375,0.0,18.0,69.9,70
82.60118,12.360575,0.0,60.58291,16.311293,0.0,71.60000000000002,14.300000000000011,70
56.581142,-19.107513,0.0,-25.645214,23.903755,0.0,56.60000000000002,29.599999999999994,70
-53.79801,-48.288696,0.0,-31.738947,-34.853073,0.0,-27.200000000000003,-34.89999999999999,70
57.112823,53.455235,0.0,-26.431667,-12.960706,0.0,61.10000000000002,39.900000000000006,70
96.762314,-72.561035,0.0,-39.735264,-26.28057,0.0,96.80000000000001,-70.8,70
-87.47779,-62.925014,0.0,-15.500886,-36.140694,0.0,-76.3,-42.0,70
53.81492,37.35357,0.0,-26.326141,15.303172,0.0,57.60000000000002,34.70000000000002,70
20.01521,1.9915183,0.0,-26.43309,-38.831917,0.0,25.10000000000001,-39.599999999999994,70
-50.661945,69.60341,0.0,-53.24278,-83.273575,0.0,-43.099999999999994,-75.7,70
-78.986305,50.467705,0.0,66.41889,92.19121,0.0,-78.6,83.10000000000002,70
-26.708185,-51.06028,0.0,29.010296,-21.16987,0.0,-15.399999999999991,-37.199999999999996,70
-17.250505,-27.05262,0.0,89.77822,1.6588794,0.0,48.400000000000006,12.100000000000009,70
-33.968834,-18.916616,0.0,-19.718004,75.4853,0.0,-34.099999999999994,-18.799999999999997,70
61.64481,31.725998,0.0,-83.00531,62.978268,0.0,-83.0,11.200000000000003,70
7.609448,8.015143,0.0,-88.01756,20.551699,0.0,-81.6,45.80000000000001,70
-44.52316,97.92755,0.0,16.629688,-17.524618,0.0,38.30000000000001,70.80000000000001,70
59.737278,78.6535,0.0,53.704636,87.058754,0.0,58.5,85.30000000000001,70
7.8872333,-81.919754,0.0,3.115348,10.387677,0.0,-25.89999999999999,-84.9,70
97.55448,-62.74117,0.0,62.392178,-63.512764,0.0,66.20000000000002,-66.1,70
87.63408,-87.77854,0.0,84.55998,20.663979,0.0,70.0,-90.3,70
-33.837116,-47.717155,0.0,63.956467,-38.49146,0.0,48.80000000000001,-47.599999999999994,70
56.526684,98.83158,0.0,71.85077,33.18608,0.0,94.60000000000002,75.5,70
28.508484,-5.2420063,0.0,-96.636246,-13.103224,0.0,-75.6,-38.9,70
-23.820417,19.979246,0.0,-24.02508,-99.31494,0.0,-58.0,-55.8,70
-33.07522,-53.139736,0.0,-5.5502315,19.408846,0.0,-28.099999999999994,14.400000000000006,70
96.46461,13.4028225,0.0,-37.119827,-71.72926,0.0,-25.599999999999994,42.599999999999994,70
21.238348,85.27662,0.0,66.89053,-15.357139,0.0,42.099999999999994,85.20000000000002,70
-51.12203,0.6063201,0.0,-98.35006,-53.224243,0.0,-69.1,-31.299999999999997,70
-50.79691,-46.19391,0.0,62.892567,5.779772,0.0,56.900000000000006,-44.8,70
51.095306,-91.873245,0.0,-92.41913,69.43204,0.0,-79.2,-79.7,70
7.0502877,-41.112152,0.0,11.027119,12.185117,0.0,27.200000000000003,-9.899999999999991,70
-89.817856,76.22769,0.0,69.48433,-41.739197,0.0,-84.3,66.0,70
-42.188274,36.131313,0.0,55.906628,-23.888443,0.0,56.0,18.700000000000003,70
-37.236877,-55.97351,0.0,-46.124428,87.09122,0.0,-37.599999999999994,33.599999999999994,70
41.395527,-50.92818,0.0,67.32394,-75.083496,0.0,49.80000000000001,-43.3,70
-90.464226,18.320982,0.0,-85.36335,97.09773,0.0,-91.0,60.30000000000001,70
59.967506,46.359936,0.0,67.192345,-34.75811,0.0,60.0,4.800000000000011,70
56.721428,59.99093,0.0,33.626312,-46.973515,0.0,58.30000000000001,-47.0,70
0.59201956,-53.627483,0.0,23.050722,95.28343,0.0,8.0,90.70000000000002,70
-65.3317,-87.88511,0.0,21.585798,-38.957253,0.0,-9.799999999999997,-54.9,70
-12.231543,-97.200356,0.0,-61.646435,95.28929,0.0,20.900000000000006,-73.7,70
69.169136,-49.338673,0.0,92.09775,64.07618,0.0,42.599999999999994,-10.599999999999994,70
29.119522,-48.941883,0.0,21.250639,98.89062,0.0,-4.799999999999997,79.5,70
53.071453,89.62692,0.0,-61.78653,98.1281,0.0,-4.699999999999989,94.70000000000002,70
-34.03456,-80.18452,0.0,17.812954,-75.37972,0.0,-38.199999999999996,-94.6,70
-26.46243,-46.219486,0.0,-52.965286,-24.174498,0.0,-27.89999999999999,-32.0,70
25.299091,-16.649021,0.0,-37.53091,-62.819054,0.0,-37.4,-72.3,70
-95.10392,-88.19201,0.0,-51.2319,-88.76847,0.0,-73.9,-90.3,70
25.604612,94.999245,0.0,-49.872543,-20.997671,0.0,-24.5,81.70000000000002,70
61.2312,63.352608,0.0,3.99094,-86.04832,0.0,57.900000000000006,-84.9,70
-13.143791,32.877,0.0,60.412575,46.99839,0.0,59.10000000000002,26.60000000000001,70
-54.48798,90.87693,0.0,-4.4909983,-49.371685,0.0,-26.200000000000003,-26.5,70
3.8556006,-79.0627,0.0,76.786644,1.5465381,0.0,74.4,-92.3,70
-49.06815,-95.086105,0.0,-90.56958,9.600881,0.0,-82.4,-77.8,70
-5.328451,17.22603,0.0,69.561516,-2.59981,0.0,21.10000000000001,15.400000000000006,70
-79.399826,26.223112,0.0,61.9208,60.424763,0.0,55.0,26.200000000000003,70
-46.047916,11.753061,0.0,66.09559,10.457346,0.0,54.60000000000002,34.599999999999994,70
-59.76583,-82.09123,0.0,51.078785,-49.411842,0.0,-8.199999999999989,-49.4,70
-91.88301,96.32824,0.0,-2.3451166,-84.95346,0.0,-78.4,-84.9,70
-88.00929,86.27359,0.0,44.47138,-96.9641,0.0,-82.7,-76.1,70
-17.432253,12.773936,0.0,-51.31378,44.72811,0.0,-28.299999999999997,28.200000000000017,70
-60.995876,-77.33875,0.0,26.726242,93.35568,0.0,-14.599999999999994,82.5,70
-79.65165,35.626278,0.0,51.197937,39.773952,0.0,-93.6,42.80000000000001,70
74.39989,85.60833,0.0,-57.032238,-99.01896,0.0,-3.0,86.0,70
9.556029,4.231171,0.0,13.133669,-49.99136,0.0,6.6000000000000085,-34.7,70
-84.31538,-24.813385,0.0,33.94605,92.65338,0.0,-84.3,79.20000000000002,70
77.33356,97.57054,0.0,51.898014,16.178854,0.0,66.4,76.4,70
-37.43339,-83.9578,0.0,-52.8338,-12.885802,0.0,-44.099999999999994,-56.199999999999996,70
93.31026,-85.759445,0.0,59.859703,-28.196735,0.0,60.400000000000006,-85.1,70
-41.95941,93.40891,0.0,43.077335,-49.13878,0.0,-38.599999999999994,-30.799999999999997,70
-44.119034,-69.26967,0.0,-87.965065,11.91647,0.0,-74.8,-100.0,70
-28.8341,-7.167245,0.0,20.407001,5.7381263,0.0,-19.599999999999994,34.80000000000001,70
-74.760414,-83.649796,0.0,-32.703693,-90.80775,0.0,-53.699999999999996,-88.7,70
-7.034823,-43.79971,0.0,94.745766,13.6096525,0.0,99.9,-51.099999999999994,70
17.637798,7.219583,0.0,14.136773,22.04356,0.0,17.200000000000003,15.600000000000009,70
54.52859,1.9798716,0.0,90.63796,-66.67029,0.0,64.20000000000002,-5.3999999999999915,70
57.503548,-70.3253,0.0,96.78009,66.989494,0.0,96.70000000000002,-100.0,70
95.06395,-62.528362,0.0,65.130325,14.858983,0.0,95.10000000000002,8.300000000000011,70
-28.286457,83.51053,0.0,-59.511414,-81.029816,0.0,-59.099999999999994,34.900000000000006,70
53.60059,99.241936,0.0,16.318338,-86.56199,0.0,69.9,-84.6,70
52.224857,-88.390175,0.0,48.623955,94.20179,0.0,76.30000000000001,71.70000000000002,70
54.19721,63.61636,0.0,-30.007267,6.16174,0.0,54.400000000000006,46.0,70
59.449924,99.05256,0.0,82.63935,94.14398,0.0,71.0,96.60000000000002,70
66.20039,14.713153,0.0,-35.084854,8.220821,0.0,41.599999999999994,36.900000000000006,70
25.96922,76.00519,0.0,12.296826,-85.41883,0.0,40.5,-86.0,70
-2.688372,-83.91174,0.0,-94.77577,70.50453,0.0,-76.5,-83.9,70
0.0481103,21.492195,0.0,85.939445,84.652245,0.0,41.900000000000006,93.9,70
-65.382355,-86.65187,0.0,-83.58893,86.136375,0.0,-84.7,-85.4,70
8.340679,-32.57864,0.0,-47.017452,29.8975,0.0,-23.89999999999999,-45.3,70
81.13563,-76.575714,0.0,-80.903534,-88.990875,0.0,-42.9,-91.5,70
18.613575,-91.49009,0.0,65.11023,94.20902,0.0,53.0,-81.2,70
67.806114,-72.55914,0.0,-94.92923,-4.804734,0.0,44.0,-78.8,70
-7.5053043,-79.024254,0.0,52.40301,-39.239273,0.0,57.400000000000006,-87.2,70
-86.88227,33.239628,0.0,-21.379429,-54.990856,0.0,-82.9,9.600000000000009,70
-57.880253,-97.33595,0.0,96.68424,18.432661,0.0,100.0,-73.1,70
-48.948883,-82.33624,0.0,-80.06747,-70.225266,0.0,-83.3,-86.1,70
13.410688,-76.6092,0.0,13.004798,-36.39949,0.0,24.200000000000003,-39.5,70
33.434856,-93.69028,0.0,14.147589,85.007,0.0,32.80000000000001,-77.2,70
33.391544,-91.508194,0.0,68.224014,1.0248023,0.0,36.0,-83.6,70
55.91325,-13.051841,0.0,-32.39521,10.255055,0.0,55.900000000000006,35.80000000000001,70
71.62265,-75.477295,0.0,-55.569054,90.505745,0.0,-30.599999999999994,60.10000000000002,70
-77.52869,-7.591721,0.0,52.031628,-88.57946,0.0,-77.5,-81.3,70
-80.76925,52.11293,0.0,-84.521065,22.744274,0.0,-87.4,38.400000000000006,70
-0.953857,27.249662,0.0,95.139275,68.65584,0.0,97.20000000000002,27.900000000000006,70
-89.399376,-28.426033,0.0,3.507615,10.271245,0.0,-82.8,-32.5,70
-27.13564,-98.542305,0.0,31.277903,-77.456184,0.0,-1.0999999999999943,-95.7,70
-14.770066,-34.189465,0.0,18.46394,-2.8601766,0.0,27.700000000000003,-42.199999999999996,70
-19.321402,99.64326,0.0,66.08961,57.97043,0.0,43.599999999999994,78.30000000000001,70
-95.1391,-26.233252,0.0,22.8793,-51.89617,0.0,-77.4,-22.099999999999994,70
67.28672,15.764239,0.0,0.54365826,-42.16782,0.0,53.099999999999994,-52.3,70
-2.6084042,17.428482,0.0,-98.93876,-94.11318,0.0,-74.5,4.200000000000003,70
28.743404,-0.17157593,0.0,45.538326,-83.33348,0.0,12.5,-83.2,70
83.2445,8.214081,0.0,-88.313835,-73.88966,0.0,-85.5,-70.9,70
-53.205517,30.943235,0.0,46.290462,-97.42071,0.0,8.800000000000011,-79.9,70
-83.33885,-42.662872,0.0,-52.87061,-78.63902,0.0,-83.3,-88.1,70
61.56637,50.94648,0.0,-94.59077,-20.48141,0.0,-91.5,23.30000000000001,70
-30.095024,75.108604,0.0,97.59435,4.303349,0.0,11.900000000000006,44.70000000000002,70
-9.503504,22.057337,0.0,29.863852,-7.445003,0.0,-26.099999999999994,12.900000000000006,70
-30.463306,70.4711,0.0,-50.239113,0.5229585,0.0,-42.4,54.60000000000002,70
-5.3212748,99.35572,0.0,-87.07513,13.919843,0.0,-81.8,65.70000000000002,70
53.776108,93.457886,0.0,-28.647287,82.87444,0.0,12.800000000000011,90.30000000000001,70
51.158207,45.088264,0.0,52.753086,66.865776,0.0,73.60000000000002,65.70000000000002,70
16.082684,-40.68698,0.0,19.625746,1.5133772,0.0,23.400000000000006,-14.299999999999997,70
66.304344,-61.8097,0.0,91.11767,8.8193245,0.0,65.4,8.800000000000011,70
-95.79433,50.441757,0.0,44.547646,-84.87905,0.0,-76.5,-84.9,70
-82.654175,51.18124,0.0,34.303497,-96.78781,0.0,-82.7,-75.2,70
-31.211115,-2.874254,0.0,-79.60502,3.1931224,0.0,-45.699999999999996,23.10000000000001,70
86.38062,1.8699453,0.0,89.15395,21.923828,0.0,95.30000000000001,23.5,70
-46.148506,89.57814,0.0,42.143368,-97.732666,0.0,-28.099999999999994,-78.9,70
92.21299,6.7057924,0.0,21.633327,89.020454,0.0,100.0,77.9,70
63.452847,-71.58823,0.0,-99.875114,76.022316,0.0,51.5,100.0,70
-4.357223,-33.69865,0.0,-32.430363,-77.39426,0.0,-44.099999999999994,-66.6,70
-84.30686,-81.51474,0.0,67.32085,35.758217,0.0,-86.9,-12.599999999999994,70
9.406975,82.52437,0.0,-39.832203,-80.63666,0.0,-26.89999999999999,82.5,70
88.788895,33.769543,0.0,67.04347,-57.361217,0.0,59.80000000000001,-20.599999999999994,70
-22.0506,92.05229,0.0,99.443886,-77.924286,0.0,99.4,81.80000000000001,70
95.73312,38.56248,0.0,-45.634796,3.3841703,0.0,95.70000000000002,48.400000000000006,70
45.881786,91.56597,0.0,-86.978836,-2.8630042,0.0,-84.3,80.9,70
31.150078,32.194893,0.0,-51.652992,-6.7917604,0.0,-10.199999999999989,12.900000000000006,70
74.17073,9.623812,0.0,-81.44777,-42.273304,0.0,-86.7,-51.099999999999994,70
87.72853,3.0510328,0.0,-19.950438,-97.252426,0.0,84.30000000000001,-74.4,70
11.567614,20.072565,0.0,-10.814586,84.993645,0.0,-1.6999999999999886,93.9,70
-51.816277,-67.25073,0.0,-89.04617,-27.436052,0.0,-85.8,-47.9,70
60.71108,-97.436615,0.0,94.44991,30.197777,0.0,59.60000000000002,-6.099999999999994,70
-96.22188,85.27511,0.0,0.54831314,15.388111,0.0,-78.6,47.80000000000001,70
-37.878025,46.43489,0.0,58.172306,-70.50116,0.0,-40.8,-16.099999999999994,70
-51.597343,-94.54583,0.0,-20.348303,98.75984,0.0,-13.099999999999994,81.80000000000001,70
-38.97686,80.40918,0.0,26.592495,-89.28436,0.0,-36.5,-82.8,70
33.718594,-99.571075,0.0,98.41207,98.58764,0.0,98.4,-81.3,70
-86.18923,-64.74694,0.0,10.697784,-43.354424,0.0,-84.2,-44.599999999999994,70
-84.924095,69.876076,0.0,-84.99967,-0.60396796,0.0,-88.6,34.70000000000002,70
63.074936,56.58184,0.0,-19.227797,-89.87711,0.0,55.0,-80.8,70
-87.77193,59.800224,0.0,-45.725445,-67.60992,0.0,-52.199999999999996,-11.5,70
-77.306076,-84.511086,0.0,80.06505,16.585026,0.0,-27.89999999999999,-82.7,70
-25.925755,-84.03133,0.0,55.77863,-71.39693,0.0,55.70000000000002,-84.1,70
57.08294,-79.42518,0.0,72.167015,14.455599,0.0,64.9,7.200000000000003,70
-96.38528,-35.916424,0.0,28.7432,-78.20053,0.0,-77.5,-78.3,70
26.288828,-42.389133,0.0,4.777513,-46.941402,0.0,5.5,-43.5,70
74.47223,8.436044,0.0,-39.15558,69.822716,0.0,54.900000000000006,24.10000000000001,70
-75.30686,82.61242,0.0,-79.34545,-44.233833,0.0,-97.1,70.70000000000002,70
15.410587,-9.519257,0.0,65.47575,-21.630001,0.0,50.5,-18.0,70
60.88496,24.839445,0.0,21.681742,17.534473,0.0,22.10000000000001,31.30000000000001,70
-94.2403,96.400696,0.0,9.626651,77.90933,0.0,-42.0,88.4,70
-34.130386,12.55773,0.0,44.325634,-44.025986,0.0,-34.5,-46.5,70
60.546608,6.3581896,0.0,24.945803,-93.70062,0.0,58.80000000000001,-78.5,70
99.774055,-90.19863,0.0,62.6616,23.990973,0.0,99.80000000000001,5.1000000000000085,70
61.499577,-9.134977,0.0,90.446846,-44.773327,0.0,61.5,8.5,70
75.05604,5.996168,0.0,-32.13024,-32.8602,0.0,-12.199999999999989,-43.599999999999994,70
17.280005,-86.99202,0.0,44.597725,75.479904,0.0,26.400000000000006,-86.7,70
94.33897,-80.73404,0.0,52.657642,43.016365,0.0,75.20000000000002,-86.2,70
-65.302055,76.588936,0.0,-35.636616,-47.051025,0.0,-52.5,77.9,70
40.377777,81.51952,0.0,98.08929,59.377556,0.0,98.10000000000002,82.80000000000001,70
-19.969194,19.22522,0.0,45.04795,26.443857,0.0,15.300000000000011,27.0,70
-41.944378,-83.90505,0.0,-98.65053,16.692904,0.0,-75.7,-86.0,70
56.528954,-5.2457814,0.0,-47.66051,61.320587,0.0,56.400000000000006,32.400000000000006,70
27.513992,4.9987884,0.0,-54.19864,-32.046925,0.0,8.400000000000006,-34.39999999999999,70
55.176483,-44.37486,0.0,13.419563,-42.515446,0.0,43.70000000000002,-52.199999999999996,70
52.656548,47.781326,0.0,-48.072334,-34.28669,0.0,-37.199999999999996,-1.3999999999999915,70
50.588333,-40.698982,0.0,-0.7667455,32.096996,0.0,-3.0999999999999943,29.200000000000017,70
35.515625,-76.490005,0.0,54.215363,-5.0499277,0.0,54.30000000000001,-96.7,70
13.382265,-32.150135,0.0,-99.03927,-79.550354,0.0,-74.9,-65.0,70
82.34127,87.022606,0.0,56.889336,84.72445,0.0,69.70000000000002,87.10000000000002,70
-83.01699,-96.72954,0.0,21.21754,87.84195,0.0,-83.0,84.10000000000002,70
17.677855,27.799646,0.0,-19.918928,-92.342545,0.0,27.5,-78.5,70
69.299965,-3.8308141,0.0,-26.120695,16.831463,0.0,2.3000000000000114,25.60000000000001,70
69.39271,-57.376003,0.0,-96.34002,89.49617,0.0,-49.5,82.80000000000001,70
75.716934,0.64049536,0.0,59.332886,-14.688853,0.0,64.5,22.900000000000006,70
-7.54678,96.88704,0.0,-39.752598,-24.44129,0.0,-42.0,79.30000000000001,70
-21.180443,-29.12386,0.0,18.161314,-9.9622555,0.0,18.400000000000006,-50.699999999999996,70
-25.788944,-42.061108,0.0,45.869877,-89.30652,0.0,-62.699999999999996,-78.6,70
21.133228,-81.19675,0.0,-85.51404,-20.658665,0.0,-83.3,-81.3,70
-0.5079066,91.4443,0.0,95.34162,-45.844006,0.0,97.30000000000001,79.60000000000002,70
53.27108,26.797136,0.0,-18.633095,-98.85895,0.0,71.9,-72.7,70
50.09705,78.567055,0.0,35.274174,-51.019238,0.0,58.60000000000002,78.30000000000001,70
62.416954,35.604233,0.0,82.56599,5.0537786,0.0,69.20000000000002,19.10000000000001,70
87.12013,93.614914,0.0,93.240944,-55.401333,0.0,95.4,79.20000000000002,70
92.95466,93.47226,0.0,-31.597584,66.4508,0.0,-40.3,81.80000000000001,70
43.762722,-54.337227,0.0,-22.694838,83.297295,0.0,-21.099999999999994,97.20000000000002,70
-14.308598,15.210283,0.0,-47.053898,55.756992,0.0,-31.099999999999994,35.599999999999994,70
72.992165,25.07496,0.0,51.94982,20.38882,0.0,77.70000000000002,23.10000000000001,70
-99.3999,43.67407,0.0,55.127914,-99.19041,0.0,-74.7,-73.0,70
99.693184,-50.79678,0.0,-23.171736,-25.756426,0.0,97.5,-81.8,70
15.074797,83.57627,0.0,-41.751797,-92.723915,0.0,-25.89999999999999,83.60000000000002,70
-53.626106,90.28159,0.0,45.160034,-43.709415,0.0,-33.599999999999994,74.80000000000001,70
-41.034573,13.6009245,0.0,81.063,13.061853,0.0,46.20000000000002,33.599999999999994,70
18.17207,25.574192,0.0,-89.33869,-7.4250407,0.0,-82.1,3.8000000000000114,70
1.5378438,-33.566235,0.0,-80.78552,77.34165,0.0,-81.1,-45.8,70
-43.942932,44.456326,0.0,9.817556,80.56414,0.0,-38.3,80.60000000000002,70
-37.627216,-24.562647,0.0,-78.59279,87.737,0.0,-50.699999999999996,82.5,70
-61.814392,95.55418,0.0,62.759323,-94.28066,0.0,55.30000000000001,80.0,70
61.519753,47.636326,0.0,-44.754448,-28.288975,0.0,57.70000000000002,-57.5,70
-92.50374,-88.62819,0.0,68.983246,20.659824,0.0,46.0,-80.0,70
-38.49468,-54.20402,0.0,85.207924,-82.2774,0.0,-38.5,-82.3,70
-49.865364,-45.786995,0.0,65.614456,-25.31938,0.0,51.20000000000002,-44.9,70
92.91118,-19.334988,0.0,-20.1503,89.38156,0.0,97.60000000000002,82.20000000000002,70
28.871683,85.99494,0.0,-90.345894,95.29669,0.0,-31.099999999999994,91.70000000000002,70
-37.994324,11.936181,0.0,-10.014658,22.94273,0.0,-26.099999999999994,18.900000000000006,70
82.303276,19.836872,0.0,54.77368,-53.215218,0.0,67.10000000000002,7.200000000000003,70
-95.92193,30.313839,0.0,-82.20755,-3.2834537,0.0,-90.1,13.600000000000009,70
73.06426,-88.173706,0.0,-83.220924,65.99607,0.0,-83.3,-83.3,70
-76.92814,65.92627,0.0,-50.053974,13.700707,0.0,-45.599999999999994,37.400000000000006,70
-83.19282,-52.987343,0.0,-16.59588,26.895243,0.0,-79.6,-19.0,70
92.14211,29.654716,0.0,-34.27321,54.15846,0.0,-42.699999999999996,29.599999999999994,70
99.925,-57.915817,0.0,91.25531,7.2395277,0.0,100.0,0.9000000000000057,70
93.37026,-63.38655,0.0,7.949675,22.884998,0.0,93.4,35.20000000000002,70
-53.11186,78.93001,0.0,73.66011,-94.17771,0.0,-9.899999999999991,-82.4,70
-92.7029,-19.397629,0.0,-90.71683,-32.942455,0.0,-92.6,-26.200000000000003,70
51.822495,-31.896416,0.0,-63.579887,89.78187,0.0,-25.89999999999999,79.5,70
16.36963,-19.83519,0.0,-99.3855,97.184654,0.0,38.30000000000001,71.60000000000002,70
61.7767,25.69748,0.0,93.544556,83.94238,0.0,60.20000000000002,83.9,70
47.079494,-95.16592,0.0,-85.859665,75.2166,0.0,-85.3,-77.1,70
-99.62742,-34.53677,0.0,61.36084,-65.10811,0.0,-79.3,-73.9,70
-28.39344,84.77649,0.0,-93.1666,-30.668665,0.0,-76.2,82.5,70
36.28062,21.740852,0.0,-78.22003,-59.758503,0.0,-81.7,-68.6,70
28.948141,-94.492905,0.0,10.938087,16.565428,0.0,38.900000000000006,-76.6,70
80.9797,94.24375,0.0,-78.30761,-29.003624,0.0,24.400000000000006,74.5,70
-51.665997,68.586716,0.0,-5.5771523,29.028948,0.0,-25.099999999999994,29.0,70
86.24282,83.22844,0.0,7.9437447,-30.643019,0.0,79.70000000000002,94.4,70
-77.00112,-16.740194,0.0,-13.698746,-80.535934,0.0,-81.8,-80.5,70
-12.794563,20.239166,0.0,-32.13576,-95.2519,0.0,-60.0,-17.299999999999997,70
2.5846553,91.45619,0.0,-13.008818,78.70458,0.0,-5.3999999999999915,88.4,70
88.51826,-89.24003,0.0,28.996778,77.067024,0.0,27.10000000000001,-79.3,70
-44.96281,85.13403,0.0,58.227364,43.73657,0.0,58.30000000000001,85.20000000000002,70
97.41052,4.3751307,0.0,-1.7562432,-45.372963,0.0,97.4,-49.699999999999996,70
-44.46121,43.534428,0.0,17.70891,-12.047381,0.0,-46.0,-17.89999999999999,70
-40.627872,-1.4194773,0.0,-53.725273,-62.59804,0.0,-28.39999999999999,-34.2,70
-95.772835,-76.8222,0.0,16.513248,-14.972483,0.0,-11.5,-95.1,70
-46.487408,-16.039576,0.0,-83.44524,96.8822,0.0,-46.5,76.5,70
38.610855,-81.27021,0.0,-32.37832,6.750695,0.0,-33.89999999999999,-81.3,70
95.66808,-31.512651,0.0,-17.812868,34.65584,0.0,96.30000000000001,-31.89999999999999,70
47.822094,-77.88884,0.0,91.56653,72.93397,0.0,91.60000000000002,-77.9,70
-96.65052,-57.1829,0.0,75.93966,16.297512,0.0,59.5,9.200000000000003,70
-59.865845,-89.854294,0.0,-81.595276,-66.43348,0.0,-81.6,-84.8,70
65.78997,-3.6931431,0.0,74.58788,30.80678,0.0,56.80000000000001,11.0,70
97.65794,-40.03849,0.0,-99.99229,-68.170334,0.0,-67.4,-32.89999999999999,70
80.628746,3.8427265,0.0,93.14068,-76.67203,0.0,100.0,5.0,70
-32.3203,12.524048,0.0,-84.53052,33.933994,0.0,-32.39999999999999,20.30000000000001,70
-27.913483,15.206626,0.0,-96.243965,-76.990486,0.0,-66.69999999999999,-27.599999999999994,70
67.54747,14.245148,0.0,-51.450417,98.52908,0.0,51.0,75.10000000000002,70
-18.95596,16.800035,0.0,52.609226,35.49638,0.0,52.30000000000001,33.70000000000002,70
57.98249,-86.54554,0.0,50.746727,97.73055,0.0,64.4,74.9,70
59.764423,85.78837,0.0,-35.284595,40.511173,0.0,-35.39999999999999,85.30000000000001,70
-35.550735,-49.156094,0.0,68.6605,-86.82967,0.0,45.900000000000006,-44.699999999999996,70
-38.921837,-22.241903,0.0,65.9809,19.364279,0.0,-17.799999999999997,41.900000000000006,70
-78.615685,-40.651382,0.0,0.17341655,-30.911022,0.0,-78.6,-57.9,70
-75.485756,-56.30095,0.0,-84.27187,96.06331,0.0,-100.0,-70.7,70
33.060112,-95.41394,0.0,-91.271095,20.807116,0.0,-79.9,-76.2,70
-50.73349,-13.668981,0.0,96.60685,3.1088183,0.0,24.200000000000003,42.20000000000002,70
62.978256,7.1360664,0.0,-24.63795,93.933846,0.0,56.70000000000002,79.10000000000002,70
-75.96106,63.73507,0.0,33.64225,91.8832,0.0,-100.0,80.30000000000001,70
94.74372,55.11353,0.0,-3.3464956,22.616777,0.0,99.9,33.900000000000006,70
-84.70178,-25.420746,0.0,-96.3156,-39.183468,0.0,-92.9,-32.39999999999999,70
-30.800247,-44.15132,0.0,29.23975,-44.15963,0.0,-11.199999999999989,-44.199999999999996,70
-97.52945,87.37578,0.0,27.997908,26.83936,0.0,-76.3,28.200000000000017,70
-83.39153,89.213455,0.0,-26.76603,96.11271,0.0,-55.199999999999996,94.0,70
-51.272007,3.8872194,0.0,66.26535,-23.698446,0.0,50.5,27.0,70
90.480644,-86.129456,0.0,95.77665,-43.698532,0.0,100.0,-81.0,70
97.96316,48.18786,0.0,-97.88609,88.90737,0.0,98.0,83.5,70
-14.86571,-51.301582,0.0,-40.77251,89.76794,0.0,-45.099999999999994,30.200000000000017,70
-93.57964,-76.57185,0.0,63.961227,72.5054,0.0,-77.5,-82.6,70
-73.621864,-80.77566,0.0,-52.413895,69.22812,0.0,-45.8,-80.9,70
61.519604,-10.956824,0.0,93.85573,24.439545,0.0,61.5,5.300000000000011,70
-80.983284,-64.388275,0.0,-56.512417,85.34149,0.0,-81.0,85.20000000000002,70
-30.307219,-15.717376,0.0,66.83652,-44.145767,0.0,-20.5,-42.8,70
60.396297,13.403441,0.0,-98.77114,24.10406,0.0,56.0,31.700000000000017,70
-40.368675,47.43671,0.0,68.49435,-84.051186,0.0,-26.599999999999994,-83.9,70
96.33156,-6.782132,0.0,-14.115269,90.22695,0.0,96.30000000000001,82.10000000000002,70
63.768707,88.74862,0.0,96.0403,-78.448425,0.0,97.70000000000002,83.5,70
44.3829,96.300255,0.0,17.857075,95.61311,0.0,31.099999999999994,96.10000000000002,70
-71.187706,-90.21501,0.0,-49.45854,13.713709,0.0,-49.4,-81.6,70
-34.902397,92.15355,0.0,-48.709106,-83.55733,0.0,-29.89999999999999,82.60000000000002,70
37.53413,-79.351166,0.0,69.73354,-69.91842,0.0,24.10000000000001,-87.7,70
13.810211,8.105087,0.0,59.47443,-67.7197,0.0,60.10000000000002,-55.599999999999994,70
-13.972247,-45.054325,0.0,-78.34839,92.59878,0.0,-82.0,66.70000000000002,70
-95.00851,-59.385952,0.0,-60.452263,90.80043,0.0,-79.3,82.20000000000002,70
-77.391556,-34.43868,0.0,64.57662,-82.06521,0.0,-89.3,-82.1,70
55.64996,38.842342,0.0,-77.89744,-25.827736,0.0,56.900000000000006,11.700000000000003,70
60.145588,17.256777,0.0,93.26041,9.404777,0.0,77.20000000000002,15.400000000000006,70
38.561504,-90.871864,0.0,-51.66651,8.96241,0.0,19.80000000000001,-81.5,70
-43.50635,-55.004284,0.0,59.758476,-27.073114,0.0,59.5,-37.8,70
4.1252375,84.23316,0.0,-83.498405,-56.40088,0.0,-83.5,84.20000000000002,70
-15.23307,-50.211124,0.0,66.80868,79.1588,0.0,50.30000000000001,-43.0,70
18.874971,-96.783936,0.0,72.02433,0.4348016,0.0,33.70000000000002,-100.0,70
3.0655034,16.704592,0.0,-30.985817,-43.851734,0.0,-38.699999999999996,18.900000000000006,70
-46.639473,-21.034004,0.0,91.63424,-49.49078,0.0,94.10000000000002,-76.2,70
0.81696445,33.51334,0.0,-98.83025,-68.99646,0.0,-78.8,-43.3,70
-25.150562,-53.24414,0.0,98.50147,49.67195,0.0,99.60000000000002,29.0,70
-1.3985543,75.3733,0.0,69.632,40.202374,0.0,92.10000000000002,52.0,70
93.98532,-40.482456,0.0,-87.80014,-18.113401,0.0,-98.9,-2.299999999999997,70
-33.552692,-88.12549,0.0,-49.915833,24.264513,0.0,-47.3,-64.3,70
-20.438375,-53.376377,0.0,-87.41827,-96.99862,0.0,-46.3,-86.6,70
39.568573,-40.345207,0.0,-36.026646,49.537807,0.0,-35.89999999999999,18.5,70
59.03694,35.37624,0.0,25.561417,3.44945,0.0,25.200000000000003,20.400000000000006,70
-87.10308,-7.917223,0.0,-35.861782,65.433,0.0,-80.7,22.5,70
97.82888,46.08888,0.0,52.841255,93.3248,0.0,97.30000000000001,79.5,70
16.637875,-4.2090554,0.0,-9.28583,91.08269,0.0,-6.699999999999989,78.9,70
-43.67826,85.71783,0.0,36.683357,76.92821,0.0,13.400000000000006,93.0,70
-23.313482,27.925158,0.0,-62.58346,-95.59093,0.0,-53.099999999999994,-78.5,70
-3.9754162,99.80553,0.0,59.2297,78.032234,0.0,39.099999999999994,95.9,70
-67.64191,-81.08339,0.0,61.307987,-9.42805,0.0,54.900000000000006,-81.1,70
-41.052074,87.41225,0.0,-52.244953,74.90203,0.0,-36.599999999999994,85.30000000000001,70
-37.86332,-43.97946,0.0,57.856197,-68.41085,0.0,57.900000000000006,-49.599999999999994,70
-49.81641,67.11477,0.0,61.964264,-59.132782,0.0,56.30000000000001,9.5,70
-99.477844,-60.901287,0.0,32.230007,81.29502,0.0,-73.0,81.4,70
-99.121506,-76.9486,0.0,13.9373045,-30.913162,0.0,-74.5,-67.5,70
52.70679,-16.417452,0.0,-95.80429,-0.77293867,0.0,-84.2,10.700000000000003,70
-38.07732,-64.523186,0.0,-4.6372185,19.654171,0.0,-36.5,11.800000000000011,70
-94.77622,79.904564,0.0,56.252235,-84.45297,0.0,-77.4,-84.5,70
-13.108348,-31.06124,0.0,92.66826,74.77389,0.0,96.70000000000002,-59.199999999999996,70
22.374527,-53.15136,0.0,-1.9239787,-78.44556,0.0,-12.5,-83.9,70
-91.53629,96.413414,0.0,-77.612595,-89.88937,0.0,-93.4,-70.8,70
20.134205,-87.63514,0.0,-44.84872,65.23207,0.0,-26.099999999999994,-84.6,70
-2.655511,21.572336,0.0,54.51714,-31.790415,0.0,55.80000000000001,31.80000000000001,70
60.919533,-34.1186,0.0,-86.888435,-51.559093,0.0,-90.3,-36.199999999999996,70
-46.152298,-10.920819,0.0,63.63486,16.781324,0.0,12.400000000000006,41.70000000000002,70
-51.579506,-59.62594,0.0,95.85394,-18.030233,0.0,97.80000000000001,-3.1999999999999886,70
-48.550472,-58.636715,0.0,-89.219696,5.576581,0.0,-96.9,-44.0,70
2.267767,97.78978,0.0,-40.870358,96.07202,0.0,-19.299999999999997,97.30000000000001,70
86.402016,86.32295,0.0,-4.2477565,76.308235,0.0,24.5,95.70000000000002,70
94.19419,-0.49127305,0.0,64.35679,-89.7667,0.0,97.10000000000002,-83.8,70
-29.61491,-98.775955,0.0,34.673473,-48.5061,0.0,-49.099999999999994,-48.5,70
3.0932448,-75.79398,0.0,51.777218,-61.39442,0.0,54.900000000000006,-95.0,70
57.183506,-90.098885,0.0,-27.110601,-11.794008,0.0,-27.89999999999999,-82.3,70
53.26617,-64.052956,0.0,51.48744,-67.03596,0.0,71.10000000000002,-71.1,70
-1.1506929,-43.65538,0.0,-75.34305,-63.92403,0.0,3.8000000000000114,-43.199999999999996,70
-52.798214,-93.22473,0.0,27.589527,-79.97924,0.0,-12.899999999999991,-92.5,70
61.50372,-71.82454,0.0,65.305244,-32.658012,0.0,57.60000000000002,-51.9,70
85.85562,3.2193513,0.0,-25.019142,21.695238,0.0,38.599999999999994,28.700000000000017,70
-38.22439,70.6874,0.0,-50.59737,16.06789,0.0,-44.4,43.30000000000001,70
66.66127,94.639496,0.0,41.816917,83.642395,0.0,54.10000000000002,90.10000000000002,70
-43.55058,-85.29677,0.0,92.107185,-98.53139,0.0,33.400000000000006,-97.0,70
14.924739,-49.143326,0.0,-99.889305,81.329285,0.0,-76.4,-3.6999999999999886,70
15.706165,-42.401157,0.0,93.60899,41.092274,0.0,93.80000000000001,-53.199999999999996,70
-90.80403,21.505493,0.0,-91.86261,-99.44328,0.0,-92.9,-39.3,70
-33.400356,65.50073,0.0,54.92496,-33.876892,0.0,55.20000000000002,56.400000000000006,70
53.864487,-78.97319,0.0,-50.789375,12.076058,0.0,28.30000000000001,-97.2,70
61.42832,26.844378,0.0,-52.49746,-67.84744,0.0,-14.699999999999989,28.900000000000006,70
-83.68614,65.01978,0.0,-91.363716,97.06171,0.0,-88.3,81.20000000000002,70
57.260696,-78.187294,0.0,-90.132675,15.68344,0.0,-80.3,-86.6,70
-76.74703,28.576021,0.0,-82.118546,-41.91368,0.0,-87.4,-6.599999999999994,70
58.09635,11.826843,0.0,-84.710594,91.10712,0.0,58.10000000000002,81.60000000000002,70
-37.86329,-91.90223,0.0,-5.888221,-89.34576,0.0,-22.099999999999994,-91.8,70
2.1293907,-82.21248,0.0,-71.91876,-76.477646,0.0,-39.099999999999994,-100.0,70
59.9507,64.70116,0.0,77.80637,86.545525,0.0,60.20000000000002,86.30000000000001,70
-47.92369,-5.7021327,0.0,-22.077436,86.1093,0.0,-28.39999999999999,85.20000000000002,70
19.624989,29.47299,0.0,-25.434418,82.73617,0.0,15.700000000000003,83.80000000000001,70
48.636086,86.647545,0.0,55.70147,14.133062,0.0,57.900000000000006,81.10000000000002,70
-10.464632,-29.772478,0.0,76.94623,-89.41599,0.0,39.80000000000001,-73.5,70
-85.22725,-46.21481,0.0,-19.185518,-99.92966,0.0,-85.0,-75.2,70
-49.889603,89.790504,0.0,93.710106,-59.066383,0.0,94.20000000000002,82.80000000000001,70
-77.02855,16.688652,0.0,91.63792,22.155003,0.0,56.20000000000002,17.10000000000001,70
59.001583,67.189445,0.0,-92.72672,-51.59387,0.0,-93.5,73.4,70
-39.101265,31.452515,0.0,-36.466507,58.61533,0.0,-43.3,43.0,70
-36.176956,-35.359158,0.0,-98.14686,41.08031,0.0,-65.19999999999999,-24.39999999999999,70
-4.5897875,-49.39893,0.0,-11.210432,28.625366,0.0,-39.8,-12.699999999999989,70
51.496117,80.19278,0.0,-40.052658,43.578236,0.0,-40.0,82.60000000000002,70
-27.662374,26.919714,0.0,87.76485,83.48596,0.0,-63.9,83.5,70
59.477722,62.607433,0.0,-47.366177,9.479512,0.0,59.5,39.0,70
33.197937,99.863716,0.0,60.353596,-91.29079,0.0,59.30000000000001,80.30000000000001,70
40.7793,24.839094,0.0,-80.72838,-96.8574,0.0,-92.6,-4.699999999999989,70
-91.086655,15.573663,0.0,92.79716,58.44794,0.0,98.0,37.099999999999994,70
66.61044,-36.936275,0.0,-30.929663,-12.782893,0.0,-4.699999999999989,-67.19999999999999,70
-34.90898,-30.726805,0.0,65.97307,66.972275,0.0,50.599999999999994,-55.9,70
-43.269737,65.69403,0.0,-8.357084,-83.79261,0.0,-27.5,-83.8,70
57.94803,-72.30542,0.0,-88.54747,85.89571,0.0,58.0,85.9,70
53.909786,40.5414,0.0,-52.42512,79.305595,0.0,58.0,89.4,70
32.75589,-77.96543,0.0,98.03361,-35.87708,0.0,98.10000000000002,-89.7,70
93.672844,-25.354244,0.0,-43.80543,-80.8724,0.0,100.0,-85.4,70
-81.02298,-99.269066,0.0,-40.496983,88.302185,0.0,-48.0,-78.7,70
90.057144,-46.375988,0.0,-7.9791713,89.78226,0.0,6.900000000000006,85.10000000000002,70
-37.251713,-43.352417,0.0,-89.15867,-82.923874,0.0,-51.9,-85.6,70
15.043602,-46.296173,0.0,-59.45005,-77.64923,0.0,-60.5,-42.099999999999994,70
-49.706802,14.379508,0.0,89.96716,78.59808,0.0,-24.099999999999994,78.70000000000002,70
-88.33354,-17.500135,0.0,21.356459,86.05616,0.0,-81.7,83.80000000000001,70
-9.582533,94.515175,0.0,38.401314,76.395775,0.0,37.30000000000001,100.0,70
-24.496162,99.88015,0.0,66.20702,78.01383,0.0,20.400000000000006,93.10000000000002,70
-86.357155,-97.32832,0.0,-69.2465,83.59791,0.0,-86.3,83.5,70
43.376644,-45.436123,0.0,59.54246,64.95509,0.0,59.60000000000002,-46.9,70
50.43382,-10.147334,0.0,60.49511,-25.546423,0.0,60.5,-37.8,70
24.93147,1.8016971,0.0,23.165972,-2.0193937,0.0,19.60000000000001,1.3000000000000114,70
-94.8359,-72.33125,0.0,-56.371906,82.927315,0.0,-78.7,82.9,70
-58.625805,95.84997,0.0,51.032505,-81.790184,0.0,-19.19999999999999,16.60000000000001,70
-51.353413,92.51509,0.0,-53.25362,21.82636,0.0,-38.099999999999994,73.10000000000002,70
-92.14579,55.177135,0.0,-99.21438,16.4485,0.0,-95.9,35.80000000000001,70
9.276949,29.93689,0.0,-82.77052,-39.689014,0.0,-82.8,-23.099999999999994,70
31.793163,93.47208,0.0,-10.865396,-93.07831,0.0,-29.0,-86.1,70
-46.452957,-15.47189,0.0,92.529526,19.532198,0.0,-5.299999999999997,34.80000000000001,70
-78.99445,5.5749536,0.0,82.89866,-90.65808,0.0,-79.5,-79.9,70
67.27226,-64.16387,0.0,-48.955902,64.645355,0.0,-36.0,39.70000000000002,70
58.49194,20.829788,0.0,71.1399,-77.71761,0.0,63.0,-83.4,70
-16.33359,89.49308,0.0,-26.264977,87.04047,0.0,-21.299999999999997,89.5,70
-87.48766,-83.58299,0.0,66.17503,46.517155,0.0,47.599999999999994,-83.7,70
-97.99331,95.39944,0.0,-44.358448,-37.502014,0.0,-44.8,77.9,70
-83.69562,-55.17147,0.0,59.20345,-53.78008,0.0,-83.7,-12.5,70
-94.01279,80.12607,0.0,-89.7212,-73.817406,0.0,-93.8,35.30000000000001,70
89.81123,33.343033,0.0,-21.151085,83.569984,0.0,71.10000000000002,83.60000000000002,70
-28.148836,-75.55083,0.0,-30.752815,69.47733,0.0,-31.39999999999999,55.900000000000006,70
-40.05669,-53.13569,0.0,-30.653215,37.1117,0.0,-50.099999999999994,21.900000000000006,70
6.9473944,-85.45305,0.0,24.739878,-6.819467,0.0,11.100000000000009,-84.4,70
34.436626,89.61025,0.0,49.015774,-83.68252,0.0,35.099999999999994,80.20000000000002,70
-96.54064,-74.242165,0.0,31.46817,23.520998,0.0,-78.2,-5.099999999999994,70
-49.83565,-59.175014,0.0,66.89442,-26.768505,0.0,49.900000000000006,-21.299999999999997,70
11.120655,-34.88168,0.0,93.401726,-98.8243,0.0,26.0,-55.9,70
-41.273987,63.750076,0.0,94.874954,-54.38761,0.0,95.20000000000002,4.800000000000011,70
72.55369,17.096642,0.0,-68.25438,-94.961624,0.0,39.30000000000001,-78.0,70
-80.829475,35.493137,0.0,59.798653,-5.3005056,0.0,59.30000000000001,23.30000000000001,70
39.468304,-52.90591,0.0,71.510025,15.748884,0.0,57.10000000000002,-1.8999999999999915,70
-76.29685,-98.64945,0.0,-95.64307,49.06878,0.0,-88.1,-73.7,70
-94.38859,-7.6966043,0.0,-91.29094,-58.105564,0.0,-93.6,-32.89999999999999,70
57.60133,13.226467,0.0,13.015298,-77.20406,0.0,57.60000000000002,-86.5,70
-2.6014597,27.779394,0.0,99.77454,67.02936,0.0,99.70000000000002,27.700000000000003,70
-81.4865,-32.422466,0.0,-95.452965,11.148256,0.0,-94.1,-10.5,70
4.653573,18.813112,0.0,41.920513,79.15592,0.0,0.8000000000000114,18.80000000000001,70
-42.65603,-44.83838,0.0,-83.171936,39.604404,0.0,-38.699999999999996,-1.0999999999999943,70
94.44611,-37.22081,0.0,-45.509552,69.08315,0.0,94.5,17.400000000000006,70
36.636604,-82.0436,0.0,-87.5334,-43.993748,0.0,-83.7,-82.0,70
95.43753,-33.592503,0.0,-35.472652,-76.970665,0.0,11.0,-94.0,70
87.68958,31.221273,0.0,-29.0026,98.03152,0.0,-57.099999999999994,31.200000000000017,70
28.951244,92.92918,0.0,-41.821518,32.671577,0.0,-39.699999999999996,81.10000000000002,70
-36.659523,-32.001698,0.0,-77.77025,29.269493,0.0,-45.5,10.300000000000011,70
96.84416,47.9828,0.0,22.9308,29.14225,0.0,97.0,29.099999999999994,70
-46.690666,-91.33376,0.0,-30.991632,-59.928867,0.0,-43.0,-54.4,70
59.010372,-0.92014766,0.0,-43.769108,99.06003,0.0,59.0,75.80000000000001,70
39.093735,-49.141293,0.0,8.820392,20.216257,0.0,32.400000000000006,-44.699999999999996,70
-14.555037,30.541777,0.0,-6.5354915,90.93414,0.0,-18.5,78.60000000000002,70
-24.508575,20.777979,0.0,98.4516,33.46833,0.0,98.4,33.900000000000006,70
-5.593094,-42.593483,0.0,-96.64885,16.139202,0.0,-77.7,-12.5,70
-0.75854313,27.601532,0.0,-48.364433,95.08101,0.0,-34.89999999999999,27.60000000000001,70
-78.6334,-58.938313,0.0,-88.72226,77.991714,0.0,-100.0,-14.599999999999994,70
-5.489353,-47.96606,0.0,-63.466576,-84.427635,0.0,-5.0,-49.699999999999996,70
61.79136,9.515421,0.0,60.697033,-68.8559,0.0,58.20000000000002,-34.2,70
-11.066983,26.723871,0.0,-88.354744,33.09287,0.0,-81.6,25.700000000000003,70
68.63587,93.943344,0.0,19.676805,-28.294428,0.0,33.30000000000001,72.4,70
-41.544636,-24.535326,0.0,-65.062004,77.40245,0.0,-44.9,77.4,70
-51.444664,87.810165,0.0,-83.92128,49.82388,0.0,-83.7,83.80000000000001,70
-39.216335,-54.59239,0.0,-12.977487,-41.36454,0.0,-35.0,-44.199999999999996,70
-86.787575,-2.4777834,0.0,2.635222,19.789886,0.0,-83.3,13.900000000000006,70
62.668026,1.2881796,0.0,91.39251,66.58156,0.0,100.0,50.70000000000002,70
-31.48588,-13.884287,0.0,88.25252,18.917015,0.0,-25.799999999999997,37.599999999999994,70
-88.99606,75.34767,0.0,63.797844,-95.169624,0.0,-82.5,-77.2,70
92.36699,89.30604,0.0,-93.71229,97.42905,0.0,-62.199999999999996,96.5,70
-80.75294,30.908155,0.0,-25.729595,-28.919027,0.0,-76.4,-3.1999999999999886,70
-3.6828747,-99.34947,0.0,25.4451,81.0337,0.0,-15.199999999999989,-73.2,70
-27.888178,78.0566,0.0,-30.52624,-34.177734,0.0,-47.099999999999994,77.70000000000002,70
53.820812,43.974277,0.0,-57.055252,-78.4027,0.0,59.10000000000002,-83.5,70
79.18029,87.269104,0.0,-84.72193,81.126945,0.0,-58.0,94.9,70
-0.09695915,-92.14005,0.0,71.72153,28.024172,0.0,43.900000000000006,-84.5,70
-7.8899355,15.636258,0.0,-32.917213,-78.667786,0.0,-61.5,1.0,70
-33.181904,41.518543,0.0,-84.652954,-77.935905,0.0,-69.6,-88.7,70
92.59693,-18.627857,0.0,-82.10745,96.78122,0.0,100.0,77.60000000000002,70
-47.57489,12.358094,0.0,-87.72013,3.4314542,0.0,-50.5,-0.6999999999999886,70
60.781082,-21.86021,0.0,-93.63376,12.435109,0.0,58.70000000000002,17.10000000000001,70
-33.57458,72.756645,0.0,-86.274796,85.45217,0.0,-65.0,88.20000000000002,70
18.634777,17.420614,0.0,3.6495256,-39.985264,0.0,24.400000000000006,-25.700000000000003,70
24.254053,82.462585,0.0,31.27154,-85.9771,0.0,18.10000000000001,-80.7,70
-3.271684,-33.81863,0.0,-92.070656,15.954811,0.0,-78.4,-42.3,70
29.458244,16.964453,0.0,-36.432777,-45.771526,0.0,-37.4,7.900000000000006,70
-93.31417,80.93055,0.0,48.231087,31.201275,0.0,-78.7,26.5,70
-86.73064,-27.460924,0.0,-34.996902,-46.238605,0.0,-73.2,-11.299999999999997,70
43.61329,-91.181755,0.0,26.553495,8.684377,0.0,15.400000000000006,-80.0,70
-79.50038,-74.77025,0.0,-62.70092,78.7047,0.0,-85.9,78.9,70
-83.94384,-40.65435,0.0,-33.586597,93.671974,0.0,-83.0,78.9,70
-34.36833,84.179695,0.0,1.8644965,-54.256657,0.0,-52.699999999999996,62.80000000000001,70
-44.36438,2.2680383,0.0,-71.91477,89.06088,0.0,-44.4,81.10000000000002,70
-93.97161,-74.00997,0.0,0.016745292,-99.22277,0.0,-61.3,-97.7,70
68.09982,-17.217123,0.0,46.907364,-49.695946,0.0,48.20000000000002,-44.199999999999996,70
-50.95738,34.62571,0.0,19.032143,-43.621433,0.0,-18.19999999999999,-40.4,70
-3.7127042,-49.259632,0.0,-80.90805,5.1404715,0.0,-81.0,-11.099999999999994,70
-86.87932,-70.48577,0.0,-40.596157,83.102104,0.0,-83.0,87.60000000000002,70
67.61203,-83.57244,0.0,57.95766,-3.3384593,0.0,58.0,-75.7,70
-21.735254,8.146,0.0,69.40532,8.001217,0.0,40.20000000000002,41.70000000000002,70
-92.64916,-40.245,0.0,30.749475,85.38392,0.0,-78.3,85.30000000000001,70
89.188385,24.358532,0.0,44.78198,25.55832,0.0,64.70000000000002,25.80000000000001,70
-69.937294,81.56841,0.0,9.131522,-50.586533,0.0,-86.0,86.5,70
28.192665,-6.4222813,0.0,24.850895,-88.144875,0.0,12.700000000000003,-81.9,70
99.47754,-35.48502,0.0,91.8423,-69.14881,0.0,100.0,-58.099999999999994,70
-50.804466,4.686035,0.0,-99.923,-34.33663,0.0,-98.7,-33.599999999999994,70
-82.940254,-71.24857,0.0,97.04605,4.654838,0.0,99.5,-6.5,70
-59.960346,99.451515,0.0,-75.29375,-81.811066,0.0,-100.0,76.9,70
-26.674751,-53.256496,0.0,-39.407276,29.901493,0.0,-36.199999999999996,-8.799999999999997,70
39.36482,-49.875626,0.0,-89.59221,-24.61663,0.0,-82.6,-25.599999999999994,70
-81.7604,2.4523077,0.0,-78.166664,-90.65136,0.0,-93.3,-62.6,70
-97.58318,-36.30608,0.0,-30.196642,30.180086,0.0,-69.9,2.5,70
53.792667,-84.697296,0.0,86.497406,22.261066,0.0,71.10000000000002,3.4000000000000057,70
-10.320255,12.600579,0.0,55.355244,-30.020956,0.0,55.5,30.700000000000017,70
57.923946,80.8012,0.0,-79.56471,23.27238,0.0,-83.4,80.80000000000001,70
63.434612,27.262152,0.0,89.51449,14.461929,0.0,75.80000000000001,19.30000000000001,70
-8.438369,92.3214,0.0,59.545433,41.17283,0.0,59.400000000000006,81.4,70
1.0792072,11.48851,0.0,-73.77767,99.91592,0.0,-12.899999999999991,44.900000000000006,70
-27.46989,18.564686,0.0,17.119576,-6.612558,0.0,13.900000000000006,22.900000000000006,70
20.138548,-98.12635,0.0,-92.83233,4.279426,0.0,-80.1,-72.1,70
