60.99434,-84.05262,0.0,31.984457,-12.149684,0.0
-91.27137,25.37796,0.0,43.92109,25.128265,0.0
-65.58711,8.9067545,0.0,66.188995,39.646168,0.0
-2.9652646,-77.81753,0.0,-50.917957,70.14706,0.0
6.0483646,-93.936935,0.0,-45.228592,-53.541443,0.0
-59.450394,13.176427,0.0,-6.816146,67.562874,0.0
32.552925,-6.722735,0.0,-93.41001,-5.177873,0.0
-90.08419,-22.252043,0.0,-78.95594,-64.78023,0.0
-93.74301,58.4888,0.0,-66.72113,7.291986,0.0
-47.517204,-56.51892,0.0,-71.28418,16.548553,0.0
-47.57444,24.101517,0.0,-25.163565,85.49512,0.0
-81.499374,-10.553072,0.0,39.038242,37.573265,0.0
-38.308487,41.76864,0.0,-88.016594,-73.071014,0.0
71.52612,-47.585873,0.0,-66.16107,-93.5413,0.0
62.45413,-59.57518,0.0,-84.424995,-6.7618303,0.0
42.63403,-95.44416,0.0,0.30037296,-34.355217,0.0
-65.32528,79.35309,0.0,-83.95325,4.9022784,0.0
-54.016327,3.1891701,0.0,-49.30125,88.10745,0.0
23.780443,22.671724,0.0,-10.242076,71.30945,0.0
-72.74192,76.57801,0.0,29.16553,-38.33729,0.0
70.192505,-30.098747,0.0,-67.2798,-61.646122,0.0
-41.541965,31.155458,0.0,-93.92052,-13.275481,0.0
85.4899,-15.41699,0.0,-53.664764,43.587864,0.0
-47.88119,-81.14055,0.0,-20.462416,-27.475636,0.0
99.81621,-39.52529,0.0,-44.485493,53.98459,0.0
70.2506,53.78895,0.0,-87.67604,44.03338,0.0
-54.36225,18.582067,0.0,-78.712906,49.74288,0.0
-89.252975,2.339229,0.0,-66.5131,-24.26058,0.0
37.754185,-75.98334,0.0,-74.265,3.8718293,0.0
-60.529266,52.32714,0.0,-69.36329,-55.406925,0.0
-41.635742,8.005864,0.0,-98.17213,-21.640297,0.0
36.071335,-91.153244,0.0,66.33569,-52.823593,0.0
-34.780552,-64.100586,0.0,15.326925,11.027553,0.0
41.496597,62.172707,0.0,83.11008,73.821304,0.0
74.20371,5.317068,0.0,67.79217,-63.73528,0.0
76.06706,-94.32753,0.0,65.62045,67.70949,0.0
-7.277376,-81.75254,0.0,-35.960743,93.210205,0.0
17.129955,-92.02107,0.0,-48.178707,15.612338,0.0
-92.43296,78.24012,0.0,-69.33557,-18.856365,0.0
94.76446,-50.87136,0.0,-70.80635,-31.489187,0.0
-53.279297,4.4313293,0.0,89.29764,-6.5666885,0.0
-48.36917,8.618366,0.0,79.91199,-47.570244,0.0
-87.051216,-84.09056,0.0,-47.06887,-31.521963,0.0
-74.63151,-96.48144,0.0,63.844204,-90.03555,0.0
90.29504,-88.830635,0.0,-40.697113,55.57306,0.0
24.80743,-31.314335,0.0,71.47743,-29.815634,0.0
55.543327,62.701202,0.0,75.18493,8.964746,0.0
-90.16458,-37.43114,0.0,-70.07346,-24.585623,0.0
-56.52298,-97.039314,0.0,-46.298393,-61.7895,0.0
68.16313,54.270363,0.0,-39.43894,-28.545197,0.0
47.737217,4.852503,0.0,-60.678787,-20.317738,0.0
-63.846996,70.17887,0.0,46.086033,-55.586983,0.0
-76.10492,20.576048,0.0,-50.425545,90.93449,0.0
45.222927,56.55583,0.0,-76.95309,93.462166,0.0
-28.369133,-37.37018,0.0,8.534012,-83.09481,0.0
29.483526,-25.892391,0.0,83.39093,68.6892,0.0
15.47623,60.23597,0.0,69.58969,-69.07215,0.0
-55.26231,-59.64376,0.0,-50.072582,87.38182,0.0
-43.169678,-8.355628,0.0,59.814346,77.53154,0.0
95.79622,20.698618,0.0,-75.41586,77.73182,0.0
31.451649,-39.22832,0.0,-39.057564,4.6162415,0.0
-48.222084,-85.10022,0.0,-81.66802,-20.124275,0.0
-56.280544,36.17725,0.0,-91.7914,-58.541637,0.0
56.105587,-27.63563,0.0,56.367115,-85.13107,0.0
84.97317,-90.12399,0.0,4.070276,84.793396,0.0
80.20646,-86.928055,0.0,-53.655373,-61.267654,0.0
58.888725,-89.28857,0.0,30.158478,-1.2109436,0.0
69.39852,65.21065,0.0,-46.447094,-1.6403213,0.0
26.69808,-7.3543706,0.0,-41.963516,83.28905,0.0
-56.35591,-42.520557,0.0,-79.92816,-15.360698,0.0
-71.424805,55.069233,0.0,-45.718124,-0.6609164,0.0
-52.490036,-84.08349,0.0,-81.0014,67.486404,0.0
-39.95715,94.71646,0.0,27.63311,-76.635956,0.0
-52.23431,11.332613,0.0,-23.320938,77.50751,0.0
-36.68097,-28.477875,0.0,16.48873,-98.44406,0.0
-47.763687,-71.315254,0.0,-70.7197,36.61546,0.0
-56.503212,17.50965,0.0,35.548798,52.111465,0.0
76.23908,-22.099968,0.0,-76.53568,-54.87887,0.0
-45.262566,20.122759,0.0,83.034615,-13.005912,0.0
-94.73943,22.495964,0.0,-76.94692,69.19975,0.0
78.284676,-23.365015,0.0,-91.14348,63.71198,0.0
99.76725,-56.018524,0.0,97.14969,27.920736,0.0
-66.65335,-10.835643,0.0,-31.965813,-6.4683723,0.0
55.160236,-26.74564,0.0,-98.594185,84.17599,0.0
77.98512,-70.09224,0.0,-34.93992,-21.133179,0.0
74.824974,98.12756,0.0,-31.811392,3.4134185,0.0
-13.934916,91.44475,0.0,-31.61628,-26.612303,0.0
-60.92801,-1.71327,0.0,-68.26956,91.18601,0.0
20.442463,88.04425,0.0,-5.1758432,73.95984,0.0
-0.33437988,-67.4446,0.0,-98.814545,-30.336569,0.0
80.244675,-14.089347,0.0,19.777466,70.45938,0.0
-92.19898,69.93871,0.0,40.979008,80.383224,0.0
-5.921368,10.742092,0.0,9.890434,-68.19918,0.0
-97.54945,-69.74265,0.0,-29.404222,-85.576744,0.0
-48.265713,-87.576126,0.0,-34.189693,0.92724895,0.0
-30.094193,28.011086,0.0,68.795586,-58.12793,0.0
-23.290588,-83.18348,0.0,-41.195568,-49.410248,0.0
63.84082,79.46534,0.0,-77.88958,-51.464455,0.0
55.080257,32.19811,0.0,90.04974,32.598564,0.0
86.57132,76.42968,0.0,64.356926,-70.61442,0.0
-39.37797,42.771633,0.0,-54.955757,-73.49535,0.0
86.71558,55.33048,0.0,75.01388,86.00631,0.0
-95.3239,26.989664,0.0,-77.47661,-57.961143,0.0
65.5876,51.09707,0.0,80.22687,-26.213495,0.0
-37.749424,-21.502779,0.0,23.449379,61.244488,0.0
-67.077194,58.807526,0.0,66.35799,49.008877,0.0
-78.40258,-16.784412,0.0,-29.424208,-37.948,0.0
79.78729,-64.76075,0.0,-54.029564,6.1134696,0.0
71.37437,46.340874,0.0,-93.50155,-60.59764,0.0
40.9081,45.49564,0.0,-81.27787,-47.41239,0.0
-47.59362,58.822067,0.0,-1.8616874,-28.278381,0.0
-39.318695,83.41763,0.0,-12.469808,69.44319,0.0
-14.354879,55.377983,0.0,-63.078644,22.11656,0.0
76.64635,28.934362,0.0,20.129162,-16.811543,0.0
-62.493965,-24.223848,0.0,8.020217,52.865402,0.0
-90.63288,95.22059,0.0,-95.76049,74.4154,0.0
-27.357904,80.39965,0.0,52.771614,-24.203934,0.0
9.573047,-29.07869,0.0,-98.59191,-46.022125,0.0
-99.50582,-64.65163,0.0,77.8222,86.07113,0.0
-83.28038,-49.016212,0.0,-60.5678,-83.95671,0.0
-92.66479,26.292141,0.0,-79.99822,-4.654739,0.0
-11.752735,67.29437,0.0,27.681496,-91.11627,0.0
-82.87314,-2.0844836,0.0,66.92204,-80.04871,0.0
6.4138274,73.42666,0.0,68.075455,90.22082,0.0
-87.84455,46.727406,0.0,-3.0368257,-29.622334,0.0
90.65757,-27.96037,0.0,-43.5999,24.609142,0.0
83.65634,37.46572,0.0,99.86224,78.64566,0.0
54.10024,99.63876,0.0,92.88082,-73.8716,0.0
63.34008,50.549416,0.0,68.37228,30.312614,0.0
96.31842,47.187534,0.0,19.890104,-38.978333,0.0
58.586536,-74.49335,0.0,-51.134193,46.984097,0.0
-88.309235,-29.558174,0.0,65.325615,-97.287125,0.0
-95.312965,60.698437,0.0,-27.288898,-96.57376,0.0
82.748634,-15.673913,0.0,77.82368,-86.32346,0.0
6.323982,48.361485,0.0,-31.275602,64.4494,0.0
-21.606102,22.247688,0.0,-58.58082,-28.201904,0.0
-83.996254,8.627831,0.0,47.48675,-2.3709352,0.0
-13.112844,-84.62397,0.0,55.278168,43.09114,0.0
89.82727,-83.76213,0.0,65.10214,-31.782305,0.0
94.94739,29.635914,0.0,-75.45181,2.8104935,0.0
45.233288,46.17217,0.0,-55.699844,80.64473,0.0
-94.871086,97.55287,0.0,66.30844,47.789852,0.0
96.46864,5.012385,0.0,91.63014,89.12806,0.0
44.714764,32.439075,0.0,79.4074,13.89925,0.0
75.73888,-74.219826,0.0,-95.75592,-47.949764,0.0
82.09444,98.09186,0.0,-40.277317,88.86592,0.0
2.808216,66.048706,0.0,-53.709366,-24.521782,0.0
-32.095436,-64.46966,0.0,28.996864,-63.104195,0.0
40.9791,8.976896,0.0,42.511654,-79.175735,0.0
-96.59551,-21.044048,0.0,57.948948,67.6182,0.0
-68.92282,-24.387499,0.0,65.61098,37.069626,0.0
68.73548,-83.93112,0.0,88.64886,54.69759,0.0
-51.70368,29.216206,0.0,90.26124,15.773697,0.0
77.23635,86.860825,0.0,83.28412,27.082867,0.0
52.11154,-53.5025,0.0,62.386864,-96.49111,0.0
-73.502625,87.9302,0.0,64.24797,-24.420628,0.0
59.1261,6.861396,0.0,-42.93817,84.1768,0.0
42.793587,-40.12718,0.0,-51.375954,-51.207474,0.0
-66.200424,-61.295845,0.0,-42.251095,64.54184,0.0
89.77699,-44.236534,0.0,76.84144,75.35096,0.0
64.0592,-29.629473,0.0,27.896248,-71.80275,0.0
61.985477,-51.913906,0.0,53.898384,42.62948,0.0
97.43289,14.269373,0.0,-75.32264,2.15737,0.0
-67.53523,-67.0017,0.0,-55.884506,-18.901926,0.0
-55.807053,-34.69114,0.0,-45.689777,79.61466,0.0
-93.536644,-40.239162,0.0,-63.480824,-30.151905,0.0
-32.590813,8.680284,0.0,15.9499855,-67.53706,0.0
74.9764,41.305923,0.0,84.84754,65.00778,0.0
75.790146,-50.051334,0.0,87.25939,-43.43215,0.0
-37.510586,-17.361969,0.0,-87.7728,-27.363028,0.0
-87.431465,85.03735,0.0,-65.38302,-85.50485,0.0
-78.13547,70.81469,0.0,-47.930317,6.965311,0.0
-33.002213,79.63891,0.0,36.633297,-19.796087,0.0
98.09031,36.043736,0.0,-47.76531,-35.524265,0.0
47.518414,2.066827,0.0,-15.595057,-16.679962,0.0
47.189358,-75.10095,0.0,-61.07829,44.105843,0.0
-37.225426,57.474934,0.0,60.882183,-26.209024,0.0
75.214516,-33.84422,0.0,-59.595203,-41.114834,0.0
28.040236,-93.130585,0.0,-13.789342,-83.32433,0.0
77.61861,-26.929949,0.0,-46.43238,7.9314957,0.0
56.682117,-28.402292,0.0,-68.96195,77.94712,0.0
5.5716343,-96.25558,0.0,-30.4735,13.078068,0.0
2.118357,-26.440866,0.0,17.279478,-79.10758,0.0
85.126465,59.608006,0.0,42.66486,-8.546258,0.0
91.829094,-39.717644,0.0,75.333405,-41.89004,0.0
38.09577,-50.89128,0.0,-74.20722,-82.31617,0.0
-36.88127,-37.530346,0.0,-41.520977,1.0383856,0.0
-3.9316826,-70.35618,0.0,-13.356275,49.98349,0.0
33.22856,-43.72328,0.0,97.6276,63.100266,0.0
-94.43399,42.136444,0.0,-19.018145,-26.907072,0.0
-21.84691,-63.232075,0.0,-78.71681,81.11425,0.0
12.0129385,-30.215427,0.0,-61.862854,61.199986,0.0
83.63572,97.00605,0.0,-67.91972,56.2574,0.0
25.02894,0.028537437,0.0,68.28391,90.2142,0.0
39.874165,-49.726658,0.0,-99.21626,-18.69896,0.0
68.40049,34.929832,0.0,74.28143,66.91048,0.0
-30.697596,99.31936,0.0,93.13226,61.783066,0.0
87.8983,-13.230501,0.0,-28.605755,51.90891,0.0
99.09006,94.722305,0.0,51.404186,-49.291462,0.0
-2.6303542,-90.60275,0.0,59.75119,48.14657,0.0
68.306984,98.74369,0.0,42.335693,28.366821,0.0
-56.2795,-20.486715,0.0,-96.83768,-65.96403,0.0
34.52195,37.94489,0.0,-47.836624,-42.17895,0.0
-69.45779,-6.600976,0.0,-4.321843,6.4970183,0.0
-40.909756,-56.64251,0.0,95.08198,-27.411234,0.0
49.524406,-15.439085,0.0,0.48178244,79.19162,0.0
95.40138,-79.621376,0.0,-98.33601,-13.283443,0.0
61.33343,-49.95014,0.0,15.550581,57.19785,0.0
-75.42848,-78.328964,0.0,-38.67005,-17.57296,0.0
-1.7459502,46.63725,0.0,43.686012,19.960115,0.0
-96.8073,-97.42047,0.0,25.51828,-85.31661,0.0
76.83414,57.54175,0.0,25.178038,-32.391518,0.0
54.554283,-52.613335,0.0,35.478622,13.156316,0.0
-61.99368,-47.769028,0.0,-28.254898,47.762733,0.0
57.228714,35.99337,0.0,18.920675,-36.43481,0.0
-65.19027,2.8715405,0.0,85.12514,-77.84241,0.0
47.855972,-89.09755,0.0,65.75022,-59.410244,0.0
-75.944405,-33.616405,0.0,-18.28391,-32.17527,0.0
32.445473,-38.933876,0.0,-24.296833,-90.867676,0.0
-40.3367,-3.8401191,0.0,32.39682,1.3402417,0.0
87.35449,-80.32173,0.0,35.979053,-83.04231,0.0
-95.57529,-35.277958,0.0,-2.2713606,54.081482,0.0
68.44823,71.80172,0.0,84.10568,-52.985752,0.0
53.06932,-63.9303,0.0,4.6831794,59.527073,0.0
-44.37775,-10.631749,0.0,-14.206805,91.86703,0.0
98.19515,-3.9719155,0.0,-16.66844,87.76465,0.0
-6.428895,1.3891296,0.0,31.035055,96.33758,0.0
-58.65067,24.325912,0.0,-74.35401,-46.963825,0.0
-90.38588,60.642673,0.0,76.66007,26.52077,0.0
87.01579,15.960112,0.0,-70.44141,47.565662,0.0
43.077892,90.85901,0.0,-86.48242,-19.605833,0.0
40.209694,39.085457,0.0,92.802246,-8.570898,0.0
62.494385,57.78042,0.0,23.639776,91.07839,0.0
-81.35924,-60.32989,0.0,-84.20047,-40.19462,0.0
19.141516,15.116035,0.0,43.11415,67.82688,0.0
47.28489,-93.40357,0.0,59.022263,16.355988,0.0
-93.13453,-7.774328,0.0,-22.785936,-32.078712,0.0
22.054,-94.73304,0.0,41.67563,46.71351,0.0
-24.485275,56.045773,0.0,-23.335136,95.33557,0.0
-58.02143,-1.6248057,0.0,-96.077896,34.2736,0.0
56.43025,30.860441,0.0,-86.29793,8.976644,0.0
89.18395,77.77975,0.0,-63.072796,95.43458,0.0
-26.129005,88.4496,0.0,-20.831516,-89.18118,0.0
94.40741,97.94333,0.0,-95.01189,-68.01351,0.0
-48.659744,-86.235634,0.0,-72.9033,-91.3715,0.0
-58.213852,23.010466,0.0,59.87381,-50.42978,0.0
-5.1242948,94.193474,0.0,-39.51521,-5.8969955,0.0
-7.6797934,16.47652,0.0,-53.937145,98.10716,0.0
10.734641,14.355417,0.0,-62.96174,4.89844,0.0
51.67626,56.937916,0.0,-57.586647,33.71416,0.0
-90.92462,9.066302,0.0,43.188717,56.478294,0.0
42.220287,-36.39489,0.0,-14.498803,-88.37976,0.0
34.711823,-2.14975,0.0,51.147285,19.447514,0.0
51.81204,99.153046,0.0,-63.2768,-46.528656,0.0
-91.40585,-15.849233,0.0,-71.67532,-19.804276,0.0
68.84995,46.796345,0.0,14.427257,-26.93248,0.0
97.04507,10.04134,0.0,-76.36964,-27.746456,0.0
53.84919,43.021767,0.0,7.331021,60.060787,0.0
-54.13176,-92.01419,0.0,-88.151,71.5511,0.0
-86.98487,-29.733152,0.0,48.677086,45.93374,0.0
-9.260082,82.610756,0.0,-41.852127,71.516975,0.0
41.70529,-66.76464,0.0,-65.62649,-76.57869,0.0
-44.66163,43.54398,0.0,-97.31402,-29.056524,0.0
-73.620895,-87.88359,0.0,-80.591965,-77.93337,0.0
-83.04927,-41.829597,0.0,-87.78215,73.38853,0.0
-74.35354,-74.66938,0.0,64.583244,72.32519,0.0
62.987743,17.205406,0.0,-21.313383,61.080364,0.0
-58.74441,-93.140076,0.0,86.29243,-51.43126,0.0
-77.362434,-41.299526,0.0,-30.914555,-36.970387,0.0
-7.2367983,95.54392,0.0,-55.850296,83.68009,0.0
-39.120422,5.8834133,0.0,13.535575,-71.54184,0.0
-48.1387,-55.028183,0.0,-64.27533,-88.6054,0.0
-80.11025,-58.808956,0.0,-95.713165,76.9721,0.0
59.812157,6.6742153,0.0,84.37103,-7.9557424,0.0
-17.229702,-73.05373,0.0,-81.56544,46.795322,0.0
-36.627563,-14.192587,0.0,57.936157,-28.604252,0.0
-90.023094,59.042675,0.0,-57.439724,26.95833,0.0
81.526,-22.110167,0.0,36.87137,39.234924,0.0
-47.38021,71.21016,0.0,64.57098,46.270702,0.0
-32.493298,31.933659,0.0,-69.83776,60.199028,0.0
-96.941925,21.013338,0.0,-47.944775,98.03943,0.0
-51.850918,-62.25001,0.0,95.54209,-26.681747,0.0
-39.67958,-23.106049,0.0,-60.2662,93.250046,0.0
54.95936,-71.586136,0.0,79.245926,75.136406,0.0
94.274315,-14.377133,0.0,-47.705456,-17.477152,0.0
50.08066,67.33887,0.0,92.36915,45.406643,0.0
-80.203705,83.99231,0.0,80.254684,-8.884299,0.0
99.73176,5.9484415,0.0,-54.8417,26.817738,0.0
40.81152,32.77988,0.0,-89.88243,10.245018,0.0
-22.238384,-75.39857,0.0,60.68474,-95.405716,0.0
-67.96949,82.61488,0.0,88.77375,74.369965,0.0
-11.227023,-92.78799,0.0,-5.4831476,79.8436,0.0
-77.01267,-47.6041,0.0,68.82076,8.61125,0.0
54.5856,13.890267,0.0,-45.834194,-18.98318,0.0
59.943043,-82.49411,0.0,48.985138,-49.58278,0.0
84.664,-70.73699,0.0,-4.5265813,-92.958626,0.0
-44.860928,62.909008,0.0,90.32017,-26.527702,0.0
95.59744,-34.96889,0.0,12.032504,-39.315624,0.0
-66.45483,-98.36793,0.0,37.56431,-96.50415,0.0
70.273735,73.46672,0.0,-77.92027,54.34438,0.0
17.165087,53.26854,0.0,-75.91105,-85.68954,0.0
72.709145,91.9199,0.0,-64.641594,88.493034,0.0
67.73027,-43.724586,0.0,15.572706,55.472664,0.0
63.7802,-81.79758,0.0,-45.48238,-35.944252,0.0
-74.02101,-60.864937,0.0,53.680923,-49.610256,0.0
-50.422924,-39.37635,0.0,11.676992,75.74766,0.0
92.42516,-45.321476,0.0,47.194077,96.48154,0.0
82.93767,86.07144,0.0,80.511505,-24.325125,0.0
32.523956,38.836983,0.0,51.38831,64.471985,0.0
27.454182,-73.790924,0.0,43.389008,27.294949,0.0
-70.18581,-77.77893,0.0,30.933897,-49.764194,0.0
54.859276,42.80384,0.0,-0.64510673,7.6737943,0.0
23.414099,-89.77902,0.0,-28.311653,-26.388998,0.0
58.127316,40.391014,0.0,79.26796,9.895455,0.0
15.526368,-68.05387,0.0,-82.319885,-52.556595,0.0
-62.935658,-39.81615,0.0,-30.352612,-62.491543,0.0
-86.76834,-44.486332,0.0,-77.88204,49.012215,0.0
-48.572575,-44.125137,0.0,6.012339,20.09079,0.0
67.53604,18.931967,0.0,-0.68961275,58.791313,0.0
-38.572845,48.8783,0.0,68.50957,46.43746,0.0
59.351017,71.20094,0.0,-52.127262,39.954815,0.0
81.05397,61.857594,0.0,13.033284,-96.84573,0.0
82.94711,-64.57623,0.0,55.184296,-54.588955,0.0
-11.862817,45.197002,0.0,-1.2560136,-83.57456,0.0
-46.010727,-42.45429,0.0,-19.409744,89.31664,0.0
76.25857,-32.69369,0.0,-41.42955,-46.37893,0.0
71.44253,12.699165,0.0,-90.95494,60.37331,0.0
63.94269,-31.20533,0.0,-41.9735,-37.45378,0.0
-75.521515,14.291212,0.0,35.691906,-68.51239,0.0
75.907295,60.00914,0.0,60.334137,-78.69936,0.0
53.470436,-26.365492,0.0,-72.43009,-75.71723,0.0
67.715645,67.8912,0.0,-11.6609335,-14.412817,0.0
-93.660446,56.052105,0.0,-37.442238,89.72041,0.0
-81.83523,-59.391613,0.0,-67.72683,17.56626,0.0
21.394648,73.53322,0.0,-91.934,-22.45935,0.0
-17.294003,-19.583584,0.0,-84.54698,-10.339459,0.0
17.18845,-73.59114,0.0,-78.24703,-12.314988,0.0
-17.271544,53.935886,0.0,-80.67163,-21.001102,0.0
50.28882,7.7373123,0.0,39.232613,2.9820323,0.0
-45.357628,-53.99353,0.0,43.712048,-27.562544,0.0
-41.169483,76.993645,0.0,-42.01541,-80.66304,0.0
16.350073,81.3964,0.0,-42.747284,-35.02934,0.0
-15.530403,-30.367023,0.0,91.91064,-10.694923,0.0
80.52771,-88.97765,0.0,-30.367102,-28.087376,0.0
-77.39506,-46.746807,0.0,-80.441315,51.409885,0.0
26.139717,-95.23888,0.0,75.428474,-73.70569,0.0
-60.961235,-49.39896,0.0,-2.6603754,45.7221,0.0
-22.502684,95.94702,0.0,-2.6615436,95.21868,0.0
55.368153,-88.33932,0.0,-60.670853,-3.6106286,0.0
84.18503,-53.392963,0.0,-99.50106,38.886448,0.0
41.08239,23.554913,0.0,13.481741,91.36208,0.0
56.808895,-47.64305,0.0,-44.253075,28.877457,0.0
1.640673,-23.083107,0.0,96.17833,84.89797,0.0
43.030735,17.558155,0.0,37.61114,29.344856,0.0
24.591858,-97.61826,0.0,78.75858,50.592743,0.0
-30.988651,28.913036,0.0,45.397053,-24.689922,0.0
77.359215,-60.523254,0.0,-65.90271,16.361483,0.0
47.522457,-58.358643,0.0,-26.9696,60.594986,0.0
62.9397,43.05393,0.0,-52.708233,55.708992,0.0
-34.42491,93.1328,0.0,63.3438,-32.13535,0.0
-46.41119,-56.98475,0.0,38.395477,-20.736643,0.0
49.51735,-15.530578,0.0,32.79788,-44.988785,0.0
98.58186,-71.1035,0.0,10.934463,50.24995,0.0
-92.13835,-44.716743,0.0,9.6687565,55.35838,0.0
-98.35622,53.659374,0.0,-29.001822,-66.84077,0.0
-91.77994,39.12308,0.0,-21.667982,15.683159,0.0
53.954464,12.271161,0.0,76.56729,5.562423,0.0
37.346294,13.039456,0.0,-26.698513,91.9543,0.0
-84.39094,80.81247,0.0,87.49933,18.577482,0.0
48.55917,25.584845,0.0,-7.201513,-72.59093,0.0
-61.48705,-99.24887,0.0,23.910532,-74.31864,0.0
52.261982,-33.569016,0.0,15.640917,-80.375114,0.0
-10.191489,48.6781,0.0,54.522156,-97.56763,0.0
-90.56039,-98.051025,0.0,-14.814595,-94.07006,0.0
-52.573368,-35.271168,0.0,-41.580933,59.530373,0.0
-84.044815,-58.545868,0.0,-70.94778,66.155914,0.0
-86.93171,-54.009346,0.0,-36.024094,-32.04302,0.0
62.321903,6.2905207,0.0,-56.233803,97.97236,0.0
65.713005,-30.86632,0.0,-71.508965,95.71512,0.0
42.24923,59.523857,0.0,19.693626,16.651966,0.0
-83.034035,15.976979,0.0,7.763755,22.293653,0.0
97.2917,-17.988146,0.0,-94.96752,-16.184198,0.0
-96.16798,80.83953,0.0,-65.81283,76.88333,0.0
-98.58219,86.44587,0.0,-12.272419,-69.501205,0.0
-40.891743,-59.735397,0.0,30.83598,87.409035,0.0
-88.77368,63.10849,0.0,24.046011,91.93976,0.0
35.39166,-73.269646,0.0,63.9776,-23.252745,0.0
38.455307,69.83913,0.0,-50.0664,-2.1150095,0.0
90.31034,84.89041,0.0,80.87008,-79.67141,0.0
-51.062397,-89.3874,0.0,5.420261,-30.973194,0.0
44.356777,74.434425,0.0,-54.447937,12.978948,0.0
-97.39196,36.948177,0.0,98.01848,57.788055,0.0
-68.30717,-22.006575,0.0,62.848587,-25.579004,0.0
-17.582355,-78.83304,0.0,-57.29689,-42.550472,0.0
57.974934,77.81849,0.0,-17.766827,13.195582,0.0
95.68745,98.058876,0.0,1.4440942,97.00329,0.0
18.339806,-33.662415,0.0,81.31476,-11.106289,0.0
-56.529057,-93.83949,0.0,76.54024,68.84283,0.0
-89.45201,-22.229637,0.0,56.839092,-27.557096,0.0
-34.03978,7.8163114,0.0,34.34152,-35.835056,0.0
-77.436485,82.15243,0.0,-21.025372,58.359035,0.0
28.107277,-68.65903,0.0,11.904714,58.87333,0.0
1.8238693,91.351326,0.0,76.08144,-27.530846,0.0
51.11598,-52.014507,0.0,63.660328,-62.806435,0.0
33.939007,58.609077,0.0,20.529947,87.243645,0.0
43.557663,-72.10978,0.0,-96.83642,-23.449657,0.0
54.945126,21.47944,0.0,-61.815845,24.101772,0.0
-86.65509,-34.26629,0.0,-96.875565,99.01929,0.0
51.606514,-76.84745,0.0,-35.210266,-91.02905,0.0
-25.59638,55.282593,0.0,-31.83929,86.151474,0.0
-52.81167,-90.07964,0.0,-95.06833,-30.451859,0.0
87.37142,54.53832,0.0,41.337498,-86.40111,0.0
-63.181664,-28.63858,0.0,-26.237907,-38.956104,0.0
-37.619923,-21.741516,0.0,45.642345,11.765385,0.0
-43.903152,88.61348,0.0,60.550167,-59.752247,0.0
0.5132907,-21.981827,0.0,-34.865295,49.36881,0.0
-69.90295,94.70775,0.0,-63.42935,50.572693,0.0
8.340835,65.91837,0.0,40.22217,19.729141,0.0
-45.641384,33.53971,0.0,69.21655,-92.44522,0.0
-5.3462567,-71.48798,0.0,43.607967,-80.03871,0.0
-35.50772,-64.82302,0.0,-21.920713,11.926814,0.0
-83.96791,-20.51002,0.0,-47.37835,-28.88086,0.0
-70.023026,-17.351885,0.0,-37.943832,-77.55558,0.0
-62.53302,4.1659126,0.0,82.85813,-45.72922,0.0
-51.61473,-9.5804,0.0,36.258247,67.67091,0.0
80.09635,7.4509387,0.0,-79.59752,61.960815,0.0
-43.594986,-41.57831,0.0,96.3884,-61.17532,0.0
-8.81282,-38.7034,0.0,35.01823,11.462086,0.0
61.003956,-42.883255,0.0,-18.23913,-84.93761,0.0
37.44687,-37.43316,0.0,-87.81889,40.313057,0.0
50.393208,30.942575,0.0,-29.644527,-98.23114,0.0
21.48639,76.795876,0.0,-25.30926,61.77492,0.0
74.97107,-44.354107,0.0,85.790146,83.56918,0.0
26.297678,-89.07957,0.0,-33.445473,18.730972,0.0
-88.45543,-64.39083,0.0,55.467007,-69.746185,0.0
44.05504,-18.534916,0.0,65.29573,20.117624,0.0
-32.55604,71.532265,0.0,-42.250397,-69.89957,0.0
62.06566,-57.29797,0.0,-53.28423,45.267147,0.0
-28.118067,-98.86038,0.0,-82.015396,69.54244,0.0
2.222722,20.8626,0.0,-7.820335,65.7418,0.0
79.727,-91.062584,0.0,76.0554,-12.965477,0.0
99.91968,-93.27815,0.0,-20.9704,-78.97687,0.0
-86.74947,8.260551,0.0,-38.621677,-96.245895,0.0
-75.13614,30.161251,0.0,92.28719,-61.435238,0.0
-88.760826,43.513035,0.0,43.180584,-73.21238,0.0
-22.565058,-27.112467,0.0,7.5967693,51.00998,0.0
-74.9209,2.7928154,0.0,-22.007788,-63.91502,0.0
-4.601694,92.9118,0.0,50.968117,-39.962143,0.0
69.35531,-21.755577,0.0,10.227695,-74.10224,0.0
56.990696,17.613895,0.0,2.4487484,-36.65881,0.0
33.495216,-71.38241,0.0,55.83663,-37.421417,0.0
-49.96852,-36.568752,0.0,-66.46739,-27.491282,0.0
58.74954,-76.352234,0.0,-39.212376,-51.351097,0.0
66.3704,45.64279,0.0,-91.84263,88.42654,0.0
36.87487,-76.47278,0.0,98.4103,15.781468,0.0
11.309764,-80.752045,0.0,-54.379562,-32.61727,0.0
9.103481,67.80821,0.0,15.396446,-30.384441,0.0
-19.357262,-99.09853,0.0,-6.73493,9.602564,0.0
72.122215,46.83921,0.0,39.25489,25.737293,0.0
25.112217,80.55399,0.0,-63.868713,-13.58381,0.0
98.145195,59.92541,0.0,97.373055,-55.755547,0.0
-15.305014,-8.166457,0.0,-88.115654,33.739063,0.0
-5.228344,2.8501427,0.0,-83.69648,62.926426,0.0
-2.0297627,97.41276,0.0,-43.29842,5.606065,0.0
-88.558716,-55.63402,0.0,-79.192444,97.82335,0.0
35.301895,-22.110405,0.0,-49.10925,-57.319836,0.0
-54.308815,-37.718945,0.0,42.877953,-88.59421,0.0
12.749956,-88.7124,0.0,-48.322655,89.05655,0.0
-14.405739,77.75554,0.0,-96.85838,88.50235,0.0
-50.651154,52.604824,0.0,29.910122,-7.554384,0.0
40.65704,51.264378,0.0,35.853683,-80.48808,0.0
15.013792,-93.853294,0.0,-78.35189,-24.72724,0.0
97.08055,-99.90612,0.0,-0.60066634,-21.174871,0.0
-16.15015,-61.20121,0.0,-43.029465,1.0328068,0.0
-38.641567,42.30031,0.0,-58.707867,-39.45892,0.0
-9.871599,-31.367739,0.0,-36.59071,-6.9399853,0.0
-72.371765,-67.731926,0.0,-79.71208,38.74266,0.0
-44.243984,-43.532703,0.0,34.85071,4.6413226,0.0
4.3570404,9.589542,0.0,-26.138912,18.48568,0.0
27.83625,-19.347164,0.0,-59.083305,22.28097,0.0
24.315216,-95.402115,0.0,99.69898,84.55692,0.0
-12.830296,-98.582245,0.0,-56.26387,74.1365,0.0
45.777954,23.48682,0.0,77.58006,-70.36537,0.0
-33.967003,-52.88341,0.0,8.154814,-37.299427,0.0
95.66159,-34.64568,0.0,-8.89193,-29.457047,0.0
3.4544337,-83.157394,0.0,96.915184,33.281464,0.0
-40.391663,-92.98701,0.0,-92.549225,-94.73053,0.0
-94.32325,61.460857,0.0,26.995375,78.89439,0.0
-36.823368,-19.293604,0.0,-11.637795,-19.21431,0.0
51.518337,-38.027824,0.0,43.741802,-60.940052,0.0
-69.32623,-38.626797,0.0,32.9816,-24.74167,0.0
-95.31213,-92.71798,0.0,-93.429726,-34.757877,0.0
-99.805534,22.826658,0.0,-69.201584,-40.78474,0.0
-52.429935,5.5912347,0.0,-23.623648,-62.129635,0.0
3.262285,89.65928,0.0,-24.7397,-29.932856,0.0
-68.979706,-45.0156,0.0,-15.104585,-32.676968,0.0
-24.90776,72.91511,0.0,53.731064,-44.894356,0.0
1.6343908,91.61893,0.0,53.455776,54.51444,0.0
71.747,98.37158,0.0,-50.063286,-41.91825,0.0
-92.86748,-81.91729,0.0,22.180311,22.573397,0.0
85.510574,-20.596952,0.0,30.61193,-68.75366,0.0
46.44384,-53.396206,0.0,62.6284,17.686255,0.0
-20.948828,-87.565956,0.0,39.565903,-55.46192,0.0
27.606634,-60.845352,0.0,24.038631,-15.845674,0.0
-40.701263,-67.68554,0.0,-45.911366,77.8715,0.0
-25.249598,15.550882,0.0,-1.5459136,-79.55072,0.0
-96.41291,53.748566,0.0,-64.199715,12.027485,0.0
73.44974,-21.219624,0.0,-51.181057,-2.4108696,0.0
47.5319,-52.313583,0.0,83.68679,-97.137184,0.0
87.40779,-22.050104,0.0,30.235641,88.718704,0.0
-40.836147,-12.253103,0.0,-86.37751,57.056973,0.0
-29.367373,65.88206,0.0,67.21679,65.5369,0.0
2.5779212,12.644222,0.0,-42.112656,95.68272,0.0
78.44162,63.982544,0.0,80.51105,-57.494564,0.0
-41.25445,60.598396,0.0,75.638565,6.233392,0.0
-91.35051,61.944828,0.0,-98.87129,-7.2440286,0.0
52.2176,-99.69358,0.0,-55.459057,-57.074986,0.0
-87.028694,7.7983823,0.0,6.2061462,64.03873,0.0
96.62108,53.855732,0.0,46.207886,-34.640926,0.0
85.03484,97.54852,0.0,-54.11841,-76.624054,0.0
24.78912,-7.935724,0.0,-92.10961,-97.10587,0.0
36.134705,-21.574558,0.0,58.367996,-55.0798,0.0
11.714851,88.83794,0.0,85.70725,-57.551094,0.0
32.262623,10.1857605,0.0,-40.9666,-48.189785,0.0
71.701965,84.824715,0.0,96.259865,62.263004,0.0
-35.746986,55.134403,0.0,47.847977,-71.825485,0.0
95.134254,-96.520134,0.0,34.62672,39.37944,0.0
-91.797844,64.55586,0.0,65.64921,85.19829,0.0
89.499214,87.03818,0.0,31.903767,97.0007,0.0
-84.95571,68.39615,0.0,-30.73057,5.9977436,0.0
89.4096,9.475328,0.0,25.325687,-21.291998,0.0
20.731932,-31.075335,0.0,18.241076,81.17961,0.0
-51.742203,-99.23958,0.0,43.76054,70.16831,0.0
-32.874203,27.121805,0.0,-67.3804,53.310677,0.0
62.048145,53.758507,0.0,72.678055,-87.93303,0.0
80.8499,6.9076605,0.0,-6.6472235,-31.56548,0.0
54.568016,60.6341,0.0,-69.31742,-26.689764,0.0
-21.757917,54.760296,0.0,-30.050016,-42.76818,0.0
-25.638,69.42874,0.0,72.02422,68.42557,0.0
-64.5055,-92.45531,0.0,-85.31477,-63.43082,0.0
21.48745,58.4522,0.0,80.91917,-18.670332,0.0
-72.17066,-83.77877,0.0,-22.815298,-77.501396,0.0
57.189877,-49.661823,0.0,30.241255,4.0473375,0.0
-67.06795,-22.914637,0.0,70.35147,96.58621,0.0
-94.977425,-44.49841,0.0,46.83787,53.533916,0.0
-89.8755,-92.121635,0.0,14.7899685,-21.42098,0.0
-39.46544,-99.5252,0.0,-93.4876,-53.34054,0.0
93.94499,-97.48741,0.0,74.94887,-86.020935,0.0
79.19708,-59.88185,0.0,-82.49863,-80.40677,0.0
50.01872,-52.312237,0.0,1.1859154,75.6912,0.0
-43.150955,-59.87974,0.0,-62.094563,53.561428,0.0
77.81926,98.67217,0.0,-82.66429,72.450325,0.0
-63.78742,8.847353,0.0,90.11008,25.079521,0.0
32.29658,-15.988997,0.0,-15.830919,-82.363464,0.0
5.6754155,54.310593,0.0,-83.35754,50.356453,0.0
-81.89683,-46.29837,0.0,-79.66924,-87.4561,0.0
-52.228317,27.486784,0.0,-31.41489,-97.40443,0.0
-1.7242428,-97.81762,0.0,60.705147,-20.284096,0.0
-67.49779,91.94914,0.0,70.31627,72.75793,0.0
44.411037,44.86634,0.0,-89.58653,47.568283,0.0
-89.27282,39.262806,0.0,-10.52949,0.6080483,0.0
17.869751,95.84163,0.0,94.98162,-70.26503,0.0
59.36437,-92.475914,0.0,85.99142,-76.7375,0.0
-58.847652,-84.62585,0.0,-45.646305,30.80619,0.0
-84.12801,-97.018776,0.0,-72.44516,-85.08825,0.0
-71.38761,-97.1971,0.0,13.371689,86.45338,0.0
89.572556,63.879574,0.0,10.482096,74.99404,0.0
65.362656,29.419098,0.0,-38.663635,-90.9717,0.0
-34.817585,42.393265,0.0,-59.659035,-85.545,0.0
-17.910847,-22.731253,0.0,-46.357944,-48.94248,0.0
-21.313469,82.109344,0.0,95.600815,37.635036,0.0
-79.280754,0.34480813,0.0,56.410564,47.30932,0.0
19.483196,60.76305,0.0,-22.093487,-92.50559,0.0
-39.303158,11.812258,0.0,33.89971,-94.66137,0.0
79.377525,60.945282,0.0,-36.601208,42.49469,0.0
5.340553,72.638985,0.0,86.79057,-60.21104,0.0
32.862896,75.20454,0.0,66.34584,-30.913113,0.0
-61.50322,58.994038,0.0,-57.313473,75.44504,0.0
88.90168,90.4831,0.0,-42.870068,-98.60208,0.0
83.154625,28.823248,0.0,83.19983,85.88741,0.0
-32.973057,77.78803,0.0,66.260956,-46.386093,0.0
-12.265383,2.8524911,0.0,95.141785,5.4668193,0.0
-61.71428,49.195736,0.0,-52.79641,-61.35009,0.0
-30.237823,-75.0527,0.0,-4.298991,57.47559,0.0
24.000273,-31.955399,0.0,-61.43208,-61.778877,0.0
-29.643156,18.99492,0.0,-41.535744,59.062607,0.0
-91.29069,53.16082,0.0,48.816093,93.16489,0.0
57.74947,66.62022,0.0,63.86882,16.542057,0.0
-79.25565,5.9381895,0.0,-1.1730574,-26.389511,0.0
-45.171314,-23.7453,0.0,89.49032,-41.402134,0.0
72.11282,-85.879845,0.0,-31.725931,45.41297,0.0
30.817984,89.459236,0.0,79.37753,93.52452,0.0
42.070515,64.1793,0.0,47.676533,-92.924095,0.0
40.09361,27.516432,0.0,-51.20583,-74.33381,0.0
49.544518,-90.0193,0.0,-85.1353,94.097824,0.0
-93.2946,-63.547806,0.0,38.607132,44.30566,0.0
54.370647,-59.892197,0.0,-26.212702,45.263535,0.0
-1.6236743,72.33868,0.0,60.4635,88.6091,0.0
-54.266975,60.61324,0.0,86.322586,-42.6046,0.0
20.589314,-99.63687,0.0,24.793571,-83.60414,0.0
22.044382,-70.07269,0.0,98.11337,80.37353,0.0
-26.349674,71.800064,0.0,-70.56898,-82.69412,0.0
-45.367264,-40.628273,0.0,-86.14236,-42.82643,0.0
-40.320908,48.095425,0.0,-56.907608,-98.74424,0.0
22.329643,-91.22027,0.0,-4.740117,72.151146,0.0
84.82463,28.592808,0.0,-42.391365,-60.350277,0.0
77.65506,-25.871023,0.0,58.67705,-43.19798,0.0
35.820015,-23.64404,0.0,-78.93762,-2.4349673,0.0
68.20452,-49.525253,0.0,-81.81634,76.86205,0.0
-26.372812,49.467354,0.0,3.6018035,-61.634544,0.0
50.154686,-82.1834,0.0,30.893568,87.67279,0.0
-56.739662,84.13934,0.0,25.683405,-38.4136,0.0
-7.6516905,10.228663,0.0,-19.173304,-95.62412,0.0
-71.741516,20.114689,0.0,62.315304,64.605576,0.0
-23.17605,79.65941,0.0,48.29461,-17.963804,0.0
71.30874,13.84746,0.0,77.43356,72.3959,0.0
-16.206047,-8.394276,0.0,-48.670555,50.422863,0.0
31.093136,53.548164,0.0,-1.0995066,98.27584,0.0
-68.61255,96.21672,0.0,32.808857,-24.823023,0.0
-64.97198,-10.099116,0.0,-92.93054,-92.871826,0.0
-30.35387,42.041973,0.0,-27.220121,66.65486,0.0
-45.266724,96.00109,0.0,-98.528435,3.6411517,0.0
-25.310415,-89.01306,0.0,84.71619,-2.6479723,0.0
54.763767,14.489694,0.0,-83.918655,94.46516,0.0
92.57346,63.53919,0.0,96.73278,94.48741,0.0
-45.95309,-38.880447,0.0,-8.91139,22.123032,0.0
38.884953,-29.72032,0.0,-73.268364,36.762096,0.0
46.305977,8.907112,0.0,-75.66412,72.43706,0.0
54.64531,72.62972,0.0,-49.776264,-29.09014,0.0
-42.059685,-78.07439,0.0,-50.642643,-96.38213,0.0
55.863945,95.091286,0.0,-36.410423,68.28779,0.0
-78.03199,-69.35062,0.0,63.77155,91.5513,0.0
14.871269,60.95767,0.0,35.250103,72.59707,0.0
-24.53639,92.81568,0.0,-82.1421,37.40386,0.0
92.9945,70.684,0.0,-58.2003,49.570423,0.0
-67.732994,25.642231,0.0,-94.107025,-22.602869,0.0
-44.892895,-8.120162,0.0,44.455544,-39.917534,0.0
-66.33779,46.86421,0.0,-4.6648917,-14.593243,0.0
36.662014,-24.251709,0.0,89.70257,-60.82206,0.0
59.11325,96.445595,0.0,94.71146,28.62822,0.0
-79.074715,-72.1739,0.0,-51.989265,-90.36154,0.0
54.455128,-45.671772,0.0,48.15076,55.695366,0.0
-73.55756,79.4057,0.0,-8.672089,-23.105476,0.0
92.22878,-95.82098,0.0,-35.959316,98.830666,0.0
8.523959,59.97878,0.0,-75.83275,-65.90247,0.0
-78.07145,21.543074,0.0,-34.13713,-63.369713,0.0
32.38272,50.23542,0.0,50.773617,15.578221,0.0
-28.220375,70.21308,0.0,-61.704254,-18.247868,0.0
75.71395,-13.994624,0.0,45.167316,26.759983,0.0
-0.5664687,47.54206,0.0,-21.749584,-77.92624,0.0
35.36573,3.8283873,0.0,3.7338493,-67.161064,0.0
19.312195,-84.094536,0.0,27.437574,-66.811584,0.0
-93.43029,48.429314,0.0,35.414967,-1.2878976,0.0
84.95331,48.61883,0.0,-70.94248,57.59537,0.0
-56.71332,-87.92476,0.0,53.416462,-41.313736,0.0
-71.80028,61.310116,0.0,25.134981,47.267822,0.0
61.413563,12.680605,0.0,-62.12629,-89.33705,0.0
-71.45111,57.40434,0.0,-94.060875,-21.085032,0.0
62.002823,77.36696,0.0,66.72794,-64.730515,0.0
47.024567,8.118122,0.0,-6.886931,-87.77937,0.0
-60.155464,-87.23594,0.0,25.970205,-15.214413,0.0
41.692562,32.338192,0.0,-99.17609,-10.408879,0.0
20.404043,10.053869,0.0,8.721179,68.79382,0.0
-51.53549,56.969673,0.0,68.56408,43.061863,0.0
20.850946,52.980984,0.0,23.55731,92.30533,0.0
89.849525,49.96384,0.0,87.94833,-77.04322,0.0
-52.329884,-0.200324,0.0,-84.18632,-31.187431,0.0
-70.00338,-28.344612,0.0,-70.93502,3.3020554,0.0
-74.605446,39.84069,0.0,-59.77666,-12.997836,0.0
73.72464,55.319366,0.0,54.184372,68.95664,0.0
-90.652504,54.18372,0.0,23.386856,88.82376,0.0
23.822083,45.12904,0.0,-43.46964,17.796366,0.0
94.958084,-76.14033,0.0,25.614086,-75.1622,0.0
-54.26668,8.587885,0.0,43.434116,85.68173,0.0
-55.99285,-80.11394,0.0,-42.95707,-97.682625,0.0
-93.171486,93.99403,0.0,53.73614,-46.45923,0.0
-85.63656,-74.25317,0.0,-82.55414,-70.72423,0.0
-69.97441,13.338407,0.0,45.461304,7.011635,0.0
-45.013203,-15.33243,0.0,-97.5655,7.750504,0.0
-87.81233,-36.401714,0.0,46.765503,-36.393204,0.0
44.06075,57.577156,0.0,28.603111,51.336597,0.0
-86.8477,62.659267,0.0,-9.835068,87.23466,0.0
-29.446537,-28.238703,0.0,19.02981,-94.00403,0.0
-41.72688,-17.5241,0.0,66.4083,-44.53595,0.0
16.216215,9.648502,0.0,85.89357,-26.584963,0.0
99.39664,-5.2846637,0.0,-37.315903,68.13908,0.0
15.278156,81.33146,0.0,-54.94976,14.54131,0.0
-60.214043,20.337322,0.0,-87.86339,-17.331512,0.0
-32.09293,32.421696,0.0,-59.941406,-6.9599166,0.0
2.36422,-27.316015,0.0,-27.092022,47.21417,0.0
81.46374,48.151188,0.0,-40.68373,-31.709595,0.0
-66.59687,34.400192,0.0,-81.07935,82.55126,0.0
37.815792,61.225613,0.0,-59.259483,78.21467,0.0
-88.29633,-42.809788,0.0,23.11585,60.101078,0.0
-32.41826,-33.2496,0.0,-56.13532,63.70783,0.0
-52.0072,26.958311,0.0,-45.072906,-35.683964,0.0
2.5650113,79.045204,0.0,-81.03006,-30.615477,0.0
73.13966,96.579506,0.0,-30.385506,27.605387,0.0
-68.78291,-28.278452,0.0,-14.019262,-20.898823,0.0
-36.476357,38.584404,0.0,-53.10984,96.22913,0.0
-47.627316,86.615776,0.0,78.91357,-61.63595,0.0
-40.065453,-79.90234,0.0,-34.318176,15.909664,0.0
-55.15564,-67.95678,0.0,-28.787779,-88.07057,0.0
-10.9779415,2.051616,0.0,46.81675,-47.16382,0.0
93.02001,-24.553846,0.0,-58.20357,82.90392,0.0
-31.105818,-33.693737,0.0,25.364704,23.739204,0.0
-34.27962,-45.973156,0.0,-73.73074,46.206806,0.0
77.9716,-9.717221,0.0,5.1796055,99.47949,0.0
51.02672,42.820435,0.0,-86.04928,86.248245,0.0
-52.21394,22.246544,0.0,-45.065742,19.169964,0.0
-91.731285,49.002502,0.0,96.1905,55.679558,0.0
-46.744606,49.80205,0.0,-18.122898,60.18079,0.0
-69.231,13.181684,0.0,14.492272,-76.21199,0.0
95.1686,40.985,0.0,-41.708946,71.536705,0.0
54.000988,-47.88671,0.0,-1.300633,24.573141,0.0
-62.66995,38.072693,0.0,88.48614,91.32124,0.0
66.23259,50.049694,0.0,97.806694,36.029507,0.0
-80.64478,-27.078863,0.0,-50.694424,76.31384,0.0
-11.202306,51.03297,0.0,-27.606298,-85.33476,0.0
2.4339914,-27.971575,0.0,76.79956,-58.60274,0.0
-39.705433,71.94795,0.0,-73.28519,87.87428,0.0
-47.699657,-55.714558,0.0,65.21845,-21.922161,0.0
58.627186,-51.72466,0.0,-30.892101,70.276764,0.0
2.6279044,-97.3031,0.0,74.02563,55.548073,0.0
-98.43311,-95.02757,0.0,51.05503,-85.71187,0.0
78.94826,10.573842,0.0,86.56997,85.290085,0.0
20.523273,-63.579483,0.0,25.282177,-81.28348,0.0
-22.01449,-76.08358,0.0,55.888687,52.221684,0.0
-53.81167,48.700512,0.0,6.3976645,61.806908,0.0
-75.65646,-53.731342,0.0,21.034279,-30.435934,0.0
-48.63196,47.82265,0.0,-16.588165,-72.75109,0.0
32.025948,68.70037,0.0,82.832146,39.828922,0.0
-36.7768,-28.282589,0.0,31.112886,35.963326,0.0
85.84659,52.247963,0.0,-85.13951,15.659377,0.0
-27.564192,-87.004776,0.0,40.11206,29.616314,0.0
16.149757,59.97165,0.0,5.7686796,22.230902,0.0
51.695515,-64.42399,0.0,19.834993,-68.988686,0.0
-34.035973,78.28119,0.0,58.1161,31.646326,0.0
21.464884,-82.28433,0.0,35.37446,-87.18106,0.0
-58.352394,41.386173,0.0,-53.797203,-30.817003,0.0
75.56875,43.188324,0.0,81.751366,67.35776,0.0
-88.728195,59.728798,0.0,49.31717,44.30617,0.0
65.87291,82.707596,0.0,-68.35708,24.153688,0.0
-68.204384,71.404564,0.0,47.513123,97.12843,0.0
51.80106,-79.49681,0.0,-26.143847,86.58498,0.0
-53.531406,-60.323376,0.0,-52.658913,-48.300346,0.0
-71.42508,-29.673674,0.0,-87.56598,15.97698,0.0
69.19386,84.97938,0.0,-93.29208,-10.46024,0.0
32.567635,33.37013,0.0,-12.459652,-97.78734,0.0
-21.830395,45.888157,0.0,74.00578,97.22938,0.0
48.57531,-12.494261,0.0,30.875616,74.7714,0.0
15.702353,-64.207634,0.0,32.739025,98.15242,0.0
-73.142426,-41.212543,0.0,-78.57614,-70.53968,0.0
-61.86267,-8.992735,0.0,90.93451,-9.793038,0.0
-72.69471,-26.231014,0.0,95.93636,57.447742,0.0
-29.936493,-25.63014,0.0,44.815285,-0.003292979,0.0
72.2151,61.311356,0.0,-6.000447,57.95027,0.0
86.95158,23.174364,0.0,37.481564,65.645096,0.0
-77.48712,-14.848505,0.0,94.946014,94.5242,0.0
45.15412,38.160522,0.0,47.69744,12.279643,0.0
-8.815348,70.46956,0.0,64.782425,78.385506,0.0
-63.374714,1.8499997,0.0,-52.694263,-82.96042,0.0
-83.90979,-91.3069,0.0,59.79798,42.43331,0.0
-85.76576,18.103542,0.0,-39.369175,-40.94778,0.0
0.8061807,-74.25654,0.0,-44.867413,-53.150608,0.0
-30.545078,-71.870834,0.0,-50.072758,-90.985466,0.0
29.518871,-1.1968014,0.0,9.209547,46.567646,0.0
-15.229306,-37.996887,0.0,42.892677,74.69627,0.0
84.538704,-3.514729,0.0,-14.905693,7.807854,0.0
84.73314,-83.94194,0.0,50.870056,-22.428959,0.0
-34.90222,80.09421,0.0,-71.965775,-30.926077,0.0
78.29468,-74.40424,0.0,17.293808,20.249025,0.0
-79.24973,32.40044,0.0,55.821777,8.584357,0.0
2.0961607,59.020752,0.0,95.819214,-53.017136,0.0
-64.855034,40.569206,0.0,-55.357643,-32.77481,0.0
39.76411,90.955505,0.0,41.24563,98.782394,0.0
61.90251,-71.23092,0.0,-48.999954,0.63352287,0.0
-83.39342,69.72521,0.0,89.63732,-89.80201,0.0
-34.9718,60.97526,0.0,-74.73903,44.627613,0.0
38.424973,-22.419905,0.0,-12.118892,63.60256,0.0
88.11507,79.68849,0.0,66.20701,-69.96456,0.0
87.96745,-3.1780381,0.0,-16.647882,-91.611084,0.0
31.458145,-41.60643,0.0,22.841042,-29.687325,0.0
-96.80665,-65.67777,0.0,25.38429,-65.8502,0.0
40.13254,-7.498463,0.0,-40.245365,0.37682244,0.0
6.5231156,-20.527859,0.0,33.056488,53.29494,0.0
-67.98954,65.30224,0.0,94.52891,27.443825,0.0
-95.693146,-6.3686934,0.0,8.722479,-97.61894,0.0
-94.01411,-43.27668,0.0,21.438986,-29.069862,0.0
86.749886,36.77329,0.0,6.314434,-93.468185,0.0
23.6476,62.63434,0.0,-46.851254,-68.211525,0.0
11.472314,-82.97117,0.0,52.680157,65.4219,0.0
35.771866,-66.2819,0.0,6.5614433,-34.825626,0.0
-12.626417,-70.81737,0.0,-85.235115,-49.27643,0.0
31.624855,-35.67609,0.0,39.595085,95.98506,0.0
-34.124817,-33.431717,0.0,-83.66274,-38.285637,0.0
7.540888,68.70448,0.0,-36.626015,10.050794,0.0
-73.246506,-39.286068,0.0,-91.71758,-52.75814,0.0
-35.260883,75.61071,0.0,11.681176,60.00162,0.0
-11.497539,-71.34921,0.0,37.00489,-8.867885,0.0
-10.940254,-87.82369,0.0,-51.59167,-51.315327,0.0
-14.641958,-9.0370865,0.0,-58.995243,-87.663055,0.0
-21.122435,-26.513124,0.0,40.65225,98.04464,0.0
-91.32533,-11.323817,0.0,24.157743,-72.848946,0.0
60.99957,-99.8178,0.0,-67.51368,25.722584,0.0
67.132034,82.94006,0.0,-37.39091,31.284224,0.0
67.90354,25.633196,0.0,95.479645,48.54455,0.0
6.175784,73.73449,0.0,55.81745,-42.57757,0.0
-39.38685,27.644878,0.0,-29.998625,85.674515,0.0
63.882957,-52.789093,0.0,-34.977356,33.286377,0.0
71.434006,99.301476,0.0,11.441248,82.57272,0.0
-54.647564,99.45144,0.0,93.96277,-64.899055,0.0
-84.22248,-88.745186,0.0,-1.1942167,62.482296,0.0
45.234432,-79.4175,0.0,-80.02127,-39.321804,0.0
-94.69432,-2.8635375,0.0,-41.361893,82.22053,0.0
32.22922,85.840126,0.0,-84.7267,-97.44918,0.0
-53.326984,41.11028,0.0,1.792048,-22.8714,0.0
-86.432594,91.37339,0.0,-98.48024,30.24842,0.0
57.934475,96.878784,0.0,81.7172,18.658041,0.0
-27.609186,-37.14598,0.0,42.421783,-67.671936,0.0
-80.2764,-16.904943,0.0,8.4223385,-99.73588,0.0
94.08493,47.758507,0.0,-60.479355,-42.965145,0.0
56.73636,52.57991,0.0,-59.82691,-67.48457,0.0
-23.55068,49.1546,0.0,-59.892384,98.86111,0.0
60.69655,85.84561,0.0,-18.979462,81.2222,0.0
-11.651726,-18.202475,0.0,-28.347464,89.62818,0.0
-29.927446,-88.4679,0.0,46.477306,54.440163,0.0
93.667305,-77.23085,0.0,-67.75281,-92.2431,0.0
-99.729164,19.688986,0.0,-70.00071,-55.89244,0.0
-34.233715,-57.613674,0.0,20.641157,76.258484,0.0
94.54255,-1.459202,0.0,-43.043026,-40.240078,0.0
-52.811295,50.465923,0.0,47.440655,-95.55201,0.0
-85.591194,-12.806532,0.0,3.5650163,-92.14155,0.0
75.24852,-33.554466,0.0,29.114056,19.639723,0.0
35.323902,-65.05765,0.0,-84.383675,44.186344,0.0
63.451538,-87.8597,0.0,19.612017,71.074486,0.0
-52.02083,28.007734,0.0,86.10227,69.75946,0.0
-55.58209,12.597493,0.0,60.788807,38.011208,0.0
27.010782,3.8956919,0.0,-78.662224,88.78366,0.0
75.799065,37.545982,0.0,-40.252247,96.88616,0.0
-79.60196,-7.996043,0.0,2.630575,-95.95356,0.0
8.300877,56.746502,0.0,9.02691,-77.988014,0.0
-36.937897,74.54161,0.0,66.65204,12.597139,0.0
-53.743164,-27.803492,0.0,-51.60935,-18.90194,0.0
30.021244,6.9205947,0.0,40.944427,58.578148,0.0
67.595375,51.2397,0.0,2.2487187,-19.160576,0.0
-34.220024,63.192936,0.0,-95.49179,-58.256985,0.0
-84.94555,-85.32785,0.0,-60.832153,-2.9493515,0.0
-30.029057,92.950165,0.0,35.10653,-21.75579,0.0
-1.4438038,-79.434746,0.0,-16.716534,99.79658,0.0
-57.092834,-71.74841,0.0,68.477036,43.38152,0.0
-57.22991,50.900684,0.0,33.89847,1.4740754,0.0
24.761454,-24.646454,0.0,-84.4576,-19.786139,0.0
40.15655,65.88459,0.0,60.535362,-44.669323,0.0
-60.162296,-61.657936,0.0,21.797419,-66.47704,0.0
-33.854713,-81.92815,0.0,-42.308186,-31.7366,0.0
26.331663,-88.2066,0.0,-13.148329,4.6207,0.0
-36.023308,-18.860807,0.0,-67.2022,-2.0259202,0.0
70.86462,-36.757244,0.0,-42.32224,-55.40673,0.0
23.951815,-74.92431,0.0,79.2704,12.431537,0.0
31.529585,29.791372,0.0,-60.512375,85.658356,0.0
55.45354,-80.335236,0.0,-97.74135,-25.068327,0.0
-81.4545,-38.8157,0.0,66.16319,-79.247246,0.0
54.8996,-89.645805,0.0,-67.265465,86.67509,0.0
84.99219,-0.06484413,0.0,-83.96976,37.75962,0.0
5.4253087,72.22389,0.0,77.99015,-28.83826,0.0
20.241695,-27.646412,0.0,-69.16428,37.90853,0.0
-62.718037,1.968695,0.0,92.90189,-60.072998,0.0
42.42741,-28.680767,0.0,-49.103733,-97.42051,0.0
66.63875,21.882507,0.0,41.84444,10.42415,0.0
41.246502,56.530308,0.0,-22.409569,-68.01735,0.0
83.62616,26.458448,0.0,-53.270813,25.095173,0.0
53.677723,-30.066637,0.0,95.54114,-39.640743,0.0
-36.72213,4.626687,0.0,86.6699,25.437178,0.0
-43.49563,-75.92507,0.0,-96.356125,-93.8238,0.0
88.843185,66.94702,0.0,18.745155,-71.38014,0.0
86.606735,-5.7463026,0.0,-80.90946,-96.29238,0.0
-41.366333,82.61359,0.0,-69.22535,92.18166,0.0
22.577377,-67.65361,0.0,-84.69869,-61.050743,0.0
38.73325,93.06891,0.0,-11.221423,-34.671047,0.0
74.19673,12.08652,0.0,-43.42058,-81.87264,0.0
-3.3834465,-34.64905,0.0,14.999678,51.391075,0.0
-17.33548,50.100647,0.0,32.61063,-33.946037,0.0
-26.553905,-65.14203,0.0,-54.395317,60.53851,0.0
34.472195,46.871002,0.0,-40.10116,69.927505,0.0
-45.833366,78.63757,0.0,36.901752,-60.178623,0.0
-36.239056,-13.70592,0.0,16.238443,-62.24878,0.0
35.8599,22.202307,0.0,-31.453424,-85.498436,0.0
10.944027,51.030434,0.0,95.43213,34.87382,0.0
90.11916,-22.610565,0.0,-95.11121,-20.301966,0.0
-22.234957,-99.32269,0.0,-82.25596,42.769367,0.0
-36.296494,-28.966063,0.0,-82.53609,-59.40746,0.0
-54.4753,-58.596294,0.0,-30.50984,99.910095,0.0
66.83619,43.81272,0.0,-9.693658,46.984814,0.0
46.894,16.707773,0.0,-95.32714,-19.680378,0.0
-54.08659,27.087593,0.0,85.359695,-21.944847,0.0
-56.393482,-27.047195,0.0,61.05879,-21.432835,0.0
88.629425,6.370855,0.0,30.439068,-24.667446,0.0
-42.889576,-79.43015,0.0,-11.411094,-83.88004,0.0
-76.502014,47.618355,0.0,91.22846,36.949642,0.0
-4.0704446,-26.373241,0.0,-77.07622,80.53743,0.0
82.18544,64.50744,0.0,89.959984,45.143898,0.0
-99.729195,89.5406,0.0,34.08721,-32.157913,0.0
26.82277,50.45268,0.0,-58.89749,50.2402,0.0
98.01912,13.186393,0.0,-48.07585,-48.573425,0.0
36.495377,91.69342,0.0,-13.658965,-74.61773,0.0
-81.13147,85.104195,0.0,-47.8614,-23.890783,0.0
47.095375,37.87742,0.0,-95.62729,82.13917,0.0
-69.199425,62.161976,0.0,-86.199036,-81.085106,0.0
-7.867603,58.234276,0.0,47.587196,76.938065,0.0
-64.34569,34.805653,0.0,30.657396,-77.828545,0.0
-85.49169,5.199887,0.0,-45.591167,41.16795,0.0
72.82834,5.4058304,0.0,41.167355,-25.387493,0.0
96.48774,-56.863537,0.0,-32.588215,63.106106,0.0
33.48302,-50.246876,0.0,44.4302,97.86611,0.0
6.0280757,-32.358395,0.0,50.71152,-79.567154,0.0
-70.88747,-57.680584,0.0,11.220357,-23.541298,0.0
64.383484,-24.940384,0.0,43.459827,-20.94231,0.0
80.43427,8.4772005,0.0,-59.813908,64.99763,0.0
36.845676,30.53287,0.0,60.60221,-51.65131,0.0
30.018347,-93.23654,0.0,-78.57138,45.86049,0.0
-91.95045,-74.23988,0.0,-70.090385,-45.066227,0.0
23.987244,12.811674,0.0,-83.63559,-77.86544,0.0
31.347927,64.29536,0.0,24.91341,-20.35885,0.0
-68.93357,32.879337,0.0,52.561142,92.342705,0.0
61.171585,-68.48936,0.0,-62.737965,2.9563313,0.0
-9.861258,-76.07808,0.0,36.28105,-97.41796,0.0
-65.12704,-74.63036,0.0,30.728432,-28.509602,0.0
15.729341,-24.661581,0.0,-83.31,13.974672,0.0
-87.248825,-10.890109,0.0,77.89172,80.04361,0.0
40.472317,13.145564,0.0,-85.70708,15.305224,0.0
-36.35343,-65.18639,0.0,97.74441,31.289228,0.0
-75.46391,-61.67166,0.0,13.51432,87.69867,0.0
-38.415077,-71.56052,0.0,50.03018,-69.14139,0.0
-25.578272,59.265785,0.0,-80.265686,-66.71528,0.0
7.1062493,-85.624725,0.0,82.618034,97.38684,0.0
-66.798805,55.390343,0.0,87.23117,-40.74801,0.0
-98.708275,-8.872836,0.0,-19.176594,51.077927,0.0
28.58042,-69.422935,0.0,98.19396,73.94616,0.0
99.48907,18.33769,0.0,-89.35397,-56.418827,0.0
62.907387,24.709906,0.0,-61.803593,-19.040916,0.0
-5.4962068,-28.716673,0.0,-85.20125,49.300217,0.0
-38.49567,44.15405,0.0,-60.807785,-54.006832,0.0
-3.6017253,61.850033,0.0,-89.98985,-64.60656,0.0
-17.395018,-65.37631,0.0,90.05496,99.79402,0.0
83.92089,82.581276,0.0,-0.63948613,-89.75946,0.0
-95.10671,64.00391,0.0,-49.004044,-1.781671,0.0
-41.6953,66.569145,0.0,-54.04261,44.58248,0.0
-7.591914,81.9148,0.0,24.99757,-88.99918,0.0
48.45334,-58.898678,0.0,-58.692818,-33.212147,0.0
4.860926,94.161606,0.0,38.98939,90.509094,0.0
-5.0944753,6.33725,0.0,-94.14553,65.675995,0.0
72.61823,-45.688797,0.0,-84.35822,-13.449488,0.0
95.76389,-4.144499,0.0,96.9478,15.4233,0.0
-35.90179,-19.299118,0.0,79.88065,-95.12477,0.0
-78.388855,50.271805,0.0,72.3123,68.82554,0.0
78.70972,96.722824,0.0,-46.938362,37.69223,0.0
62.70161,-51.648922,0.0,-2.60616,49.643833,0.0
16.63531,-75.6199,0.0,85.1878,67.34567,0.0
99.81387,-38.57686,0.0,-31.684757,-24.418554,0.0
-84.60882,-73.67475,0.0,74.348625,88.47058,0.0
19.809788,70.686806,0.0,-52.750263,-91.34506,0.0
-98.11428,32.171326,0.0,67.779076,-95.044,0.0
41.973675,-72.53956,0.0,-99.25203,55.13869,0.0
78.2214,37.330883,0.0,-9.655672,-81.597206,0.0
32.60746,-33.47425,0.0,63.671906,63.46778,0.0
-34.548553,-28.513298,0.0,15.771949,56.417473,0.0
-33.824356,-87.654106,0.0,-32.121365,-2.6547194,0.0
22.151537,86.26942,0.0,-13.487903,-76.544716,0.0
28.171959,-60.759777,0.0,-62.863037,-39.15726,0.0
89.5737,6.741854,0.0,-22.059023,-63.410427,0.0
-69.025246,24.076149,0.0,74.20084,96.586426,0.0
-14.433502,-31.282286,0.0,-11.23587,19.889868,0.0
-10.319875,-63.479713,0.0,-98.46179,-37.62252,0.0
37.46169,85.42843,0.0,-84.14058,23.07999,0.0
-62.342712,-37.952938,0.0,-21.580757,-66.698715,0.0
-62.79709,-5.9286013,0.0,-19.31212,22.136562,0.0
-59.61663,-32.81898,0.0,-95.04236,-77.34044,0.0
-64.730446,97.75561,0.0,13.558344,-89.93386,0.0
9.6941,-75.14612,0.0,-29.389215,-89.943886,0.0
-81.36461,-86.59534,0.0,-39.62001,-74.436134,0.0
-68.97515,52.865795,0.0,-42.139214,11.450773,0.0
-69.10091,35.357468,0.0,1.6682395,54.208187,0.0
0.7899448,-63.98264,0.0,7.4213085,81.05246,0.0
-19.266891,92.681625,0.0,-62.571796,-38.316162,0.0
19.490635,49.42948,0.0,-72.95121,44.73316,0.0
-6.674609,76.54685,0.0,-97.010994,-28.790806,0.0
8.590381,-69.250175,0.0,-3.753523,-99.48962,0.0
-34.325787,-49.043667,0.0,22.29264,92.41755,0.0
50.523357,62.824917,0.0,49.484463,-53.889492,0.0
-87.95092,29.114737,0.0,-95.45743,87.70104,0.0
-20.867226,93.473145,0.0,59.228077,-71.37245,0.0
-38.187172,-25.915358,0.0,-99.41919,51.406116,0.0
-27.166609,86.91345,0.0,-83.43517,72.61295,0.0
-82.06619,60.065907,0.0,-80.012825,59.679718,0.0
50.82985,8.7276325,0.0,63.3373,-36.71935,0.0
2.7468367,23.85199,0.0,-55.997753,-42.390823,0.0
93.807945,-6.3121114,0.0,42.268494,95.3597,0.0
-41.434254,4.3197145,0.0,15.346165,-33.080635,0.0
-54.927513,32.26997,0.0,-6.249787,-0.120878786,0.0
42.60629,-45.299427,0.0,-75.68253,11.211465,0.0
76.30853,-30.405266,0.0,69.20674,-33.33669,0.0
12.121834,-76.29342,0.0,-70.86465,-83.808815,0.0
47.545033,19.979446,0.0,-57.441998,-73.66801,0.0
-78.456924,92.385185,0.0,-93.96771,16.844736,0.0
41.213375,76.4973,0.0,83.38684,23.827621,0.0
18.858246,17.59474,0.0,9.858869,-70.94054,0.0
-99.99377,-80.90842,0.0,29.296837,94.2253,0.0
-15.085924,82.35079,0.0,-90.565926,56.76954,0.0
-90.77677,2.5346587,0.0,-52.837414,-46.320187,0.0
-64.533936,95.32242,0.0,53.522152,-43.102238,0.0
52.864094,25.28115,0.0,85.885506,-66.78621,0.0
67.35271,24.463646,0.0,-86.77019,82.375984,0.0
32.04557,78.27301,0.0,87.62116,81.91516,0.0
98.02196,55.55832,0.0,-40.812607,-51.038208,0.0
97.69834,55.8616,0.0,54.594315,-26.615574,0.0
58.756725,48.4998,0.0,13.656666,-30.624805,0.0
1.5289171,-96.27542,0.0,68.301765,76.7522,0.0
-75.64218,10.26644,0.0,-47.37018,-43.290558,0.0
26.334631,-96.670815,0.0,11.1616,-91.63455,0.0
29.308485,-89.80406,0.0,-20.30421,72.18839,0.0
-50.740326,72.536385,0.0,-96.50074,-23.451761,0.0
-55.859295,-90.53032,0.0,-51.857513,-30.911278,0.0
13.051703,10.344367,0.0,-25.741583,12.1389675,0.0
96.82714,-79.32066,0.0,-9.940464,9.651116,0.0
93.91871,-39.938168,0.0,24.159676,-99.40945,0.0
93.97387,27.23857,0.0,90.28276,-21.374859,0.0
-21.897621,80.54864,0.0,16.673513,60.5674,0.0
-70.77047,-49.314816,0.0,-53.83758,-44.08997,0.0
-36.368263,78.07384,0.0,13.724745,45.48204,0.0
-54.61019,13.065765,0.0,-58.385593,60.2856,0.0
-63.973274,99.11233,0.0,-60.68614,-58.53067,0.0
-47.703484,61.92162,0.0,-65.27806,17.992353,0.0
-69.75802,-12.518972,0.0,80.11739,-10.146082,0.0
-61.92347,-37.57587,0.0,-40.465485,31.51558,0.0
-87.12538,-90.82003,0.0,-92.070145,-37.06361,0.0
79.247894,5.189897,0.0,-73.8268,89.46099,0.0
13.820835,11.9106045,0.0,32.35425,52.55923,0.0
-63.642715,-67.14371,0.0,51.971054,38.1108,0.0
-56.169926,-3.9822924,0.0,-82.52599,-35.213726,0.0
-88.782936,52.069366,0.0,-90.635864,-35.22644,0.0
-10.009247,-72.810074,0.0,-43.350452,-16.870169,0.0
82.34823,-79.03862,0.0,-32.294033,58.138393,0.0
-40.088142,-19.450445,0.0,-60.239513,-50.479267,0.0
18.587576,7.6079717,0.0,-83.9218,28.890831,0.0
-36.26179,-1.7902664,0.0,57.13809,-20.121153,0.0
-41.472466,45.821102,0.0,-41.633286,-43.286488,0.0
-7.108491,-75.90486,0.0,-35.171192,-39.945255,0.0
-64.041794,-73.83835,0.0,89.43316,44.261276,0.0
15.421931,-67.43792,0.0,-70.12934,0.43938228,0.0
14.957384,-29.339338,0.0,-16.12575,-30.440279,0.0
38.958942,-85.56857,0.0,-45.34044,-37.004417,0.0
-33.200466,-41.84665,0.0,-30.010958,95.05232,0.0
52.716946,-58.33979,0.0,72.11868,80.18281,0.0
-8.64403,-71.784485,0.0,-34.75435,-20.341072,0.0
-68.30535,-61.86422,0.0,-64.91746,-68.92943,0.0
-84.03346,-29.277796,0.0,36.721737,86.32251,0.0
97.65199,-87.61527,0.0,-53.555946,34.489853,0.0
74.89652,-37.950928,0.0,9.1180315,92.45332,0.0
31.010513,28.432068,0.0,66.13203,-86.16649,0.0
-30.50639,43.532215,0.0,-45.280876,-19.209875,0.0
-73.10019,74.10484,0.0,-65.934654,90.167046,0.0
20.511889,-99.16189,0.0,-51.42049,35.79006,0.0
67.5126,19.467222,0.0,-82.80318,-18.932177,0.0
66.551414,28.707962,0.0,18.307724,57.615135,0.0
-55.775032,77.72026,0.0,82.07891,28.759275,0.0
4.215388,-70.24444,0.0,58.949417,32.215027,0.0
48.81873,79.45739,0.0,-69.81906,-81.22554,0.0
-82.39459,6.9437566,0.0,-6.7097178,92.171555,0.0
-86.517075,-58.286194,0.0,71.87232,-75.60511,0.0
13.944642,51.6994,0.0,77.63115,-12.268086,0.0
85.8762,93.61015,0.0,38.71271,-41.740456,0.0
-85.28043,42.259502,0.0,5.3403325,24.852455,0.0
-20.848904,-72.50791,0.0,-90.8731,0.25369352,0.0
-15.653037,-94.77148,0.0,73.5327,13.585747,0.0
-54.01422,24.681522,0.0,96.371826,70.315865,0.0
57.11554,-78.85714,0.0,28.264442,91.83139,0.0
88.44996,44.811543,0.0,-41.10547,77.67474,0.0
-78.10206,-39.64135,0.0,-94.89848,56.467884,0.0
-54.690517,-37.899155,0.0,-27.189247,82.75227,0.0
-54.804905,-69.211426,0.0,11.067737,84.24311,0.0
-34.80536,-67.55084,0.0,33.008804,61.97487,0.0
-31.58768,77.67416,0.0,-33.410435,-46.564594,0.0
-11.642612,-73.50528,0.0,67.60474,65.82123,0.0
-59.019615,-12.013287,0.0,19.00635,73.88594,0.0
-97.73383,11.360662,0.0,-64.6681,-18.091993,0.0
-47.73232,-6.889084,0.0,-56.91587,-1.556328,0.0
13.691817,-62.63012,0.0,-79.84706,-79.04008,0.0
-45.277935,-17.16998,0.0,87.90003,-95.72443,0.0
33.21341,-61.653366,0.0,59.34125,78.68692,0.0
63.956856,-91.88667,0.0,28.951935,-60.773125,0.0
-50.40918,34.853123,0.0,99.49118,-12.348927,0.0
-89.141266,-63.91854,0.0,88.3179,57.233376,0.0
-2.5357938,-84.962105,0.0,27.636662,76.404785,0.0
-76.62189,-6.332061,0.0,39.213253,32.61821,0.0
17.888859,89.20232,0.0,83.32093,23.673582,0.0
6.178967,-64.38502,0.0,85.83543,63.824963,0.0
68.07483,54.813606,0.0,-5.8087263,-36.59273,0.0
6.497117,95.42063,0.0,-34.059395,34.957706,0.0
-0.7568532,-22.558853,0.0,-39.865345,-93.293205,0.0
38.506603,47.84597,0.0,10.295978,95.23195,0.0
73.6632,88.85871,0.0,-67.954475,-48.230366,0.0
1.3155496,59.23051,0.0,-99.90392,85.45852,0.0
67.11667,30.041626,0.0,-38.74533,-67.06466,0.0
36.37083,92.46038,0.0,60.39106,51.394543,0.0
36.192295,-28.160347,0.0,-53.147137,52.666195,0.0
15.614426,91.59587,0.0,0.6145196,-83.41708,0.0
89.10263,-10.815676,0.0,-35.847954,51.664833,0.0
58.143875,14.859465,0.0,-34.105186,62.852043,0.0
-96.495804,-93.33057,0.0,-68.99528,-53.70679,0.0
46.253563,-63.087017,0.0,-80.81096,-33.184795,0.0
-47.72186,-78.56892,0.0,-25.805538,24.999807,0.0
41.80402,40.83269,0.0,98.97549,46.07532,0.0
43.511806,82.43107,0.0,-79.66774,67.920555,0.0
91.32532,-26.896093,0.0,35.929737,8.655857,0.0
-48.707386,-28.93605,0.0,34.798843,-87.48703,0.0
-78.85899,67.62658,0.0,59.614773,85.354904,0.0
82.974,-49.669426,0.0,0.06833621,59.24635,0.0
48.166958,55.123055,0.0,88.34625,-14.427259,0.0
28.892252,-7.6891303,0.0,33.573917,-89.19829,0.0
48.44517,-18.268606,0.0,-0.80376554,12.386453,0.0
35.74942,24.24739,0.0,46.94232,72.737,0.0
-49.42988,53.996326,0.0,87.37265,81.27285,0.0
-32.34495,-44.798164,0.0,83.70536,32.780914,0.0
47.389874,87.48132,0.0,-30.237946,66.10224,0.0
-44.247463,-45.982697,0.0,92.53963,73.939674,0.0
-69.136604,-21.286606,0.0,61.528465,54.122643,0.0
38.64878,-74.499825,0.0,18.387367,59.09105,0.0
89.77469,-75.099525,0.0,-79.25525,89.97546,0.0
80.09809,-61.567448,0.0,-14.507625,89.60056,0.0
70.67468,64.73116,0.0,-58.352863,-72.319115,0.0
-28.417852,-92.388084,0.0,71.66414,-82.719315,0.0
-47.05449,4.8080263,0.0,-85.76063,54.414352,0.0
55.08301,21.217207,0.0,-55.3691,-78.071815,0.0
25.791384,-34.329433,0.0,-57.3366,36.796307,0.0
-41.719833,17.536816,0.0,1.268657,-84.23348,0.0
-33.445576,-70.04285,0.0,52.472473,40.840786,0.0
71.73222,79.176125,0.0,-10.087524,76.47688,0.0
-52.662125,91.63746,0.0,14.826172,19.47163,0.0
58.222836,-23.727879,0.0,88.01865,-76.45136,0.0
-67.07942,83.151024,0.0,91.80026,18.641209,0.0
-76.229485,-97.01,0.0,78.00378,-51.0093,0.0
5.2367835,86.45636,0.0,-54.06089,33.997375,0.0
21.534834,-99.57839,0.0,-31.879286,10.523724,0.0
78.924065,87.354416,0.0,23.599747,-89.44508,0.0
-92.99982,-53.752056,0.0,18.23378,-70.24495,0.0
72.72361,30.61405,0.0,-58.079735,-6.7025723,0.0
-34.42557,-90.0738,0.0,61.236286,64.63352,0.0
-99.56809,30.589481,0.0,24.211792,-11.966999,0.0
-81.09534,-14.83364,0.0,85.036865,-6.034262,0.0
44.406376,13.248881,0.0,-36.88815,15.029785,0.0
76.04576,38.367065,0.0,-85.94225,98.47596,0.0
74.76776,78.76811,0.0,-83.388245,44.10315,0.0
-44.297215,-44.324173,0.0,32.974197,8.628308,0.0
-74.9369,-1.7248868,0.0,-4.0655837,-13.413499,0.0
-58.34109,-87.584595,0.0,-16.219107,87.2465,0.0
-23.346306,84.64585,0.0,-45.397526,42.46805,0.0
55.42262,31.346262,0.0,-65.19776,44.062977,0.0
36.48546,26.059078,0.0,-3.75096,85.65525,0.0
-99.28954,-20.72013,0.0,-58.864296,-67.54637,0.0
8.841298,87.926636,0.0,59.205532,42.36503,0.0
31.729662,24.811579,0.0,26.123636,-90.96229,0.0
97.67014,-92.42241,0.0,-99.86445,-64.47067,0.0
-84.55646,-44.459286,0.0,37.46826,8.540691,0.0
-35.747627,-37.918396,0.0,-58.519592,57.999504,0.0
-26.367138,51.16987,0.0,33.448917,89.806946,0.0
49.55305,-43.67988,0.0,-96.02402,8.244128,0.0
68.43926,96.113045,0.0,-27.19405,59.642677,0.0
-77.16866,-4.6960382,0.0,-27.835575,67.52089,0.0
-63.319523,58.368492,0.0,-28.948708,-73.98079,0.0
-79.596794,10.0260935,0.0,-74.70076,22.35514,0.0
83.88823,-9.891778,0.0,-99.05251,46.7665,0.0
15.83311,54.220257,0.0,-28.319801,-32.791275,0.0
48.043697,-6.5780463,0.0,-91.14426,-78.061134,0.0
77.15863,97.25057,0.0,-76.38262,-35.83052,0.0
-53.93322,10.771966,0.0,33.16995,-9.405539,0.0
71.52585,-20.215624,0.0,79.17902,-51.378777,0.0
91.667984,54.624195,0.0,-17.74181,-76.337715,0.0
29.414698,20.856735,0.0,-33.71225,-5.9449883,0.0
69.72022,-28.882383,0.0,-63.90365,-18.686663,0.0
-43.329033,-71.31252,0.0,-10.36554,-4.6735797,0.0
-72.63301,56.21914,0.0,-58.4354,-88.2796,0.0
-53.197495,29.283129,0.0,-47.9111,-19.445671,0.0
-92.76214,69.86019,0.0,-96.422615,18.436996,0.0
-6.805522,-69.55204,0.0,-86.908264,-12.672419,0.0
-23.54075,11.702193,0.0,-43.105244,-44.375774,0.0
-1.5472988,-33.072853,0.0,91.40043,77.46291,0.0
74.533676,11.495082,0.0,15.468114,-80.71905,0.0
-31.007854,55.244278,0.0,49.651985,-85.302826,0.0
-61.849472,32.189037,0.0,-59.938248,-36.425533,0.0
-94.26115,-31.32436,0.0,60.27582,70.18728,0.0
80.718864,31.149914,0.0,97.153015,-38.225094,0.0
-74.96502,33.075314,0.0,6.5701933,-77.44198,0.0
5.86127,-67.6331,0.0,-0.763396,72.61102,0.0
-93.423386,-93.45313,0.0,66.55477,-24.966751,0.0
-47.829346,97.47664,0.0,-8.893152,-60.730583,0.0
45.75447,41.22977,0.0,59.225548,46.508472,0.0
-98.53732,-9.527865,0.0,-97.1619,15.194756,0.0
-29.21247,10.613407,0.0,5.6377783,11.466175,0.0
97.47944,40.62305,0.0,35.224236,-18.855371,0.0
94.6663,94.14399,0.0,-73.972855,34.23282,0.0
-31.283287,4.760212,0.0,26.530025,0.9575275,0.0
83.85699,67.35438,0.0,-19.062101,-14.924155,0.0
-33.334614,20.313372,0.0,-60.45361,-62.060806,0.0
-30.700047,72.16832,0.0,-89.22263,96.41805,0.0
42.83897,82.68362,0.0,13.114655,-77.63365,0.0
-49.00453,-90.07841,0.0,62.735733,-22.589674,0.0
-72.522545,-30.37382,0.0,-66.83988,-86.47191,0.0
-88.55316,-2.3749697,0.0,-30.569782,72.9098,0.0
-16.286232,-12.854817,0.0,-30.550043,-42.391502,0.0
16.486563,-99.36962,0.0,26.26224,-80.34205,0.0
28.58582,51.87912,0.0,-97.15306,7.1848664,0.0
-37.227863,78.600784,0.0,-6.0651226,60.914284,0.0
-4.4592066,23.893904,0.0,19.291481,49.27566,0.0
-74.23739,71.06289,0.0,17.483036,77.81848,0.0
-60.656807,-87.76544,0.0,47.945164,23.715721,0.0
53.473442,40.380367,0.0,-75.9435,15.342787,0.0
38.616093,28.414413,0.0,-95.00342,-61.86427,0.0
-70.22954,88.48687,0.0,-26.154934,-86.88627,0.0
56.463066,56.436607,0.0,83.50446,90.053665,0.0
-61.174248,7.3215027,0.0,86.96441,66.99135,0.0
-94.83955,84.115105,0.0,24.772234,78.42664,0.0
94.136894,45.47119,0.0,30.09146,9.279155,0.0
-59.297047,50.046597,0.0,49.61886,-48.661774,0.0
84.30625,94.82298,0.0,-87.552734,84.5696,0.0
-56.542046,61.95768,0.0,16.835337,-88.591095,0.0
-9.261203,14.298901,0.0,61.2882,29.577942,0.0
-48.675575,70.10174,0.0,-91.50124,-42.24444,0.0
-39.408775,64.50872,0.0,73.52599,39.000885,0.0
-5.707202,71.396194,0.0,-81.72391,-97.15045,0.0
60.660835,94.546936,0.0,-33.808414,33.806202,0.0
-32.540123,92.468475,0.0,80.17649,93.64673,0.0
-43.43875,-21.413324,0.0,-99.52869,-58.65134,0.0
99.62395,1.0474557,0.0,30.872553,30.084415,0.0
18.892553,8.663343,0.0,-56.63571,-18.159988,0.0
-31.10443,13.298841,0.0,-89.24847,92.57495,0.0
77.33011,14.460928,0.0,35.14545,6.4630203,0.0
28.150251,8.688746,0.0,-31.856249,-6.672586,0.0
-58.79716,24.846947,0.0,-12.727844,-81.097755,0.0
18.971457,-24.529707,0.0,-47.78777,76.98445,0.0
6.5408177,74.40658,0.0,50.071655,-47.847942,0.0
46.89873,38.518635,0.0,26.146645,3.4505873,0.0
87.47986,-97.93932,0.0,-17.476063,85.349556,0.0
-61.61242,-91.46091,0.0,75.34853,-11.005642,0.0
34.78442,-60.158794,0.0,-26.079206,-62.97211,0.0
77.581604,52.991295,0.0,-64.26722,-3.6525178,0.0
75.7068,2.4340591,0.0,45.521313,-57.71351,0.0
99.38907,88.46314,0.0,-87.360825,-38.595592,0.0
78.58877,67.625114,0.0,41.19395,45.888252,0.0
99.55472,-27.746702,0.0,45.694664,35.720978,0.0
87.70051,66.937775,0.0,-20.114998,87.035995,0.0
8.577328,79.28473,0.0,-39.45283,13.644695,0.0
32.237564,-54.205173,0.0,62.7925,-34.72712,0.0
95.99638,1.9398943,0.0,77.01655,-50.376568,0.0
39.3876,-52.045654,0.0,67.07937,66.80225,0.0
-24.22391,24.328297,0.0,-75.34242,20.450378,0.0
41.07947,-61.75456,0.0,-11.96428,-96.76766,0.0
52.68273,-83.43541,0.0,61.88328,-47.71348,0.0
88.97941,-43.22541,0.0,-28.994543,76.84735,0.0
-47.508728,-95.75101,0.0,29.004923,21.70508,0.0
63.72941,-50.378384,0.0,-38.269505,69.06723,0.0
78.18424,97.942184,0.0,-73.245705,-69.43829,0.0
15.599751,60.563507,0.0,92.04076,-19.237274,0.0
-68.74413,-1.4597086,0.0,62.226646,-79.35348,0.0
-35.963745,-17.813118,0.0,87.64232,61.827805,0.0
90.64736,-87.12632,0.0,-94.25457,-64.99401,0.0
49.55099,-59.610153,0.0,89.07905,-52.046932,0.0
-54.832436,-35.422127,0.0,-98.14746,-36.85417,0.0
64.06211,-86.93159,0.0,96.89664,59.104053,0.0
-11.965483,-78.68503,0.0,97.22512,53.250477,0.0
43.29684,-18.093609,0.0,-60.419914,-97.10212,0.0
70.12091,16.057695,0.0,72.648766,71.37464,0.0
66.6162,23.448317,0.0,-49.389988,77.53893,0.0
-3.700774,-71.3834,0.0,-95.168076,41.645267,0.0
59.43806,68.70631,0.0,38.17962,-27.665741,0.0
-49.489983,-95.93843,0.0,77.99263,-73.44135,0.0
34.450832,3.9158978,0.0,48.956364,-31.05658,0.0
-68.153366,50.257355,0.0,97.38899,-74.71442,0.0
78.35541,-43.211964,0.0,-33.305782,49.719494,0.0
-78.41194,-66.028786,0.0,-6.843462,-22.78317,0.0
-54.91431,-42.672546,0.0,32.504284,-12.829802,0.0
8.877656,62.022076,0.0,-99.2089,-16.935541,0.0
38.65201,34.254234,0.0,52.951294,-67.50267,0.0
30.73939,37.908947,0.0,25.267574,-4.1537,0.0
-37.66316,-98.58573,0.0,-56.18827,-72.48384,0.0
21.832767,83.39982,0.0,25.620274,-94.89687,0.0
-74.65414,78.87946,0.0,15.295443,50.583565,0.0
-60.8016,24.24937,0.0,89.9189,-20.760387,0.0
-28.930506,-27.760803,0.0,68.782974,-94.16036,0.0
-68.34339,37.623528,0.0,-74.36239,-14.928703,0.0
64.10622,53.25713,0.0,59.398624,-46.69066,0.0
25.962029,85.74721,0.0,32.577965,30.556368,0.0
49.79788,-30.752483,0.0,41.7156,51.6676,0.0
38.10936,-82.067,0.0,71.57663,-90.802505,0.0
-98.28622,-41.23148,0.0,69.955315,-31.93408,0.0
-75.32027,33.376087,0.0,10.945311,88.00163,0.0
-86.44072,44.71614,0.0,61.194027,-42.10042,0.0
68.6157,-89.700264,0.0,-65.835976,-79.58401,0.0
-99.44281,-62.89825,0.0,-75.83013,96.91714,0.0
-15.834481,82.04321,0.0,5.097055,-36.97916,0.0
-96.87406,13.021087,0.0,90.81778,67.46542,0.0
-32.3543,-69.109726,0.0,98.79401,38.274845,0.0
8.0900955,54.341446,0.0,99.36642,-94.77945,0.0
65.22838,-27.77933,0.0,54.72344,9.5536175,0.0
-58.067574,-49.716915,0.0,33.29408,15.980879,0.0
61.235897,56.372715,0.0,-67.91316,-90.37152,0.0
30.912264,87.28015,0.0,62.14014,44.510983,0.0
-87.726776,-84.45214,0.0,76.64287,22.127037,0.0
-89.8144,5.6317534,0.0,25.759304,-63.265404,0.0
32.128838,45.193317,0.0,-87.09368,-69.04497,0.0
-1.9166895,71.15965,0.0,-53.399837,-15.233092,0.0
-49.237984,58.82445,0.0,-41.21844,15.493202,0.0
-71.57678,64.05311,0.0,-33.019318,75.59958,0.0
62.26037,29.511377,0.0,51.28686,-23.643648,0.0
48.3878,86.54094,0.0,75.82155,9.899771,0.0
-76.69921,62.78057,0.0,-11.989606,-66.35689,0.0
74.48378,-21.110983,0.0,93.635124,-19.600998,0.0
61.67106,-96.383286,0.0,-2.822664,-82.28979,0.0
-83.793106,-39.562267,0.0,49.509045,-3.1131656,0.0
30.271685,-11.84447,0.0,-20.429068,-26.989748,0.0
47.29123,-83.66359,0.0,70.234344,-37.916275,0.0
-62.200268,-93.82125,0.0,-75.48633,-27.053816,0.0
-68.25945,41.7218,0.0,91.707985,-52.611294,0.0
-43.21652,-51.400482,0.0,-50.29014,-24.258726,0.0
-15.805788,68.9481,0.0,85.13503,-84.56678,0.0
69.89575,46.879562,0.0,-95.41171,8.738575,0.0
-64.5189,-11.48017,0.0,-78.07576,93.118355,0.0
-42.20153,12.154826,0.0,69.00151,-48.062496,0.0
72.313065,90.65949,0.0,-40.143192,58.96358,0.0
-34.170532,-60.184353,0.0,-58.84977,85.23101,0.0
-4.404878,-17.678371,0.0,-52.47127,80.72928,0.0
-66.972466,81.994156,0.0,-5.122695,-87.21498,0.0
56.96019,54.30723,0.0,-90.57966,5.616901,0.0
-13.931393,2.8979092,0.0,-12.016887,5.4141774,0.0
-31.292717,-11.120127,0.0,-28.21162,49.18473,0.0
82.39771,85.02774,0.0,68.349,99.985435,0.0
36.939587,79.590485,0.0,-28.560009,59.56319,0.0
-9.988123,-5.5750723,0.0,-86.08071,40.80766,0.0
29.136028,19.913656,0.0,-79.45069,-14.266377,0.0
-79.22141,-88.109055,0.0,73.876595,-57.809948,0.0
48.600975,12.172552,0.0,45.643154,92.85108,0.0
-49.96742,30.368446,0.0,-86.34971,-53.812344,0.0
91.47531,-35.29171,0.0,23.330685,91.68667,0.0
-83.734116,-82.676704,0.0,37.702015,19.557291,0.0
58.698338,-72.80301,0.0,-88.52359,44.51676,0.0
94.588104,48.826145,0.0,-8.277143,56.94555,0.0
74.70827,-81.00799,0.0,43.34106,-46.719772,0.0
48.518543,2.1339412,0.0,22.095198,62.65375,0.0
64.61486,12.161513,0.0,87.24554,-66.0214,0.0
-28.497953,-81.30176,0.0,-82.31198,-24.339794,0.0
29.874369,45.128098,0.0,-91.88031,85.17554,0.0
-27.780075,70.44284,0.0,79.4077,80.34833,0.0
13.671171,-80.11085,0.0,-22.937729,11.042668,0.0
90.74073,28.422043,0.0,-40.36993,-74.70715,0.0
-73.83376,31.542072,0.0,-17.99124,4.743459,0.0
-80.67666,29.657145,0.0,60.829266,-75.90451,0.0
60.14622,89.07286,0.0,49.60901,-65.23054,0.0
-79.643715,-90.67245,0.0,32.08315,-70.23248,0.0
-88.816765,95.54156,0.0,-45.882183,-57.959713,0.0
-8.80792,13.514548,0.0,-13.047784,-14.724776,0.0
27.293468,-12.103962,0.0,63.868237,43.824146,0.0
-34.757282,-53.122845,0.0,12.336172,-84.62619,0.0
62.580116,80.742485,0.0,-94.07208,-71.932724,0.0
39.162704,-56.80015,0.0,93.857,61.616722,0.0
-87.32235,78.59596,0.0,-74.7289,25.868172,0.0
42.481434,-88.608795,0.0,-22.62848,-74.659966,0.0
-94.54609,55.450558,0.0,-67.4542,76.522285,0.0
53.04507,60.19804,0.0,-36.955673,94.319824,0.0
-68.67744,94.95202,0.0,96.28429,-80.52465,0.0
-47.95868,-59.195427,0.0,-63.309483,89.338646,0.0
48.794495,83.331535,0.0,-64.42994,-63.38452,0.0
-69.9818,-56.66864,0.0,43.689014,70.30206,0.0
-17.050905,-25.517614,0.0,-65.77754,-80.38361,0.0
-73.312195,-16.337692,0.0,-26.260426,-99.167114,0.0
63.46203,-70.49673,0.0,70.213776,-31.469566,0.0
-57.68864,95.582146,0.0,4.2994394,-28.050291,0.0
-18.52728,-10.24322,0.0,-92.175644,19.794012,0.0
-40.214558,14.987244,0.0,-89.34136,-94.87287,0.0
47.832367,-57.43346,0.0,-20.914896,60.413864,0.0
-21.415705,-91.86842,0.0,97.3242,-93.62917,0.0
-85.92803,83.09196,0.0,-79.76415,-19.572275,0.0
-55.717007,77.04477,0.0,-59.13214,43.52812,0.0
82.92545,-87.70774,0.0,97.609886,-94.89776,0.0
-27.138697,-86.65222,0.0,-23.119532,10.233574,0.0
-61.22472,46.67679,0.0,0.3786086,49.19336,0.0
-47.353554,-98.22727,0.0,44.249645,-23.829319,0.0
76.03756,-13.532276,0.0,-77.41286,53.57322,0.0
-88.73361,22.611797,0.0,-56.983578,-11.259643,0.0
-68.97985,-99.154755,0.0,52.032764,-87.39729,0.0
69.179825,9.995064,0.0,84.53329,20.416702,0.0
55.321304,-91.413315,0.0,36.400593,-94.7495,0.0
99.5093,-82.763466,0.0,92.50587,-11.093354,0.0
98.895515,3.6008906,0.0,-81.34756,-66.69523,0.0
91.66571,61.916447,0.0,87.99057,-43.69781,0.0
-16.981926,50.04482,0.0,37.221313,-77.44157,0.0
-24.58163,-34.10729,0.0,-30.600061,-16.860716,0.0
-67.587204,-41.831642,0.0,23.355408,-87.65416,0.0
3.7518656,52.36687,0.0,-38.928326,-82.13245,0.0
-42.41245,77.86094,0.0,76.14971,51.531525,0.0
15.896933,-76.582245,0.0,-41.987343,-1.583543,0.0
90.3779,-20.68445,0.0,-74.137184,82.83978,0.0
35.380154,69.48872,0.0,-71.62107,-68.954094,0.0
-55.951004,72.1831,0.0,-15.246357,-88.5021,0.0
50.73501,21.639717,0.0,80.52131,59.842552,0.0
18.730362,-29.171988,0.0,-58.68319,79.62916,0.0
77.90644,36.858807,0.0,-88.299805,19.731262,0.0
-89.201164,-21.285086,0.0,-47.811977,-65.703384,0.0
80.30087,52.105545,0.0,-31.650139,45.47316,0.0
29.623928,90.14397,0.0,52.423122,-64.35682,0.0
82.88534,-55.27084,0.0,-96.65225,27.148872,0.0
-47.17898,-13.982018,0.0,-29.51744,48.74686,0.0
75.04988,59.280674,0.0,96.65088,22.234371,0.0
-96.94189,95.37031,0.0,-51.23681,-34.855564,0.0
75.47245,-43.0624,0.0,62.69722,96.4925,0.0
89.03772,-37.25295,0.0,-11.482195,-77.072014,0.0
-86.25331,82.27331,0.0,-25.730068,-87.076744,0.0
-9.1400175,68.64635,0.0,-11.712389,-17.700588,0.0
-92.126274,43.09111,0.0,-38.017715,61.650352,0.0
-73.26087,87.0789,0.0,50.284664,88.26687,0.0
-61.73939,68.32148,0.0,-52.042953,-23.573244,0.0
-98.08406,-31.56839,0.0,-78.702576,-98.37399,0.0
-54.70215,-50.44318,0.0,99.954704,-51.22638,0.0
3.6813192,11.857783,0.0,26.881508,94.55133,0.0
57.081196,30.55608,0.0,-23.225548,97.3066,0.0
70.187614,13.786545,0.0,-69.04645,72.1754,0.0
-15.606713,-81.370445,0.0,-98.2397,-34.55915,0.0
23.518559,50.078533,0.0,1.583495,86.580376,0.0
-51.249256,31.48725,0.0,24.74702,54.504128,0.0
5.977246,81.21612,0.0,41.376183,-69.95253,0.0
-23.443054,-87.40474,0.0,21.627775,23.981684,0.0
-74.87324,-29.1573,0.0,74.11294,-41.534958,0.0
-32.626118,3.0499232,0.0,-67.64782,92.460526,0.0
-70.50333,87.94175,0.0,13.625934,13.947159,0.0
-80.39067,81.42332,0.0,2.5699344,82.077515,0.0
7.0631447,64.84059,0.0,-46.80528,-27.368374,0.0
25.705734,-68.84435,0.0,-84.048004,-59.89401,0.0
-16.571993,67.07466,0.0,-29.05137,84.0275,0.0
-90.70636,-31.935926,0.0,53.68016,38.179287,0.0
-49.488293,45.490612,0.0,-64.43595,-44.816616,0.0
-70.433044,20.047516,0.0,19.765139,-28.983318,0.0
79.091644,97.85606,0.0,-49.46329,47.960773,0.0
77.51812,-42.30232,0.0,-33.75474,-56.404564,0.0
85.33653,6.1781197,0.0,-80.307335,-81.54358,0.0
6.453821,18.88923,0.0,40.032135,-65.57808,0.0
-81.60604,11.6170435,0.0,48.671745,-60.817783,0.0
58.717316,77.03632,0.0,-48.95458,2.4080148,0.0
61.038708,26.552038,0.0,49.593468,-51.205177,0.0
-24.59013,-70.35951,0.0,58.148094,51.29119,0.0
-56.804592,-28.450815,0.0,52.98676,86.466896,0.0
33.628716,39.108788,0.0,-41.11392,-41.280296,0.0
-51.290764,-74.40474,0.0,-42.394608,4.768302,0.0
-67.79943,82.80484,0.0,-53.319748,98.70074,0.0
-62.10223,-27.374796,0.0,-49.389973,-37.93061,0.0
-88.71154,-96.44778,0.0,66.33503,20.335749,0.0
-34.29506,70.09173,0.0,-50.191544,-18.160025,0.0
56.06769,-70.93437,0.0,-54.427383,-52.81863,0.0
53.415863,-62.43437,0.0,47.390575,75.71554,0.0
-84.51575,-81.04233,0.0,66.38105,6.8031178,0.0
-89.9312,92.80246,0.0,-5.676668,54.524754,0.0
-35.892765,48.883854,0.0,94.24397,-12.393271,0.0
54.35937,-95.64386,0.0,-86.74781,89.17943,0.0
6.180636,65.07384,0.0,-51.022297,-5.763591,0.0
-2.2538707,-76.49321,0.0,-31.07207,-75.75107,0.0
29.017561,98.21537,0.0,-48.323414,54.314697,0.0
0.50952375,69.68355,0.0,-95.91968,20.897799,0.0
96.37315,-76.99623,0.0,61.966,22.919954,0.0
72.74866,38.045868,0.0,31.630938,-55.831924,0.0
-16.55189,-12.81111,0.0,88.10254,-98.52193,0.0
-50.62595,69.49737,0.0,-26.679367,16.32274,0.0
23.37543,-74.07734,0.0,-90.95129,-91.90906,0.0
-29.28742,-34.775852,0.0,-51.30539,51.975285,0.0
89.05629,40.584988,0.0,-69.95858,-99.627594,0.0
13.551655,91.480194,0.0,-91.034195,5.4208055,0.0
-53.266575,0.72396106,0.0,73.37285,25.758524,0.0
71.27481,-37.996727,0.0,-21.449965,-28.688757,0.0
-43.744312,3.201055,0.0,47.00276,-81.06912,0.0
82.32317,-28.324251,0.0,-40.35349,-16.690857,0.0
-85.48085,-13.279442,0.0,-28.242542,94.97936,0.0
-60.4339,-52.06724,0.0,-86.980515,-55.960217,0.0
9.988016,-62.432957,0.0,71.21487,15.586768,0.0
-93.09004,-19.542343,0.0,-42.471058,-47.24783,0.0
-73.443016,21.174913,0.0,-72.334076,-94.59033,0.0
39.51851,55.54455,0.0,65.47661,-66.87154,0.0
88.66937,-33.56269,0.0,-82.28713,-31.267336,0.0
-64.25678,87.606895,0.0,-39.965225,-60.07185,0.0
2.0233135,9.933683,0.0,1.4847558,20.77368,0.0
55.789703,42.277775,0.0,81.103386,-58.111435,0.0
-3.3125007,-89.33891,0.0,13.500111,18.063007,0.0
-11.398567,58.579765,0.0,10.360814,-90.58701,0.0
-30.035137,90.114136,0.0,-73.592804,-14.751616,0.0
44.302357,-82.37469,0.0,69.2636,46.46016,0.0
74.4378,22.32769,0.0,-53.031784,8.15222,0.0
96.25807,-59.105656,0.0,87.893,-93.23629,0.0
-17.414501,78.84399,0.0,38.982075,-66.69033,0.0
69.58573,-55.706905,0.0,92.65615,-5.887101,0.0
36.864513,-19.16912,0.0,-51.614647,-11.553785,0.0
-6.4839745,76.10347,0.0,-62.433823,13.1821,0.0
1.4188181,-81.51892,0.0,-43.28031,-0.026431061,0.0
-15.160422,-15.07115,0.0,-74.816505,-27.835009,0.0
80.38275,-35.643284,0.0,-84.342735,-89.145515,0.0
65.298996,74.20844,0.0,-3.7399633,77.51774,0.0
97.2298,-90.627655,0.0,72.41091,-86.616,0.0
78.504654,-11.323997,0.0,-52.513306,2.4727561,0.0
-35.73308,-55.389675,0.0,65.15323,12.701565,0.0
6.603008,57.96892,0.0,71.56758,20.014618,0.0
-92.93389,-72.889656,0.0,67.36584,-31.768978,0.0
-84.58567,-55.292027,0.0,93.4754,11.963936,0.0
17.46848,-66.5347,0.0,-65.50452,99.835266,0.0
33.584583,-71.03775,0.0,-17.320728,-35.962376,0.0
-32.794834,-60.999855,0.0,-45.54059,11.111415,0.0
23.198336,24.872244,0.0,-64.01105,16.261385,0.0
-22.499107,13.126025,0.0,15.092134,58.481186,0.0
-69.874275,-3.3788438,0.0,-57.365658,-52.412785,0.0
-72.72571,-97.091064,0.0,-29.882488,17.983532,0.0
-87.023605,-28.707655,0.0,60.690937,-74.148254,0.0
93.62399,44.538914,0.0,-84.69606,75.59818,0.0
-70.3244,81.9663,0.0,-18.60552,-17.375444,0.0
-67.73277,-61.87518,0.0,9.543291,16.029205,0.0
86.93903,-29.917257,0.0,-76.02735,69.38269,0.0
20.685894,46.47119,0.0,98.75345,-76.524376,0.0
43.53846,-71.36874,0.0,-34.19748,-11.594477,0.0
-0.4439365,-89.259995,0.0,-90.47818,4.390487,0.0
-69.98824,99.84927,0.0,-18.131266,-26.054188,0.0
58.732506,-57.335728,0.0,-44.294777,16.454107,0.0
-50.473278,-81.715164,0.0,17.236767,61.66398,0.0
-48.346897,-7.323597,0.0,20.103662,21.320303,0.0
67.91776,96.73161,0.0,-23.388481,-72.37807,0.0
-1.1439462,64.61332,0.0,-44.816746,-32.05123,0.0
-34.48464,-22.281605,0.0,-2.3826942,-60.299618,0.0
-26.297903,78.25558,0.0,97.8566,5.119164,0.0
65.03248,-89.87171,0.0,-32.68588,-22.432869,0.0
-97.53885,62.55819,0.0,75.367294,71.18739,0.0
-60.924515,58.19726,0.0,76.29077,46.29533,0.0
41.724735,-70.50716,0.0,-80.008804,-9.450819,0.0
-60.107506,-27.741373,0.0,17.816496,80.07018,0.0
-64.93207,-66.99763,0.0,-22.788548,57.22844,0.0
-84.11171,-85.928696,0.0,-25.4122,-84.61462,0.0
-63.364628,-84.58946,0.0,36.780758,-93.951355,0.0
87.45234,88.40385,0.0,64.21848,47.122913,0.0
-10.726375,-15.8513365,0.0,-30.887016,-9.197581,0.0
-84.457504,39.921154,0.0,73.02416,61.488396,0.0
-5.3501134,-26.94281,0.0,32.171925,-45.051655,0.0
35.60325,17.236197,0.0,39.503925,70.94776,0.0
-73.02287,61.65502,0.0,-74.00501,16.4977,0.0
-83.993385,-40.215527,0.0,94.746956,-74.78429,0.0
-39.814537,88.419975,0.0,60.397034,40.496613,0.0
-54.542007,-59.986763,0.0,-74.28915,-25.77948,0.0
74.962906,84.29453,0.0,3.4847302,53.176914,0.0
-61.20923,-37.312347,0.0,62.502827,42.90065,0.0
44.22348,29.540487,0.0,-67.8281,-61.172375,0.0
88.37645,-67.57999,0.0,-84.25451,8.0890875,0.0
-85.299225,11.139222,0.0,-94.321465,46.12665,0.0
-89.40812,-4.5599504,0.0,-56.56677,7.7126794,0.0
-80.605286,95.83129,0.0,4.0818386,68.28444,0.0
-78.16373,-59.515038,0.0,85.384346,1.5132825,0.0
-40.803257,-76.44623,0.0,-12.164316,5.0125093,0.0
73.94618,-87.463936,0.0,44.43996,-50.001205,0.0
-62.7911,-93.116,0.0,-51.17921,76.73364,0.0
-95.895164,31.921476,0.0,-42.324604,-44.15035,0.0
-67.37918,83.0933,0.0,0.18530227,-31.326921,0.0
43.777325,19.87911,0.0,-15.386366,-22.258612,0.0
12.097384,-20.242857,0.0,-72.615135,13.529326,0.0
-59.533363,-21.34168,0.0,-9.382372,57.5443,0.0
-46.565006,-78.802284,0.0,-0.8149114,54.096085,0.0
-0.44823986,-91.95835,0.0,-26.581295,54.142525,0.0
-57.748703,-67.612724,0.0,-30.839697,-55.78276,0.0
5.3811426,48.17849,0.0,2.6859825,-88.20596,0.0
-43.110558,-35.40955,0.0,-32.306232,-85.99978,0.0
34.8144,23.265295,0.0,69.31851,70.97608,0.0
-45.222797,-31.256865,0.0,-75.687126,95.52453,0.0
30.672884,-10.343564,0.0,-78.35058,-9.2425585,0.0
6.8189383,91.4733,0.0,-86.87114,17.27133,0.0
-6.9378824,-36.8789,0.0,53.4373,-98.457504,0.0
3.7805467,-65.8975,0.0,-8.105121,-99.3925,0.0
72.45726,-74.51807,0.0,-29.30022,-25.719389,0.0
-32.536568,72.54278,0.0,-81.06254,-22.974337,0.0
88.34551,-12.146877,0.0,-65.343834,57.30902,0.0
-9.336887,65.85467,0.0,93.46505,-50.48529,0.0
-86.195656,-39.223114,0.0,-50.88079,-56.643112,0.0
12.542311,-80.0538,0.0,84.391136,-71.84591,0.0
-35.746223,39.594643,0.0,-32.217472,-59.737732,0.0
-3.9356165,-69.32612,0.0,71.58199,-48.183002,0.0
-98.33247,-97.42099,0.0,-77.44408,60.50507,0.0
42.4153,-43.193512,0.0,84.51921,-56.411354,0.0
64.0305,-34.188103,0.0,-90.87892,-98.34177,0.0
5.922375,49.536087,0.0,86.47584,79.16554,0.0
-72.32568,96.5479,0.0,-50.00542,-85.32719,0.0
-82.64007,96.435165,0.0,-8.438776,-21.390522,0.0
79.31955,7.8588805,0.0,51.770035,-81.32802,0.0
-43.19352,20.277061,0.0,-39.133244,-8.490827,0.0
19.795696,-77.0134,0.0,-81.228546,81.92537,0.0
-34.073406,-51.896294,0.0,-46.776344,89.58767,0.0
24.378014,96.27017,0.0,20.068367,-90.1857,0.0
-21.156134,-74.110664,0.0,-69.9719,-80.72683,0.0
88.53948,18.757816,0.0,-53.247913,-62.545647,0.0
-64.29885,44.995575,0.0,-30.476748,-86.81972,0.0
83.32547,68.8462,0.0,-16.722101,-89.77624,0.0
-5.2573347,-11.552953,0.0,55.298412,-66.86266,0.0
-61.761414,-71.00518,0.0,34.95983,62.01875,0.0
99.30434,55.36139,0.0,3.1327353,-20.930395,0.0
85.69416,-20.162504,0.0,-8.432869,21.173262,0.0
-45.894676,39.273605,0.0,5.6646833,-63.806133,0.0
-53.575012,-20.95339,0.0,-84.635345,-7.3025413,0.0
93.170204,-96.22824,0.0,22.2809,23.478655,0.0
-76.25607,-78.30004,0.0,-97.63972,21.51727,0.0
73.19703,-49.96177,0.0,19.311615,-20.28365,0.0
-69.98061,0.5939409,0.0,-16.597677,62.032696,0.0
-71.69281,64.958755,0.0,-85.19227,-31.920383,0.0
35.292645,76.08261,0.0,-74.6438,47.009167,0.0
-78.36218,5.204679,0.0,-35.989555,-45.68255,0.0
92.06257,-45.34429,0.0,32.00199,75.79275,0.0
-93.65192,85.835,0.0,87.99423,91.63,0.0
-93.92345,39.2793,0.0,-8.311636,72.94181,0.0
25.278534,-60.89035,0.0,17.6852,-88.681335,0.0
-17.853264,-60.963432,0.0,76.562706,20.873337,0.0
-96.394196,-79.53356,0.0,-17.900255,86.63857,0.0
41.947437,98.54746,0.0,47.35212,-96.65778,0.0
-17.968388,-18.270561,0.0,80.281456,-84.1294,0.0
-30.443205,-36.284897,0.0,-59.43412,-14.063517,0.0
89.33034,-72.930855,0.0,39.24514,-35.671112,0.0
45.164387,-1.7509636,0.0,59.608513,48.080193,0.0
-6.9192686,51.210567,0.0,62.851402,-27.777164,0.0
-83.40701,88.83237,0.0,-25.887129,54.48297,0.0
-56.146633,-98.34486,0.0,78.14307,-33.831158,0.0
80.28229,83.457794,0.0,13.990994,64.41662,0.0
-8.28687,71.93914,0.0,-46.173344,97.14731,0.0
-84.2344,0.13761275,0.0,42.76845,-89.354546,0.0
82.992256,-72.51151,0.0,0.63162583,-81.42594,0.0
3.6425653,-34.955544,0.0,26.676962,84.97577,0.0
-89.406715,-25.276443,0.0,44.29312,-34.608315,0.0
86.29987,-44.068817,0.0,94.62288,27.857569,0.0
20.133873,-88.57828,0.0,-17.55754,23.593689,0.0
-61.20514,-19.679665,0.0,-71.48363,-73.31527,0.0
27.223684,-10.337174,0.0,-96.57708,-87.909546,0.0
-64.59763,-46.31401,0.0,-42.15279,-77.38462,0.0
68.397125,-68.82301,0.0,-34.016914,18.24152,0.0
83.68956,75.39764,0.0,-68.67514,9.920894,0.0
-6.827593,24.59009,0.0,7.382709,-93.1659,0.0
-88.18066,-42.226715,0.0,-82.77473,7.9666142,0.0
-21.453833,-62.490353,0.0,-99.520874,-81.72993,0.0
24.900412,-95.61021,0.0,34.454384,26.192999,0.0
34.77338,-54.488335,0.0,-83.71046,21.53844,0.0
-79.18371,-41.039474,0.0,30.456902,70.077736,0.0
-62.165108,-95.90542,0.0,14.994599,19.248856,0.0
98.30734,29.637558,0.0,74.98429,56.849064,0.0
87.27051,-96.29508,0.0,-12.444548,-95.6746,0.0
-30.187244,-68.02823,0.0,-98.482285,11.648501,0.0
-35.13993,-10.108182,0.0,49.80232,-21.762842,0.0
58.732372,-50.812542,0.0,-74.8338,94.88565,0.0
-80.94684,-57.533302,0.0,-94.85093,23.45412,0.0
88.98359,-65.028015,0.0,-82.71252,83.35371,0.0
-77.22962,88.822495,0.0,95.51415,-89.24727,0.0
-61.002304,-42.393166,0.0,-25.037128,63.706993,0.0
-78.96611,-7.8430753,0.0,80.1381,54.226128,0.0
-39.424038,-81.678764,0.0,39.069214,23.192331,0.0
85.42475,93.98531,0.0,14.252093,-71.39977,0.0
6.3191776,-97.58369,0.0,-33.034473,65.6648,0.0
-83.281105,-36.696472,0.0,55.116894,-53.486443,0.0
14.998546,19.810339,0.0,93.10813,72.754684,0.0
-84.47046,90.40447,0.0,70.80274,-84.89403,0.0
36.180054,19.266035,0.0,52.097446,-97.391785,0.0
2.1840396,-89.69766,0.0,84.497444,-40.438946,0.0
0.042413577,95.096344,0.0,-19.075624,19.026272,0.0
-68.9259,36.67654,0.0,59.380543,-90.525055,0.0
-82.73666,-13.044245,0.0,46.326523,1.0857824,0.0
-9.597621,-89.31988,0.0,-41.832565,55.941883,0.0
40.761143,-67.88234,0.0,59.051197,-89.55384,0.0
-5.026641,78.75759,0.0,-53.752773,-53.409748,0.0
30.012625,-82.321815,0.0,-96.96168,91.84744,0.0
-72.765175,-49.92539,0.0,8.540246,59.80207,0.0
-60.095882,-84.81243,0.0,41.67357,63.102386,0.0
-52.713104,36.15604,0.0,-45.73204,-49.45875,0.0
9.992438,-88.93641,0.0,-47.954227,-23.375141,0.0
20.059309,88.08448,0.0,-0.37252766,-36.736378,0.0
33.511547,-65.536026,0.0,-61.542194,-91.82628,0.0
42.236176,-81.735916,0.0,-84.677444,-18.225046,0.0
88.671814,-30.443604,0.0,14.193896,-84.310394,0.0
70.76478,63.759388,0.0,88.466156,-84.944176,0.0
50.590576,-98.71601,0.0,-21.764742,71.10026,0.0
34.399193,78.85922,0.0,-77.56757,-29.942476,0.0
57.94897,76.17915,0.0,-65.05238,83.23844,0.0
-76.18532,-93.11281,0.0,59.646862,45.18449,0.0
-88.34747,75.80895,0.0,-90.768135,-90.115845,0.0
-66.41278,1.274976,0.0,90.29396,2.85609,0.0
16.798443,67.53102,0.0,-16.610802,-35.744545,0.0
89.82105,-53.87805,0.0,53.898026,-57.919178,0.0
48.261227,-30.563282,0.0,77.02326,-22.611435,0.0
18.032038,21.11817,0.0,66.02618,26.860569,0.0
78.36013,98.70013,0.0,13.440901,-30.346426,0.0
38.559494,59.39522,0.0,42.868763,-89.7918,0.0
42.384743,-0.32903287,0.0,-74.98106,-79.55937,0.0
58.629055,91.90635,0.0,-77.72928,-33.435806,0.0
23.79824,55.576584,0.0,62.53717,-86.53629,0.0
37.794346,-71.75284,0.0,-94.014305,-64.20118,0.0
-38.573647,28.343937,0.0,49.90444,20.738539,0.0
-35.04403,38.727287,0.0,-62.466293,-74.40817,0.0
-46.445515,60.0347,0.0,76.71333,-47.3388,0.0
-53.02827,-97.20303,0.0,25.793339,49.213055,0.0
92.58537,-3.2908683,0.0,61.19851,10.04531,0.0
-2.5992117,85.21304,0.0,65.101,57.89135,0.0
-91.15865,-44.805687,0.0,-26.208088,-97.60047,0.0
87.59182,44.934517,0.0,92.11036,99.72514,0.0
93.20791,-72.16093,0.0,51.616875,-75.90747,0.0
-84.42501,2.1760454,0.0,-19.619652,22.680826,0.0
98.83747,-66.63329,0.0,30.846231,43.9563,0.0
-83.6162,-7.6459947,0.0,-84.313576,90.08237,0.0
-71.09146,55.767723,0.0,61.301697,-31.520039,0.0
76.53391,36.461285,0.0,51.451057,13.471881,0.0
41.997932,48.354664,0.0,-52.767002,35.95256,0.0
99.13786,1.1341676,0.0,-68.47612,76.01507,0.0
28.464575,-89.81144,0.0,-22.183506,87.72753,0.0
-22.031496,52.80148,0.0,-61.96236,-87.064156,0.0
80.23782,-47.832966,0.0,73.5657,28.848274,0.0
-64.72033,25.685385,0.0,-59.676956,20.213778,0.0
36.223457,37.961063,0.0,32.26892,59.483562,0.0
83.46177,-9.385102,0.0,-20.124434,52.106647,0.0
-60.74191,-58.055058,0.0,-73.95799,-32.13617,0.0
47.30624,-88.584045,0.0,-82.59632,-12.903245,0.0
57.17116,38.749184,0.0,53.585785,-69.507545,0.0
10.028319,77.18545,0.0,-47.22674,-17.442553,0.0
26.581781,72.21931,0.0,18.833868,-26.246223,0.0
37.088776,-33.508766,0.0,-88.68287,-25.215792,0.0
67.970665,12.755873,0.0,28.014954,-62.6825,0.0
-31.056574,-98.91851,0.0,35.07941,57.18959,0.0
97.6407,-30.7273,0.0,19.875847,87.428986,0.0
-2.974652,71.161964,0.0,22.619196,9.884214,0.0
69.936714,-56.243755,0.0,-75.502975,16.406448,0.0
-69.181335,3.8517282,0.0,-34.7991,35.53424,0.0
26.878857,-71.01259,0.0,34.050713,-63.24347,0.0
32.66505,-57.960926,0.0,-79.593864,-24.413363,0.0
-57.69042,37.146313,0.0,-50.611816,92.32079,0.0
-3.2173264,67.98962,0.0,80.125244,67.615295,0.0
-19.241543,-22.410713,0.0,-43.927433,-66.37473,0.0
31.777905,-21.077127,0.0,-14.721828,-9.322874,0.0
82.73512,-54.51691,0.0,-86.738235,-97.906296,0.0
-84.05827,64.365265,0.0,-96.461555,-80.43175,0.0
94.311516,-27.234625,0.0,90.74798,-91.76817,0.0
91.332596,44.49526,0.0,45.95562,34.68842,0.0
-84.9891,-2.3317509,0.0,59.565742,-72.66191,0.0
96.274025,26.442438,0.0,84.25023,-10.554896,0.0
-48.084354,-83.18436,0.0,-87.58506,-89.98928,0.0
-37.433655,68.60716,0.0,-28.277351,20.174032,0.0
-55.66235,-79.74585,0.0,-56.23871,-30.36283,0.0
70.91881,-48.44501,0.0,24.253729,-13.929838,0.0
-97.8757,-79.478714,0.0,61.867226,5.0303903,0.0
25.792671,-1.6016495,0.0,19.976994,11.434764,0.0
85.23191,0.98750603,0.0,88.09974,41.40689,0.0
34.408623,33.95786,0.0,39.97663,-80.82601,0.0
-79.354774,74.04073,0.0,35.54838,9.547692,0.0
81.12944,93.836334,0.0,-93.59433,5.8863206,0.0
-4.3701534,-14.562334,0.0,-80.61636,-59.838352,0.0
-71.51946,-5.3816333,0.0,84.46824,75.20547,0.0
-9.407475,-68.288734,0.0,67.04461,-20.636837,0.0
55.266125,98.85685,0.0,-24.983854,-75.19556,0.0
-11.669314,74.69059,0.0,-94.56893,-18.506773,0.0
35.15193,77.8526,0.0,-48.17696,76.03324,0.0
95.154274,90.14302,0.0,25.648668,-20.826303,0.0
63.11727,-89.65318,0.0,-97.03687,22.216133,0.0
26.649717,88.746254,0.0,88.417786,5.1465936,0.0
-49.431236,-49.78734,0.0,-95.199,26.923618,0.0
48.76207,-60.535362,0.0,72.37612,-27.829735,0.0
-92.381454,75.4897,0.0,-40.640774,99.41498,0.0
28.267443,-12.473608,0.0,62.80088,25.336174,0.0
-65.14884,44.28984,0.0,-15.842954,-60.16863,0.0
11.123325,87.66419,0.0,21.640577,54.348923,0.0
-90.90034,21.412697,0.0,29.286585,10.967043,0.0
-43.48995,-44.198345,0.0,-19.006283,99.7586,0.0
78.479706,17.377197,0.0,-97.48759,-30.769726,0.0
-14.196067,-90.5445,0.0,44.72874,-93.70806,0.0
92.47459,37.59991,0.0,-63.30061,-35.225357,0.0
19.564281,-33.691154,0.0,-55.390205,-44.70192,0.0
88.55919,7.5906744,0.0,68.66281,-34.582798,0.0
51.406902,38.830185,0.0,-39.046696,-38.374626,0.0
-23.643095,18.32347,0.0,51.859905,-60.459,0.0
52.613903,77.802,0.0,87.005356,60.04761,0.0
-30.3408,81.349495,0.0,-15.233507,73.98911,0.0
76.16075,-68.95638,0.0,-45.945515,-96.71309,0.0
-55.04405,94.50288,0.0,97.53957,-8.846874,0.0
-67.22152,-32.11089,0.0,94.918976,79.21546,0.0
2.1831813,-28.33492,0.0,-96.06067,-41.259518,0.0
-47.485012,-82.69466,0.0,-58.357834,-33.22107,0.0
-86.07082,17.7872,0.0,4.1310716,48.4402,0.0
76.35,74.03733,0.0,-62.387657,88.48908,0.0
43.48335,-22.121796,0.0,1.4173799,64.92159,0.0
-22.35764,-34.04054,0.0,72.08928,89.424324,0.0
-10.472829,93.316574,0.0,86.308464,-23.739449,0.0
-78.96818,16.244041,0.0,-90.71785,-68.766174,0.0
-89.1968,-26.373396,0.0,-52.35053,72.37188,0.0
-57.491417,-1.8331693,0.0,-57.6669,88.228714,0.0
-43.948368,-8.332371,0.0,-25.932154,87.167046,0.0
65.281296,-76.65886,0.0,-86.62945,-18.809612,0.0
81.12275,56.11074,0.0,55.965317,-88.10778,0.0
9.974606,-79.7463,0.0,-2.4775295,-87.91541,0.0
-30.77855,-65.47818,0.0,-99.47357,-9.81927,0.0
-16.034067,14.185368,0.0,-65.431244,93.60216,0.0
64.96121,12.337286,0.0,-44.229385,14.877069,0.0
36.34419,81.4351,0.0,90.09719,53.408844,0.0
-74.73892,-14.948216,0.0,-97.58146,-7.606829,0.0
-61.73277,84.058266,0.0,66.018875,65.68089,0.0
-61.03786,-17.667542,0.0,67.309784,-42.875656,0.0
-68.52568,-93.78638,0.0,89.38058,-51.857483,0.0
18.687887,46.699333,0.0,-37.736523,80.42919,0.0
70.26175,66.17768,0.0,84.98599,80.19336,0.0
-69.58406,82.36304,0.0,39.13826,99.725395,0.0
46.3549,92.828865,0.0,-2.7880404,84.65411,0.0
-97.38313,-89.797066,0.0,33.739185,17.965412,0.0
55.985928,70.2428,0.0,81.0802,27.067835,0.0
88.3646,63.809597,0.0,-81.727196,-83.04467,0.0
-92.43119,0.23225196,0.0,64.61245,13.845928,0.0
53.6687,26.68058,0.0,52.348022,21.280096,0.0
26.437983,-24.164846,0.0,-67.62958,-30.835707,0.0
86.08642,-2.2792456,0.0,-68.78938,0.13616732,0.0
29.602232,46.23671,0.0,-69.20033,-25.455286,0.0
-87.70143,74.45799,0.0,17.3678,-89.97119,0.0
-79.37115,0.6637491,0.0,-74.33603,54.944588,0.0
86.397,75.37461,0.0,-82.4286,42.50821,0.0
-24.300886,70.90376,0.0,-75.60169,22.637566,0.0
-26.133709,14.87359,0.0,-84.19605,75.77403,0.0
-87.599304,-3.9409392,0.0,9.51753,-20.352932,0.0
-22.955404,59.17954,0.0,28.916983,-90.01884,0.0
-31.688429,69.89361,0.0,98.35113,-30.266516,0.0
74.11024,28.465279,0.0,25.45678,-74.92408,0.0
-6.68923,-88.22871,0.0,84.799194,69.37934,0.0
29.137114,-68.16255,0.0,52.467323,-94.49753,0.0
-59.93406,-90.78596,0.0,54.41959,5.210381,0.0
-99.709656,-96.00521,0.0,14.175706,-73.858765,0.0
-87.55632,16.46162,0.0,9.199355,13.551344,0.0
41.705162,-87.59019,0.0,-59.34847,15.192729,0.0
80.28363,-8.811425,0.0,37.162243,-21.313187,0.0
55.046906,-31.481785,0.0,25.533777,-61.596783,0.0
-93.98229,99.09713,0.0,-75.39635,53.1718,0.0
37.587833,14.983119,0.0,-66.655365,51.060333,0.0
-99.86007,-66.81329,0.0,2.1039417,84.33303,0.0
85.43695,94.86916,0.0,79.664406,-36.518932,0.0
-78.40836,85.90946,0.0,-57.392338,49.83107,0.0
-40.79592,10.843169,0.0,-98.26381,-50.945904,0.0
-48.472103,-30.997509,0.0,-6.351333,18.343275,0.0
-40.20027,9.201579,0.0,-72.062614,62.8864,0.0
41.749054,3.7883093,0.0,-75.524826,53.35191,0.0
13.198006,-83.311325,0.0,-11.929877,6.2902536,0.0
-80.04863,96.37873,0.0,99.70514,62.948315,0.0
62.53683,-53.244984,0.0,92.339584,-78.98253,0.0
-49.820297,26.052486,0.0,2.8339782,-23.455183,0.0
-98.978836,46.27165,0.0,37.497826,-12.796888,0.0
-28.198309,-64.551346,0.0,-75.55021,20.030865,0.0
-98.23971,-27.554974,0.0,-42.882156,-41.97386,0.0
-76.52207,82.04662,0.0,87.779274,-17.404789,0.0
79.26707,76.13618,0.0,-30.465214,67.47272,0.0
25.099976,90.14418,0.0,12.269953,89.77242,0.0
-27.035654,98.903275,0.0,30.81004,-52.539425,0.0
-44.646744,31.762333,0.0,-85.91244,54.359913,0.0
49.18536,-85.268715,0.0,17.953058,50.641453,0.0
81.15971,-34.389565,0.0,-64.84447,80.79817,0.0
66.612854,-68.82424,0.0,31.78698,-85.809525,0.0
-78.72869,24.45511,0.0,-81.28652,-47.598854,0.0
-96.93555,-3.9532416,0.0,50.310974,9.116902,0.0
45.346962,78.98213,0.0,34.839874,-59.106655,0.0
61.784485,31.919687,0.0,62.577763,43.67374,0.0
72.372,21.254961,0.0,36.262947,-38.261604,0.0
96.0456,-98.25552,0.0,-88.06798,-22.1031,0.0
-27.163689,99.68585,0.0,36.510025,-78.35888,0.0
-89.08538,42.135025,0.0,11.145531,-79.94762,0.0
-4.833753,45.3218,0.0,-98.58019,-33.938255,0.0
-87.87295,74.59471,0.0,-48.208538,62.843506,0.0
95.42386,-63.87249,0.0,-56.711224,38.27805,0.0
-62.06979,76.742874,0.0,-25.165873,21.320208,0.0
53.13722,-39.349487,0.0,43.512066,-67.12526,0.0
57.413902,24.744392,0.0,67.83456,51.832497,0.0
-97.29529,-53.87518,0.0,-46.791958,3.195711,0.0
-3.5430043,13.961518,0.0,52.085873,-77.01332,0.0
-16.807533,16.739136,0.0,-35.54683,-71.748116,0.0
-98.5202,92.780235,0.0,-42.674812,35.104237,0.0
-89.16581,-86.26929,0.0,14.833384,-64.74761,0.0
-33.600636,93.724915,0.0,-90.02549,-87.41281,0.0
-96.1917,64.12875,0.0,4.941835,-22.387337,0.0
-94.42094,65.45002,0.0,85.51028,57.589195,0.0
-52.074074,23.289925,0.0,98.8936,-24.78744,0.0
-62.68297,-70.662384,0.0,-54.07328,59.084766,0.0
63.89842,-57.3426,0.0,2.3840427,71.87793,0.0
-57.79009,-12.864682,0.0,69.29586,-28.938997,0.0
-41.626682,-55.122265,0.0,88.93419,-49.107864,0.0
80.5729,32.459343,0.0,-44.43973,-56.768806,0.0
1.4515402,-66.52718,0.0,51.51529,28.622282,0.0
-18.41189,70.74955,0.0,54.34881,30.294172,0.0
76.3344,72.76437,0.0,-99.89216,84.96751,0.0
-75.16696,-90.635124,0.0,93.571945,-17.219057,0.0
-46.5596,69.48208,0.0,-71.423065,-29.996477,0.0
-88.84507,70.45938,0.0,-31.759394,88.68762,0.0
25.356138,80.95427,0.0,-55.1321,-68.258644,0.0
-14.829077,12.873341,0.0,23.634127,89.609085,0.0
-8.643762,-20.197372,0.0,73.12384,67.93948,0.0
-72.61418,-53.102192,0.0,36.244694,-67.526886,0.0
-47.222927,-28.564772,0.0,-76.69157,-46.87181,0.0
48.206295,-65.19655,0.0,-87.02393,-87.01531,0.0
17.372494,80.74692,0.0,56.74971,-68.07527,0.0
-89.662865,-68.29277,0.0,62.538612,-73.4792,0.0
-8.073663,50.59245,0.0,-2.724068,-36.451847,0.0
-63.792088,92.29612,0.0,-87.23231,-32.8495,0.0
-9.48012,-12.344208,0.0,18.177288,24.760487,0.0
29.625454,-95.612755,0.0,94.96865,-95.66577,0.0
-98.68071,90.28963,0.0,-89.86838,-19.163448,0.0
4.8733234,49.86483,0.0,75.17058,20.21131,0.0
-48.07728,6.952101,0.0,-57.892746,-43.776756,0.0
-84.749405,80.209496,0.0,59.071533,-92.998375,0.0
79.26325,76.434746,0.0,65.33848,-71.65021,0.0
53.675125,91.51869,0.0,-68.542755,-1.696283,0.0
-48.68666,20.624422,0.0,-66.10947,31.674364,0.0
77.73543,43.212368,0.0,-33.928864,-56.525936,0.0
-44.79032,-59.567703,0.0,-23.632986,96.46791,0.0
-47.283108,95.87085,0.0,47.460827,71.42709,0.0
28.234257,1.3351403,0.0,50.124367,73.16863,0.0
61.242466,-99.74733,0.0,-54.556137,35.15118,0.0
-54.34372,-94.73785,0.0,5.8900924,-27.674843,0.0
78.0624,-58.519836,0.0,-50.349236,63.09004,0.0
-74.28638,80.38725,0.0,7.2680078,66.57457,0.0
-48.8259,-6.1608424,0.0,30.588255,15.509998,0.0
-72.20082,-42.466503,0.0,-74.13934,-1.8913713,0.0
-71.854744,-75.64624,0.0,-50.28921,29.569979,0.0
70.736,-69.962746,0.0,-24.461828,11.277935,0.0
-93.160645,3.0926354,0.0,-2.7452152,-82.124886,0.0
6.202296,15.157997,0.0,-97.37305,-13.885785,0.0
0.1109334,47.18185,0.0,90.60014,51.491543,0.0
-1.4609457,-25.107342,0.0,4.92939,46.21812,0.0
-14.587242,-39.540836,0.0,-97.18533,-36.08709,0.0
-8.692904,-60.15343,0.0,61.227848,23.815092,0.0
-10.9611635,70.86229,0.0,49.29906,19.2572,0.0
56.64173,-43.369087,0.0,-73.44221,95.524925,0.0
50.73453,79.188095,0.0,-66.83055,-70.71146,0.0
-41.44221,-22.358095,0.0,-41.86788,24.605911,0.0
-79.303604,-59.038246,0.0,-81.616844,20.317022,0.0
-26.602554,87.658585,0.0,93.883385,49.069244,0.0
-75.16937,-56.683887,0.0,-49.330376,4.3827386,0.0
-92.439606,46.4651,0.0,66.90298,35.841053,0.0
-20.254135,80.35177,0.0,-71.07257,44.841278,0.0
-91.87619,60.425953,0.0,38.42807,5.4666643,0.0
-25.50228,48.16266,0.0,1.8539404,93.31145,0.0
43.31627,-22.911148,0.0,91.32277,26.289257,0.0
75.97423,9.879945,0.0,65.1513,54.835716,0.0
27.54913,-4.584567,0.0,86.91312,-42.139137,0.0
66.24336,76.02172,0.0,-12.718885,99.830414,0.0
-56.063423,83.01567,0.0,-93.33424,-17.186567,0.0
-86.14011,-58.150127,0.0,39.28612,-62.283916,0.0
-73.912575,-47.15435,0.0,-58.346188,-38.48086,0.0
-69.48245,18.999557,0.0,44.074745,69.998375,0.0
-87.38066,-35.521736,0.0,10.235289,-75.55328,0.0
-3.9063215,-87.28132,0.0,-47.03722,89.89806,0.0
-50.830513,-28.372055,0.0,97.90107,36.86285,0.0
-32.85663,-71.90407,0.0,80.39982,86.97601,0.0
-32.521393,2.857748,0.0,-19.959337,-87.997086,0.0
-49.224236,-90.06626,0.0,67.349266,-87.139694,0.0
57.777885,83.895905,0.0,-36.962814,-27.395576,0.0
25.693266,76.38765,0.0,9.058178,-67.5624,0.0
-36.204575,7.048147,0.0,-11.849281,-87.218735,0.0
-24.028608,22.985432,0.0,99.11173,36.53429,0.0
-67.70685,48.355713,0.0,-70.37041,-24.23414,0.0
-94.61435,75.819824,0.0,68.08306,44.204716,0.0
77.02864,89.8141,0.0,-70.55677,-55.608284,0.0
-19.758438,65.105415,0.0,-91.95989,42.325283,0.0
84.4708,66.068825,0.0,24.391558,-93.59412,0.0
-17.007162,-35.09784,0.0,-95.26923,-81.532234,0.0
-20.24951,97.056725,0.0,27.283403,-2.8045208,0.0
-6.850838,21.109503,0.0,51.125744,35.236233,0.0
66.63498,-69.25013,0.0,-54.72637,-66.888664,0.0
-39.325645,48.234577,0.0,-38.67561,-36.44778,0.0
1.5806526,67.699715,0.0,65.17971,65.442924,0.0
80.9569,-2.7501886,0.0,92.32111,3.980701,0.0
-15.961763,-37.828,0.0,-74.43435,56.21984,0.0
-52.82373,88.533165,0.0,58.409874,78.41218,0.0
47.950417,41.063,0.0,-15.781144,-82.40925,0.0
-29.395184,-32.519814,0.0,92.92414,-66.15268,0.0
40.676945,50.7,0.0,95.91509,-69.13492,0.0
97.03452,-48.133472,0.0,-13.491497,-65.22503,0.0
39.386715,-42.59331,0.0,38.435043,-37.778423,0.0
9.117261,56.595646,0.0,41.517334,92.79526,0.0
-68.79327,13.554256,0.0,99.62496,71.806885,0.0
-99.73375,-30.094044,0.0,-11.049717,-30.826967,0.0
-68.76941,-68.82992,0.0,-8.85013,-9.439613,0.0
79.09993,-33.230732,0.0,-31.615236,35.739643,0.0
-59.383877,64.551094,0.0,-41.916313,-99.75206,0.0
-27.824741,77.352135,0.0,2.5440903,76.34703,0.0
-46.145916,18.117931,0.0,22.035713,-69.20518,0.0
97.29247,-39.974915,0.0,27.023174,55.85775,0.0
-83.58051,-71.89004,0.0,-87.86435,-4.1150947,0.0
16.667639,-32.412724,0.0,-24.038595,-38.021523,0.0
-18.598852,69.60337,0.0,-8.224757,-69.256454,0.0
-9.715874,-34.153236,0.0,68.11889,-35.78469,0.0
59.46771,39.18055,0.0,29.886877,-61.39065,0.0
97.635,33.10329,0.0,-59.814255,77.404755,0.0
81.45138,-34.922832,0.0,-45.112564,-23.071545,0.0
-64.69233,38.244957,0.0,11.111068,76.105064,0.0
16.207977,59.55726,0.0,-63.960835,32.887856,0.0
22.109194,-66.71541,0.0,-62.222553,12.630243,0.0
64.74794,-37.594444,0.0,-26.191423,90.658714,0.0
14.773174,13.20369,0.0,75.60671,11.574737,0.0
54.882923,84.56731,0.0,-36.45264,-34.332268,0.0
-49.602146,14.230833,0.0,30.561815,-81.30534,0.0
72.0489,58.613537,0.0,97.55356,45.152077,0.0
-32.84221,-9.5892515,0.0,-33.37813,-5.212759,0.0
67.157425,-71.53071,0.0,19.967886,-63.453564,0.0
70.55159,55.155827,0.0,-36.272278,82.64705,0.0
-4.8963127,-12.550491,0.0,-17.19506,-10.772908,0.0
90.286255,74.669205,0.0,-69.81297,67.708405,0.0
90.68706,40.16299,0.0,-84.883,-2.3430765,0.0
-30.793283,-63.333286,0.0,-17.627544,50.330776,0.0
-17.11207,60.70951,0.0,65.44219,71.541435,0.0
-41.494576,-37.828846,0.0,-43.53139,-33.444115,0.0
-68.35287,39.278923,0.0,-93.150826,-66.752594,0.0
99.739685,-85.6579,0.0,-91.287865,-56.54852,0.0
-29.607533,-32.088303,0.0,93.31521,-11.503504,0.0
23.639828,-72.45569,0.0,-52.307747,29.333698,0.0
56.08487,-60.46143,0.0,60.83891,-84.28965,0.0
55.965904,84.26356,0.0,-47.81471,66.05913,0.0
-78.722176,99.6526,0.0,1.5584139,-30.42437,0.0
-51.198185,80.423935,0.0,-72.99207,-54.35966,0.0
-42.223553,71.92824,0.0,82.77999,-34.283764,0.0
-2.154697,-24.647484,0.0,-31.89268,-65.424904,0.0
74.356445,-56.080536,0.0,71.125984,82.51239,0.0
62.359726,40.95519,0.0,-39.8069,-76.93666,0.0
-35.74249,-86.43766,0.0,-78.623955,-8.586478,0.0
-83.40775,-34.17123,0.0,-46.667976,-49.4015,0.0
26.899849,76.66053,0.0,-9.031659,49.333035,0.0
-73.921906,-69.31468,0.0,-86.3822,-93.751785,0.0
-64.111595,71.578415,0.0,66.96378,33.240696,0.0
26.551075,-12.521321,0.0,95.72823,95.16117,0.0
29.468508,-0.3718643,0.0,42.906136,-16.959406,0.0
36.17432,-60.172134,0.0,-10.710733,-5.958816,0.0
82.65726,45.090073,0.0,38.736626,-50.965084,0.0
94.055595,-71.4899,0.0,31.505245,50.005817,0.0
-40.740013,29.669245,0.0,37.622265,27.751844,0.0
-62.820797,-73.82947,0.0,63.62029,82.304375,0.0
91.5635,-63.278164,0.0,20.457565,-72.79446,0.0
16.841238,-63.283035,0.0,-52.96185,26.146019,0.0
-11.421461,-62.057606,0.0,-4.9827576,69.979904,0.0
71.948746,42.878372,0.0,-44.79808,-33.295235,0.0
-80.435745,-3.4262946,0.0,6.2107716,24.249722,0.0
-64.57746,54.897633,0.0,79.28725,77.85253,0.0
-47.205456,-31.924482,0.0,69.47054,59.724564,0.0
78.88154,-6.569851,0.0,-59.511684,-44.09641,0.0
-18.38592,-10.442924,0.0,-26.874212,99.65629,0.0
-20.437838,17.991547,0.0,-21.41146,-33.36456,0.0
39.941288,11.559955,0.0,-94.009575,-90.29495,0.0
56.16517,53.782646,0.0,88.25799,25.133867,0.0
-8.130727,81.52619,0.0,-66.42422,-98.06675,0.0
3.2677805,-20.109333,0.0,38.27565,-66.64031,0.0
-24.619759,-91.641685,0.0,-1.1942465,99.30428,0.0
-25.276722,-73.215515,0.0,86.123856,1.4480048,0.0
-27.74042,87.373604,0.0,37.300407,80.46033,0.0
-3.7756414,-80.58034,0.0,-28.205738,12.887289,0.0
-85.005035,71.55147,0.0,-66.92056,-36.599186,0.0
-87.604996,77.61607,0.0,73.77416,-28.545816,0.0
-37.254467,-86.3526,0.0,34.27314,-99.0055,0.0
-94.07085,27.341042,0.0,91.56737,-39.230537,0.0
83.49718,-41.899097,0.0,-6.0023484,78.02823,0.0
82.39602,-53.653744,0.0,-61.39511,-67.38556,0.0
87.57781,-71.01965,0.0,78.15508,-75.12836,0.0
73.81936,-44.269325,0.0,-38.5743,-96.27702,0.0
33.92102,3.7453349,0.0,47.086025,-24.885733,0.0
71.29062,-87.89947,0.0,-85.242676,-72.60226,0.0
-73.10518,5.265797,0.0,-32.340282,-97.83842,0.0
-95.10602,-66.52863,0.0,-24.093191,60.122128,0.0
62.82045,42.976383,0.0,-32.929375,83.37816,0.0
-43.116688,-7.9207215,0.0,87.1298,-16.30555,0.0
48.09219,-91.334366,0.0,-46.089077,80.925766,0.0
-59.021393,-72.554886,0.0,-61.479897,78.58184,0.0
-75.93189,-28.087671,0.0,-58.327614,-70.91098,0.0
-50.72572,1.468701,0.0,-71.630035,38.3259,0.0
51.814922,-96.47445,0.0,-10.5864,-97.14528,0.0
-45.06702,57.094387,0.0,42.8346,97.108696,0.0
19.041454,95.01115,0.0,41.638916,48.375626,0.0
40.808193,30.946844,0.0,22.820871,88.63033,0.0
-27.220663,57.399418,0.0,86.30107,36.502045,0.0
-32.580254,72.0961,0.0,7.4730563,24.059002,0.0
40.293304,65.48826,0.0,-97.24896,-83.30876,0.0
-99.97271,-62.86607,0.0,33.649925,-56.456387,0.0
-73.599724,93.37978,0.0,34.500156,16.366669,0.0
82.08255,-9.431814,0.0,-71.04188,-57.61599,0.0
66.530556,-73.12682,0.0,-2.119485,80.090256,0.0
86.66335,-10.854156,0.0,18.516253,-38.170467,0.0
-75.748245,13.038646,0.0,90.05526,-59.660847,0.0
42.545994,70.51262,0.0,40.185078,-44.23591,0.0
-59.653763,-88.44127,0.0,76.48141,-36.380184,0.0
64.011734,-47.56788,0.0,-8.584948,64.506584,0.0
-4.5332694,52.95252,0.0,-45.23469,46.650414,0.0
-47.26483,74.58682,0.0,4.1507525,-87.162964,0.0
91.36607,-7.9524903,0.0,72.20988,-20.651844,0.0
-65.08716,-4.5799537,0.0,43.461773,-30.704632,0.0
79.02454,4.1994696,0.0,-42.041546,-75.09582,0.0
97.27978,8.752249,0.0,-38.41859,-47.891857,0.0
8.515436,87.430565,0.0,-75.35859,53.968685,0.0
-40.54256,-54.001247,0.0,34.47677,65.21294,0.0
-52.026196,1.4372897,0.0,-22.964819,89.28072,0.0
97.56737,-44.91019,0.0,-36.659176,-33.582237,0.0
-46.18347,57.055202,0.0,-12.41511,23.744772,0.0
-39.113,-42.770317,0.0,44.961327,-70.3935,0.0
-25.231525,-97.88273,0.0,90.78427,54.46894,0.0
34.291847,4.184831,0.0,73.359764,-22.236994,0.0
-44.122677,66.8319,0.0,-79.4033,-44.11847,0.0
33.051506,-83.59003,0.0,28.296032,71.73821,0.0
45.057568,-34.803368,0.0,-8.252962,93.95407,0.0
80.02268,-10.717502,0.0,-54.928745,-38.85716,0.0
49.718964,78.34965,0.0,-37.91713,-9.286528,0.0
89.8869,98.02056,0.0,61.902035,-71.6289,0.0
-89.438866,-73.36391,0.0,28.432798,60.888287,0.0
-90.14396,90.08845,0.0,16.229586,62.953735,0.0
87.00965,-71.861565,0.0,-3.1276078,-98.3202,0.0
-23.322716,-72.662994,0.0,-41.181175,5.271582,0.0
-85.2871,-65.961716,0.0,37.77207,68.974594,0.0
67.71392,-40.127552,0.0,-48.63663,9.953187,0.0
7.001348,-35.076748,0.0,40.10876,14.196385,0.0
63.919556,-75.653656,0.0,-48.014606,92.43136,0.0
13.928466,-73.947754,0.0,95.53367,-15.544432,0.0
-44.131226,20.04866,0.0,-37.566345,-17.985332,0.0
45.88674,48.56266,0.0,-83.16982,35.171505,0.0
-65.18686,1.1125551,0.0,-60.438354,-53.436882,0.0
43.21001,1.5543758,0.0,51.204098,-45.503986,0.0
-45.059467,-27.318512,0.0,94.028244,-32.190792,0.0
77.19592,29.700989,0.0,-32.48163,-51.147076,0.0
67.876465,-47.25718,0.0,91.83595,53.890354,0.0
-56.854145,-92.04943,0.0,-61.075203,68.39617,0.0
47.692802,-69.09464,0.0,-50.698215,-60.439465,0.0
-80.80739,76.17909,0.0,-20.553556,-71.6803,0.0
52.348633,66.37549,0.0,-72.47413,59.97833,0.0
-91.69901,-71.25267,0.0,-48.854153,85.55942,0.0
-93.119156,0.525742,0.0,-61.083794,-55.257298,0.0
-95.4943,-37.883354,0.0,56.434216,55.17747,0.0
-77.43588,-37.001358,0.0,-79.65027,-23.645567,0.0
89.57991,96.28116,0.0,53.47372,72.0184,0.0
95.1224,-77.074776,0.0,31.720497,-17.642374,0.0
-87.67379,-16.657766,0.0,24.691685,-82.62718,0.0
35.89006,90.65002,0.0,-34.086494,-52.433353,0.0
84.96935,81.396065,0.0,78.67697,76.61572,0.0
45.449184,-66.37914,0.0,-81.24665,-46.930172,0.0
30.021315,65.29413,0.0,-96.17819,49.59703,0.0
39.678963,-95.16598,0.0,75.640816,23.545912,0.0
68.34843,76.48453,0.0,-78.67943,-79.48772,0.0
94.9285,-51.952824,0.0,80.65762,-19.631922,0.0
-59.496246,-28.707422,0.0,-83.56022,-86.240135,0.0
-90.86653,58.99926,0.0,-75.61481,-15.600876,0.0
-65.39567,15.985813,0.0,-42.834133,-99.75323,0.0
15.469006,-65.548874,0.0,85.32673,-92.21681,0.0
88.594795,-72.06812,0.0,-60.42353,-83.26324,0.0
-38.93825,27.492756,0.0,-12.75367,87.467384,0.0
-38.329086,96.29741,0.0,87.40211,98.16661,0.0
-62.208225,-87.27096,0.0,-96.32254,-97.73788,0.0
-66.06788,-72.49749,0.0,-70.519875,74.232185,0.0
-39.7902,-50.259094,0.0,33.65437,-65.392944,0.0
41.171997,-72.57386,0.0,47.363922,35.988884,0.0
-63.534054,40.26105,0.0,-63.2947,71.507965,0.0
-93.69767,-23.471975,0.0,-34.94475,-95.77274,0.0
98.17763,-61.313328,0.0,-4.60623,70.45913,0.0
36.12938,71.733986,0.0,-48.57555,73.877174,0.0
88.05266,-26.55427,0.0,25.035383,-14.698634,0.0
75.55167,-79.99367,0.0,-48.451992,50.35979,0.0
46.219578,-97.15988,0.0,-38.12045,-34.74931,0.0
15.119874,-76.5693,0.0,-46.101368,-19.208992,0.0
3.4747584,72.1318,0.0,26.995459,-12.981284,0.0
26.618355,-7.129282,0.0,-1.7773901,17.605122,0.0
35.949947,93.22465,0.0,47.957943,8.445636,0.0
95.21432,51.48805,0.0,-12.923331,-36.357357,0.0
82.93729,80.989174,0.0,-85.26764,-13.520338,0.0
-96.75269,-44.217663,0.0,-96.3158,59.2642,0.0
-97.90437,86.294754,0.0,59.19361,-69.86095,0.0
54.52037,-71.07403,0.0,53.087704,-20.219015,0.0
-14.532723,80.288734,0.0,-9.099279,-60.58729,0.0
20.141312,15.797286,0.0,-79.00875,78.34328,0.0
-44.435703,45.8852,0.0,-6.4643655,60.247738,0.0
-30.7308,-30.609362,0.0,47.500248,-9.556413,0.0
-22.05588,99.119965,0.0,-15.550008,51.236557,0.0
83.6206,68.37623,0.0,87.96561,88.13222,0.0
-81.01511,-8.1066265,0.0,-24.809961,73.34183,0.0
-29.07145,-79.17349,0.0,-34.938667,64.48965,0.0
-51.676926,-56.91111,0.0,-20.716017,-82.68529,0.0
56.10443,-34.376686,0.0,30.988005,81.40859,0.0
65.13217,-49.655407,0.0,56.590855,85.80785,0.0
-25.632643,-94.83221,0.0,-55.6441,56.09423,0.0
48.352634,30.988567,0.0,-93.80913,15.953675,0.0
-42.911983,70.47541,0.0,-89.90741,-32.625214,0.0
-84.0125,-59.01011,0.0,-19.498573,-6.1966343,0.0
-24.12923,-87.3936,0.0,-30.519466,-92.667946,0.0
-47.259518,18.882912,0.0,-8.753971,-30.20683,0.0
5.3775306,87.01217,0.0,44.346657,25.331095,0.0
59.23768,-24.319323,0.0,72.41291,82.30423,0.0
56.57332,-39.55638,0.0,79.30133,12.272396,0.0
-31.17196,25.60486,0.0,-57.114986,43.341274,0.0
-87.68565,94.64601,0.0,-27.687754,-39.995167,0.0
78.66859,22.286158,0.0,-76.85734,2.1861107,0.0
32.32786,5.028275,0.0,27.21008,72.73229,0.0
-89.954796,-85.41963,0.0,-53.523136,-43.7991,0.0
-40.80336,-35.6527,0.0,49.811127,-50.819393,0.0
27.054792,-62.12312,0.0,-27.739079,84.23627,0.0
-15.0946865,-87.65748,0.0,72.276505,-21.238552,0.0
70.967094,86.943954,0.0,-46.360943,75.23836,0.0
-43.723537,19.369888,0.0,40.085526,82.86715,0.0
-32.990997,80.28382,0.0,-62.31822,-60.9563,0.0
-58.49502,8.11209,0.0,63.013702,-70.6175,0.0
-62.098404,-84.89406,0.0,81.92424,-40.018555,0.0
61.210186,24.932371,0.0,45.29786,2.573212,0.0
28.795324,59.022015,0.0,-9.695083,4.984019,0.0
18.11845,23.50326,0.0,85.36424,-95.40893,0.0
-92.829735,-24.239388,0.0,53.588013,93.76782,0.0
72.48806,40.196896,0.0,36.908787,-36.074486,0.0
27.37305,-0.47195727,0.0,-65.71294,-54.618595,0.0
-44.946896,29.698069,0.0,-68.25961,-93.74155,0.0
-3.8262267,-63.562603,0.0,-89.8693,52.72543,0.0
-41.448475,-1.1801778,0.0,-9.652961,79.66494,0.0
-39.191982,46.360985,0.0,9.187422,68.789635,0.0
48.728382,69.163704,0.0,76.94772,-20.272879,0.0
-68.88521,-97.00974,0.0,93.21349,-64.643295,0.0
-99.974976,79.86689,0.0,-83.65705,92.84977,0.0
70.519646,-30.175486,0.0,82.84318,-80.83799,0.0
-45.053673,46.658287,0.0,-42.666466,-95.38937,0.0
-89.50967,61.084957,0.0,66.154274,77.6186,0.0
-91.95124,-37.98402,0.0,31.83093,-86.730225,0.0
-92.524315,24.240274,0.0,-86.09389,-85.742226,0.0
7.5190015,-98.61109,0.0,68.74205,-59.76912,0.0
0.38709882,58.739574,0.0,-69.23839,4.0619764,0.0
94.14605,-64.588936,0.0,-86.9851,-16.971554,0.0
-59.512592,50.844,0.0,62.18303,90.58254,0.0
-85.83087,41.697556,0.0,10.965409,80.9745,0.0
21.172245,-75.61628,0.0,-44.564804,7.151179,0.0
95.115326,45.293106,0.0,83.009026,-39.227707,0.0
14.876777,23.709417,0.0,13.427037,59.61227,0.0
-19.674564,6.7634187,0.0,-18.115686,-13.346671,0.0
-84.664795,-96.25115,0.0,-61.348927,57.592068,0.0
-67.66588,-82.10986,0.0,46.05919,-33.698147,0.0
-20.360544,77.103836,0.0,-38.32406,-11.650814,0.0
-69.97065,77.792114,0.0,-33.796238,62.001583,0.0
84.828995,73.01918,0.0,21.337528,91.886795,0.0
-78.36555,94.4105,0.0,-82.24462,30.347351,0.0
89.403496,50.284164,0.0,99.90722,-53.99877,0.0
-14.334305,-65.655334,0.0,97.16889,-64.673096,0.0
33.440857,2.1805277,0.0,-97.791794,-44.932007,0.0
6.294478,-82.29187,0.0,40.183727,-2.2132242,0.0
-6.3606553,65.93268,0.0,-6.029879,57.36251,0.0
90.8196,-3.507648,0.0,-81.87345,-30.723091,0.0
-14.583482,-61.772076,0.0,-89.691086,-42.29971,0.0
17.818003,-39.593914,0.0,51.70634,-59.953266,0.0
-54.14502,-20.228481,0.0,-88.8465,32.917084,0.0
-30.336283,-37.623367,0.0,-76.76601,26.27841,0.0
-0.20777676,91.58485,0.0,72.16751,72.31133,0.0
38.416626,-86.2226,0.0,39.31862,40.345028,0.0
-41.2458,4.147197,0.0,-29.294863,-63.55988,0.0
-96.1665,52.31312,0.0,59.75956,88.776985,0.0
68.389534,63.29622,0.0,88.92519,-38.81616,0.0
-90.004196,68.729935,0.0,96.2385,58.628574,0.0
33.72824,45.953735,0.0,68.13229,73.017685,0.0
-50.10665,-76.400475,0.0,28.727217,62.91447,0.0
-95.59149,22.507027,0.0,-92.111,-21.684464,0.0
86.57353,84.52903,0.0,0.47436774,-34.4232,0.0
28.418133,81.11146,0.0,58.423748,44.853893,0.0
-29.709179,91.778244,0.0,-31.88791,18.286486,0.0
94.98676,-35.229534,0.0,-72.428024,-43.58116,0.0
16.779907,9.140462,0.0,47.16232,-76.039986,0.0
61.48574,51.157864,0.0,37.252842,-61.99739,0.0
-59.151577,-16.260971,0.0,-56.073013,-99.95459,0.0
97.39417,-91.907,0.0,-14.53419,-67.6122,0.0
89.94052,92.91878,0.0,95.101746,-14.8438635,0.0
7.6747804,15.503449,0.0,-70.93582,-46.265053,0.0
72.65662,-79.963715,0.0,-53.008312,-78.87241,0.0
31.544153,80.129265,0.0,-36.469894,-69.67113,0.0
29.830418,88.16626,0.0,64.03218,74.741806,0.0
-15.781636,57.627785,0.0,14.725906,61.935673,0.0
-39.876637,-63.503784,0.0,77.899025,-94.1292,0.0
21.016691,-90.62133,0.0,81.52242,-84.00923,0.0
-96.24556,-86.35208,0.0,36.18558,-53.252068,0.0
73.17579,-30.8391,0.0,66.3495,63.88777,0.0
-61.258976,22.405853,0.0,0.5886874,88.524635,0.0
36.900692,88.93979,0.0,77.96175,15.413453,0.0
-75.982086,-67.98324,0.0,76.9157,92.185745,0.0
40.363194,-48.685883,0.0,41.684177,-99.29933,0.0
-33.31575,23.492495,0.0,-45.85849,45.474136,0.0
-83.640785,-3.674295,0.0,60.432377,51.27921,0.0
-12.385179,-77.96696,0.0,64.269516,-79.578705,0.0
47.713055,-79.71921,0.0,16.52461,67.73471,0.0
-81.51902,49.76351,0.0,-37.374943,81.50365,0.0
85.748184,56.49054,0.0,78.03017,-61.02179,0.0
-97.27816,31.6568,0.0,-57.39666,58.332333,0.0
49.760113,24.14827,0.0,88.773384,94.41495,0.0
52.395195,-34.114796,0.0,-0.9757934,-16.65289,0.0
-40.624573,-16.821367,0.0,77.37539,26.611248,0.0
73.80713,17.565437,0.0,-63.990997,-25.90389,0.0
33.552876,54.30293,0.0,32.037792,-83.98904,0.0
-45.67813,-3.8218207,0.0,-85.54685,-64.0325,0.0
-83.338745,-98.92472,0.0,-56.214535,-63.40144,0.0
-31.241148,49.330574,0.0,-2.3192701,87.28469,0.0
-99.78381,-19.510967,0.0,5.2779994,-62.44637,0.0
96.14953,-84.17879,0.0,-38.566517,97.854004,0.0
-9.7322,-24.740503,0.0,-64.29674,-22.52355,0.0
-83.27895,-97.66518,0.0,-33.356255,-97.83497,0.0
79.5609,79.729256,0.0,1.4860194,21.213305,0.0
81.245125,-54.814445,0.0,1.8836825,-91.483215,0.0
4.8948402,-87.22713,0.0,-56.603966,-66.36762,0.0
-68.34376,-12.91724,0.0,-5.407922,-12.493864,0.0
-50.53241,57.67351,0.0,-64.01108,-91.1476,0.0
-9.440859,53.003933,0.0,36.411312,20.634708,0.0
-37.001617,98.82586,0.0,-85.40925,29.53908,0.0
-39.11601,-17.217394,0.0,68.23624,39.2244,0.0
-64.94354,81.34298,0.0,-11.164514,-19.112078,0.0
-49.68218,-64.75502,0.0,-68.58285,81.97354,0.0
40.74809,54.31981,0.0,-52.232853,-77.98402,0.0
63.295094,-62.489365,0.0,-71.79228,-56.205605,0.0
-97.94684,-86.417145,0.0,55.653004,5.4959655,0.0
-89.26765,-37.37855,0.0,81.94182,-93.43935,0.0
9.343598,96.36139,0.0,21.370907,7.0369425,0.0
-40.94803,87.37924,0.0,31.372353,-73.28166,0.0
26.725294,-37.667267,0.0,-4.7079015,4.4702964,0.0
97.0415,69.5029,0.0,-59.126076,-18.9305,0.0
-40.425682,-68.24174,0.0,-81.515015,1.0001082,0.0
-65.64046,-90.08821,0.0,-12.677437,-12.799601,0.0
-45.46794,71.822296,0.0,39.26289,13.474658,0.0
-37.30156,-12.082106,0.0,50.700184,62.850754,0.0
54.8613,29.638716,0.0,-80.33781,-95.28797,0.0
-53.748264,37.46014,0.0,43.1831,93.42194,0.0
-57.673306,83.01586,0.0,97.32057,-79.919075,0.0
40.914978,-84.45784,0.0,23.26108,96.06994,0.0
-66.707794,18.680021,0.0,-58.446285,82.38048,0.0
70.77364,-87.45839,0.0,-3.179737,97.944695,0.0
69.84728,78.093704,0.0,39.397556,32.52885,0.0
37.53408,-79.37783,0.0,68.82215,6.4236465,0.0
-16.55212,69.90889,0.0,90.42052,-93.423294,0.0
37.60911,-75.922485,0.0,87.705956,-63.763344,0.0
-45.31787,47.61808,0.0,-26.156036,-94.65167,0.0
84.35049,58.065407,0.0,-92.19714,-20.287537,0.0
-64.491135,73.90014,0.0,-48.10489,-86.32133,0.0
90.89322,-3.7983844,0.0,-33.678772,37.597904,0.0
16.624294,71.119385,0.0,93.131775,81.05655,0.0
61.63815,55.0221,0.0,-49.465446,-88.96954,0.0
-61.533527,-70.32293,0.0,-41.383892,-93.577705,0.0
43.870724,78.05161,0.0,-84.11868,46.2993,0.0
34.92407,-91.61888,0.0,-87.35451,3.0616508,0.0
-93.127235,55.6056,0.0,53.68959,-99.35642,0.0
-37.46874,-64.35338,0.0,-20.291258,-66.02267,0.0
84.2414,56.096222,0.0,-30.30075,-61.51102,0.0
-33.990788,-9.415834,0.0,-75.55861,-21.963766,0.0
-16.2394,-80.81812,0.0,85.30235,68.754974,0.0
14.561237,75.980736,0.0,83.47665,53.7413,0.0
38.937237,28.767387,0.0,44.939106,45.36238,0.0
-56.65761,11.04345,0.0,54.156704,74.74886,0.0
-50.32699,30.030909,0.0,-78.64767,14.924478,0.0
59.21629,62.17259,0.0,14.23153,53.718533,0.0
22.230045,76.94702,0.0,-87.00663,24.997244,0.0
-96.81822,43.08986,0.0,-93.58474,-34.021828,0.0
-14.166623,-72.67343,0.0,37.986763,-78.99526,0.0
65.54948,-64.66389,0.0,24.226276,-69.18945,0.0
12.823459,80.317696,0.0,41.713192,86.443275,0.0
66.32793,31.299664,0.0,84.43122,-89.159836,0.0
-43.732956,-2.2036855,0.0,-56.25719,91.53611,0.0
74.48346,21.911713,0.0,76.749596,35.9945,0.0
-63.25678,-36.92072,0.0,-95.90331,-78.17858,0.0
-70.01594,-35.96963,0.0,1.7939076,13.468853,0.0
-4.38841,-85.078186,0.0,-48.659607,92.90688,0.0
-88.87951,34.3779,0.0,-7.8121157,14.64986,0.0
-77.96692,67.361755,0.0,68.31544,-24.71058,0.0
49.696613,-55.986343,0.0,-75.86903,-45.51272,0.0
10.104528,-39.33995,0.0,-33.152657,-54.82091,0.0
-67.426216,43.21586,0.0,-34.538197,21.37372,0.0
77.6469,-37.77918,0.0,10.871939,-67.086876,0.0
39.458286,-70.00932,0.0,-92.43694,-44.58375,0.0
65.655334,-81.19364,0.0,68.70049,63.411816,0.0
-76.146164,-44.724792,0.0,58.33228,-39.20257,0.0
22.771208,72.78914,0.0,6.0302444,-89.99398,0.0
34.601643,-90.60712,0.0,13.264582,52.65898,0.0
69.21541,-45.31958,0.0,-58.956814,2.7341056,0.0
86.41093,-1.2470177,0.0,-22.337776,82.09462,0.0
86.336716,-96.13826,0.0,61.438675,-84.59098,0.0
67.53554,-47.51241,0.0,62.418167,-39.3684,0.0
82.90584,71.13817,0.0,40.063484,28.218338,0.0
17.30892,-86.61006,0.0,73.283455,-37.13168,0.0
23.288027,69.443085,0.0,3.747284,24.463055,0.0
-54.526314,-49.88283,0.0,46.12612,-36.136585,0.0
52.851696,-22.70266,0.0,33.88028,28.014065,0.0
-50.95867,-69.67942,0.0,78.205605,-41.554657,0.0
77.541985,22.354523,0.0,20.026524,13.40491,0.0
-77.86088,59.443333,0.0,-10.670983,-35.20661,0.0
-20.187963,-84.74755,0.0,45.908524,-66.94627,0.0
7.261385,-95.68908,0.0,94.29712,-50.35014,0.0
-13.005297,9.400669,0.0,7.9698877,-20.123613,0.0
-95.79696,-30.445267,0.0,-14.269127,5.897884,0.0
45.912132,66.75698,0.0,47.49784,-43.57436,0.0
-59.238003,-50.41007,0.0,49.548096,53.08231,0.0
41.798176,53.593952,0.0,-54.13228,-59.14265,0.0
46.831642,26.484554,0.0,47.53098,18.360441,0.0
-19.05201,-77.668495,0.0,50.35272,-36.60553,0.0
91.82553,-1.2574186,0.0,15.768206,-38.678074,0.0
-44.776863,66.83437,0.0,-86.09936,-71.07936,0.0
-97.37851,-21.254433,0.0,-94.921715,42.160694,0.0
42.763058,2.8521812,0.0,93.44121,-57.689465,0.0
-93.5719,-58.85144,0.0,-40.768307,15.434946,0.0
-15.609008,-34.89362,0.0,76.918205,-10.753818,0.0
37.2122,-65.352684,0.0,-50.98011,37.532936,0.0
-16.965296,-69.15519,0.0,-89.36631,17.044039,0.0
-94.18746,19.53678,0.0,-33.83696,-44.81748,0.0
81.203415,53.83363,0.0,-45.39556,-73.91803,0.0
27.910433,-72.45841,0.0,91.465065,-88.71644,0.0
65.336624,-57.881344,0.0,-65.50628,39.116028,0.0
-54.564434,-48.909508,0.0,-85.16627,-3.2734218,0.0
4.0296164,72.81511,0.0,37.124348,-90.953415,0.0
59.550488,65.80342,0.0,86.54017,24.792482,0.0
66.39718,-45.833614,0.0,-33.87064,63.030827,0.0
-64.67793,-67.485214,0.0,-78.940796,-49.855164,0.0
-20.167263,11.204774,0.0,21.300014,-66.19306,0.0
36.36015,-25.904432,0.0,-23.679155,86.0186,0.0
-71.607086,-16.644993,0.0,-40.55633,83.848335,0.0
3.4905057,-19.314734,0.0,94.674,-94.518295,0.0
19.730335,83.52679,0.0,-3.0402648,21.44298,0.0
36.796062,92.67867,0.0,-56.973953,10.335914,0.0
-30.109034,-19.326225,0.0,7.420009,-91.0921,0.0
35.94064,36.46671,0.0,23.567549,77.05887,0.0
9.817861,59.995216,0.0,-79.75306,37.474773,0.0
85.55378,-37.77231,0.0,-35.803555,78.26489,0.0
28.583769,92.781944,0.0,2.1685042,46.756042,0.0
22.88121,-66.42527,0.0,64.965576,-36.086227,0.0
-74.43672,-73.22265,0.0,17.599932,-71.19112,0.0
-98.882576,-94.7249,0.0,-94.38151,77.97067,0.0
36.766705,0.2982455,0.0,-13.40866,23.10804,0.0
51.720345,57.875317,0.0,-74.47681,-29.754362,0.0
-91.989555,64.30521,0.0,7.698155,87.72588,0.0
-19.587807,-83.26064,0.0,-21.39623,-64.82541,0.0
55.11005,-32.177166,0.0,-31.670464,75.01397,0.0
-9.318112,-8.303493,0.0,85.72059,89.6305,0.0
-17.95332,-86.253204,0.0,-21.416903,56.650715,0.0
30.61396,3.8883011,0.0,-32.888245,-76.854126,0.0
58.557877,-45.355835,0.0,35.755386,3.2261324,0.0
80.41133,-25.762545,0.0,-38.8558,18.549767,0.0
34.420628,7.9139547,0.0,38.96814,34.635586,0.0
-67.02588,39.789356,0.0,-90.45059,-62.79563,0.0
43.14963,-90.99161,0.0,44.253735,93.86203,0.0
-23.481295,-30.040876,0.0,29.237436,-76.796295,0.0
91.53096,-64.31811,0.0,10.773784,-82.93864,0.0
-78.10074,37.571934,0.0,-40.776875,22.12054,0.0
6.4870677,70.95365,0.0,-78.35502,20.550537,0.0
70.23932,55.56167,0.0,-89.9035,-44.549164,0.0
-18.0961,-35.677925,0.0,-82.03207,88.05928,0.0
85.966515,-93.48804,0.0,-36.953094,-12.844589,0.0
-59.940178,80.69699,0.0,-8.091811,6.983669,0.0
-35.19528,-37.33965,0.0,63.36182,99.1324,0.0
-68.54846,15.94508,0.0,-44.042862,12.364078,0.0
-73.5487,-14.419261,0.0,-29.026236,97.20744,0.0
18.78218,-89.43151,0.0,-25.442432,-93.7308,0.0
14.548995,71.515915,0.0,-74.26697,29.293274,0.0
-69.19078,4.9509926,0.0,-52.51622,89.316795,0.0
-85.900246,-56.217564,0.0,-84.41592,-74.044556,0.0
-4.519203,-11.566864,0.0,-64.0072,-10.5944195,0.0
34.927372,28.640455,0.0,71.216896,73.71591,0.0
-49.408276,4.675789,0.0,47.057487,-38.710033,0.0
65.19309,-47.84462,0.0,-16.21762,-20.943281,0.0
95.91585,9.374336,0.0,-36.58838,47.344414,0.0
-72.50774,6.028728,0.0,-3.8818078,79.101654,0.0
74.5911,-31.780312,0.0,3.4564662,88.7153,0.0
-46.089256,-22.376328,0.0,30.364922,35.213226,0.0
16.778738,95.81388,0.0,14.390219,89.808304,0.0
-12.255238,92.26267,0.0,-71.93085,-50.91071,0.0
67.217316,-21.952574,0.0,57.28581,-60.147083,0.0
-93.9551,18.601845,0.0,-28.428692,12.335432,0.0
-78.26254,84.77966,0.0,70.78879,-65.86928,0.0
62.610775,-54.63105,0.0,35.032917,9.624128,0.0
-61.77047,11.598709,0.0,2.5725212,70.82435,0.0
18.175814,-27.165646,0.0,-6.2920218,10.111816,0.0
-93.18156,12.607256,0.0,31.639364,71.00681,0.0
-66.58749,-6.413325,0.0,68.16977,-53.186676,0.0
57.633682,67.346794,0.0,-45.044674,94.48855,0.0
10.076134,-75.24298,0.0,48.981396,7.2379613,0.0
55.51988,96.70671,0.0,68.92242,-48.920044,0.0
75.0149,29.149832,0.0,83.5996,85.74419,0.0
-63.514664,-95.58125,0.0,-29.05925,83.64562,0.0
40.727753,-59.631805,0.0,37.761417,90.35199,0.0
-13.48394,61.91846,0.0,95.64701,-41.629417,0.0
-6.3070126,78.58784,0.0,-86.69582,89.75863,0.0
89.24878,23.987696,0.0,-58.64093,-44.794346,0.0
-59.51399,83.35614,0.0,-76.135574,49.63501,0.0
-88.47573,-0.37734786,0.0,46.528484,-0.61961114,0.0
39.08213,46.505272,0.0,92.46236,-94.098976,0.0
-89.71853,-37.59592,0.0,-77.56862,-87.06761,0.0
97.09721,-47.799885,0.0,-46.748264,-74.73327,0.0
81.78307,-37.964386,0.0,-9.831015,82.91451,0.0
-42.705826,95.40022,0.0,-67.058174,-86.934814,0.0
93.83342,-5.4348536,0.0,-94.067566,19.814814,0.0
-53.406624,-43.845478,0.0,86.74263,81.93889,0.0
-85.54548,61.562717,0.0,22.59755,-38.729446,0.0
38.51403,63.240093,0.0,-77.39835,60.338287,0.0
13.505736,-70.97758,0.0,-0.4983091,70.269844,0.0
-36.362988,78.79031,0.0,36.684128,24.024694,0.0
-49.03114,48.406055,0.0,13.25272,46.255836,0.0
-94.54532,29.875044,0.0,-96.91333,79.67263,0.0
48.720505,8.935543,0.0,4.465686,78.61845,0.0
-49.08488,14.761797,0.0,55.72814,-63.410923,0.0
-73.36846,16.155518,0.0,49.86378,-1.2670782,0.0
-97.92133,22.665607,0.0,98.868835,77.84387,0.0
-39.692684,13.154802,0.0,-77.18163,-22.654875,0.0
39.89284,-94.6233,0.0,-2.6860645,-20.957497,0.0
24.956749,45.94477,0.0,-72.94534,10.6307,0.0
-73.26398,-29.606829,0.0,-33.008205,66.88724,0.0
82.41404,57.46225,0.0,93.857185,-23.575342,0.0
-82.51207,44.522606,0.0,89.813866,11.550752,0.0
1.2062612,-18.311432,0.0,88.66448,-44.742504,0.0
-62.13222,-37.548447,0.0,55.025738,88.12031,0.0
-69.51685,-65.688225,0.0,66.9308,75.78708,0.0
-82.19936,38.798416,0.0,-66.71714,57.273476,0.0
21.307484,74.58046,0.0,36.178215,87.94022,0.0
-2.2720735,17.306625,0.0,22.106833,-39.617992,0.0
-36.64426,82.75069,0.0,-88.80429,69.6709,0.0
63.190514,9.613359,0.0,71.46391,-60.24579,0.0
91.39236,-55.48344,0.0,12.032552,-36.6484,0.0
57.132812,55.473896,0.0,-73.01135,80.552475,0.0
86.73911,-19.319174,0.0,-41.79466,-69.87881,0.0
75.2304,-76.379364,0.0,67.20292,7.29108,0.0
-79.43715,15.449401,0.0,46.15132,-98.99958,0.0
-60.438797,59.95819,0.0,-48.412132,15.735908,0.0
88.117195,-46.590263,0.0,92.59984,-26.962313,0.0
-63.648727,91.0128,0.0,-42.237785,61.249043,0.0
77.42764,16.42979,0.0,-58.47697,-82.17919,0.0
-5.3983145,47.799633,0.0,-22.373367,-91.067696,0.0
-5.4624114,-39.021057,0.0,41.43594,-59.746418,0.0
79.96307,-64.47678,0.0,-84.57614,1.9190156,0.0
0.04261623,98.79285,0.0,-90.92745,-44.993034,0.0
-91.094864,-40.469532,0.0,11.856423,49.434494,0.0
-82.50261,-2.297389,0.0,-5.2797027,94.04884,0.0
-24.961035,21.835384,0.0,-15.201208,70.18103,0.0
90.84671,3.6920848,0.0,97.25685,72.568535,0.0
84.67381,17.374538,0.0,33.81839,-57.179657,0.0
78.8305,-6.46996,0.0,44.76982,0.3840464,0.0
-15.874016,10.755563,0.0,-83.61877,56.682568,0.0
45.02078,80.76039,0.0,-54.94331,-18.938541,0.0
-50.29106,-87.135895,0.0,62.960976,95.48667,0.0
-18.131016,79.082535,0.0,-67.48659,99.10329,0.0
-11.133488,-39.829258,0.0,85.00776,3.4840965,0.0
-12.569186,82.15185,0.0,30.10722,63.98322,0.0
-54.975147,-99.25655,0.0,-48.012444,-89.70554,0.0
-29.271566,97.55408,0.0,30.330946,92.21148,0.0
-67.75165,24.189194,0.0,-97.19327,-41.93162,0.0
-85.52151,-12.489272,0.0,96.028564,-98.0237,0.0
12.140597,-28.920542,0.0,-42.92948,-64.81111,0.0
-70.098724,66.31544,0.0,-25.398277,11.4097185,0.0
14.894944,-34.57412,0.0,-45.206696,30.317526,0.0
-80.61334,-11.81229,0.0,-55.821476,-92.18956,0.0
62.068375,-34.08567,0.0,-74.85913,91.209915,0.0
-92.829666,18.52095,0.0,90.40759,57.064507,0.0
-8.588647,12.915004,0.0,-9.944875,52.077873,0.0
33.50685,-24.36598,0.0,6.109362,22.633501,0.0
32.378754,6.7862115,0.0,-8.57922,74.6558,0.0
-57.3668,19.076948,0.0,-66.39236,-9.088483,0.0
-19.70619,-60.494007,0.0,-17.553965,62.920826,0.0
53.2626,-76.92708,0.0,-26.406092,22.143095,0.0
-23.42041,-83.71246,0.0,84.569374,-40.77222,0.0
51.680733,-95.6027,0.0,63.375603,-97.2102,0.0
67.467,-61.906834,0.0,90.12855,65.32536,0.0
4.5657473,-75.45918,0.0,-90.165276,-20.387306,0.0
36.809464,8.0784855,0.0,-53.908134,4.469176,0.0
84.950226,82.80378,0.0,46.114666,8.245832,0.0
-16.651999,-34.898865,0.0,-17.495058,-88.20813,0.0
89.80294,-74.413185,0.0,-59.672302,-23.92301,0.0
-20.039152,85.29915,0.0,-49.500526,85.74268,0.0
-51.018566,55.576023,0.0,25.82363,-93.035934,0.0
68.54037,-48.970764,0.0,-85.88772,-5.6875486,0.0
-58.41697,18.778915,0.0,-79.529816,61.50294,0.0
12.311646,-82.037506,0.0,44.64365,88.16031,0.0
35.789078,45.019203,0.0,93.00632,-47.92053,0.0
-13.648301,-37.21932,0.0,-47.568844,-58.058823,0.0
23.78271,-39.57208,0.0,-36.006218,-52.513985,0.0
18.337433,51.633373,0.0,64.12484,-23.310392,0.0
-14.784201,94.385155,0.0,65.35252,-78.413826,0.0
-26.258614,-70.03021,0.0,75.9541,-55.40158,0.0
-81.10373,39.909283,0.0,89.59072,7.7685637,0.0
68.49487,85.38915,0.0,88.17056,-79.166664,0.0
30.77539,-62.0518,0.0,-47.18353,19.185377,0.0
-66.42229,-8.010134,0.0,-23.21513,96.06515,0.0
36.79468,-30.088917,0.0,-62.2917,-58.55493,0.0
56.28391,-90.95653,0.0,-64.67126,-6.2679677,0.0
-17.410748,10.309272,0.0,-2.8974488,-81.71414,0.0
14.070084,86.92627,0.0,21.035542,-33.75018,0.0
-16.65763,-27.250183,0.0,56.103287,-87.88237,0.0
37.856213,-16.568056,0.0,-77.40212,-24.646627,0.0
55.827385,-84.86034,0.0,79.201256,46.97996,0.0
9.027153,10.758972,0.0,48.3017,18.768892,0.0
-66.24478,89.2248,0.0,-57.165752,30.76566,0.0
-51.19448,-20.503868,0.0,-99.10533,54.384995,0.0
-29.141531,-31.903233,0.0,42.087803,-6.8034215,0.0
-42.096252,-39.59455,0.0,89.96023,-69.295204,0.0
-78.62332,64.22211,0.0,-12.898995,-85.5303,0.0
97.72313,-16.657497,0.0,5.5666714,93.46126,0.0
91.22777,60.400154,0.0,71.23592,91.99378,0.0
15.068759,52.296112,0.0,63.62324,-54.730473,0.0
60.540985,-93.38743,0.0,97.11141,-17.219492,0.0
47.601227,25.334007,0.0,-49.938198,-85.154816,0.0
-37.439903,-1.7356095,0.0,89.51735,38.571205,0.0
-73.61219,20.80315,0.0,-53.01114,73.800125,0.0
18.799381,19.913692,0.0,4.9969683,-63.41927,0.0
50.62994,-58.98102,0.0,20.356169,9.75795,0.0
35.208233,-10.962224,0.0,82.149704,73.49215,0.0
-32.282322,-16.824669,0.0,40.289787,-3.8066645,0.0
-80.4979,19.233467,0.0,-15.273251,-2.161673,0.0
-38.06513,-19.751976,0.0,-54.04801,99.85886,0.0
32.264374,-58.646866,0.0,77.35926,45.307796,0.0
35.29622,-35.980175,0.0,52.432323,-28.475883,0.0
97.002945,86.93311,0.0,-92.91067,87.769394,0.0
-25.287975,-96.85852,0.0,70.145676,49.37527,0.0
23.17789,48.796043,0.0,-42.78776,-50.179394,0.0
-54.909367,-64.88379,0.0,-14.530721,16.820143,0.0
2.2728364,51.478832,0.0,74.370926,-70.00065,0.0
39.354446,-15.6251335,0.0,-69.723976,-85.96246,0.0
22.685247,-94.045616,0.0,0.82970047,60.846752,0.0
-85.22629,4.2190795,0.0,37.24302,68.56138,0.0
-65.456764,-89.98193,0.0,-73.10028,17.615385,0.0
-22.89592,72.38699,0.0,56.134865,-64.85778,0.0
-35.69006,-2.0653865,0.0,89.142265,89.10871,0.0
-43.814022,42.842537,0.0,-84.54669,-52.82753,0.0
-98.165184,-46.22415,0.0,-47.850418,-54.17143,0.0
-64.97825,-28.888803,0.0,-54.25842,-99.69989,0.0
-88.77618,-90.61191,0.0,-17.101227,68.91683,0.0
-57.779037,-6.461574,0.0,-55.426926,-0.13346705,0.0
-39.567337,25.658587,0.0,-54.74533,-11.427802,0.0
-34.710896,9.311227,0.0,-11.112879,-74.32094,0.0
73.12665,-99.2453,0.0,-54.337406,26.420063,0.0
42.272358,91.687614,0.0,-11.907579,75.806625,0.0
27.477224,63.89053,0.0,50.23971,-81.65853,0.0
-76.09148,-33.277378,0.0,-12.41902,-93.28437,0.0
75.14913,-62.185486,0.0,36.184353,-57.64685,0.0
4.420506,24.634172,0.0,-14.03076,-28.454367,0.0
63.500973,39.813915,0.0,-53.131058,12.983621,0.0
36.865086,-94.675385,0.0,-4.892822,-98.20871,0.0
94.278625,-27.925543,0.0,-46.08971,-71.522514,0.0
53.937775,64.6337,0.0,86.96614,88.60176,0.0
-13.550802,79.172935,0.0,-73.66275,-74.84143,0.0
-71.67515,-37.878216,0.0,-95.533905,-18.75418,0.0
-43.8392,4.3423405,0.0,24.716576,7.1119714,0.0
-57.885117,-79.405,0.0,-33.639896,55.06452,0.0
78.37041,-93.500015,0.0,46.664368,-15.389617,0.0
44.17711,35.80532,0.0,17.444796,58.95962,0.0
57.45877,73.67015,0.0,-58.45177,-27.846107,0.0
58.299034,39.7121,0.0,-93.92558,-63.973274,0.0
-74.70297,-89.68402,0.0,85.52472,1.5137951,0.0
-82.39259,91.30623,0.0,58.798595,-73.59754,0.0
56.071365,-52.67015,0.0,-54.077267,-10.224985,0.0
-72.73471,-95.734856,0.0,10.580453,-73.7788,0.0
-40.232437,74.60664,0.0,65.83108,-40.08641,0.0
-7.219901,-66.08637,0.0,-17.237082,70.89894,0.0
95.57921,-13.1159725,0.0,-69.91029,-6.806652,0.0
-48.710495,0.89454764,0.0,-84.92591,73.48183,0.0
69.72767,-95.832634,0.0,-86.7521,-8.506604,0.0
-70.85341,24.825205,0.0,31.330643,48.416203,0.0
-77.02642,-26.650513,0.0,-19.487635,-24.288029,0.0
43.76878,1.2541027,0.0,-92.268295,86.05657,0.0
54.117477,-78.428604,0.0,-67.8433,33.35747,0.0
-8.142695,95.33197,0.0,5.3497024,-95.69067,0.0
94.7565,-42.14478,0.0,-76.64382,-83.47001,0.0
79.37861,3.8420484,0.0,-6.3768973,-35.85469,0.0
-33.690765,48.5698,0.0,-91.36792,-75.97254,0.0
36.430553,65.79026,0.0,-95.40683,80.34351,0.0
38.79016,-32.035824,0.0,99.98794,78.80063,0.0
-40.24584,-54.65524,0.0,-42.755123,-66.41372,0.0
-51.542393,4.246974,0.0,-49.939915,7.0358458,0.0
-72.73439,-1.6457624,0.0,-25.441097,17.979874,0.0
-14.8934,95.96332,0.0,42.94242,83.823524,0.0
-10.338626,85.001335,0.0,-71.82808,-78.34203,0.0
-40.130486,8.70093,0.0,30.694921,30.31135,0.0
-49.031143,-54.1036,0.0,-52.575294,-93.97393,0.0
-89.75075,71.10956,0.0,-76.45958,-53.087803,0.0
46.80351,-15.173377,0.0,-18.69238,70.17277,0.0
67.39456,18.258049,0.0,-54.81198,43.019344,0.0
59.28189,5.31261,0.0,-5.441312,75.86102,0.0
-1.1246586,-32.96059,0.0,9.206936,24.17394,0.0
-18.257278,77.01916,0.0,81.602905,-34.037754,0.0
50.62926,-22.698048,0.0,78.51704,-32.667553,0.0
73.215706,31.993263,0.0,34.569286,-57.698402,0.0
11.631693,-82.06929,0.0,78.26409,67.00835,0.0
-67.47992,-53.98913,0.0,-84.68627,83.98027,0.0
7.5112057,-34.192913,0.0,-14.943738,4.4461923,0.0
76.71721,-72.65975,0.0,-82.059326,92.75088,0.0
-51.975174,25.807394,0.0,-75.856285,56.22727,0.0
98.67071,26.083265,0.0,-50.225918,67.65883,0.0
-82.70658,-44.70941,0.0,9.211585,-34.428318,0.0
52.6713,36.18291,0.0,-8.502349,-74.401436,0.0
37.126755,76.61564,0.0,59.707634,-28.068226,0.0
29.514116,66.406364,0.0,36.701138,64.73431,0.0
-17.279387,75.99224,0.0,6.0459557,56.99788,0.0
67.857475,-67.06859,0.0,36.029015,25.44954,0.0
-74.46011,50.768677,0.0,97.07727,-34.136192,0.0
-71.67423,38.0385,0.0,48.918144,36.21118,0.0
20.500349,-68.19773,0.0,-76.59893,-79.473465,0.0
98.27424,-42.072563,0.0,42.39166,36.071564,0.0
78.77517,53.24794,0.0,-16.076284,94.12091,0.0
-13.463162,-18.392666,0.0,-13.117163,-71.963776,0.0
-97.03149,70.22963,0.0,88.84079,79.40228,0.0
30.376013,-96.83717,0.0,88.978035,94.218254,0.0
19.269556,-30.244972,0.0,56.161137,-63.72738,0.0
-66.95346,62.96979,0.0,-92.494385,-95.354546,0.0
-79.88183,94.82709,0.0,-33.528297,49.05416,0.0
-64.65344,65.54711,0.0,-97.3877,94.56689,0.0
82.68254,3.3732631,0.0,-53.05712,-65.95738,0.0
-74.79685,65.013466,0.0,-80.818146,-10.015652,0.0
-64.47829,-52.410725,0.0,14.12937,-21.926704,0.0
-47.766453,-17.192492,0.0,-56.732803,-28.569765,0.0
-46.6408,-13.974776,0.0,41.032913,14.358673,0.0
-68.34599,77.68476,0.0,98.56916,-76.08139,0.0
17.222996,96.35868,0.0,69.757164,-27.328182,0.0
-49.32038,1.0056137,0.0,-93.90069,-73.637924,0.0
-34.606068,40.908886,0.0,-67.55442,71.816,0.0
36.070442,-21.181269,0.0,59.115055,-92.632835,0.0
2.114435,76.81189,0.0,17.161749,-35.939865,0.0
-84.2417,58.06896,0.0,21.68689,18.144796,0.0
62.554356,70.11973,0.0,-6.3215194,-94.50334,0.0
-54.695835,9.608448,0.0,80.36284,74.715706,0.0
-38.631878,-46.95043,0.0,1.1475306,79.5723,0.0
41.424908,-91.78549,0.0,91.14082,-21.564463,0.0
-97.251755,-51.061882,0.0,33.71693,86.83991,0.0
44.740192,81.54087,0.0,22.528921,47.86392,0.0
93.92121,6.275405,0.0,-81.269066,-41.70095,0.0
3.197556,69.86023,0.0,-92.96492,81.04714,0.0
52.24758,71.5079,0.0,84.63507,9.272086,0.0
-7.7885633,7.3130155,0.0,35.940468,-96.17034,0.0
56.687687,44.322624,0.0,-76.56389,28.16287,0.0
-84.66352,23.108263,0.0,-85.60659,91.87086,0.0
49.73122,-89.22106,0.0,84.409515,-29.626738,0.0
61.31213,99.23568,0.0,-76.53467,-90.01511,0.0
72.57252,21.37722,0.0,-52.580887,-0.8294274,0.0
-72.14003,71.85146,0.0,16.403711,-74.49531,0.0
75.667114,-60.82556,0.0,-66.605225,15.115423,0.0
-19.32154,90.93598,0.0,-10.666293,19.721846,0.0
-54.70741,-1.8047383,0.0,-94.37448,17.76822,0.0
-73.38899,0.3837057,0.0,51.959442,-84.20929,0.0
22.89815,-90.47383,0.0,37.54472,24.352072,0.0
4.684489,-70.33348,0.0,48.296062,95.18931,0.0
46.413765,54.26029,0.0,-76.43499,-99.59951,0.0
48.822414,86.35944,0.0,-68.29326,-6.835602,0.0
-89.88668,-0.19978757,0.0,-85.20416,-13.168934,0.0
-0.9745062,-29.515705,0.0,-32.493935,-45.893047,0.0
72.78622,-64.46329,0.0,-84.860916,69.45398,0.0
18.23034,-70.69536,0.0,-45.8437,32.124607,0.0
17.283577,-29.194458,0.0,-59.43219,-36.83852,0.0
64.10862,-51.078762,0.0,32.41204,-80.999405,0.0
-83.444275,13.43568,0.0,-30.434566,69.77142,0.0
46.573727,26.864637,0.0,99.413124,-94.795815,0.0
10.28571,98.164566,0.0,34.378853,94.33566,0.0
-75.208885,-65.74877,0.0,66.60501,-77.254425,0.0
-34.949505,-4.0501814,0.0,-49.250435,-47.64711,0.0
47.477444,-50.31402,0.0,-52.687344,54.8347,0.0
2.8766525,17.75189,0.0,57.97362,31.247984,0.0
-58.43322,-63.218094,0.0,39.16011,9.045974,0.0
-19.927938,-93.99955,0.0,78.85739,54.28212,0.0
-85.752335,-15.985291,0.0,-41.15786,52.498363,0.0
-93.93456,-93.546135,0.0,80.68987,-75.26322,0.0
-61.21431,55.051426,0.0,83.19081,-55.570087,0.0
-71.62369,48.23689,0.0,6.607636,-20.135427,0.0
56.553757,58.132797,0.0,83.63191,2.4167526,0.0
-49.25289,57.73775,0.0,20.086319,-66.69201,0.0
49.540916,0.42522582,0.0,71.04638,48.077118,0.0
69.658195,88.94257,0.0,78.13767,-52.01333,0.0
-60.47365,84.63506,0.0,-84.942604,36.82554,0.0
34.92252,82.71174,0.0,-0.2441475,-17.117434,0.0
-83.17864,40.19383,0.0,-85.447395,64.37202,0.0
-42.096222,0.9782078,0.0,-0.7700418,-98.59531,0.0
32.22538,-69.055626,0.0,-75.53431,78.29519,0.0
-7.258494,-21.533266,0.0,85.94755,-11.857013,0.0
-11.140986,-9.694382,0.0,-92.86241,70.407684,0.0
-67.12957,-10.825224,0.0,27.737679,73.78263,0.0
-49.99039,-91.09634,0.0,86.6937,-19.779802,0.0
-34.053864,-72.312225,0.0,35.98275,98.15975,0.0
79.41193,-46.045864,0.0,65.542435,-28.673315,0.0
96.83367,-88.71058,0.0,-45.2119,52.681202,0.0
19.246727,81.663185,0.0,57.21097,77.47301,0.0
96.32978,47.380272,0.0,-5.5356703,22.274008,0.0
54.43054,94.49466,0.0,-96.097664,-93.484314,0.0
16.085434,78.88848,0.0,90.475876,-38.638832,0.0
23.094852,-35.291153,0.0,-60.878212,91.9237,0.0
55.066906,96.26628,0.0,64.23186,-75.60522,0.0
-56.469402,86.55891,0.0,-93.768776,39.99096,0.0
85.09754,-86.846,0.0,83.59835,7.44295,0.0
36.956837,77.68629,0.0,-43.598793,-53.984177,0.0
96.56542,-72.24183,0.0,35.15946,-60.87996,0.0
91.20215,-73.68062,0.0,-33.43768,-21.842497,0.0
26.982065,50.37697,0.0,68.59697,40.018402,0.0
41.311897,48.031303,0.0,0.40090036,67.164055,0.0
-93.134995,-0.20016903,0.0,-40.50859,-56.47396,0.0
70.53394,-26.23065,0.0,97.7391,-56.420925,0.0
29.038864,-91.144455,0.0,-84.24813,-34.631298,0.0
63.949284,-61.117165,0.0,-7.923509,-95.45822,0.0
48.040585,-89.7592,0.0,28.58281,76.13683,0.0
89.348755,-84.426,0.0,-79.76963,-15.274231,0.0
-39.804188,16.488632,0.0,-71.76212,43.666397,0.0
64.94783,-56.65012,0.0,76.471245,-11.637159,0.0
90.62387,3.5578685,0.0,-74.18006,5.4955125,0.0
-79.53593,-32.632835,0.0,-86.30307,60.56404,0.0
-24.99313,-26.74709,0.0,-23.859118,-97.68204,0.0
-31.559107,-99.46505,0.0,-22.617373,-89.238686,0.0
-55.661255,-82.50568,0.0,40.359787,-57.541027,0.0
73.86048,6.5133324,0.0,63.55291,-35.65958,0.0
-45.96907,49.864243,0.0,39.730312,17.411243,0.0
-49.934956,-24.23171,0.0,79.597115,7.9199805,0.0
83.564705,-83.17213,0.0,-57.908062,-58.956203,0.0
67.138374,21.771584,0.0,60.783108,-40.952587,0.0
-87.130356,24.495773,0.0,-56.89147,28.363913,0.0
-55.423573,78.17354,0.0,-27.640898,61.175694,0.0
-91.39279,96.40017,0.0,61.801926,-75.94029,0.0
86.27264,-76.600334,0.0,-62.77935,9.65486,0.0
73.14623,-68.091,0.0,53.39869,-77.99733,0.0
-10.696185,-13.995066,0.0,71.75337,79.78132,0.0
-7.2986665,46.832867,0.0,-30.302877,-64.72263,0.0
50.692226,12.847544,0.0,-58.310448,75.61184,0.0
-40.556713,-21.708471,0.0,-93.692474,39.00314,0.0
43.8951,-6.4050994,0.0,81.88152,-14.232868,0.0
51.149048,-56.540173,0.0,25.159525,76.17656,0.0
81.36653,-82.51962,0.0,-17.706787,-6.9251738,0.0
94.12649,36.808586,0.0,86.863,-27.27274,0.0
58.437527,72.65892,0.0,70.668076,37.396587,0.0
-92.49038,-18.398745,0.0,-48.06014,54.921745,0.0
-14.871693,24.490921,0.0,6.4821825,75.79478,0.0
-10.997771,-84.68442,0.0,-83.99636,47.649426,0.0
-80.9203,10.879599,0.0,57.59197,56.399067,0.0
88.322365,88.64497,0.0,-41.242813,-37.041157,0.0
22.482609,11.916708,0.0,53.584282,-83.32773,0.0
91.67197,-43.214367,0.0,-24.205217,63.743305,0.0
5.1095905,71.715034,0.0,-0.5963868,69.382965,0.0
35.222206,66.47744,0.0,-94.11965,53.01273,0.0
-88.03786,-2.6266594,0.0,7.4289494,66.6999,0.0
97.72103,-44.19596,0.0,-47.07843,95.37117,0.0
-5.4908423,68.59267,0.0,-72.5545,71.58987,0.0
9.549408,-28.85996,0.0,70.86102,-46.776466,0.0
-7.0497994,59.65817,0.0,-5.4055257,4.1610136,0.0
85.06964,-37.48865,0.0,48.73117,40.54122,0.0
60.693924,86.31883,0.0,-11.92465,-26.70709,0.0
-69.93713,-81.10046,0.0,6.086963,-93.99666,0.0
96.97961,-93.25973,0.0,29.164589,23.128328,0.0
48.082596,42.449566,0.0,-61.51424,-14.30224,0.0
-42.316822,94.62643,0.0,74.98899,-68.4233,0.0
-76.6954,-8.865767,0.0,7.8682756,22.687895,0.0
-15.670215,52.573235,0.0,-44.8534,-45.968494,0.0
1.2392813,-70.18599,0.0,-2.324664,-76.57862,0.0
-47.63852,70.37952,0.0,-25.667192,95.43795,0.0
38.206264,6.4300895,0.0,51.167274,-35.277176,0.0
76.0044,-75.793915,0.0,4.4323435,45.095535,0.0
-18.08862,24.76858,0.0,-60.604275,-0.28332815,0.0
39.332977,35.641575,0.0,-99.38744,74.40538,0.0
75.61412,86.44515,0.0,-61.07709,41.412815,0.0
32.06841,64.09334,0.0,-84.83431,-41.504524,0.0
45.821095,12.201019,0.0,13.404567,67.08935,0.0
-56.762283,54.29697,0.0,-95.9565,34.152008,0.0
67.44275,9.852455,0.0,-6.617398,-31.675377,0.0
80.04829,-74.56166,0.0,89.56331,63.977833,0.0
-36.354076,94.4705,0.0,-87.941505,53.402084,0.0
-19.146118,59.774204,0.0,-22.832815,-80.06953,0.0
-21.491758,97.793304,0.0,-28.782057,-83.10177,0.0
-39.599876,48.15939,0.0,85.782196,-92.34564,0.0
37.97922,37.531033,0.0,99.305405,26.784742,0.0
-40.20675,56.002857,0.0,-13.631422,-67.47378,0.0
-50.233368,-22.763254,0.0,-61.029682,-47.27627,0.0
55.595768,54.033554,0.0,72.404755,-82.69403,0.0
33.76126,-15.311718,0.0,-73.310265,-64.32121,0.0
-84.38181,85.72849,0.0,22.523712,-68.69354,0.0
1.2479954,46.802258,0.0,-58.686565,29.463312,0.0
-40.57448,-85.62474,0.0,-92.61361,53.508045,0.0
-6.8716574,62.142975,0.0,83.17318,-98.07432,0.0
-50.787434,58.981796,0.0,-60.951614,7.8609133,0.0
68.96124,34.705757,0.0,-83.332275,-58.105946,0.0
39.847794,97.09635,0.0,-84.960686,-14.281481,0.0
-98.60697,23.318975,0.0,83.1758,92.48008,0.0
-64.83706,69.346855,0.0,91.74751,16.105402,0.0
98.082245,2.5926774,0.0,52.142735,-48.534336,0.0
76.73998,50.607388,0.0,-77.59437,40.511,0.0
67.132355,77.89887,0.0,40.249817,-94.992744,0.0
91.70579,54.960087,0.0,36.56379,-68.22229,0.0
-93.560905,-64.61345,0.0,-72.68657,38.479332,0.0
-99.288704,28.561766,0.0,29.347727,22.470758,0.0
-78.47877,-70.26794,0.0,-55.38324,79.943596,0.0
26.524372,86.405624,0.0,-79.498055,87.44569,0.0
50.308964,53.65377,0.0,61.630527,-78.45883,0.0
74.56487,-46.724026,0.0,-55.279953,-50.542664,0.0
28.827929,3.799515,0.0,94.98597,-41.776646,0.0
-54.734264,-1.4485686,0.0,13.334353,48.63465,0.0
-70.92024,53.66482,0.0,21.55786,68.935425,0.0
98.38712,-15.384357,0.0,-36.96052,69.02781,0.0
56.94083,77.44529,0.0,52.54165,-24.144241,0.0
36.789864,-48.04826,0.0,-40.465946,-48.184402,0.0
-95.26253,45.821304,0.0,91.294136,5.5476418,0.0
86.78312,6.141189,0.0,77.81365,81.39799,0.0
19.548237,-33.89083,0.0,99.768974,-37.66365,0.0
-72.71473,19.36016,0.0,-36.317364,-45.461617,0.0
-32.30889,22.705591,0.0,-47.94452,-5.7860136,0.0
97.944,-45.185673,0.0,25.137043,2.8363495,0.0
-89.74911,-34.2787,0.0,-2.0909944,78.924034,0.0
-9.288364,-0.25079072,0.0,-72.01999,-28.208746,0.0
36.00273,-30.78241,0.0,21.793365,87.46787,0.0
60.510956,-63.32419,0.0,73.72832,-84.390236,0.0
49.781868,60.21412,0.0,89.76514,86.97356,0.0
-50.47323,-35.909767,0.0,5.314214,67.649734,0.0
-1.0412737,57.430565,0.0,-36.05947,-80.91128,0.0
-46.83879,-83.69546,0.0,77.77173,-7.237723,0.0
37.04641,99.24522,0.0,-87.04863,88.88912,0.0
-46.366196,-51.315186,0.0,-97.38886,44.849087,0.0
42.734436,-43.363346,0.0,-98.68197,61.524685,0.0
81.5544,-53.791645,0.0,-1.6824416,77.00176,0.0
-35.013905,-83.37346,0.0,96.389946,-46.959923,0.0
8.331429,94.45598,0.0,21.334703,22.30903,0.0
65.62021,-69.839294,0.0,-49.91477,62.544094,0.0
-45.53033,-12.814674,0.0,85.75146,-40.835648,0.0
-56.282074,0.12124548,0.0,-13.981307,-64.60537,0.0
-60.595573,-5.1331143,0.0,10.412788,-35.185677,0.0
67.83484,93.022705,0.0,-56.560017,-22.429037,0.0
20.447327,-87.24759,0.0,-46.52497,-58.130222,0.0
-62.339405,-16.461412,0.0,86.25763,38.43526,0.0
-18.450935,90.51406,0.0,-42.965065,-83.81201,0.0
31.11861,96.43913,0.0,-3.2688982,-20.961401,0.0
-75.69912,20.668028,0.0,-87.614655,-44.226086,0.0
96.69733,-83.48987,0.0,-26.30337,-38.78894,0.0
85.72127,95.178665,0.0,87.81627,-45.622337,0.0
-95.19805,48.215668,0.0,4.4577703,89.340065,0.0
58.053814,-30.957973,0.0,51.2153,52.524006,0.0
84.51102,56.168285,0.0,-71.11152,75.67271,0.0
-9.387001,-3.8556042,0.0,-16.496382,73.3818,0.0
-16.133593,68.61691,0.0,-11.630244,-6.322827,0.0
-10.312258,61.579826,0.0,-50.83047,61.66809,0.0
-86.04734,-69.36911,0.0,-37.25221,37.363136,0.0
-47.543343,2.3410292,0.0,-52.246494,-25.312214,0.0
6.3697805,-95.69529,0.0,-91.90684,21.413786,0.0
-8.775592,-3.1071808,0.0,-80.6057,-82.510666,0.0
93.478806,76.47814,0.0,-14.013118,-96.67638,0.0
26.934572,-72.85017,0.0,51.210644,33.487633,0.0
13.133467,65.20634,0.0,43.550938,51.30802,0.0
38.94261,-44.488373,0.0,-71.2217,63.351078,0.0
73.82589,-60.077606,0.0,39.48166,-93.150185,0.0
-72.79719,-51.81638,0.0,-37.495785,-16.792107,0.0
-44.609703,43.054142,0.0,57.41181,60.360687,0.0
79.49719,-92.582565,0.0,-76.62801,-47.504547,0.0
-40.68191,39.15783,0.0,65.15127,79.32811,0.0
27.471788,-39.599564,0.0,78.91921,-45.157314,0.0
-3.0938466,52.933636,0.0,26.521217,22.371685,0.0
-94.488304,-75.41428,0.0,21.021881,93.172005,0.0
-6.996365,94.7471,0.0,90.03811,63.80994,0.0
-63.09837,58.473934,0.0,29.409761,-25.332006,0.0
89.14481,-26.83389,0.0,-80.002625,-18.05588,0.0
68.670105,93.61893,0.0,-95.50758,-78.93622,0.0
-73.147995,-65.93587,0.0,4.298021,78.741684,0.0
49.481113,-67.95535,0.0,43.124226,3.5024543,0.0
52.44432,-90.84651,0.0,-78.881386,-11.904928,0.0
46.565193,-33.865337,0.0,38.00398,-29.719326,0.0
14.8346615,67.26558,0.0,97.72191,4.0121956,0.0
-93.79002,32.609222,0.0,-87.40325,48.393353,0.0
-84.11654,95.556595,0.0,19.121086,-95.31982,0.0
-97.948906,-12.830999,0.0,-96.809204,-32.755695,0.0
69.92279,-34.162277,0.0,45.08658,63.798344,0.0
-50.32155,-91.79133,0.0,53.226982,95.24301,0.0
32.81022,52.701214,0.0,17.298243,53.6073,0.0
22.158665,65.73533,0.0,93.61332,27.244272,0.0
-31.128933,54.526943,0.0,72.96973,-87.520615,0.0
51.00817,83.73007,0.0,79.33335,72.1888,0.0
60.79604,-29.463017,0.0,-57.612835,-17.440342,0.0
-45.000298,27.222572,0.0,-13.540145,83.12412,0.0
41.745716,-73.113785,0.0,62.813385,21.221922,0.0
-69.74876,74.81756,0.0,-99.87065,73.698555,0.0
-79.139725,85.25775,0.0,85.59559,-53.187847,0.0
-38.16341,88.41354,0.0,-16.437977,-17.030716,0.0
-36.996212,-93.654076,0.0,34.597443,56.75304,0.0
-42.156406,0.38487393,0.0,-29.46881,92.05758,0.0
-97.216484,-12.017733,0.0,-34.49102,-88.39177,0.0
-13.054332,69.59314,0.0,-10.156539,67.89954,0.0
-93.18338,94.58848,0.0,-36.734837,-36.73089,0.0
82.00624,96.89968,0.0,-85.032455,98.313354,0.0
-46.366203,54.00707,0.0,92.93934,68.956955,0.0
-11.79528,-16.482328,0.0,93.5377,-30.622696,0.0
-74.3413,45.273174,0.0,5.5849934,-22.832815,0.0
-37.04553,-49.279568,0.0,-59.479485,17.176834,0.0
-91.27135,-35.577576,0.0,-0.960511,61.4006,0.0
-91.631744,90.03907,0.0,6.1796346,47.725086,0.0
-95.291725,-4.0809965,0.0,99.93446,73.859344,0.0
4.0185065,-92.912315,0.0,-49.83533,10.567402,0.0
-60.329453,-89.98446,0.0,-73.503716,-43.371193,0.0
-71.026634,97.09106,0.0,8.94803,-36.328716,0.0
-60.638073,-15.37848,0.0,35.99132,-43.6928,0.0
32.55071,-47.304176,0.0,84.27064,80.54937,0.0
39.448727,58.92522,0.0,-59.261604,-21.430487,0.0
-81.05803,-11.723867,0.0,-70.40141,-69.470276,0.0
15.403478,14.333817,0.0,84.402756,0.74725825,0.0
32.97396,15.757076,0.0,-82.67109,-35.187225,0.0
-69.41617,78.979126,0.0,-66.764885,-44.532467,0.0
99.57623,95.33589,0.0,76.82326,27.38142,0.0
11.334118,50.26917,0.0,31.834816,-1.4717387,0.0
-40.31684,-94.67307,0.0,-71.04695,-73.77199,0.0
37.757584,97.94391,0.0,-99.01266,-4.714086,0.0
82.246155,-75.39529,0.0,-41.586075,-90.08928,0.0
97.12116,-71.49336,0.0,-26.98002,57.952873,0.0
-77.415344,-8.782262,0.0,-85.55205,-11.698586,0.0
85.18554,88.96575,0.0,-35.478092,-56.353966,0.0
99.991394,38.241062,0.0,77.294174,-71.22411,0.0
-43.925083,6.712779,0.0,-65.00539,61.90884,0.0
28.933617,63.201912,0.0,-12.463305,56.4208,0.0
22.707502,20.275166,0.0,27.560108,-95.43185,0.0
54.01006,-76.10302,0.0,-52.10905,-21.842783,0.0
97.70017,-18.914188,0.0,4.475628,-35.262386,0.0
82.93477,-88.01852,0.0,-46.71377,-39.891296,0.0
-77.54058,59.944374,0.0,29.132748,17.972208,0.0
6.9809995,-62.33811,0.0,-53.83075,67.91769,0.0
-0.019603537,-94.71024,0.0,98.17213,26.837658,0.0
52.03617,-54.255985,0.0,-64.64489,-87.27568,0.0
40.91877,19.496284,0.0,-14.496032,97.60821,0.0
12.877042,57.98816,0.0,-50.403145,83.16668,0.0
-58.354324,65.40424,0.0,56.922085,59.48362,0.0
76.39153,-72.10397,0.0,-74.58368,-39.204422,0.0
-19.317215,-30.034403,0.0,-68.2709,-58.704506,0.0
-39.270393,5.1766534,0.0,1.4481353,-72.221634,0.0
-51.668503,-69.12301,0.0,-56.3335,-22.221031,0.0
84.94279,89.19032,0.0,-85.914185,-72.395096,0.0
-43.600937,-89.950775,0.0,-80.34778,3.9390738,0.0
-88.702,-31.798515,0.0,35.615627,-8.724079,0.0
73.0494,56.509327,0.0,-67.847244,-76.89119,0.0
-95.24529,73.54565,0.0,73.19456,-32.665863,0.0
42.05714,57.56035,0.0,31.859314,-12.520901,0.0
69.66639,43.648193,0.0,-31.630543,-69.50737,0.0
-84.657814,-76.08957,0.0,89.35867,46.931717,0.0
-82.05614,-66.66243,0.0,-96.16542,-46.75292,0.0
89.291046,-4.2392454,0.0,34.785076,25.305143,0.0
-96.00197,-14.269738,0.0,59.121696,39.74544,0.0
9.088103,10.187692,0.0,17.876755,-77.04152,0.0
-1.2084547,76.99262,0.0,45.30747,17.14099,0.0
-33.491257,84.80511,0.0,38.23052,29.631775,0.0
-17.478075,-21.296745,0.0,74.27609,35.575497,0.0
-79.85255,46.566452,0.0,-8.74229,-68.173454,0.0
-81.6701,-64.58841,0.0,-76.331955,47.745983,0.0
-82.102745,17.863136,0.0,86.02644,84.854645,0.0
76.55383,-62.93215,0.0,-85.53273,-48.063435,0.0
-93.11785,-9.354341,0.0,-55.110424,49.841515,0.0
84.41162,-15.97356,0.0,39.252567,-24.72591,0.0
-30.331871,-33.99325,0.0,-44.20283,4.644112,0.0
84.94096,-78.54686,0.0,-47.075695,92.67734,0.0
51.77513,84.34764,0.0,78.40696,-59.66667,0.0
38.186916,0.8604184,0.0,-88.228165,-51.630207,0.0
-77.04546,3.871326,0.0,-69.52296,-51.683483,0.0
72.4443,90.549034,0.0,-41.782467,-28.025372,0.0
-84.38089,8.767614,0.0,-26.991571,-66.380615,0.0
-16.594385,3.215539,0.0,-54.159935,-60.23264,0.0
-9.185358,76.53265,0.0,12.238267,-74.67762,0.0
30.927986,-39.745567,0.0,-27.620634,24.477394,0.0
60.75446,29.01366,0.0,-53.84569,51.163437,0.0
69.258354,-56.948944,0.0,-85.505936,3.7691205,0.0
44.520065,80.056404,0.0,66.35457,76.69277,0.0
-37.34936,-89.448074,0.0,-79.08091,-15.284405,0.0
-93.78119,-84.42933,0.0,-72.54362,-46.211246,0.0
12.576332,-37.180546,0.0,-25.638714,24.06979,0.0
-17.484207,47.462753,0.0,-99.39449,89.37728,0.0
72.17265,-42.65538,0.0,-57.500008,-53.01167,0.0
77.98809,78.13926,0.0,51.653557,13.830825,0.0
-37.156837,93.5826,0.0,-15.055692,63.46995,0.0
21.203058,-78.57681,0.0,93.70713,71.150566,0.0
70.30822,-98.03985,0.0,37.31223,-15.433056,0.0
-3.2914312,-23.408741,0.0,39.17494,19.402954,0.0
-51.572693,14.462538,0.0,32.586872,57.89857,0.0
80.16754,35.002098,0.0,-17.548021,55.283886,0.0
-56.888783,-43.623886,0.0,-27.317656,-79.364395,0.0
47.830746,61.88897,0.0,-34.421764,77.80617,0.0
-83.27167,11.418657,0.0,46.861607,-38.060307,0.0
88.712845,-76.96177,0.0,-68.30616,43.10728,0.0
-18.191788,77.78745,0.0,-78.45551,-25.36603,0.0
-11.778151,54.927174,0.0,75.278625,53.57244,0.0
-70.49956,-20.27698,0.0,-35.731216,-59.490524,0.0
41.206497,33.970886,0.0,-62.943813,98.12304,0.0
-37.92743,1.6976519,0.0,48.593807,-0.76541924,0.0
85.64944,51.999355,0.0,-35.599747,18.84255,0.0
-14.25744,-15.706296,0.0,-1.689749,-24.847378,0.0
-50.259487,43.298676,0.0,5.5951858,58.880756,0.0
-63.39148,-65.61331,0.0,19.639566,-93.00185,0.0
-95.96889,-40.910038,0.0,14.048858,61.04615,0.0
51.830063,23.618675,0.0,-4.1424303,-81.685295,0.0
-2.192074,-76.56726,0.0,51.454647,99.004715,0.0
-37.817223,32.101444,0.0,-55.310112,-39.452908,0.0
-13.492761,-5.745939,0.0,90.16642,26.037493,0.0
-29.004461,97.725655,0.0,-81.17964,-19.259018,0.0
55.426983,-93.419785,0.0,74.26667,36.05726,0.0
57.563828,43.57614,0.0,85.42653,44.73397,0.0
32.87676,-66.73728,0.0,13.1463995,94.620834,0.0
-32.416153,6.1853433,0.0,16.345873,65.29754,0.0
-33.706276,0.9780886,0.0,-29.720999,90.0003,0.0
96.66248,-36.82807,0.0,35.76895,97.25315,0.0
91.897026,16.966024,0.0,-89.45211,9.859848,0.0
94.77268,63.523262,0.0,36.163883,-6.887159,0.0
-17.849205,75.68359,0.0,97.81571,-9.0383625,0.0
-54.146915,29.677494,0.0,77.56843,-34.097157,0.0
-43.954025,-39.74073,0.0,50.719723,-90.401146,0.0
-21.583572,83.2469,0.0,-80.25694,-54.394726,0.0
-84.57237,88.65144,0.0,23.869478,-11.640813,0.0
-64.51696,-22.136583,0.0,-41.049862,99.09266,0.0
-31.990206,48.859463,0.0,-84.447815,-57.34058,0.0
-20.322588,97.564224,0.0,73.813705,-83.51395,0.0
-67.99293,66.20632,0.0,59.063282,-96.05965,0.0
77.79835,-10.321809,0.0,-2.8285768,76.60962,0.0
-95.87288,93.14908,0.0,8.324231,-39.185295,0.0
75.30176,9.711396,0.0,97.06481,17.256643,0.0
-90.56123,85.73271,0.0,57.261585,-45.28945,0.0
82.81721,-45.59718,0.0,-3.0319562,11.716629,0.0
-97.76908,-51.534855,0.0,35.755196,-53.782215,0.0
-77.17705,-51.89759,0.0,-38.666275,92.315796,0.0
-93.43691,60.57172,0.0,91.059395,28.240414,0.0
15.734562,-19.245163,0.0,77.294495,-5.1015925,0.0
0.69900227,75.73422,0.0,70.4174,-31.070627,0.0
-13.048109,95.19231,0.0,45.154404,0.53988576,0.0
-54.05054,65.251625,0.0,-96.38329,84.55058,0.0
33.21826,-3.2005982,0.0,33.264133,-23.851952,0.0
-28.91005,68.69915,0.0,25.042488,83.874596,0.0
71.39676,9.230917,0.0,-17.66984,-78.435265,0.0
-70.08938,-77.865364,0.0,-99.507416,43.68942,0.0
97.95223,-47.7412,0.0,-73.30026,33.898064,0.0
78.61725,-9.000489,0.0,-57.635475,-77.09237,0.0
-37.215492,48.378365,0.0,59.02025,-43.957752,0.0
44.053585,37.4566,0.0,-80.84916,84.51449,0.0
-67.901985,60.39206,0.0,-80.699394,-76.78071,0.0
-43.91977,-4.628203,0.0,-53.194572,64.3123,0.0
-59.49448,-22.722418,0.0,70.76152,-87.72104,0.0
95.73911,90.53379,0.0,-42.3983,-25.520462,0.0
-18.842482,-84.28777,0.0,-20.156,-38.46679,0.0
-23.509518,24.676302,0.0,45.65001,28.91825,0.0
88.42486,-88.3402,0.0,60.404804,91.2552,0.0
-11.2783,-14.806645,0.0,84.8071,99.68885,0.0
71.02591,-50.722885,0.0,-63.86169,95.623085,0.0
-17.034872,-22.54512,0.0,31.93805,-11.593315,0.0
-31.980894,38.371414,0.0,-60.594257,-89.21506,0.0
-63.114803,-39.381943,0.0,-7.5464926,-73.22533,0.0
-12.947547,84.138275,0.0,-30.996634,-89.05346,0.0
75.90548,-43.305954,0.0,-25.381554,72.97157,0.0
-44.191837,-86.49514,0.0,57.232986,-66.34707,0.0
82.77208,50.65289,0.0,71.51842,-49.250916,0.0
53.997055,81.184,0.0,-31.830244,58.775208,0.0
-14.988354,-3.3386767,0.0,-35.95091,43.647385,0.0
-18.37084,61.218376,0.0,22.385838,65.0825,0.0
-60.15139,94.4685,0.0,-69.092255,57.521126,0.0
48.62079,-44.7618,0.0,-41.037697,88.625336,0.0
89.759285,-21.871893,0.0,-41.086056,-85.876686,0.0
-72.58381,49.602226,0.0,-51.370182,34.94202,0.0
-12.501107,-37.523293,0.0,-14.39796,-87.81526,0.0
-51.223686,91.49419,0.0,92.232185,-26.64902,0.0
20.327166,-67.41464,0.0,35.41076,-60.964558,0.0
33.676804,-70.839035,0.0,-88.32384,-1.6560566,0.0
26.59729,21.338787,0.0,-3.8335886,88.87749,0.0
-76.85376,-3.2562802,0.0,-5.535676,-12.654693,0.0
39.6882,-82.762794,0.0,-58.567665,-45.959976,0.0
-7.129179,2.0061383,0.0,-59.27894,50.246628,0.0
40.612144,-9.283733,0.0,51.37814,50.895985,0.0
80.553764,-70.656296,0.0,96.60528,15.479876,0.0
-13.205485,-11.636589,0.0,65.65787,85.633766,0.0
-13.928383,9.380177,0.0,-53.908577,-21.54188,0.0
-23.001186,56.5243,0.0,-38.05614,74.836105,0.0
-50.97619,-48.98811,0.0,-81.02216,-22.307331,0.0
39.573334,-87.77726,0.0,-29.390705,76.495285,0.0
-67.5562,-92.45373,0.0,-57.05512,74.942856,0.0
85.203415,76.47183,0.0,75.16891,-17.116629,0.0
-40.22915,-28.674683,0.0,35.983513,-50.39133,0.0
-73.8904,93.27259,0.0,-19.220789,82.235535,0.0
74.93197,98.559044,0.0,-0.65833277,19.261253,0.0
-94.20865,-9.336656,0.0,-70.75164,7.472418,0.0
-6.9340205,-68.45628,0.0,3.9838505,-31.79652,0.0
-95.956184,58.828316,0.0,-33.565937,-96.688896,0.0
-93.6227,24.749376,0.0,-90.77306,29.890705,0.0
41.05904,-37.08567,0.0,-0.88619727,88.899155,0.0
86.95304,67.165634,0.0,-75.27286,75.57954,0.0
-62.51575,-61.628807,0.0,48.98838,84.76394,0.0
16.456547,-21.508608,0.0,-36.834846,-74.420555,0.0
30.5797,-7.2861476,0.0,-19.673378,0.9689356,0.0
-66.55702,-52.51773,0.0,62.187904,9.412,0.0
-64.8379,-52.834126,0.0,34.082897,81.829666,0.0
-39.08277,35.54738,0.0,42.394176,35.071598,0.0
84.71793,-33.219074,0.0,-19.824043,-80.13948,0.0
-79.81833,-88.99212,0.0,-32.2651,-48.24821,0.0
-8.218863,-12.064349,0.0,21.552126,76.60486,0.0
42.903496,64.666695,0.0,-36.416878,-12.826493,0.0
97.14187,42.82215,0.0,-37.238922,-85.55657,0.0
22.293917,77.354866,0.0,-42.675186,21.785355,0.0
-98.45297,81.74811,0.0,77.38823,-96.01753,0.0
-3.1371362,24.724295,0.0,-53.026314,-94.02954,0.0
63.483437,87.930824,0.0,-7.341784,-87.26259,0.0
-89.49819,55.688625,0.0,-74.40161,-96.033,0.0
-36.434338,67.302345,0.0,75.02666,79.95005,0.0
85.092964,-72.855606,0.0,18.273977,-88.10093,0.0
33.558083,21.862267,0.0,42.672546,-5.110217,0.0
-95.75408,38.48539,0.0,56.616856,64.05147,0.0
-55.57508,93.05231,0.0,-36.96061,-92.08432,0.0
97.15322,0.16340935,0.0,3.3078625,-92.73705,0.0
73.4107,-82.12674,0.0,2.512083,-96.2459,0.0
4.989311,64.66289,0.0,97.981804,-24.931454,0.0
19.85909,98.40652,0.0,-68.82942,68.79357,0.0
79.9225,82.16484,0.0,88.662025,4.0460978,0.0
88.611084,-18.636457,0.0,-47.67936,76.87709,0.0
-45.26002,-79.25164,0.0,-68.24634,13.627338,0.0
94.227165,84.0476,0.0,-91.56042,29.8044,0.0
-24.307205,79.520424,0.0,63.579147,10.590278,0.0
61.790733,-44.951317,0.0,25.94162,20.823843,0.0
70.41766,78.212,0.0,-2.410404,-87.43601,0.0
-41.10886,55.583843,0.0,-80.672134,-9.726289,0.0
-67.82415,-39.745987,0.0,-33.94378,-13.88001,0.0
80.128365,70.40619,0.0,-74.504196,-73.02654,0.0
-35.550087,15.908924,0.0,-86.32415,-8.537741,0.0
-71.928535,-78.64639,0.0,78.817795,-25.662664,0.0
6.4319825,11.097833,0.0,-18.366474,-15.065941,0.0
-35.412243,62.476482,0.0,-52.74994,86.12077,0.0
56.821293,-36.896744,0.0,46.009884,-14.894699,0.0
-81.70082,-52.929688,0.0,18.352892,-77.81379,0.0
-49.921604,-23.311354,0.0,30.993452,-53.65343,0.0
99.3458,-22.063498,0.0,-67.98866,61.08866,0.0
-79.4282,-1.2615671,0.0,-20.666803,22.69712,0.0
73.54045,-86.66262,0.0,-13.127349,-94.611755,0.0
-1.7261381,-80.07994,0.0,99.14039,-35.466618,0.0
32.882496,11.516729,0.0,86.06432,66.22588,0.0
68.83897,-83.07775,0.0,87.27495,-26.756031,0.0
86.66029,53.44169,0.0,11.086583,85.62959,0.0
35.807438,66.44516,0.0,-8.24634,18.721365,0.0
71.69433,-80.703255,0.0,-86.23583,-23.890556,0.0
-3.6284633,24.634972,0.0,65.167046,77.10336,0.0
-98.00805,87.42251,0.0,25.523977,-35.630672,0.0
94.652695,75.32985,0.0,-34.525204,-68.27398,0.0
-79.17401,38.960648,0.0,-36.30641,35.236603,0.0
-95.72778,22.028608,0.0,-15.371299,83.95293,0.0
-45.656513,-8.144332,0.0,-37.26819,43.173157,0.0
-89.747154,10.818135,0.0,-73.19195,-86.65264,0.0
90.450516,-76.84577,0.0,83.852356,77.19177,0.0
-45.99731,44.43568,0.0,-53.05746,-34.489647,0.0
-30.097786,-94.9367,0.0,-59.645042,56.889378,0.0
-4.348613,-85.00448,0.0,63.48462,50.174767,0.0
16.216108,55.55023,0.0,-37.98159,1.8594717,0.0
-39.42367,84.082695,0.0,62.960712,78.77318,0.0
-65.03629,-52.03055,0.0,3.1047096,-28.2147,0.0
-40.570137,-3.5277166,0.0,38.23543,-51.478596,0.0
57.465733,24.973915,0.0,-61.900276,78.895744,0.0
39.521324,81.00069,0.0,-76.76521,-34.146492,0.0
-91.1415,42.85232,0.0,59.646526,-93.47179,0.0
90.82257,-76.25123,0.0,-64.96466,-92.3326,0.0
-77.83838,-53.438877,0.0,-85.92198,2.552899,0.0
62.303738,-54.29312,0.0,-49.581417,19.893301,0.0
83.897484,15.322182,0.0,7.7218056,70.588295,0.0
-70.72539,-62.21404,0.0,71.886925,-48.749016,0.0
85.78692,41.67295,0.0,33.515972,-63.388557,0.0
48.405952,-19.015223,0.0,-16.92269,-25.259464,0.0
-68.42891,11.543361,0.0,74.47429,-86.097015,0.0
92.76251,72.634735,0.0,49.02195,1.7904508,0.0
88.85972,-53.056118,0.0,-54.453518,54.57438,0.0
79.77298,60.83994,0.0,77.96894,-22.040308,0.0
-69.77256,-91.48945,0.0,3.114127,-73.17854,0.0
81.62656,4.450116,0.0,-61.958008,-84.14308,0.0
1.56332,-60.37895,0.0,-89.63105,98.89749,0.0
-96.94413,31.209482,0.0,-8.094028,53.350227,0.0
86.348076,99.38989,0.0,44.031487,-42.55576,0.0
84.632904,88.3778,0.0,46.33904,38.339134,0.0
-57.679768,-31.29976,0.0,-87.92279,4.2713633,0.0
10.6977825,63.441105,0.0,-97.02091,45.155365,0.0
92.34645,57.91331,0.0,-64.12207,46.251667,0.0
-75.758606,30.707056,0.0,-45.832104,-99.721,0.0
-12.362798,-3.102198,0.0,-60.588154,-23.965937,0.0
-98.660675,-54.439217,0.0,91.52939,-2.8652568,0.0
-78.39311,49.47565,0.0,55.1129,88.64555,0.0
-68.94402,-90.30869,0.0,-52.342674,-51.54465,0.0
81.365036,-72.268394,0.0,53.005676,-90.564835,0.0
45.65728,45.77082,0.0,37.0011,-48.25532,0.0
-87.537544,-73.97005,0.0,-66.78269,70.18138,0.0
50.79218,-72.98119,0.0,-94.60276,-76.54139,0.0
-37.50711,97.70565,0.0,-69.965836,-24.249119,0.0
-30.032925,95.6191,0.0,46.83331,95.20107,0.0
94.851746,-4.717365,0.0,-97.23692,9.221411,0.0
-68.93425,81.902306,0.0,-5.813083,-85.21467,0.0
32.366917,26.74232,0.0,18.692274,-96.75131,0.0
46.093136,40.908173,0.0,-22.66099,-86.90564,0.0
-62.342022,-88.37601,0.0,26.575802,99.96618,0.0
-41.528603,-23.768093,0.0,-50.218613,10.804826,0.0
-39.21131,10.754264,0.0,-45.793922,31.576864,0.0
85.24549,-29.369122,0.0,-8.254237,96.30828,0.0
6.3866363,-87.87827,0.0,36.63425,-23.110971,0.0
-86.67939,-89.472885,0.0,-30.979116,-16.109158,0.0
54.376644,-37.785496,0.0,57.62892,7.5186105,0.0
55.579365,33.783527,0.0,-86.82285,-33.57924,0.0
84.82261,68.19884,0.0,56.330055,95.118935,0.0
-41.729424,56.387577,0.0,-29.522173,-99.47321,0.0
83.403786,37.362976,0.0,-44.11764,44.91117,0.0
78.42002,-54.064804,0.0,48.805542,-24.598974,0.0
63.575584,-88.9923,0.0,-82.17834,-60.066124,0.0
-57.952858,-92.95267,0.0,38.393845,86.956764,0.0
-60.188324,24.146278,0.0,86.09661,64.05837,0.0
-21.063183,90.7787,0.0,-17.735712,-96.42581,0.0
72.688385,-71.73251,0.0,56.676456,58.380146,0.0
86.70768,53.862408,0.0,-65.16386,85.86191,0.0
-4.9048595,69.8196,0.0,-23.320574,-66.344284,0.0
-49.75928,56.234386,0.0,-59.492733,-51.2953,0.0
-5.048575,-21.335136,0.0,-26.140688,66.190575,0.0
49.48936,-41.376072,0.0,-49.000526,-48.156944,0.0
86.79767,-23.327042,0.0,92.85347,-68.829605,0.0
-39.742237,28.064966,0.0,-6.086264,-38.959347,0.0
33.838696,-65.3529,0.0,-68.12061,57.496048,0.0
75.69977,76.33538,0.0,45.772064,8.720444,0.0
88.00712,44.733067,0.0,25.680079,45.852848,0.0
-94.81326,-99.50248,0.0,55.434055,-90.30023,0.0
-18.104992,66.744896,0.0,-65.216705,27.150064,0.0
-89.36293,80.03095,0.0,45.04463,99.22303,0.0
88.97937,-16.690924,0.0,-61.45434,-16.3836,0.0
32.40878,2.8570805,0.0,-92.91264,70.545784,0.0
3.7539637,64.236206,0.0,-61.597717,95.15839,0.0
-98.80137,60.344425,0.0,84.78593,-49.989063,0.0
97.50648,-7.1781096,0.0,-95.115234,-18.989973,0.0
-92.041275,-47.748398,0.0,-80.36087,-21.143383,0.0
-58.60035,12.033615,0.0,31.985733,-54.87618,0.0
58.25613,35.006184,0.0,37.67313,-88.93038,0.0
-79.46895,-27.341507,0.0,29.688837,97.9735,0.0
67.63454,99.93945,0.0,-35.5193,68.46552,0.0
61.497437,-25.499678,0.0,34.819954,-50.49002,0.0
-46.49405,-44.53339,0.0,-58.198265,72.825066,0.0
-30.64536,-59.34858,0.0,-99.492,79.8493,0.0
97.28549,6.02936,0.0,-63.216293,-30.356016,0.0
-68.82299,-44.336952,0.0,83.49765,-57.911995,0.0
-40.343227,47.670246,0.0,-85.80087,68.165085,0.0
1.1668277,99.57563,0.0,43.777004,-79.79348,0.0
-38.67137,-85.7374,0.0,-60.298218,23.771152,0.0
-45.534462,-31.55253,0.0,5.2735767,-89.93227,0.0
68.42,-97.3929,0.0,92.276436,-58.608826,0.0
-7.83438,52.798046,0.0,-21.076674,-99.841225,0.0
73.76,91.55367,0.0,61.350033,41.601555,0.0
-80.24552,-73.69986,0.0,57.02458,40.391747,0.0
-23.697351,47.88948,0.0,-58.43088,80.15723,0.0
29.169907,-94.46994,0.0,-63.800087,-58.942852,0.0
-35.44751,83.72678,0.0,-39.948513,52.266006,0.0
-21.055517,78.4468,0.0,-77.69232,-51.77254,0.0
-31.008814,-82.31195,0.0,-37.090355,-12.463794,0.0
6.3924417,-23.051785,0.0,50.56945,-66.407394,0.0
-99.64557,58.614933,0.0,-64.74492,-32.489876,0.0
88.42798,-4.6392894,0.0,75.28884,57.600304,0.0
-99.14981,92.65634,0.0,29.004208,-73.61531,0.0
23.290672,-76.60311,0.0,14.555726,50.915558,0.0
-83.82024,-39.47874,0.0,-81.79624,56.13014,0.0
-52.38193,-76.068275,0.0,44.975166,21.422739,0.0
-67.57614,-60.17467,0.0,-6.8058047,-25.442083,0.0
-91.40413,-98.79536,0.0,73.98184,28.252825,0.0
69.56267,-74.45098,0.0,86.748886,-72.26519,0.0
23.87172,-60.463657,0.0,-32.273815,-34.46021,0.0
-40.294617,90.895645,0.0,87.5451,96.519,0.0
98.6782,34.609867,0.0,-94.647385,-41.575294,0.0
-7.471146,78.95116,0.0,48.858337,58.679523,0.0
91.20933,45.288567,0.0,-55.420517,12.871423,0.0
-98.60076,70.19757,0.0,-27.134912,-37.006817,0.0
-89.190735,-3.6386456,0.0,65.34501,70.11915,0.0
44.85394,-1.7718846,0.0,91.01921,12.103848,0.0
23.342468,-81.25503,0.0,56.186634,98.30154,0.0
12.25761,24.35103,0.0,99.74696,78.957634,0.0
-33.22867,-21.812468,0.0,-22.584047,14.349876,0.0
-21.62294,89.30895,0.0,-73.26747,0.06843389,0.0
-10.587207,72.334236,0.0,-88.007835,59.90795,0.0
-43.488934,-77.322075,0.0,67.569,-60.326294,0.0
7.209208,82.83998,0.0,93.33981,43.406982,0.0
37.920322,9.706187,0.0,-99.038315,-56.960705,0.0
-31.22828,-40.577824,0.0,18.76741,60.08509,0.0
27.284945,85.10319,0.0,-37.13929,63.562622,0.0
-70.26096,74.78701,0.0,-9.538694,81.29173,0.0
-3.0038755,77.778625,0.0,71.63477,81.47735,0.0
-55.11952,81.36984,0.0,-42.489506,-29.193468,0.0
-16.415903,1.5513955,0.0,-65.471085,53.52738,0.0
-9.460832,-22.996418,0.0,-49.136932,-72.94196,0.0
-97.25806,-0.5444119,0.0,85.17739,-45.346664,0.0
-2.387507,-67.327194,0.0,-1.0960853,-17.667776,0.0
11.736381,-64.58046,0.0,14.072711,-20.076725,0.0
-11.924017,-60.47808,0.0,99.727875,79.37166,0.0
-65.720345,20.251099,0.0,0.1985462,-94.76846,0.0
26.709238,-68.06631,0.0,-49.25727,-96.70145,0.0
6.1098275,-91.254974,0.0,50.06883,-90.647736,0.0
83.74516,-77.58964,0.0,-93.065674,12.631698,0.0
91.89637,-54.03945,0.0,-2.5670004,20.243519,0.0
-55.88391,-84.43116,0.0,98.93039,-26.033499,0.0
27.442701,68.08522,0.0,-87.178986,7.8297286,0.0
-77.54545,45.34811,0.0,88.86645,22.149698,0.0
-18.113146,-71.09068,0.0,-56.596718,-65.798996,0.0
76.1946,76.58296,0.0,31.80908,-57.753635,0.0
33.04626,-30.301691,0.0,-35.10776,46.63314,0.0
-22.407341,45.886166,0.0,-34.61952,-8.129844,0.0
-57.886997,-46.810604,0.0,-52.348892,35.030148,0.0
51.700138,57.328762,0.0,26.758785,-66.31523,0.0
31.634953,41.0015,0.0,98.49302,-22.66046,0.0
-35.735477,57.23275,0.0,-60.59462,66.15823,0.0
7.1616926,49.783504,0.0,-69.26672,83.94323,0.0
57.13279,41.87371,0.0,21.63005,-95.88828,0.0
75.673134,18.287838,0.0,-92.68012,-14.437785,0.0
-81.82022,2.9534721,0.0,-87.224846,-28.716433,0.0
1.5085328,94.745705,0.0,-97.36732,56.380863,0.0
45.157784,-9.59979,0.0,-63.593502,81.61262,0.0
-75.361626,-25.178974,0.0,32.26786,30.422165,0.0
-90.30788,-87.97207,0.0,76.01868,83.55343,0.0
-99.084175,11.642542,0.0,-90.93997,-99.67393,0.0
91.162346,16.046251,0.0,36.399487,-32.505062,0.0
-17.26395,16.430996,0.0,-61.33259,75.28313,0.0
-83.07742,71.62204,0.0,-43.073326,95.36992,0.0
-5.3774114,95.17906,0.0,-79.26223,84.13967,0.0
87.90545,66.91275,0.0,5.266162,-81.832375,0.0
56.841713,77.77052,0.0,-91.95491,-85.321304,0.0
50.976246,31.919271,0.0,-20.059359,-85.7944,0.0
-70.029816,57.039803,0.0,34.71213,-9.717616,0.0
65.974724,-62.694706,0.0,4.420697,-35.701534,0.0
-44.97176,22.121067,0.0,-98.522316,-29.559576,0.0
93.815575,90.566055,0.0,38.585243,-68.391174,0.0
72.994835,91.26178,0.0,-50.047085,57.163853,0.0
-59.944794,-71.01013,0.0,-6.986231,-85.99215,0.0
-67.60715,5.686935,0.0,63.522274,26.323505,0.0
-69.02331,-54.36535,0.0,-15.843025,56.55225,0.0
-20.916613,-80.06161,0.0,92.93105,75.52331,0.0
-14.035197,49.65128,0.0,-44.912796,91.95478,0.0
-83.50223,72.81314,0.0,96.040215,81.85374,0.0
77.775116,2.0050893,0.0,-20.16648,-91.264565,0.0
45.24399,52.328903,0.0,-82.35045,-25.1072,0.0
23.971424,69.50234,0.0,23.080505,-65.73384,0.0
-14.319367,77.32328,0.0,-94.9703,34.482048,0.0
-83.026054,-56.143764,0.0,81.26427,-29.367994,0.0
-2.4888563,-64.32694,0.0,-94.32156,69.76811,0.0
34.177708,64.47516,0.0,20.924704,59.66815,0.0
2.859308,60.865055,0.0,80.50872,-73.44109,0.0
75.70242,-4.479521,0.0,51.441093,-20.768732,0.0
-46.04263,5.0601034,0.0,16.750425,-20.347807,0.0
84.59373,-85.4256,0.0,98.43443,-86.79069,0.0
26.858925,71.6767,0.0,-86.83846,-9.217525,0.0
96.80603,89.626396,0.0,-78.13234,49.664707,0.0
-70.964005,18.172482,0.0,31.91546,-75.28935,0.0
26.975008,99.53189,0.0,-61.335564,-52.376156,0.0
64.602905,-97.60265,0.0,38.84681,-28.520687,0.0
-57.155994,-17.327143,0.0,29.412384,-27.185545,0.0
93.738075,77.138985,0.0,0.88008934,-83.10432,0.0
-64.11463,32.257534,0.0,-44.77882,54.3506,0.0
-70.45294,74.35796,0.0,74.25159,17.601952,0.0
-38.427635,6.835039,0.0,-5.0192113,51.676765,0.0
39.705902,-6.0426774,0.0,15.018869,-31.545376,0.0
-38.29289,64.19451,0.0,89.90306,78.18305,0.0
-71.13611,-98.083916,0.0,75.30501,36.03294,0.0
74.74273,-79.531075,0.0,-75.80565,-75.551025,0.0
-99.88916,21.66388,0.0,-27.570244,50.46219,0.0
-10.98994,24.114235,0.0,-0.88549995,-30.44181,0.0
-31.671774,29.692907,0.0,-86.31186,79.47947,0.0
-6.297548,-0.58777976,0.0,48.17799,66.08086,0.0
83.61531,-61.763393,0.0,58.990185,93.334526,0.0
-69.73847,41.30635,0.0,69.42965,-53.173653,0.0
-35.521782,-71.94642,0.0,-46.892708,54.59815,0.0
82.66687,17.873173,0.0,55.00653,43.780064,0.0
-19.183346,-38.436375,0.0,45.09031,-10.65819,0.0
22.004519,-97.94111,0.0,-54.75962,39.133244,0.0
33.032623,-45.92399,0.0,60.348145,56.81058,0.0
-98.52375,-22.999237,0.0,-17.901423,1.2686816,0.0
-61.575203,93.04066,0.0,-74.64199,-72.94852,0.0
-53.490467,83.27939,0.0,-45.729103,12.299599,0.0
16.374605,22.932062,0.0,48.398773,-7.53639,0.0
7.2055483,-22.288126,0.0,-68.64931,-25.588654,0.0
73.94637,-40.417305,0.0,-41.954044,-22.65671,0.0
-13.868392,53.265472,0.0,-96.30218,-71.07923,0.0
-69.63131,-90.647995,0.0,-39.76689,-50.973568,0.0
-70.559975,76.05222,0.0,-7.002836,-23.714869,0.0
80.0921,-72.639565,0.0,-90.99481,57.913593,0.0
-83.932846,-58.02532,0.0,-77.7432,9.842826,0.0
-47.705063,10.764753,0.0,53.46174,-78.869995,0.0
-88.05026,-95.05759,0.0,-60.20265,-6.9611864,0.0
-92.364136,-57.94223,0.0,34.961395,92.999344,0.0
-34.955315,27.56042,0.0,-91.266,-78.172195,0.0
-60.231686,-71.30411,0.0,-70.25403,56.464478,0.0
97.127045,-85.32917,0.0,-74.32057,-81.53153,0.0
49.181927,-63.42627,0.0,-12.805096,-17.952164,0.0
99.14628,-40.182247,0.0,-46.11572,94.368195,0.0
-65.51084,-31.607615,0.0,-1.8813864,75.792404,0.0
-6.758793,73.36437,0.0,67.712204,-21.34607,0.0
-76.165184,-68.53597,0.0,-30.718208,48.0674,0.0
80.21797,36.595444,0.0,71.5308,78.353226,0.0
-93.310135,-43.408203,0.0,-48.433258,-61.34949,0.0
-43.92764,-19.41106,0.0,73.96863,77.38304,0.0
87.38908,-72.43703,0.0,-57.390793,-90.83753,0.0
-59.16082,-3.8047562,0.0,-43.83965,-56.1467,0.0
-30.510841,-48.90498,0.0,-55.809387,-41.031147,0.0
-47.32465,-27.067663,0.0,-11.397045,-83.73094,0.0
-31.689756,-38.138466,0.0,45.351215,-39.060734,0.0
80.03682,96.175255,0.0,-88.8238,94.37927,0.0
17.356663,87.482834,0.0,89.62538,-93.86508,0.0
99.777115,73.91621,0.0,63.91822,-89.0068,0.0
43.936455,99.30113,0.0,83.345116,29.337107,0.0
90.03386,-6.1999307,0.0,-36.08132,-83.87673,0.0
16.697845,93.451584,0.0,-84.64109,-60.511684,0.0
96.85549,-74.48305,0.0,-88.81572,-94.873924,0.0
59.558056,94.795616,0.0,-30.391788,-92.1709,0.0
-29.616913,79.2987,0.0,-92.9736,-51.765,0.0
87.137955,-49.91522,0.0,-66.45587,-1.335199,0.0
85.568054,67.3199,0.0,49.467476,-59.235203,0.0
94.46917,-22.499065,0.0,8.101719,-63.18092,0.0
-34.633423,-64.62347,0.0,-76.820786,-31.281952,0.0
-40.37736,48.173946,0.0,46.446552,-46.591114,0.0
28.963871,72.450554,0.0,56.92125,-23.691116,0.0
94.61,-83.18277,0.0,-56.98516,-15.257422,0.0
-3.3529296,-35.255634,0.0,-4.1343064,94.11947,0.0
-20.845833,10.415343,0.0,-41.450035,96.81192,0.0
-11.179287,6.3743477,0.0,74.72371,99.11378,0.0
-52.388832,-74.84262,0.0,-89.914696,65.38878,0.0
18.19013,24.713482,0.0,-89.26915,54.768505,0.0
29.610077,22.370354,0.0,24.118536,57.47063,0.0
39.456867,-52.022243,0.0,79.31343,-13.865263,0.0
-38.99938,87.30211,0.0,-86.762024,-84.4966,0.0
59.800068,55.539642,0.0,-78.05531,-60.24912,0.0
74.77059,-68.146034,0.0,-55.0307,-56.76283,0.0
-28.578804,-66.760635,0.0,51.772583,75.78471,0.0
-86.82531,-73.41511,0.0,77.54413,-58.086403,0.0
63.513275,35.719063,0.0,46.20983,26.701775,0.0
41.006958,2.9344108,0.0,36.637672,-93.058556,0.0
48.648216,93.1064,0.0,29.481512,10.108574,0.0
-12.988321,-11.68345,0.0,-68.43043,-91.97583,0.0
44.143147,86.949455,0.0,-11.76968,-91.33267,0.0
-99.07729,-93.337585,0.0,-83.24616,39.798824,0.0
-89.51533,55.74666,0.0,84.388336,59.915104,0.0
-5.603552,72.90513,0.0,-94.788216,3.0881264,0.0
5.0169196,-67.28262,0.0,92.22036,-70.35827,0.0
76.51695,10.811352,0.0,26.92962,-81.12529,0.0
-19.44393,-91.308754,0.0,50.454033,-45.84564,0.0
37.44301,76.18466,0.0,-32.733055,-45.60141,0.0
-24.36229,-36.248455,0.0,7.4930234,68.10108,0.0
23.308887,95.77277,0.0,-4.8411393,-97.27539,0.0
-73.36156,84.31504,0.0,70.89546,-54.733463,0.0
-33.131065,71.62225,0.0,68.976326,71.06969,0.0
-87.487686,-41.926155,0.0,-58.919006,-2.6399376,0.0
-46.29099,-42.764175,0.0,70.44827,90.44757,0.0
12.644006,46.2688,0.0,96.464355,2.2346044,0.0
-40.67697,28.152477,0.0,39.41346,-32.185715,0.0
-1.82049,-31.945528,0.0,30.727036,37.959576,0.0
-39.383324,72.87901,0.0,-39.352146,-27.413315,0.0
76.0967,-76.40585,0.0,-79.67432,-67.208786,0.0
-5.1747904,23.29331,0.0,-90.875175,69.12263,0.0
-57.138107,17.189455,0.0,43.822254,-15.7852,0.0
67.25574,-71.28393,0.0,-45.979153,-65.28764,0.0
0.45223317,-33.95211,0.0,72.20859,54.699738,0.0
89.020615,74.21798,0.0,-12.567796,-35.851593,0.0
-67.44672,-85.08162,0.0,80.26196,74.039665,0.0
-77.791504,-46.963356,0.0,-82.81831,-48.343517,0.0
86.071495,21.676039,0.0,59.900856,20.42823,0.0
-59.896355,64.004036,0.0,0.34323984,68.434425,0.0
69.68898,-44.3732,0.0,-2.7523913,99.899124,0.0
69.244194,68.460915,0.0,-35.059708,-1.7417128,0.0
77.22655,-97.0882,0.0,-58.76817,-0.25099325,0.0
-57.814816,94.49223,0.0,13.383645,48.76915,0.0
87.087006,-60.585472,0.0,-77.05563,7.1080613,0.0
-65.555016,-4.6424007,0.0,73.17524,49.213066,0.0
-65.23959,-97.4155,0.0,13.562718,23.551859,0.0
-45.56966,-27.492598,0.0,27.357216,20.518219,0.0
88.226654,41.60096,0.0,-21.945293,-26.951696,0.0
46.92771,-30.360188,0.0,1.6786939,89.649574,0.0
17.816538,-26.301132,0.0,50.429882,-25.68253,0.0
19.855394,55.852215,0.0,-39.707096,46.14346,0.0
53.444546,33.6143,0.0,-2.431569,75.00223,0.0
84.69064,-91.56351,0.0,-65.527695,32.49706,0.0
-35.441338,82.39456,0.0,3.507165,53.67656,0.0
11.817452,-82.647934,0.0,84.23751,43.6219,0.0
-64.19881,-71.35452,0.0,96.034096,-53.868587,0.0
-23.17574,24.52064,0.0,-85.73972,-80.844406,0.0
47.471077,2.0739198,0.0,43.919445,12.655157,0.0
73.66138,38.400227,0.0,68.88619,-80.72084,0.0
95.262985,66.30519,0.0,30.185156,40.3341,0.0
-76.6915,83.36677,0.0,89.90288,-93.65621,0.0
95.343796,-18.102638,0.0,93.20542,-96.23718,0.0
13.968638,21.264582,0.0,24.744339,65.4001,0.0
-5.8155904,62.78843,0.0,-47.827255,-70.195366,0.0
77.067,-5.7452655,0.0,-51.38842,-55.466076,0.0
41.854397,6.4222217,0.0,41.11916,-61.8381,0.0
-68.51298,12.2176485,0.0,1.877591,47.010883,0.0
49.276863,-61.297104,0.0,-69.192184,-32.93233,0.0
76.116486,21.36629,0.0,72.145706,-96.91701,0.0
-29.188862,-99.52937,0.0,55.913593,82.57031,0.0
91.529686,69.62215,0.0,-52.47482,-36.15466,0.0
22.731953,92.52407,0.0,25.395485,23.09997,0.0
-74.87516,-28.668095,0.0,-39.619164,96.76247,0.0
6.21579,-71.24455,0.0,-99.89551,-10.39147,0.0
-95.44347,8.524931,0.0,27.698864,64.16335,0.0
84.76407,-33.130085,0.0,76.068375,45.255787,0.0
-41.89935,31.940895,0.0,-80.29698,12.131373,0.0
42.982563,37.97655,0.0,77.42532,13.454596,0.0
42.669945,-86.38946,0.0,98.327034,19.930077,0.0
76.636505,-44.965286,0.0,-84.23708,62.24338,0.0
-34.47905,-69.044044,0.0,-71.704124,-70.44652,0.0
80.63542,-78.075325,0.0,-44.926422,-65.991455,0.0
-97.09481,-21.82104,0.0,74.329666,53.9702,0.0
9.279191,23.272425,0.0,82.789635,66.17698,0.0
98.420715,85.354126,0.0,-50.008884,7.7517676,0.0
-91.09353,-59.137558,0.0,99.51782,-69.49875,0.0
-8.875022,-16.622833,0.0,-62.459736,10.436917,0.0
-7.362287,-13.930652,0.0,61.42801,-77.90901,0.0
48.782978,61.45343,0.0,-9.780858,96.006294,0.0
-60.983376,99.80503,0.0,-37.30339,-88.88381,0.0
60.95389,-83.35613,0.0,-90.19693,6.1167955,0.0
-77.5508,71.43383,0.0,-58.006477,28.630352,0.0
-63.0719,-71.51195,0.0,19.171427,-70.57552,0.0
49.192467,-51.278328,0.0,46.329227,-17.755913,0.0
-89.63669,44.84765,0.0,48.242897,-94.80492,0.0
-65.69811,57.553112,0.0,46.309795,-98.05839,0.0
6.596416,53.46864,0.0,52.915997,-20.536552,0.0
77.914696,-97.020195,0.0,94.07813,43.10108,0.0
-94.777405,15.240739,0.0,-46.635338,-69.597916,0.0
28.871521,54.99306,0.0,-73.35249,-79.214516,0.0
57.381584,64.73494,0.0,-19.504389,23.58438,0.0
70.82903,89.42911,0.0,-76.99063,77.31457,0.0
-20.808891,98.52763,0.0,27.451283,-33.151188,0.0
-91.905396,99.86982,0.0,82.943794,62.4473,0.0
-18.02497,48.599163,0.0,-55.727314,73.333084,0.0
29.102985,64.11569,0.0,-47.018627,-88.37612,0.0
-46.641346,-5.05222,0.0,29.018023,-28.857359,0.0
-50.029327,38.898052,0.0,84.635376,68.24602,0.0
58.867184,97.81172,0.0,-85.692986,87.09995,0.0
58.246212,61.381187,0.0,-40.56417,39.71789,0.0
-96.76482,-75.51755,0.0,7.310875,-79.80015,0.0
-51.75772,16.476866,0.0,-65.45725,6.3278155,0.0
81.910225,-65.02622,0.0,62.913605,20.125587,0.0
24.384583,95.01287,0.0,31.710222,21.139229,0.0
69.53785,-34.717983,0.0,36.21821,89.51749,0.0
30.902239,-45.348095,0.0,90.172714,-69.78842,0.0
89.80364,53.970387,0.0,82.23653,-76.1324,0.0
77.89511,-15.192319,0.0,84.83113,93.873405,0.0
67.66957,-59.239204,0.0,77.243,-29.156425,0.0
37.623592,47.606934,0.0,54.133102,12.838295,0.0
-97.685356,13.6079,0.0,-75.051384,52.929653,0.0
-16.310102,1.7077726,0.0,-94.16586,21.020319,0.0
89.41712,17.178013,0.0,-74.98078,48.124336,0.0
15.424518,-28.57577,0.0,57.509823,-49.799725,0.0
-79.708916,12.147507,0.0,15.629234,85.737144,0.0
77.45968,65.28285,0.0,7.171474,-92.228165,0.0
-99.98073,67.03019,0.0,-39.36537,20.156807,0.0
70.793755,87.64105,0.0,-96.49818,25.786287,0.0
-61.782078,71.3189,0.0,75.114334,52.5789,0.0
-13.0771475,-33.956554,0.0,81.04434,-69.95641,0.0
-25.977745,45.79497,0.0,79.48963,51.771175,0.0
-90.90136,65.11182,0.0,-39.4708,-22.740875,0.0
-64.155174,-25.172571,0.0,85.670074,-18.336142,0.0
42.851997,-50.84427,0.0,-26.061934,-93.84642,0.0
-43.64607,-56.426655,0.0,-79.528824,-46.020164,0.0
21.223253,-71.36459,0.0,76.67278,45.34778,0.0
-2.2303154,-99.64943,0.0,-58.847717,35.282677,0.0
46.95111,92.80145,0.0,-92.436295,63.508694,0.0
65.846725,97.004074,0.0,6.9596906,-84.03332,0.0
40.06792,15.586108,0.0,24.831657,-16.840254,0.0
-63.432602,76.771324,0.0,65.17277,81.02219,0.0
77.63122,86.39838,0.0,40.711494,-52.939808,0.0
-61.361145,9.891901,0.0,-38.787727,-0.46493408,0.0
-99.716225,12.497275,0.0,-93.78416,62.802822,0.0
90.34048,-36.055832,0.0,73.61964,76.25014,0.0
-95.99163,-90.784096,0.0,54.550507,21.714165,0.0
-18.902508,-6.246678,0.0,-71.24515,-80.95556,0.0
91.39529,65.69145,0.0,28.558325,11.067391,0.0
-16.21761,-23.22643,0.0,18.18184,56.66156,0.0
-63.45139,39.371605,0.0,67.448555,81.43301,0.0
78.11943,80.345856,0.0,-99.479935,8.750865,0.0
54.923668,-31.541992,0.0,-10.537126,4.1623487,0.0
4.3944716,-99.99413,0.0,-8.0801115,-71.20351,0.0
-33.573807,-81.64087,0.0,-44.87133,4.2256594,0.0
-33.10804,65.52714,0.0,95.209854,-22.689533,0.0
-28.366354,99.76326,0.0,24.642738,60.37599,0.0
39.139767,-25.831524,0.0,-87.74627,-55.52205,0.0
39.664227,41.006374,0.0,90.34676,79.868675,0.0
41.067524,-72.852104,0.0,-82.10559,-20.278572,0.0
-28.401676,23.99492,0.0,-49.734158,-96.49407,0.0
51.16451,91.52065,0.0,-74.186714,4.415783,0.0
-66.70961,-92.68649,0.0,46.233578,-4.4527783,0.0
14.783903,50.777878,0.0,33.365044,16.22344,0.0
-47.435394,15.150022,0.0,64.436584,55.730434,0.0
-33.74227,-86.30212,0.0,-9.295261,-60.968456,0.0
-28.832397,80.0156,0.0,27.627161,1.8578981,0.0
-68.98115,-96.956696,0.0,38.046665,-80.33771,0.0
31.196667,41.44052,0.0,-14.824221,92.43586,0.0
-84.55427,-59.46399,0.0,-85.85908,-33.013313,0.0
56.905346,22.180824,0.0,41.188385,-72.95682,0.0
-50.733154,96.67288,0.0,26.48182,-9.040222,0.0
-58.417213,87.76557,0.0,85.323845,73.03515,0.0
76.28967,-92.957886,0.0,-83.30429,19.203617,0.0
-43.08059,-11.145315,0.0,-58.00496,-66.45764,0.0
-49.276108,90.36622,0.0,-67.72537,92.49038,0.0
-15.125447,-17.102077,0.0,26.586447,14.634888,0.0
-71.57819,-33.616035,0.0,-65.731285,-37.97693,0.0
-37.254322,26.947725,0.0,13.669075,-20.533024,0.0
-67.863174,21.708904,0.0,-64.51421,-37.242107,0.0
93.193756,-48.65703,0.0,-86.18266,22.144001,0.0
33.803734,19.170168,0.0,55.48267,-79.17539,0.0
53.58001,-70.84994,0.0,-33.575134,47.89534,0.0
33.60388,-64.663536,0.0,16.045708,80.80701,0.0
-9.080778,57.24365,0.0,83.410324,36.665085,0.0
46.86943,-32.644127,0.0,-95.26624,-87.64254,0.0
-52.041267,68.19988,0.0,-75.13773,72.97764,0.0
-42.9815,30.249071,0.0,-7.502755,23.3365,0.0
-74.347885,87.13326,0.0,-5.0717936,67.513016,0.0
73.05436,-28.823597,0.0,53.719227,35.206814,0.0
-8.173814,-28.13973,0.0,75.878845,-8.563538,0.0
60.869205,-56.236954,0.0,57.018143,42.676777,0.0
-18.135588,88.73276,0.0,50.001072,-88.89823,0.0
-39.54811,-70.217255,0.0,-91.26536,-2.4215386,0.0
-65.10542,-98.72951,0.0,-64.861465,35.575306,0.0
-64.35169,-12.763128,0.0,40.40127,-44.01402,0.0
13.806494,74.96143,0.0,68.02535,41.00672,0.0
96.1543,35.47504,0.0,-33.978695,31.640198,0.0
66.801384,-65.77773,0.0,86.174614,6.137633,0.0
4.1176147,75.215034,0.0,-79.7889,36.694195,0.0
-4.2220335,8.298328,0.0,-17.814037,65.77805,0.0
20.542645,85.3814,0.0,-8.929915,-2.8796809,0.0
90.07868,-74.996216,0.0,47.338722,80.54321,0.0
59.58283,-20.805906,0.0,83.01801,6.6057706,0.0
27.07128,-28.506634,0.0,73.52436,77.21158,0.0
11.694372,64.88908,0.0,58.85071,-21.72516,0.0
-85.414505,80.658905,0.0,-28.764563,99.34528,0.0
-20.832005,19.485653,0.0,-37.512558,-14.645819,0.0
87.07885,-65.832214,0.0,39.631706,36.050846,0.0
-53.016582,44.01125,0.0,-89.64823,1.7486211,0.0
-88.14822,74.04635,0.0,-95.01515,-20.65445,0.0
78.85931,7.412828,0.0,31.16907,75.96951,0.0
55.657337,-91.85976,0.0,86.13622,-36.130184,0.0
35.64043,76.62321,0.0,94.930374,-73.97521,0.0
62.54551,12.46466,0.0,-27.465223,73.60453,0.0
-90.6759,-8.620151,0.0,-88.94884,-13.535978,0.0
-19.537758,-94.889145,0.0,-4.703473,-11.573854,0.0
-1.7188487,99.89968,0.0,77.72898,28.35217,0.0
0.62428373,71.07545,0.0,-5.829182,-9.565174,0.0
-61.468674,55.57757,0.0,3.5400183,-25.340132,0.0
31.781218,-73.0943,0.0,91.27616,-23.860193,0.0
-88.14061,-92.75501,0.0,33.108246,-19.156113,0.0
75.33982,-88.72047,0.0,19.91298,-24.963205,0.0
8.182278,-79.917366,0.0,-97.361786,77.61726,0.0
26.198772,86.812195,0.0,-56.856556,11.167252,0.0
48.2391,-79.928154,0.0,-50.594734,-89.40594,0.0
60.6906,57.34223,0.0,41.126167,62.996044,0.0
84.84902,-92.97033,0.0,-97.1128,-63.314907,0.0
29.707611,-12.561602,0.0,17.642273,-82.88784,0.0
-67.92835,-5.8271017,0.0,-94.00089,49.971104,0.0
44.915066,15.0055065,0.0,77.74967,-56.112183,0.0
-82.45069,49.00404,0.0,-87.58503,18.879396,0.0
51.18462,-48.57277,0.0,63.31035,-55.27025,0.0
-57.170757,67.113106,0.0,-81.67134,-54.677788,0.0
-87.4217,1.4060094,0.0,-61.448307,20.373276,0.0
93.39078,-55.220146,0.0,98.64327,-58.33982,0.0
85.469215,7.172159,0.0,-33.10635,4.211188,0.0
6.1746755,-86.07608,0.0,66.14712,62.759502,0.0
92.424385,-37.769627,0.0,71.85156,62.483833,0.0
-95.020386,4.6961975,0.0,-5.4879513,99.55521,0.0
1.5744778,-62.406384,0.0,80.92838,89.23373,0.0
7.921061,-67.27569,0.0,25.035563,22.217373,0.0
72.88588,-94.884346,0.0,-60.794052,-7.9629903,0.0
61.093468,-77.76692,0.0,-65.03974,89.541695,0.0
28.907045,-79.529274,0.0,14.105385,97.294785,0.0
-65.278755,-29.084953,0.0,-36.181377,40.523243,0.0
-97.58396,-5.2680283,0.0,47.962116,-44.11381,0.0
-16.612059,-26.195538,0.0,85.86431,48.56441,0.0
-85.18468,86.34377,0.0,96.500565,95.63912,0.0
-10.299687,-26.390352,0.0,99.60788,30.175335,0.0
-49.230965,63.84009,0.0,87.284386,44.35211,0.0
43.706707,-58.75842,0.0,39.424107,-97.18418,0.0
-42.285004,67.17722,0.0,-2.3828611,85.77829,0.0
61.3387,96.97169,0.0,50.849648,-21.36096,0.0
-21.37391,54.97383,0.0,69.69731,59.771328,0.0
-79.60222,-92.22692,0.0,89.46212,-54.086296,0.0
54.406517,-47.239048,0.0,17.264244,51.07986,0.0
-80.12647,-9.967409,0.0,10.1275015,14.091447,0.0
-96.5172,59.72905,0.0,-61.901417,-76.27856,0.0
-12.349459,-1.9877404,0.0,-62.515163,38.93604,0.0
5.819345,-22.043785,0.0,48.32875,-64.22841,0.0
8.956917,-77.74378,0.0,-90.95476,-81.23639,0.0
54.624985,-71.639915,0.0,87.88855,-96.93534,0.0
-80.97937,36.696568,0.0,24.715908,60.22019,0.0
-5.935506,-21.802694,0.0,7.60782,-99.49843,0.0
-72.34303,4.691167,0.0,-79.65314,73.945305,0.0
76.41662,-84.27859,0.0,39.312634,62.092693,0.0
-64.22872,-26.284193,0.0,38.03895,-75.51946,0.0
35.769363,62.12451,0.0,41.58285,-7.593681,0.0
93.13636,-39.664345,0.0,37.47123,-32.928905,0.0
-92.55376,71.069534,0.0,81.25348,70.09046,0.0
85.16307,10.175759,0.0,-88.44831,18.24698,0.0
-68.39215,46.7051,0.0,37.82287,19.814684,0.0
29.657997,-17.853315,0.0,56.809338,90.11625,0.0
-87.03995,-27.162804,0.0,36.915997,14.452215,0.0
3.8809185,54.799397,0.0,80.32795,19.48032,0.0
-18.314247,23.240393,0.0,55.46808,9.934937,0.0
33.500923,-79.86213,0.0,54.94768,-74.7058,0.0
30.206394,-4.3969755,0.0,-84.11837,34.782806,0.0
-99.71921,-35.58034,0.0,26.616154,11.779498,0.0
-6.578839,-78.5106,0.0,99.34872,99.91222,0.0
-8.305305,-95.24045,0.0,-65.347984,66.14926,0.0
66.959076,-97.62968,0.0,-10.851469,-36.05997,0.0
66.34127,83.39758,0.0,-94.700195,7.5533113,0.0
36.642704,64.58193,0.0,4.4616923,83.848236,0.0
-80.02555,29.45021,0.0,-53.022526,-81.60063,0.0
35.457508,12.381882,0.0,-77.778275,42.32016,0.0
30.54928,98.08507,0.0,-49.843685,-58.54692,0.0
75.043526,-12.3613205,0.0,81.8934,4.9367533,0.0
-20.99325,11.805547,0.0,-98.68923,-95.83946,0.0
38.260452,38.41564,0.0,80.068565,-61.339836,0.0
-68.616684,54.11289,0.0,40.753742,93.2071,0.0
11.006074,-94.42107,0.0,37.219036,-89.89189,0.0
-50.091618,47.117073,0.0,-1.5176674,-22.222523,0.0
-54.66437,-8.602078,0.0,95.57907,39.093628,0.0
24.61428,-20.271128,0.0,-88.03831,-28.886332,0.0
-73.000336,65.1455,0.0,-51.800224,-2.4431686,0.0
53.974407,-99.91835,0.0,-33.9657,-0.6330756,0.0
8.100228,-72.09617,0.0,29.187523,-34.304916,0.0
12.905485,97.546814,0.0,48.635124,-91.49088,0.0
56.830612,-28.864317,0.0,-20.83578,-29.206455,0.0
-41.497475,-53.22997,0.0,44.797737,88.15533,0.0
-24.092329,86.00615,0.0,6.428897,91.96117,0.0
-44.991158,23.541775,0.0,79.45268,-96.45196,0.0
43.311882,-62.24038,0.0,-90.31906,-70.818985,0.0
-99.33296,-3.5217743,0.0,-30.98572,89.26522,0.0
-74.753494,-80.46877,0.0,92.823944,97.606445,0.0
-59.00566,78.48436,0.0,83.33366,22.836021,0.0
-64.516754,59.71485,0.0,30.059668,60.46763,0.0
-97.28911,29.757244,0.0,87.2024,-83.991104,0.0
85.87072,17.278933,0.0,-99.280205,-21.848087,0.0
-76.581184,-48.49291,0.0,-22.531054,-89.55906,0.0
29.030018,-96.60617,0.0,92.07336,-91.08238,0.0
-14.375824,70.56019,0.0,-37.74588,-6.604131,0.0
-65.99996,-47.375774,0.0,7.8544836,-32.862507,0.0
-1.8457975,80.03978,0.0,95.996475,94.247,0.0
38.77558,1.8059762,0.0,-30.108208,20.753677,0.0
9.751641,69.380356,0.0,60.796577,-50.86133,0.0
-50.198254,15.340481,0.0,-86.54882,-81.01641,0.0
92.15135,34.001118,0.0,80.47932,-93.39302,0.0
97.69545,-38.66293,0.0,-14.33223,-75.716934,0.0
-32.741272,38.92746,0.0,76.30652,-97.14716,0.0
91.14645,-18.673132,0.0,-8.826033,-26.260344,0.0
-72.717155,31.891304,0.0,-4.205944,58.100666,0.0
-95.21943,-36.456726,0.0,8.673269,93.91834,0.0
-75.71148,-43.692993,0.0,-89.3249,37.702435,0.0
72.61466,-72.11594,0.0,39.50195,66.57509,0.0
62.618538,8.928653,0.0,-3.651732,50.438335,0.0
-91.27175,26.620798,0.0,-90.5793,-61.678867,0.0
60.415627,74.19506,0.0,-47.09505,29.626554,0.0
-74.43664,9.232133,0.0,4.7238765,-39.095562,0.0
-16.447868,-68.10798,0.0,1.2147753,-82.957184,0.0
4.8862453,-63.58136,0.0,-81.687355,-40.78169,0.0
-96.8016,19.852192,0.0,-70.74404,-71.517715,0.0
-49.295128,3.021969,0.0,-84.55986,-66.58646,0.0
-92.736824,-60.739956,0.0,5.2085013,-83.26846,0.0
94.342224,81.07621,0.0,-95.87026,-14.080397,0.0
-71.249565,74.11644,0.0,59.783474,11.227307,0.0
-99.17071,-22.383081,0.0,91.93464,6.205056,0.0
10.336933,61.760857,0.0,-64.63802,59.89727,0.0
67.19602,39.194843,0.0,-18.209412,-65.34113,0.0
7.8993177,84.89151,0.0,-64.46583,-44.186565,0.0
28.005238,-96.55297,0.0,-27.146744,-79.17613,0.0
-12.539796,-14.838062,0.0,71.19639,-32.88369,0.0
-23.79538,-73.72029,0.0,-94.32259,40.219803,0.0
60.854687,-57.107185,0.0,62.08508,-67.65157,0.0
-92.48493,-33.838932,0.0,93.87266,98.15953,0.0
60.05592,45.52654,0.0,85.205894,10.485673,0.0
48.867294,88.91388,0.0,-90.06723,-91.931755,0.0
9.125164,-85.27983,0.0,31.476969,68.677216,0.0
32.73344,-21.358398,0.0,97.19569,-8.592475,0.0
-63.949184,58.509193,0.0,-41.188896,41.18544,0.0
10.727119,76.57564,0.0,74.50718,-80.827034,0.0
4.091711,97.73582,0.0,-38.71603,18.854578,0.0
71.948975,10.703922,0.0,-37.831932,61.77385,0.0
-33.095654,-64.06544,0.0,-17.496965,55.4539,0.0
-72.26664,25.890827,0.0,-97.08793,-87.57634,0.0
73.76671,-28.802235,0.0,-68.31525,-70.25596,0.0
80.67319,-6.1116986,0.0,86.96229,69.11273,0.0
-27.820234,-75.53785,0.0,-43.079266,10.743589,0.0
50.611748,-28.98126,0.0,4.5521946,-90.65268,0.0
-94.307205,32.70616,0.0,-56.065887,-1.3820235,0.0
-32.275616,87.64179,0.0,23.31613,70.47371,0.0
-85.273735,-74.44342,0.0,19.261631,-80.882904,0.0
-10.760772,21.385624,0.0,-86.89201,-83.05022,0.0
46.125168,-68.07182,0.0,31.399853,26.917347,0.0
-7.1948023,48.687317,0.0,-36.788612,45.845562,0.0
45.18291,50.49708,0.0,85.16519,64.84751,0.0
72.37826,-31.748203,0.0,-19.757181,3.858633,0.0
-79.02467,39.588398,0.0,-31.787884,62.512863,0.0
-9.098796,58.327377,0.0,15.0115385,-31.464756,0.0
-31.374992,-23.10714,0.0,82.15241,-58.873444,0.0
59.885708,81.434586,0.0,-7.965029,-86.31852,0.0
-29.526834,-34.787064,0.0,-61.816708,53.45673,0.0
-55.967487,-78.90518,0.0,-90.68045,16.674294,0.0
-42.466026,-69.526596,0.0,-65.662994,77.85538,0.0
-79.461655,-92.97708,0.0,32.958668,-91.3065,0.0
-96.59136,68.37462,0.0,-43.412846,38.88558,0.0
28.906734,5.3014164,0.0,56.260353,93.09196,0.0
-88.76574,51.60597,0.0,87.94225,-46.350357,0.0
-78.25071,-92.09145,0.0,91.1544,-42.458332,0.0
50.030964,26.234838,0.0,-36.735588,-67.8089,0.0
-85.62326,51.62378,0.0,-34.08367,13.508226,0.0
-6.1637206,6.7833385,0.0,35.668423,-14.899265,0.0
20.177456,78.12648,0.0,-86.42572,-17.576447,0.0
62.461517,75.22971,0.0,55.05702,-28.648598,0.0
99.95995,64.6045,0.0,89.094475,-9.753205,0.0
-87.8543,-87.02694,0.0,-11.51664,52.70073,0.0
-70.22872,-38.611855,0.0,45.80345,10.080691,0.0
96.664604,20.032042,0.0,-75.27464,-58.667274,0.0
66.48306,23.718752,0.0,-88.83261,42.962337,0.0
-58.380745,29.163588,0.0,-93.387276,26.384827,0.0
-19.989325,21.350124,0.0,28.574238,63.193653,0.0
-89.513084,91.8014,0.0,-66.384705,33.684277,0.0
34.232697,98.416084,0.0,-72.57897,67.947426,0.0
-63.146168,11.123367,0.0,74.10365,86.81057,0.0
68.23338,-99.434654,0.0,58.836468,-63.532303,0.0
-75.40536,67.54193,0.0,35.832237,8.997922,0.0
52.658714,73.715126,0.0,-95.96772,-51.298748,0.0
3.5592282,95.036606,0.0,40.462234,55.823586,0.0
39.306133,-18.56941,0.0,-80.61563,51.07651,0.0
-75.03244,-42.28919,0.0,-75.29939,-87.24949,0.0
-36.720497,45.528378,0.0,15.551452,76.86322,0.0
-25.63989,-26.162428,0.0,-21.468107,59.187977,0.0
-34.115486,78.27729,0.0,-71.23697,58.16641,0.0
-23.832823,-98.5454,0.0,-49.545277,26.669577,0.0
23.564573,-63.8879,0.0,-51.69776,28.362684,0.0
-34.640385,39.134094,0.0,-59.255745,34.959293,0.0
-62.833588,95.59869,0.0,98.85759,11.12343,0.0
-63.721645,-22.03581,0.0,18.696434,-69.938934,0.0
45.85837,43.607758,0.0,-11.589141,-11.020906,0.0
47.13023,7.651447,0.0,-9.093312,-66.099525,0.0
-40.13819,99.78415,0.0,36.709698,-13.129435,0.0
85.2672,-0.3500075,0.0,-95.43428,-83.85641,0.0
19.711441,-39.276707,0.0,56.85591,89.28184,0.0
27.079147,50.290867,0.0,95.56228,-54.16966,0.0
-53.990833,-52.397316,0.0,-32.86823,88.69255,0.0
-53.792866,5.4015274,0.0,12.702853,64.91044,0.0
-36.896072,6.1592846,0.0,26.695831,-80.76818,0.0
-51.14194,78.50229,0.0,37.895916,90.30962,0.0
-57.33198,-10.788615,0.0,-10.47648,46.622437,0.0
16.462746,-39.013363,0.0,-64.338554,-67.33164,0.0
-36.94932,-9.962116,0.0,9.837816,14.669625,0.0
-55.17343,-44.01885,0.0,-82.13988,-76.398224,0.0
28.472681,90.27538,0.0,86.50848,11.687423,0.0
-78.57809,89.642525,0.0,5.634524,79.47651,0.0
-19.726921,-23.745634,0.0,85.89823,36.883125,0.0
83.51257,-76.96695,0.0,62.57925,61.92784,0.0
-71.78672,-61.498013,0.0,-20.762299,75.27657,0.0
61.01789,-80.652054,0.0,-80.26703,45.03528,0.0
-22.301468,10.557928,0.0,-17.382961,66.077995,0.0
-61.850346,38.803986,0.0,20.526587,-63.09299,0.0
-82.20487,-91.89951,0.0,82.08718,26.19344,0.0
-65.471245,75.63714,0.0,-79.950905,-67.56388,0.0
-85.165474,98.43434,0.0,31.118788,8.419303,0.0
-14.952067,-35.577652,0.0,62.71419,78.54239,0.0
67.57975,55.16354,0.0,-50.259407,21.495323,0.0
-5.586631,-89.078606,0.0,85.105576,-34.594513,0.0
46.12338,-83.37013,0.0,50.915424,32.545086,0.0
62.835278,-76.797714,0.0,-60.86087,-90.98098,0.0
22.039948,-14.335815,0.0,-42.430794,52.509403,0.0
-94.39958,-70.29327,0.0,93.59023,88.2609,0.0
-47.29185,31.875975,0.0,-37.818176,-69.52468,0.0
-95.959435,74.33715,0.0,84.830475,66.022736,0.0
97.46763,-20.219587,0.0,-27.356821,-32.113247,0.0
48.76069,42.22827,0.0,-77.65674,-33.441864,0.0
-83.10212,10.598387,0.0,34.68643,63.689697,0.0
-22.95811,61.064,0.0,-1.4375304,71.814095,0.0
-18.4172,-77.7149,0.0,-59.30502,28.96045,0.0
4.810728,70.29016,0.0,61.145485,64.86424,0.0
-80.27743,-18.835411,0.0,-12.631143,-98.42027,0.0
64.42338,-27.191187,0.0,75.67933,81.24947,0.0
82.507706,31.725046,0.0,-28.101068,-28.456055,0.0
54.24021,83.29306,0.0,69.95634,59.540794,0.0
-91.39546,24.438744,0.0,94.908745,59.69129,0.0
-0.70889056,-19.50875,0.0,-44.685665,57.749195,0.0
-63.184944,79.42611,0.0,83.85495,-92.992676,0.0
-48.544197,47.735905,0.0,-70.7766,-41.308765,0.0
-91.48584,-72.64415,0.0,60.7318,14.643423,0.0
-53.776142,-41.787907,0.0,43.647232,90.07643,0.0
53.90839,-81.82125,0.0,56.775684,89.82828,0.0
62.004993,57.174446,0.0,-74.59041,46.80982,0.0
43.12244,24.42854,0.0,-48.22601,85.49369,0.0
41.189735,59.135548,0.0,36.60729,-12.614675,0.0
-32.84324,64.429756,0.0,99.50653,-56.453518,0.0
-44.08829,75.24354,0.0,19.371792,-84.88015,0.0
12.762938,76.385216,0.0,46.21087,70.868454,0.0
38.708134,47.142666,0.0,-45.207417,-94.606026,0.0
-36.25044,59.501686,0.0,76.07594,-53.713547,0.0
54.247196,69.70162,0.0,-26.248684,73.81352,0.0
97.22106,24.916517,0.0,55.893814,-71.65251,0.0
74.56449,-58.364063,0.0,52.63655,97.970474,0.0
-60.08344,33.91224,0.0,78.967926,19.828297,0.0
79.33459,-48.287727,0.0,-36.040085,-93.49354,0.0
48.43814,82.88548,0.0,-4.8411155,-89.09054,0.0
38.744564,-12.697099,0.0,40.3487,62.467896,0.0
80.41743,-87.94077,0.0,69.837944,-39.34316,0.0
-95.569824,1.6616033,0.0,52.314083,-88.87055,0.0
-7.910654,-95.02462,0.0,-43.395477,59.256664,0.0
-66.646675,8.434261,0.0,-79.87576,-40.277058,0.0
-47.264095,76.71182,0.0,-51.010864,64.18735,0.0
-58.04555,49.194473,0.0,86.39042,-97.67667,0.0
39.86657,73.64417,0.0,-53.341896,-62.64032,0.0
-54.577576,75.09406,0.0,36.744938,76.991684,0.0
-42.34446,-63.03045,0.0,32.14422,-72.37957,0.0
18.957294,98.23904,0.0,39.40471,4.3610907,0.0
58.2622,-77.1111,0.0,-11.116717,-14.077625,0.0
45.582123,49.498573,0.0,34.86454,49.785187,0.0
40.333275,1.1037219,0.0,-76.24095,26.222479,0.0
15.881472,-69.14083,0.0,-9.581782,-15.338996,0.0
-48.18898,27.931835,0.0,50.830025,-55.09282,0.0
60.406544,-79.86757,0.0,79.81948,-55.135216,0.0
-67.796295,-72.14279,0.0,90.81186,88.47292,0.0
-57.9954,35.548058,0.0,-82.96353,-11.161511,0.0
62.169556,-70.676674,0.0,-37.890266,-65.58377,0.0
-67.38038,60.08254,0.0,95.2013,-94.2227,0.0
26.156631,-81.17928,0.0,21.23203,-62.91224,0.0
-21.038698,76.3487,0.0,82.36237,1.8177135,0.0
55.06183,60.62391,0.0,-18.022377,19.019382,0.0
29.567806,11.028227,0.0,-6.012576,98.34714,0.0
-73.58037,-42.02818,0.0,-23.133144,23.853859,0.0
-96.548386,14.560181,0.0,36.46747,13.432232,0.0
-18.501968,-23.87271,0.0,-37.95065,-67.25521,0.0
-81.31765,71.31699,0.0,-87.418274,21.638754,0.0
-72.26718,73.13307,0.0,-84.918076,22.185902,0.0
-16.41625,-96.597084,0.0,6.816797,99.12108,0.0
-14.067884,66.49766,0.0,38.461628,92.42641,0.0
0.63463086,21.092659,0.0,-48.70021,-12.52692,0.0
-54.180153,-43.763866,0.0,41.479595,-68.863014,0.0
12.72286,-21.67079,0.0,90.92707,-28.719925,0.0
-48.595654,-68.45203,0.0,97.159744,-7.3242908,0.0
-8.951648,57.844563,0.0,-26.017231,70.2959,0.0
17.0434,85.6507,0.0,-9.001171,15.587256,0.0
0.88514304,59.0177,0.0,80.90043,11.967655,0.0
68.02992,43.234814,0.0,-71.868675,69.91737,0.0
32.34373,20.489883,0.0,-67.39618,-53.237434,0.0
24.86843,81.90581,0.0,-81.383705,64.762474,0.0
78.2031,-20.971462,0.0,87.77456,67.960304,0.0
-30.451447,43.943005,0.0,-69.21246,-92.14983,0.0
-62.719112,54.44288,0.0,-14.942421,69.165504,0.0
-48.07858,67.09733,0.0,34.230762,-68.31294,0.0
62.317528,34.754955,0.0,-5.0634904,-35.259727,0.0
96.24921,-51.94814,0.0,45.577232,82.6776,0.0
-34.555927,-72.91297,0.0,21.751131,53.104137,0.0
-33.019485,56.85539,0.0,36.166985,-18.316847,0.0
98.268875,-55.143913,0.0,82.1891,-55.065205,0.0
94.98196,-35.728516,0.0,68.12031,38.002132,0.0
-33.842438,52.174816,0.0,23.061087,93.435234,0.0
76.41158,-80.64331,0.0,-75.36986,97.44232,0.0
-56.312923,13.422734,0.0,-42.084927,80.1324,0.0
90.12898,14.984287,0.0,-37.564323,-80.449005,0.0
32.787,66.06768,0.0,16.470957,-23.280836,0.0
-15.4903145,-91.59506,0.0,47.98082,83.6153,0.0
-56.85831,19.399525,0.0,17.78568,-29.76494,0.0
-68.82617,31.819267,0.0,75.05215,84.02204,0.0
-32.77736,-65.55281,0.0,-73.17105,3.1189535,0.0
93.08914,-80.907974,0.0,98.59464,-13.463715,0.0
64.085625,-46.412014,0.0,-25.203465,96.529,0.0
26.25989,-33.62582,0.0,91.00235,45.354095,0.0
5.298735,-63.616344,0.0,-72.895874,94.743034,0.0
91.614685,-26.411852,0.0,-34.613678,-70.22239,0.0
58.797386,8.680033,0.0,-38.772278,75.080635,0.0
-54.99607,-13.21827,0.0,71.80222,7.7905216,0.0
55.799862,-54.35631,0.0,46.1796,5.21869,0.0
32.803734,-11.427004,0.0,84.67449,-80.00719,0.0
-72.95672,-52.1971,0.0,-52.577766,52.599033,0.0
-76.785385,1.6040258,0.0,-58.058704,-14.81104,0.0
82.89058,-91.34737,0.0,54.082794,-66.10765,0.0
66.28348,37.776672,0.0,77.93494,-85.61114,0.0
31.68484,21.735346,0.0,-88.04763,-87.02793,0.0
-38.38018,-79.72871,0.0,36.747593,56.547062,0.0
81.90511,65.57408,0.0,-67.27163,74.23407,0.0
8.705356,-96.52588,0.0,-11.9224205,-99.46567,0.0
11.377247,62.960327,0.0,-28.689766,-77.70876,0.0
68.24963,29.708105,0.0,45.528107,2.4804926,0.0
-25.967731,-60.14742,0.0,-36.106968,-70.863846,0.0
-93.05212,96.59651,0.0,59.473213,-56.151783,0.0
-56.162727,18.72749,0.0,-15.724038,-34.771313,0.0
42.03156,-58.881855,0.0,-76.82005,8.490028,0.0
-59.801334,9.903023,0.0,77.14835,-73.774,0.0
92.79881,82.94213,0.0,98.21382,-56.58158,0.0
-82.16218,-30.079655,0.0,-5.3497844,-97.2297,0.0
-75.43393,1.9909035,0.0,-32.75476,-31.582191,0.0
70.877464,-59.661774,0.0,-5.795065,86.8777,0.0
-32.612988,3.0497444,0.0,95.83008,39.11045,0.0
-84.184074,-9.057125,0.0,1.1536697,20.681295,0.0
6.132834,85.365,0.0,41.02569,-13.29124,0.0
82.81159,37.169144,0.0,-57.832184,25.951532,0.0
-51.69322,-8.906876,0.0,-48.171158,19.04302,0.0
56.50555,-37.89184,0.0,-61.076176,45.128544,0.0
-51.23039,80.020004,0.0,39.395794,-61.273853,0.0
33.717403,-50.97655,0.0,-57.590614,74.462234,0.0
78.81972,-52.992897,0.0,-17.30075,-24.960546,0.0
23.218588,88.06104,0.0,35.739162,96.72858,0.0
93.887886,38.64191,0.0,-85.816765,-62.127827,0.0
-36.6914,-20.458105,0.0,-62.44529,-46.276817,0.0
58.918037,-75.60654,0.0,-40.38726,-73.68568,0.0
-8.760381,46.185783,0.0,-61.338223,-3.0864158,0.0
-47.990387,-22.98839,0.0,88.59656,22.075218,0.0
84.01039,78.50711,0.0,-62.030643,54.848495,0.0
-21.621014,69.820724,0.0,-67.99221,-53.701218,0.0
-87.686646,49.72166,0.0,-14.126776,4.5751147,0.0
74.120125,45.717857,0.0,94.61059,-86.687935,0.0
78.05994,-40.355568,0.0,58.905773,-29.387018,0.0
-90.41697,94.92453,0.0,-84.95897,-67.61701,0.0
35.096096,71.99358,0.0,19.411272,93.6852,0.0
-85.926025,-14.431015,0.0,-33.184338,84.02213,0.0
-22.957449,-88.754364,0.0,-75.5072,-52.822876,0.0
-86.16148,-94.34595,0.0,69.119644,-76.02016,0.0
66.37623,71.10237,0.0,-72.75441,-14.518464,0.0
35.111355,76.42222,0.0,-20.70782,86.517914,0.0
74.3951,5.9303575,0.0,-55.424168,-0.016292505,0.0
-81.03884,93.94698,0.0,94.32592,90.122284,0.0
97.697876,82.422554,0.0,-8.852824,-6.944706,0.0
-81.245125,32.24858,0.0,-94.89159,63.277992,0.0
-23.429316,73.33514,0.0,-21.723747,75.95995,0.0
85.75204,-39.171963,0.0,7.1553335,51.940582,0.0
-79.22255,-32.48061,0.0,41.47808,-96.342995,0.0
-56.109993,-15.479616,0.0,-67.775734,-30.167831,0.0
-45.51002,-2.781004,0.0,87.5624,17.251493,0.0
99.16615,-45.802032,0.0,27.12202,-69.328545,0.0
68.95618,-61.599987,0.0,-51.36136,27.317669,0.0
-7.5415974,67.82003,0.0,40.618454,2.3784037,0.0
97.03675,-40.1551,0.0,-10.529324,13.283402,0.0
42.826797,66.91995,0.0,-46.754868,-64.96421,0.0
-47.337563,-4.300351,0.0,80.33131,-94.153366,0.0
-34.520844,84.929245,0.0,-29.656519,12.904347,0.0
-41.593582,-44.63503,0.0,-86.509735,-87.604546,0.0
-30.970835,32.27493,0.0,70.391304,41.82731,0.0
51.784203,64.00837,0.0,84.59623,-13.812652,0.0
11.373993,46.57414,0.0,-80.93128,-30.159117,0.0
51.409813,-88.20698,0.0,63.88382,55.188305,0.0
-34.14656,59.096222,0.0,-89.25852,-85.86546,0.0
49.701477,52.396065,0.0,88.46871,-40.364723,0.0
45.083004,-55.643295,0.0,82.24571,82.53755,0.0
-96.049065,43.21165,0.0,85.06441,-34.471275,0.0
-13.526151,66.999565,0.0,-7.7596526,96.91155,0.0
-68.43844,46.840748,0.0,-82.73674,52.78619,0.0
31.072882,99.72304,0.0,58.19102,63.699936,0.0
-59.588802,34.128254,0.0,18.844288,79.39124,0.0
12.422174,-98.82706,0.0,-84.29803,76.25162,0.0
24.529144,20.933838,0.0,-6.1780777,53.989952,0.0
29.55082,16.601702,0.0,-46.957245,-86.22345,0.0
-34.39184,22.81922,0.0,26.495956,79.89537,0.0
-58.445602,5.7475166,0.0,-79.37079,-0.72782135,0.0
92.09137,-84.50382,0.0,-19.301273,81.07772,0.0
24.143356,4.1079774,0.0,-76.872284,36.243523,0.0
-52.672737,-61.62811,0.0,1.2294259,24.580997,0.0
77.726204,72.78994,0.0,-12.817678,-33.240704,0.0
46.6869,35.689674,0.0,-85.428215,80.30152,0.0
-57.57721,31.909483,0.0,34.469666,62.079998,0.0
74.167046,54.88979,0.0,93.948296,73.53405,0.0
97.35173,73.10531,0.0,61.773006,54.83264,0.0
33.5446,-54.69789,0.0,-67.38654,56.849396,0.0
75.991516,-11.2407,0.0,-68.56741,16.303488,0.0
51.358265,-85.66005,0.0,70.027824,65.86447,0.0
29.895897,58.563183,0.0,-54.941113,96.726074,0.0
-45.702423,-18.233875,0.0,45.202877,-80.18887,0.0
18.421438,-29.849358,0.0,-57.020714,-76.70745,0.0
84.04587,-32.97393,0.0,52.943546,-56.01086,0.0
-45.5412,-30.64997,0.0,43.36296,-76.89128,0.0
52.557377,28.828827,0.0,-34.062035,-14.088687,0.0
81.77749,-56.995487,0.0,-59.081276,-63.698406,0.0
-64.77354,67.25985,0.0,62.281246,99.37253,0.0
74.90036,45.983536,0.0,98.96019,48.136997,0.0
0.01869151,-96.22459,0.0,-50.497723,4.786767,0.0
-31.339785,75.25769,0.0,92.68583,3.6080122,0.0
-94.6681,-70.147285,0.0,36.339836,24.576134,0.0
-89.980225,69.3591,0.0,32.283417,90.346436,0.0
71.290276,70.17266,0.0,60.331314,-46.278244,0.0
95.09935,74.01401,0.0,63.68529,-73.66186,0.0
-33.354443,-20.102888,0.0,95.93556,42.241302,0.0
77.06335,-60.030468,0.0,-97.32569,61.01933,0.0
-64.40042,15.72638,0.0,-67.043365,-5.303255,0.0
5.3141484,65.70646,0.0,-13.003248,65.65566,0.0
99.62,62.102173,0.0,-9.545978,-13.71349,0.0
84.45851,87.731926,0.0,-37.361183,29.675692,0.0
9.299646,-80.55182,0.0,-57.4227,51.002934,0.0
-54.186604,-49.491806,0.0,-57.997227,-25.727066,0.0
-78.28711,-60.794727,0.0,-52.506634,59.1651,0.0
-73.80385,84.32004,0.0,-96.73393,-96.16448,0.0
10.936815,-35.288887,0.0,-59.090256,40.09863,0.0
-62.68723,57.47162,0.0,-54.303604,33.58797,0.0
-51.91829,-12.015951,0.0,75.99237,-5.732001,0.0
-46.67862,64.50894,0.0,-44.127415,-57.621357,0.0
-91.98687,-15.513513,0.0,29.72789,61.228764,0.0
-62.96228,-17.49767,0.0,82.7903,-70.62572,0.0
51.070873,-61.527092,0.0,-69.191605,42.503616,0.0
74.0328,-74.32483,0.0,-36.64794,45.92468,0.0
-94.07156,-46.93004,0.0,53.350124,69.999435,0.0
76.562675,30.208826,0.0,-22.53507,89.60587,0.0
-31.759588,32.38355,0.0,-6.6001186,62.406662,0.0
59.220104,39.433544,0.0,-93.00064,2.2757783,0.0
-45.882565,-47.448524,0.0,62.980515,-33.201756,0.0
46.993336,-22.375135,0.0,34.23547,-88.55918,0.0
94.320305,4.0326977,0.0,-54.071457,82.64836,0.0
-27.092974,-74.63228,0.0,-45.976276,-3.8018186,0.0
92.18334,37.404434,0.0,79.203,-58.204205,0.0
72.42815,62.618866,0.0,-76.64898,53.59526,0.0
-10.065607,54.884544,0.0,-89.672226,49.61818,0.0
93.05332,42.79178,0.0,-53.616116,31.515139,0.0
0.014245112,63.250538,0.0,-68.64453,95.45027,0.0
16.781933,-78.30139,0.0,35.438793,89.418076,0.0
82.1418,-44.674084,0.0,-5.4292,89.109985,0.0
-94.224945,7.2246466,0.0,-88.443115,10.191136,0.0
-95.514725,-39.584732,0.0,-9.565838,20.132334,0.0
65.02127,18.64197,0.0,21.754517,9.499652,0.0
72.10911,10.544124,0.0,17.09993,48.494045,0.0
-3.1152263,68.54015,0.0,88.34303,-23.921854,0.0
-64.1726,33.588196,0.0,19.739689,15.899722,0.0
-89.065384,90.54932,0.0,58.507442,-70.18042,0.0
5.191533,60.91958,0.0,34.753117,94.19417,0.0
-82.92166,-89.07845,0.0,-12.220623,-69.66994,0.0
38.905956,-54.78539,0.0,99.36123,-45.768127,0.0
-34.47298,30.94428,0.0,83.80652,-90.87248,0.0
97.84497,24.993908,0.0,26.825922,97.44892,0.0
-46.66422,-67.18822,0.0,10.159068,-92.90995,0.0
-67.73632,-2.6756182,0.0,-81.3212,57.12263,0.0
-49.28834,-92.12298,0.0,-25.233652,84.58621,0.0
-56.209126,-90.95171,0.0,8.961298,10.584496,0.0
73.842476,24.051651,0.0,-5.4017706,-4.7094374,0.0
56.952847,42.265987,0.0,-77.82581,64.09068,0.0
-33.041035,-25.668549,0.0,25.433666,56.845654,0.0
48.19697,73.00168,0.0,71.3587,90.40847,0.0
24.12805,70.26699,0.0,88.45627,18.3762,0.0
-57.787193,-61.95583,0.0,47.772232,79.70273,0.0
-33.500126,-70.60019,0.0,74.69063,-57.573883,0.0
82.363716,-12.173865,0.0,-92.01041,-27.541302,0.0
70.66001,-29.242874,0.0,71.10299,68.79407,0.0
-81.986084,-37.52114,0.0,-94.994156,-61.902138,0.0
-54.75865,-44.15767,0.0,41.994747,64.82399,0.0
-41.454144,-61.579464,0.0,-25.450895,83.85158,0.0
-10.328851,-28.737015,0.0,-52.116016,-15.270917,0.0
-31.911148,-39.270084,0.0,59.48195,-39.815414,0.0
75.079575,-65.72756,0.0,28.310898,-10.862904,0.0
85.110374,-7.258551,0.0,-40.909706,-98.77665,0.0
26.401709,-70.08724,0.0,-45.885925,86.507706,0.0
52.78855,68.44347,0.0,-53.744484,-26.24735,0.0
90.75415,59.111504,0.0,-18.478361,64.301704,0.0
76.01532,-59.16764,0.0,81.0678,30.727955,0.0
96.43023,99.55472,0.0,-71.69708,85.227036,0.0
-26.666317,85.88084,0.0,-89.2132,-60.87872,0.0
-85.94598,-98.23504,0.0,5.564013,-34.784756,0.0
76.62596,-41.602966,0.0,-61.06343,98.7798,0.0
57.336357,-26.717209,0.0,37.808228,64.34666,0.0
72.01201,44.15138,0.0,-33.280827,6.8884583,0.0
-78.96006,-28.618952,0.0,68.6705,19.646662,0.0
21.675724,67.80988,0.0,-66.914505,87.07017,0.0
-67.53986,62.463276,0.0,56.755634,54.78715,0.0
-6.6945467,16.35897,0.0,42.455723,16.241322,0.0
54.115974,-78.191315,0.0,-69.49176,1.408142,0.0
-61.719494,-30.641422,0.0,22.582314,-95.18756,0.0
55.12874,12.698355,0.0,-38.79981,-64.11523,0.0
-70.20489,2.028311,0.0,63.69311,28.360945,0.0
41.784313,-9.847832,0.0,8.405519,-83.755264,0.0
-47.507107,-52.181793,0.0,66.36201,-26.39382,0.0
-98.15608,-60.651894,0.0,-78.096504,-36.201244,0.0
83.364235,66.83077,0.0,72.19324,-20.224117,0.0
41.50641,-96.07536,0.0,26.421715,-93.97377,0.0
-91.7626,64.70156,0.0,-91.42237,-12.8427,0.0
44.230236,-41.089733,0.0,41.096115,-22.879473,0.0
-13.701658,-0.7922512,0.0,20.891039,96.64319,0.0
-58.533215,67.011,0.0,87.19633,-23.804256,0.0
-1.5580095,-36.558178,0.0,59.190228,15.81729,0.0
34.5197,2.216302,0.0,-16.81395,57.936077,0.0
79.20253,54.85541,0.0,-14.625473,-93.36115,0.0
-70.929016,-78.47175,0.0,-31.203709,-39.80017,0.0
-20.490002,96.63341,0.0,89.81432,28.589441,0.0
-73.46416,47.828278,0.0,-15.82481,76.219215,0.0
-41.98028,-14.506325,0.0,63.014477,-90.673485,0.0
-66.051155,30.598148,0.0,-2.2245958,88.65574,0.0
44.522343,-59.099133,0.0,-32.40601,-6.0309124,0.0
14.729342,-88.88921,0.0,20.050247,-70.82676,0.0
86.52599,78.90425,0.0,-62.000698,-31.311146,0.0
40.571556,48.814274,0.0,-40.626774,-32.456524,0.0
-94.18826,-21.193672,0.0,-99.72721,-40.20838,0.0
-58.07954,-19.913181,0.0,13.10997,-77.49497,0.0
-61.477604,62.70899,0.0,-67.37138,93.61235,0.0
62.739544,6.6587424,0.0,-40.699562,-30.988792,0.0
94.17826,65.409096,0.0,94.92462,69.12096,0.0
-32.587345,11.6506,0.0,15.237662,93.471115,0.0
61.472546,-98.02509,0.0,86.46777,84.8182,0.0
11.783133,18.507347,0.0,-54.16131,49.78296,0.0
43.81689,66.1661,0.0,-76.19389,-81.24151,0.0
92.62057,16.59369,0.0,42.03838,7.14169,0.0
98.18311,-78.163574,0.0,-11.625112,-96.67962,0.0
3.6976268,-85.11934,0.0,-55.14059,-80.22681,0.0
-3.7582672,-73.89073,0.0,0.35061878,67.5056,0.0
41.433334,-7.4654603,0.0,-20.093105,73.330795,0.0
-93.99871,17.218233,0.0,-82.415726,12.982023,0.0
-53.261993,92.530426,0.0,30.318789,-40.605804,0.0
-88.61663,70.53815,0.0,-82.06881,-80.63064,0.0
38.392082,46.958824,0.0,58.357086,-64.136795,0.0
90.72313,-42.044952,0.0,31.379934,-95.14677,0.0
91.15188,37.51879,0.0,-31.726748,-18.86719,0.0
-73.34542,-89.27093,0.0,8.804982,89.90784,0.0
-17.101454,0.7675435,0.0,-19.298794,-31.196898,0.0
38.815075,26.765278,0.0,-84.017555,-46.710815,0.0
-57.98507,-34.780617,0.0,-84.56299,91.43214,0.0
-99.12133,98.04866,0.0,-84.90769,67.367,0.0
66.89085,-27.842318,0.0,22.441816,-69.42258,0.0
12.054947,-89.72017,0.0,19.500416,94.9371,0.0
26.654522,90.421616,0.0,-63.61719,25.55673,0.0
-47.346523,80.96284,0.0,91.907005,-15.937433,0.0
62.336792,79.30069,0.0,-98.94832,-47.70919,0.0
-49.300377,60.44325,0.0,44.132084,82.609344,0.0
-40.58303,-55.33474,0.0,32.54864,-7.4459534,0.0
30.172325,30.753477,0.0,-49.025627,-50.707047,0.0
-68.378654,54.27792,0.0,18.422867,90.16879,0.0
-8.713336,49.13934,0.0,-92.01787,-52.138103,0.0
37.98791,-1.2747098,0.0,-16.48234,-23.562605,0.0
-6.658886,51.16423,0.0,62.24219,90.65359,0.0
44.993492,-90.12554,0.0,-37.529877,-4.0118794,0.0
-2.912033,-14.730102,0.0,50.369755,-26.27912,0.0
-6.0579844,-64.86944,0.0,-78.49443,-52.222843,0.0
11.415167,-92.76277,0.0,-53.348774,40.95456,0.0
95.4161,92.32702,0.0,-53.489784,-44.798973,0.0
-1.4770087,58.89848,0.0,95.852036,-40.882565,0.0
-84.56097,31.180288,0.0,-36.4443,83.642845,0.0
79.077095,-70.74691,0.0,23.028841,50.840958,0.0
18.307762,73.3708,0.0,-75.071815,92.276505,0.0
-53.62808,59.588634,0.0,12.625321,-98.84587,0.0
-25.977352,-69.987175,0.0,2.8159542,-81.29905,0.0
90.23188,-18.00117,0.0,-41.244747,-7.401877,0.0
-51.799644,48.006565,0.0,61.480946,-99.192055,0.0
28.072147,-19.389317,0.0,-55.38867,-46.02342,0.0
46.465942,13.63825,0.0,-91.46276,26.60381,0.0
-67.989365,-64.25684,0.0,-8.127734,5.1900086,0.0
-78.87786,47.1443,0.0,69.11017,-80.08223,0.0
-83.21494,-83.53105,0.0,75.21495,-53.76778,0.0
75.02411,-46.566135,0.0,12.74783,56.410202,0.0
87.48034,-37.95832,0.0,-54.60993,-21.165876,0.0
8.421108,10.712219,0.0,95.30715,-55.48926,0.0
-22.277157,-79.047806,0.0,-67.55259,-73.45235,0.0
96.26881,80.15253,0.0,66.78166,97.121925,0.0
48.76641,2.28251,0.0,-39.751953,26.761282,0.0
-43.76786,-24.787495,0.0,-33.38415,52.82945,0.0
93.03446,-98.832016,0.0,13.9541,-82.32055,0.0
40.413654,74.337204,0.0,-13.98213,-34.68089,0.0
39.7451,-24.012905,0.0,-17.635132,-29.663555,0.0
83.583084,87.867065,0.0,-21.906092,-33.26848,0.0
-59.21622,-86.61028,0.0,31.585627,14.501257,0.0
90.851685,-71.542755,0.0,41.695656,-86.41476,0.0
30.459505,-66.07102,0.0,-48.996754,73.969635,0.0
71.72794,40.41401,0.0,-59.740734,-12.863537,0.0
79.476,26.75306,0.0,61.662704,34.95289,0.0
-63.549767,97.6945,0.0,-82.9533,74.61171,0.0
-50.14245,-32.481316,0.0,-43.115364,71.11825,0.0
-96.73368,80.99009,0.0,98.396164,-92.47146,0.0
-53.80124,59.45809,0.0,58.925312,12.172405,0.0
89.449486,-29.900915,0.0,-47.14451,-60.76088,0.0
66.60497,89.17261,0.0,-9.958137,16.294167,0.0
6.052549,-34.09074,0.0,-90.81105,84.00684,0.0
-67.8772,95.21903,0.0,-36.986824,-14.215261,0.0
-13.3361,9.475555,0.0,-87.585976,-82.02842,0.0
37.568485,68.821045,0.0,-57.922005,89.12782,0.0
7.376407,92.5901,0.0,92.88335,17.768793,0.0
-72.093445,-40.76535,0.0,-18.576082,-23.207464,0.0
-81.39822,-71.70122,0.0,-53.49631,64.76196,0.0
28.384731,-27.720112,0.0,-85.66111,-28.393917,0.0
-82.532616,25.646118,0.0,83.332405,71.327614,0.0
24.503168,-36.9887,0.0,8.376039,-81.75103,0.0
-28.95188,86.695526,0.0,-33.821667,62.75434,0.0
-67.518875,87.660706,0.0,60.14895,-55.797802,0.0
9.522455,-26.945152,0.0,-23.203358,12.673325,0.0
-68.61571,3.2705534,0.0,53.53401,36.77527,0.0
-23.988035,-34.21334,0.0,74.80063,-83.29475,0.0
-47.628193,-80.06041,0.0,6.5561028,-97.88362,0.0
-63.06526,0.5446484,0.0,-69.49432,68.5784,0.0
2.5593011,78.335556,0.0,-33.200436,-74.06364,0.0
-11.497753,7.929547,0.0,-7.4320593,0.5776147,0.0
-29.06075,73.040085,0.0,36.012764,-85.93578,0.0
-41.635414,54.682537,0.0,24.204271,12.567839,0.0
31.14437,-99.36952,0.0,93.11561,-90.64963,0.0
-80.64235,-4.278405,0.0,-61.12702,85.492325,0.0
-8.66287,-94.47443,0.0,-25.071262,79.0188,0.0
41.03336,58.031754,0.0,94.46185,35.10159,0.0
42.56656,55.879528,0.0,78.31897,-64.37142,0.0
3.7922528,45.282448,0.0,-74.77307,81.045044,0.0
52.37488,48.916695,0.0,-61.00527,76.66561,0.0
29.52588,61.41236,0.0,46.901352,-8.8808365,0.0
-75.093155,59.794495,0.0,-39.44117,46.47395,0.0
-56.930183,-27.685709,0.0,-8.636606,95.75318,0.0
14.671754,-86.21721,0.0,25.771881,-38.25211,0.0
-84.25057,-98.70517,0.0,-93.90933,-1.6799636,0.0
-49.408737,-31.444927,0.0,14.00636,94.01986,0.0
53.671085,29.321205,0.0,-81.336655,-19.58515,0.0
42.8962,-4.561214,0.0,96.11814,-42.621735,0.0
20.019209,88.23658,0.0,47.69435,-45.430107,0.0
-97.21246,-25.097078,0.0,-87.4123,-92.14968,0.0
99.72909,-76.105225,0.0,89.60888,64.58847,0.0
95.51035,-24.386282,0.0,-88.002945,33.757385,0.0
-89.65582,-57.792336,0.0,-85.13383,-42.21714,0.0
-33.877407,-80.65137,0.0,70.950836,35.35481,0.0
98.011024,-24.705116,0.0,98.00923,94.8315,0.0
88.20361,35.95804,0.0,-8.682244,-73.97173,0.0
40.219517,-17.853691,0.0,0.9274623,-98.52939,0.0
82.30834,41.3578,0.0,27.96857,-82.070335,0.0
-94.21447,80.076385,0.0,-98.548454,1.1187907,0.0
-61.774464,51.65463,0.0,-45.039654,44.71528,0.0
-41.74065,55.78968,0.0,-80.69349,83.69388,0.0
59.52141,67.46339,0.0,-82.180534,-90.116035,0.0
-54.27712,32.86565,0.0,-94.01205,-24.606834,0.0
79.762054,8.303634,0.0,20.65744,-65.25692,0.0
42.991566,-12.246046,0.0,26.751585,-37.489113,0.0
-72.42229,48.354176,0.0,-48.97576,65.9134,0.0
93.79433,78.75443,0.0,-37.74204,-40.773052,0.0
-80.91201,30.58692,0.0,30.514156,-89.432556,0.0
-39.28753,-45.431366,0.0,28.747065,-99.19871,0.0
-13.884223,-93.913345,0.0,-97.67782,-30.46372,0.0
-83.05031,95.24402,0.0,92.95763,96.45725,0.0
36.13125,79.761894,0.0,-10.877284,62.8837,0.0
28.413303,-62.31186,0.0,58.431927,9.0122385,0.0
89.96861,-31.030447,0.0,-88.03239,79.956345,0.0
60.145184,-41.189106,0.0,-29.796844,-38.369667,0.0
-48.604385,76.76493,0.0,98.32086,8.415453,0.0
-12.557027,45.20326,0.0,-96.054214,0.69846684,0.0
82.91516,99.46278,0.0,98.33173,8.651947,0.0
-88.69722,20.205454,0.0,-49.21001,53.216766,0.0
14.267692,-97.250114,0.0,20.561205,-71.17537,0.0
48.807716,11.127623,0.0,69.02401,-48.864506,0.0
-49.12189,-12.513155,0.0,60.33159,-42.327316,0.0
90.21814,7.667897,0.0,34.391228,-80.10768,0.0
22.749619,-32.364662,0.0,47.80271,74.43167,0.0
49.217163,-19.924751,0.0,61.6514,64.4597,0.0
31.4061,79.67729,0.0,-20.096241,-34.641064,0.0
-19.74036,-95.62568,0.0,94.16779,-39.489105,0.0
-18.404541,6.89841,0.0,-23.400705,-35.170483,0.0
86.99632,27.371796,0.0,34.371952,-7.5034113,0.0
-45.83667,65.80628,0.0,73.46179,63.343376,0.0
8.949251,89.81209,0.0,-52.505116,60.741077,0.0
-33.649166,83.33807,0.0,-85.31313,90.37452,0.0
-57.23745,43.73384,0.0,-88.315254,74.44429,0.0
90.40905,96.6792,0.0,-83.609406,-17.551472,0.0
-38.173355,-90.66241,0.0,32.30671,-89.63295,0.0
39.315536,-54.375793,0.0,15.681542,72.8541,0.0
5.5553985,60.444836,0.0,78.42035,-93.80024,0.0
-40.088722,40.403446,0.0,44.815155,27.41071,0.0
80.82161,98.00526,0.0,-53.29537,-49.096035,0.0
-85.54829,-10.579632,0.0,26.95723,74.6543,0.0
58.493626,-23.223658,0.0,-62.620655,50.945515,0.0
-78.502525,53.252445,0.0,2.009756,67.64322,0.0
46.865067,7.6193914,0.0,-56.76293,-37.999996,0.0
-60.588303,-97.128395,0.0,46.23646,-51.50653,0.0
71.0204,97.228745,0.0,49.183907,57.20779,0.0
-38.354294,-45.441635,0.0,-39.32199,-20.45901,0.0
36.588024,-33.336937,0.0,74.38952,81.69131,0.0
-52.646206,-48.408417,0.0,6.568417,-75.00071,0.0
73.95186,59.38231,0.0,-30.700989,54.879704,0.0
-17.658552,-83.4432,0.0,58.004745,-96.074936,0.0
-88.354706,4.178072,0.0,32.96985,-23.533901,0.0
-42.64842,27.94489,0.0,92.75277,65.63302,0.0
-74.54894,-40.51296,0.0,22.772413,-15.977242,0.0
-34.619473,75.04498,0.0,-89.79917,-90.01277,0.0
-67.99988,97.29881,0.0,-81.355965,56.213043,0.0
-86.39338,-11.090718,0.0,-93.973465,83.06301,0.0
73.97652,-74.134636,0.0,68.41336,-59.244854,0.0
-86.4978,97.20073,0.0,62.519184,-29.489084,0.0
51.99522,40.043808,0.0,-30.66882,-90.15937,0.0
-1.6593766,65.01848,0.0,45.81108,91.23349,0.0
53.087246,38.307793,0.0,-1.8878295,-60.292202,0.0
-95.28515,-83.083466,0.0,-70.38247,66.55792,0.0
59.85394,-73.84521,0.0,-40.971275,-23.619932,0.0
85.76174,-68.81808,0.0,-71.8446,52.048393,0.0
-77.68217,-29.902382,0.0,44.463684,-69.14639,0.0
45.608025,71.348755,0.0,76.20536,-48.161255,0.0
-89.43658,-79.61576,0.0,50.559723,-38.517715,0.0
-99.78561,49.362938,0.0,99.202705,5.9876704,0.0
-3.8869565,-91.408195,0.0,29.077948,63.0443,0.0
-99.55561,28.899744,0.0,-46.14528,-68.00435,0.0
1.5313131,-90.12547,0.0,37.715794,-62.288025,0.0
86.38488,-39.62996,0.0,-70.23793,50.248928,0.0
-3.482644,-95.89328,0.0,-27.581926,-82.336044,0.0
-92.20641,32.318558,0.0,43.15262,41.655365,0.0
-56.155315,-4.9351993,0.0,71.6409,19.745222,0.0
9.485824,-60.000027,0.0,13.831745,-30.323254,0.0
49.77977,-61.821045,0.0,14.887944,-39.354336,0.0
-67.10501,6.9239798,0.0,6.46355,-60.00685,0.0
66.86275,-87.675125,0.0,-77.541016,88.40219,0.0
-84.78589,-62.170036,0.0,-56.35879,-5.2887115,0.0
20.963478,-34.57965,0.0,63.480827,-72.91389,0.0
61.079487,-37.3352,0.0,-70.20264,-29.11956,0.0
11.830112,-82.8407,0.0,9.3286705,10.70027,0.0
92.74854,-66.33947,0.0,48.749992,33.391636,0.0
33.548393,-22.801514,0.0,-42.24091,-92.21632,0.0
-45.67485,12.213357,0.0,15.578619,49.655396,0.0
19.653877,-76.134636,0.0,99.486336,3.3135111,0.0
-42.188076,55.494057,0.0,-60.498436,-47.464268,0.0
43.07651,75.88445,0.0,40.595352,80.28056,0.0
-99.18121,-2.237487,0.0,55.56876,-98.523636,0.0
-85.52472,90.82633,0.0,-55.34892,84.461555,0.0
80.86274,-42.126038,0.0,-0.9906287,-91.72197,0.0
-17.926428,24.150284,0.0,-94.835976,-22.919174,0.0
78.31488,-74.02384,0.0,-12.248518,10.4843855,0.0
88.40645,-33.892918,0.0,76.05976,-32.585545,0.0
-56.469936,-35.186977,0.0,-57.381966,-32.09767,0.0
75.323006,-57.29224,0.0,87.98094,22.254982,0.0
-97.9989,-58.70097,0.0,38.989117,30.651997,0.0
-34.01949,-61.697174,0.0,54.71035,-58.082733,0.0
-6.8932934,-14.424709,0.0,-38.788837,53.998955,0.0
-36.199562,92.61418,0.0,-58.85038,-34.369003,0.0
-87.2619,-28.565588,0.0,95.49703,-57.642788,0.0
30.531172,86.94676,0.0,-63.556442,87.37875,0.0
79.22512,90.746,0.0,-98.96128,-82.42301,0.0
-14.305522,-82.20001,0.0,57.492825,-81.07333,0.0
45.42521,8.785996,0.0,69.27723,-70.578026,0.0
95.030785,-59.91044,0.0,84.15945,-80.346756,0.0
-59.00714,18.033424,0.0,-98.02261,-0.52565217,0.0
6.990798,9.899435,0.0,-99.5056,-10.184961,0.0
-50.224876,87.8556,0.0,40.177376,-17.031206,0.0
77.99292,93.42423,0.0,-85.912,-5.741037,0.0
33.93183,-18.28821,0.0,-43.015266,89.23272,0.0
-50.864574,34.2688,0.0,-37.91292,10.019812,0.0
42.65942,54.49643,0.0,-12.473229,1.6528621,0.0
-55.340645,-0.5611368,0.0,93.58648,11.09109,0.0
-66.82608,39.477806,0.0,-72.83152,57.51914,0.0
-1.4959924,-26.422272,0.0,-91.41269,-97.50793,0.0
-31.252716,73.44995,0.0,-12.3229265,-38.24914,0.0
-98.20114,26.671581,0.0,-77.34618,31.8583,0.0
36.80635,-17.171816,0.0,70.23129,65.286354,0.0
4.5184817,14.2125225,0.0,-7.556047,73.90538,0.0
13.079907,20.771715,0.0,87.1451,32.298603,0.0
-10.602585,-39.944515,0.0,8.256092,80.4818,0.0
-99.006256,-1.4522164,0.0,-72.338455,-40.11213,0.0
-58.053146,3.455588,0.0,64.24998,82.6583,0.0
-72.505066,96.70116,0.0,-88.30913,-42.179447,0.0
16.416197,-32.89462,0.0,-48.131065,70.29663,0.0
51.462013,45.43251,0.0,-92.386665,-11.68452,0.0
54.641735,-22.218092,0.0,-49.639244,18.203445,0.0
-60.762207,-3.053424,0.0,-61.806038,89.33203,0.0
-86.775314,72.90284,0.0,-37.13218,31.363924,0.0
33.03348,2.4404726,0.0,33.160355,53.86691,0.0
-47.854042,-22.89976,0.0,-38.473404,22.968246,0.0
39.60204,96.08781,0.0,-53.146656,15.574526,0.0
-46.390408,14.905872,0.0,-74.38099,83.83473,0.0
-64.87991,-23.957645,0.0,-83.39448,55.402103,0.0
0.3850723,61.3349,0.0,43.098343,-35.900967,0.0
-84.45859,-0.62986016,0.0,77.1773,73.990616,0.0
-59.404236,71.4906,0.0,-54.351288,-9.596752,0.0
-39.872868,-46.96114,0.0,-92.932846,12.791637,0.0
5.641692,-80.16581,0.0,-50.355137,63.057842,0.0
-30.47468,27.704983,0.0,-0.8406244,-76.98115,0.0
78.8884,-45.383163,0.0,-34.10352,-5.7669644,0.0
84.10097,-37.109417,0.0,-33.271984,-68.31173,0.0
-77.760506,-1.4749792,0.0,-97.72927,-6.2678723,0.0
-27.099806,97.75208,0.0,18.770868,-20.119942,0.0
-43.32046,28.018082,0.0,21.52472,-69.30863,0.0
86.25702,19.427454,0.0,24.556694,86.74532,0.0
-37.597363,-59.325558,0.0,26.53775,-25.835402,0.0
-96.20326,72.271805,0.0,48.376514,73.13673,0.0
-34.58784,36.728966,0.0,-41.36847,53.581562,0.0
84.38283,5.365383,0.0,-83.54973,20.923023,0.0
-86.681755,-80.38215,0.0,27.84984,73.1863,0.0
-99.0622,67.292595,0.0,-7.2449994,-26.240997,0.0
-49.38385,-98.68482,0.0,65.98397,-73.162865,0.0
-85.290565,-83.54225,0.0,-25.211052,45.087,0.0
-76.71846,-8.620186,0.0,96.86184,2.92256,0.0
44.03294,-55.75399,0.0,21.492212,-81.808014,0.0
-53.450775,38.992966,0.0,75.59939,9.598582,0.0
77.38221,-5.2392454,0.0,-16.431301,85.28449,0.0
-87.041985,-34.285442,0.0,1.6813761,59.2392,0.0
-36.787453,-47.87508,0.0,-61.307,71.763336,0.0
-71.44061,-8.447782,0.0,64.531296,99.9777,0.0
-99.188614,36.584248,0.0,-50.000427,12.077528,0.0
9.404191,-97.92674,0.0,84.03948,58.29676,0.0
-37.574577,-94.540436,0.0,-86.406204,89.06938,0.0
-99.492065,71.27333,0.0,36.373844,-10.65177,0.0
34.286446,60.126633,0.0,-54.551872,-67.26477,0.0
77.185425,60.55783,0.0,-33.040447,25.138243,0.0
-9.9798565,48.28933,0.0,-41.108494,-12.969888,0.0
26.344131,75.26488,0.0,-56.03304,90.335175,0.0
-60.352375,81.16615,0.0,73.09126,9.31748,0.0
90.19259,-78.63115,0.0,44.532825,-37.9001,0.0
-10.375562,90.464905,0.0,-85.7771,34.886017,0.0
-51.811382,86.29707,0.0,35.747734,97.58879,0.0
66.516106,66.891235,0.0,92.525375,-98.631996,0.0
-75.25869,-33.599236,0.0,57.308624,36.17625,0.0
-82.633125,92.88824,0.0,-70.816475,-90.455505,0.0
62.938736,-56.038643,0.0,-57.990345,12.438689,0.0
30.027227,28.753357,0.0,0.842396,76.40303,0.0
51.27605,35.63968,0.0,-90.29084,54.962708,0.0
13.184833,79.35532,0.0,-42.01541,31.8215,0.0
88.006134,-57.289845,0.0,-46.72759,63.230606,0.0
-31.182207,94.1306,0.0,-79.36831,78.86467,0.0
-55.397472,5.1262045,0.0,-81.749886,-12.71032,0.0
-34.0387,64.691216,0.0,40.230698,-17.600145,0.0
-2.4273934,-91.9736,0.0,75.6799,-10.714133,0.0
34.878067,-31.887062,0.0,-33.76659,65.046616,0.0
45.86737,-72.103806,0.0,41.231834,-68.621994,0.0
21.559546,49.787056,0.0,-61.680805,10.980847,0.0
13.41694,82.4242,0.0,-79.07243,-18.896002,0.0
-49.269966,41.151905,0.0,-23.541101,69.68213,0.0
-30.049429,-44.949627,0.0,-40.51335,-2.794275,0.0
-50.20781,42.094757,0.0,-95.97497,48.79262,0.0
-8.700295,74.9732,0.0,-19.922598,80.33601,0.0
-61.9303,44.901257,0.0,-80.83133,2.393388,0.0
37.954857,28.654736,0.0,-86.1966,39.748924,0.0
-57.20269,-7.0133758,0.0,82.29664,28.153011,0.0
89.46944,-71.340996,0.0,-72.79497,-46.95821,0.0
-18.58471,-70.64824,0.0,40.311996,4.3278317,0.0
-94.72781,79.57264,0.0,-99.80963,82.297356,0.0
79.76004,88.35696,0.0,-60.85695,82.24775,0.0
41.53088,6.9573703,0.0,55.474625,16.20767,0.0
-67.960976,68.802765,0.0,-99.41964,83.271355,0.0
56.493416,-59.09364,0.0,-75.10278,-25.213993,0.0
36.841934,-56.891342,0.0,-16.069054,-62.36507,0.0
-57.58674,-81.680374,0.0,7.717729,90.49495,0.0
67.571045,-71.22823,0.0,-23.798065,98.274574,0.0
69.16926,21.714174,0.0,-91.41358,33.262856,0.0
-86.29941,19.10085,0.0,44.548153,92.177216,0.0
-30.625793,-48.416767,0.0,-10.589494,79.228165,0.0
96.40416,-22.04478,0.0,91.68526,-50.821762,0.0
36.090897,-39.444164,0.0,40.367523,24.116447,0.0
68.95257,-66.150795,0.0,-44.281178,-62.83655,0.0
91.051414,79.21194,0.0,60.167095,-70.42626,0.0
42.048557,-37.12998,0.0,-5.7664194,64.32737,0.0
63.679317,33.428658,0.0,46.73961,58.051132,0.0
79.59112,94.740944,0.0,-87.1315,21.437078,0.0
9.538739,16.17086,0.0,-36.380524,60.553837,0.0
38.496887,-81.9066,0.0,68.83762,-64.11478,0.0
-0.17360029,22.525705,0.0,95.96413,24.048262,0.0
81.06463,-9.692515,0.0,-97.381065,-55.069584,0.0
-34.432,19.840284,0.0,36.745556,-42.27644,0.0
-80.424805,-20.595695,0.0,-73.5629,27.658243,0.0
-66.910675,52.843193,0.0,67.76017,-55.51147,0.0
63.371254,88.853226,0.0,-35.929718,-97.59481,0.0
-13.548108,73.47926,0.0,84.97638,82.35553,0.0
-95.006386,92.56603,0.0,-67.58129,-17.127453,0.0
48.09418,17.012325,0.0,43.408653,21.980747,0.0
39.549896,42.091633,0.0,47.187542,15.297512,0.0
39.387516,-93.335045,0.0,29.770542,0.3798026,0.0
42.399155,26.243767,0.0,-76.70479,78.65649,0.0
49.776257,-50.203346,0.0,-7.070802,93.145325,0.0
-17.42045,-74.612595,0.0,77.478096,34.215466,0.0
-60.016823,61.043938,0.0,-37.271397,-73.09963,0.0
-16.42172,-1.4298708,0.0,-89.600334,86.01446,0.0
81.231316,-55.928047,0.0,40.615284,29.427908,0.0
-89.987564,-95.248436,0.0,81.910126,-77.36661,0.0
-82.36686,43.544445,0.0,-60.639446,-10.785574,0.0
60.442196,70.39742,0.0,-5.8989005,97.24703,0.0
-48.87012,1.5645561,0.0,-11.775552,-75.70657,0.0
30.325302,87.34941,0.0,27.54113,57.68871,0.0
88.91377,-80.15068,0.0,-23.709785,-90.14292,0.0
71.1205,-67.24701,0.0,-49.102314,-69.90063,0.0
-68.62625,84.407036,0.0,92.38351,4.236293,0.0
-1.7222341,85.142746,0.0,81.392845,74.37443,0.0
0.58632845,14.63415,0.0,76.57981,-24.448624,0.0
-74.9302,75.41247,0.0,-94.815895,-20.442917,0.0
-32.36136,-56.782257,0.0,-64.67793,-72.03804,0.0
-97.536835,26.56179,0.0,58.058056,-99.89964,0.0
-39.717888,40.26409,0.0,28.311316,6.246314,0.0
79.60129,-86.24331,0.0,-30.440437,93.936844,0.0
-72.092285,-26.875399,0.0,-71.74564,19.034998,0.0
-39.97879,-90.67676,0.0,-84.8067,-84.96056,0.0
-93.203835,-46.455624,0.0,-83.73158,-34.55996,0.0
19.290274,21.249609,0.0,-96.99334,-74.95482,0.0
28.055792,-16.815617,0.0,35.724773,9.789898,0.0
53.846233,18.582186,0.0,-31.867424,-50.97184,0.0
57.336098,-56.888954,0.0,-28.057224,80.32391,0.0
56.002155,76.67127,0.0,9.896657,80.580925,0.0
12.923938,77.60213,0.0,-17.846302,-69.8589,0.0
70.90213,71.55592,0.0,17.063856,93.46105,0.0
-86.56239,-0.82077175,0.0,79.7626,-37.51169,0.0
48.233547,78.0912,0.0,41.49708,11.110533,0.0
40.739185,-22.892784,0.0,30.093307,74.5138,0.0
-66.64815,-99.55157,0.0,7.883689,-86.2717,0.0
-15.805615,-20.880482,0.0,63.220062,-91.019745,0.0
-50.57249,58.02162,0.0,-60.597435,-42.266865,0.0
-44.858845,-68.06398,0.0,-95.950066,25.360468,0.0
-33.550407,52.828423,0.0,-88.75464,-6.944962,0.0
30.12028,-96.00754,0.0,10.680528,-61.16412,0.0
88.58258,50.672867,0.0,-72.33887,33.78309,0.0
51.618397,46.91996,0.0,54.187008,83.14226,0.0
48.400494,6.8289714,0.0,39.454037,46.949776,0.0
13.670313,-79.46877,0.0,-59.590775,-53.064594,0.0
12.934071,47.710907,0.0,-73.10679,86.029686,0.0
71.82921,91.43173,0.0,-88.641884,88.07737,0.0
-44.48124,45.832798,0.0,-82.518745,-68.1116,0.0
-8.36613,-96.71467,0.0,-41.3475,91.61079,0.0
90.38115,-20.118422,0.0,-32.994625,41.47801,0.0
-70.04707,25.170645,0.0,84.85778,-94.76689,0.0
26.429972,-1.4604119,0.0,17.423326,17.306843,0.0
-72.06949,2.4739103,0.0,9.171639,70.904655,0.0
64.89252,48.41308,0.0,55.557365,71.612915,0.0
72.0544,70.97556,0.0,12.791174,71.71985,0.0
51.010887,-69.38745,0.0,-15.065269,-39.33109,0.0
53.353745,99.411644,0.0,77.74687,-82.18074,0.0
71.954765,37.44096,0.0,53.568848,35.474216,0.0
56.15493,-66.88144,0.0,-38.02308,-78.279755,0.0
76.57583,28.316723,0.0,-38.693764,57.499466,0.0
-28.725674,-75.0386,0.0,93.102135,-41.277378,0.0
-12.597414,-13.016505,0.0,46.91536,-2.804944,0.0
73.805855,-84.23712,0.0,45.6021,-65.0268,0.0
83.18072,-33.623024,0.0,-46.477974,18.476334,0.0
49.2851,59.70887,0.0,37.97769,74.70279,0.0
-30.589108,86.29132,0.0,-91.54559,64.79782,0.0
12.399013,-91.460266,0.0,-56.73424,-28.89982,0.0
20.381416,-66.395164,0.0,-5.9131517,1.0106939,0.0
74.733734,-38.534966,0.0,87.71777,-36.61094,0.0
-33.965473,-60.896023,0.0,-43.00167,71.86016,0.0
78.611824,39.20245,0.0,43.893326,-30.216908,0.0
70.7602,-99.63186,0.0,50.14741,-77.595,0.0
96.21059,-17.50607,0.0,58.09738,87.951256,0.0
32.88749,-31.66319,0.0,67.03442,39.301266,0.0
74.85265,91.70697,0.0,-69.95679,-3.8292303,0.0
-62.929775,-58.018517,0.0,-99.638985,-45.916874,0.0
-54.514248,99.68721,0.0,66.93902,-22.003109,0.0
-40.622643,-38.41576,0.0,29.080214,-13.370489,0.0
95.014824,-11.176059,0.0,-30.16976,-41.54742,0.0
-60.48462,12.12208,0.0,-81.0656,51.681175,0.0
-86.61928,-86.743286,0.0,-97.24484,-55.905136,0.0
16.555346,-39.178024,0.0,-68.80597,57.01029,0.0
-80.95468,97.153046,0.0,-39.626755,6.1123967,0.0
-35.226555,52.77281,0.0,15.84972,-29.501606,0.0
-76.28383,-7.6194053,0.0,-53.699238,-58.8554,0.0
-33.209827,33.126728,0.0,-13.436304,-4.0121474,0.0
-23.606516,-73.167755,0.0,-4.385619,21.777773,0.0
-35.81344,-52.746193,0.0,-72.634605,27.565357,0.0
72.767746,-39.195965,0.0,-65.98115,-0.42339045,0.0
69.08299,17.672153,0.0,-23.978174,58.93082,0.0
-69.540474,-46.344704,0.0,40.183037,-10.529636,0.0
67.03743,18.165293,0.0,43.96783,47.45506,0.0
-0.5682926,54.598232,0.0,51.04748,-91.268776,0.0
86.15802,-95.18872,0.0,-83.73093,86.06836,0.0
18.867067,95.23026,0.0,34.733185,-28.627945,0.0
-92.593704,-64.332794,0.0,-58.002773,41.320477,0.0
79.04793,-12.71858,0.0,84.73972,8.341568,0.0
-91.84632,-44.386333,0.0,-84.17069,27.60888,0.0
32.39781,-30.481821,0.0,-73.254715,77.632416,0.0
87.34616,64.914406,0.0,49.38335,-51.751175,0.0
4.017982,-19.860146,0.0,4.2844076,55.797703,0.0
82.14597,-15.785289,0.0,31.184803,83.6705,0.0
-94.102875,93.160645,0.0,20.751173,-98.190865,0.0
45.311058,-37.24809,0.0,-89.74704,18.774412,0.0
87.56545,-89.27432,0.0,0.19386135,-25.007092,0.0
-50.646126,78.92422,0.0,18.389833,72.442856,0.0
51.18815,-77.69607,0.0,-82.313255,14.199604,0.0
17.590832,45.310547,0.0,-5.65207,88.59059,0.0
-47.431118,17.310678,0.0,89.57285,81.06597,0.0
-1.5978662,23.616936,0.0,27.015438,75.96343,0.0
-79.156364,-23.028116,0.0,-88.555,28.995949,0.0
-11.947065,51.302177,0.0,75.766045,-50.091892,0.0
-10.308729,-97.25325,0.0,-66.73341,-75.19868,0.0
99.04781,-92.75958,0.0,-85.66862,-1.5585274,0.0
-68.075096,28.426525,0.0,64.2639,69.397285,0.0
-39.119267,94.40191,0.0,47.164642,22.917856,0.0
52.35048,91.80751,0.0,-85.44811,-47.46812,0.0
94.37888,15.589888,0.0,34.965317,-8.18245,0.0
-80.360565,-47.903255,0.0,6.410455,-77.06368,0.0
-59.62079,-18.367065,0.0,-18.237719,-36.488373,0.0
-54.50211,46.686623,0.0,25.490778,12.948156,0.0
32.74686,55.70418,0.0,89.10354,73.24582,0.0
17.931631,96.61845,0.0,55.39789,-77.66574,0.0
-76.72047,31.044891,0.0,-6.474987,92.18629,0.0
44.006393,62.569477,0.0,38.860027,-34.057686,0.0
62.654667,33.189884,0.0,86.17821,-74.17849,0.0
83.626434,20.677803,0.0,-98.94027,4.723885,0.0
70.15908,-67.758835,0.0,67.213295,-38.26529,0.0
75.29511,2.9791257,0.0,17.431705,89.42585,0.0
-42.25919,63.772106,0.0,-42.812542,87.89252,0.0
64.96377,-30.603895,0.0,-37.889477,17.083424,0.0
78.05023,-21.105822,0.0,6.3159957,98.96327,0.0
-51.357857,-38.049324,0.0,56.012833,63.29089,0.0
-53.237144,-51.681538,0.0,-32.328876,29.326653,0.0
75.70435,70.88189,0.0,34.789997,43.470924,0.0
-77.9899,83.82353,0.0,24.326483,-21.959211,0.0
47.382187,-45.009884,0.0,-87.45386,42.33128,0.0
97.23885,11.92857,0.0,86.24209,-81.83745,0.0
-57.137585,-53.45007,0.0,-80.215744,70.73371,0.0
6.516524,-35.748344,0.0,28.297583,-24.555147,0.0
-84.17487,6.477153,0.0,41.19035,1.8376569,0.0
70.78313,-76.477036,0.0,-79.57156,84.48021,0.0
-95.934074,2.1207685,0.0,-38.611492,3.5669453,0.0
-94.37992,-49.455624,0.0,-9.996289,79.77243,0.0
-36.57637,52.190792,0.0,-32.66724,59.149673,0.0
31.047348,-72.28944,0.0,-92.613625,66.89383,0.0
-0.4563876,83.829796,0.0,-78.435196,21.796751,0.0
-40.16337,55.802242,0.0,-24.532291,24.223114,0.0
0.874629,-63.5098,0.0,92.94196,-96.418236,0.0
42.243423,36.403507,0.0,46.68177,-32.543983,0.0
35.4229,46.99977,0.0,-78.80307,82.51447,0.0
28.189339,-85.02676,0.0,-49.795162,82.87518,0.0
-56.557453,-86.666664,0.0,-33.770042,-2.232947,0.0
95.88962,4.7247,0.0,-50.190674,-80.31473,0.0
57.753414,-33.895653,0.0,-7.047235,-9.47432,0.0
98.3994,-63.421246,0.0,-5.950201,74.405945,0.0
-77.739426,83.32323,0.0,-45.82186,-39.73355,0.0
36.953964,-31.875612,0.0,-14.403682,49.77106,0.0
-85.122696,18.436348,0.0,44.889088,-11.047007,0.0
94.873955,41.947285,0.0,-38.971523,33.754276,0.0
-69.551,-20.914188,0.0,51.349113,-61.57824,0.0
-24.471376,-68.094894,0.0,-91.032845,-41.14577,0.0
32.2242,-93.89516,0.0,71.58391,46.492786,0.0
-23.130089,77.761986,0.0,-71.12514,38.79701,0.0
13.138987,10.162848,0.0,67.38241,78.68565,0.0
76.26497,17.203272,0.0,55.720272,-50.258568,0.0
69.8343,80.53736,0.0,-40.830738,9.29644,0.0
-69.19824,66.77734,0.0,-74.91017,-40.437702,0.0
68.09791,-63.285778,0.0,80.33476,1.2723175,0.0
61.503014,74.44992,0.0,68.328735,68.03725,0.0
-46.741005,78.95518,0.0,88.98899,-28.76589,0.0
-83.25549,72.17021,0.0,38.26267,-75.41643,0.0
28.239931,84.720535,0.0,56.597675,-63.84481,0.0
-49.986458,-17.953754,0.0,66.10143,-60.230263,0.0
87.7782,-37.75239,0.0,2.5322888,-78.23154,0.0
-33.90697,83.54454,0.0,57.319126,68.97465,0.0
-31.836166,49.5824,0.0,-52.402447,64.62933,0.0
-20.539211,-28.103449,0.0,10.303178,-85.454475,0.0
-20.329044,77.12028,0.0,-69.82013,-86.652596,0.0
74.180695,-95.89604,0.0,63.645607,70.64054,0.0
76.16242,-13.0210285,0.0,-92.63202,0.17331222,0.0
-99.14888,-73.31262,0.0,-88.19079,-13.57618,0.0
58.03703,43.211235,0.0,-83.78407,16.672888,0.0
-64.09748,29.8263,0.0,-15.14698,69.13557,0.0
28.612211,-21.548267,0.0,12.906853,-69.56266,0.0
36.657154,83.77013,0.0,31.244467,-26.873741,0.0
-60.375942,36.67152,0.0,-31.699205,56.081524,0.0
84.15504,40.158222,0.0,-73.54795,-42.996365,0.0
4.2021794,72.34134,0.0,-60.90688,47.328354,0.0
79.44932,-97.29713,0.0,-66.13958,11.100197,0.0
16.071499,-89.06951,0.0,-74.16047,16.172777,0.0
-57.998264,25.81159,0.0,54.12572,77.050446,0.0
-28.793894,-71.80251,0.0,35.426876,-1.0925353,0.0
14.8306675,14.092075,0.0,21.95762,90.93417,0.0
43.02022,-9.260839,0.0,99.89437,-92.9968,0.0
-52.583717,-72.44132,0.0,-0.1144799,60.553062,0.0
68.54834,-73.96766,0.0,-90.11902,-39.988804,0.0
-71.755295,14.175485,0.0,-62.94593,-44.271385,0.0
40.72878,89.547676,0.0,-39.21347,-27.869007,0.0
59.954834,-98.5854,0.0,86.88544,-0.8882263,0.0
41.70763,75.81109,0.0,85.008545,-19.553179,0.0
-58.602093,-80.445724,0.0,-19.36217,-69.38744,0.0
41.480434,-18.797794,0.0,-95.59911,-1.7702509,0.0
10.506326,97.24939,0.0,32.16632,-41.108322,0.0
37.7115,-62.054092,0.0,-54.788464,89.89225,0.0
45.2081,-10.467075,0.0,-86.73312,-72.12084,0.0
-9.835832,-73.74504,0.0,-74.1444,38.622894,0.0
-49.580803,-33.196354,0.0,48.837013,-20.35608,0.0
99.63956,4.472742,0.0,-33.523903,35.952976,0.0
30.316875,74.13177,0.0,-6.475422,93.47925,0.0
-49.75574,-22.462694,0.0,28.692373,-66.9614,0.0
-25.366789,18.78024,0.0,8.605894,95.251724,0.0
95.68816,36.537876,0.0,79.52701,69.22242,0.0
-16.099852,-75.71685,0.0,-79.14445,79.2875,0.0
-35.130383,-27.92747,0.0,66.510826,-84.22456,0.0
56.90203,19.232561,0.0,78.668335,-65.60592,0.0
95.773285,-82.45156,0.0,-4.427431,10.77506,0.0
11.242341,-88.68271,0.0,64.9614,86.5216,0.0
-52.986717,-48.033127,0.0,75.91364,11.128616,0.0
-87.44717,1.8505718,0.0,67.19994,16.698349,0.0
-75.15795,52.661007,0.0,-34.821102,-2.9766915,0.0
-90.08066,-46.58661,0.0,-35.747433,-95.15421,0.0
-3.7384014,63.611023,0.0,-72.86211,-16.520916,0.0
-85.24038,13.490814,0.0,-91.74348,31.998106,0.0
75.78333,-12.872723,0.0,-98.04326,39.24096,0.0
-59.978127,-0.5787259,0.0,40.34133,97.228676,0.0
-21.544579,-91.56807,0.0,47.348854,90.325516,0.0
-34.166786,2.1029708,0.0,96.36254,-87.75159,0.0
33.725,79.78237,0.0,14.593312,70.75866,0.0
70.817825,43.232872,0.0,41.638428,62.345863,0.0
-95.57126,-25.297735,0.0,4.0555654,45.995037,0.0
72.71585,-89.481735,0.0,82.440926,-45.767315,0.0
-65.41826,-15.990745,0.0,-9.671795,20.258884,0.0
-18.768156,-13.453945,0.0,-75.23079,4.6414776,0.0
49.80161,-59.406116,0.0,72.45851,-31.491566,0.0
-71.0225,33.367863,0.0,82.10238,-88.6036,0.0
-12.5435505,-75.144684,0.0,38.874645,-33.26188,0.0
47.171844,65.81446,0.0,-21.155415,92.59862,0.0
-31.121614,46.515728,0.0,-95.07669,68.98232,0.0
38.983597,-5.174474,0.0,-33.02864,-99.965454,0.0
-62.733707,23.121222,0.0,34.017883,-29.756966,0.0
-22.600063,-26.0076,0.0,-75.98711,-22.06251,0.0
-35.20883,-82.68026,0.0,-30.476015,60.840137,0.0
83.47548,42.543312,0.0,48.50402,-29.454973,0.0
-37.87764,-23.35543,0.0,50.074978,63.423748,0.0
-55.101025,31.76858,0.0,55.7176,35.3184,0.0
-40.543324,-8.625145,0.0,-20.461802,-88.3738,0.0
64.11057,25.913216,0.0,8.711774,88.66999,0.0
23.710445,-26.2601,0.0,48.92523,-17.860624,0.0
78.29043,-39.4473,0.0,82.29484,-2.529844,0.0
-56.31621,-96.97924,0.0,4.6595407,-62.45365,0.0
-68.56223,-45.22135,0.0,76.609085,-99.10757,0.0
-34.541553,93.363235,0.0,96.68812,13.658583,0.0
-84.824196,19.83697,0.0,-26.733917,53.14666,0.0
24.401794,99.19301,0.0,-49.18422,-72.80809,0.0
-61.390293,-28.830523,0.0,-77.7671,18.821486,0.0
30.615236,91.61243,0.0,-71.11797,-95.825386,0.0
34.044388,-75.073555,0.0,45.536404,-7.263579,0.0
19.183441,-35.678158,0.0,-91.892586,20.608305,0.0
-67.78315,-79.266174,0.0,-99.454254,-37.199924,0.0
-78.911446,-54.12558,0.0,-31.471704,87.00685,0.0
37.68563,-17.727522,0.0,-74.36459,5.3892274,0.0
7.1382685,-36.554996,0.0,-87.84587,-40.37877,0.0
-57.588657,21.382263,0.0,91.23499,45.417835,0.0
-6.585878,70.771774,0.0,-69.69914,93.43131,0.0
46.694294,-7.4522343,0.0,-46.817703,15.331986,0.0
36.285004,-9.872371,0.0,93.83673,-51.975586,0.0
80.062294,-51.435482,0.0,24.46233,-78.49019,0.0
76.16994,-49.173424,0.0,47.643307,28.151188,0.0
31.714725,3.4625974,0.0,-26.720089,-77.03876,0.0
33.313507,-89.23623,0.0,-59.96235,38.915894,0.0
-36.736233,-8.642794,0.0,-45.043453,-50.830357,0.0
12.181962,75.61278,0.0,-99.61837,18.615795,0.0
53.582275,-91.613464,0.0,0.3000034,-19.250309,0.0
-83.27945,1.2814252,0.0,37.566345,16.82019,0.0
90.28825,-98.70327,0.0,-5.7517986,45.333652,0.0
1.4846438,46.381096,0.0,-31.98067,90.3202,0.0
96.48761,-59.962967,0.0,-76.60856,-53.536472,0.0
-85.637856,97.497345,0.0,52.776775,63.047516,0.0
-11.129251,79.669205,0.0,-92.7085,-40.034996,0.0
-53.787224,24.924551,0.0,-32.92882,65.221565,0.0
-33.5687,-83.55007,0.0,9.3145685,85.05866,0.0
81.84479,82.261635,0.0,70.80309,91.71064,0.0
-93.82227,50.401943,0.0,-35.505444,28.560581,0.0
-87.09788,-85.65011,0.0,-78.7191,-54.381115,0.0
-81.17488,-10.257204,0.0,18.349482,-92.394165,0.0
73.16882,50.252506,0.0,-23.884752,-71.573204,0.0
6.3286304,75.22349,0.0,84.861755,-25.725403,0.0
0.22925766,-93.61955,0.0,-15.171466,62.336483,0.0
49.91638,10.774636,0.0,99.139565,13.185831,0.0
-70.11871,-70.86306,0.0,90.648285,38.7009,0.0
61.018394,-37.28808,0.0,48.91209,-7.0671196,0.0
-36.332302,15.021707,0.0,-44.559162,42.0173,0.0
-78.38811,-78.91648,0.0,-58.198856,8.074377,0.0
-98.19717,-88.26796,0.0,32.65663,26.994463,0.0
86.82072,-38.528915,0.0,64.68932,-73.90916,0.0
-31.181675,4.108764,0.0,-11.867025,75.98292,0.0
68.03482,23.746025,0.0,-17.428421,57.473396,0.0
72.90396,66.84374,0.0,-32.55177,-13.027673,0.0
24.75107,-11.128525,0.0,96.46215,-71.46983,0.0
96.03417,-0.64747316,0.0,-47.997692,73.340294,0.0
-30.075554,-49.519337,0.0,-17.616089,-96.70904,0.0
-98.72866,74.75244,0.0,-98.34909,96.353615,0.0
-3.7651691,-71.87102,0.0,-93.195946,-17.440187,0.0
87.50015,-75.15776,0.0,-96.606346,-10.406203,0.0
24.288286,14.986254,0.0,23.746681,-76.08145,0.0
49.320885,85.952446,0.0,-9.953583,12.970854,0.0
-25.352203,-67.4883,0.0,84.44096,-14.42633,0.0
-44.581657,40.139423,0.0,-8.90388,21.989079,0.0
-40.72251,91.964584,0.0,47.75132,7.423269,0.0
-68.90087,66.189285,0.0,-61.146885,75.009056,0.0
-36.84111,87.52403,0.0,97.36926,-4.107454,0.0
24.9058,-82.2424,0.0,-93.8117,34.00574,0.0
-49.97073,14.597838,0.0,-76.69176,18.78446,0.0
-27.571106,10.826647,0.0,-97.107994,-25.01416,0.0
21.572586,-24.240843,0.0,93.73601,15.28695,0.0
-61.484726,-53.158222,0.0,-80.07229,-57.100918,0.0
82.40036,84.9672,0.0,-88.10594,79.64444,0.0
59.221237,-82.44903,0.0,93.05225,65.77083,0.0
-81.07282,-86.23331,0.0,-73.99423,6.892082,0.0
39.430298,-89.97108,0.0,44.262165,-85.896965,0.0
14.654016,66.7519,0.0,22.931019,-90.714294,0.0
-6.825656,-88.46334,0.0,-62.718918,12.10175,0.0
-6.5344048,49.3859,0.0,-51.89444,-87.23384,0.0
42.6963,-55.047626,0.0,-94.16552,-53.63132,0.0
-81.77902,-80.67699,0.0,53.678696,-94.25254,0.0
76.71866,-95.93237,0.0,-86.879425,-28.55185,0.0
-31.485794,-96.348434,0.0,-42.45671,-83.769875,0.0
-80.89009,-15.430597,0.0,14.79172,83.21137,0.0
85.00156,67.40878,0.0,-56.545635,38.814507,0.0
-35.955658,-49.415077,0.0,20.833986,-17.827896,0.0
-83.11748,-26.613266,0.0,7.604518,59.466015,0.0
-2.9248357,-62.32385,0.0,64.44345,-31.388313,0.0
12.802609,-85.19457,0.0,34.647915,-88.580795,0.0
4.959212,-70.87878,0.0,31.682827,59.905636,0.0
-38.41714,-46.759014,0.0,91.09141,-32.199024,0.0
94.85396,-81.45939,0.0,79.13206,26.400883,0.0
-69.4622,41.282486,0.0,-98.05477,59.022636,0.0
47.15231,63.247856,0.0,78.670815,-70.60948,0.0
-13.073399,-86.49685,0.0,80.52575,-74.616806,0.0
47.50076,68.656456,0.0,-13.874575,67.72801,0.0
59.255356,-20.12881,0.0,32.70545,31.607584,0.0
-2.3431444,94.69222,0.0,59.210815,-48.75704,0.0
38.26397,9.276669,0.0,-61.604645,-8.613735,0.0
-57.83101,-31.722473,0.0,0.31175724,-97.56037,0.0
13.6877165,-27.569195,0.0,-41.16752,44.323433,0.0
89.36702,-44.815357,0.0,-77.28754,-86.19352,0.0
-17.446896,8.777485,0.0,97.576546,-24.484028,0.0
-59.948776,56.949726,0.0,-44.264534,-93.9404,0.0
69.734215,66.09768,0.0,43.210876,-10.072537,0.0
-58.935196,46.836945,0.0,2.6802368,65.93625,0.0
79.64131,20.950981,0.0,37.83139,38.935658,0.0
59.245937,-27.195913,0.0,-6.06945,80.29433,0.0
41.55838,46.87918,0.0,-67.06301,50.086174,0.0
95.45885,26.928438,0.0,-57.316536,18.698965,0.0
39.423504,-38.623714,0.0,75.47103,-49.943043,0.0
66.04821,-30.962164,0.0,-7.097421,-29.600887,0.0
-65.63395,-18.769602,0.0,8.715255,84.21851,0.0
-48.262978,-55.866714,0.0,-76.1491,-51.145985,0.0
28.009754,-1.0411277,0.0,69.826454,74.9404,0.0
15.410559,71.49788,0.0,-92.15345,-78.53079,0.0
84.47151,-79.43849,0.0,93.43677,23.096548,0.0
-94.02771,-45.349827,0.0,-66.70403,57.964947,0.0
-0.9396681,86.16648,0.0,79.32019,-32.523834,0.0
-14.833773,-97.119026,0.0,-53.339695,55.784653,0.0
53.24788,-70.87561,0.0,20.783371,-71.961784,0.0
-18.309254,-89.34661,0.0,77.40917,-3.883565,0.0
40.275257,-0.70391214,0.0,-88.35451,58.54949,0.0
71.75958,-83.66079,0.0,31.74987,39.43804,0.0
-89.17488,94.2177,0.0,58.288197,11.260996,0.0
91.10755,-21.64478,0.0,79.18095,-21.955189,0.0
-82.38954,71.2395,0.0,52.248913,-25.41038,0.0
-32.960117,40.03464,0.0,-42.406105,-95.624725,0.0
-86.29175,79.34118,0.0,41.588776,-9.138121,0.0
42.481754,-2.4425008,0.0,-50.191223,-98.89343,0.0
-23.397047,60.642994,0.0,-98.41667,-81.76947,0.0
96.45661,-81.56942,0.0,-35.262726,63.02209,0.0
-90.078995,92.33638,0.0,82.039894,71.01137,0.0
-4.764482,79.662125,0.0,-52.533066,-49.731457,0.0
49.111332,-35.37786,0.0,81.195015,86.83656,0.0
11.845799,19.002132,0.0,-93.11222,-22.52746,0.0
-20.808678,19.7615,0.0,13.507192,-34.49436,0.0
73.237785,76.561134,0.0,-86.0112,-16.178982,0.0
76.600105,15.292976,0.0,64.48434,99.666756,0.0
-50.71197,-36.39611,0.0,-22.595037,-85.23064,0.0
72.957535,85.30296,0.0,93.42872,-94.22602,0.0
-45.806675,-11.690012,0.0,-94.982124,41.752174,0.0
-99.35653,56.680866,0.0,-44.98052,39.039845,0.0
96.30868,54.656357,0.0,-9.623135,-96.79595,0.0
92.92565,4.391621,0.0,54.034206,-50.266735,0.0
67.353226,88.27625,0.0,-38.44136,-22.579166,0.0
-84.34847,45.26546,0.0,-57.065155,-81.38269,0.0
-72.84532,-63.379124,0.0,-18.143562,-14.625202,0.0
-80.93285,16.211594,0.0,-19.442158,-64.56031,0.0
85.72296,-84.11829,0.0,-80.19592,42.248657,0.0
0.9429343,95.31213,0.0,5.3199005,88.655655,0.0
-43.50475,-72.52297,0.0,-63.09682,36.777054,0.0
92.60616,-94.18764,0.0,-21.784876,-98.7684,0.0
-55.84076,35.361126,0.0,65.3676,55.49375,0.0
45.87551,-22.829956,0.0,22.26155,-38.092384,0.0
93.12162,41.96885,0.0,-56.005367,86.98252,0.0
-32.111557,-75.261635,0.0,29.138767,99.32019,0.0
-89.975784,-14.705337,0.0,66.46257,11.31967,0.0
-76.190895,50.64875,0.0,-15.199342,49.581688,0.0
-53.687965,10.024234,0.0,-22.7436,92.31584,0.0
56.865017,60.627247,0.0,-78.23498,-7.1594872,0.0
9.0753,-73.38864,0.0,-50.34564,81.35821,0.0
98.70381,-92.38942,0.0,-49.448,-72.0728,0.0
4.6128216,-67.23826,0.0,-24.19292,51.900707,0.0
-57.727554,73.457306,0.0,-5.456326,-12.553813,0.0
-50.13858,-60.870956,0.0,37.386368,-88.719376,0.0
82.020004,-56.578953,0.0,-31.807095,-96.51688,0.0
-1.1565403,71.8411,0.0,-89.732185,10.669383,0.0
-44.749172,-2.1469843,0.0,42.066082,-43.95739,0.0
89.59252,18.124655,0.0,59.631557,52.759857,0.0
-72.47459,-82.07945,0.0,-60.003265,-10.987683,0.0
29.418644,-92.59931,0.0,10.677762,-72.34222,0.0
-28.920324,98.58966,0.0,30.307093,-82.0058,0.0
-99.47836,31.577156,0.0,-42.111404,-25.7239,0.0
66.23179,64.31415,0.0,-58.276844,-88.34866,0.0
-88.10786,-14.040276,0.0,84.74586,57.069023,0.0
-3.8456395,8.67679,0.0,-89.4659,88.81493,0.0
-6.459394,62.71639,0.0,16.717047,85.90909,0.0
90.88891,-54.41718,0.0,-56.452698,6.8959804,0.0
45.882355,10.696722,0.0,-16.439144,46.65188,0.0
99.70048,-65.72245,0.0,-38.40769,-72.657135,0.0
-4.014865,20.941956,0.0,-4.110757,86.87514,0.0
-82.1546,53.201614,0.0,83.8447,86.37422,0.0
-57.379917,-40.381775,0.0,-49.73827,31.334063,0.0
31.123974,-8.679814,0.0,75.06104,-2.407788,0.0
81.74419,21.534729,0.0,84.523,-63.050076,0.0
80.66985,-0.005281867,0.0,72.634415,-73.6833,0.0
-78.97011,96.00132,0.0,4.384911,-31.148815,0.0
13.434033,-37.490673,0.0,-31.578753,-15.589701,0.0
88.8129,62.326557,0.0,-17.682583,-25.417824,0.0
57.102154,-60.889713,0.0,-82.82635,13.75241,0.0
-84.58208,2.5250626,0.0,81.70004,-55.5208,0.0
87.029724,91.0898,0.0,78.285805,92.65276,0.0
35.414448,67.489,0.0,88.59307,-69.72974,0.0
76.55754,-11.261459,0.0,65.8141,-82.24968,0.0
96.27796,51.824417,0.0,40.088493,-31.06965,0.0
66.95785,53.318737,0.0,-70.54559,92.54345,0.0
-63.89607,85.51345,0.0,-43.68252,-61.699726,0.0
58.18052,74.846794,0.0,-13.51805,20.68785,0.0
78.69014,63.94162,0.0,91.10479,-39.661465,0.0
44.298615,-91.69468,0.0,-31.056948,89.617165,0.0
84.081314,73.66362,0.0,28.953985,57.87138,0.0
1.824823,13.825275,0.0,57.317066,-44.39985,0.0
8.994538,-75.79828,0.0,91.19244,-26.93372,0.0
-20.139177,80.67522,0.0,-83.11142,-75.06723,0.0
9.091047,77.67363,0.0,37.267838,56.12394,0.0
99.72034,-31.779173,0.0,28.201286,74.82261,0.0
49.20725,-14.876334,0.0,35.885048,-48.985325,0.0
-93.73045,4.230643,0.0,-41.693703,-27.069967,0.0
94.35295,42.73327,0.0,89.02131,83.67292,0.0
-41.312336,42.722458,0.0,-31.081438,17.311121,0.0
-59.36869,-36.69861,0.0,-37.016953,75.99484,0.0
-40.520447,-5.2234263,0.0,-78.38614,-74.74482,0.0
91.44377,-53.590263,0.0,67.58112,74.772896,0.0
-99.671005,74.5893,0.0,-33.75615,-40.79707,0.0
67.1762,63.414986,0.0,22.348513,16.66614,0.0
-48.76283,75.36876,0.0,74.34903,89.01232,0.0
50.60015,-73.29871,0.0,65.217415,59.17268,0.0
-81.792595,-97.68517,0.0,16.752214,-78.146996,0.0
-26.222584,61.739433,0.0,-94.21818,87.84848,0.0
-55.648468,44.60597,0.0,-3.5263917,11.878845,0.0
-97.14233,90.997925,0.0,67.5332,38.179596,0.0
-72.83844,44.142845,0.0,38.03415,38.04903,0.0
-38.941696,70.90336,0.0,40.46942,-42.78947,0.0
-36.106472,35.88383,0.0,26.04899,58.054974,0.0
-90.53343,-78.81539,0.0,-77.320206,22.363008,0.0
-88.15532,-48.446457,0.0,-1.937235,89.22738,0.0
52.18954,-81.63383,0.0,-19.568953,72.2,0.0
1.9566772,88.5931,0.0,-34.67323,70.555046,0.0
-2.07521,-73.61144,0.0,-21.629549,-92.61932,0.0
97.56424,15.736752,0.0,-26.834183,-95.6727,0.0
67.97858,53.54063,0.0,-48.899918,-31.374302,0.0
-39.737556,-35.61293,0.0,84.774216,12.719386,0.0
-82.28649,-14.673788,0.0,-39.64211,-22.382456,0.0
-83.953766,-47.97013,0.0,-60.79255,64.0317,0.0
-73.72826,-14.4057665,0.0,65.03381,90.94327,0.0
-28.614405,-82.74026,0.0,-63.76226,-42.666573,0.0
-6.577623,-9.634342,0.0,-46.515034,79.80723,0.0
-62.59349,-99.84541,0.0,66.63356,-28.647732,0.0
75.011,1.7617381,0.0,17.410273,53.616776,0.0
3.904712,-70.38953,0.0,-99.55155,-74.29515,0.0
53.47164,-99.10829,0.0,64.88439,-71.03049,0.0
-97.654625,79.07891,0.0,-26.156925,-61.63285,0.0
97.10103,-36.988384,0.0,-70.62361,93.264366,0.0
-58.018223,66.79097,0.0,-95.55758,13.412599,0.0
4.4803953,-30.36964,0.0,12.121731,10.518599,0.0
-25.167278,98.17695,0.0,66.07677,99.74576,0.0
-97.95612,2.4580915,0.0,-20.832287,67.67161,0.0
-50.129353,59.822914,0.0,-12.353885,97.88261,0.0
-85.21259,-84.28746,0.0,72.464264,-53.854095,0.0
-87.38013,40.45157,0.0,-1.147106,19.338606,0.0
-74.94274,-37.9335,0.0,-54.286358,-54.009434,0.0
93.24592,-8.68866,0.0,48.176083,90.707825,0.0
-69.04366,35.373165,0.0,-84.91545,-53.54588,0.0
58.142456,76.71067,0.0,-15.049093,20.65954,0.0
12.431592,-36.934437,0.0,76.60387,52.516613,0.0
-92.11535,77.07,0.0,27.336142,-61.615856,0.0
-65.29504,-35.000008,0.0,37.813892,72.549866,0.0
-70.120514,74.65006,0.0,97.25219,-70.60307,0.0
-43.73675,97.49809,0.0,-20.691078,63.812325,0.0
37.782604,24.247974,0.0,-13.860812,74.55455,0.0
23.332561,-28.834587,0.0,38.00274,-31.481384,0.0
-80.406235,76.17321,0.0,-99.57259,15.158862,0.0
54.764744,-26.651155,0.0,59.62476,-43.045677,0.0
-70.432144,-6.5080414,0.0,16.559658,64.70913,0.0
-35.890484,99.51556,0.0,91.79263,-73.13278,0.0
65.015816,-34.953472,0.0,52.52478,53.251205,0.0
91.38534,94.61106,0.0,39.299164,49.217155,0.0
-76.12578,-72.864685,0.0,-37.07644,-25.114782,0.0
52.463177,-84.42409,0.0,-30.744362,53.91892,0.0
-66.90005,41.320824,0.0,-60.702606,-57.65083,0.0
-49.90341,61.18117,0.0,-44.065228,-61.695736,0.0
16.187307,97.49213,0.0,-82.26303,-74.704796,0.0
-9.3217,-84.026855,0.0,3.33621,73.14572,0.0
-21.358337,-60.98405,0.0,-37.574677,87.56515,0.0
93.70893,-69.474045,0.0,-45.550728,71.00425,0.0
-63.574326,-61.99146,0.0,-64.16717,54.924465,0.0
14.74416,78.61594,0.0,24.794012,66.359985,0.0
-40.027306,70.89622,0.0,-57.59916,65.297516,0.0
-81.62469,-46.220272,0.0,-95.68888,59.09906,0.0
10.322307,61.579777,0.0,91.86161,87.881966,0.0
-75.89926,-17.60107,0.0,62.091633,46.16312,0.0
-67.50014,50.76982,0.0,-9.158799,86.22972,0.0
-54.51035,-99.37567,0.0,-39.29797,-78.27852,0.0
54.188297,-46.68898,0.0,-15.270074,3.897435,0.0
-47.509735,45.889206,0.0,-97.19831,-25.132032,0.0
-60.57425,-2.1609852,0.0,-68.47047,38.543026,0.0
-69.16716,-1.321475,0.0,66.25321,77.46646,0.0
-42.373997,51.817394,0.0,44.373123,51.297447,0.0
-33.43476,52.779476,0.0,33.915314,-3.0341494,0.0
-57.676174,-43.362656,0.0,-39.291008,46.146645,0.0
36.924866,-57.09188,0.0,4.364968,68.57393,0.0
-50.829796,11.770226,0.0,-9.812781,71.49706,0.0
42.452538,93.38461,0.0,33.38867,34.814705,0.0
88.289246,73.590324,0.0,34.229427,-0.90164304,0.0
-97.2889,-89.583534,0.0,-38.976578,39.901295,0.0
-95.003426,-39.498795,0.0,-13.92817,80.100914,0.0
95.12662,21.55465,0.0,40.584194,70.294205,0.0
17.75735,-63.620148,0.0,-13.30002,-86.467896,0.0
59.816902,26.612703,0.0,9.84069,73.44982,0.0
-5.7209463,80.02646,0.0,-16.107235,-26.575104,0.0
-48.000843,51.111923,0.0,32.946136,-80.4832,0.0
1.376774,20.064192,0.0,92.253265,55.052265,0.0
79.35873,2.5854533,0.0,35.51982,0.27591372,0.0
-21.635933,-94.2722,0.0,72.83976,27.548168,0.0
-80.061005,-44.0254,0.0,82.27745,-27.079576,0.0
1.2532405,93.690674,0.0,-77.992805,-64.75529,0.0
29.019957,-83.72438,0.0,-40.097546,-99.27953,0.0
85.10739,64.49124,0.0,18.486189,92.35298,0.0
-92.43131,-83.31473,0.0,-11.590118,98.01922,0.0
81.27518,-34.740593,0.0,71.530014,85.08259,0.0
77.08005,30.986015,0.0,-68.1322,74.21588,0.0
-39.710743,-16.468727,0.0,-95.98985,-29.108456,0.0
-64.7967,70.31318,0.0,90.39925,16.365202,0.0
-89.84986,-71.68964,0.0,-74.05502,9.506065,0.0
-92.69709,14.91008,0.0,73.8572,56.32815,0.0
69.575516,60.236782,0.0,-23.101437,-96.22514,0.0
44.64758,32.653603,0.0,-12.998777,2.9645207,0.0
30.919464,45.97917,0.0,-48.423588,52.59305,0.0
26.697031,-5.4836397,0.0,-87.27421,-50.468384,0.0
-56.735798,24.443596,0.0,88.98846,-59.4451,0.0
-33.426193,-70.49664,0.0,-90.95767,-80.484505,0.0
13.131726,-97.64102,0.0,-57.776024,92.58001,0.0
30.707527,-9.229005,0.0,-63.172997,-2.7314053,0.0
85.86986,-35.53729,0.0,-55.279858,-47.044384,0.0
-16.567146,75.54988,0.0,-59.20108,65.29292,0.0
-67.84717,-14.178718,0.0,-32.10556,59.146873,0.0
81.848816,44.42159,0.0,85.50452,-26.50666,0.0
15.903728,95.03499,0.0,-19.065577,-65.277115,0.0
-20.289576,66.368515,0.0,-53.98023,-25.34211,0.0
-93.80227,37.056385,0.0,71.05636,50.821537,0.0
-35.77279,-61.715103,0.0,-36.58591,-41.185043,0.0
22.441887,55.796413,0.0,37.400383,57.239536,0.0
83.531006,97.10746,0.0,-26.606043,-30.726131,0.0
-61.221527,57.73365,0.0,-96.753746,74.151985,0.0
19.652208,-67.78545,0.0,17.434448,95.34123,0.0
-9.844289,65.21115,0.0,43.356274,82.718605,0.0
-27.400764,-91.468254,0.0,-12.578674,-62.99446,0.0
-36.98172,74.60768,0.0,-62.93921,70.24016,0.0
82.55959,29.379223,0.0,49.889217,40.807396,0.0
45.119755,65.35378,0.0,2.806334,-19.005232,0.0
-33.089405,-3.8549128,0.0,-67.65376,50.607086,0.0
-63.80538,-51.71588,0.0,21.647278,-85.66831,0.0
-51.64976,-92.0276,0.0,-43.169746,-1.418632,0.0
-38.951202,-97.20049,0.0,-84.36577,5.9670715,0.0
-70.652145,-5.8159676,0.0,3.595247,-64.51713,0.0
-48.269485,54.557224,0.0,25.839745,58.020844,0.0
12.116887,-93.70972,0.0,-93.03115,-76.056076,0.0
-94.867516,-57.221943,0.0,48.244984,86.384186,0.0
49.466686,71.16881,0.0,-85.35189,-8.821436,0.0
-66.08609,-97.23143,0.0,68.44423,80.54775,0.0
11.206365,-61.465492,0.0,46.449127,-91.5783,0.0
49.706722,19.49507,0.0,42.15763,62.205452,0.0
73.43982,31.077852,0.0,-43.63247,43.152557,0.0
87.579865,21.133095,0.0,-23.240658,95.44847,0.0
57.51597,49.692394,0.0,-36.410286,96.48019,0.0
-71.746765,56.532177,0.0,-8.190885,-97.48537,0.0
40.552208,98.46733,0.0,49.605972,-47.14346,0.0
-36.606358,-22.091904,0.0,-18.62469,-12.694805,0.0
71.634254,-58.34826,0.0,55.29499,-52.047546,0.0
-71.26176,25.233765,0.0,4.382384,15.186495,0.0
-93.03926,-70.85144,0.0,-50.63745,1.6824015,0.0
-82.10565,20.424082,0.0,91.30213,22.0882,0.0
-98.170296,36.10191,0.0,-77.029205,-50.738956,0.0
-91.34828,64.531364,0.0,26.735933,67.99183,0.0
-31.80479,-10.755726,0.0,-63.571007,93.228065,0.0
70.10329,-42.89625,0.0,86.469154,-84.51985,0.0
72.757805,67.08134,0.0,-20.979637,-96.80283,0.0
74.82043,81.62844,0.0,-99.9145,-88.18162,0.0
30.875654,21.442999,0.0,-99.004814,2.0312371,0.0
-88.86956,-4.2666097,0.0,-45.20137,-65.33265,0.0
-54.092514,-22.554497,0.0,52.057957,63.937897,0.0
-35.144924,5.8209963,0.0,-97.318985,15.227872,0.0
-48.692566,-22.501902,0.0,-60.804226,20.803625,0.0
-79.76729,-4.3801255,0.0,-33.10903,76.82758,0.0
53.107822,11.073061,0.0,3.4845037,-24.890644,0.0
-91.30279,57.04861,0.0,-27.505665,-90.664116,0.0
66.079666,-63.878635,0.0,-23.97765,-36.838,0.0
90.19695,-83.11512,0.0,60.49122,-51.70565,0.0
-67.71301,-74.135475,0.0,8.788531,54.96087,0.0
-27.97236,70.32117,0.0,-87.58845,-0.5754032,0.0
-12.36089,90.79831,0.0,-63.06593,86.81191,0.0
-78.179344,55.79408,0.0,69.33573,58.436577,0.0
-35.43142,-4.0459914,0.0,30.340746,-46.941647,0.0
-62.41919,-39.93692,0.0,16.966978,-29.538715,0.0
-74.12117,72.14514,0.0,89.781494,-34.279095,0.0
-35.67308,60.48572,0.0,68.81914,94.030304,0.0
-54.564087,67.408226,0.0,-44.144787,28.576387,0.0
30.575947,-45.484795,0.0,89.28131,-21.96131,0.0
-68.21998,-15.215308,0.0,-54.43833,-20.944016,0.0
65.24314,81.72593,0.0,77.85683,-9.992603,0.0
-0.4657751,87.03392,0.0,70.18653,36.284122,0.0
-98.05402,36.504475,0.0,-19.151083,46.378956,0.0
84.170074,51.395603,0.0,-1.1416464,-28.400158,0.0
-14.157891,20.30994,0.0,-64.69478,-2.3037262,0.0
-76.940926,-66.60875,0.0,-28.11892,-82.79991,0.0
-75.77149,63.8646,0.0,58.663868,29.25489,0.0
-85.3551,-93.00136,0.0,-37.977043,-15.153814,0.0
-46.16463,61.128506,0.0,-34.59378,-82.41288,0.0
23.072107,-96.50054,0.0,-43.377045,-34.961502,0.0
18.62801,99.3465,0.0,-99.67708,-30.290834,0.0
67.02217,27.596659,0.0,34.3393,-35.108074,0.0
91.57436,81.34282,0.0,57.09993,-81.93915,0.0
-76.711914,-14.14243,0.0,-46.247875,51.670376,0.0
-64.13865,6.165889,0.0,-68.18494,41.320953,0.0
32.991352,-53.418434,0.0,-29.511503,-71.08196,0.0
-78.21754,83.121635,0.0,52.076183,-47.20433,0.0
-82.15691,87.797264,0.0,16.828947,81.63973,0.0
15.008106,11.029288,0.0,16.633041,84.72444,0.0
-19.201227,-87.49653,0.0,-25.09672,67.109795,0.0
-64.12174,-54.44457,0.0,-39.571583,-99.62736,0.0
-69.00004,-0.08792876,0.0,-58.130756,46.15575,0.0
-80.67818,84.64345,0.0,-96.12007,-98.58699,0.0
-71.036736,-47.62723,0.0,70.59394,27.128857,0.0
31.073704,-50.327026,0.0,-88.666084,35.125263,0.0
-4.138917,-92.31906,0.0,75.9247,-23.83184,0.0
-84.96662,-78.66866,0.0,-50.018543,-94.93485,0.0
44.684498,11.0846,0.0,-43.701008,-16.658886,0.0
-50.138126,-22.612621,0.0,51.97507,-96.13715,0.0
-78.79914,39.266857,0.0,-36.283955,64.62975,0.0
-29.918947,23.668516,0.0,-42.1848,74.46556,0.0
-95.57722,-16.14587,0.0,-77.85687,-25.980362,0.0
21.869137,93.9804,0.0,-49.148987,-31.86141,0.0
32.760902,-5.0738263,0.0,68.83408,61.13403,0.0
27.243889,97.92055,0.0,-50.569717,22.616192,0.0
-76.62099,-31.817575,0.0,45.74516,73.709885,0.0
64.808014,32.003098,0.0,48.803707,-83.04333,0.0
-85.13126,-4.903359,0.0,68.880516,-35.032635,0.0
66.99894,-31.299349,0.0,98.9619,94.63222,0.0
-71.238716,-99.73014,0.0,-96.45836,-62.09056,0.0
98.07498,24.432413,0.0,-69.57887,-14.988122,0.0
-60.38228,41.00828,0.0,2.4122114,71.92847,0.0
-25.278063,-77.26746,0.0,64.38223,40.21916,0.0
78.461334,-37.4426,0.0,-41.28104,-85.904205,0.0
-77.489365,-72.534294,0.0,30.786652,35.697136,0.0
96.42598,-37.135586,0.0,-54.59366,61.032024,0.0
-49.832027,36.456482,0.0,7.2607603,9.810592,0.0
52.100517,19.092361,0.0,-60.14744,-44.67232,0.0
-18.925694,-26.848558,0.0,-52.346,70.04565,0.0
-65.391205,-54.46386,0.0,88.56461,89.89582,0.0
-46.837162,-38.98256,0.0,30.444027,-60.37819,0.0
-52.694435,-27.239597,0.0,21.795416,-76.08828,0.0
-50.180424,73.85851,0.0,88.79975,-67.96976,0.0
47.4644,-97.07013,0.0,-2.372216,-34.855473,0.0
49.77913,-37.36804,0.0,85.16573,-10.916677,0.0
32.66648,-20.61885,0.0,-72.63424,92.942955,0.0
47.219864,59.02688,0.0,-58.259968,45.6884,0.0
-20.656147,-28.263515,0.0,-32.876423,-59.223278,0.0
-55.79432,-86.699585,0.0,98.13763,6.8703747,0.0
-78.40253,98.6167,0.0,-98.93665,14.896929,0.0
-85.66411,77.58152,0.0,86.31416,94.02284,0.0
85.770836,-66.63052,0.0,47.70613,-33.127045,0.0
35.007145,86.39058,0.0,53.87025,17.13591,0.0
92.49634,77.94374,0.0,-37.009033,-73.21607,0.0
35.255344,71.1613,0.0,4.0030427,-68.6871,0.0
-61.080288,95.609505,0.0,-2.715902,51.686253,0.0
-68.03597,-34.529896,0.0,-41.96525,48.85884,0.0
-82.095055,15.011431,0.0,-91.99738,-13.361072,0.0
54.910114,-84.66865,0.0,-67.00986,13.959652,0.0
-90.492165,-19.726072,0.0,-67.45946,37.762264,0.0
-9.875319,-33.701546,0.0,91.531296,64.51675,0.0
-66.456154,-45.773582,0.0,-8.656729,-9.275292,0.0
80.162224,93.87407,0.0,-56.67356,49.779587,0.0
69.67101,97.97066,0.0,16.479921,-77.73557,0.0
86.620255,-13.530661,0.0,-79.03871,-48.58842,0.0
-82.697914,51.40863,0.0,-12.552359,64.82179,0.0
-99.08734,-51.920662,0.0,-8.764933,-21.035494,0.0
-4.377461,-28.865093,0.0,12.929681,13.563193,0.0
96.61635,-26.360743,0.0,-30.162739,-13.160982,0.0
-25.731907,-99.11621,0.0,-92.04315,-73.75771,0.0
-76.65921,-43.84313,0.0,88.36483,-74.96891,0.0
94.52727,90.979126,0.0,-70.18306,-66.282845,0.0
59.04822,-42.837757,0.0,33.148575,50.339012,0.0
39.528915,-99.00349,0.0,-13.417231,-8.651762,0.0
10.700644,95.48965,0.0,57.437202,49.4997,0.0
-39.360455,-34.1518,0.0,-9.797463,62.628098,0.0
28.31279,-26.801489,0.0,-0.44298506,-66.867485,0.0
-12.354501,61.327225,0.0,17.19384,21.269056,0.0
-54.126846,-6.1785564,0.0,-46.28757,-79.80438,0.0
83.204475,71.442924,0.0,-55.476994,87.9514,0.0
-97.11376,66.90325,0.0,-84.80593,-46.607723,0.0
36.100483,54.203297,0.0,67.15695,31.784416,0.0
86.9722,-13.566132,0.0,-35.48407,-33.377666,0.0
53.102375,-25.790249,0.0,49.8693,15.803141,0.0
-63.475075,-60.672287,0.0,-72.75052,-47.563725,0.0
18.992674,-32.821407,0.0,-46.1117,-36.40303,0.0
6.341803,63.98009,0.0,32.625744,59.46283,0.0
0.48185596,86.86858,0.0,-37.333294,-85.426346,0.0
93.748695,91.1637,0.0,63.90262,96.0925,0.0
-63.17255,80.71973,0.0,-6.829199,3.1527843,0.0
70.582825,8.239572,0.0,-59.196957,-47.84333,0.0
39.777164,41.37009,0.0,6.728286,-66.8263,0.0
1.3202583,80.26719,0.0,-32.053864,27.66405,0.0
11.858066,-98.07702,0.0,20.86957,92.28398,0.0
36.342293,14.098643,0.0,-57.72351,57.205467,0.0
-82.6066,-39.356045,0.0,93.31169,88.941475,0.0
-48.457874,-84.62851,0.0,-20.334513,-84.219246,0.0
-10.923172,64.91813,0.0,-67.904945,67.806854,0.0
17.334454,-22.71963,0.0,62.076447,38.31256,0.0
-5.6247706,20.572828,0.0,93.21622,53.188416,0.0
-80.61227,-9.050515,0.0,-11.841205,67.30012,0.0
79.90973,24.164137,0.0,-62.288284,-13.553305,0.0
48.594837,73.028145,0.0,-10.384595,-16.637201,0.0
69.54398,7.647656,0.0,-78.35763,96.87981,0.0
-89.08195,60.96507,0.0,61.97213,-75.89563,0.0
-66.52306,-16.240604,0.0,-41.353912,-79.989105,0.0
68.52544,98.592995,0.0,42.33344,87.430595,0.0
51.52989,35.587776,0.0,37.83374,35.902206,0.0
-70.56104,-98.30997,0.0,-50.505375,-26.271967,0.0
-41.277256,76.31958,0.0,-31.627121,3.041767,0.0
-99.28178,94.443985,0.0,82.21479,-61.464424,0.0
-96.40561,26.746193,0.0,96.436615,25.988201,0.0
-78.89213,19.201233,0.0,89.7448,-27.342583,0.0
-70.64342,83.897156,0.0,-70.76039,-68.2518,0.0
51.581875,64.39333,0.0,86.101326,-75.77514,0.0
83.08751,-76.31935,0.0,-36.922695,21.953209,0.0
-33.10157,96.022766,0.0,36.01237,16.842936,0.0
11.438126,96.79382,0.0,-70.72848,99.99318,0.0
88.09172,90.785706,0.0,82.97288,-25.968256,0.0
-23.427176,52.20667,0.0,-90.48307,-57.471954,0.0
77.34688,34.132664,0.0,96.40801,-87.39327,0.0
-74.37761,84.19123,0.0,24.584435,47.703583,0.0
-90.236664,22.188871,0.0,-85.80774,-67.5177,0.0
77.27316,57.267952,0.0,92.348305,58.204243,0.0
19.20242,22.384909,0.0,-89.61471,-42.53696,0.0
-96.24312,50.050686,0.0,75.07652,-96.82796,0.0
-22.04362,65.45723,0.0,21.08276,-98.55917,0.0
-67.146324,16.064753,0.0,9.165321,88.25339,0.0
-38.322342,62.635303,0.0,87.41065,-83.66147,0.0
32.337055,34.197227,0.0,-36.559086,-13.783672,0.0
48.87911,59.36356,0.0,-16.898384,-67.59654,0.0
-46.475548,-29.846758,0.0,-33.47389,-69.85089,0.0
27.526909,-86.46645,0.0,-5.5047536,81.48512,0.0
-78.59089,12.056444,0.0,4.4998627,78.851364,0.0
-38.652138,-38.176403,0.0,-79.25911,78.68531,0.0
-48.300964,-79.53159,0.0,-68.68472,4.4503407,0.0
-91.97308,23.33644,0.0,-91.39733,-68.25853,0.0
67.50904,89.04474,0.0,49.490196,76.47127,0.0
-93.94316,-73.62964,0.0,59.65237,86.21444,0.0
-53.39532,8.603144,0.0,98.16492,97.039665,0.0
-54.148582,11.144372,0.0,35.231434,-14.4287195,0.0
22.912334,-16.424227,0.0,-56.401794,-88.45097,0.0
85.13721,91.67252,0.0,-58.62354,-34.3124,0.0
28.734793,-2.5643435,0.0,-18.752048,64.69128,0.0
-73.54517,78.1515,0.0,79.563896,-6.8175654,0.0
-94.046394,49.820805,0.0,-81.369064,-39.756176,0.0
-83.623955,-95.84721,0.0,89.02686,81.63214,0.0
23.51149,2.6633317,0.0,46.807606,91.84034,0.0
-78.254265,97.38733,0.0,-99.58695,-67.41008,0.0
-76.24869,76.58797,0.0,25.862288,-78.96508,0.0
-93.49799,-83.7162,0.0,95.495964,56.746975,0.0
-9.734654,65.19738,0.0,84.89101,68.42877,0.0
-11.214322,-30.58741,0.0,-28.523401,11.417062,0.0
-55.38763,-38.840057,0.0,-47.21695,-69.15595,0.0
-56.170128,-88.514946,0.0,83.93308,-3.7722316,0.0
79.56453,9.261672,0.0,-87.584404,-89.97313,0.0
-87.07409,60.35592,0.0,31.423515,96.19688,0.0
-45.633083,-26.179247,0.0,-80.177505,-75.72139,0.0
16.564417,94.5698,0.0,32.876114,28.917904,0.0
82.99366,16.805069,0.0,86.65269,53.829872,0.0
-97.020454,-76.7528,0.0,-59.154106,28.942114,0.0
45.383667,17.002491,0.0,-80.66968,-15.038475,0.0
-74.64795,12.476902,0.0,-11.862805,-39.6534,0.0
2.5994976,65.97797,0.0,-66.54054,-29.413918,0.0
-14.0385475,-85.811844,0.0,-32.529854,21.715296,0.0
-48.636593,46.430542,0.0,-87.93951,-26.857624,0.0
66.53907,16.53716,0.0,38.52899,-48.357426,0.0
81.07018,15.23708,0.0,21.544544,15.182096,0.0
65.4024,-37.482697,0.0,9.776437,13.988631,0.0
-71.67649,-11.396004,0.0,70.26606,-36.421097,0.0
-15.6454315,71.285835,0.0,-58.183495,-39.548542,0.0
87.48299,34.386448,0.0,-77.79129,72.11072,0.0
67.13175,-50.125244,0.0,-37.792812,53.654434,0.0
-86.389915,-62.647953,0.0,-1.5581919,-71.67694,0.0
41.393375,48.54435,0.0,22.887138,-25.757225,0.0
-49.236954,38.207207,0.0,67.28223,-85.9315,0.0
38.261433,-29.452597,0.0,-46.949986,-37.173298,0.0
97.44824,-79.53787,0.0,0.92216945,-37.844196,0.0
57.73484,-27.996603,0.0,56.573032,-45.213135,0.0
-68.22946,-60.86674,0.0,94.59547,-69.37731,0.0
-48.09545,81.518364,0.0,-45.070538,99.32057,0.0
90.24849,75.711945,0.0,77.34417,98.69452,0.0
31.788906,51.183887,0.0,-58.918972,-45.705612,0.0
30.143776,-88.68026,0.0,75.36464,8.891435,0.0
41.74663,-41.489433,0.0,-16.063553,53.948803,0.0
-31.969261,43.974045,0.0,-38.4982,68.11761,0.0
11.562255,-63.480762,0.0,-19.407408,3.9787698,0.0
77.918625,-59.23143,0.0,52.450516,-91.73532,0.0
-92.46912,-59.00303,0.0,80.065346,89.98756,0.0
-75.27653,15.961435,0.0,75.736435,12.967265,0.0
18.621143,-68.6347,0.0,52.079315,97.67456,0.0
-41.064514,81.98227,0.0,-76.21231,-36.741974,0.0
-4.148477,12.269099,0.0,-18.201515,94.79662,0.0
93.39146,81.33185,0.0,-34.100853,-39.682243,0.0
96.20767,-21.238167,0.0,-36.782616,97.70053,0.0
-67.43337,-90.572876,0.0,93.05836,27.1305,0.0
77.60745,57.675728,0.0,-61.91897,-90.8371,0.0
-94.46881,78.95245,0.0,58.863636,81.96441,0.0
-47.756138,-15.893554,0.0,29.850208,-29.735466,0.0
61.152393,35.48522,0.0,91.47627,21.933565,0.0
34.001472,-38.48843,0.0,-1.6421257,-25.866144,0.0
-51.555786,54.62361,0.0,22.188417,93.14917,0.0
-92.77798,98.34478,0.0,95.903946,-33.098213,0.0
58.822277,-48.29683,0.0,4.535613,-71.57063,0.0
16.792578,96.74673,0.0,-12.202552,68.49012,0.0
96.43148,57.23633,0.0,59.320316,53.852184,0.0
-17.005404,-76.26577,0.0,-43.861675,1.0711557,0.0
-79.68684,-38.354225,0.0,30.592833,-17.464642,0.0
42.154198,45.677483,0.0,72.90798,-69.78249,0.0
63.034065,35.688927,0.0,-47.361633,-36.318542,0.0
53.435318,20.085484,0.0,-74.95135,98.74447,0.0
55.128586,55.310535,0.0,83.230034,79.28657,0.0
26.18436,-10.465317,0.0,-73.14503,91.58682,0.0
92.81302,-18.96518,0.0,31.19793,-65.33151,0.0
27.805006,62.405506,0.0,-42.657978,-26.222656,0.0
-41.130543,-24.712173,0.0,-60.97034,61.91804,0.0
5.7050023,93.09417,0.0,69.91819,-64.375725,0.0
-66.900665,38.14257,0.0,-53.171257,70.29829,0.0
-9.370938,5.8103867,0.0,-7.75703,20.496416,0.0
31.895407,76.19307,0.0,34.310524,93.7689,0.0
-1.3127424,22.927818,0.0,-31.451826,-73.284676,0.0
75.951126,-40.739906,0.0,45.802128,-25.242764,0.0
-44.047997,-69.384056,0.0,-58.21292,-19.516773,0.0
64.838066,-63.5595,0.0,-8.681994,5.697664,0.0
-98.23459,-19.933065,0.0,82.247025,77.022064,0.0
82.600914,-80.34986,0.0,-86.470825,94.95279,0.0
36.88647,34.525528,0.0,-86.375786,93.93084,0.0
64.266716,-45.228153,0.0,-31.498259,-37.34345,0.0
-79.784134,92.893555,0.0,-7.2897677,-87.12699,0.0
16.755325,57.06351,0.0,-87.203026,-48.524387,0.0
73.35547,-82.29528,0.0,58.72402,-83.74519,0.0
-86.8624,-53.95109,0.0,-67.33865,-54.094498,0.0
-34.9798,81.792564,0.0,-69.522606,71.541695,0.0
-88.35177,-82.85752,0.0,-57.31652,50.25764,0.0
-19.529688,-20.143831,0.0,90.705894,55.355373,0.0
25.73469,8.507849,0.0,98.17851,18.55662,0.0
-69.71621,-83.61536,0.0,94.17091,99.381004,0.0
16.370277,-66.56659,0.0,54.771755,-37.604603,0.0
-79.951996,-21.248287,0.0,-24.909498,-68.33187,0.0
7.6050806,-37.200962,0.0,17.907915,-77.553986,0.0
59.354725,-99.983925,0.0,-70.4589,-17.2475,0.0
-34.359203,80.51956,0.0,87.5121,-58.172565,0.0
-86.46625,-25.688599,0.0,68.32971,26.762283,0.0
92.12257,37.776913,0.0,25.578968,71.50551,0.0
-36.510696,28.943708,0.0,90.882195,-38.215412,0.0
0.5038495,-22.488592,0.0,-11.392652,60.74606,0.0
90.03051,-36.19979,0.0,43.66732,62.216953,0.0
-40.107796,-69.40194,0.0,3.6695013,8.781895,0.0
54.382614,-34.904755,0.0,27.699461,22.639568,0.0
-9.296214,-24.742386,0.0,-45.907684,71.48519,0.0
-23.099686,21.733963,0.0,38.56741,-96.498985,0.0
-72.11827,-6.518353,0.0,89.04728,61.93807,0.0
-3.0594494,-15.300995,0.0,3.8974016,-67.64285,0.0
77.24814,-13.464328,0.0,-15.642107,54.970993,0.0
-37.09259,69.13062,0.0,-12.545367,-10.146851,0.0
91.73991,-27.444956,0.0,80.58058,47.38939,0.0
-33.45217,-80.91904,0.0,81.24979,75.45867,0.0
55.768032,-44.52702,0.0,49.977,44.44817,0.0
0.42219317,-20.428743,0.0,8.432471,-20.59878,0.0
-79.49626,-41.902424,0.0,34.05491,-7.4193645,0.0
-71.45126,1.1123883,0.0,0.088589504,-30.06148,0.0
-90.257416,48.156673,0.0,-65.84983,54.509384,0.0
-87.48297,42.75027,0.0,-71.53032,-63.60383,0.0
-63.681896,-68.91498,0.0,81.765564,88.22616,0.0
86.39584,-91.76454,0.0,36.7176,70.20533,0.0
-89.71351,-59.48325,0.0,-95.50168,-51.619446,0.0
24.333132,82.636284,0.0,53.44505,-49.793324,0.0
56.73868,-62.64926,0.0,-99.48994,-44.099453,0.0
74.301216,-95.891945,0.0,51.964924,21.701147,0.0
12.306616,82.522835,0.0,-21.58614,23.40409,0.0
-47.63578,-13.8544235,0.0,28.342571,-85.25911,0.0
76.02736,14.382788,0.0,90.46085,63.79279,0.0
-48.40296,50.455982,0.0,98.05025,-91.90963,0.0
53.74567,99.495285,0.0,22.918276,-13.359289,0.0
96.24791,30.747265,0.0,-24.232683,-65.97805,0.0
11.808083,84.86857,0.0,-38.087906,-71.54805,0.0
87.2252,-29.902744,0.0,43.648853,43.930695,0.0
-4.9733915,69.79742,0.0,52.473022,-29.827822,0.0
-3.9848785,55.46125,0.0,-99.05677,-24.34784,0.0
-24.099243,54.78005,0.0,-41.557304,27.09778,0.0
94.69181,-29.265,0.0,-52.214436,-22.26186,0.0
45.440804,89.093315,0.0,-90.285774,48.40756,0.0
-65.49549,-26.255177,0.0,82.0549,-6.651129,0.0
-0.40775737,60.309177,0.0,52.541412,-27.450388,0.0
-63.789455,55.45462,0.0,-63.58597,43.333622,0.0
38.101326,-11.624716,0.0,-59.095783,53.309246,0.0
-67.742874,6.4657207,0.0,22.649046,78.4461,0.0
-10.830537,-23.568836,0.0,-89.148056,-8.0127945,0.0
98.85164,28.813677,0.0,1.1087048,-24.6263,0.0
-42.25179,25.438303,0.0,-84.75497,44.38746,0.0
54.230938,-58.513004,0.0,15.866266,83.33974,0.0
-14.73206,4.169799,0.0,-45.87886,38.71865,0.0
-96.62353,-38.81139,0.0,-26.64196,14.400992,0.0
78.71177,-51.304535,0.0,-53.200497,-88.823715,0.0
-67.977684,60.718296,0.0,-40.011597,59.197857,0.0
-74.19748,69.13153,0.0,46.405712,-16.772663,0.0
-72.91623,-41.74125,0.0,-71.05788,62.246113,0.0
73.77841,76.57215,0.0,64.33433,72.681244,0.0
12.704157,-31.627052,0.0,-64.71613,-48.985516,0.0
62.99108,-49.543056,0.0,-90.80638,-35.604042,0.0
60.020145,77.52161,0.0,-58.73384,13.699602,0.0
-78.93549,-25.311455,0.0,91.2651,74.707825,0.0
-97.83981,67.500244,0.0,21.920525,-60.514957,0.0
13.874978,47.56812,0.0,-78.07382,25.998894,0.0
67.18911,44.368553,0.0,-53.180416,94.99492,0.0
-49.398674,41.332256,0.0,-94.219795,-20.336124,0.0
-44.314274,73.02147,0.0,80.019554,-0.53294766,0.0
97.36357,53.460022,0.0,87.53354,-9.712877,0.0
30.546885,-50.345337,0.0,34.598885,-62.612423,0.0
53.415672,-23.935747,0.0,-37.05603,8.174606,0.0
-89.530685,-19.784306,0.0,78.55502,83.800514,0.0
37.037613,54.4101,0.0,94.452156,67.491486,0.0
35.172653,75.47938,0.0,72.88272,60.799248,0.0
-99.591705,7.8945713,0.0,74.40298,38.074303,0.0
35.132004,73.99325,0.0,41.903793,-68.71472,0.0
-82.602646,-18.309357,0.0,44.684025,-0.82485586,0.0
45.859135,96.3402,0.0,-25.361664,-86.34687,0.0
-35.64875,70.388565,0.0,-95.39668,25.070974,0.0
-76.66864,96.70947,0.0,18.403757,65.33343,0.0
-58.529057,88.06431,0.0,43.63003,70.697235,0.0
8.565157,56.211674,0.0,-41.709164,10.413898,0.0
94.67555,92.76429,0.0,-48.673412,-20.081522,0.0
56.65364,-82.290115,0.0,-36.07167,-28.33981,0.0
-63.544662,60.76362,0.0,47.26039,13.105414,0.0
-50.32475,-57.118702,0.0,-45.83873,-50.488045,0.0
-36.634842,-76.101555,0.0,-28.55508,-25.917713,0.0
82.02314,-81.37402,0.0,72.848915,-58.740852,0.0
59.134933,-25.047182,0.0,-80.5724,16.213058,0.0
-43.19866,-29.522484,0.0,-85.1017,6.7362547,0.0
69.707726,-81.55944,0.0,-81.67638,68.72179,0.0
5.180232,49.46342,0.0,39.331554,-15.879099,0.0
-46.813965,-15.31676,0.0,48.67606,-2.2227013,0.0
82.96319,94.67585,0.0,-47.567215,-57.429844,0.0
72.01537,96.668846,0.0,96.83601,98.36943,0.0
-77.87971,62.482204,0.0,-81.25044,61.444004,0.0
44.421658,6.5176835,0.0,-5.7408853,23.167322,0.0
45.334198,-39.04978,0.0,65.878944,-43.69576,0.0
-24.006811,23.402933,0.0,39.116657,77.99468,0.0
-82.2131,16.640015,0.0,97.40833,72.26521,0.0
66.713135,14.560956,0.0,-56.279186,89.09089,0.0
78.27348,-59.917427,0.0,-94.620094,-92.07982,0.0
94.18785,-45.469692,0.0,47.19999,49.037117,0.0
-64.15009,43.585773,0.0,76.68643,-6.855515,0.0
44.735207,-7.7702274,0.0,49.305378,60.256966,0.0
84.53671,61.984657,0.0,41.39671,-47.16506,0.0
83.61673,14.871171,0.0,82.0957,-38.11671,0.0
48.559753,-81.05064,0.0,-83.86197,-26.644339,0.0
-11.733012,-14.741933,0.0,-15.470228,71.914276,0.0
84.9056,-5.0046263,0.0,-61.71073,-24.240673,0.0
51.792427,76.91581,0.0,-44.367626,94.2658,0.0
30.939323,-78.65771,0.0,17.910597,60.431435,0.0
-80.185585,68.54592,0.0,98.69597,-40.90743,0.0
32.96923,20.584452,0.0,71.49313,-66.34157,0.0
-95.34082,-78.10089,0.0,-83.72509,76.35978,0.0
73.13678,6.999081,0.0,-42.709934,-28.79515,0.0
17.155657,17.353582,0.0,-10.854038,67.223724,0.0
-39.541462,26.159464,0.0,97.89091,-91.76472,0.0
-83.30943,41.51449,0.0,-21.279253,-64.178055,0.0
-9.792875,90.51924,0.0,-87.40694,62.268475,0.0
-60.876328,87.35358,0.0,49.886917,46.69434,0.0
36.43134,-2.2242312,0.0,64.00679,-39.036507,0.0
-93.60426,8.656453,0.0,-64.95612,71.966774,0.0
-12.637145,-24.13057,0.0,-94.23433,58.056664,0.0
62.3626,-86.06846,0.0,-69.285095,40.948395,0.0
-82.17511,51.05408,0.0,-74.457306,65.213524,0.0
-47.527523,-68.31384,0.0,74.50992,-38.212387,0.0
-44.394505,-5.7996,0.0,-81.110344,11.2186775,0.0
-30.737019,35.69368,0.0,68.36945,-60.16583,0.0
28.207554,51.872982,0.0,-81.610825,66.37372,0.0
99.5876,-70.03656,0.0,31.629995,-24.157759,0.0
-36.300777,35.51072,0.0,-36.845657,-77.91986,0.0
16.093086,-95.004814,0.0,90.24426,-5.9189773,0.0
-37.128803,1.7141383,0.0,81.5133,-50.141556,0.0
-98.06716,-59.565918,0.0,61.75311,54.899277,0.0
9.600273,56.009274,0.0,-9.341693,-24.660902,0.0
-75.5778,4.889314,0.0,89.08415,85.08587,0.0
79.977,92.99191,0.0,82.42443,-64.80284,0.0
-84.226135,94.846954,0.0,-52.52126,6.3670826,0.0
-61.468468,-21.674826,0.0,-58.201817,-89.09377,0.0
37.971546,35.117226,0.0,45.16987,48.52406,0.0
89.4769,36.67227,0.0,8.167331,96.64155,0.0
64.79378,29.733818,0.0,-36.966682,80.51433,0.0
28.484077,17.597588,0.0,-67.3441,73.11607,0.0
59.545406,-63.429684,0.0,14.759606,-71.27784,0.0
-11.55412,81.73462,0.0,-78.34673,31.346127,0.0
-62.83893,-97.520645,0.0,-57.340473,-57.135487,0.0
-99.371056,-46.15038,0.0,-53.765076,-66.39069,0.0
88.0587,-53.07112,0.0,89.179855,-58.092773,0.0
11.2259865,-65.34636,0.0,71.42303,15.462805,0.0
-15.657477,-92.015495,0.0,-10.184297,15.522611,0.0
78.53402,-62.550056,0.0,-83.38676,-96.610146,0.0
63.57891,-62.799587,0.0,-50.75374,88.727425,0.0
34.046032,-7.2772903,0.0,-45.309975,-10.425158,0.0
-5.97513,85.97643,0.0,-80.82773,-55.40651,0.0
-37.22979,-3.6829016,0.0,-77.688515,-0.91894,0.0
-94.755585,45.520508,0.0,-50.24642,54.810955,0.0
32.693386,-68.06191,0.0,-35.16001,62.20446,0.0
-8.881608,5.394637,0.0,96.41632,-91.24501,0.0
-35.047676,8.734272,0.0,75.04852,-12.077873,0.0
-71.6815,-96.467064,0.0,-64.93594,-77.70416,0.0
-89.668625,14.162658,0.0,-22.395754,-88.34749,0.0
8.174732,-72.30022,0.0,-55.0126,-4.5279922,0.0
28.89839,-28.9443,0.0,-8.408157,69.126884,0.0
74.6511,88.038956,0.0,-75.48699,43.713223,0.0
68.857025,-73.56388,0.0,-42.90984,-40.99237,0.0
-58.22798,78.95194,0.0,-15.490631,83.62638,0.0
-27.225676,90.899376,0.0,-46.243088,79.098434,0.0
-88.59681,29.912476,0.0,63.107063,77.9851,0.0
-31.832542,32.079273,0.0,-45.61184,7.726329,0.0
-85.399414,-25.203196,0.0,25.708414,-13.162264,0.0
31.783138,-29.734297,0.0,89.09987,68.671524,0.0
-94.86742,49.909077,0.0,-37.682167,-80.48867,0.0
-26.737675,-88.20623,0.0,39.669956,94.00044,0.0
81.58299,-24.635147,0.0,-12.777631,-14.022515,0.0
-39.098576,-10.264869,0.0,-49.788345,34.267403,0.0
89.655495,65.76478,0.0,-59.129932,52.257233,0.0
-99.71895,-76.12916,0.0,-12.741392,78.451195,0.0
-81.19919,-56.917194,0.0,-21.550974,60.336582,0.0
-44.478943,-45.912273,0.0,-75.462585,-8.184233,0.0
-19.928677,89.43059,0.0,-18.707455,54.367207,0.0
-79.4242,98.370056,0.0,-51.69561,-39.450314,0.0
71.07816,20.6264,0.0,86.64665,-70.994705,0.0
-94.00352,-89.800514,0.0,73.28005,-56.14347,0.0
15.634191,58.491993,0.0,31.045963,-45.974377,0.0
36.037815,-73.699585,0.0,-38.007267,-56.94052,0.0
88.56718,27.908804,0.0,-77.61931,5.18133,0.0
49.112762,-54.415085,0.0,-68.91682,-12.093013,0.0
46.376656,-61.98254,0.0,-5.5715632,-89.79564,0.0
0.7796454,-23.101286,0.0,-67.74873,64.1376,0.0
78.818756,-88.481636,0.0,-66.18564,50.91944,0.0
-82.516754,13.271471,0.0,58.78926,81.22789,0.0
-62.896755,-11.7431965,0.0,-63.245937,99.73709,0.0
82.09377,79.414734,0.0,97.876945,58.17257,0.0
-49.778698,-86.21765,0.0,67.29649,72.126076,0.0
-61.457085,70.63192,0.0,40.78283,-53.19395,0.0
48.932335,11.376362,0.0,-81.50536,-70.24978,0.0
-36.288654,12.113627,0.0,46.121105,-18.425362,0.0
32.854385,-67.60479,0.0,-28.154854,70.17091,0.0
-90.775246,-3.029934,0.0,-31.782055,70.35028,0.0
-27.389435,-76.56521,0.0,-0.4337286,-64.6457,0.0
53.57261,-78.7624,0.0,-91.454666,23.143183,0.0
-84.88201,32.503437,0.0,-90.41152,-17.012012,0.0
-63.75641,75.96927,0.0,97.35372,18.848629,0.0
-25.75415,17.317688,0.0,-37.969185,-97.688675,0.0
-78.45438,81.43375,0.0,40.387703,17.01109,0.0
-65.75961,-14.032885,0.0,74.20676,-66.08707,0.0
77.98019,-28.982376,0.0,-77.923004,-77.5023,0.0
99.17639,-56.667866,0.0,88.75327,-8.017343,0.0
-55.883358,63.50973,0.0,-45.31418,33.60709,0.0
98.488,-61.593887,0.0,-94.830826,67.5563,0.0
-12.195217,-2.8427358,0.0,58.5873,18.640709,0.0
-17.004486,-29.767927,0.0,67.773735,41.380844,0.0
58.090862,36.18172,0.0,-63.575344,-28.050165,0.0
-12.759874,-6.397291,0.0,61.804585,-78.13419,0.0
57.077873,-69.881065,0.0,69.4266,41.282745,0.0
69.83405,52.702847,0.0,24.817425,89.89206,0.0
66.46115,-40.752453,0.0,-5.8936133,49.68409,0.0
-88.73366,70.33958,0.0,31.697573,-81.215836,0.0
-19.414845,1.3944343,0.0,-20.573147,45.25617,0.0
4.5877767,24.314219,0.0,-43.2506,-28.24231,0.0
66.32956,80.66134,0.0,-94.01791,-52.71721,0.0
-73.08446,-39.682198,0.0,77.894226,77.13395,0.0
32.433075,-15.643706,0.0,46.10003,44.835606,0.0
51.59873,66.52753,0.0,-93.95132,-6.573543,0.0
58.61008,85.537544,0.0,-5.118767,62.157757,0.0
27.17469,85.63523,0.0,68.92157,-86.20272,0.0
70.06013,-73.4286,0.0,-32.448093,-17.217949,0.0
54.125607,57.958668,0.0,76.38406,84.80274,0.0
-60.032288,-92.49947,0.0,-18.92257,-74.77973,0.0
-9.142438,50.387363,0.0,77.06856,-77.63497,0.0
-79.65631,50.2333,0.0,-37.56766,43.45632,0.0
81.80801,-30.862934,0.0,-30.160198,-41.191227,0.0
-40.71665,99.40572,0.0,33.44937,76.95754,0.0
53.299507,62.61305,0.0,31.44688,-16.405476,0.0
-25.355053,78.898315,0.0,-58.794525,-16.7615,0.0
-44.033928,13.062678,0.0,24.26304,9.5044565,0.0
-56.204556,49.858463,0.0,-21.788227,-81.97757,0.0
28.530163,87.68636,0.0,96.459694,89.37709,0.0
31.613256,-23.701283,0.0,-48.66772,-55.73916,0.0
0.5451188,21.34929,0.0,50.571644,-53.97647,0.0
-79.83588,94.60223,0.0,96.97636,-22.564856,0.0
-48.855503,74.78894,0.0,-28.23821,-76.644424,0.0
78.63647,65.37963,0.0,18.304016,-34.361023,0.0
-43.76441,-57.60084,0.0,-82.443794,77.217575,0.0
22.82894,68.895515,0.0,-8.091716,72.29618,0.0
-67.84628,57.17706,0.0,25.267265,86.76951,0.0
62.462864,-71.06647,0.0,62.57069,16.846714,0.0
-31.305376,-63.088993,0.0,-33.648933,17.426168,0.0
-17.266293,2.1141288,0.0,-28.419102,-90.08832,0.0
-20.994484,51.276524,0.0,75.20081,-31.180239,0.0
22.17645,94.78979,0.0,-96.67349,-85.66465,0.0
-44.658512,5.818791,0.0,16.250137,84.25083,0.0
-70.7567,-54.68998,0.0,-41.828583,-7.4004164,0.0
-70.03731,-29.938244,0.0,3.4962456,-96.87231,0.0
-9.537017,61.28271,0.0,-66.73706,-32.03697,0.0
-3.749875,-21.723085,0.0,60.293037,-60.328484,0.0
-96.06117,-21.550234,0.0,93.50059,77.15903,0.0
-77.10037,-56.613308,0.0,-76.71076,12.147884,0.0
7.103675,98.065216,0.0,47.608356,-34.53089,0.0
-79.38641,-74.65769,0.0,-55.252472,79.94986,0.0
54.879276,75.983665,0.0,64.15571,-70.011795,0.0
85.86186,6.264617,0.0,-33.87436,-19.219118,0.0
66.31457,48.973404,0.0,-68.42666,77.90781,0.0
83.29271,-51.359173,0.0,58.242386,-97.60857,0.0
90.0875,-27.027937,0.0,32.89117,-54.267845,0.0
-47.095165,0.85024995,0.0,-84.63212,-72.77792,0.0
32.732662,-99.94597,0.0,61.770145,-31.021479,0.0
-44.243553,-89.28976,0.0,-26.555344,73.139275,0.0
-45.089127,-28.136154,0.0,-64.57223,-29.021381,0.0
31.159628,-93.837524,0.0,17.061926,24.084917,0.0
7.9882216,57.477985,0.0,59.994602,33.580364,0.0
-0.32897985,64.45665,0.0,-63.334297,-33.117634,0.0
66.54921,92.772026,0.0,-55.448265,58.74474,0.0
27.855907,71.37712,0.0,-91.20435,-24.330143,0.0
-90.20602,12.795915,0.0,-97.46155,96.071175,0.0
29.214157,-78.2893,0.0,23.420448,-73.061905,0.0
-99.16057,-62.39025,0.0,-99.18788,43.967693,0.0
-53.52763,16.495773,0.0,-80.75608,85.086205,0.0
16.104328,-39.89754,0.0,-90.57558,93.14299,0.0
-44.654057,82.29841,0.0,-92.96745,19.139376,0.0
-84.8891,-50.662315,0.0,39.06379,-18.11041,0.0
51.26805,91.96613,0.0,-50.98737,77.5694,0.0
9.037405,99.89055,0.0,59.014957,66.797615,0.0
-68.242714,-89.7141,0.0,68.61958,84.34564,0.0
29.314098,-7.1100655,0.0,-33.49183,72.6108,0.0
55.907146,-95.45874,0.0,69.5054,57.659863,0.0
91.05862,-9.262574,0.0,40.148872,83.95246,0.0
6.0865345,54.96109,0.0,73.00145,-39.608788,0.0
-63.179882,-72.963356,0.0,76.04077,35.58874,0.0
74.59297,21.426096,0.0,-25.791477,56.412514,0.0
-12.872321,-88.38574,0.0,76.48027,-36.601154,0.0
43.581516,-77.41783,0.0,-4.840645,68.47313,0.0
-40.298447,-87.15725,0.0,43.58795,40.456596,0.0
-40.98846,13.159129,0.0,67.05238,-42.670574,0.0
14.373154,-86.18793,0.0,-48.670723,-0.5287158,0.0
-75.16068,21.966454,0.0,-63.712055,84.44414,0.0
-16.635756,0.088725545,0.0,-15.751242,50.25268,0.0
-16.854578,11.676277,0.0,30.049511,28.622234,0.0
20.532488,77.08408,0.0,18.321398,-26.047619,0.0
43.77307,-46.36801,0.0,96.65162,-0.36022264,0.0
92.88252,68.288055,0.0,-71.68183,84.47232,0.0
82.26949,-87.729645,0.0,85.63875,-44.971375,0.0
-76.7378,-10.673532,0.0,-60.6174,-78.02194,0.0
39.313965,72.45595,0.0,-67.84583,13.496497,0.0
31.455582,84.4458,0.0,50.955288,-32.530693,0.0
-25.314457,-27.24266,0.0,48.90371,17.267479,0.0
69.88357,72.069664,0.0,6.971397,57.191235,0.0
0.698895,85.52716,0.0,63.912773,-88.5209,0.0
53.27252,55.60344,0.0,-21.028376,-65.34058,0.0
90.19807,-93.039055,0.0,94.273766,85.151184,0.0
38.82031,18.147148,0.0,61.931206,52.90524,0.0
11.778579,-28.126682,0.0,70.112656,-89.36558,0.0
-49.82136,-41.417133,0.0,-76.72887,-27.294315,0.0
-59.940414,56.132915,0.0,63.587505,8.446208,0.0
-23.429274,-73.70637,0.0,-55.281284,0.5988336,0.0
-97.6306,48.08553,0.0,-8.336675,-91.69254,0.0
29.958565,70.17841,0.0,-45.636383,11.048664,0.0
-50.20462,-25.538582,0.0,-49.06725,-2.209815,0.0
-4.306253,-35.54589,0.0,96.95582,-31.113953,0.0
-73.68857,-73.992966,0.0,75.47021,16.21456,0.0
17.901615,85.88669,0.0,52.789433,97.26543,0.0
96.450905,6.6326594,0.0,-91.716156,-96.946175,0.0
37.029125,-95.764496,0.0,-2.2705977,-20.681545,0.0
-97.258484,52.276012,0.0,-73.512764,96.03896,0.0
69.51562,36.139244,0.0,-65.43595,10.097297,0.0
11.889728,-27.47853,0.0,51.505466,63.254307,0.0
18.99706,20.195345,0.0,-70.6379,30.095085,0.0
20.439613,-93.577644,0.0,-93.43266,44.319035,0.0
23.846746,-38.15376,0.0,-58.402885,88.310326,0.0
-61.527695,74.6349,0.0,-73.74792,-37.77145,0.0
-45.40802,-98.44163,0.0,45.805084,21.058573,0.0
27.83252,-87.80775,0.0,16.455614,-23.282076,0.0
99.79619,82.83914,0.0,39.96131,-34.06489,0.0
-89.61232,-11.725524,0.0,71.70971,7.2579284,0.0
91.473145,-8.9897785,0.0,-60.11452,93.099976,0.0
-57.08702,-69.591125,0.0,41.321014,-77.10458,0.0
-14.120168,-0.04938882,0.0,-66.813065,-50.050117,0.0
86.79031,-52.534435,0.0,-60.98039,51.67511,0.0
-20.233149,-73.80741,0.0,-88.65112,-51.56218,0.0
-79.60294,-36.52643,0.0,61.6913,12.289001,0.0
-43.322655,47.536087,0.0,-52.249744,66.62268,0.0
-24.09261,-65.99149,0.0,-12.272502,-78.78645,0.0
-72.273735,36.61777,0.0,-57.020412,99.13285,0.0
71.904305,44.33315,0.0,53.173973,-42.715557,0.0
-39.22883,51.593784,0.0,-51.63423,-11.4191,0.0
-23.454288,81.11059,0.0,-40.386505,1.788162,0.0
33.609142,-88.6377,0.0,-46.180725,-57.976868,0.0
71.270164,-52.02708,0.0,-51.84402,90.82042,0.0
-41.574146,-51.112755,0.0,45.862232,67.125755,0.0
4.24898,-33.837563,0.0,-77.27572,-50.052406,0.0
83.03346,91.25585,0.0,-65.6931,-15.9446335,0.0
-60.49385,-30.18277,0.0,-33.78865,-48.317898,0.0
-34.94464,54.873615,0.0,68.14744,45.394863,0.0
-99.63874,82.35395,0.0,-13.600583,16.461807,0.0
-31.858791,99.54821,0.0,2.7693918,-18.249228,0.0
-48.84598,-88.27761,0.0,-87.753006,-29.34125,0.0
-60.964375,-68.09201,0.0,-86.18967,87.82538,0.0
74.35672,-56.157204,0.0,95.17305,-32.620842,0.0
49.508686,-6.7335052,0.0,-88.52574,-96.69078,0.0
30.635275,-55.459675,0.0,1.8929092,-93.84376,0.0
66.57326,-48.268303,0.0,-60.88644,83.08549,0.0
82.99304,-24.08651,0.0,1.4803451,70.64124,0.0
-44.03242,-87.935555,0.0,-76.43577,84.02387,0.0
72.34488,88.756874,0.0,-75.804855,-97.57294,0.0
15.177534,-64.86474,0.0,-46.67734,90.84584,0.0
-52.729,-42.491714,0.0,78.80926,-33.964466,0.0
-74.554054,80.48439,0.0,82.53727,-57.151962,0.0
44.126244,-53.377296,0.0,-68.94415,-37.912605,0.0
-72.61626,-57.326782,0.0,-68.640755,-0.49989155,0.0
-71.9404,12.496691,0.0,87.78486,33.140015,0.0
51.57701,-85.68196,0.0,-86.903725,41.875217,0.0
39.732605,53.867664,0.0,-79.65711,-99.72607,0.0
-70.6226,-53.45982,0.0,-74.387596,-6.6903,0.0
-34.08786,-18.892725,0.0,31.97554,-6.5375185,0.0
-75.40822,-0.029719504,0.0,-30.952736,4.993007,0.0
89.42158,-84.9034,0.0,47.214806,-91.165085,0.0
-66.94102,-23.196283,0.0,50.25918,52.398766,0.0
-95.64917,6.884236,0.0,30.30806,-29.881657,0.0
-46.767998,28.669626,0.0,-80.34896,-97.54307,0.0
71.07456,87.23334,0.0,41.197727,-33.586445,0.0
-47.698868,48.386948,0.0,-71.06879,-13.28001,0.0
45.34613,33.770977,0.0,-68.271614,-31.946161,0.0
85.37097,42.002228,0.0,-76.34273,50.759552,0.0
-67.050354,58.69814,0.0,-81.405876,18.280024,0.0
30.823395,3.0385985,0.0,54.79704,-79.4013,0.0
61.417496,-46.626076,0.0,12.129896,-21.416391,0.0
-70.69523,11.403029,0.0,61.74733,9.691099,0.0
77.31282,45.954533,0.0,-67.06595,13.163599,0.0
98.482475,-51.501225,0.0,-75.20654,-34.90513,0.0
72.69999,42.438435,0.0,75.18501,-33.524487,0.0
-25.628405,-82.42408,0.0,-22.753458,93.26645,0.0
44.347034,-81.99,0.0,-55.279564,93.05599,0.0
32.634964,60.744617,0.0,53.64515,-61.45834,0.0
75.71234,80.669174,0.0,-88.48294,16.682138,0.0
96.81737,50.690857,0.0,-79.25291,-43.150257,0.0
94.83881,-94.165726,0.0,-91.51128,-49.713364,0.0
-4.109002,-26.544458,0.0,82.76289,-26.340904,0.0
30.612389,23.521927,0.0,85.188545,-40.318188,0.0
96.69616,3.3043728,0.0,46.50414,-0.65785277,0.0
-92.42328,-54.92645,0.0,45.750908,47.13889,0.0
-27.517904,-31.243572,0.0,31.77935,91.41993,0.0
70.46289,11.032245,0.0,-57.151085,81.04184,0.0
-35.552605,55.75339,0.0,-12.884387,-4.541135,0.0
66.94586,-43.08758,0.0,-63.9632,93.330765,0.0
33.315857,-66.28969,0.0,-5.5121865,98.980545,0.0
-52.909252,69.58543,0.0,-52.777294,98.740875,0.0
-90.32255,-80.15027,0.0,-48.964657,-68.10088,0.0
-14.701025,65.57035,0.0,88.072845,-18.207855,0.0
-95.12106,64.10101,0.0,-48.138195,28.57665,0.0
-89.89253,88.401695,0.0,34.281948,5.8052716,0.0
-76.313484,76.03232,0.0,83.68227,4.7585983,0.0
-13.799425,68.17538,0.0,14.148729,49.802246,0.0
-56.297966,-40.034927,0.0,99.779434,-36.81838,0.0
-71.95531,49.781384,0.0,-9.898897,-26.350763,0.0
28.84079,99.63888,0.0,1.2051554,-82.2584,0.0
-65.741165,26.277039,0.0,28.25778,-87.95739,0.0
-4.9233723,-82.0841,0.0,-76.975,78.504364,0.0
68.89375,-67.151,0.0,52.603268,15.576159,0.0
-33.12552,64.10054,0.0,-23.332108,65.45043,0.0
-93.10466,-97.65782,0.0,32.189674,-18.801895,0.0
-90.88843,57.959396,0.0,-79.44023,-76.97843,0.0
90.290985,-69.14653,0.0,9.082222,-62.676537,0.0
-78.17568,-49.62757,0.0,-50.204803,50.334827,0.0
37.240715,-84.533,0.0,-55.606583,-61.742756,0.0
-15.376359,80.66293,0.0,-3.3363576,14.789059,0.0
-79.0696,4.6126447,0.0,70.69448,94.54946,0.0
-47.399036,78.85017,0.0,-18.320246,77.3831,0.0
-43.956944,-68.524765,0.0,94.938,-92.524956,0.0
98.25873,66.00003,0.0,-97.7946,8.201476,0.0
56.763046,40.085888,0.0,42.739136,-91.71943,0.0
89.93707,-86.82171,0.0,87.16913,-49.16106,0.0
-58.689533,-70.488,0.0,-16.131859,71.0756,0.0
76.24729,-74.2094,0.0,-82.90786,-76.32777,0.0
25.660686,-24.049526,0.0,-97.94879,93.507675,0.0
-28.88647,-94.25111,0.0,-90.77939,-1.5048246,0.0
-57.442646,-40.49111,0.0,82.86504,-69.70953,0.0
40.227158,3.3283217,0.0,99.72344,-79.76999,0.0
-47.147434,-48.464577,0.0,1.1488061,-21.788942,0.0
96.48597,16.42879,0.0,-72.12762,8.817383,0.0
21.846428,71.307175,0.0,-89.02812,82.327156,0.0
47.129467,55.08163,0.0,-60.465973,-34.53173,0.0
-35.573303,49.43947,0.0,85.23801,-74.362305,0.0
38.755997,39.93162,0.0,-89.97118,-67.36419,0.0
1.7394952,16.815023,0.0,-85.03455,31.815779,0.0
-19.922085,-61.07567,0.0,-96.37292,28.431086,0.0
96.6316,-64.52373,0.0,20.974829,59.47641,0.0
83.01029,71.7201,0.0,-21.759455,-95.27691,0.0
-97.33057,-69.81044,0.0,-24.572596,-92.926,0.0
17.034483,-65.378975,0.0,25.421734,-91.55671,0.0
-89.353325,-52.312595,0.0,87.39293,90.47192,0.0
71.85757,-93.574646,0.0,39.104023,67.10278,0.0
51.278683,-78.481224,0.0,-79.15588,-24.228806,0.0
32.742558,-81.53137,0.0,-33.186844,-46.33639,0.0
-4.4260316,93.99002,0.0,88.33615,67.99763,0.0
95.12775,87.557,0.0,65.89202,79.77715,0.0
-91.83191,52.56577,0.0,28.37751,92.77777,0.0
-49.270878,43.543682,0.0,84.77214,-78.48567,0.0
87.84898,-21.526428,0.0,11.016478,91.28073,0.0
39.299038,-14.131267,0.0,87.57871,-26.770735,0.0
98.863,27.255104,0.0,-16.591307,-72.50363,0.0
58.278244,-67.813545,0.0,68.54792,57.82123,0.0
82.15707,-47.96252,0.0,1.9696906,47.045345,0.0
68.78395,58.460964,0.0,55.85058,34.89069,0.0
-65.25287,6.3493023,0.0,-94.45762,0.14355814,0.0
62.911987,8.3188925,0.0,-17.93191,90.50707,0.0
-91.11411,8.841119,0.0,-86.10072,-0.38551837,0.0
95.99009,-78.02176,0.0,32.36394,32.098812,0.0
-91.668884,-14.749432,0.0,-48.855583,-93.36528,0.0
77.94471,-77.18904,0.0,-29.676392,-61.30701,0.0
-52.686176,-84.59241,0.0,-88.53791,-23.567928,0.0
-73.0813,64.51194,0.0,84.089554,-98.264465,0.0
75.20417,40.983963,0.0,-94.92764,-98.09533,0.0
59.82194,85.562195,0.0,-15.053427,-10.106285,0.0
-62.549232,-13.113099,0.0,79.43208,98.26835,0.0
27.161386,48.383263,0.0,-63.993046,64.2929,0.0
-1.2598624,-78.2213,0.0,-26.265724,10.072382,0.0
-81.18294,79.385635,0.0,-29.460238,97.00103,0.0
34.69734,-70.29274,0.0,-31.269773,44.54573,0.0
-15.54869,60.351353,0.0,-70.727486,-46.33242,0.0
-0.40197587,8.439125,0.0,-39.87462,33.45193,0.0
-90.62887,-30.266275,0.0,-99.73363,-87.955605,0.0
-51.162403,-30.297937,0.0,-93.745125,-64.15301,0.0
77.2247,-76.19051,0.0,-41.51783,67.33643,0.0
-93.632805,-4.235121,0.0,-1.993763,-91.44048,0.0
-28.316877,60.22094,0.0,38.710697,-10.336235,0.0
-97.9833,15.894273,0.0,-50.653244,-25.255596,0.0
77.26003,8.332255,0.0,88.30871,-19.513239,0.0
78.20247,-47.02393,0.0,-71.62701,-60.77103,0.0
-86.700745,48.224133,0.0,14.89462,68.365746,0.0
99.99555,-12.758849,0.0,-11.412763,-82.755226,0.0
27.259624,-6.427534,0.0,98.86784,42.20145,0.0
-93.55367,9.294824,0.0,62.64963,37.79917,0.0
12.255107,-32.44885,0.0,-85.669876,88.7007,0.0
15.315039,-80.08164,0.0,-30.4232,-60.701553,0.0
-88.018974,66.262985,0.0,73.15156,-34.311707,0.0
37.68093,-8.97933,0.0,-36.272934,-67.65208,0.0
15.881782,-85.562744,0.0,-4.7186003,19.942127,0.0
-10.478979,53.478737,0.0,33.985924,34.034092,0.0
73.315926,76.01472,0.0,58.609856,13.780162,0.0
-82.837845,93.9053,0.0,-92.26301,50.700783,0.0
-25.697622,85.88524,0.0,-11.066698,-84.28709,0.0
0.1950335,-83.305115,0.0,99.91777,-99.76464,0.0
70.62642,49.421173,0.0,-25.845066,-63.708107,0.0
-2.0598505,53.953007,0.0,-35.315434,20.43016,0.0
-69.256386,65.966324,0.0,47.3657,71.10937,0.0
-73.75794,62.075886,0.0,12.117093,20.533192,0.0
5.7826176,82.38159,0.0,74.6187,-36.15323,0.0
-18.36888,-67.52785,0.0,-68.025246,-72.50526,0.0
-78.62596,49.31043,0.0,79.662094,-6.30212,0.0
-2.042959,-77.12844,0.0,-27.537642,-79.191574,0.0
50.909134,52.19308,0.0,91.10059,51.133587,0.0
-23.037556,-84.54487,0.0,-13.106922,-22.02152,0.0
-83.95591,36.547817,0.0,16.449284,91.117935,0.0
-6.37257,65.13333,0.0,-50.521584,-45.74449,0.0
-93.16928,29.328344,0.0,-33.14092,62.545216,0.0
36.47204,-13.508399,0.0,54.643497,-25.199295,0.0
-4.57281,-37.244167,0.0,-57.874126,-61.13029,0.0
40.938663,89.81838,0.0,18.046207,88.38211,0.0
-99.04776,48.29429,0.0,30.146963,82.01978,0.0
-35.36541,-42.55861,0.0,-71.46978,63.713657,0.0
97.74994,23.652233,0.0,-88.54301,-21.103825,0.0
20.755308,11.282867,0.0,93.88209,93.40893,0.0
-41.742218,-35.415764,0.0,-48.717785,-86.63674,0.0
-7.1449976,-38.070255,0.0,-43.187428,12.736648,0.0
47.97302,99.011406,0.0,-84.58274,-85.23503,0.0
-61.190907,61.080868,0.0,36.46983,-6.9240594,0.0
38.54965,-77.1673,0.0,-43.642212,-17.09737,0.0
60.243637,88.48689,0.0,-60.83207,94.47352,0.0
-38.77105,-97.31124,0.0,90.86554,-31.933514,0.0
93.77196,-56.49679,0.0,-27.91606,-26.083143,0.0
10.377904,50.498753,0.0,28.144247,-1.1543858,0.0
-6.6964,68.199875,0.0,-98.055824,-89.68925,0.0
-4.9604573,89.02349,0.0,-57.108353,-85.16818,0.0
74.6403,-57.483818,0.0,-99.93099,4.6904836,0.0
-99.92348,-93.10476,0.0,31.88064,-71.36296,0.0
68.23794,65.3578,0.0,-58.324253,-35.858475,0.0
-18.915436,3.2566657,0.0,16.129045,87.187454,0.0
-1.7859976,-20.908567,0.0,46.40693,68.42309,0.0
-33.381992,-38.25637,0.0,73.51017,-69.43649,0.0
-20.816175,76.30157,0.0,96.90643,2.2186306,0.0
78.331215,-97.71604,0.0,59.920227,15.4391775,0.0
-14.811911,53.85484,0.0,-69.88694,67.92731,0.0
-61.71193,-35.4064,0.0,23.929117,-22.139172,0.0
-15.161388,-70.01604,0.0,67.81403,-73.338425,0.0
-52.457874,-10.866058,0.0,57.95742,-50.503933,0.0
65.647865,-90.28203,0.0,-47.314144,20.041952,0.0
62.690514,-81.21641,0.0,99.90175,21.004917,0.0
-45.505814,-53.146614,0.0,-48.179276,-74.89522,0.0
-12.06874,20.847233,0.0,-23.290207,-80.09893,0.0
-54.101837,9.921572,0.0,79.617165,76.91583,0.0
39.08803,-21.056284,0.0,-68.54981,42.6953,0.0
51.059643,20.567358,0.0,-84.85153,56.97329,0.0
74.71973,-90.60746,0.0,-87.55359,55.749603,0.0
96.464584,-64.50768,0.0,43.408665,26.87739,0.0
83.76507,14.131676,0.0,31.606249,-18.621122,0.0
31.1831,-69.123405,0.0,-16.79645,-28.995596,0.0
-52.798004,36.942863,0.0,-24.866734,87.74111,0.0
-2.7524753,-30.565487,0.0,78.1246,96.81578,0.0
-64.24804,8.671497,0.0,-4.829177,52.91951,0.0
55.795475,70.88067,0.0,-65.221985,-38.731834,0.0
-36.29011,-46.557213,0.0,-46.98878,66.12978,0.0
69.51645,64.64051,0.0,-11.716007,1.8541312,0.0
96.79939,-63.324314,0.0,-25.553188,20.133038,0.0
-65.924774,-68.09157,0.0,-79.83619,-44.430195,0.0
95.50423,33.47007,0.0,-15.347422,-89.28485,0.0
-33.889942,-9.93269,0.0,46.398117,-64.69662,0.0
8.183959,14.733318,0.0,82.84177,1.2010674,0.0
1.653893,22.793053,0.0,-79.63785,-33.620502,0.0
-94.43786,72.644135,0.0,15.984174,15.311889,0.0
77.7578,13.309833,0.0,-69.78837,50.17485,0.0
41.59661,75.1609,0.0,-34.95678,-44.049603,0.0
51.44929,18.536053,0.0,46.219425,-27.883419,0.0
88.20059,-51.041046,0.0,-23.19073,15.114959,0.0
-16.530325,-1.7876617,0.0,41.910324,5.238931,0.0
-78.55528,-49.745014,0.0,10.274938,86.95794,0.0
-79.06548,-96.75531,0.0,50.190228,83.22531,0.0
-31.283096,-49.10203,0.0,88.92178,19.482216,0.0
-73.40181,70.09874,0.0,33.856342,-45.14983,0.0
25.6167,68.067245,0.0,-70.33965,71.067215,0.0
77.026215,-44.710926,0.0,78.04948,-55.25372,0.0
-24.468939,16.92429,0.0,88.80267,54.374695,0.0
95.48644,64.49851,0.0,42.000576,-63.27311,0.0
33.114685,-69.3068,0.0,-47.896206,-88.76213,0.0
59.427692,29.306791,0.0,39.929688,42.48172,0.0
-45.733223,-72.02749,0.0,-38.78076,-26.604757,0.0
33.593872,75.41491,0.0,-66.9422,78.653824,0.0
-39.619137,-95.71863,0.0,-45.706493,-95.45601,0.0
51.559616,-47.15899,0.0,92.73184,-24.321096,0.0
66.76417,87.170204,0.0,-88.574875,84.289825,0.0
92.23239,68.9548,0.0,-47.912674,-41.855038,0.0
14.675354,67.70051,0.0,44.46323,-73.76298,0.0
24.16176,50.18128,0.0,82.80798,-23.123608,0.0
47.879765,-15.341574,0.0,1.2044878,-80.95574,0.0
21.32224,67.18985,0.0,-22.479223,-84.631424,0.0
63.186745,73.04025,0.0,-87.97989,76.83431,0.0
-38.0116,63.288673,0.0,-9.098385,47.286167,0.0
-12.509058,-66.33723,0.0,3.7809598,21.210144,0.0
-95.02674,10.278827,0.0,-42.354317,73.20203,0.0
-94.85345,-82.44589,0.0,-64.20454,-3.1202705,0.0
-4.769185,66.61858,0.0,-34.28292,-37.88434,0.0
-92.68228,-84.62942,0.0,50.95264,-75.64438,0.0
-47.395306,-71.27442,0.0,35.9771,-84.90947,0.0
-47.279354,-36.61112,0.0,-67.72498,-40.59069,0.0
77.02679,45.329716,0.0,26.72896,-83.830956,0.0
-56.639633,-98.39376,0.0,-19.114588,-98.41044,0.0
-28.688862,65.46943,0.0,-79.07425,10.409953,0.0
-95.05721,-75.42161,0.0,-30.812286,23.86548,0.0
-90.804146,-70.4482,0.0,79.57602,81.29028,0.0
94.181725,43.26042,0.0,-80.662415,-29.639761,0.0
16.126667,55.748062,0.0,-88.2559,-92.84753,0.0
83.1713,31.728395,0.0,-35.39325,15.072855,0.0
86.46362,12.550203,0.0,63.474987,-55.96659,0.0
-87.278534,-6.440027,0.0,97.99724,20.941523,0.0
-58.218834,17.770977,0.0,98.70934,65.69184,0.0
67.20297,14.303431,0.0,31.71424,4.850757,0.0
92.41808,-31.787237,0.0,-29.886637,-26.088852,0.0
92.61555,55.99195,0.0,-17.61675,81.50362,0.0
-78.872055,-30.462027,0.0,-38.4017,-28.155306,0.0
-17.847311,0.45338276,0.0,67.29528,-83.31513,0.0
25.986286,75.06218,0.0,13.034095,76.31707,0.0
-17.306602,8.049244,0.0,-82.467415,13.617086,0.0
-58.481983,71.264366,0.0,-56.888515,18.515827,0.0
62.205902,-20.070261,0.0,-18.255081,-11.636843,0.0
83.869064,58.315815,0.0,79.55622,-48.900154,0.0
87.37741,-91.76777,0.0,-35.17407,11.310955,0.0
-65.946815,-66.69697,0.0,31.249844,7.0964746,0.0
-87.34866,-58.94878,0.0,-11.4844055,98.59562,0.0
53.185974,-95.56947,0.0,-77.48971,44.037334,0.0
10.836253,52.406544,0.0,7.475834,68.15701,0.0
-33.134693,32.222836,0.0,55.575413,74.263626,0.0
-18.303751,59.92852,0.0,89.91386,-66.15096,0.0
36.39676,62.6704,0.0,62.72758,-46.57747,0.0
47.09541,-41.643448,0.0,-72.60347,-84.74724,0.0
-36.854893,9.378531,0.0,-8.453236,-4.4526296,0.0
81.893776,-69.14192,0.0,98.578445,-96.60236,0.0
-36.18233,60.463417,0.0,12.348128,95.711334,0.0
-58.141254,-7.9511375,0.0,37.565403,35.650154,0.0
84.92053,38.300354,0.0,77.516365,99.30346,0.0
-68.215485,75.74056,0.0,-48.642315,-7.0038266,0.0
-59.19103,-74.13309,0.0,10.279717,89.34663,0.0
10.350201,17.54708,0.0,-35.80207,-99.80393,0.0
-58.12142,-19.011618,0.0,91.54887,-50.03864,0.0
93.39238,-97.57113,0.0,-20.873138,-82.41463,0.0
23.92137,-72.40713,0.0,-59.33314,36.013237,0.0
30.941553,67.2024,0.0,-10.173562,74.24946,0.0
-42.027733,35.013733,0.0,43.560127,-13.703273,0.0
-49.513756,4.7608557,0.0,-69.88435,80.68793,0.0
-49.379723,-30.277498,0.0,46.88123,-95.11303,0.0
79.240974,80.75715,0.0,19.815372,77.81755,0.0
-96.17776,-53.43061,0.0,66.92807,52.2481,0.0
32.608463,-54.937496,0.0,78.98997,66.1603,0.0
-97.092896,-1.495477,0.0,-95.50008,-71.22846,0.0
73.59992,65.63718,0.0,25.21094,-84.94426,0.0
-56.835907,61.554173,0.0,41.875065,-7.0349755,0.0
59.529972,-74.11131,0.0,95.20579,-6.1577964,0.0
-76.18142,-97.37448,0.0,2.4694068,-82.203064,0.0
-77.70809,-17.325962,0.0,-12.979931,47.48533,0.0
34.621967,19.535587,0.0,70.936325,-47.48192,0.0
-54.90922,83.3414,0.0,37.944077,-19.741972,0.0
63.928017,72.2891,0.0,77.59139,89.10684,0.0
-62.566486,83.964775,0.0,57.43197,25.356165,0.0
87.15749,-31.505108,0.0,-37.572037,45.288925,0.0
-67.98496,87.68955,0.0,-62.990612,65.6023,0.0
-47.015423,51.310963,0.0,-65.46309,44.135895,0.0
98.19883,93.41781,0.0,42.461277,-82.010284,0.0
-88.58068,56.770725,0.0,77.64518,-58.808144,0.0
-46.74247,-52.585716,0.0,-93.09499,99.5743,0.0
15.090526,51.162155,0.0,-4.9144816,2.0631845,0.0
-37.41375,-56.99904,0.0,32.084557,48.338886,0.0
-13.044539,2.5051787,0.0,-5.5222416,80.848785,0.0
-86.979065,1.9724262,0.0,91.84758,95.78286,0.0
65.82085,-66.8905,0.0,8.1766405,73.71106,0.0
-71.18595,38.23387,0.0,88.582016,4.7558327,0.0
-22.915083,-81.25409,0.0,-29.497038,66.87228,0.0
-38.434006,-91.58637,0.0,-8.966524,49.23786,0.0
-88.4185,30.103567,0.0,-45.343727,-12.975723,0.0
-42.221287,29.338097,0.0,31.04246,91.946556,0.0
-56.69054,0.06532502,0.0,94.253044,94.71146,0.0
38.288883,-99.46778,0.0,17.352053,21.135628,0.0
96.36045,-97.76959,0.0,-62.57904,80.533676,0.0
-37.89265,61.196762,0.0,-8.666855,-70.011734,0.0
82.286476,4.102291,0.0,-10.837772,20.52331,0.0
86.39804,84.104805,0.0,83.51128,-80.31631,0.0
77.78465,-78.30552,0.0,-52.764263,56.598515,0.0
59.52587,-21.226353,0.0,19.286617,63.02973,0.0
49.22452,-88.37178,0.0,31.691875,42.500675,0.0
92.7955,-16.824907,0.0,86.77638,-79.183556,0.0
96.33166,-68.036156,0.0,-64.89918,66.935,0.0
60.28915,-21.581282,0.0,50.15393,-74.90274,0.0
64.47508,-84.90226,0.0,-50.871773,-50.488544,0.0
69.73856,29.488955,0.0,83.19841,49.420963,0.0
-86.45317,1.1512978,0.0,-50.68391,-18.67867,0.0
-42.2275,76.84549,0.0,-36.89622,-98.25168,0.0
-41.528576,94.66678,0.0,-10.353076,80.44676,0.0
-31.64056,50.226074,0.0,99.62445,-42.916485,0.0
27.685644,2.9981632,0.0,-27.372766,77.0953,0.0
74.55478,-40.408985,0.0,-9.398238,-86.90335,0.0
27.428755,-91.53523,0.0,-45.91101,-56.438507,0.0
-51.731453,-25.634056,0.0,-74.00143,-30.14598,0.0
-70.68975,15.198122,0.0,76.1292,98.290146,0.0
25.451216,-97.38282,0.0,-50.866135,18.281706,0.0
66.17228,34.502388,0.0,-5.0197473,-7.6303906,0.0
-30.937756,-71.128174,0.0,-90.30552,32.69406,0.0
-53.892838,-4.9908576,0.0,40.34058,-42.082184,0.0
10.659863,19.322432,0.0,-99.08734,-38.635838,0.0
65.66426,-74.30457,0.0,-70.63686,19.062845,0.0
28.578299,76.97394,0.0,46.08241,38.853333,0.0
4.496214,54.235123,0.0,-79.12987,40.627373,0.0
79.2718,-70.626144,0.0,-10.042791,19.40665,0.0
-75.282875,-52.78218,0.0,-83.47356,98.488686,0.0
68.48983,79.08461,0.0,-76.77029,70.88834,0.0
97.23086,39.596516,0.0,91.60487,-10.311845,0.0
35.391373,80.38548,0.0,62.07479,35.638176,0.0
60.28003,86.16821,0.0,-39.2394,1.8219692,0.0
-88.856895,-50.982876,0.0,36.60322,64.12191,0.0
22.673517,-18.851938,0.0,-56.146557,30.493416,0.0
-2.2763114,-18.509966,0.0,90.79383,-61.44973,0.0
-10.699082,0.24306412,0.0,-74.88276,-16.807125,0.0
53.128838,-52.828182,0.0,-1.8265213,-78.8986,0.0
-77.835785,-61.934452,0.0,27.161682,14.827562,0.0
24.470995,-9.774853,0.0,70.66202,31.06679,0.0
-78.96711,28.505453,0.0,-63.30254,-1.3198451,0.0
-75.16285,-71.0375,0.0,-8.088605,-3.8027842,0.0
73.32972,-20.195145,0.0,3.2985523,58.062496,0.0
-26.53481,-60.032875,0.0,-95.258995,-30.866587,0.0
-96.22421,-2.7485554,0.0,92.722595,-88.296875,0.0
-61.988445,22.065075,0.0,-15.120755,57.928936,0.0
83.68173,-79.81535,0.0,64.660515,86.35424,0.0
-37.14172,47.114605,0.0,3.4442475,-60.275272,0.0
-14.171922,-96.23885,0.0,-0.7721816,-28.305012,0.0
-66.49658,8.929606,0.0,-99.572556,23.39279,0.0
82.462975,76.69648,0.0,26.976385,-83.873634,0.0
98.67057,42.001034,0.0,-63.407394,89.27942,0.0
-84.09994,-53.665783,0.0,-81.29461,9.615081,0.0
-32.251286,77.03035,0.0,56.016254,95.56813,0.0
85.772575,-21.66421,0.0,84.177704,-46.7221,0.0
8.999199,91.253494,0.0,-37.20783,-19.337933,0.0
-41.67102,-59.76884,0.0,99.82386,51.768234,0.0
-32.30818,58.660507,0.0,-36.787243,98.74142,0.0
-30.734032,29.093206,0.0,51.530712,-71.31247,0.0
-65.9986,78.91139,0.0,-53.781673,85.11599,0.0
-31.824175,-65.68298,0.0,-85.08593,-18.648552,0.0
5.491289,-71.77477,0.0,-99.842094,62.028023,0.0
35.787243,-5.277809,0.0,-80.94683,14.223612,0.0
-66.10952,-93.92644,0.0,0.042337127,20.277016,0.0
-73.82368,24.23305,0.0,-76.84497,-56.31276,0.0
77.72103,14.806893,0.0,-93.985794,-39.925987,0.0
2.2283008,85.81702,0.0,39.3347,30.514467,0.0
-20.075712,-72.130905,0.0,-71.96167,26.768791,0.0
40.972374,-67.51211,0.0,-12.679362,11.019995,0.0
-99.34275,-43.00272,0.0,94.73731,53.284058,0.0
-42.063835,91.16107,0.0,-5.2434397,-30.697462,0.0
-73.98538,34.92734,0.0,-69.90967,81.513435,0.0
45.045025,80.300415,0.0,68.95489,6.5862803,0.0
60.009525,80.26078,0.0,24.587439,-65.69361,0.0
-23.443388,90.086975,0.0,-61.848564,-0.59439886,0.0
-36.981026,59.479668,0.0,-27.600935,19.511051,0.0
-16.438278,84.50654,0.0,22.18117,60.327297,0.0
32.19155,4.549071,0.0,0.2276089,48.1485,0.0
67.49949,-71.47857,0.0,-62.751427,11.776184,0.0
21.21194,90.44303,0.0,-59.220886,-22.30149,0.0
-79.06251,18.584166,0.0,63.578396,49.281715,0.0
27.19064,-7.194876,0.0,21.592358,64.35487,0.0
73.140976,22.513964,0.0,73.176216,17.91276,0.0
-97.735245,46.975334,0.0,-24.33951,-72.019615,0.0
98.41597,11.121686,0.0,6.3846827,-27.93053,0.0
54.07919,-28.788448,0.0,21.9493,-39.017002,0.0
-54.082924,-56.49683,0.0,-86.69998,0.42349198,0.0
-13.5106535,-83.85983,0.0,54.834435,-49.379692,0.0
-35.98447,31.735464,0.0,8.694859,-79.38319,0.0
25.680271,59.954163,0.0,-93.65814,21.979923,0.0
28.252913,-99.076584,0.0,94.908295,73.43234,0.0
75.45409,61.44325,0.0,-13.60767,-70.452354,0.0
76.03936,-79.816025,0.0,25.978968,-8.556969,0.0
17.101347,60.18466,0.0,-71.49308,76.4643,0.0
21.638853,-25.191395,0.0,1.5690113,59.697037,0.0
74.651886,-91.68854,0.0,-35.055088,70.07684,0.0
91.98696,-70.21503,0.0,63.650517,-67.216354,0.0
25.854528,-91.65885,0.0,80.98904,-93.57322,0.0
6.991978,-21.122581,0.0,82.909615,70.2504,0.0
18.799131,50.56509,0.0,-45.10071,74.1284,0.0
-58.865486,-67.07314,0.0,-48.26754,-56.130573,0.0
-44.23839,-31.592024,0.0,33.876728,-33.33402,0.0
5.3354745,49.89264,0.0,-8.885123,65.60741,0.0
67.584114,-51.98292,0.0,-2.8320873,98.97369,0.0
27.51432,24.310297,0.0,84.86738,-85.56436,0.0
64.12965,56.01218,0.0,-6.982267,12.74045,0.0
26.580292,-72.90402,0.0,-99.19157,25.284176,0.0
75.47168,68.756226,0.0,-34.028477,8.927816,0.0
-8.480175,74.57586,0.0,-82.796364,-93.91429,0.0
51.441532,-50.76799,0.0,-8.43666,-18.567736,0.0
-49.512238,93.01266,0.0,91.51718,90.970245,0.0
-51.548904,18.637177,0.0,85.17428,-87.8966,0.0
78.486786,60.920547,0.0,-93.31413,-71.7502,0.0
84.89764,66.196014,0.0,-89.79555,-61.113487,0.0
-37.3656,-60.071426,0.0,73.49254,-66.270004,0.0
-76.51965,-30.619709,0.0,78.8995,-97.781296,0.0
-11.526571,-98.30473,0.0,-9.706282,12.795118,0.0
25.122124,78.11063,0.0,-29.992367,69.445404,0.0
-12.4556055,60.28357,0.0,-49.074867,20.88341,0.0
36.56162,20.573198,0.0,-56.7226,76.82096,0.0
-38.838474,-42.024284,0.0,-52.56914,-65.89343,0.0
-14.033583,61.94217,0.0,38.33214,-72.123085,0.0
51.309795,-66.55557,0.0,-39.668114,54.712395,0.0
79.03297,25.680021,0.0,-63.682556,-75.9268,0.0
67.95373,-69.61078,0.0,88.17657,31.49013,0.0
-29.080257,-82.58179,0.0,55.626278,-79.42006,0.0
-41.086952,-64.69448,0.0,77.658775,37.590633,0.0
-93.081505,-18.667166,0.0,-80.48758,82.61043,0.0
70.67614,-24.778852,0.0,-52.095222,56.53848,0.0
60.54654,36.54336,0.0,62.827152,37.92974,0.0
-54.75658,-10.894192,0.0,-50.688427,29.881096,0.0
-86.43117,-92.16443,0.0,-60.73641,-20.86107,0.0
-16.957113,60.015507,0.0,-81.66348,-82.31227,0.0
-12.449824,54.497883,0.0,68.40743,14.197911,0.0
57.611763,31.465088,0.0,-85.559845,22.654839,0.0
-29.40416,68.26918,0.0,9.458237,78.09722,0.0
-85.46688,-60.181316,0.0,-30.435532,24.046974,0.0
-42.277267,0.804343,0.0,73.39965,-71.25595,0.0
-45.61715,23.99467,0.0,-32.667038,78.26933,0.0
-51.964546,30.800755,0.0,-85.07777,-4.2728114,0.0
-45.117275,-65.25624,0.0,-50.9302,-44.736176,0.0
-50.600258,-0.80785555,0.0,-55.316204,34.949184,0.0
29.67707,91.278595,0.0,-39.08391,69.20021,0.0
15.126907,82.02725,0.0,-48.03847,-68.68337,0.0
58.138176,19.177082,0.0,-28.381687,76.84108,0.0
83.097145,-7.676524,0.0,80.008934,71.28313,0.0
34.114697,-85.461464,0.0,-90.65499,-66.399956,0.0
-82.39094,43.671127,0.0,44.612156,-52.937584,0.0
58.244377,74.274475,0.0,-48.46736,-83.81019,0.0
70.27987,44.01764,0.0,-98.42165,-16.542528,0.0
64.18942,-67.403984,0.0,56.046673,35.01012,0.0
-63.06731,-13.859806,0.0,14.035363,60.498714,0.0
-5.760368,23.671438,0.0,-47.803055,69.92247,0.0
-30.596539,-5.5275617,0.0,41.40119,-92.51455,0.0
-67.22318,47.21542,0.0,-40.824142,-55.90848,0.0
-89.75062,60.825428,0.0,-95.9969,24.570328,0.0
68.13449,82.5914,0.0,77.862656,-56.569195,0.0
93.81825,90.87378,0.0,41.918526,-51.99082,0.0
-20.850613,-76.83818,0.0,94.47317,-13.196554,0.0
26.783323,-98.94326,0.0,-80.789925,-73.79184,0.0
49.83382,-46.337734,0.0,9.456854,-65.998436,0.0
89.04994,83.987305,0.0,-11.4629965,58.564655,0.0
43.388535,99.905014,0.0,88.674736,65.24461,0.0
-85.11711,92.5526,0.0,-66.99986,-17.401707,0.0
63.88706,-66.621895,0.0,85.64708,12.067789,0.0
98.99941,-52.838276,0.0,97.52681,95.1331,0.0
-16.784771,-32.28115,0.0,-85.27015,99.213005,0.0
-43.774,39.928177,0.0,80.58088,53.00279,0.0
-38.777172,59.836803,0.0,47.45775,35.53082,0.0
53.657223,-76.91581,0.0,90.23326,-36.85484,0.0
-6.935677,78.92627,0.0,-90.5806,-96.598694,0.0
-90.670784,37.695683,0.0,-75.48664,85.68828,0.0
67.99035,7.6541767,0.0,91.26856,98.30291,0.0
46.892605,-49.76555,0.0,-31.505,-74.65967,0.0
26.019604,-33.669575,0.0,6.404245,98.02347,0.0
-11.093131,-91.21143,0.0,-90.675446,-11.211262,0.0
58.94376,10.2372465,0.0,33.054497,-5.561338,0.0
38.719505,67.910774,0.0,99.840836,92.75299,0.0
79.46182,45.687115,0.0,-53.434032,-88.81687,0.0
-73.79096,29.634792,0.0,10.809534,-70.948685,0.0
-48.136868,65.74221,0.0,-64.54104,-41.706905,0.0
94.25351,43.566986,0.0,-48.495316,-94.10969,0.0
33.418934,-36.87941,0.0,58.088455,-94.627365,0.0
17.143116,97.50243,0.0,99.028114,8.008218,0.0
16.940632,-73.818016,0.0,-60.71013,57.668575,0.0
88.59159,-25.939371,0.0,91.60577,-12.608505,0.0
26.352512,-72.44212,0.0,99.197914,28.684187,0.0
-71.398636,48.37578,0.0,-70.94308,3.0350318,0.0
66.53032,-31.523342,0.0,-23.194536,-31.15083,0.0
-19.169685,59.869812,0.0,40.318268,61.266766,0.0
-5.8650846,-10.604719,0.0,-99.62921,63.57277,0.0
45.824574,-87.861534,0.0,-96.67852,-11.473708,0.0
-36.81486,14.00609,0.0,-26.112997,12.838951,0.0
32.468742,-78.01473,0.0,-3.5293837,-85.95189,0.0
82.39865,-75.72845,0.0,-81.160774,82.31683,0.0
53.44321,55.89321,0.0,-73.59119,-72.77041,0.0
-65.894554,97.990654,0.0,-34.89748,-62.632683,0.0
38.87898,-33.981316,0.0,-73.206924,15.4639015,0.0
99.561035,-23.045109,0.0,-21.755314,47.217873,0.0
98.939995,36.449566,0.0,36.463737,76.120346,0.0
-19.8144,-39.65227,0.0,11.562172,-73.69668,0.0
81.60103,-50.321163,0.0,-2.8980508,3.8126073,0.0
-91.07702,96.794876,0.0,75.92724,31.88549,0.0
-46.229298,-26.310215,0.0,79.06923,33.29261,0.0
-31.90185,96.473755,0.0,91.875984,57.061966,0.0
-29.682882,-63.956898,0.0,98.418655,22.090118,0.0
-7.3307986,-68.40324,0.0,-76.14162,90.70011,0.0
-13.21001,-31.744549,0.0,31.379887,53.450756,0.0
63.54725,96.789986,0.0,-51.32097,-94.80868,0.0
-97.78049,-32.19717,0.0,83.712585,57.15578,0.0
-42.745964,-51.556473,0.0,36.28805,-60.969387,0.0
56.693253,-86.62769,0.0,85.38966,-72.33955,0.0
48.559444,-66.085655,0.0,17.31107,-81.33567,0.0
43.20807,-65.030396,0.0,61.34883,22.849993,0.0
38.691277,-5.8940606,0.0,-59.249916,57.948677,0.0
77.689285,-71.102745,0.0,-98.58959,99.415924,0.0
65.03434,28.318092,0.0,84.91031,40.184814,0.0
-9.499568,14.720253,0.0,90.907036,26.563457,0.0
20.576843,19.194843,0.0,39.085403,86.40406,0.0
-9.513682,4.1707406,0.0,-64.67402,80.56594,0.0
66.83397,78.82832,0.0,-90.74851,-12.448971,0.0
90.90317,62.433117,0.0,-70.97158,82.87012,0.0
-60.1938,99.5297,0.0,70.76212,-93.37708,0.0
-16.697273,-82.23263,0.0,-67.08973,-90.060585,0.0
-31.71523,79.335594,0.0,-17.733955,-74.48952,0.0
46.18037,-55.80991,0.0,76.847534,-57.522808,0.0
15.860611,-67.69982,0.0,96.21197,-90.275116,0.0
-56.141033,-44.23926,0.0,43.00888,78.14539,0.0
79.67706,99.73833,0.0,-45.503204,-62.163525,0.0
-8.205511,83.33603,0.0,-70.3758,91.77292,0.0
69.460686,-59.74611,0.0,86.462135,57.736164,0.0
30.333195,-3.2413554,0.0,39.446625,70.68466,0.0
-85.673,22.300117,0.0,-65.410835,3.1958182,0.0
-47.29051,-75.708824,0.0,-21.52007,-71.73265,0.0
-71.37897,94.285164,0.0,86.84205,-26.56431,0.0
-89.61204,-41.440773,0.0,-45.809143,45.73247,0.0
30.077616,18.91629,0.0,-58.345394,25.410154,0.0
94.17788,-67.32419,0.0,-66.2584,-20.750702,0.0
-34.266968,-73.49013,0.0,-44.873116,-53.77736,0.0
-94.85771,-52.83093,0.0,13.457113,75.207924,0.0
85.109085,-36.84924,0.0,-0.3942651,-98.50532,0.0
70.153046,75.333305,0.0,-57.701576,-9.898733,0.0
63.304043,94.54839,0.0,75.32203,43.984825,0.0
82.25905,63.08975,0.0,32.71726,79.25252,0.0
-93.5985,23.248428,0.0,71.67561,-95.40537,0.0
9.571402,91.9305,0.0,76.32373,23.330217,0.0
-46.167168,42.11489,0.0,77.472496,-48.42897,0.0
25.850094,-14.334957,0.0,-41.30558,-94.644775,0.0
7.3880296,-66.01114,0.0,92.83939,38.84041,0.0
58.919945,-21.81769,0.0,-60.69633,53.67974,0.0
-29.408255,82.54768,0.0,99.78675,54.800858,0.0
51.035027,90.62558,0.0,96.23479,87.269775,0.0
52.825695,-74.18056,0.0,-60.941956,-44.91451,0.0
-98.88953,51.417427,0.0,83.88756,-10.691698,0.0
32.638622,65.04271,0.0,-29.257181,93.17288,0.0
-83.086685,40.158604,0.0,43.262196,-78.935005,0.0
49.091866,-36.7551,0.0,-25.513302,59.571785,0.0
29.889843,2.2591572,0.0,-94.42725,55.663666,0.0
64.00051,81.89464,0.0,37.80012,79.742615,0.0
95.14849,-8.642698,0.0,79.176544,9.6219225,0.0
48.898144,-33.59682,0.0,95.99399,-2.9411142,0.0
71.31939,84.59606,0.0,-40.107822,43.41541,0.0
56.51828,-80.76708,0.0,-87.41689,47.604534,0.0
-58.070187,-70.87093,0.0,21.18182,56.406483,0.0
-7.19147,-96.91335,0.0,18.407906,56.798077,0.0
12.516753,85.83108,0.0,83.56288,43.97679,0.0
-5.091364,-95.03018,0.0,-67.40696,68.70026,0.0
-66.855034,54.21493,0.0,-55.944138,-1.8122715,0.0
-81.81291,84.64476,0.0,37.85586,-74.579475,0.0
-51.922913,52.308186,0.0,14.391292,94.374504,0.0
80.85848,-16.449457,0.0,71.53377,-63.708454,0.0
-33.891056,12.700334,0.0,47.560257,-68.7516,0.0
83.36641,40.815655,0.0,22.31244,-97.59731,0.0
-90.71992,-62.521896,0.0,-61.961575,-3.7505062,0.0
-37.662037,2.4897172,0.0,-54.855396,0.33818746,0.0
-72.53665,35.337845,0.0,12.923172,12.816969,0.0
-59.499813,-13.203226,0.0,-55.74279,-7.4777517,0.0
-79.76437,-82.67541,0.0,-88.820496,-95.158195,0.0
35.775944,22.889921,0.0,-67.90311,65.65378,0.0
-74.40771,63.893353,0.0,-17.644543,-30.421211,0.0
64.103195,-96.192696,0.0,-79.338264,-54.130047,0.0
5.5441575,-37.107918,0.0,-54.88492,93.917854,0.0
83.45146,-60.044594,0.0,74.2398,43.45018,0.0
-53.09845,73.42513,0.0,-75.561165,-86.237175,0.0
-45.00818,87.59771,0.0,30.663046,94.09533,0.0
86.32116,-2.4708903,0.0,-48.773613,-3.4533885,0.0
68.506905,-39.358364,0.0,-14.11042,-5.8588133,0.0
-81.725975,-44.084076,0.0,95.69864,1.0262027,0.0
-59.577545,-64.03144,0.0,11.4214,62.12477,0.0
57.16661,-94.40045,0.0,-86.9115,5.1489177,0.0
8.529621,83.09467,0.0,-40.043957,-6.968023,0.0
-80.21369,41.665024,0.0,9.3331175,23.92872,0.0
72.40934,-48.88314,0.0,36.967697,-17.399483,0.0
-87.053314,-8.801066,0.0,-13.642485,80.779945,0.0
-93.69668,-75.52029,0.0,-99.09719,-1.5115658,0.0
29.896196,95.96243,0.0,99.35231,26.410635,0.0
4.50283,69.61436,0.0,-40.56556,96.0436,0.0
96.88502,-26.918892,0.0,71.96388,-63.229897,0.0
-58.55047,-0.096243516,0.0,62.683544,-56.33969,0.0
-0.009834575,-39.967667,0.0,67.80902,37.75429,0.0
-4.9748516,76.10027,0.0,54.87036,49.89436,0.0
-81.06482,-68.182045,0.0,78.28645,8.589102,0.0
94.76009,8.839736,0.0,-44.952164,41.88777,0.0
51.134804,99.516624,0.0,81.24013,83.32636,0.0
-38.54714,-70.404305,0.0,92.8559,41.8676,0.0
-85.20913,24.255045,0.0,-28.682327,11.786937,0.0
-65.24416,81.12841,0.0,5.3959546,-26.683826,0.0
95.69251,-75.815926,0.0,19.484812,-85.87892,0.0
-43.95132,-78.37715,0.0,-5.1581173,-90.98574,0.0
66.458534,-49.578693,0.0,56.849392,55.558064,0.0
53.40336,-28.317284,0.0,-58.806488,-21.271362,0.0
84.26772,-48.558197,0.0,-34.320183,12.302185,0.0
-3.478585,-66.15395,0.0,-91.19033,-62.174904,0.0
64.85082,-62.465687,0.0,-97.80244,23.295242,0.0
-8.942707,99.972626,0.0,71.2336,-46.523697,0.0
2.6966388,69.93232,0.0,-46.37573,-36.564404,0.0
-38.66688,-49.992474,0.0,-63.50028,56.575863,0.0
14.588524,95.87888,0.0,17.311653,-87.660675,0.0
-88.69065,-41.045757,0.0,-56.74648,77.98144,0.0
99.31369,-30.145947,0.0,-76.11179,-55.938625,0.0
61.887848,38.875237,0.0,38.27603,-44.676678,0.0
43.279877,-63.636143,0.0,-37.19539,-38.94074,0.0
-56.97768,24.09242,0.0,-93.76351,55.062256,0.0
-11.607423,-97.409386,0.0,26.9519,-71.45706,0.0
-57.868313,5.4279556,0.0,-24.747128,-60.203266,0.0
-18.455084,-13.277511,0.0,-96.576805,85.74463,0.0
-72.78898,65.08997,0.0,-34.729702,-69.84801,0.0
-96.62452,-68.040276,0.0,-24.60226,-78.67635,0.0
-53.39279,43.44845,0.0,-72.99524,23.039246,0.0
-73.501114,-97.8249,0.0,-97.39787,85.09122,0.0
-72.02144,69.268814,0.0,61.58548,64.66812,0.0
92.98511,-87.57472,0.0,-74.9688,92.58514,0.0
4.9440126,50.408558,0.0,96.15738,-98.13397,0.0
38.813168,-54.85113,0.0,40.391815,-96.61525,0.0
76.15863,-37.912518,0.0,-53.90671,46.120834,0.0
41.959404,-63.52671,0.0,-54.172157,-24.548698,0.0
-51.96968,-35.295074,0.0,-63.237423,15.387227,0.0
-30.731201,48.93255,0.0,20.374811,-20.050016,0.0
-74.90115,-15.102084,0.0,56.064915,8.208139,0.0
-42.63236,-43.21793,0.0,65.222786,44.86126,0.0
-90.78616,8.77559,0.0,-32.289196,-5.313012,0.0
12.331148,15.968349,0.0,32.389465,-92.484,0.0
84.97196,13.530403,0.0,49.85949,0.12747712,0.0
-58.593773,70.90648,0.0,54.657635,-24.95766,0.0
-34.60401,14.839259,0.0,30.776508,39.85901,0.0
59.7019,73.69359,0.0,-26.44925,15.769393,0.0
-72.04519,-80.628296,0.0,-56.365963,-96.33264,0.0
-36.54489,-81.17303,0.0,98.67833,-3.2924292,0.0
-90.74496,70.72136,0.0,61.930515,-71.89109,0.0
-50.07821,-24.75805,0.0,-63.32457,9.058419,0.0
41.04129,41.87186,0.0,82.420494,-14.932804,0.0
-95.41941,-54.445877,0.0,-17.824564,69.219925,0.0
-87.49398,50.045773,0.0,51.8122,50.491825,0.0
-69.086586,-46.69168,0.0,-81.19006,53.173218,0.0
-88.93218,74.24516,0.0,64.30337,68.24596,0.0
65.49302,-42.691414,0.0,-78.59593,98.09676,0.0
46.19283,-87.215256,0.0,42.370644,-76.22677,0.0
-39.252037,19.832977,0.0,-5.694901,-32.621086,0.0
-55.164948,30.953209,0.0,10.746151,10.049339,0.0
-33.883755,-39.802364,0.0,-59.2126,95.520836,0.0
-98.33946,-50.902412,0.0,24.989298,0.77136195,0.0
57.543076,-29.240871,0.0,88.744934,-44.58232,0.0
-98.07155,9.002609,0.0,96.94625,82.355606,0.0
-50.186592,22.272413,0.0,-51.675884,-54.35532,0.0
-16.566736,86.85411,0.0,-36.5582,-61.283604,0.0
35.026005,19.584904,0.0,-78.17902,56.564526,0.0
33.14482,57.813545,0.0,-92.156166,-22.16001,0.0
55.615543,22.586645,0.0,-32.953854,63.40367,0.0
-36.00118,2.5041893,0.0,19.947191,-89.62233,0.0
-94.69843,27.639479,0.0,72.33953,44.67272,0.0
64.96468,16.002335,0.0,57.31828,19.85935,0.0
-66.76159,-42.456047,0.0,-76.12744,-26.138561,0.0
88.28342,-36.38263,0.0,81.775894,-0.81965244,0.0
74.698494,59.912476,0.0,-48.40604,-62.78745,0.0
-22.223299,-91.05849,0.0,81.3129,15.191168,0.0
-56.68805,7.2652845,0.0,40.30562,-26.125467,0.0
-69.4896,-31.079924,0.0,-5.5065417,88.76197,0.0
-85.724655,-35.022846,0.0,-13.2185955,-39.860245,0.0
-73.36718,38.631096,0.0,-51.776012,-86.659706,0.0
-24.29095,-78.92318,0.0,64.45536,-69.54625,0.0
-94.36641,-19.35756,0.0,-95.96757,-86.986,0.0
71.893166,87.757645,0.0,-55.986458,72.77403,0.0
35.75377,-77.991905,0.0,26.060673,-25.859493,0.0
50.089874,-64.54225,0.0,-92.26417,25.098713,0.0
87.49162,80.056,0.0,-63.336754,50.896675,0.0
76.63196,7.348015,0.0,-3.3305402,91.83975,0.0
-38.09392,-87.35914,0.0,72.413284,16.547016,0.0
21.493696,60.981113,0.0,-85.13277,24.975191,0.0
84.09294,-97.24029,0.0,-30.477446,22.756844,0.0
-48.775513,39.893414,0.0,-54.157215,-59.849285,0.0
47.11911,-68.211754,0.0,-24.01175,71.09535,0.0
95.6395,57.480488,0.0,23.436398,-24.79467,0.0
58.842518,32.06319,0.0,-41.748768,-59.971035,0.0
-51.077637,-34.72523,0.0,-71.08735,-75.53181,0.0
-86.74087,24.86397,0.0,43.42422,69.34117,0.0
42.004547,4.0784497,0.0,-35.075058,24.537558,0.0
-14.008579,71.4187,0.0,51.190376,-75.84833,0.0
-31.944561,-46.81363,0.0,79.52423,-62.157684,0.0
-70.5554,14.394089,0.0,42.40147,-43.279022,0.0
-17.817694,19.56477,0.0,11.532167,78.300125,0.0
66.21908,93.13354,0.0,41.66371,5.415882,0.0
77.83351,-15.999244,0.0,46.811172,22.622032,0.0
-63.7348,95.0382,0.0,17.989357,-67.60842,0.0
-60.36797,-53.165012,0.0,-36.94177,56.086483,0.0
-62.41524,-38.754585,0.0,-13.430469,-77.397285,0.0
60.100243,37.671806,0.0,-37.82066,-4.74806,0.0
67.078094,-23.4493,0.0,-7.7360973,65.661606,0.0
46.747208,79.426094,0.0,-13.487098,-66.713585,0.0
18.050814,65.396614,0.0,-74.03609,-84.75735,0.0
-98.8068,-56.50719,0.0,-74.83276,-65.43321,0.0
-18.64448,92.75601,0.0,-60.58973,60.507584,0.0
98.30195,48.26192,0.0,-20.531878,53.603676,0.0
-93.76817,-30.447662,0.0,88.429695,64.161415,0.0
-83.9393,50.19283,0.0,-89.02893,89.19385,0.0
-80.07997,-95.11717,0.0,-28.438496,61.220528,0.0
-81.2632,-2.7119348,0.0,-11.215468,63.652184,0.0
-35.79604,-46.93519,0.0,30.463839,11.802183,0.0
-8.508188,-11.078124,0.0,32.969456,81.30832,0.0
81.926025,-74.31475,0.0,-74.082924,90.492905,0.0
79.974686,-41.992554,0.0,27.652851,51.2421,0.0
-2.7655404,88.0053,0.0,31.47779,-41.93812,0.0
-88.64259,86.67725,0.0,-49.455555,88.89143,0.0
26.762236,21.076029,0.0,85.67645,-28.875858,0.0
-18.306393,1.6778513,0.0,-55.48536,-87.84288,0.0
64.21111,19.084457,0.0,38.089367,31.307682,0.0
-65.24202,66.40192,0.0,-33.92536,76.40937,0.0
89.31261,17.874985,0.0,-76.02072,-73.679276,0.0
-31.66703,30.632814,0.0,-58.81867,90.5978,0.0
-19.560741,46.942303,0.0,-96.162605,28.22599,0.0
44.635765,-24.854286,0.0,-29.420113,11.543099,0.0
-51.32005,50.16262,0.0,64.830284,-77.465195,0.0
41.32458,-21.82545,0.0,-64.37815,55.25128,0.0
65.27807,40.29982,0.0,-8.131269,-88.97969,0.0
-38.91546,-55.537003,0.0,-89.76624,84.11215,0.0
-67.31986,77.13259,0.0,-79.01888,98.03293,0.0
64.98838,43.657467,0.0,27.5384,-71.44986,0.0
82.38129,35.047718,0.0,-85.71669,-83.87954,0.0
59.744934,26.978422,0.0,-80.631096,-25.709738,0.0
65.35836,-96.38309,0.0,-62.410366,-25.965246,0.0
-45.49047,74.9979,0.0,53.32453,-27.564249,0.0
27.98304,55.081535,0.0,-97.434456,35.967808,0.0
35.30789,-49.336613,0.0,97.28995,-52.88866,0.0
-56.642685,20.411957,0.0,-57.765892,-34.956882,0.0
96.94832,0.45602918,0.0,90.2131,1.0057586,0.0
-41.81278,28.46373,0.0,-61.941803,-12.29334,0.0
-89.79782,39.158234,0.0,44.65755,86.35542,0.0
-38.908115,52.039967,0.0,-92.59955,73.72011,0.0
-14.59716,50.801243,0.0,45.87524,64.32829,0.0
-19.216307,-90.10629,0.0,-52.08435,-79.628365,0.0
-84.386024,16.275454,0.0,-79.92715,59.1537,0.0
-22.474901,19.095974,0.0,44.120415,63.562492,0.0
-59.02555,26.912024,0.0,-27.914629,58.121597,0.0
27.252151,59.80632,0.0,-8.880153,85.77921,0.0
-11.745953,68.43872,0.0,44.611168,31.226992,0.0
21.227556,71.30627,0.0,74.04908,-30.915092,0.0
42.645866,66.38013,0.0,64.15237,51.363453,0.0
-60.038082,54.03234,0.0,-39.69556,81.43517,0.0
18.11112,-93.10005,0.0,63.768486,-61.029438,0.0
87.627655,9.630621,0.0,1.973529,54.881874,0.0
-17.339836,-7.3850904,0.0,-31.715298,48.418587,0.0
97.81819,27.084362,0.0,10.392451,-23.832752,0.0
-88.84172,55.69306,0.0,-60.49114,48.95101,0.0
-72.22139,-12.061828,0.0,78.33542,-90.99398,0.0
6.9751344,-29.780466,0.0,-26.399887,-91.25104,0.0
-8.478065,-20.346216,0.0,91.58745,10.098942,0.0
-19.14824,87.25617,0.0,81.53766,6.1806784,0.0
-72.470146,-32.997868,0.0,-68.08899,83.12393,0.0
-13.458323,-32.607716,0.0,-37.212757,70.54358,0.0
60.0895,62.04079,0.0,25.49135,-9.781434,0.0
-34.526653,36.775257,0.0,-80.20993,-32.48158,0.0
-74.19813,29.342947,0.0,-49.446148,72.26967,0.0
16.816145,49.81667,0.0,32.059082,-17.883356,0.0
78.472305,-56.31162,0.0,88.27854,17.354597,0.0
-40.582905,70.01366,0.0,2.3433454,48.232372,0.0
-40.92061,-74.228455,0.0,18.492447,-63.34618,0.0
91.60177,-30.147287,0.0,-4.6287184,-31.30894,0.0
-64.77068,-10.543553,0.0,-52.997314,73.89665,0.0
-37.0135,-75.11614,0.0,37.547165,-87.47272,0.0
-44.571327,14.642637,0.0,-93.72055,-21.337177,0.0
-76.782,82.28996,0.0,-2.4780898,84.734604,0.0
-89.434074,-8.218622,0.0,57.47481,-39.198044,0.0
18.889132,10.311537,0.0,-60.810593,79.34501,0.0
83.0878,-94.3896,0.0,-89.5986,5.307153,0.0
75.40733,53.69163,0.0,-43.32313,-25.444902,0.0
-42.8883,5.0104656,0.0,13.1026745,-68.0789,0.0
-63.939346,30.272377,0.0,-64.6958,-68.446304,0.0
13.809689,64.30584,0.0,-70.22274,-46.004944,0.0
-20.793663,23.537174,0.0,38.999798,85.115715,0.0
45.697346,79.83132,0.0,-9.6596,19.03377,0.0
-53.916668,-99.70524,0.0,45.868958,93.369095,0.0
-13.6948395,-18.67383,0.0,-89.781395,-85.53486,0.0
-61.541466,-82.59869,0.0,25.44238,-21.173828,0.0
-41.242725,2.1852005,0.0,55.129246,18.982094,0.0
46.241108,-0.48342508,0.0,-62.080482,-77.839714,0.0
-31.169613,-34.13182,0.0,-61.20551,-62.10701,0.0
34.079388,9.999236,0.0,-24.17877,95.08241,0.0
-5.786504,-71.30486,0.0,1.5605716,81.35788,0.0
1.4255413,63.917496,0.0,11.338038,-67.86968,0.0
-61.474945,-50.17803,0.0,-91.68919,-82.5066,0.0
73.14945,-72.34308,0.0,-28.142529,-75.58123,0.0
85.54769,-85.847916,0.0,91.952126,2.7834573,0.0
-99.21616,-47.613384,0.0,76.29139,44.405746,0.0
-32.578815,-41.16941,0.0,-88.98787,99.318504,0.0
83.94716,20.136564,0.0,43.039444,-37.086575,0.0
37.338226,-21.781809,0.0,-32.20393,-6.6253204,0.0
-97.03183,-38.738953,0.0,66.0419,-89.2882,0.0
62.93001,-47.341125,0.0,7.2079515,56.124916,0.0
-86.11661,-98.51594,0.0,82.64884,-18.32267,0.0
-50.327847,-58.64489,0.0,-71.49876,-41.904625,0.0
-89.59838,65.81029,0.0,69.28345,50.645172,0.0
-56.205147,-71.06137,0.0,-81.77476,95.9727,0.0
-23.803825,61.142223,0.0,62.55957,-88.90496,0.0
-11.289452,-18.193928,0.0,-32.47038,-10.776019,0.0
87.85444,-36.974915,0.0,-30.511211,2.0260515,0.0
-49.017727,-45.023186,0.0,9.704006,-28.404097,0.0
-88.47038,12.458854,0.0,30.622372,79.036865,0.0
-44.75748,-10.284067,0.0,38.734753,-21.866486,0.0
-65.58534,-66.584724,0.0,60.229713,16.522234,0.0
-26.80148,98.98831,0.0,64.49504,15.704485,0.0
75.59675,-94.506744,0.0,50.282684,98.64764,0.0
-39.101913,96.58937,0.0,95.323524,-24.55964,0.0
-87.18919,-22.830172,0.0,-78.692215,-67.02151,0.0
-75.97089,97.56963,0.0,92.840744,8.38378,0.0
12.746618,-69.21978,0.0,32.079384,36.774372,0.0
66.52879,-70.86918,0.0,-85.74062,29.87702,0.0
-63.030437,74.9484,0.0,-34.802452,28.511837,0.0
-54.523857,84.71999,0.0,-39.63978,-56.437763,0.0
95.06649,-13.390269,0.0,-96.65119,91.27295,0.0
77.21955,38.530365,0.0,-96.71533,28.561344,0.0
-49.78722,-45.483948,0.0,-59.488785,65.829056,0.0
85.68019,36.591137,0.0,51.25115,-61.167374,0.0
-88.163414,43.583714,0.0,-92.01219,-89.92586,0.0
-79.84804,34.072094,0.0,67.62994,-99.80249,0.0
-77.73714,-57.57492,0.0,-5.381094,93.72276,0.0
-62.505352,40.57799,0.0,9.241292,-94.86951,0.0
-81.75449,73.22343,0.0,91.613815,-4.5171623,0.0
-48.9663,-43.065636,0.0,-63.20348,-0.0062195114,0.0
49.399513,83.85468,0.0,-49.816017,-2.2176528,0.0
-19.302212,71.80394,0.0,47.860313,97.05323,0.0
-54.99643,-15.757544,0.0,55.31876,-71.96134,0.0
88.00314,-80.14947,0.0,-56.85475,-84.08957,0.0
93.55411,65.21007,0.0,49.67921,-68.36231,0.0
59.885086,-35.220016,0.0,-46.044037,-47.62237,0.0
99.030685,79.58507,0.0,-8.273716,61.583153,0.0
-22.706049,-60.37007,0.0,94.6772,-30.721495,0.0
86.366714,-58.165905,0.0,87.389694,11.335703,0.0
35.504868,-88.14677,0.0,33.59353,-97.11701,0.0
-18.068903,-97.9824,0.0,-59.314083,-98.98117,0.0
-32.133907,33.78509,0.0,72.83574,52.0228,0.0
59.97462,12.679019,0.0,-92.66115,-98.78697,0.0
49.05825,-66.55383,0.0,-53.426,32.003124,0.0
65.65528,48.451904,0.0,24.929813,70.91436,0.0
62.670795,63.340263,0.0,93.81739,-23.525723,0.0
41.58965,-51.1721,0.0,61.33864,70.339516,0.0
-12.007735,-67.2567,0.0,-59.40659,-61.818275,0.0
-59.10714,-82.54578,0.0,61.88376,27.13565,0.0
-35.666084,-42.92117,0.0,-69.172615,-15.107156,0.0
-35.1948,-34.065388,0.0,36.822754,-10.100223,0.0
-72.32583,70.01681,0.0,89.67274,-27.750063,0.0
-70.93466,1.1393532,0.0,-87.59171,-85.76887,0.0
-97.8219,-72.16984,0.0,14.517699,67.65322,0.0
45.90301,-76.709114,0.0,30.334929,-8.604776,0.0
-86.33343,46.144276,0.0,-24.894777,-39.434196,0.0
-70.38826,-45.213688,0.0,-33.499813,-69.196465,0.0
52.508514,6.5310946,0.0,53.051117,42.295685,0.0
-32.579018,-36.04705,0.0,-42.337395,94.38765,0.0
42.88577,-35.19701,0.0,-92.757835,20.670172,0.0
-40.66625,2.914527,0.0,24.90603,-6.6974645,0.0
86.711716,46.82679,0.0,-51.400433,-54.97878,0.0
90.96388,-39.34054,0.0,-94.70372,81.70115,0.0
47.268497,-5.490679,0.0,-36.289738,-40.10122,0.0
40.47941,3.0751953,0.0,-46.23672,-74.43296,0.0
-79.073456,-69.51025,0.0,-95.590805,-55.35042,0.0
-69.72559,22.032316,0.0,30.625353,72.4109,0.0
23.103806,-15.995029,0.0,64.68303,63.409264,0.0
-51.425224,48.39615,0.0,3.2431092,9.957205,0.0
-80.51329,-57.4028,0.0,21.243736,-37.80384,0.0
-44.452976,-44.772324,0.0,57.85592,25.046167,0.0
7.9305496,52.28151,0.0,4.559526,88.54565,0.0
10.977798,65.29264,0.0,-41.39042,73.59755,0.0
-37.425003,26.071785,0.0,-23.552952,81.83203,0.0
95.34406,13.743535,0.0,-19.633812,22.163872,0.0
41.416157,-31.20722,0.0,81.46138,58.404343,0.0
43.00351,-35.773304,0.0,-32.859943,-83.61051,0.0
83.1624,98.15374,0.0,86.433044,75.139175,0.0
-26.488937,-63.007774,0.0,42.906075,-27.537361,0.0
82.944115,-39.255524,0.0,76.5489,-48.17258,0.0
25.018307,89.23737,0.0,-89.93542,-87.4185,0.0
16.397898,58.331314,0.0,-23.297592,63.35923,0.0
-4.77893,89.591934,0.0,55.67545,-65.3973,0.0
80.72074,70.92468,0.0,-38.869965,-36.98866,0.0
-80.51354,83.45042,0.0,-21.495996,-84.87485,0.0
92.51823,44.476868,0.0,-19.799772,63.435238,0.0
-94.813515,40.440388,0.0,29.008892,75.624466,0.0
79.89762,-64.93677,0.0,47.72451,-60.583324,0.0
64.56136,40.36953,0.0,-61.707855,40.298397,0.0
-13.516739,86.588005,0.0,-40.280228,1.106572,0.0
-6.6760697,-31.47114,0.0,74.372536,90.77974,0.0
44.56186,-27.820837,0.0,65.24683,-80.295006,0.0
62.283913,76.11762,0.0,72.09452,89.86339,0.0
-9.832124,-77.352394,0.0,96.96824,67.77962,0.0
47.631397,78.880745,0.0,37.920654,58.386524,0.0
72.24849,-77.532555,0.0,53.571934,-93.306435,0.0
24.790623,-87.31994,0.0,46.217613,48.55756,0.0
-77.34432,49.403683,0.0,-9.887048,-66.02555,0.0
-35.009403,43.787403,0.0,-7.547351,-81.18899,0.0
-98.20519,-51.45249,0.0,-53.840866,-86.783775,0.0
44.6526,-10.749122,0.0,84.89347,40.447655,0.0
11.33661,-99.016624,0.0,59.135426,-24.998652,0.0
-37.806408,-89.83672,0.0,51.28971,49.08405,0.0
-16.108662,55.6627,0.0,-6.6610036,45.177563,0.0
-1.2782559,55.985992,0.0,86.61885,-33.12919,0.0
-75.33307,69.191376,0.0,-47.9677,31.740892,0.0
19.648167,92.50712,0.0,-5.4438686,73.38224,0.0
-49.418625,-59.726208,0.0,30.456198,-24.508352,0.0
89.0466,18.640467,0.0,-63.94379,-85.75849,0.0
35.782177,97.3943,0.0,-96.03633,-58.657963,0.0
-28.536957,81.26441,0.0,-92.456215,-32.278553,0.0
96.31046,-81.87479,0.0,92.69732,-8.7663145,0.0
80.80185,53.200886,0.0,-52.851265,-52.86897,0.0
-16.524221,-71.41626,0.0,-68.2006,96.71296,0.0
66.47295,51.936127,0.0,77.24143,-53.80198,0.0
8.607964,45.4687,0.0,-36.50458,-19.87207,0.0
96.28891,2.50649,0.0,80.188126,-50.018494,0.0
43.753128,-25.181072,0.0,-12.023418,-12.32552,0.0
69.00432,63.35054,0.0,27.828348,97.84619,0.0
-57.717022,1.3856249,0.0,-95.97211,-16.434425,0.0
30.252289,98.90239,0.0,-53.64411,87.21226,0.0
36.977386,-99.8824,0.0,0.8271852,54.164497,0.0
94.323654,39.38803,0.0,97.05462,73.0973,0.0
38.547874,58.066383,0.0,-17.977793,2.52839,0.0
-7.2368817,88.09204,0.0,-31.538734,31.64548,0.0
-59.547718,78.925186,0.0,75.21727,95.41538,0.0
12.037281,63.947296,0.0,-42.200592,-55.895344,0.0
-47.221233,8.09676,0.0,-89.36556,30.276936,0.0
51.305614,12.294478,0.0,-41.872883,-89.67172,0.0
81.98959,-37.95369,0.0,-61.22333,2.24097,0.0
-70.29454,99.36575,0.0,-81.100296,-31.72884,0.0
-4.670762,-91.16846,0.0,82.316826,61.89053,0.0
28.841887,65.912155,0.0,-30.283096,39.462765,0.0
2.4008045,-28.16936,0.0,13.222787,-85.46481,0.0
-42.738884,-71.45975,0.0,-89.699875,-78.06388,0.0
95.48999,-47.158978,0.0,-43.52992,46.448215,0.0
81.15769,35.519863,0.0,91.284775,49.30427,0.0
-50.08307,19.790146,0.0,-65.514984,-67.653725,0.0
73.799034,-33.446808,0.0,-69.030365,-91.64347,0.0
28.709686,45.810303,0.0,73.95424,32.8265,0.0
-48.848763,43.716022,0.0,77.842514,84.890854,0.0
-36.15142,-31.570768,0.0,-25.454723,93.98163,0.0
-9.130833,-74.85634,0.0,33.324524,-30.317394,0.0
4.902124,-99.40919,0.0,86.40099,63.149307,0.0
-89.90854,-94.34069,0.0,39.09432,50.07506,0.0
62.232857,95.654785,0.0,10.465502,67.084496,0.0
-11.938399,-32.934986,0.0,67.080086,63.284714,0.0
-94.136604,-15.458147,0.0,57.799866,59.516106,0.0
95.042755,34.67097,0.0,74.84312,-43.44556,0.0
75.16073,-62.14472,0.0,-39.728607,-38.022186,0.0
-40.629593,-69.518616,0.0,-72.38327,-73.54326,0.0
15.305264,61.04054,0.0,84.125275,-31.51102,0.0
70.20088,73.4219,0.0,-67.52289,-57.299175,0.0
-89.20898,99.78326,0.0,-97.22368,10.940651,0.0
32.751163,93.11935,0.0,-96.675285,21.948154,0.0
-2.4967895,-70.70585,0.0,73.541794,-43.170067,0.0
-99.37503,55.08304,0.0,-66.578384,82.81168,0.0
-49.322227,27.717833,0.0,-39.038742,-13.9972315,0.0
-75.15934,88.76094,0.0,-31.791174,42.633755,0.0
-94.60584,47.95943,0.0,40.65959,75.369,0.0
54.67143,-97.65486,0.0,27.691092,24.163963,0.0
61.142906,-34.3641,0.0,-58.188126,-83.06233,0.0
-17.070478,5.0688534,0.0,20.859234,-25.938854,0.0
54.693077,-90.432915,0.0,64.28325,42.774837,0.0
18.98346,-78.46717,0.0,76.28245,88.518394,0.0
-17.008163,8.488084,0.0,21.987816,16.942629,0.0
71.52105,-76.7037,0.0,6.470071,47.89192,0.0
98.01986,-94.853485,0.0,-37.636818,53.875885,0.0
-3.1216097,49.997696,0.0,-20.860174,84.91527,0.0
-37.335865,36.52698,0.0,-58.153862,-98.10764,0.0
47.740864,72.07944,0.0,31.162035,-64.08494,0.0
83.38755,-29.465508,0.0,-77.840935,29.686752,0.0
-21.661043,-69.20513,0.0,-31.235502,22.806244,0.0
-92.94135,49.773445,0.0,7.039619,74.7681,0.0
-31.913866,-92.36059,0.0,-98.9451,-29.523731,0.0
-36.284336,92.044846,0.0,-76.90854,-49.779144,0.0
-58.270744,87.881645,0.0,-4.8860984,94.20436,0.0
-12.035654,8.0553,0.0,-53.373783,-74.16003,0.0
-15.687649,19.442535,0.0,89.449585,-61.42125,0.0
-81.39393,17.853468,0.0,79.890625,85.47328,0.0
-41.54818,-58.113045,0.0,-27.765942,-68.44544,0.0
49.24847,-97.35225,0.0,84.2887,-22.922022,0.0
25.48214,-3.1860487,0.0,47.78731,16.509155,0.0
94.409134,81.95999,0.0,2.601572,51.184322,0.0
-10.544394,15.47813,0.0,69.1512,91.67426,0.0
-39.34283,45.631123,0.0,51.380276,66.54141,0.0
43.26984,19.20394,0.0,88.474884,-96.10608,0.0
-71.64376,24.285192,0.0,-31.527405,-84.40646,0.0
80.21621,-57.395103,0.0,71.44498,-75.45157,0.0
51.372513,-25.646858,0.0,-39.383514,-99.46337,0.0
89.76136,70.5765,0.0,49.47217,82.86711,0.0
74.00654,-90.493286,0.0,80.6368,-40.812504,0.0
33.150543,24.803293,0.0,64.43193,-39.126984,0.0
-28.162739,-39.222794,0.0,-58.45355,65.3505,0.0
-32.48528,-20.711214,0.0,31.745613,-2.6058087,0.0
36.7886,22.962294,0.0,64.32052,-45.930565,0.0
-75.30386,-75.12056,0.0,37.707546,14.861811,0.0
73.07532,-29.662552,0.0,90.98198,-79.56864,0.0
-82.442215,77.14869,0.0,-11.344063,-92.235435,0.0
31.31461,-75.27522,0.0,76.7779,-29.417727,0.0
15.087296,-21.960691,0.0,-33.12516,85.63078,0.0
-57.518402,18.300152,0.0,-55.104046,-99.04478,0.0
-93.02382,-79.06996,0.0,53.134014,12.353158,0.0
24.81178,8.548248,0.0,-47.465527,86.86761,0.0
90.20133,30.475685,0.0,83.92799,-55.790268,0.0
-84.937294,-39.241234,0.0,-25.008995,-78.294495,0.0
67.471954,85.35865,0.0,-88.254196,-16.253016,0.0
-11.09685,20.500862,0.0,93.33345,32.805733,0.0
-77.85438,43.594357,0.0,-76.80077,24.633818,0.0
72.24135,-93.633965,0.0,88.185524,-37.210953,0.0
-20.298164,-80.69868,0.0,-38.932316,-95.23423,0.0
84.63528,-65.1229,0.0,67.62585,-40.33526,0.0
97.61342,-10.26472,0.0,-28.419744,-78.004425,0.0
-78.34321,-4.7131686,0.0,-85.686325,75.98341,0.0
97.43287,-61.94528,0.0,-57.816803,1.3153512,0.0
-4.617954,-95.49914,0.0,39.210342,64.66841,0.0
-53.544334,-75.12036,0.0,78.9206,-26.610645,0.0
-12.359263,12.259288,0.0,95.38858,26.392204,0.0
99.46355,5.568371,0.0,-58.659424,-4.53015,0.0
-5.96011,81.557495,0.0,-74.41777,0.70826566,0.0
55.170116,49.75982,0.0,-57.856625,-71.15286,0.0
-86.82392,-81.29201,0.0,-9.909113,-10.160756,0.0
67.631615,75.74306,0.0,1.8562648,81.19998,0.0
-70.34932,-57.671387,0.0,-55.11176,-78.75191,0.0
-71.80807,87.12801,0.0,48.65104,56.228565,0.0
-92.07079,51.79242,0.0,7.329626,13.363843,0.0
73.74219,54.936054,0.0,-70.07092,44.135525,0.0
-32.152225,-31.291363,0.0,-54.744785,70.93395,0.0
17.745132,-33.762108,0.0,71.3358,-97.37733,0.0
-88.44333,-81.3523,0.0,-28.537695,52.83677,0.0
-77.88637,4.161323,0.0,-34.11961,0.27137193,0.0
77.26929,-94.99907,0.0,-75.95888,90.16876,0.0
33.597446,-4.3221784,0.0,-7.1388397,4.2484756,0.0
-25.625114,23.300665,0.0,37.75306,-18.55684,0.0
27.800953,64.55401,0.0,64.20072,-23.946106,0.0
28.450115,52.22125,0.0,-38.893585,-55.538174,0.0
-90.427635,-4.235252,0.0,-33.965508,-8.377438,0.0
53.69296,10.712541,0.0,34.706314,-99.08188,0.0
71.40693,-44.920395,0.0,30.643377,-56.215385,0.0
-35.568466,-11.241736,0.0,31.606869,6.968756,0.0
-33.85798,-60.136105,0.0,-80.024345,36.922882,0.0
65.13056,-78.62038,0.0,95.3614,57.43568,0.0
72.31807,-94.27366,0.0,87.83185,-91.33225,0.0
77.44994,-10.523205,0.0,-99.88118,-14.365862,0.0
65.602615,16.464409,0.0,74.87311,53.470997,0.0
28.13826,-87.465576,0.0,92.94752,-95.475685,0.0
-27.296179,-64.230965,0.0,42.75137,86.20614,0.0
92.60979,35.046215,0.0,-11.26314,98.80023,0.0
84.317276,-0.7178476,0.0,85.68494,-29.179855,0.0
-54.928158,-15.507856,0.0,87.626045,78.85365,0.0
-96.27811,60.14345,0.0,94.55653,93.00914,0.0
-95.53699,-70.65202,0.0,-45.507366,40.211563,0.0
-58.81172,-82.199486,0.0,-21.408998,-86.603584,0.0
81.1655,-77.759544,0.0,-97.1273,-63.30596,0.0
-9.766352,10.782123,0.0,27.22305,76.22566,0.0
-20.261978,-90.508415,0.0,-21.86478,84.96115,0.0
-50.152718,-85.85155,0.0,-46.12621,-95.870605,0.0
-25.773045,-38.16958,0.0,-36.0789,33.857998,0.0
-21.69255,77.25111,0.0,94.71879,-41.697,0.0
78.503075,-1.2712587,0.0,48.716457,-56.058605,0.0
58.849766,87.450035,0.0,-55.570835,-97.72816,0.0
-88.86672,97.15351,0.0,60.003696,73.76182,0.0
-64.57969,22.543802,0.0,70.30694,92.55048,0.0
-40.12972,45.95253,0.0,-33.607246,-88.97859,0.0
93.570114,39.526455,0.0,-75.798996,-2.8288808,0.0
36.380665,26.42947,0.0,65.679985,8.29106,0.0
52.118015,-54.179256,0.0,84.941284,77.371704,0.0
-98.400795,9.772967,0.0,-87.60422,-31.60695,0.0
-31.576172,-58.342514,0.0,-4.4808,15.779133,0.0
95.085754,-30.614649,0.0,-16.217186,-98.71972,0.0
97.5391,32.073204,0.0,55.441067,-86.99954,0.0
-80.16891,-32.589645,0.0,26.228075,-14.426365,0.0
58.12331,66.50025,0.0,-66.49278,30.515135,0.0
-29.215181,18.15627,0.0,82.19809,57.572853,0.0
-85.36573,-89.87865,0.0,-47.670147,74.97697,0.0
-86.08795,89.584404,0.0,-92.21954,2.5969222,0.0
-9.207381,-6.8992224,0.0,-58.277565,-93.436905,0.0
-42.39067,81.378914,0.0,-77.457344,-87.23999,0.0
-93.72675,-74.38065,0.0,-67.95055,64.88532,0.0
62.93249,94.83906,0.0,-62.278397,-52.896534,0.0
26.086252,91.64111,0.0,50.918655,-93.00571,0.0
56.955887,5.552027,0.0,-52.383713,88.349945,0.0
-26.3093,-30.849554,0.0,74.609665,72.970085,0.0
87.568535,75.680855,0.0,-42.820137,64.094475,0.0
-27.948477,95.46927,0.0,-52.196762,95.74501,0.0
-24.991985,-35.191986,0.0,2.1367712,-19.819588,0.0
72.20533,27.482409,0.0,19.87866,-79.866066,0.0
83.29285,-35.786217,0.0,60.664223,51.399002,0.0
39.85738,-15.873282,0.0,37.651672,43.428677,0.0
62.033577,-30.681196,0.0,-77.81202,-68.04523,0.0
-50.83454,99.9966,0.0,-57.464832,-27.751732,0.0
-14.785244,60.343174,0.0,34.81923,68.78769,0.0
-84.118355,-34.830643,0.0,-10.32998,-62.58568,0.0
-86.899666,88.298874,0.0,8.113902,-32.864258,0.0
82.66832,-70.61697,0.0,10.057277,54.901302,0.0
47.59312,29.290222,0.0,-31.46591,4.0085716,0.0
-59.285145,-68.13313,0.0,-62.27294,36.171577,0.0
-51.399857,-45.539948,0.0,-78.39571,4.2855253,0.0
-41.293167,16.124523,0.0,77.839745,-61.396923,0.0
-71.092575,-72.77399,0.0,-93.708015,21.487194,0.0
19.207104,52.20687,0.0,42.930798,-45.226063,0.0
-50.291718,16.057695,0.0,-27.565405,-62.807648,0.0
4.9746013,-27.032753,0.0,-62.722195,46.918556,0.0
-52.69631,99.265495,0.0,17.168806,-70.0831,0.0
99.127014,-17.738697,0.0,47.995125,-64.93003,0.0
8.5123005,-73.42083,0.0,-24.534634,13.478711,0.0
-34.827072,-35.557606,0.0,-34.588795,74.140175,0.0
6.23075,46.11829,0.0,-81.13518,5.7311606,0.0
40.327705,-13.61974,0.0,58.15012,97.07505,0.0
-89.252846,80.861275,0.0,63.878086,63.70094,0.0
-51.795033,78.94009,0.0,-41.27363,-38.09865,0.0
53.43465,-25.917067,0.0,61.259197,85.86553,0.0
71.695335,-93.09902,0.0,-28.832619,51.87043,0.0
-31.36361,33.976765,0.0,-90.81534,-61.13603,0.0
88.807816,-15.754617,0.0,-13.166735,5.3096805,0.0
-60.009884,83.342705,0.0,27.822315,-27.875814,0.0
-89.06231,43.89923,0.0,-84.592445,-55.19993,0.0
59.37257,40.428802,0.0,-4.533555,-95.08539,0.0
-93.713486,96.926895,0.0,40.851955,74.431786,0.0
-24.825752,49.243908,0.0,-37.27744,-49.87508,0.0
56.834023,-90.59172,0.0,-81.65579,-5.8550344,0.0
-94.26399,71.65097,0.0,23.804522,73.566246,0.0
45.769073,-21.994713,0.0,-83.64895,19.433662,0.0
19.064342,-78.42978,0.0,-14.886232,-87.652664,0.0
35.16352,-41.18299,0.0,93.35193,-82.48458,0.0
-74.113075,66.49457,0.0,57.661846,-96.58474,0.0
39.024017,10.920642,0.0,67.84452,13.685761,0.0
-72.14287,71.10552,0.0,14.175527,68.337326,0.0
20.470345,67.93516,0.0,-15.858099,-15.122475,0.0
-83.328384,-6.1557283,0.0,65.87721,-44.04168,0.0
50.929134,29.048159,0.0,-36.431087,-4.3988132,0.0
32.4848,-47.1773,0.0,33.615677,1.3179381,0.0
-59.97112,11.854779,0.0,64.08651,-88.9509,0.0
29.544012,-94.140114,0.0,23.620596,1.9017782,0.0
78.985146,-7.749396,0.0,89.37709,95.37142,0.0
-0.066541046,-38.646835,0.0,-96.11689,-43.506153,0.0
76.042274,38.904274,0.0,-73.46881,-65.3164,0.0
30.593327,-89.40645,0.0,31.679037,94.597946,0.0
17.412428,-86.54985,0.0,10.345258,12.165181,0.0
-11.3458185,85.51723,0.0,-30.850754,-25.049171,0.0
-64.67582,-22.851324,0.0,-49.223553,-99.448944,0.0
-62.52151,62.240654,0.0,93.690865,98.981125,0.0
-70.76853,-71.03911,0.0,-44.183456,32.20678,0.0
31.331238,-3.6192923,0.0,-20.65661,81.74294,0.0
13.561096,13.815966,0.0,-91.783,88.341064,0.0
-7.488938,69.46553,0.0,-32.961628,-41.665573,0.0
-16.741093,-5.0413423,0.0,67.60795,5.465353,0.0
-70.12405,26.199087,0.0,84.64735,-48.732693,0.0
-23.1004,-88.58824,0.0,79.767456,-93.315414,0.0
-41.414623,23.519865,0.0,38.79673,-57.21424,0.0
22.29815,-61.08686,0.0,62.628506,-61.36581,0.0
-64.03768,-25.630957,0.0,-83.349045,-70.70121,0.0
72.68048,-85.345825,0.0,-69.821266,33.26562,0.0
-39.18811,-32.924393,0.0,-42.076843,86.078804,0.0
73.33148,-22.766228,0.0,58.48837,62.052364,0.0
-93.33,-95.85763,0.0,-28.200064,-74.507065,0.0
39.181477,-10.099778,0.0,-93.446175,-86.18263,0.0
89.4234,8.706759,0.0,-60.218693,-61.692135,0.0
-34.588497,-78.22467,0.0,-98.23375,-18.96091,0.0
61.981403,86.620705,0.0,53.552322,91.45723,0.0
-91.68611,-50.564484,0.0,-42.83092,70.33872,0.0
-32.96455,97.86238,0.0,-47.65311,47.81688,0.0
-7.284672,5.9333854,0.0,93.51366,80.938354,0.0
-23.042717,-65.51938,0.0,-47.052437,-84.95478,0.0
92.443504,92.50502,0.0,-49.753464,63.84439,0.0
76.91964,-48.217613,0.0,86.93588,-79.06183,0.0
-46.959705,-47.525673,0.0,-41.515373,91.2475,0.0
23.494253,-81.4826,0.0,86.27763,-12.813387,0.0
-70.269356,-15.291678,0.0,-55.109726,29.609161,0.0
-34.343487,-47.715565,0.0,47.357185,60.019943,0.0
44.974525,54.54169,0.0,59.04291,90.75104,0.0
35.707603,4.895501,0.0,95.4837,75.63597,0.0
94.678246,41.826443,0.0,37.426216,-27.780216,0.0
52.72846,13.50755,0.0,36.151833,10.344127,0.0
-89.46881,-89.26309,0.0,-1.6423641,17.792908,0.0
-85.0842,73.34473,0.0,20.170265,23.84053,0.0
-35.027637,-7.7752104,0.0,56.29496,91.22393,0.0
43.308426,-62.626846,0.0,86.20709,41.98659,0.0
-65.18282,85.963875,0.0,62.22299,-47.37505,0.0
48.245384,-76.02718,0.0,-56.20666,-90.754745,0.0
30.910093,71.276,0.0,5.5057564,22.792225,0.0
0.48763746,-21.334517,0.0,93.80831,-4.6751533,0.0
4.2126937,58.839653,0.0,85.02341,98.178986,0.0
-5.778225,99.31081,0.0,-68.59952,41.786777,0.0
-14.898866,13.083182,0.0,-95.79817,-93.11374,0.0
-26.434406,60.154087,0.0,5.849502,-35.224693,0.0
-62.28483,15.846125,0.0,67.196594,43.473713,0.0
-7.962867,94.13356,0.0,44.092007,-38.20745,0.0
-40.785652,-88.62812,0.0,24.768919,60.47436,0.0
-97.414536,-35.862793,0.0,66.855484,79.98097,0.0
31.550602,71.58292,0.0,-47.543102,-4.4325433,0.0
99.7353,-71.68249,0.0,37.138832,28.68564,0.0
-11.323247,-15.525791,0.0,-56.24606,11.629488,0.0
-66.18751,-34.63323,0.0,23.193705,14.89247,0.0
0.5083794,15.106773,0.0,10.552845,-22.725069,0.0
86.70038,-93.003624,0.0,53.84624,44.545456,0.0
78.2187,-23.790886,0.0,96.870316,5.9504538,0.0
-72.637764,55.317497,0.0,-12.7373085,82.93802,0.0
17.371456,45.3681,0.0,30.32321,97.617424,0.0
-11.078606,76.26627,0.0,-62.753506,29.409477,0.0
-7.4089327,83.15329,0.0,77.5741,77.181526,0.0
84.94434,-26.29023,0.0,-66.193436,65.04883,0.0
-95.89238,-58.38123,0.0,95.9805,4.6301646,0.0
-51.948067,4.655047,0.0,88.371506,24.624496,0.0
-59.061665,23.668064,0.0,-74.082855,-99.58387,0.0
62.554962,70.82192,0.0,73.58365,56.929516,0.0
-44.69773,63.449173,0.0,-59.76766,-27.434866,0.0
97.35988,-74.07504,0.0,77.60223,87.587776,0.0
92.19519,-56.954422,0.0,-60.514084,77.777145,0.0
-80.37124,93.435524,0.0,39.185726,-21.608517,0.0
-47.95534,-93.212036,0.0,41.72542,71.07045,0.0
-13.512054,60.80185,0.0,-5.122343,-28.437576,0.0
8.3791,74.14002,0.0,43.80332,-91.9222,0.0
-68.94789,-25.985773,0.0,91.38307,-28.71466,0.0
-76.41076,47.768867,0.0,46.90856,-97.694626,0.0
-45.262325,64.675575,0.0,-63.59399,-94.03052,0.0
7.568413,-89.089806,0.0,-63.4519,34.213055,0.0
99.15618,-68.74321,0.0,44.125397,45.01518,0.0
-2.250217,4.4803357,0.0,7.389075,-22.765295,0.0
4.156786,-25.564915,0.0,-66.412285,42.056915,0.0
44.74609,30.557665,0.0,65.96665,-97.78145,0.0
-98.85919,-57.842205,0.0,77.372696,10.974815,0.0
-67.36793,-5.7085967,0.0,10.089117,18.587423,0.0
-65.67125,60.338703,0.0,-51.317085,66.0768,0.0
-10.251849,72.605194,0.0,94.585144,-84.88298,0.0
96.80842,-79.94947,0.0,-34.906796,23.046362,0.0
13.278863,94.76906,0.0,-46.65668,-65.89777,0.0
-19.783997,71.78252,0.0,49.703423,41.10793,0.0
-7.7553344,67.861725,0.0,32.473934,53.717243,0.0
36.943867,-31.463987,0.0,-56.804623,-97.41266,0.0
14.804931,-71.99924,0.0,-91.123764,13.34632,0.0
15.645181,54.48943,0.0,-54.795635,-14.260459,0.0
91.981155,-68.15756,0.0,84.57648,11.920497,0.0
-19.01378,54.281807,0.0,-71.71935,-68.45187,0.0
-40.157784,-88.986374,0.0,80.718956,26.284489,0.0
-25.079489,-79.32852,0.0,39.562397,-86.8027,0.0
-2.8430603,94.66085,0.0,51.66022,-43.973183,0.0
-28.221144,-32.88196,0.0,-81.69005,-16.953161,0.0
-42.536594,-5.050396,0.0,-28.40979,73.525406,0.0
-53.88393,-80.35378,0.0,82.67646,-30.298046,0.0
42.045673,50.262733,0.0,-62.824505,-84.828674,0.0
4.3400655,86.38197,0.0,-7.9095736,-38.272038,0.0
78.03262,-29.607841,0.0,91.815384,-55.553387,0.0
48.760723,22.807823,0.0,4.7565274,-97.153366,0.0
-90.85518,-30.004345,0.0,11.183403,-84.95952,0.0
-42.923428,-55.44061,0.0,-94.10553,24.380217,0.0
-66.282684,-95.21122,0.0,-94.892624,35.430756,0.0
-31.629475,79.42756,0.0,33.036438,-10.45068,0.0
-63.585278,15.138435,0.0,-92.12357,94.494225,0.0
55.016685,15.519614,0.0,88.33706,-16.246275,0.0
63.058037,-29.984665,0.0,21.8796,-73.7668,0.0
-26.90917,-85.59261,0.0,-30.103403,35.958233,0.0
8.974285,13.4911,0.0,-1.165297,64.25576,0.0
25.79291,84.897446,0.0,-9.420024,-39.447758,0.0
-39.86502,-90.38198,0.0,-33.802784,-92.292854,0.0
-29.820213,-70.91191,0.0,49.577255,19.369982,0.0
-2.9071574,-79.47666,0.0,-37.234764,-57.40617,0.0
-90.14493,-59.486034,0.0,-21.645517,24.287212,0.0
-76.65238,-15.17746,0.0,19.899939,-84.73666,0.0
66.02224,27.166246,0.0,7.8059897,-84.0181,0.0
-83.01415,71.870995,0.0,-4.1636314,-68.71763,0.0
65.83259,-84.60949,0.0,-39.993164,-50.781853,0.0
-95.3271,-91.27208,0.0,20.038612,-33.82697,0.0
-2.118947,-78.87213,0.0,27.62653,-84.71192,0.0
55.84468,9.424427,0.0,-61.943394,-38.293007,0.0
54.546844,6.69671,0.0,95.476746,19.55095,0.0
97.906494,-89.00854,0.0,-50.859512,55.740772,0.0
73.70336,16.694147,0.0,-5.8160453,-90.99036,0.0
9.95111,-99.69755,0.0,-1.567955,91.22087,0.0
-5.121684,19.765696,0.0,-50.899647,38.091278,0.0
-58.09387,9.053142,0.0,-39.69487,-3.2520716,0.0
17.397217,91.352844,0.0,58.734833,83.20499,0.0
-26.805735,99.45436,0.0,1.622893,11.700536,0.0
51.01736,-37.4579,0.0,-32.888462,29.724947,0.0
-97.75216,-10.461771,0.0,38.518463,14.319657,0.0
65.6316,32.97283,0.0,-43.551674,-32.333454,0.0
32.198727,70.85479,0.0,-53.14899,94.4481,0.0
-92.76663,46.279182,0.0,-61.398533,-3.3454645,0.0
61.064156,-63.913036,0.0,-99.56969,-4.9799895,0.0
-59.904545,34.182266,0.0,60.61553,51.706757,0.0
-95.85284,74.1067,0.0,-6.8664274,0.82405144,0.0
-33.684036,15.508838,0.0,-98.03079,2.685183,0.0
49.25735,-94.35791,0.0,-16.471497,54.501507,0.0
17.686722,-95.295975,0.0,98.61496,6.062127,0.0
-74.982216,-74.0434,0.0,11.363668,89.275734,0.0
17.235,-36.75291,0.0,28.096241,17.448519,0.0
-55.64209,0.08758115,0.0,65.20772,-74.92377,0.0
-59.7707,-6.6899824,0.0,-85.7968,-53.107807,0.0
-2.9763806,77.41329,0.0,-75.623,81.65554,0.0
89.205086,25.019035,0.0,-89.04172,-96.34653,0.0
-96.74669,-69.98487,0.0,-66.55453,36.858532,0.0
-50.897953,1.5665112,0.0,-77.071754,60.574543,0.0
47.86905,15.17111,0.0,-11.836299,-60.254078,0.0
-83.7863,-5.7804794,0.0,33.299633,29.43016,0.0
-16.282047,-23.156693,0.0,89.89865,-28.353512,0.0
76.68862,-0.195508,0.0,76.52435,-60.654396,0.0
45.587856,-0.70776856,0.0,-12.629862,45.90165,0.0
53.22016,-34.12695,0.0,83.22296,-56.22311,0.0
-40.828136,47.5708,0.0,-73.46025,-37.727654,0.0
-8.42211,-89.34269,0.0,-33.736813,50.909943,0.0
-84.063034,-44.832237,0.0,-79.26343,-7.39206,0.0
86.94569,-77.20607,0.0,-10.538783,22.272911,0.0
-87.39779,69.684105,0.0,-75.32819,-64.83326,0.0
-24.309256,-80.1814,0.0,61.883404,40.306515,0.0
-21.00392,72.401344,0.0,64.35222,-70.73948,0.0
94.75639,-85.13501,0.0,-89.51266,-37.537292,0.0
-79.68136,-37.710037,0.0,40.426624,40.401344,0.0
-38.467884,41.269005,0.0,-46.804134,65.18394,0.0
19.095633,-92.282295,0.0,94.42489,36.231945,0.0
-85.85947,-59.340004,0.0,49.97519,-92.36628,0.0
-85.882034,2.018977,0.0,46.07689,-72.0349,0.0
58.483624,86.312775,0.0,33.55679,80.0735,0.0
33.34131,-36.387985,0.0,-72.05346,58.853634,0.0
25.00834,-74.04854,0.0,-48.326157,77.60408,0.0
-29.358551,51.385277,0.0,56.00835,-97.12025,0.0
73.06429,-73.09445,0.0,-92.46368,-14.374772,0.0
-0.7267477,19.368567,0.0,-33.15122,54.182438,0.0
-90.62063,79.29835,0.0,0.060134754,-64.388824,0.0
37.144253,24.72886,0.0,-95.03278,-79.11621,0.0
81.12411,99.75721,0.0,49.22086,48.310024,0.0
-47.20163,-46.886894,0.0,19.76111,13.904113,0.0
60.90988,58.48931,0.0,48.508717,51.972816,0.0
17.730934,-36.57748,0.0,-89.93139,16.070225,0.0
-83.2452,52.646843,0.0,32.204895,-30.502998,0.0
-52.001957,47.70634,0.0,73.05816,7.2747607,0.0
64.91291,-69.23408,0.0,-17.165783,-28.170576,0.0
48.172535,-31.86297,0.0,82.96817,-32.356686,0.0
38.430824,85.606316,0.0,-95.247154,-58.531033,0.0
90.99851,5.800266,0.0,29.272673,59.1836,0.0
51.199364,-87.15136,0.0,-30.897854,52.684875,0.0
-35.133217,74.97333,0.0,77.89952,64.02017,0.0
-41.02435,-99.62712,0.0,-87.54874,-5.9111214,0.0
-48.929108,50.37615,0.0,-61.819733,-75.0149,0.0
75.801315,18.476664,0.0,-55.772156,-47.02008,0.0
94.612976,4.3821797,0.0,69.92792,81.63398,0.0
-72.86313,-40.771915,0.0,66.84842,29.1865,0.0
-12.218665,19.819792,0.0,20.237091,-99.37202,0.0
89.810265,-10.493093,0.0,38.549755,-22.317549,0.0
-53.09497,98.90262,0.0,-31.629105,6.6503067,0.0
56.61715,-69.37136,0.0,-31.819902,64.16364,0.0
-67.36721,-58.4015,0.0,63.024406,14.272058,0.0
-73.57399,19.285406,0.0,-91.254295,41.525383,0.0
1.9011271,-24.090586,0.0,-58.623135,78.88696,0.0
-61.174862,-62.18967,0.0,25.985762,-18.464931,0.0
77.19214,-93.13107,0.0,47.123543,92.11134,0.0
31.302164,64.50989,0.0,-16.914852,77.05054,0.0
-70.253136,52.80029,0.0,26.577185,63.37921,0.0
-63.74349,91.96232,0.0,60.275753,-53.59302,0.0
-41.329315,5.094066,0.0,39.56656,80.052826,0.0
-34.050453,79.28369,0.0,-58.563263,25.022076,0.0
10.398265,-32.53055,0.0,-50.90672,-85.79053,0.0
53.91031,96.32312,0.0,-72.18493,-55.49599,0.0
-97.01041,68.00578,0.0,-96.91404,-7.255449,0.0
-22.249422,-77.11371,0.0,42.029377,91.098656,0.0
79.43101,-55.30932,0.0,81.1612,31.889544,0.0
-17.544056,86.945984,0.0,-49.824177,-75.91053,0.0
29.68259,-39.853394,0.0,98.782135,-3.7481577,0.0
-79.20925,14.259502,0.0,-50.25734,41.87629,0.0
41.380024,13.603131,0.0,-10.272599,98.32913,0.0
14.862603,23.877476,0.0,-45.243343,51.72117,0.0
-50.676514,33.672142,0.0,48.029884,-10.374262,0.0
91.97865,53.24832,0.0,39.187763,16.15156,0.0
78.45396,76.03145,0.0,-3.1834028,50.22641,0.0
-76.95975,51.18893,0.0,19.94507,-23.651182,0.0
59.17513,-69.69387,0.0,-13.656068,60.760876,0.0
-2.9780436,-96.65686,0.0,75.654396,9.773972,0.0
-19.903448,80.98699,0.0,-33.835712,-75.243324,0.0
-28.810625,63.528946,0.0,-60.808582,96.95163,0.0
59.182972,-36.200924,0.0,43.190933,-60.84055,0.0
64.85126,-26.064163,0.0,66.3194,-52.388775,0.0
89.313,14.977337,0.0,67.13265,93.02825,0.0
63.20005,-56.497395,0.0,-31.30398,43.956787,0.0
-62.403496,94.5206,0.0,-8.168139,-78.33948,0.0
-50.58013,6.75145,0.0,-26.193897,18.25958,0.0
-73.76137,91.43867,0.0,-16.76573,5.465973,0.0
23.75795,83.441795,0.0,-82.13893,-48.848316,0.0
72.38319,88.39603,0.0,98.335045,-32.785473,0.0
-59.248714,87.58477,0.0,-77.416824,-2.2252343,0.0
37.87766,96.70987,0.0,42.753643,3.2857718,0.0
-17.154196,-33.158707,0.0,-57.51631,23.6897,0.0
-51.15357,61.58433,0.0,-39.039024,-50.53676,0.0
-30.931837,-23.05837,0.0,-12.499663,67.261925,0.0
-24.788054,-73.317825,0.0,87.85381,-3.7677195,0.0
-66.12632,34.392933,0.0,-97.61772,61.285244,0.0
-12.998049,82.295296,0.0,46.476105,-85.260735,0.0
56.815475,44.292606,0.0,-81.455574,-96.07803,0.0
65.05137,-81.31991,0.0,-40.96431,78.856834,0.0
-3.876645,-87.203964,0.0,-26.56301,86.37034,0.0
98.23199,-28.129038,0.0,-30.294325,-47.3734,0.0
-28.252268,-25.981976,0.0,86.09647,-66.892525,0.0
87.30316,72.52106,0.0,-87.259026,-88.25841,0.0
67.36666,42.878513,0.0,47.0341,-80.174706,0.0
77.94159,88.84633,0.0,-5.597944,17.401493,0.0
-79.796234,84.34446,0.0,40.92217,-75.61891,0.0
-40.95073,-8.122487,0.0,55.08882,5.218237,0.0
-77.53283,-8.629955,0.0,94.005035,70.564285,0.0
50.129536,-41.97787,0.0,2.724522,-19.566399,0.0
-24.363369,19.621037,0.0,-65.95404,-35.563557,0.0
-64.572,21.856102,0.0,82.435745,-86.13418,0.0
-61.763515,31.6385,0.0,-60.052113,-89.40513,0.0
-68.99531,92.44504,0.0,99.27341,29.689102,0.0
-69.14291,-55.61829,0.0,-19.349915,86.07927,0.0
94.33328,17.25117,0.0,-84.06095,-95.25595,0.0
-62.223846,63.215134,0.0,65.87401,-62.701637,0.0
-89.72641,-48.721535,0.0,-77.071815,-8.341276,0.0
72.404236,-69.941414,0.0,85.801155,-12.267669,0.0
-54.122654,42.195656,0.0,-90.21393,-5.94863,0.0
45.245136,-92.163246,0.0,6.188742,13.062798,0.0
80.78502,-65.89736,0.0,-54.58065,24.570019,0.0
-68.52676,-95.7963,0.0,-45.543453,-56.790718,0.0
31.767689,69.256966,0.0,-8.398186,-13.98282,0.0
9.997434,-85.727776,0.0,31.438799,-55.695915,0.0
40.932323,-64.34983,0.0,76.018654,-53.45974,0.0
-63.04395,74.08408,0.0,-70.749825,-12.25275,0.0
73.80637,36.12283,0.0,59.07499,-26.891134,0.0
-56.94887,0.76076055,0.0,-98.75408,20.40372,0.0
-45.065266,-19.401403,0.0,-19.48118,-36.263733,0.0
-17.726637,9.7410555,0.0,-94.52912,-10.998179,0.0
-21.431477,10.401909,0.0,-19.717693,-91.0213,0.0
-66.146324,44.485115,0.0,48.79944,32.657883,0.0
63.31587,26.190338,0.0,-41.613926,-97.452866,0.0
-53.752567,-33.104294,0.0,-78.902115,1.6946918,0.0
83.55268,24.391298,0.0,56.84547,11.715568,0.0
89.89908,99.34676,0.0,-24.951769,19.802525,0.0
-57.60385,67.99412,0.0,74.61474,39.216007,0.0
63.121014,80.35446,0.0,42.959564,31.968554,0.0
-4.527023,99.40461,0.0,-18.324066,-63.534153,0.0
63.134544,-97.887665,0.0,-86.521675,59.76408,0.0
-79.501,-22.489498,0.0,90.70439,57.913963,0.0
-0.39016253,-29.206255,0.0,38.7106,-6.6165824,0.0
-95.19756,27.289007,0.0,11.846171,79.94722,0.0
-38.79501,33.193626,0.0,48.912292,-42.23278,0.0
-77.58049,-12.373097,0.0,-18.36809,80.657974,0.0
-44.02047,36.810078,0.0,-14.273663,-23.27425,0.0
72.357124,89.2231,0.0,28.79991,-18.253166,0.0
77.318306,4.0158534,0.0,-95.42714,45.7319,0.0
29.71623,-94.731384,0.0,14.785617,53.4221,0.0
-94.74386,-17.742214,0.0,-67.89254,-63.94383,0.0
-13.606072,-86.956696,0.0,43.45773,-3.8216727,0.0
75.65641,60.808765,0.0,44.375782,9.230149,0.0
-51.02247,-6.0972447,0.0,-20.357626,58.870907,0.0
-34.202614,-6.22351,0.0,-35.91767,-45.624844,0.0
46.177246,3.1672835,0.0,-47.415085,0.68389976,0.0
33.55607,90.86614,0.0,91.323875,17.181877,0.0
75.085434,-33.8791,0.0,-92.41114,80.065025,0.0
40.92512,-32.413868,0.0,-79.023346,-87.6115,0.0
-68.69122,-26.490047,0.0,-71.76631,7.808307,0.0
69.12727,7.643162,0.0,93.70538,48.79845,0.0
1.9067178,82.14318,0.0,-48.64542,37.421535,0.0
93.73176,82.81283,0.0,-99.39311,42.198902,0.0
64.61759,-87.85367,0.0,77.3381,-93.14073,0.0
-55.991905,-20.006289,0.0,-60.918446,-48.761654,0.0
-68.81475,-49.290047,0.0,-82.19678,-45.652298,0.0
-96.64654,16.484531,0.0,53.196278,-50.9463,0.0
-17.917559,7.4344525,0.0,-7.2585773,-92.109055,0.0
97.169624,-38.19357,0.0,85.966675,21.308527,0.0
-12.445705,-32.50412,0.0,-54.426804,90.33583,0.0
-22.414648,69.5233,0.0,85.99269,87.549446,0.0
-26.5041,-96.84477,0.0,76.29726,-81.664825,0.0
-87.20287,74.60376,0.0,-32.792496,-1.4368767,0.0
43.13038,40.74225,0.0,-43.328465,-78.23558,0.0
38.53482,27.775387,0.0,75.13098,-26.921484,0.0
-6.71902,97.02204,0.0,51.545246,22.330667,0.0
-76.226135,79.54793,0.0,-79.71983,64.594536,0.0
94.6724,54.274452,0.0,-49.11815,-85.66226,0.0
-30.160954,73.623405,0.0,23.288675,-70.54721,0.0
11.804447,-39.63804,0.0,-13.2654915,-84.91028,0.0
-80.26998,21.886131,0.0,-61.713894,8.628488,0.0
-66.36732,82.3408,0.0,30.260221,-92.892235,0.0
46.369957,-56.797813,0.0,-53.752716,12.090891,0.0
-61.03233,-87.002014,0.0,48.33793,-25.830877,0.0
-31.554893,96.276665,0.0,25.93672,-16.76781,0.0
6.183211,59.327595,0.0,-30.967894,-26.472633,0.0
-77.52925,88.63871,0.0,-92.163864,23.5325,0.0
-85.97931,-67.05064,0.0,-62.947033,0.5546674,0.0
95.082405,-4.291375,0.0,-42.013897,80.01615,0.0
88.23325,68.42291,0.0,-97.15798,-50.26026,0.0
91.83478,4.8927474,0.0,-47.85719,-94.64505,0.0
-77.28909,-28.28428,0.0,-65.3935,4.1958933,0.0
-76.46488,97.84277,0.0,-94.370544,14.157285,0.0
-42.915737,-11.485254,0.0,-39.986286,97.74033,0.0
-49.706932,86.848755,0.0,-64.623184,-49.671284,0.0
-67.99581,-19.188755,0.0,9.107684,99.43491,0.0
98.56009,-72.0936,0.0,52.919037,82.630455,0.0
-35.01717,54.326916,0.0,56.264477,10.982361,0.0
90.24495,-63.938034,0.0,-91.524185,-21.394928,0.0
52.28364,31.576906,0.0,26.329126,60.116146,0.0
-46.360928,54.94273,0.0,-83.10096,48.61269,0.0
-68.52548,-56.125507,0.0,-60.87888,-25.646416,0.0
-89.16819,30.509588,0.0,-89.60254,-87.73765,0.0
-79.66351,-6.2774396,0.0,-65.502975,10.310546,0.0
-95.47126,-0.62562233,0.0,45.35775,98.6818,0.0
42.61553,-46.271164,0.0,-66.2528,-84.943756,0.0
1.4440421,15.502508,0.0,-52.941917,59.812717,0.0
61.60533,73.030304,0.0,-95.96208,5.140383,0.0
48.5413,-14.901332,0.0,-30.813002,-25.792248,0.0
-14.153981,56.59107,0.0,-49.872494,-7.505861,0.0
63.873745,96.48297,0.0,60.409073,-53.42309,0.0
92.79209,-45.85713,0.0,-20.032574,-70.34251,0.0
68.40311,-31.623737,0.0,91.52726,-58.10631,0.0
82.74373,36.084625,0.0,81.38671,58.1249,0.0
-96.43718,-37.826366,0.0,16.548452,8.823534,0.0
41.889824,-52.21519,0.0,43.25777,-58.38066,0.0
24.968454,19.385029,0.0,-68.11476,26.913366,0.0
36.91347,-96.90243,0.0,26.232414,66.46112,0.0
-68.19841,14.139687,0.0,24.006172,-95.7478,0.0
98.20607,-94.29605,0.0,-1.3379865,-62.258656,0.0
-81.87143,89.79928,0.0,35.768665,55.846867,0.0
31.902153,-59.02914,0.0,-36.813316,40.595768,0.0
-9.733755,79.692665,0.0,-40.18379,-22.527483,0.0
-87.818954,-27.021713,0.0,-97.40908,39.86796,0.0
7.8115935,-80.21329,0.0,-30.08238,1.4587454,0.0
-77.31505,-27.606155,0.0,-79.842255,-92.34516,0.0
-46.48827,-11.965514,0.0,86.36983,33.80301,0.0
-99.4762,-43.44343,0.0,-58.005188,95.31644,0.0
-70.66287,-8.47564,0.0,1.3708891,82.09214,0.0
87.82919,-99.40548,0.0,-18.569323,2.0904233,0.0
-93.79339,-22.137041,0.0,-16.385036,-87.65354,0.0
58.335655,65.64517,0.0,-28.990585,69.777,0.0
70.285286,88.49158,0.0,99.46412,-43.564266,0.0
42.926014,34.00895,0.0,45.104935,-74.698715,0.0
-76.50954,-60.627575,0.0,-98.62549,-0.78881955,0.0
69.88407,-83.47652,0.0,-23.20628,-33.837772,0.0
93.18143,-65.17379,0.0,7.5997257,53.515568,0.0
69.886024,-22.143843,0.0,-91.099495,-1.4707612,0.0
70.44785,73.0517,0.0,-21.172974,-61.105164,0.0
12.358292,78.26868,0.0,71.2965,56.08232,0.0
71.604645,99.52566,0.0,-51.700703,-91.92983,0.0
-28.563612,-39.01114,0.0,24.959246,11.323746,0.0
52.144695,94.62379,0.0,7.5415764,-28.036045,0.0
53.504124,77.50148,0.0,95.21062,-79.67517,0.0
54.03302,59.962185,0.0,-97.93179,82.98799,0.0
-55.247154,-46.524204,0.0,93.71684,8.041321,0.0
-29.439981,48.559227,0.0,36.325184,29.948257,0.0
-64.93592,25.295086,0.0,-62.525795,81.300446,0.0
-48.376312,82.4195,0.0,44.044216,-59.63861,0.0
49.78448,84.62054,0.0,-99.39723,-86.667915,0.0
70.91992,77.13367,0.0,-35.602234,31.364199,0.0
-75.53897,-69.46482,0.0,24.16417,-87.36813,0.0
33.613777,32.946377,0.0,-88.26851,-23.161755,0.0
-86.201996,99.16048,0.0,-42.238007,-70.1464,0.0
86.57921,51.808895,0.0,-37.76544,-43.91011,0.0
-83.84876,7.968218,0.0,-62.987526,-98.60796,0.0
32.249832,57.632133,0.0,11.891982,80.48992,0.0
-7.619737,-23.00487,0.0,-2.2474418,-36.619553,0.0
27.498396,90.04784,0.0,37.669376,-43.353428,0.0
-39.69361,-1.2425891,0.0,56.01381,72.16948,0.0
-88.38067,-88.03056,0.0,-25.87972,-61.007206,0.0
47.0967,-49.608246,0.0,-97.278885,-78.75852,0.0
39.29756,44.013077,0.0,87.61645,-74.421074,0.0
83.97884,-14.631439,0.0,-41.317818,27.932848,0.0
18.954767,69.54615,0.0,-43.011547,-65.195595,0.0
-91.5026,0.5174213,0.0,47.026043,-64.551445,0.0
55.310673,44.71558,0.0,84.033356,-59.00817,0.0
-23.236612,-28.86573,0.0,28.20304,3.4344707,0.0
-49.218285,21.148376,0.0,-22.80696,-97.24507,0.0
-5.242553,-3.09253,0.0,43.407616,-27.606203,0.0
-44.01214,-51.575848,0.0,-96.40931,-30.68355,0.0
-96.99199,-31.592602,0.0,-94.074066,-68.31196,0.0
-60.291428,-1.034309,0.0,48.462048,54.082363,0.0
41.76938,72.02755,0.0,-50.6197,6.057204,0.0
-46.985294,13.933695,0.0,42.056187,33.675014,0.0
8.904346,89.86058,0.0,-55.864105,-91.174995,0.0
28.136055,71.45744,0.0,-81.60514,-25.44504,0.0
-8.594529,62.917305,0.0,-37.73547,15.073642,0.0
-32.190536,-27.222538,0.0,-94.164,-20.86411,0.0
69.093216,52.90259,0.0,-72.04606,14.801099,0.0
-74.80334,-14.489386,0.0,36.567352,-11.614099,0.0
-3.9612577,94.3629,0.0,-46.25437,22.457098,0.0
-93.724686,-99.66682,0.0,96.75218,-92.03062,0.0
-32.395916,82.667145,0.0,-86.12155,-4.297732,0.0
27.60946,84.427704,0.0,-19.680893,-6.2427254,0.0
-30.455875,29.40459,0.0,27.622011,-4.485292,0.0
5.4488873,23.684622,0.0,-38.459663,65.229706,0.0
88.93928,91.744644,0.0,99.42604,-50.941742,0.0
77.81419,63.594868,0.0,29.428537,-6.750375,0.0
20.36623,-82.84357,0.0,65.55213,35.812756,0.0
-5.7834287,-20.409391,0.0,-37.97056,-9.732654,0.0
82.84297,-22.444103,0.0,80.67695,-7.1534076,0.0
-71.73838,20.895561,0.0,-53.787754,18.879301,0.0
-59.468616,-11.569177,0.0,-88.63189,95.69889,0.0
21.538506,59.475124,0.0,-27.10732,17.49303,0.0
-66.75989,72.34113,0.0,69.76452,-26.69961,0.0
-82.09513,8.753525,0.0,35.538345,98.34107,0.0
-0.14231458,-22.238184,0.0,-55.238968,24.215067,0.0
58.59631,11.964129,0.0,-27.982027,71.38928,0.0
-15.127843,-85.77656,0.0,-74.624054,10.459912,0.0
11.660577,46.13984,0.0,-81.46663,83.08034,0.0
-99.348076,-6.4065714,0.0,-85.53547,-12.735109,0.0
-90.48006,-92.780785,0.0,69.42272,38.904854,0.0
-38.141327,-88.013916,0.0,-52.79448,-46.86605,0.0
-34.563553,92.04601,0.0,58.81352,-62.572025,0.0
-59.514435,-93.88679,0.0,-8.962018,23.29082,0.0
11.9662695,-79.44014,0.0,-51.660343,-0.08790016,0.0
80.66043,-76.51679,0.0,86.70549,55.897408,0.0
48.97645,32.028706,0.0,-45.895275,-75.573,0.0
97.58992,57.107582,0.0,-35.746784,-28.313131,0.0
61.76968,-55.147995,0.0,74.14428,-26.408077,0.0
49.955364,89.60395,0.0,-12.180284,-11.200068,0.0
-85.94284,56.548378,0.0,50.30665,-42.637196,0.0
-61.707882,-32.862537,0.0,8.302154,-87.42506,0.0
-65.33892,-24.950417,0.0,55.124725,97.68031,0.0
20.264845,-64.97953,0.0,41.260063,-66.79926,0.0
-80.848305,-93.098495,0.0,-57.707706,-92.78391,0.0
35.991196,25.406105,0.0,91.849846,-97.27671,0.0
-79.06783,3.6215851,0.0,51.74613,75.84857,0.0
-95.95417,77.013245,0.0,-11.052292,85.03904,0.0
-6.4084153,-22.229279,0.0,77.47619,56.525032,0.0
57.584213,-55.739487,0.0,45.08599,63.02227,0.0
59.080612,32.873936,0.0,-64.23871,0.12473536,0.0
84.20923,36.51153,0.0,90.075066,11.984308,0.0
-41.527107,-95.461205,0.0,-80.355705,-49.878338,0.0
-15.858322,97.48194,0.0,-79.10813,92.38436,0.0
-53.93978,36.059982,0.0,50.490284,6.0598383,0.0
91.26869,94.34611,0.0,-42.856846,40.31722,0.0
7.7746396,-32.32948,0.0,75.64092,-66.04057,0.0
18.587994,16.017248,0.0,-81.70263,75.49217,0.0
16.314144,-18.931862,0.0,-43.036743,-9.898727,0.0
91.25059,-80.71967,0.0,50.647842,-34.720512,0.0
-33.376293,50.024387,0.0,66.644264,-24.204935,0.0
94.97934,-76.691185,0.0,54.614162,-26.353964,0.0
-63.054344,57.786377,0.0,38.022755,-19.744984,0.0
-76.14386,-88.582085,0.0,-88.87086,-13.003575,0.0
40.668186,-59.504288,0.0,33.65189,-63.504734,0.0
-23.096294,-67.0271,0.0,-30.266418,22.430717,0.0
39.045895,-93.92417,0.0,-19.459251,-38.80977,0.0
41.72377,0.25556904,0.0,61.97029,-82.1024,0.0
-32.834778,-27.589258,0.0,-8.18108,65.284035,0.0
99.30442,-40.235954,0.0,-35.076553,-63.44522,0.0
2.0334938,-69.97641,0.0,-75.293396,-12.788222,0.0
-7.854979,-67.11963,0.0,19.672766,57.17872,0.0
-61.669163,83.100266,0.0,-99.19292,-5.461735,0.0
-82.049194,1.2000657,0.0,-50.11985,33.590378,0.0
95.36015,-3.6976657,0.0,-53.40528,86.375244,0.0
77.58506,67.96881,0.0,86.68075,-20.893578,0.0
-69.327774,-81.093025,0.0,-61.596497,-1.7165363,0.0
42.32005,98.82663,0.0,2.3574476,77.29073,0.0
58.236546,95.16037,0.0,-21.17941,53.359695,0.0
-26.352846,52.66612,0.0,-44.687004,87.20582,0.0
-75.67889,-28.645798,0.0,45.741467,47.32759,0.0
52.769695,-20.414076,0.0,88.468506,-33.613403,0.0
-75.16095,-13.605464,0.0,96.25969,-49.97006,0.0
-66.02819,47.035725,0.0,-64.60194,73.40277,0.0
37.882584,-21.084942,0.0,4.8945932,-70.85783,0.0
-56.166958,34.89066,0.0,-38.55694,-11.013337,0.0
41.022453,0.63966906,0.0,-97.738266,22.531185,0.0
-17.13395,-83.78136,0.0,-88.93776,84.47298,0.0
-94.46728,-91.58842,0.0,92.43797,-68.51083,0.0
61.50584,21.8047,0.0,46.381725,95.61407,0.0
-13.037065,21.9197,0.0,-62.66534,60.397617,0.0
-82.03807,-90.66002,0.0,98.89115,-36.465473,0.0
-8.60431,10.591949,0.0,-80.55105,-93.80081,0.0
-81.11181,-66.389,0.0,-37.588863,-78.043594,0.0
62.184624,72.44309,0.0,8.439266,-66.69424,0.0
-19.233437,56.53189,0.0,95.70947,-81.043686,0.0
-68.90954,19.188324,0.0,-49.891113,-33.231586,0.0
2.3922095,-75.15633,0.0,-18.258478,86.74344,0.0
39.7968,91.788246,0.0,30.206387,55.029,0.0
35.926884,9.181648,0.0,-78.2023,46.329018,0.0
42.45895,-44.621525,0.0,-16.00755,66.41219,0.0
-81.61643,76.529724,0.0,93.152,43.877647,0.0
30.640675,-57.383602,0.0,9.41866,59.284508,0.0
-0.7238331,-63.205906,0.0,-26.331032,-64.888275,0.0
-77.25266,72.54299,0.0,14.435374,17.73551,0.0
-28.135584,81.18318,0.0,32.393612,20.874935,0.0
-64.705956,42.764835,0.0,-50.65573,56.522675,0.0
42.183846,98.4357,0.0,-86.62229,48.492794,0.0
4.032704,70.4363,0.0,10.381366,12.187592,0.0
72.09015,63.246437,0.0,53.198326,-38.125526,0.0
76.87309,60.874496,0.0,58.37218,-27.69298,0.0
98.526764,-92.19211,0.0,53.164234,16.896973,0.0
42.003914,-42.860355,0.0,36.040936,-3.030603,0.0
-2.7196636,-16.533827,0.0,58.81942,-51.379257,0.0
73.042046,-48.569008,0.0,96.33177,20.999136,0.0
-8.826326,11.549023,0.0,37.245,-52.257263,0.0
97.35204,97.101524,0.0,-61.21317,-97.835945,0.0
12.5303545,-21.615978,0.0,-48.114376,-20.508003,0.0
0.77660567,98.65061,0.0,-12.9113035,4.9292192,0.0
-6.54446,91.73734,0.0,-57.6245,-87.63423,0.0
77.83803,-1.2296194,0.0,88.99829,-3.2306561,0.0
-11.983287,9.100527,0.0,54.537487,-31.803547,0.0
91.25838,-24.664711,0.0,-32.151863,-87.51373,0.0
76.07418,-96.11087,0.0,39.203644,79.41506,0.0
-59.430267,46.433666,0.0,-10.086666,90.325066,0.0
17.514563,-20.758343,0.0,-7.418547,62.864784,0.0
-59.535427,-79.469406,0.0,4.19679,97.64299,0.0
-88.80475,16.827242,0.0,-89.646645,71.308304,0.0
49.318443,-82.106636,0.0,-17.60102,23.655737,0.0
-73.5553,-6.41497,0.0,72.3619,75.4638,0.0
-75.14561,-39.247154,0.0,-71.94865,43.98826,0.0
-77.4736,49.991497,0.0,-34.902225,-18.029451,0.0
-91.25499,-27.990334,0.0,-67.61345,6.238959,0.0
-17.537851,-37.39541,0.0,-96.99358,26.361341,0.0
24.983248,-11.583858,0.0,-68.73503,-13.458523,0.0
4.6781826,-77.04623,0.0,72.02795,44.56286,0.0
-82.297714,40.695374,0.0,19.17337,72.35372,0.0
14.776262,20.270397,0.0,-90.159615,85.55943,0.0
-23.527142,75.44288,0.0,13.579646,46.61471,0.0
12.727581,-89.72649,0.0,-49.884895,53.316196,0.0
-99.54861,18.818493,0.0,-61.867477,72.79267,0.0
17.575848,55.87968,0.0,-86.613846,-55.441647,0.0
-81.59062,24.815382,0.0,47.45893,-50.018867,0.0
63.76406,-91.46433,0.0,-36.82242,2.1984248,0.0
26.394949,50.80066,0.0,15.656629,89.11077,0.0
-56.905476,99.75418,0.0,-88.38499,62.069878,0.0
73.10114,63.10471,0.0,-90.78167,51.24407,0.0
-10.894676,-88.65399,0.0,86.53284,0.6858309,0.0
70.69348,-48.103954,0.0,-0.9993309,-67.91876,0.0
-46.841106,-55.830036,0.0,-29.979284,60.95188,0.0
-53.677597,47.282463,0.0,68.05091,-97.257034,0.0
88.75959,13.768437,0.0,-56.053326,-11.723382,0.0
-66.35771,-4.750594,0.0,-7.478431,-15.081217,0.0
-75.64624,49.40293,0.0,69.29722,99.88316,0.0
21.605415,-31.323578,0.0,-31.36667,28.96077,0.0
0.5049939,-64.70129,0.0,-45.31885,49.145775,0.0
-5.353135,75.85578,0.0,-74.44562,-55.544735,0.0
-95.874306,-21.564909,0.0,59.463463,31.116117,0.0
-95.366425,-5.077552,0.0,-49.69195,73.491234,0.0
-37.502403,-88.62868,0.0,-80.053,-34.463993,0.0
-15.204445,-32.03783,0.0,56.82859,60.8576,0.0
21.6986,-73.49853,0.0,76.93982,-86.00697,0.0
-71.59874,25.895716,0.0,75.78226,89.537224,0.0
-4.386324,88.74785,0.0,-93.819435,-82.16643,0.0
-85.00669,14.18824,0.0,70.13212,-37.57837,0.0
-83.38755,44.55435,0.0,-87.91772,-41.43773,0.0
2.0467377,17.611702,0.0,74.51469,-52.842762,0.0
-33.88422,44.93635,0.0,-78.57355,3.9590173,0.0
6.2136083,80.1031,0.0,-12.876036,3.2631938,0.0
-14.671861,-9.772832,0.0,61.03639,-22.555115,0.0
-93.52119,85.444214,0.0,67.88205,97.38553,0.0
34.872917,91.58438,0.0,-75.24996,-33.956223,0.0
-68.17899,44.702503,0.0,80.92408,-63.283512,0.0
91.475464,-23.01235,0.0,-51.68493,-87.84673,0.0
-88.55352,26.223574,0.0,71.50075,-73.48996,0.0
35.04434,-66.77924,0.0,60.88701,-71.47026,0.0
-40.022854,-57.232224,0.0,-92.443405,-91.39721,0.0
-65.76083,40.21736,0.0,-15.835783,21.934744,0.0
-25.729992,-99.03558,0.0,-6.0514617,70.110054,0.0
-6.1937246,0.84538627,0.0,-10.966003,-66.38965,0.0
-99.49565,-24.98821,0.0,-77.6862,-16.76247,0.0
-80.61431,58.705387,0.0,-14.814845,60.227745,0.0
-43.505024,34.306004,0.0,-56.794228,-0.07425096,0.0
-2.0158513,62.180016,0.0,87.97965,98.78157,0.0
-26.863216,91.6179,0.0,36.96068,3.9482768,0.0
-51.20165,7.5726147,0.0,92.8864,37.568565,0.0
17.686531,-30.45429,0.0,-77.42144,-52.37205,0.0
42.491554,20.437338,0.0,15.868042,-36.592594,0.0
-10.477841,-36.18153,0.0,-48.90476,-82.39597,0.0
-76.21173,-31.354448,0.0,-76.46931,-14.783539,0.0
45.875786,-87.048386,0.0,-57.65106,69.701645,0.0
-93.53416,-29.695103,0.0,79.773796,-35.264397,0.0
54.306656,-91.66179,0.0,-89.28924,85.69893,0.0
55.698986,-25.10448,0.0,-52.185596,63.81266,0.0
-39.660484,69.93668,0.0,46.653805,-98.67795,0.0
-20.110104,55.44518,0.0,-85.649765,80.9347,0.0
-51.656494,-46.946754,0.0,54.11113,-45.677578,0.0
53.161167,-79.5248,0.0,-62.355915,-46.871716,0.0
-33.590168,37.93677,0.0,54.660496,63.327736,0.0
71.88749,33.18762,0.0,53.075935,96.29308,0.0
-83.48345,64.590805,0.0,-52.260586,-37.214813,0.0
-80.22379,66.36249,0.0,36.958855,6.4309773,0.0
82.911705,8.504952,0.0,-14.613272,-33.696857,0.0
10.405167,-38.1626,0.0,-69.361206,-51.78239,0.0
-53.642586,87.925644,0.0,-1.2027102,-74.991356,0.0
49.591854,-71.89309,0.0,12.791592,82.984245,0.0
26.893232,-6.1711,0.0,-55.135162,38.421837,0.0
45.19339,-87.82408,0.0,-66.91644,-63.172703,0.0
-15.422069,10.188097,0.0,2.597197,63.231453,0.0
83.95954,-4.6985536,0.0,66.54769,10.898761,0.0
43.97516,91.83282,0.0,4.04802,-80.09387,0.0
31.68081,-68.842155,0.0,-54.784565,11.687745,0.0
95.43348,49.27152,0.0,53.782642,-23.291689,0.0
33.84381,-3.2394898,0.0,-16.322094,-28.43775,0.0
-31.101921,63.622395,0.0,2.5532572,62.860683,0.0
45.504684,-46.996685,0.0,-76.55998,-17.51093,0.0
39.723522,83.21166,0.0,25.858568,77.92618,0.0
68.2001,52.991783,0.0,97.11937,-23.300344,0.0
2.504216,-37.98132,0.0,-39.539597,-20.068201,0.0
-69.01615,1.3847904,0.0,89.361,13.187107,0.0
-44.810635,-85.79866,0.0,-31.54907,-33.983685,0.0
37.338608,-96.70992,0.0,-26.122705,-72.77353,0.0
81.03717,23.836933,0.0,4.502342,68.78971,0.0
96.20957,86.02732,0.0,-47.71982,-37.007496,0.0
-92.68934,-39.079865,0.0,92.47306,-3.649812,0.0
-22.861404,17.716772,0.0,-12.872597,-63.003136,0.0
-45.754284,24.684753,0.0,75.91961,-49.050224,0.0
-58.95685,-2.9823463,0.0,85.27153,37.582752,0.0
-43.166256,-71.75948,0.0,52.559387,12.93819,0.0
75.29211,76.813805,0.0,26.223461,22.519573,0.0
-58.889458,45.498035,0.0,39.15248,20.081123,0.0
31.114807,29.479548,0.0,-43.058205,10.366669,0.0
14.784606,-68.25016,0.0,3.508357,-20.843206,0.0
-53.429157,63.157425,0.0,77.88304,10.318223,0.0
30.59552,-62.101482,0.0,80.5991,-34.729202,0.0
4.2797947,-34.842545,0.0,-58.557972,69.23896,0.0
-3.5848875,-37.371593,0.0,-95.11153,-88.16771,0.0
40.33648,73.58328,0.0,-69.41792,61.1434,0.0
1.4713881,82.358536,0.0,76.84532,-19.167604,0.0
-58.70927,-28.25914,0.0,38.534973,97.959526,0.0
97.8457,-1.6679411,0.0,32.454597,0.19388735,0.0
-84.56049,47.004673,0.0,-92.72378,-22.676493,0.0
-32.461452,66.42333,0.0,-50.467495,26.709879,0.0
69.7855,41.067936,0.0,23.97016,60.41576,0.0
-80.30459,51.99536,0.0,68.28337,36.34306,0.0
66.786705,-85.09794,0.0,54.98648,-55.46217,0.0
-72.207924,-9.708233,0.0,-23.024107,56.546967,0.0
70.50039,28.101826,0.0,-66.83796,64.71518,0.0
42.09866,-38.34332,0.0,99.67629,-99.92006,0.0
-51.348362,76.48434,0.0,33.137203,-9.732976,0.0
-42.452217,45.83649,0.0,-41.52389,82.54497,0.0
-93.92422,-64.3126,0.0,44.299416,18.171724,0.0
-5.912618,-19.880655,0.0,-66.26823,-29.212107,0.0
64.62105,37.922787,0.0,-13.205841,23.745667,0.0
-47.629128,16.200804,0.0,86.933,2.298964,0.0
-10.062091,97.44477,0.0,-95.34293,-23.936928,0.0
5.4804893,-76.45364,0.0,-11.2929535,-39.81716,0.0
49.63738,95.27971,0.0,-93.593315,-86.50277,0.0
-40.58495,22.279732,0.0,-31.331106,25.715586,0.0
-18.316261,-39.67929,0.0,-83.95514,87.886734,0.0
79.348236,-39.280388,0.0,43.77989,-92.90703,0.0
69.32876,58.363213,0.0,56.41592,56.621628,0.0
7.052976,98.79829,0.0,15.885148,85.49166,0.0
-87.98966,-41.693035,0.0,-21.518955,63.28878,0.0
-92.75095,-27.594067,0.0,-56.078213,13.052081,0.0
74.55926,59.397533,0.0,2.995957,-73.85305,0.0
87.91545,26.959085,0.0,76.22885,20.478167,0.0
-89.40424,-84.32231,0.0,-95.84718,-25.833183,0.0
-22.013912,63.421993,0.0,46.542107,-15.438963,0.0
38.099133,-78.13176,0.0,76.850945,21.278725,0.0
-7.352262,99.61318,0.0,-76.7128,-42.93572,0.0
-67.05234,80.76497,0.0,-69.847824,-61.355873,0.0
9.075324,-79.22965,0.0,-23.123161,-83.30505,0.0
-8.994556,-76.322464,0.0,-43.164055,57.054195,0.0
-5.7751436,95.55969,0.0,41.767967,-25.173552,0.0
-37.094788,73.042175,0.0,83.35294,-72.688095,0.0
30.9254,79.59785,0.0,18.005499,19.526608,0.0
49.685585,-50.674187,0.0,-45.44983,-2.524259,0.0
92.5995,59.11289,0.0,40.158363,-87.94854,0.0
87.03315,-9.473912,0.0,34.919888,92.25561,0.0
6.839716,-34.7008,0.0,-28.293045,90.41972,0.0
91.3745,-88.955414,0.0,35.294544,-37.879475,0.0
92.058395,65.02379,0.0,-37.8166,22.608133,0.0
30.939646,-90.35694,0.0,-54.237167,89.78468,0.0
41.09289,94.93696,0.0,-10.720777,75.01922,0.0
-58.968094,92.20471,0.0,96.92816,-43.859646,0.0
97.672134,59.60404,0.0,-94.444466,-95.330795,0.0
80.72205,13.3730955,0.0,36.294987,43.108616,0.0
1.685888,67.68204,0.0,96.34338,98.8762,0.0
-29.665752,-67.449585,0.0,-8.469466,19.1322,0.0
48.542015,46.882374,0.0,-1.1267276,12.160472,0.0
31.64884,55.847115,0.0,-35.971222,44.889545,0.0
68.964966,-91.62126,0.0,-14.043671,72.805695,0.0
24.830044,-87.958115,0.0,-75.415695,88.93623,0.0
-24.076052,-94.11748,0.0,-72.21862,-95.78495,0.0
93.68025,69.901794,0.0,16.806644,53.32865,0.0
-14.653235,14.360686,0.0,-52.403427,98.98793,0.0
96.30224,-62.642025,0.0,56.003902,-64.56901,0.0
58.69082,-41.89804,0.0,-80.40123,11.164844,0.0
-98.99704,8.169537,0.0,-2.338832,-15.890758,0.0
-70.97635,-76.80537,0.0,1.5821599,46.404465,0.0
-12.341662,-16.57478,0.0,-7.6100955,-5.793226,0.0
-97.85588,-43.63681,0.0,39.308487,92.2428,0.0
43.569,19.577824,0.0,63.01475,78.38326,0.0
1.0109296,99.05596,0.0,99.34005,-5.1493645,0.0
89.38161,-9.478072,0.0,6.086689,74.2085,0.0
-68.03375,-66.78912,0.0,83.34262,98.021355,0.0
78.46893,1.1887767,0.0,21.867464,-17.360634,0.0
52.729725,15.093374,0.0,65.25826,-74.48629,0.0
37.865868,-36.84711,0.0,-16.435663,8.878929,0.0
90.729614,-0.63996303,0.0,86.50391,-30.089077,0.0
-75.59527,-14.516916,0.0,-56.690536,-60.668068,0.0
-74.47406,46.84063,0.0,-33.290306,-37.196205,0.0
-71.53671,-98.34926,0.0,21.738256,-85.1452,0.0
-85.02816,-11.578994,0.0,-3.195097,-93.45102,0.0
-82.75554,14.056373,0.0,-7.077269,68.72633,0.0
92.024864,-89.53121,0.0,64.64596,20.14416,0.0
36.28969,89.987656,0.0,2.2223382,-30.423256,0.0
-96.79905,-36.880363,0.0,51.90761,73.421486,0.0
82.07762,-28.431747,0.0,-40.027863,-68.39387,0.0
20.738607,-70.203835,0.0,68.55591,8.980637,0.0
-1.7301793,74.4931,0.0,42.41269,15.9923935,0.0
-47.27565,90.094604,0.0,41.461117,-0.8994258,0.0
74.61749,-85.149345,0.0,70.0058,56.30554,0.0
60.38587,72.77512,0.0,-30.914064,66.22569,0.0
-30.73367,-19.87097,0.0,-35.215466,83.67983,0.0
-90.35162,-7.7731957,0.0,-92.86872,20.877771,0.0
-21.464735,-95.48773,0.0,56.257706,97.99132,0.0
34.959286,50.689938,0.0,-50.83923,34.77308,0.0
-36.89249,34.623848,0.0,97.474144,-30.04283,0.0
10.6404085,45.844135,0.0,-41.07595,-88.30771,0.0
-50.873684,-78.14411,0.0,58.876842,-80.206276,0.0
-68.45654,84.68716,0.0,-14.453343,-20.761211,0.0
61.01806,64.59676,0.0,86.5421,8.850797,0.0
66.101006,69.13774,0.0,40.881844,-85.37164,0.0
98.57412,-35.325123,0.0,86.74781,-52.71777,0.0
-38.16338,-54.413322,0.0,57.589573,-81.49384,0.0
-10.99376,83.961685,0.0,96.38099,-98.906235,0.0
90.12033,4.388462,0.0,-89.28181,-24.471964,0.0
0.88826627,87.35031,0.0,38.40145,1.7887461,0.0
-32.458508,30.003872,0.0,-16.004234,-98.78044,0.0
-73.088,3.7339506,0.0,-93.08285,22.369825,0.0
19.657799,60.69865,0.0,26.921288,62.47668,0.0
81.54471,57.012516,0.0,45.402164,38.5265,0.0
94.18804,-64.5693,0.0,44.41321,-91.942894,0.0
80.07079,67.92494,0.0,-49.280212,-60.311142,0.0
83.01744,58.026714,0.0,56.449284,43.942734,0.0
62.41926,17.322111,0.0,71.46083,25.424208,0.0
-76.66322,67.41922,0.0,80.2033,-93.29133,0.0
90.18942,-91.78072,0.0,-70.37587,-47.117146,0.0
66.151695,66.40509,0.0,31.059828,-49.80052,0.0
24.68379,-31.398674,0.0,59.837914,24.485048,0.0
66.083595,-78.318665,0.0,30.500566,-58.652554,0.0
14.889877,66.554634,0.0,-63.43761,73.4322,0.0
-47.976097,7.2920346,0.0,8.039493,-35.04915,0.0
98.05637,-50.869568,0.0,35.920116,92.88599,0.0
2.0777075,-82.108894,0.0,-25.808952,-68.40896,0.0
26.672033,-90.41899,0.0,-94.3628,-43.698494,0.0
58.8293,-74.816826,0.0,87.532326,-90.334076,0.0
-96.106865,31.176785,0.0,60.88974,23.580826,0.0
-34.84521,66.43377,0.0,-15.806452,-97.843285,0.0
-69.15854,-89.935135,0.0,95.3495,-51.597546,0.0
-60.50399,25.460976,0.0,-94.18371,37.441586,0.0
-10.119679,-82.74313,0.0,-46.877026,-44.220814,0.0
68.685555,52.348537,0.0,-88.34056,99.68424,0.0
-84.876045,62.154266,0.0,5.0499797,-85.71656,0.0
66.880615,-96.086586,0.0,-99.21491,-72.64159,0.0
-83.81169,-96.08812,0.0,-38.66091,-93.92862,0.0
81.479485,-17.705587,0.0,-38.040718,97.8247,0.0
58.737595,-83.94987,0.0,99.66168,-46.94896,0.0
42.946598,-85.93091,0.0,20.105618,-62.031063,0.0
-91.91873,83.62236,0.0,43.24145,-85.11915,0.0
24.691645,84.292984,0.0,-78.82806,16.673578,0.0
97.46017,-38.963303,0.0,5.88921,63.545647,0.0
-49.43601,-48.44047,0.0,-80.86291,-0.2691902,0.0
-21.759985,89.545074,0.0,-7.796428,45.064434,0.0
95.033035,83.18542,0.0,-20.73987,-29.62672,0.0
23.491833,78.76696,0.0,-6.7883587,-28.599209,0.0
50.73285,70.36037,0.0,56.957035,-36.916676,0.0
97.46399,-56.05475,0.0,25.869202,88.91663,0.0
-80.47086,94.36355,0.0,89.1799,81.19212,0.0
-69.9542,65.52079,0.0,10.996832,-73.915565,0.0
-82.33165,18.174507,0.0,-27.315266,-92.97493,0.0
-65.34857,37.080536,0.0,-6.7413197,-6.3336687,0.0
-10.788552,-37.581615,0.0,-46.28918,-13.71886,0.0
-47.288616,15.3663845,0.0,4.849664,50.01752,0.0
77.78989,60.147305,0.0,-47.87659,49.66901,0.0
80.01176,-7.147878,0.0,3.6372914,56.06115,0.0
-11.012696,-13.122183,0.0,-59.745865,-49.17088,0.0
25.206331,-68.01685,0.0,-94.53193,68.706345,0.0
98.94476,-39.978615,0.0,-5.292279,-7.6364164,0.0
-30.502033,94.069305,0.0,-43.38981,-17.820732,0.0
92.08035,49.428562,0.0,-44.19259,47.247593,0.0
-42.208813,67.55872,0.0,1.07696,-17.353046,0.0
-35.310246,-95.07548,0.0,7.5018687,-63.98963,0.0
-70.6996,-22.94476,0.0,-97.20165,-83.92206,0.0
-59.444393,47.79265,0.0,28.101595,15.275793,0.0
-57.297886,47.270863,0.0,49.001472,-29.982374,0.0
36.969498,89.60992,0.0,52.45376,-66.37634,0.0
-93.33988,2.2997117,0.0,79.55812,92.238716,0.0
40.24722,-43.779026,0.0,-84.825615,-66.0428,0.0
24.24406,-87.21559,0.0,97.06865,-43.695904,0.0
-73.1404,24.348598,0.0,-50.58057,61.124123,0.0
18.301636,90.64992,0.0,-22.252396,-62.979664,0.0
-9.229703,81.392296,0.0,-94.009186,-23.95044,0.0
-52.507484,46.605145,0.0,-84.46074,-57.273262,0.0
-86.33565,60.849976,0.0,-36.0861,38.352757,0.0
-79.98571,85.66916,0.0,-47.097694,57.237236,0.0
49.847958,54.53443,0.0,-42.348755,23.47838,0.0
-91.31628,44.616543,0.0,49.65357,40.440384,0.0
97.14263,75.5751,0.0,98.37196,-89.06849,0.0
-47.99974,-15.9349785,0.0,54.99604,-71.239784,0.0
66.1492,-95.281494,0.0,94.48977,22.8264,0.0
-17.041475,19.78862,0.0,-7.7330875,-39.552834,0.0
-85.678566,26.087975,0.0,93.175415,-22.69553,0.0
36.418633,-52.739223,0.0,46.614277,-8.351563,0.0
-57.298233,-91.3447,0.0,-80.26465,33.305878,0.0
70.80917,74.21454,0.0,-39.64799,25.735554,0.0
-92.92511,-7.496967,0.0,27.8113,-83.279785,0.0
-73.22542,40.204525,0.0,24.513674,15.849989,0.0
47.578743,-15.195103,0.0,-98.677345,-12.844243,0.0
24.607962,21.442331,0.0,69.297615,-33.61417,0.0
-62.4956,26.526087,0.0,-19.50454,-34.981655,0.0
68.247894,-23.620878,0.0,-52.30664,74.36985,0.0
-11.335996,-65.547035,0.0,45.999657,-63.0976,0.0
-60.609833,-38.84812,0.0,94.30596,34.684937,0.0
76.90446,-60.233517,0.0,-70.91386,71.023346,0.0
35.783382,29.739935,0.0,84.90603,41.537888,0.0
-18.572603,-32.536438,0.0,36.91768,20.487047,0.0
91.18195,41.143322,0.0,86.43501,18.578756,0.0
-85.49181,93.88336,0.0,85.232414,-92.19825,0.0
85.64151,86.87327,0.0,-40.335735,-56.087166,0.0
57.54422,15.211092,0.0,94.74077,90.28184,0.0
-65.392265,-50.924423,0.0,69.847046,-20.586346,0.0
41.07978,23.954473,0.0,77.80116,-67.493004,0.0
39.767735,83.988014,0.0,-97.84549,13.871188,0.0
67.06593,76.13399,0.0,-48.6045,54.684406,0.0
49.159542,-62.699883,0.0,-52.89711,58.596447,0.0
67.26403,61.981483,0.0,-83.7885,-7.4798083,0.0
-53.076244,-93.7053,0.0,9.667005,-38.139137,0.0
-28.719051,49.530365,0.0,10.138111,63.358673,0.0
55.454197,24.49266,0.0,44.36318,90.5311,0.0
40.134796,12.041125,0.0,-44.650616,73.208984,0.0
71.003586,28.469273,0.0,-84.6362,-36.71451,0.0
21.118744,-78.21804,0.0,-3.9510076,53.43843,0.0
35.52245,3.2000182,0.0,38.325325,-68.07198,0.0
97.4081,-94.40033,0.0,-11.121229,-14.427014,0.0
-47.04525,54.57738,0.0,30.784208,-8.372121,0.0
-60.877445,-72.76554,0.0,-91.884995,94.19935,0.0
74.29002,-85.53193,0.0,-33.455837,31.259571,0.0
-4.8036594,98.754616,0.0,45.780422,90.49826,0.0
36.533356,-80.89034,0.0,82.13515,36.234367,0.0
40.922916,-76.60455,0.0,-76.50265,28.938776,0.0
79.91998,-2.1131175,0.0,55.597073,68.76246,0.0
-3.3702862,5.3861375,0.0,88.53114,26.967606,0.0
-72.10204,-62.21042,0.0,-7.7576857,95.890526,0.0
-91.47712,-11.465824,0.0,-91.72463,86.5293,0.0
-51.0875,-82.50274,0.0,-56.118908,-78.83519,0.0
8.876762,86.38207,0.0,79.49649,18.705618,0.0
38.726635,-97.49393,0.0,42.24874,97.7515,0.0
-49.638573,-17.65121,0.0,-17.163567,-8.293378,0.0
79.35487,26.1875,0.0,-3.50801,16.534332,0.0
40.59062,-36.656227,0.0,-40.85841,-12.017442,0.0
37.288837,-97.83649,0.0,42.262978,50.27073,0.0
68.43587,-73.23868,0.0,-62.506126,-8.355276,0.0
-24.084469,90.245056,0.0,83.56737,-53.836517,0.0
-97.24676,-51.127064,0.0,-84.45662,36.167168,0.0
36.071312,97.302025,0.0,-92.252914,47.952427,0.0
-37.18204,-31.01005,0.0,-87.507416,45.132668,0.0
49.076595,-85.254585,0.0,88.933914,-40.651306,0.0
33.400494,-22.021334,0.0,74.27814,-42.44582,0.0
-35.475983,40.3298,0.0,-98.77662,71.64719,0.0
-56.25702,-14.764672,0.0,-47.970047,-59.838757,0.0
-68.37771,3.7445958,0.0,27.294096,47.904804,0.0
5.9513545,84.43567,0.0,93.93895,-48.071186,0.0
44.39634,-41.335827,0.0,29.16491,53.8164,0.0
63.273445,50.086044,0.0,12.200968,-76.78646,0.0
60.166843,80.161896,0.0,-65.32248,-98.73171,0.0
-36.74025,-32.172626,0.0,49.678986,4.312657,0.0
-69.26299,72.323395,0.0,31.728079,72.325,0.0
63.41237,13.591223,0.0,45.67811,80.15298,0.0
58.516262,52.479107,0.0,63.319183,95.476166,0.0
49.22557,-60.538258,0.0,-21.886263,-80.374275,0.0
-99.29089,52.385696,0.0,30.776484,97.04421,0.0
-26.506384,55.52822,0.0,-41.707447,-64.88615,0.0
86.009125,-83.67219,0.0,-75.1393,68.23139,0.0
57.385723,-46.649696,0.0,75.13043,99.1289,0.0
-86.073395,-30.13421,0.0,-33.100105,96.34714,0.0
79.632195,42.810673,0.0,-99.00371,91.73511,0.0
63.85448,75.18137,0.0,-86.01992,5.4511313,0.0
33.790634,-31.69431,0.0,-35.27237,81.52691,0.0
39.14041,-69.461075,0.0,-23.744665,-61.52859,0.0
70.51527,-62.931953,0.0,-36.72203,-27.219173,0.0
-12.074246,80.70756,0.0,-16.21649,-33.01418,0.0
39.556538,80.063515,0.0,-94.74957,10.270445,0.0
-75.01841,96.70609,0.0,98.28348,9.68707,0.0
-97.16873,-6.112378,0.0,-60.7502,4.557961,0.0
-53.567688,98.17677,0.0,-30.452238,-87.03975,0.0
-12.606706,63.48888,0.0,-55.60142,-23.949926,0.0
-21.50396,-26.664902,0.0,52.89032,70.128174,0.0
5.429111,96.35084,0.0,-81.35216,-17.359562,0.0
-39.779293,-91.92919,0.0,74.481094,6.935855,0.0
-72.03559,65.27986,0.0,-87.86794,-72.9389,0.0
-69.65142,19.5616,0.0,32.94784,-16.133064,0.0
94.96955,-78.031944,0.0,55.33806,-34.214413,0.0
80.244804,-74.77946,0.0,-21.408241,70.28775,0.0
91.78204,51.729218,0.0,55.32528,-21.523552,0.0
-73.65713,28.121544,0.0,-36.94265,-32.444317,0.0
-94.28853,-40.408245,0.0,-83.49815,-86.3881,0.0
64.87932,55.031754,0.0,-21.573158,60.259705,0.0
-80.461975,71.8109,0.0,78.83892,47.378838,0.0
55.42938,11.680855,0.0,-15.155599,81.270874,0.0
72.7444,6.829043,0.0,-93.47104,-38.104004,0.0
31.451899,26.382824,0.0,-65.84535,30.138166,0.0
-76.79182,-12.536687,0.0,-4.623473,54.140667,0.0
38.843815,-59.888012,0.0,10.468803,-62.16543,0.0
-87.7194,-50.58667,0.0,75.109566,79.79821,0.0
64.101425,27.471407,0.0,-79.391556,-15.687319,0.0
-60.048653,-87.9752,0.0,75.4794,-15.647676,0.0
-56.403793,92.792206,0.0,56.336826,-54.417294,0.0
-91.67956,33.25888,0.0,-59.69106,-70.497154,0.0
19.360594,73.06469,0.0,-40.503925,-23.494568,0.0
-62.455616,-59.468243,0.0,86.899956,-67.21023,0.0
-91.086464,66.127106,0.0,-85.02187,-22.210936,0.0
78.07558,-54.56681,0.0,-57.598843,-46.856445,0.0
-83.61492,-10.972959,0.0,-85.32007,-34.042686,0.0
58.333138,45.998413,0.0,-48.98606,-66.64687,0.0
-28.311062,12.290568,0.0,-40.05329,-40.303455,0.0
-24.674885,97.19373,0.0,-82.125046,-76.17471,0.0
-53.856808,-88.45781,0.0,64.82174,72.20515,0.0
-47.41507,61.957237,0.0,-99.19002,30.748066,0.0
-86.91692,-10.865231,0.0,-86.49999,-4.231292,0.0
-61.687027,-46.790867,0.0,66.65751,77.69515,0.0
-42.853714,73.89183,0.0,-85.5456,75.17714,0.0
43.724625,-8.247572,0.0,10.987689,-68.27109,0.0
84.164955,40.805798,0.0,27.380438,6.305214,0.0
72.7793,41.63864,0.0,-32.284603,39.626354,0.0
-83.92338,31.8006,0.0,50.577854,66.124855,0.0
-76.96465,-32.267174,0.0,41.733337,-52.93235,0.0
59.085022,97.5137,0.0,-42.22748,75.42025,0.0
-38.67779,33.178844,0.0,-23.156324,-78.0469,0.0
43.549164,-93.084656,0.0,-33.479755,-26.293125,0.0
96.92491,40.474457,0.0,28.013237,93.39678,0.0
21.574303,-33.492104,0.0,62.812565,-50.139576,0.0
87.04006,49.11365,0.0,42.878143,12.955214,0.0
61.48897,16.788774,0.0,80.385704,-93.04549,0.0
-92.07363,-18.345478,0.0,-10.498866,55.873924,0.0
64.954895,-93.65617,0.0,90.67393,74.374405,0.0
-0.63342696,83.55719,0.0,-59.446335,61.868237,0.0
-7.9865294,5.8706822,0.0,55.38064,69.166115,0.0
97.525635,16.276133,0.0,-23.097597,48.17506,0.0
69.7474,-54.02608,0.0,63.469265,-53.01875,0.0
66.57116,-91.13063,0.0,-38.31578,35.881714,0.0
-73.06201,-45.147804,0.0,93.3215,-74.013435,0.0
-89.11461,-43.797215,0.0,34.911507,14.450368,0.0
97.076805,9.740316,0.0,-71.38546,84.557365,0.0
-85.034424,-91.16266,0.0,-85.63166,-88.91741,0.0
-60.63831,25.904383,0.0,-44.359604,53.10507,0.0
27.317488,61.42432,0.0,-22.73379,-92.8765,0.0
-7.9903975,5.9327536,0.0,68.87233,-53.339386,0.0
-37.477448,68.533104,0.0,-89.911766,-33.855194,0.0
-11.166282,-71.077835,0.0,-5.412702,-77.86358,0.0
69.118645,-61.886627,0.0,-83.72278,48.076237,0.0
77.22769,-8.369343,0.0,39.04008,77.25583,0.0
-96.60722,-22.810978,0.0,53.281605,-92.55374,0.0
-90.78263,-85.436005,0.0,9.226713,92.372444,0.0
-37.167896,97.712585,0.0,-44.84105,28.96462,0.0
90.18501,-85.26553,0.0,57.5404,-75.79282,0.0
36.39832,94.43199,0.0,94.45539,-3.9014997,0.0
-4.196738,90.8785,0.0,-91.241325,-73.515205,0.0
-73.855606,-58.58183,0.0,-69.63846,49.336002,0.0
-37.879803,-7.8060794,0.0,34.800274,8.301252,0.0
-34.579044,96.830864,0.0,-74.9177,57.875328,0.0
52.868443,55.9902,0.0,-12.273063,-23.424725,0.0
93.9442,-30.126808,0.0,-65.019745,-79.28922,0.0
29.319452,-29.8563,0.0,-45.32321,15.479852,0.0
-21.316895,79.14681,0.0,-55.84031,56.34075,0.0
81.914856,52.843563,0.0,5.477683,-97.75963,0.0
78.11428,20.31026,0.0,85.520905,64.941216,0.0
-77.697876,-37.94865,0.0,24.773617,91.70441,0.0
73.749954,54.00088,0.0,-99.631134,74.82382,0.0
-14.828028,69.25565,0.0,-79.85918,88.87232,0.0
33.239326,-28.33535,0.0,-95.93121,-12.195078,0.0
33.397655,74.55883,0.0,97.77659,62.279358,0.0
-78.98009,56.114353,0.0,95.31975,-49.12456,0.0
-53.15447,-67.59054,0.0,-98.39549,61.73555,0.0
-38.37965,-13.618875,0.0,-11.113653,-6.687028,0.0
-91.43987,65.748276,0.0,-93.16603,-2.561845,0.0
-4.9227285,-27.965275,0.0,62.814995,49.98127,0.0
-96.3039,38.699306,0.0,62.036285,-39.232,0.0
47.94628,81.395805,0.0,85.44416,50.153954,0.0
72.142265,-35.250458,0.0,33.679394,-15.812111,0.0
73.67835,-69.56809,0.0,96.40728,-67.78278,0.0
-55.359974,19.325317,0.0,21.293922,90.36035,0.0
94.27321,28.232157,0.0,-78.78486,-0.68690354,0.0
58.113297,-43.412735,0.0,73.57753,-27.739191,0.0
31.919367,71.31689,0.0,-84.87106,-7.433866,0.0
72.09862,85.73954,0.0,66.498505,57.74637,0.0
-35.408413,-9.763087,0.0,-84.64532,75.019035,0.0
-88.34802,63.063965,0.0,58.622242,-73.01745,0.0
-33.552494,55.3143,0.0,78.55695,-16.608747,0.0
85.22624,-57.14464,0.0,-30.82876,-22.335363,0.0
-32.64496,-1.8052092,0.0,41.016083,56.223057,0.0
59.244377,65.37048,0.0,-90.91464,-6.0764256,0.0
86.539215,95.51174,0.0,-50.579533,-73.603546,0.0
94.195885,55.73097,0.0,47.026684,-72.78934,0.0
-65.72607,-16.316921,0.0,-84.288246,21.343418,0.0
-94.42495,3.45529,0.0,14.49356,-93.14808,0.0
93.8941,73.10142,0.0,63.414417,-48.419434,0.0
2.3394966,-93.25777,0.0,39.658707,74.52061,0.0
-1.7731413,85.58436,0.0,-7.575573,-5.7983575,0.0
-17.584759,72.83966,0.0,-69.78848,44.828037,0.0
40.95844,8.72619,0.0,71.97224,-21.21443,0.0
-96.27763,-69.61914,0.0,-30.607798,-64.143745,0.0
-56.233063,-78.50572,0.0,57.08901,-77.50041,0.0
97.35933,-38.79878,0.0,-74.51585,9.112504,0.0
57.97721,-69.23806,0.0,33.781197,-34.797657,0.0
-64.76299,-22.420286,0.0,-65.05346,80.411804,0.0
81.914986,-2.1490467,0.0,44.83251,-50.358498,0.0
99.755196,92.87545,0.0,-54.442295,37.83535,0.0
6.7400594,-62.08988,0.0,-52.521446,97.309746,0.0
12.98695,50.142906,0.0,-29.995592,-35.264263,0.0
39.49883,-11.494457,0.0,92.62116,96.434425,0.0
-10.51908,-93.0631,0.0,-34.497997,92.99474,0.0
87.42149,20.2655,0.0,36.84724,98.94619,0.0
75.11878,53.91666,0.0,-79.34259,18.182251,0.0
39.20315,-47.840275,0.0,-99.70334,-42.370415,0.0
-95.19561,-61.042015,0.0,-12.312514,-28.076677,0.0
-37.6625,85.72451,0.0,-87.96104,-27.826044,0.0
-64.27169,-5.2381067,0.0,35.09965,-93.4573,0.0
41.41916,99.78068,0.0,92.78963,57.082638,0.0
1.4442805,-68.30557,0.0,57.567688,-29.639946,0.0
-98.984566,-84.0178,0.0,-82.702255,37.14239,0.0
-70.719765,-53.212914,0.0,50.087975,17.6282,0.0
-10.170634,-39.57491,0.0,-16.229536,-10.966506,0.0
-92.88327,84.099884,0.0,60.076653,-41.455154,0.0
44.999275,39.17737,0.0,-59.732162,-66.88725,0.0
19.271082,78.184814,0.0,-18.738365,-87.531136,0.0
-78.45155,56.967525,0.0,-60.352413,-94.23296,0.0
2.643318,-18.635366,0.0,55.274117,-79.69125,0.0
94.758354,-88.46502,0.0,-75.34374,-9.253251,0.0
-65.434975,83.12733,0.0,-55.450653,29.430231,0.0
-73.98875,-72.49822,0.0,-54.209118,-53.327484,0.0
-40.35435,15.440746,0.0,-48.251217,-45.73498,0.0
72.48933,5.5942984,0.0,-79.16438,-72.87668,0.0
2.4443386,15.974643,0.0,-68.780785,-91.12355,0.0
-31.183958,11.029479,0.0,-9.929276,52.039726,0.0
-61.50664,-33.40362,0.0,91.14659,-78.71521,0.0
53.51564,-65.7988,0.0,-56.5786,-53.89754,0.0
33.278545,61.882267,0.0,35.88884,-43.43774,0.0
88.967094,55.921726,0.0,-28.764296,89.41752,0.0
-89.50692,-92.76103,0.0,64.35025,64.79504,0.0
-35.230152,79.416405,0.0,80.5794,-93.73254,0.0
46.944267,38.232513,0.0,73.52311,-92.52719,0.0
-86.044586,87.904205,0.0,88.778076,25.893217,0.0
82.90959,81.77603,0.0,-91.47335,33.553032,0.0
-49.67692,-98.45097,0.0,27.79745,80.11488,0.0
-55.988033,-25.14097,0.0,35.86794,-42.734318,0.0
-36.16236,-83.7177,0.0,-34.983868,12.221089,0.0
44.0011,-3.5486019,0.0,-4.213216,11.958273,0.0
78.065475,34.560215,0.0,13.328107,53.270706,0.0
45.236973,-38.100452,0.0,-39.22352,-31.129725,0.0
43.16254,23.998806,0.0,80.057884,24.10318,0.0
77.68644,-90.26789,0.0,64.810036,75.1507,0.0
45.047443,87.35126,0.0,-81.423836,35.98557,0.0
59.85698,77.35312,0.0,33.367905,-48.724026,0.0
62.470005,73.257095,0.0,-36.089653,-8.049827,0.0
63.250675,-65.516815,0.0,87.294106,-96.02409,0.0
2.864541,99.40903,0.0,-52.68573,-40.553867,0.0
30.495577,1.4970129,0.0,-38.9453,-78.59444,0.0
-90.736305,-35.36747,0.0,57.710865,-31.087906,0.0
62.521942,70.73841,0.0,60.63069,-24.52941,0.0
66.66601,94.56485,0.0,-23.223576,55.216045,0.0
-74.63889,79.294075,0.0,-3.2230809,49.739796,0.0
38.521336,2.9243972,0.0,28.535902,17.797247,0.0
-91.69646,-11.8006315,0.0,64.45632,-29.314112,0.0
-98.570816,-45.21619,0.0,-56.41235,29.976152,0.0
63.24442,-65.95256,0.0,-92.066475,96.74318,0.0
11.779938,76.748436,0.0,-85.66838,67.44381,0.0
60.789635,28.210901,0.0,98.137184,-97.423225,0.0
80.231186,55.925552,0.0,53.93946,-95.75327,0.0
-5.382317,19.721504,0.0,-52.500706,74.90429,0.0
-44.602497,-14.144827,0.0,-94.458084,-28.253347,0.0
-47.83261,-24.190466,0.0,58.440414,14.321719,0.0
-29.774714,63.435585,0.0,-27.442991,-61.658165,0.0
-72.0451,73.371544,0.0,40.530575,5.8025775,0.0
-66.18026,91.812164,0.0,-65.06284,34.74584,0.0
-9.406491,-11.064987,0.0,-35.409637,-89.441055,0.0
-15.81204,-31.92248,0.0,-64.595436,66.34115,0.0
-37.011326,35.177,0.0,-66.22599,0.4954811,0.0
64.02652,-89.8157,0.0,-49.122192,-20.929304,0.0
71.44472,-63.52967,0.0,75.86631,-47.23399,0.0
69.33262,30.359745,0.0,95.74074,-97.55664,0.0
-91.35067,41.345867,0.0,51.754955,-58.090286,0.0
89.302444,-52.634926,0.0,69.44879,34.292934,0.0
75.63529,68.68971,0.0,74.25259,15.496302,0.0
-18.563658,-63.88502,0.0,-23.773026,95.80498,0.0
-45.836807,96.94408,0.0,-9.112529,-99.19677,0.0
89.98152,43.763466,0.0,-25.129622,64.01156,0.0
-37.212837,93.13666,0.0,16.620192,46.908092,0.0
-88.60964,75.00112,0.0,-45.098667,71.82216,0.0
92.51594,7.471729,0.0,-90.86506,-42.98905,0.0
-72.76168,-61.440575,0.0,38.888542,14.850331,0.0
-56.69218,3.5535054,0.0,30.154736,-66.97661,0.0
-23.986475,50.953686,0.0,-82.68257,-11.1341715,0.0
-61.532017,31.230547,0.0,47.003605,-94.800224,0.0
-65.49533,-49.66008,0.0,87.75755,-57.275997,0.0
-74.26912,-20.70967,0.0,8.304646,-30.680254,0.0
-79.782036,-99.58714,0.0,34.098526,-32.816074,0.0
-83.61341,14.719109,0.0,-84.1783,69.59746,0.0
-66.58135,-81.56678,0.0,99.71295,98.347664,0.0
29.111044,22.010715,0.0,-13.431369,-96.33709,0.0
-92.26888,-88.17271,0.0,-41.012955,14.5867405,0.0
-72.13708,-19.199734,0.0,27.859879,-67.44248,0.0
22.539791,-88.40511,0.0,38.264637,56.457516,0.0
40.52542,88.5544,0.0,-46.58781,-11.971159,0.0
80.90917,99.21895,0.0,29.613796,47.67086,0.0
-53.31085,-26.86989,0.0,48.708828,-33.230812,0.0
34.15072,-99.06567,0.0,-13.638086,45.37349,0.0
-87.80004,-28.933876,0.0,-57.206142,72.90966,0.0
-40.704952,64.13523,0.0,31.110752,41.200245,0.0
-36.17569,-87.72368,0.0,43.60315,37.17218,0.0
-2.3203223,70.598526,0.0,-10.519669,62.445404,0.0
26.85269,48.068172,0.0,60.67947,-93.04878,0.0
36.624405,-0.9345856,0.0,97.443375,-65.80015,0.0
-33.828423,-0.9675883,0.0,74.847694,77.76452,0.0
-16.016294,91.89872,0.0,-36.254963,28.91863,0.0
85.79909,16.814594,0.0,-16.152517,-13.356887,0.0
-23.90436,-83.049736,0.0,-66.57646,-45.764843,0.0
-8.694568,-20.58682,0.0,-6.1428757,-18.896921,0.0
76.144875,95.68575,0.0,52.133427,26.13188,0.0
42.352272,-67.58994,0.0,-42.06654,-8.815606,0.0
-59.408592,57.380497,0.0,-35.891006,85.153885,0.0
0.16417097,-95.09185,0.0,-47.448223,76.08594,0.0
48.772717,-33.23459,0.0,97.13587,17.908075,0.0
65.24315,91.027306,0.0,59.18275,14.785053,0.0
85.37856,-76.73283,0.0,-94.25193,-55.794643,0.0
-51.139923,-76.40787,0.0,56.578373,98.255714,0.0
-69.99226,-44.620216,0.0,-25.730265,-34.906082,0.0
-61.587856,-83.192696,0.0,63.958466,-60.074104,0.0
39.759735,1.9884955,0.0,-52.53947,-79.74876,0.0
-32.212124,85.86206,0.0,5.027521,-20.592216,0.0
57.87659,6.615768,0.0,15.628138,-89.48263,0.0
48.29743,73.10896,0.0,-0.25563908,77.199135,0.0
62.08567,83.27244,0.0,26.730234,-99.90551,0.0
41.7211,15.919295,0.0,-78.12105,42.18724,0.0
47.96136,5.8107443,0.0,-39.886116,75.12866,0.0
67.24576,-68.882774,0.0,67.53965,-67.411255,0.0
75.08312,64.93671,0.0,5.1311717,69.88715,0.0
-42.425995,70.597626,0.0,-32.148743,92.48269,0.0
43.892014,95.6462,0.0,-95.158005,-86.31187,0.0
-54.786106,-47.26905,0.0,74.01772,48.68598,0.0
-40.284348,-80.73547,0.0,26.79531,-26.780165,0.0
61.320854,98.69418,0.0,-51.25805,-84.34573,0.0
-40.7801,-67.08237,0.0,-2.7239964,91.39912,0.0
-28.596273,94.67372,0.0,-90.07521,-40.34116,0.0
14.269039,-89.76275,0.0,77.23535,-53.88901,0.0
-19.576405,-75.61847,0.0,25.910078,-29.601788,0.0
30.654861,-16.81123,0.0,-59.68901,9.469898,0.0
68.74263,-51.173923,0.0,70.82599,-90.958115,0.0
12.668574,65.17858,0.0,-5.9486456,-12.871632,0.0
-65.04784,57.775444,0.0,-36.687958,-69.594635,0.0
76.79616,69.957405,0.0,-54.287323,-53.261227,0.0
-5.686609,-74.063126,0.0,-58.86656,-59.794174,0.0
39.22158,-90.99885,0.0,-33.931614,-56.18427,0.0
39.689487,-11.7081375,0.0,-85.671715,38.34116,0.0
5.0204835,-26.275871,0.0,-86.831566,24.433384,0.0
-32.47099,7.9267454,0.0,17.572668,46.70328,0.0
46.894966,79.22942,0.0,8.637054,-66.64694,0.0
47.854897,-22.31546,0.0,25.897787,-62.50922,0.0
-39.56623,-8.10007,0.0,25.657251,-73.55165,0.0
31.9094,43.202724,0.0,30.784267,52.133923,0.0
-68.24532,43.571766,0.0,-90.75083,11.933669,0.0
-34.27579,31.69435,0.0,31.718124,67.26282,0.0
58.523655,87.37652,0.0,-78.46445,10.325113,0.0
61.531136,-61.303528,0.0,61.452183,19.088606,0.0
24.771872,-9.646465,0.0,17.32169,-66.397156,0.0
46.6777,-84.6904,0.0,-45.340767,-69.19205,0.0
-19.63831,87.679146,0.0,-65.512146,77.001465,0.0
-72.189,79.55417,0.0,-53.59899,-75.45605,0.0
-73.62163,-15.483955,0.0,33.59262,-94.47548,0.0
92.87059,47.470966,0.0,65.86693,-79.02462,0.0
19.295244,-29.6468,0.0,83.22449,60.377506,0.0
7.2779784,76.75035,0.0,-74.86344,-52.421814,0.0
27.802277,60.403732,0.0,40.10797,26.912615,0.0
17.96328,-25.251005,0.0,-21.125065,-71.62266,0.0
-18.00074,64.45881,0.0,-38.535038,-25.18443,0.0
83.230865,-44.239887,0.0,62.65243,76.84303,0.0
-73.41921,2.31472,0.0,5.6588664,74.10048,0.0
78.598076,91.10633,0.0,27.709475,-30.364958,0.0
21.673996,13.021826,0.0,-47.641624,-34.74355,0.0
57.20492,-50.99024,0.0,-47.071102,35.32819,0.0
-32.925095,-80.79768,0.0,46.504105,71.152115,0.0
-53.438866,83.15783,0.0,-37.400448,99.64729,0.0
-2.696353,72.8906,0.0,47.522575,-64.60442,0.0
-81.573685,-42.08369,0.0,-13.575198,95.239586,0.0
38.172314,-85.04944,0.0,67.4445,-89.57297,0.0
2.0454502,62.16049,0.0,-93.873505,20.582436,0.0
86.45007,-74.09052,0.0,87.44232,34.988964,0.0
-41.00055,-74.015854,0.0,-97.87214,-6.0838284,0.0
59.785656,-53.53752,0.0,55.79131,-45.841717,0.0
52.362865,33.093887,0.0,22.904078,-81.9815,0.0
76.89816,-25.236647,0.0,80.816185,57.829517,0.0
-62.231625,-44.435116,0.0,-14.233025,8.031343,0.0
-7.1135035,65.105125,0.0,78.354744,67.70907,0.0
-78.02773,-63.648727,0.0,-49.797108,54.81136,0.0
9.11601,24.394398,0.0,37.779213,-72.721924,0.0
66.55832,-49.134323,0.0,55.23565,-87.3147,0.0
25.176052,15.804414,0.0,73.74629,-78.04694,0.0
-57.535694,38.651398,0.0,65.17268,61.479908,0.0
8.224728,81.57068,0.0,-86.07498,-48.077904,0.0
-26.796925,-39.18594,0.0,-98.28905,66.72151,0.0
33.511963,78.75609,0.0,56.03621,-61.87964,0.0
-8.6301365,64.4245,0.0,38.44551,78.48694,0.0
-57.3322,-80.166275,0.0,-82.82052,-33.34729,0.0
-77.91363,-42.16251,0.0,-38.038624,-50.00861,0.0
-27.886436,-95.559845,0.0,37.707237,-54.819008,0.0
-23.527733,23.287302,0.0,-86.885864,-40.93493,0.0
-35.921738,23.97226,0.0,-77.06403,-35.715954,0.0
55.86725,-29.011606,0.0,96.50975,-63.846016,0.0
-67.60042,86.415344,0.0,94.093796,59.748047,0.0
67.77768,-61.067196,0.0,-86.946335,64.96875,0.0
-78.656425,31.969099,0.0,-4.80198,-71.44227,0.0
-26.116793,97.339195,0.0,1.36084,-87.160576,0.0
86.24432,9.989246,0.0,-55.602142,2.688604,0.0
-40.79588,-29.07658,0.0,-88.30802,-52.599457,0.0
33.15822,24.858273,0.0,52.03714,15.494156,0.0
-80.899635,-55.28282,0.0,-11.714606,-25.74354,0.0
-17.215218,-78.41183,0.0,54.808292,-68.264694,0.0
-77.36438,-5.3051553,0.0,-49.425655,62.561893,0.0
-59.9512,-8.849948,0.0,60.692284,-94.82327,0.0
29.396732,54.88166,0.0,-85.327225,95.99229,0.0
38.097355,-15.88444,0.0,95.77338,-8.548875,0.0
-80.11207,-39.09662,0.0,38.06308,40.06606,0.0
-9.702499,-98.731316,0.0,13.808869,99.33206,0.0
22.491644,17.711134,0.0,10.128646,58.60795,0.0
34.159527,-17.291494,0.0,-13.041746,-30.66394,0.0
33.828587,32.836468,0.0,8.425414,49.25218,0.0
-97.04498,51.059723,0.0,-60.7092,-69.83674,0.0
-12.034884,-73.374756,0.0,80.11644,-95.39517,0.0
-61.35674,-15.039405,0.0,-15.047615,55.31066,0.0
32.943146,-27.989277,0.0,-67.565414,43.23587,0.0
21.432972,-32.201714,0.0,-56.29128,12.537977,0.0
-35.83598,-46.360355,0.0,2.9871476,50.24156,0.0
-24.09528,78.8266,0.0,-67.96863,73.70095,0.0
-29.368374,59.073704,0.0,0.5081749,23.114906,0.0
97.2007,30.904572,0.0,-65.674385,49.41237,0.0
-59.084476,82.71138,0.0,-30.767542,-72.27574,0.0
-10.625162,55.596992,0.0,-55.905903,-67.08679,0.0
64.4051,-88.57712,0.0,-67.49092,-65.0832,0.0
-48.707455,-80.06085,0.0,62.28394,31.012573,0.0
-49.579594,-92.526436,0.0,97.609184,12.655813,0.0
-64.36628,17.420671,0.0,88.22899,22.15685,0.0
15.340526,87.58017,0.0,96.001854,50.368767,0.0
16.560638,-21.382294,0.0,92.951225,-78.32368,0.0
6.5008125,50.764454,0.0,6.7290726,12.537405,0.0
-23.346157,-70.98006,0.0,-54.89467,-80.46158,0.0
50.913876,-50.279022,0.0,7.6789985,98.42714,0.0
20.658607,13.274249,0.0,89.33971,79.282646,0.0
98.14374,-86.22172,0.0,39.345654,-27.613827,0.0
41.684742,-48.94501,0.0,63.313828,27.490591,0.0
49.95223,80.872505,0.0,-22.854475,-72.52298,0.0
45.777035,-98.95194,0.0,-24.29865,-91.05318,0.0
94.41605,-67.27929,0.0,-85.23265,-51.312756,0.0
65.93116,-59.075233,0.0,86.42365,1.2544961,0.0
-35.64565,19.304003,0.0,40.38135,44.62647,0.0
92.73214,-92.15527,0.0,-33.828484,-6.330581,0.0
-78.70724,-38.0641,0.0,10.482083,97.59882,0.0
59.400738,-75.79554,0.0,3.787719,-32.399643,0.0
-91.07525,-75.10092,0.0,42.252247,84.56976,0.0
22.5342,64.80463,0.0,-95.88804,-78.07317,0.0
-6.2484465,7.8136053,0.0,-49.860615,56.404133,0.0
-44.167847,13.712529,0.0,58.432247,-33.48358,0.0
-76.1077,64.41543,0.0,-11.637212,-27.809093,0.0
81.71981,15.577967,0.0,-8.488592,-20.822018,0.0
-88.48666,2.2330387,0.0,78.02711,71.81916,0.0
-27.706339,-35.970882,0.0,19.70824,62.268227,0.0
37.364845,-45.63746,0.0,-84.3273,56.408245,0.0
48.399887,77.674324,0.0,-70.54825,-17.857828,0.0
-60.735497,22.639894,0.0,67.70786,-87.6442,0.0
-28.54641,49.118645,0.0,-5.539938,99.82333,0.0
-41.57988,-1.8566593,0.0,-95.64694,15.681287,0.0
-88.06335,-76.62594,0.0,53.792274,61.22545,0.0
-98.453156,-52.547726,0.0,-88.68967,-0.21807423,0.0
50.162994,16.622145,0.0,72.79079,78.44261,0.0
25.391352,-69.39085,0.0,70.42556,-81.10774,0.0
71.810776,-26.55185,0.0,73.067154,-89.40711,0.0
51.8681,91.728516,0.0,-24.097763,-93.194214,0.0
29.481335,-25.646858,0.0,-76.11646,-43.840714,0.0
43.515297,-16.19629,0.0,-47.73583,20.950369,0.0
-51.091362,-7.5745416,0.0,35.425766,-7.4095535,0.0
72.62554,83.30391,0.0,-74.96704,81.69422,0.0
53.96779,83.721596,0.0,8.032543,67.33622,0.0
50.16228,-46.891163,0.0,14.373935,78.86058,0.0
-93.43749,-91.829414,0.0,79.26799,49.93881,0.0
36.87575,38.683952,0.0,-67.388374,-2.9271908,0.0
-61.529507,-15.483484,0.0,24.947039,74.54357,0.0
86.8123,-85.65323,0.0,-47.54174,70.60611,0.0
-97.54265,89.19026,0.0,16.669329,-21.840004,0.0
24.300137,99.20149,0.0,59.77923,-98.004005,0.0
74.37922,77.85481,0.0,-75.820694,-23.46771,0.0
-75.67523,-49.921864,0.0,11.299797,59.941566,0.0
-52.242878,59.28718,0.0,-10.418437,-71.222885,0.0
-47.327274,-58.027065,0.0,19.819866,-82.214096,0.0
-57.76456,48.008865,0.0,52.93054,-23.317457,0.0
-32.465553,-63.417473,0.0,-86.34935,-79.41519,0.0
-51.053127,57.337593,0.0,87.491394,-11.116057,0.0
42.680294,-70.142456,0.0,54.38594,-29.04834,0.0
-6.2977266,-0.21065338,0.0,86.24472,7.2305703,0.0
-15.211383,85.58975,0.0,-66.50267,-83.57927,0.0
-21.245752,85.72833,0.0,-86.30616,97.4202,0.0
-52.095345,9.196168,0.0,32.64483,-48.952538,0.0
18.094717,62.26817,0.0,41.751328,62.223724,0.0
70.50623,64.75484,0.0,-62.39525,69.22243,0.0
72.21244,-20.313505,0.0,-40.94449,-14.899992,0.0
1.24039,58.843834,0.0,41.54417,82.83337,0.0
-91.15925,1.437397,0.0,-60.060726,45.51425,0.0
84.10718,-97.599396,0.0,10.562978,48.132717,0.0
59.988163,-87.73772,0.0,59.643013,-33.02556,0.0
45.690254,15.15324,0.0,8.944812,-74.34991,0.0
-29.836384,90.16207,0.0,-11.931993,94.44884,0.0
14.084316,-87.51722,0.0,-97.54499,-16.492258,0.0
-47.539932,-45.33879,0.0,59.50951,-58.117817,0.0
46.8153,-0.8300938,0.0,-71.98692,55.331127,0.0
49.895687,11.450116,0.0,-37.662346,1.4695693,0.0
-82.35679,49.68784,0.0,83.67491,-14.655302,0.0
-39.553337,47.918736,0.0,-63.21867,-74.30972,0.0
76.45664,43.71669,0.0,63.70067,-99.36807,0.0
13.104691,79.71781,0.0,83.01739,-76.20614,0.0
56.333656,5.4738865,0.0,75.44037,86.15328,0.0
78.47186,-6.0787315,0.0,-39.473156,-81.09497,0.0
-14.625019,12.361533,0.0,-84.14614,54.087715,0.0
-35.531284,49.515514,0.0,-73.84551,37.480305,0.0
-81.845474,88.25204,0.0,34.905544,-19.668375,0.0
-10.933972,-70.171,0.0,-48.65005,-65.96903,0.0
-58.08439,90.17596,0.0,-7.829097,-81.4187,0.0
-51.747448,31.81363,0.0,31.317993,13.307291,0.0
-62.123417,-92.27103,0.0,-67.75432,15.6089525,0.0
-11.124601,-63.79661,0.0,-41.9788,24.44211,0.0
-43.446796,15.679866,0.0,-14.220669,56.011703,0.0
-58.03708,49.11341,0.0,-59.151478,-35.500957,0.0
8.676567,-20.874695,0.0,-28.504858,73.05294,0.0
89.38699,61.239845,0.0,62.305386,-90.484985,0.0
-96.71802,2.7125409,0.0,-39.082493,85.506546,0.0
-18.766695,-87.10125,0.0,-86.55624,92.169205,0.0
97.46921,51.407654,0.0,-83.86517,-31.742418,0.0
76.29108,-88.026024,0.0,75.20007,67.17463,0.0
-84.37984,-11.205641,0.0,-63.99909,50.97697,0.0
91.8845,70.41755,0.0,69.064415,5.981841,0.0
-31.03597,-14.253008,0.0,82.71733,55.64834,0.0
-27.410809,-83.00009,0.0,17.158268,70.54538,0.0
36.607063,-95.11515,0.0,7.179616,-91.489624,0.0
42.133457,87.36911,0.0,31.994196,-98.57845,0.0
80.89195,1.7600453,0.0,-86.021706,26.516884,0.0
14.865309,81.83018,0.0,-68.12921,-14.754726,0.0
81.68249,-77.13651,0.0,-42.498158,-56.050335,0.0
-21.387573,-84.15316,0.0,57.75534,-84.16696,0.0
29.750538,-37.35117,0.0,84.57092,-84.12375,0.0
-16.141258,65.289825,0.0,-9.170058,58.700455,0.0
-10.142359,-86.35117,0.0,80.52361,-96.3832,0.0
90.814285,76.9203,0.0,-14.213457,-14.229155,0.0
31.569878,-31.363346,0.0,15.707435,-34.73697,0.0
-53.308205,2.0122535,0.0,36.65112,-1.5235819,0.0
76.92699,1.7389455,0.0,59.8884,-30.140085,0.0
79.119644,-64.06325,0.0,3.9731696,69.62879,0.0
22.683043,-16.35139,0.0,86.5457,73.212776,0.0
-50.17983,-90.80493,0.0,89.13215,78.053955,0.0
-52.39223,-78.65178,0.0,-0.17903654,86.56034,0.0
-43.36812,75.808334,0.0,-46.501118,-22.858116,0.0
33.891052,-27.24657,0.0,4.9954066,47.30864,0.0
29.24509,62.4062,0.0,-38.963978,-51.27026,0.0
71.908005,39.05128,0.0,83.073654,8.10561,0.0
-62.463875,-97.7578,0.0,-17.607506,79.88749,0.0
33.48527,-77.14759,0.0,-80.64515,-39.394627,0.0
52.98739,59.652412,0.0,-19.611229,-71.24796,0.0
-88.4041,58.790432,0.0,-91.333046,-5.325743,0.0
74.56557,56.760902,0.0,-89.52788,76.85646,0.0
-78.73178,-13.277147,0.0,-36.05176,62.10774,0.0
21.362856,22.60113,0.0,-9.14661,95.112885,0.0
70.2021,-46.39304,0.0,-7.5629907,21.255587,0.0
29.449053,17.596909,0.0,-94.229515,-10.378673,0.0
-10.749339,99.893684,0.0,-1.5022779,98.66894,0.0
-60.38906,37.732304,0.0,-77.58649,40.973297,0.0
62.925014,87.232605,0.0,2.7035775,90.05585,0.0
-58.133667,-33.512936,0.0,88.71297,-2.874257,0.0
-73.96769,-72.255646,0.0,90.85533,86.64196,0.0
-68.935776,65.054306,0.0,-96.097786,63.499382,0.0
-54.284042,-29.918808,0.0,-56.194786,-87.64324,0.0
68.86419,18.401873,0.0,77.47608,49.8829,0.0
40.54358,81.65099,0.0,17.0738,-78.148636,0.0
-92.60966,20.136814,0.0,-97.06252,-21.961214,0.0
53.6749,-89.10953,0.0,21.81537,-72.912796,0.0
48.292934,-20.531107,0.0,-85.73887,43.77079,0.0
75.86469,87.53642,0.0,-18.895771,13.753817,0.0
91.012566,-25.585144,0.0,48.217934,-34.1324,0.0
-14.206002,72.958046,0.0,38.934402,-98.379814,0.0
49.42153,-54.885006,0.0,53.625206,-27.235273,0.0
58.511185,74.57117,0.0,-32.055824,97.17769,0.0
15.407805,77.5559,0.0,-94.254395,-1.229063,0.0
-47.502228,-3.7470057,0.0,3.261455,76.197914,0.0
-65.557686,-0.3949489,0.0,68.08412,-27.911945,0.0
42.425476,6.091825,0.0,20.189957,46.436855,0.0
-89.02698,-11.854304,0.0,45.859707,71.9198,0.0
59.376575,-93.32118,0.0,-45.269184,24.419079,0.0
-7.552469,95.75442,0.0,35.727432,-62.08406,0.0
-3.4566035,-65.58917,0.0,-66.30893,36.06625,0.0
87.563385,-99.14365,0.0,77.08775,-86.70184,0.0
9.544461,19.468367,0.0,94.11976,-88.48634,0.0
-87.22761,-75.90664,0.0,80.83796,80.961075,0.0
-70.95342,-94.043846,0.0,86.704865,5.3499484,0.0
-33.043816,21.59437,0.0,2.7321157,-85.400955,0.0
40.972603,-58.95194,0.0,76.4251,-24.814667,0.0
-11.130973,90.17849,0.0,89.23956,17.967047,0.0
-20.786903,79.01539,0.0,-61.623596,-63.04168,0.0
-57.265373,42.844204,0.0,4.4583426,94.582886,0.0
-86.90273,10.021349,0.0,40.851074,-84.83158,0.0
46.35793,86.58689,0.0,-6.99836,18.05464,0.0
-16.759981,96.08086,0.0,52.431957,7.2206883,0.0
-11.339977,19.785044,0.0,-39.150555,-10.856466,0.0
98.55203,15.440722,0.0,82.38834,-18.356573,0.0
54.76149,48.102577,0.0,-78.241066,-33.234432,0.0
46.324562,77.6021,0.0,-40.82331,70.95576,0.0
97.000244,-86.87608,0.0,33.57647,-30.847008,0.0
9.010607,-37.33378,0.0,-7.5762763,15.71873,0.0
64.519295,5.460368,0.0,-56.31222,4.9890018,0.0
13.802882,11.727406,0.0,35.026173,49.17264,0.0
-28.263647,-71.38032,0.0,64.027985,-70.67353,0.0
-55.061848,36.4927,0.0,-75.7947,40.946835,0.0
35.65819,-59.697918,0.0,72.16535,-88.01732,0.0
-70.19685,34.994373,0.0,61.93166,-39.945976,0.0
-42.94294,76.294,0.0,-5.4351068,6.571296,0.0
-77.92319,67.62686,0.0,-34.22653,42.163567,0.0
-74.61164,98.52913,0.0,57.9072,49.88365,0.0
90.87494,64.92396,0.0,-20.62347,-67.441986,0.0
-55.804733,-12.747667,0.0,-17.655445,69.7778,0.0
36.084427,13.763251,0.0,-66.86287,19.785322,0.0
-50.053844,65.51175,0.0,17.437475,17.214874,0.0
26.634315,5.7717395,0.0,-54.14429,25.239496,0.0
-63.85263,19.972664,0.0,90.06352,45.775124,0.0
-44.807983,55.47553,0.0,-92.259346,-45.13222,0.0
-20.72364,-85.329605,0.0,-3.1984766,17.416273,0.0
-98.36207,-74.464485,0.0,-45.860893,-60.499874,0.0
44.469986,-73.221565,0.0,-41.33797,-30.325285,0.0
47.62044,58.336796,0.0,28.191202,-24.125877,0.0
-61.84002,81.65708,0.0,-62.700493,93.02273,0.0
-59.46562,33.505764,0.0,29.946575,80.241745,0.0
34.812767,17.164017,0.0,53.04759,76.02245,0.0
-81.43972,-24.024397,0.0,-77.72038,74.62256,0.0
73.84613,39.93646,0.0,-78.41091,-24.093548,0.0
-74.220955,40.112686,0.0,-71.67602,-88.84392,0.0
75.58702,0.95506954,0.0,36.549507,41.78362,0.0
-92.68786,27.757898,0.0,-83.701485,57.91724,0.0
-59.639854,-42.013042,0.0,39.994022,97.36432,0.0
-35.719368,15.911129,0.0,18.532871,81.412476,0.0
24.35602,-61.91147,0.0,96.49997,-35.173744,0.0
60.82405,19.950802,0.0,3.0192618,76.11927,0.0
38.497116,-11.208573,0.0,-32.551514,85.613716,0.0
46.291256,48.605457,0.0,-72.39037,30.641005,0.0
-72.17373,84.52275,0.0,-85.7802,-48.771027,0.0
5.061991,87.16563,0.0,-34.522205,-27.46188,0.0
94.309906,90.10826,0.0,-74.27153,-15.015533,0.0
7.2327037,45.848713,0.0,-54.28795,17.907192,0.0
13.819607,-73.03624,0.0,-80.89534,30.837101,0.0
34.332844,84.22007,0.0,32.781464,-8.611125,0.0
-56.956497,58.046535,0.0,-13.468448,82.328094,0.0
70.53627,55.687794,0.0,-89.7576,-15.101411,0.0
-69.88505,48.94236,0.0,-98.85004,-65.66843,0.0
47.464413,74.163376,0.0,46.332912,40.61043,0.0
86.535355,-84.15721,0.0,61.52298,57.40173,0.0
43.675476,97.4664,0.0,-21.733545,-38.27114,0.0
29.062454,6.842847,0.0,-45.484398,-26.961185,0.0
34.948532,-84.10663,0.0,94.24547,1.7089967,0.0
11.329946,20.76256,0.0,30.195265,-30.82146,0.0
44.826878,-73.164566,0.0,-77.00897,41.39478,0.0
77.40996,23.913597,0.0,22.351612,-39.332623,0.0
-39.99782,-91.44693,0.0,-59.258007,-35.009506,0.0
96.118164,-78.68064,0.0,-87.363045,-21.045095,0.0
-22.66106,73.84124,0.0,97.858185,-26.215778,0.0
-96.54173,-68.43916,0.0,29.791653,62.65164,0.0
-76.99031,82.67705,0.0,-31.141851,-32.523056,0.0
67.90308,65.449684,0.0,36.16989,15.318004,0.0
-68.00763,11.088118,0.0,-42.33947,-11.606022,0.0
35.758457,-64.33531,0.0,-6.111888,22.639473,0.0
61.717587,7.883783,0.0,85.07301,63.075127,0.0
-85.515114,35.26233,0.0,59.055225,48.95081,0.0
57.070232,31.18402,0.0,-68.18285,-16.629137,0.0
-41.301205,-79.33377,0.0,61.510155,-64.841965,0.0
31.454199,49.865353,0.0,93.28286,-77.52037,0.0
26.828396,58.413124,0.0,-23.089987,-33.343464,0.0
25.2139,16.005066,0.0,-83.06335,53.040207,0.0
-76.57796,-33.444855,0.0,9.695542,21.466011,0.0
-63.585896,55.59973,0.0,-35.65546,83.67017,0.0
-96.667816,63.028156,0.0,37.850044,-48.776203,0.0
30.316565,11.221619,0.0,22.049314,-95.43606,0.0
69.8518,-55.05652,0.0,65.594284,62.264244,0.0
-94.5464,-7.7476435,0.0,57.62169,-96.07149,0.0
10.932095,-74.36461,0.0,-25.977816,-67.32615,0.0
49.41028,-89.33845,0.0,-82.79889,87.25378,0.0
-12.463545,-97.6871,0.0,-50.466244,61.78811,0.0
70.02357,-60.41955,0.0,-60.512955,-70.7077,0.0
-41.21094,-9.999411,0.0,19.399471,67.18579,0.0
-18.36298,88.37058,0.0,-46.700886,-50.750187,0.0
-70.548965,-71.24207,0.0,52.958828,29.386137,0.0
70.35604,-89.89241,0.0,37.193954,85.654106,0.0
-58.792946,30.7257,0.0,91.77527,-39.68682,0.0
57.29628,-66.0721,0.0,-28.55161,-36.296078,0.0
-81.42276,99.823616,0.0,70.86638,-86.92272,0.0
23.664778,-78.60539,0.0,87.15246,-71.57554,0.0
-82.273674,16.104687,0.0,-89.95166,-8.330237,0.0
-87.30435,48.75182,0.0,98.030624,78.78738,0.0
-29.218864,20.665108,0.0,-37.59974,81.96473,0.0
-56.294983,12.0985365,0.0,90.44644,98.10896,0.0
70.05825,76.57631,0.0,57.095734,-80.45425,0.0
90.52797,86.78193,0.0,-63.676853,56.179764,0.0
-86.372604,-38.74372,0.0,-48.401966,-41.186993,0.0
-76.0049,-35.490005,0.0,-44.305683,-8.105246,0.0
-26.95852,15.03414,0.0,-74.74032,-55.07567,0.0
63.78968,-75.01921,0.0,95.3723,97.10246,0.0
82.25155,-97.957794,0.0,-36.148582,-94.89072,0.0
75.43724,10.912321,0.0,-42.872368,8.412913,0.0
85.116936,-23.269714,0.0,-76.08691,65.72095,0.0
-56.37699,94.16582,0.0,-60.97386,-90.195404,0.0
-83.951195,-83.80611,0.0,-62.4015,-39.617794,0.0
98.30415,28.856937,0.0,45.533924,51.03243,0.0
-2.7633529,52.49515,0.0,41.51322,-38.680393,0.0
73.75148,14.871016,0.0,-55.644897,-19.328604,0.0
-32.74138,55.849056,0.0,69.964584,35.6464,0.0
-27.764542,-71.44506,0.0,82.74007,93.122826,0.0
-87.70059,-49.32732,0.0,-71.79896,52.167183,0.0
-49.451466,-37.718872,0.0,-75.78374,72.93183,0.0
28.923185,67.27111,0.0,-60.64411,-73.9559,0.0
40.030563,42.235767,0.0,-2.949572,-12.959999,0.0
84.327446,-78.74192,0.0,-40.107174,-96.86184,0.0
34.237896,29.150343,0.0,-0.8273805,71.50461,0.0
14.650738,-83.252556,0.0,-64.19663,24.429937,0.0
50.082424,22.988459,0.0,-87.59122,-77.85441,0.0
4.191737,10.44921,0.0,-82.733345,-18.514093,0.0
1.3185416,-90.39275,0.0,-54.370262,-28.333782,0.0
10.492199,92.61125,0.0,50.164562,-31.914518,0.0
-46.634537,-9.484134,0.0,-0.713931,68.54069,0.0
4.1624956,90.89679,0.0,97.50867,-24.330645,0.0
-50.554195,45.11457,0.0,95.39496,-81.95609,0.0
-85.00724,15.896872,0.0,-39.342842,89.156845,0.0
-16.212412,72.56711,0.0,47.880318,80.93571,0.0
86.48422,82.36289,0.0,-39.05166,-35.304493,0.0
46.504757,98.26693,0.0,-47.98126,-35.522038,0.0
20.226854,17.770988,0.0,67.56429,33.506645,0.0
-75.18563,30.655464,0.0,43.3431,-68.08126,0.0
72.171005,50.642685,0.0,10.680003,-27.541403,0.0
93.584076,51.520733,0.0,62.81044,20.550417,0.0
-19.007504,-1.9926457,0.0,-81.897705,-10.409678,0.0
63.579994,-33.412968,0.0,71.35713,-83.62517,0.0
-54.959503,-46.61729,0.0,25.303444,-75.901726,0.0
95.08148,-37.78404,0.0,28.956429,49.234844,0.0
45.07609,68.05328,0.0,2.71433,54.692726,0.0
-50.229874,-73.9689,0.0,-42.846886,-49.72681,0.0
30.1973,-40.397106,0.0,-16.071527,-14.997188,0.0
-0.97097766,91.15988,0.0,-36.998573,-68.68613,0.0
-45.61539,-98.560326,0.0,-97.060555,5.397548,0.0
-75.3299,74.54871,0.0,-14.265914,60.07373,0.0
-70.99709,-98.15792,0.0,-54.326035,-52.99044,0.0
-36.1164,-99.22019,0.0,92.86922,3.392617,0.0
4.317214,-74.19841,0.0,-69.001686,82.70086,0.0
65.56055,-65.483284,0.0,-89.317055,19.915104,0.0
-66.94607,-12.489892,0.0,-96.81643,19.952654,0.0
-4.5780373,98.91284,0.0,35.834335,-85.18502,0.0
-94.71763,-56.8505,0.0,61.287987,32.68816,0.0
44.69499,79.89003,0.0,57.62699,7.477472,0.0
-60.423134,-59.697124,0.0,67.95934,-82.123634,0.0
-90.60046,-97.87859,0.0,-23.732567,19.785883,0.0
-70.51582,69.074455,0.0,-64.68418,85.956116,0.0
-69.50129,22.852001,0.0,72.334625,36.022118,0.0
31.159939,-1.1634232,0.0,48.68481,-56.36595,0.0
-38.969715,37.790897,0.0,57.05836,-63.42178,0.0
-51.30659,-8.447079,0.0,51.904034,-58.802364,0.0
83.75574,6.122676,0.0,-84.67337,-36.170906,0.0
-82.048256,39.855278,0.0,29.610685,16.016474,0.0
-80.39234,82.64566,0.0,-72.49362,25.464643,0.0
15.712783,82.26836,0.0,10.819857,-65.1003,0.0
64.08232,-56.72611,0.0,-42.81671,66.44082,0.0
42.748978,-81.88724,0.0,-90.31345,17.914726,0.0
-62.52244,-20.1635,0.0,67.10198,15.575575,0.0
-7.096028,-65.69618,0.0,-10.591187,-61.93705,0.0
-27.448502,-71.800934,0.0,-36.74738,85.896095,0.0
-24.929415,71.61281,0.0,74.06402,42.477715,0.0
-99.86273,88.58141,0.0,63.02821,31.300745,0.0
58.317654,-84.81626,0.0,99.19645,-48.99467,0.0
80.58065,93.98496,0.0,-28.467451,-77.53786,0.0
83.39967,-54.70999,0.0,76.41541,-1.0886312,0.0
24.827637,95.48409,0.0,-79.92946,-12.133901,0.0
75.808784,65.32721,0.0,-88.85515,-62.768322,0.0
14.015642,65.61865,0.0,-74.85743,77.935715,0.0
-61.839085,73.358864,0.0,-32.320053,37.531124,0.0
-98.350136,87.96886,0.0,-78.24497,-46.047924,0.0
10.518389,-65.53388,0.0,45.668938,18.164227,0.0
-90.68979,15.137088,0.0,20.668217,23.59835,0.0
-71.561226,79.32579,0.0,70.18244,8.451345,0.0
-79.00192,98.14648,0.0,-40.49409,-83.179665,0.0
53.6761,-30.808504,0.0,-30.840372,-47.037548,0.0
79.25592,-21.69444,0.0,-93.35208,-94.862236,0.0
-54.993607,-7.040472,0.0,-35.17313,63.07422,0.0
82.42979,8.880851,0.0,33.460636,-76.93064,0.0
-46.503723,18.766268,0.0,-24.785816,13.671028,0.0
-75.170456,-18.213747,0.0,87.17674,-63.384186,0.0
51.30994,-49.478085,0.0,-63.33843,15.664038,0.0
-69.81963,50.255245,0.0,63.50914,66.839615,0.0
-91.97441,-87.66061,0.0,48.43636,-22.451054,0.0
-94.675255,5.7285266,0.0,-10.446875,17.682201,0.0
6.5948186,-80.28259,0.0,0.3530625,-75.011444,0.0
-70.509705,80.42311,0.0,-40.481285,-69.169586,0.0
-94.82319,-34.475418,0.0,53.700737,-79.1713,0.0
60.062443,55.193974,0.0,-99.78485,77.17458,0.0
90.20844,-15.060189,0.0,1.9504027,14.160301,0.0
-17.852484,15.441975,0.0,-57.832848,86.22798,0.0
-3.6667821,-92.45249,0.0,14.899746,-66.33491,0.0
-12.175614,3.5359342,0.0,44.18517,92.80456,0.0
94.5981,23.81823,0.0,58.85498,18.943531,0.0
-86.52788,8.918806,0.0,88.5566,-70.241875,0.0
35.33041,-1.5782133,0.0,10.434353,-39.149483,0.0
34.76047,53.632683,0.0,-12.481609,-9.309422,0.0
30.34626,-43.503254,0.0,-87.67612,57.01247,0.0
71.06685,8.779392,0.0,-58.015965,16.771173,0.0
95.51275,-49.169186,0.0,-45.231842,-88.14101,0.0
10.29409,90.18559,0.0,-77.83826,-15.821075,0.0
63.851273,45.647,0.0,26.561079,-24.014532,0.0
-94.30812,73.65402,0.0,81.134094,-57.053604,0.0
88.94841,-85.65855,0.0,91.39831,-68.414406,0.0
-79.93541,18.282223,0.0,30.822485,49.691326,0.0
97.23262,26.774506,0.0,-29.194056,-96.626396,0.0
-57.037643,-8.539638,0.0,63.15395,-24.06781,0.0
-89.65867,2.3136113,0.0,41.83253,-90.23145,0.0
-45.130337,-95.461044,0.0,-94.393135,33.31372,0.0
-54.630405,24.229868,0.0,-16.363365,59.4226,0.0
64.10275,35.792873,0.0,-73.774254,-20.611725,0.0
-51.13802,22.803652,0.0,-46.229633,33.5346,0.0
-6.069148,56.586834,0.0,49.250984,20.922546,0.0
-33.057884,-77.34599,0.0,39.951836,-12.915135,0.0
33.1982,39.278217,0.0,-90.486305,35.828503,0.0
18.82922,-80.437775,0.0,67.411865,-58.021446,0.0
47.577003,77.74705,0.0,38.28024,-66.96935,0.0
-20.287512,-98.87845,0.0,78.69407,-94.208694,0.0
24.407743,-70.60646,0.0,85.14027,47.45296,0.0
-30.265045,75.27939,0.0,69.59554,-41.059116,0.0
54.678436,-89.58952,0.0,-92.36928,-14.036463,0.0
32.111515,14.977671,0.0,63.29267,-96.10004,0.0
-51.825047,2.3496838,0.0,69.08164,58.08827,0.0
90.383385,-60.22026,0.0,-63.066856,-65.006645,0.0
52.045574,19.127754,0.0,-5.6847625,-17.631819,0.0
15.153717,10.192449,0.0,92.02141,10.437227,0.0
52.121,-96.73906,0.0,-77.81698,8.164391,0.0
-32.390793,-98.489235,0.0,64.47424,-28.356152,0.0
-19.561903,87.98578,0.0,42.088993,-28.293205,0.0
-33.358253,-19.650661,0.0,-31.637558,53.303333,0.0
-58.21364,65.40887,0.0,82.619576,-56.211655,0.0
39.58032,-83.921196,0.0,2.992476,-64.58976,0.0
8.116654,65.54776,0.0,61.63295,-35.902912,0.0
-32.848907,31.941324,0.0,67.458725,97.75474,0.0
-46.53106,29.183304,0.0,97.19439,-90.189285,0.0
95.43871,-41.135777,0.0,62.949604,-87.084755,0.0
40.593098,13.912739,0.0,74.31476,30.180223,0.0
-80.7101,-55.60986,0.0,-42.328045,-69.4494,0.0
86.32679,-60.78988,0.0,98.27063,38.26681,0.0
36.548267,-0.6820911,0.0,90.58729,64.92602,0.0
-15.565438,-74.832954,0.0,-66.93003,-7.7143364,0.0
71.03103,-92.19022,0.0,-43.251278,65.329926,0.0
73.67986,-95.096695,0.0,90.21397,-43.33154,0.0
86.78903,-11.519051,0.0,62.830612,68.24246,0.0
85.61532,-20.683659,0.0,97.57857,-20.152754,0.0
-65.0107,46.643913,0.0,-27.644493,-62.726955,0.0
-87.31942,-85.810196,0.0,-61.971806,-71.83961,0.0
-54.787346,80.0852,0.0,40.97429,56.169033,0.0
-94.04394,17.948477,0.0,-75.315544,-93.58153,0.0
-66.99885,-78.34556,0.0,30.032345,19.435522,0.0
32.315655,52.532856,0.0,-31.508778,-68.46148,0.0
-25.108278,98.53749,0.0,16.753645,47.887638,0.0
23.997005,-94.20117,0.0,42.844017,-52.161865,0.0
95.12664,27.41836,0.0,-32.045853,52.84571,0.0
41.46074,-81.56666,0.0,-64.157,82.86719,0.0
-83.78822,54.433105,0.0,-97.21374,-58.512012,0.0
74.80855,93.39025,0.0,-74.38289,-39.29085,0.0
6.653504,-86.39899,0.0,-96.949196,-57.47522,0.0
43.93792,-77.69002,0.0,-64.45911,57.42457,0.0
-34.9385,-47.119358,0.0,79.4515,-93.704056,0.0
23.377157,1.8004329,0.0,98.319565,96.64319,0.0
-85.93182,24.05058,0.0,85.38482,-71.32095,0.0
-89.01835,23.186476,0.0,-68.7672,-64.716545,0.0
74.36111,-67.08392,0.0,-0.5196412,19.766464,0.0
-63.048546,60.887955,0.0,-92.38931,75.29993,0.0
-6.9890995,-7.388285,0.0,86.518616,15.31084,0.0
-94.54964,-56.35752,0.0,-92.36836,-69.70738,0.0
41.795925,-19.40138,0.0,-77.78503,-78.575714,0.0
17.230757,13.626878,0.0,8.520029,53.10434,0.0
55.122555,5.039421,0.0,-47.335236,67.75359,0.0
74.52853,93.06126,0.0,-13.276739,-83.79634,0.0
12.793157,-90.57325,0.0,-68.85142,-40.54296,0.0
-34.27254,-65.859535,0.0,75.68284,-85.896385,0.0
-68.1797,-65.51507,0.0,65.99573,-46.37525,0.0
-94.91999,-71.28776,0.0,32.556187,25.228195,0.0
-33.017902,5.895847,0.0,91.248184,-94.02669,0.0
-44.35656,-87.678406,0.0,-67.50032,79.006775,0.0
54.087437,33.878967,0.0,29.914795,0.044497117,0.0
14.349194,66.56608,0.0,81.21741,-97.56865,0.0
-20.989185,84.727974,0.0,67.293846,50.489666,0.0
5.3184876,77.87505,0.0,-74.84865,-40.786716,0.0
-64.66832,13.352783,0.0,-28.72352,46.075714,0.0
-55.204575,-17.685678,0.0,97.73722,-51.8687,0.0
-90.44377,-62.228733,0.0,8.203248,78.57484,0.0
60.7405,82.780655,0.0,43.415947,26.510733,0.0
71.02733,70.54188,0.0,54.081425,32.45038,0.0
86.93431,75.93445,0.0,31.6006,-28.759209,0.0
-47.31823,-99.466125,0.0,-88.76262,-84.81024,0.0
38.195774,-78.49077,0.0,-88.18692,-58.93196,0.0
-55.527103,72.84306,0.0,16.216843,67.738716,0.0
55.033913,-68.3321,0.0,-90.848305,33.237083,0.0
42.171234,48.03588,0.0,-55.089222,88.48515,0.0
29.326485,84.541084,0.0,-54.01878,97.11818,0.0
56.39067,62.99704,0.0,-74.52455,93.40546,0.0
51.018612,-61.82002,0.0,16.253271,-98.90668,0.0
65.40874,62.497097,0.0,-87.46301,-57.033924,0.0
28.400644,-2.4679518,0.0,27.340015,-86.63728,0.0
-53.040157,-83.11161,0.0,-85.87101,-58.238003,0.0
-93.326256,-41.08067,0.0,-39.792507,-93.37553,0.0
8.35018,-90.415726,0.0,21.948704,-64.57908,0.0
62.780205,80.31265,0.0,95.64597,85.934,0.0
-59.68609,31.87278,0.0,64.49015,-71.371025,0.0
87.21852,-62.74316,0.0,84.48738,86.84351,0.0
13.543429,97.16088,0.0,73.57581,-22.022963,0.0
74.067345,36.039455,0.0,98.74103,93.823364,0.0
-48.002304,-18.866732,0.0,-7.869049,-62.76387,0.0
17.467573,-87.98387,0.0,38.0324,-66.89615,0.0
37.84857,0.3822156,0.0,-66.77156,-54.005566,0.0
55.168938,-33.648937,0.0,12.784129,70.504486,0.0
0.032686338,-66.16735,0.0,99.41222,-9.701809,0.0
37.94203,-65.48213,0.0,-45.341114,0.72957987,0.0
-72.691895,75.72994,0.0,51.0366,-86.059906,0.0
-8.377156,46.340458,0.0,-26.186357,99.57945,0.0
-19.412539,-8.763295,0.0,-52.84645,45.377686,0.0
-14.590461,82.05147,0.0,93.85295,77.85161,0.0
-15.634363,-17.795786,0.0,81.5222,42.806534,0.0
-86.61805,25.487415,0.0,93.39508,56.966503,0.0
61.507057,40.486153,0.0,29.54374,93.83009,0.0
-99.49815,38.247032,0.0,40.210373,-59.99642,0.0
51.512043,-50.17866,0.0,-65.02615,-77.39865,0.0
-99.592445,93.173996,0.0,23.736109,55.94421,0.0
15.328139,-67.93252,0.0,43.40608,-0.91784924,0.0
44.924805,95.843956,0.0,97.991585,-71.14589,0.0
-63.385338,55.339275,0.0,54.84621,6.870005,0.0
53.671597,21.927341,0.0,30.036564,67.13751,0.0
-24.526968,89.020134,0.0,-32.23227,79.010185,0.0
73.999886,39.727394,0.0,-16.19579,-91.359604,0.0
-99.2324,-49.71355,0.0,-42.14071,-9.452261,0.0
19.2635,51.71591,0.0,41.523857,55.08666,0.0
-24.36502,45.56711,0.0,82.99361,-89.835686,0.0
66.93377,-61.0012,0.0,-98.21053,78.59414,0.0
75.29228,5.7578516,0.0,-24.66252,56.781673,0.0
-49.451973,-7.31226,0.0,92.1432,63.314384,0.0
16.484537,49.614635,0.0,62.353962,31.295727,0.0
-38.441822,-99.12869,0.0,18.795794,82.35201,0.0
-75.931366,55.347836,0.0,36.454784,11.870358,0.0
-15.661166,76.52341,0.0,35.18214,-85.76301,0.0
-49.19978,87.30138,0.0,33.749344,-35.43494,0.0
21.115479,-94.39839,0.0,89.79656,59.72908,0.0
-60.43893,84.923355,0.0,-84.74012,-75.49166,0.0
43.34718,95.996254,0.0,62.67109,78.553154,0.0
46.0414,8.775649,0.0,-49.77358,-28.837677,0.0
81.16247,-31.405933,0.0,90.840744,-73.66404,0.0
-84.63764,-36.084908,0.0,88.46706,-24.171719,0.0
-52.18672,51.60809,0.0,52.001106,-37.480396,0.0
66.543594,67.88855,0.0,-80.941345,-37.392563,0.0
72.5395,-22.666546,0.0,54.131454,51.053406,0.0
-77.902916,-32.728565,0.0,-43.095146,22.591803,0.0
87.60009,-66.91519,0.0,64.49852,82.556854,0.0
37.208076,28.014387,0.0,-46.418095,89.34786,0.0
99.57803,52.65893,0.0,-63.958073,-47.397118,0.0
-44.29095,83.89693,0.0,-12.880668,-13.845541,0.0
40.114326,58.233932,0.0,-50.68102,-36.992146,0.0
-73.350044,2.776639,0.0,-14.904418,88.28944,0.0
-95.33226,-87.98233,0.0,35.581593,-25.597511,0.0
-18.609241,81.25506,0.0,51.373337,96.28207,0.0
-93.254684,20.251516,0.0,-73.52407,-86.19159,0.0
-92.89295,-32.76934,0.0,43.98416,59.146862,0.0
-44.54182,67.80643,0.0,-55.860893,-94.341934,0.0
-43.576023,33.004562,0.0,71.27068,-72.623184,0.0
-58.284546,-21.035923,0.0,-98.1978,65.88934,0.0
-81.769615,80.66337,0.0,-26.52438,-81.836845,0.0
-9.461237,-5.6874137,0.0,98.46228,10.59507,0.0
26.402412,79.8472,0.0,-16.791533,20.112581,0.0
-48.773193,-23.598692,0.0,10.928848,90.10626,0.0
-15.498355,-70.53282,0.0,-82.64965,-22.594526,0.0
-70.92837,60.129494,0.0,-69.09227,-32.849495,0.0
61.956978,-71.825455,0.0,-75.37557,-24.349789,0.0
-45.190647,-62.776592,0.0,-81.530075,7.7573223,0.0
-48.978813,-85.43033,0.0,53.636925,33.171486,0.0
12.672246,-28.103878,0.0,85.776474,74.091156,0.0
47.677258,-96.204994,0.0,66.08293,-20.2826,0.0
-26.9937,77.11256,0.0,-11.5019,-38.107365,0.0
-71.02904,-49.314728,0.0,-60.232628,-72.77295,0.0
39.72563,-65.57306,0.0,-96.6643,-56.272076,0.0
35.638103,27.142141,0.0,42.73052,11.775338,0.0
8.880386,58.785244,0.0,-12.884435,75.89405,0.0
5.862438,-92.82992,0.0,-21.926048,75.10551,0.0
69.55599,76.08422,0.0,-31.73287,25.894695,0.0
49.73103,-85.76676,0.0,-69.969406,15.843707,0.0
-46.1367,90.4551,0.0,49.564846,-96.108826,0.0
31.474787,95.463356,0.0,-57.712868,-89.63771,0.0
97.38475,-86.59827,0.0,-84.05968,83.37516,0.0
99.77775,-50.91521,0.0,80.56252,83.610596,0.0
17.595695,99.69697,0.0,-40.06495,28.104555,0.0
67.17408,-37.66037,0.0,-5.9097424,-18.41697,0.0
72.502235,12.028311,0.0,-91.21908,-75.45936,0.0
30.250692,79.71307,0.0,50.725372,71.99928,0.0
29.579882,-23.599337,0.0,94.87049,89.939926,0.0
50.542297,77.40918,0.0,78.28455,-13.616758,0.0
-47.58145,88.0067,0.0,-72.44648,80.444565,0.0
-62.226063,45.844517,0.0,43.14698,-95.76554,0.0
78.847855,60.417297,0.0,89.5055,66.18501,0.0
33.630146,-82.35435,0.0,28.455664,55.998997,0.0
31.347773,62.244682,0.0,-6.3074055,-34.882557,0.0
-53.19937,-22.947836,0.0,-98.42678,49.212482,0.0
-83.81708,33.294716,0.0,-54.621895,22.496592,0.0
7.377778,16.227674,0.0,96.92615,53.08378,0.0
-53.434593,-26.960817,0.0,-99.56846,-82.49155,0.0
-65.58129,85.3197,0.0,-85.921394,26.008131,0.0
19.080017,21.3172,0.0,-50.23966,46.95059,0.0
-28.94171,80.75175,0.0,-0.7223351,-71.31347,0.0
13.852174,15.581829,0.0,20.075136,56.831814,0.0
-99.72694,-56.14566,0.0,-22.780231,72.99881,0.0
27.586834,-37.42084,0.0,-92.24133,89.729935,0.0
16.393583,-92.417656,0.0,32.940235,33.130455,0.0
-4.421555,79.89069,0.0,-40.02025,40.308743,0.0
-94.952705,24.210997,0.0,-53.844036,59.366653,0.0
76.82441,-47.555847,0.0,-34.484184,85.349686,0.0
-33.19287,92.7701,0.0,-5.397378,63.18756,0.0
26.56216,4.1886215,0.0,-32.66208,6.790613,0.0
-43.95147,62.893425,0.0,-60.315018,-50.877514,0.0
-25.32679,-89.42508,0.0,24.982813,-61.965157,0.0
-42.39096,-45.44177,0.0,-8.955891,81.56714,0.0
79.5228,-92.41006,0.0,90.55318,32.915882,0.0
26.864504,71.96872,0.0,-64.18082,49.133327,0.0
-37.936695,-5.5197,0.0,-55.297535,32.07855,0.0
69.49156,-78.062294,0.0,53.362534,-48.512276,0.0
-81.28073,-60.0141,0.0,-79.94657,49.90299,0.0
-84.84117,98.07961,0.0,75.35467,47.67738,0.0
90.5601,-84.35938,0.0,-40.584705,73.906334,0.0
86.60502,9.614766,0.0,-25.529894,-71.40384,0.0
-10.989499,50.774086,0.0,42.78559,-94.679955,0.0
-16.533007,-35.656006,0.0,49.960457,66.11222,0.0
-89.59838,-34.176212,0.0,-0.1316815,75.22182,0.0
96.14495,-79.73748,0.0,-46.063793,-86.79146,0.0
-61.451298,-39.499207,0.0,-73.64582,-23.406599,0.0
87.98402,-31.711386,0.0,5.219397,74.88827,0.0
-70.17349,-13.981487,0.0,85.87371,6.4855504,0.0
56.479717,-71.556206,0.0,-35.11107,25.677034,0.0
39.29841,11.004672,0.0,-22.091465,-95.012245,0.0
-37.842617,61.04645,0.0,90.55194,53.012478,0.0
-60.18771,66.78366,0.0,-48.844116,-69.227196,0.0
-97.45787,58.375538,0.0,3.696025,-32.986076,0.0
50.64179,27.601034,0.0,61.881138,-91.680565,0.0
45.641735,90.72808,0.0,63.28404,-45.5328,0.0
-87.41566,88.59223,0.0,63.081543,-35.56546,0.0
85.71025,81.10378,0.0,49.77559,20.645496,0.0
-8.642957,6.213131,0.0,-48.862976,56.823696,0.0
54.905457,-32.5983,0.0,85.70078,-75.1577,0.0
-66.45386,-22.626982,0.0,-17.320347,92.44262,0.0
-72.82586,9.523036,0.0,-78.23542,88.273224,0.0
90.68012,60.893475,0.0,-53.89658,97.306694,0.0
49.175907,-47.58582,0.0,30.829113,39.839783,0.0
-39.44398,84.14073,0.0,22.845846,69.72952,0.0
-64.80194,-81.67777,0.0,-33.274014,-85.38532,0.0
32.94652,-49.797268,0.0,-56.87767,-33.625053,0.0
-10.887524,8.9577875,0.0,97.68924,-16.63927,0.0
-46.893875,97.926636,0.0,63.855316,85.35846,0.0
56.21316,-41.491356,0.0,-58.039974,83.57475,0.0
-10.778784,15.503259,0.0,53.37175,49.156754,0.0
18.622587,64.98824,0.0,-72.94633,61.300396,0.0
71.35099,93.302086,0.0,13.822208,-88.3203,0.0
-75.08429,-96.09529,0.0,-70.73611,-39.571243,0.0
0.8256471,-28.320038,0.0,43.723145,-91.51658,0.0
-50.725796,82.60215,0.0,86.457565,-14.034818,0.0
-16.184292,20.041233,0.0,62.392918,68.2896,0.0
93.15054,82.67784,0.0,6.6982574,85.085304,0.0
-54.756855,94.553764,0.0,18.269697,-83.26845,0.0
74.7436,-65.305,0.0,-84.326584,-0.99631727,0.0
-25.370102,73.91873,0.0,-5.0222983,16.005936,0.0
-81.99347,-13.10637,0.0,-58.699757,58.84963,0.0
-71.363846,-89.251724,0.0,-84.470825,-44.340794,0.0
57.44956,93.08353,0.0,-0.979912,-62.901375,0.0
21.87853,-92.21931,0.0,22.452068,-82.06628,0.0
-97.88562,-73.863525,0.0,76.62671,-26.65468,0.0
70.85001,36.7162,0.0,-63.911606,-23.916203,0.0
31.441624,-1.6253779,0.0,-70.69692,13.442997,0.0
98.14952,-2.9311762,0.0,-32.998154,-9.928297,0.0
-22.62587,-25.767706,0.0,-81.673965,-46.505226,0.0
-75.58406,24.43972,0.0,76.55076,-79.77559,0.0
88.812996,35.794437,0.0,-73.17694,37.685246,0.0
-71.07079,-23.313887,0.0,-81.096725,94.718666,0.0
78.63491,66.812355,0.0,25.939247,-64.63236,0.0
-76.78327,9.930632,0.0,-30.466698,-41.084637,0.0
-66.33455,-95.09843,0.0,63.69466,84.92433,0.0
84.34247,38.796497,0.0,-72.77356,-88.56935,0.0
81.25421,37.26372,0.0,11.548857,-76.98688,0.0
-17.997719,12.950969,0.0,97.488304,-36.796112,0.0
-85.76871,96.05283,0.0,-35.918095,-70.96746,0.0
88.74639,-73.539955,0.0,89.47474,-40.254562,0.0
42.959843,-0.15242028,0.0,-35.762585,-39.976185,0.0
56.513954,92.42736,0.0,-7.482478,-13.157394,0.0
77.63558,-51.037853,0.0,14.87395,53.673004,0.0
-3.7319045,93.59231,0.0,-84.29208,-46.996666,0.0
-33.88272,70.66798,0.0,12.556002,49.925293,0.0
-5.2351627,51.16318,0.0,70.67178,-60.69636,0.0
65.66555,55.456432,0.0,-51.43003,4.1166687,0.0
-1.3764284,-89.84927,0.0,-78.02419,33.451263,0.0
-25.729778,-93.21253,0.0,-91.83003,-2.7432902,0.0
-89.23856,-69.56267,0.0,-87.297874,50.45135,0.0
-59.21692,82.5218,0.0,6.0694156,-78.793755,0.0
28.442963,45.60133,0.0,-22.598036,-65.44105,0.0
-28.799765,-38.88952,0.0,72.62588,21.376497,0.0
81.19039,80.192696,0.0,95.296555,80.36767,0.0
85.481476,-93.43271,0.0,49.784615,14.134278,0.0
34.4546,1.1206018,0.0,-68.241974,-39.803722,0.0
48.959297,-45.434193,0.0,-42.9338,-61.40374,0.0
19.153496,70.85576,0.0,-70.080086,92.753456,0.0
55.318924,-48.13505,0.0,-64.86886,-29.976385,0.0
-20.248156,-96.41811,0.0,-14.443104,53.002373,0.0
14.947884,-28.539928,0.0,-93.611946,73.59697,0.0
-99.83415,93.70487,0.0,-6.7509217,24.53782,0.0
29.94581,-73.47694,0.0,46.71627,22.466265,0.0
94.29361,95.41595,0.0,-33.697296,92.738014,0.0
-10.338155,21.066708,0.0,88.63533,62.47227,0.0
-32.70704,71.94405,0.0,73.42614,-27.30409,0.0
-3.9345734,-62.215527,0.0,91.72488,74.03466,0.0
-14.309563,-65.78333,0.0,72.8199,80.84556,0.0
86.08078,82.95844,0.0,44.4711,-54.77874,0.0
-8.445659,93.912346,0.0,-77.627884,72.143486,0.0
21.207994,59.583904,0.0,48.81149,16.56783,0.0
-1.1994545,-72.23345,0.0,-10.984755,-98.30859,0.0
91.43013,-59.459927,0.0,45.46314,35.348026,0.0
-88.992485,2.4489005,0.0,85.02716,74.547844,0.0
60.64387,81.8035,0.0,-49.416996,-92.39056,0.0
49.720024,17.751677,0.0,-13.099382,-35.396797,0.0
-12.527386,-5.6321073,0.0,-0.28039244,76.8208,0.0
-15.783699,93.661316,0.0,-10.616894,-65.065475,0.0
44.490025,-68.98701,0.0,96.33761,67.20589,0.0
35.06278,11.712672,0.0,25.611177,-34.553185,0.0
-54.926373,2.7700229,0.0,41.848682,61.158,0.0
92.844734,10.538319,0.0,-15.9541025,-38.099472,0.0
28.392754,82.544754,0.0,-19.443653,56.014206,0.0
80.25109,74.95483,0.0,36.988976,97.42843,0.0
67.26248,-56.875248,0.0,84.33659,15.539121,0.0
76.847595,-0.4390499,0.0,-17.012798,83.1537,0.0
-43.6098,27.828136,0.0,-60.128105,65.47828,0.0
-80.19554,69.30609,0.0,-36.278404,-64.06138,0.0
49.278603,98.53592,0.0,82.41189,-71.8917,0.0
11.790941,73.91121,0.0,9.521202,53.848587,0.0
-10.674532,-85.45648,0.0,-63.072376,77.845375,0.0
-28.958006,23.51009,0.0,-69.62198,98.691444,0.0
89.31536,82.12261,0.0,9.5354595,46.030216,0.0
-7.454571,76.551956,0.0,0.7146059,57.8026,0.0
-4.3435464,90.525475,0.0,-5.2348447,-7.0795884,0.0
-90.23191,1.445372,0.0,71.02304,30.14303,0.0
-59.48664,-71.04396,0.0,-22.487394,54.849747,0.0
75.601326,-32.96595,0.0,-99.11627,-40.52868,0.0
-76.78316,-66.72822,0.0,-86.8048,-69.64025,0.0
-57.871693,98.59256,0.0,14.155,-72.20834,0.0
62.190098,-99.45509,0.0,48.665974,-8.081631,0.0
54.596687,34.320908,0.0,93.15272,-31.494741,0.0
97.77751,20.485474,0.0,41.85344,90.25676,0.0
-99.71208,89.71137,0.0,-44.244938,-99.518425,0.0
-51.187218,-0.21339516,0.0,-98.648735,-1.2269709,0.0
-9.36316,-24.885,0.0,70.49593,-41.997387,0.0
1.4527323,46.802708,0.0,93.94317,-34.689777,0.0
-84.33558,78.72024,0.0,52.878994,-20.231586,0.0
91.40122,18.961542,0.0,-13.443402,-30.63492,0.0
-87.34571,-5.456436,0.0,-11.5221405,-19.7289,0.0
-48.528893,-87.751495,0.0,-7.1633544,73.767555,0.0
-88.49861,-32.60556,0.0,-93.555016,-28.385637,0.0
-82.79479,88.01706,0.0,85.01817,-54.58181,0.0
-15.42614,2.5852387,0.0,-3.1600144,7.6491303,0.0
24.35,97.721756,0.0,-6.2221723,-21.059114,0.0
-16.532488,-2.2855399,0.0,-56.416607,83.21502,0.0
-66.14591,-83.17679,0.0,-77.26879,40.775475,0.0
1.7879883,92.10248,0.0,-35.921482,-10.180163,0.0
94.26209,37.571064,0.0,72.454895,-38.410812,0.0
-48.820686,24.250454,0.0,-53.07137,-36.09288,0.0
35.324688,-41.067577,0.0,-81.86355,-29.289846,0.0
-39.07682,58.277336,0.0,-70.07969,-19.920103,0.0
-92.73237,37.014877,0.0,-55.776615,-96.896255,0.0
-91.292145,71.82718,0.0,72.10793,-77.70443,0.0
-77.58426,-99.05226,0.0,-82.50328,65.09124,0.0
32.913036,67.31568,0.0,-80.75547,67.20585,0.0
-57.951824,41.395195,0.0,46.167465,-0.4703461,0.0
19.055365,7.838758,0.0,93.76294,-3.1573737,0.0
37.89207,65.54217,0.0,23.482054,56.566185,0.0
25.981195,-89.34682,0.0,35.80947,74.853485,0.0
-95.904526,62.270325,0.0,2.3449428,23.762499,0.0
30.729664,72.99019,0.0,-54.81515,-5.5012994,0.0
31.266079,24.506525,0.0,-93.50903,-39.82717,0.0
-48.582516,-84.34537,0.0,-86.30072,-32.066853,0.0
31.772778,35.439507,0.0,5.02708,93.821236,0.0
-56.81226,27.671116,0.0,67.26233,22.441315,0.0
-8.14406,63.915302,0.0,84.061005,53.012398,0.0
41.630096,-29.964888,0.0,-11.062329,55.018604,0.0
-61.95146,-23.446173,0.0,83.27331,40.774235,0.0
15.687237,71.55503,0.0,-41.946575,12.656862,0.0
-36.29913,-98.929825,0.0,5.006815,-33.86371,0.0
23.331072,66.221275,0.0,63.14669,51.501663,0.0
-57.745857,-92.35729,0.0,59.114983,-78.647606,0.0
-20.212395,91.1711,0.0,31.362339,69.29555,0.0
30.69451,-16.16006,0.0,90.24475,78.89375,0.0
4.565199,60.42661,0.0,-62.345135,-29.867405,0.0
-59.468838,-23.32107,0.0,-17.456858,-10.253482,0.0
23.601969,76.80358,0.0,-65.29216,0.9233747,0.0
-57.337124,64.07466,0.0,58.350174,53.451244,0.0
-52.18092,26.08529,0.0,61.362335,93.26213,0.0
-58.53537,-23.559532,0.0,73.99155,48.03845,0.0
61.266712,11.444013,0.0,-8.406852,-23.504492,0.0
-61.80244,86.264244,0.0,72.01234,-44.402203,0.0
28.855453,49.46782,0.0,31.717182,57.67314,0.0
75.45583,15.741973,0.0,-81.8989,-68.717125,0.0
-99.18598,55.97264,0.0,-69.854546,66.984055,0.0
80.977104,-93.67962,0.0,-51.316353,-51.151314,0.0
83.46895,-9.426932,0.0,-3.697287,-70.94461,0.0
80.0272,-53.16033,0.0,25.841688,68.4844,0.0
-87.26387,-52.376286,0.0,-26.01706,-29.011786,0.0
5.871963,86.45038,0.0,-64.83301,-88.64565,0.0
49.6982,-13.495418,0.0,32.091137,94.01078,0.0
79.06191,-60.123913,0.0,-92.87206,80.992325,0.0
-49.850704,-50.099934,0.0,-76.71504,-80.44426,0.0
-84.46982,64.94385,0.0,80.401535,-19.355461,0.0
62.00914,-29.657183,0.0,-54.965816,-87.8246,0.0
-72.34916,-70.488976,0.0,-68.5982,40.50895,0.0
83.307724,-37.08673,0.0,32.249252,-23.679798,0.0
31.313799,-77.93868,0.0,83.567154,79.39468,0.0
-75.768906,-82.918304,0.0,81.88874,-61.275238,0.0
-65.130974,-77.0714,0.0,-46.637707,49.419556,0.0
-75.11118,3.0618799,0.0,85.521454,90.75419,0.0
71.56018,95.49196,0.0,37.69807,90.032814,0.0
-94.90154,-98.505226,0.0,-48.58105,74.660126,0.0
16.998817,-32.410503,0.0,-54.406826,-96.89502,0.0
-24.087656,-60.80656,0.0,-52.874638,-96.11781,0.0
-17.34305,-30.421198,0.0,55.549984,47.799793,0.0
63.97513,-38.04142,0.0,46.5966,38.360016,0.0
26.728966,80.359085,0.0,86.17878,-72.50117,0.0
-17.740519,67.256935,0.0,92.11751,-38.867756,0.0
-70.73527,67.76173,0.0,31.324062,-82.62305,0.0
-60.099144,91.87941,0.0,-2.9444997,-19.305353,0.0
-53.313198,86.05662,0.0,-70.263504,-20.566105,0.0
-30.070143,67.975525,0.0,-47.560802,-50.48304,0.0
-51.874905,8.445515,0.0,97.011665,14.501055,0.0
84.43994,-69.658676,0.0,13.390095,52.886574,0.0
69.375114,28.346262,0.0,70.20979,28.731153,0.0
65.51325,-26.026876,0.0,69.49874,-70.15779,0.0
51.19244,-21.149351,0.0,-67.80896,1.5899923,0.0
84.453964,88.70187,0.0,45.3351,82.3524,0.0
-72.82863,-14.041008,0.0,99.237495,-81.20596,0.0
38.9619,92.05964,0.0,45.757607,-46.66837,0.0
-21.871027,-88.46697,0.0,78.54692,75.94485,0.0
-81.70664,-24.520046,0.0,-68.75948,-39.334988,0.0
22.75838,21.78379,0.0,-77.48631,38.639416,0.0
-83.612274,-54.403088,0.0,93.613846,76.05185,0.0
-40.337967,-8.282464,0.0,-85.429276,-48.26047,0.0
-52.226818,-1.9849211,0.0,-42.06012,-68.52277,0.0
-24.82325,50.662365,0.0,4.204503,-96.21374,0.0
6.6133075,-83.68566,0.0,-19.980843,73.28886,0.0
91.02476,40.388737,0.0,-40.92942,-90.51805,0.0
26.664452,-33.357315,0.0,92.70577,-5.2858386,0.0
-95.3386,-92.46913,0.0,-70.17739,19.75042,0.0
64.91893,-36.572933,0.0,-99.13074,82.24913,0.0
-65.358536,-78.59831,0.0,46.141323,29.806282,0.0
28.470118,-99.801994,0.0,-13.784383,-7.043415,0.0
-9.54973,6.7350593,0.0,-90.04034,-31.091269,0.0
-82.197975,-65.1828,0.0,90.01969,-8.069478,0.0
-20.585398,80.94006,0.0,40.71277,73.92112,0.0
-46.69269,8.062285,0.0,33.40766,-99.05142,0.0
25.7885,-83.2367,0.0,48.37902,17.061228,0.0
42.079792,71.05117,0.0,-59.543804,-55.593777,0.0
19.162508,-90.98648,0.0,-61.72164,-52.308056,0.0
-77.273994,-2.9249237,0.0,82.87013,-75.22707,0.0
-26.847076,-62.868057,0.0,-22.641064,-66.74199,0.0
-84.9728,-30.820992,0.0,33.292004,-38.936813,0.0
-34.531452,-49.81763,0.0,-19.245907,64.288605,0.0
-83.54553,-8.08319,0.0,-38.707306,64.476234,0.0
-51.544262,65.04822,0.0,-74.460724,-61.03041,0.0
60.313824,-78.77231,0.0,-29.826014,-99.94523,0.0
-37.48395,82.21475,0.0,93.800385,-0.6447638,0.0
50.151134,22.940525,0.0,89.817566,-16.275211,0.0
-84.366516,0.86079985,0.0,94.85114,-66.94086,0.0
-6.279589,-66.633804,0.0,-10.932965,-3.9283926,0.0
46.35968,-76.16701,0.0,-23.751587,-78.70728,0.0
-79.46653,83.47156,0.0,80.68919,-31.418474,0.0
52.680946,38.009296,0.0,23.355099,60.676575,0.0
-22.586813,97.01847,0.0,-64.65222,-49.241604,0.0
54.52442,-52.92051,0.0,90.81703,77.28444,0.0
90.54363,-96.024704,0.0,-60.98065,-27.189379,0.0
-84.64426,58.010452,0.0,34.668633,1.0735399,0.0
23.182611,-33.37548,0.0,35.64725,-82.89142,0.0
-95.46639,56.844288,0.0,67.4029,-93.97321,0.0
-94.46674,80.319984,0.0,-77.04624,37.06612,0.0
-70.948875,3.6837282,0.0,-3.1864784,61.044983,0.0
39.099224,-11.546176,0.0,81.44618,21.607342,0.0
99.44808,-3.579012,0.0,-51.652042,82.90436,0.0
-66.14446,36.93441,0.0,28.841513,19.7338,0.0
-91.287926,55.724354,0.0,65.84213,7.448648,0.0
-33.188946,-63.132565,0.0,-24.016787,19.678036,0.0
88.73636,-0.62951446,0.0,-75.75825,43.996113,0.0
63.625282,-99.41435,0.0,-13.600047,23.055744,0.0
58.82942,-90.32668,0.0,63.575237,-63.07177,0.0
-40.769917,-77.94427,0.0,-47.954594,54.504772,0.0
68.70306,43.858356,0.0,64.04623,20.284061,0.0
99.32842,-41.3277,0.0,-75.9827,-70.52984,0.0
23.833359,-37.77054,0.0,-41.915314,-94.242615,0.0
55.664574,8.74549,0.0,-16.809818,-87.46554,0.0
-50.976013,0.06848403,0.0,4.2510533,80.01361,0.0
96.60571,-42.54918,0.0,36.765083,-3.9714146,0.0
80.05401,-66.8756,0.0,-84.863014,-70.539246,0.0
85.31319,-79.59781,0.0,48.961693,-35.541515,0.0
-48.27206,-30.256584,0.0,90.801956,-62.864098,0.0
-92.93982,68.734566,0.0,26.270203,-3.9478176,0.0
-7.4305687,90.448425,0.0,44.258923,90.38808,0.0
-0.9889838,-69.13953,0.0,-45.707596,85.80268,0.0
-5.0750446,1.6891046,0.0,15.622034,-97.422905,0.0
61.52197,-22.845167,0.0,82.38535,43.462246,0.0
32.699715,-67.87833,0.0,-61.11643,-49.939598,0.0
-37.522327,6.998831,0.0,-95.364784,58.34616,0.0
94.867004,66.01003,0.0,-36.506985,12.677389,0.0
4.025718,87.24635,0.0,-94.76654,60.501053,0.0
47.483475,-44.795673,0.0,-7.5522084,-64.142624,0.0
47.380386,-65.585594,0.0,-5.5616035,97.77002,0.0
55.588127,35.473362,0.0,70.46491,-30.869745,0.0
94.92413,-93.92745,0.0,50.40157,22.10825,0.0
-98.46474,-7.4422865,0.0,93.82371,-8.950584,0.0
-44.944664,-88.37611,0.0,-56.856003,39.939415,0.0
52.453403,-87.79446,0.0,99.480545,4.5372787,0.0
39.779953,1.3638337,0.0,-64.27303,8.032893,0.0
6.950983,-34.93192,0.0,-94.035164,51.886723,0.0
-18.974783,74.504105,0.0,4.941513,-95.54993,0.0
-24.943558,-77.28047,0.0,-82.80085,36.057842,0.0
-76.44621,67.654724,0.0,77.06515,83.5986,0.0
-64.48603,-91.409966,0.0,-97.20889,-2.3971906,0.0
-17.765177,24.368923,0.0,-22.817371,-92.286285,0.0
-68.48385,24.294811,0.0,43.63064,-16.688377,0.0
78.75861,66.00291,0.0,76.02681,-93.25944,0.0
-60.16729,-1.0017653,0.0,-45.47733,28.524878,0.0
41.54384,79.23836,0.0,33.481308,-31.21451,0.0
-36.0313,-23.96539,0.0,53.216087,-59.895477,0.0
48.506207,-86.23143,0.0,49.688103,44.18924,0.0
95.87044,-36.200554,0.0,-65.67395,13.234873,0.0
-56.560604,85.70913,0.0,90.60984,21.949121,0.0
-72.34909,-95.93467,0.0,97.49786,22.696812,0.0
88.500854,83.54578,0.0,48.814842,-2.5050967,0.0
44.845642,-22.868263,0.0,-85.324326,62.546013,0.0
42.104393,55.927067,0.0,35.027065,-75.38763,0.0
-6.125682,66.467865,0.0,-68.791306,92.466736,0.0
-20.034634,-33.97712,0.0,18.766039,67.51561,0.0
52.67601,92.54907,0.0,-34.0027,-36.617588,0.0
-24.68953,87.64179,0.0,-36.941967,-82.54315,0.0
-31.97665,-56.599228,0.0,-49.94944,45.099945,0.0
-51.91089,-18.692337,0.0,73.16829,87.776665,0.0
-94.30863,43.224182,0.0,86.13655,26.449781,0.0
-23.248432,-32.084465,0.0,94.33269,-25.93681,0.0
-14.730284,-79.16355,0.0,-36.497555,25.674961,0.0
79.515656,69.94478,0.0,-58.8063,-17.679644,0.0
-48.77581,-12.859037,0.0,-54.487923,-79.48569,0.0
-55.213062,-77.52676,0.0,-74.23297,-83.720535,0.0
-22.692656,75.70078,0.0,-43.04124,18.268604,0.0
-75.15899,42.543266,0.0,48.137566,-68.71692,0.0
64.51266,33.783623,0.0,86.55676,87.84979,0.0
-1.2599399,61.65246,0.0,-6.0637994,79.19097,0.0
61.645775,30.038002,0.0,41.222534,68.9929,0.0
-87.55259,61.60115,0.0,-55.39958,-71.30693,0.0
-19.569902,-86.67558,0.0,3.2101603,-30.805506,0.0
46.507534,-51.805447,0.0,-28.049631,-68.90747,0.0
-94.081604,13.883938,0.0,19.876049,-84.307175,0.0
-83.54283,16.721481,0.0,-80.228714,-61.51436,0.0
-26.058912,-78.24965,0.0,-88.930016,17.758207,0.0
97.916435,6.740078,0.0,-42.204597,31.535488,0.0
-54.886703,33.14684,0.0,9.410172,-26.672949,0.0
-20.074842,-31.193981,0.0,40.707657,34.39152,0.0
48.55472,-12.320909,0.0,89.80716,-57.73958,0.0
2.50089,72.572556,0.0,85.4574,-79.86885,0.0
88.22516,-54.072693,0.0,71.77615,84.185905,0.0
79.842514,-55.223972,0.0,51.728645,-47.085865,0.0
-60.98709,11.329847,0.0,49.375317,49.345387,0.0
-89.94621,26.861956,0.0,57.419273,28.444008,0.0
-16.449585,50.01435,0.0,-29.305735,88.266975,0.0
-90.24687,9.621609,0.0,-88.569145,99.23807,0.0
3.3099198,-22.471819,0.0,62.4535,-69.67491,0.0
-90.30346,-97.95922,0.0,-94.83806,79.88221,0.0
-39.68495,10.541871,0.0,54.435555,-27.418291,0.0
95.0332,21.811459,0.0,36.88355,-89.22789,0.0
73.640045,-85.924126,0.0,-44.770782,-42.471302,0.0
76.75183,-98.64861,0.0,27.862238,60.03183,0.0
-68.171455,-41.252502,0.0,43.850567,24.203718,0.0
12.732289,-78.168396,0.0,-22.181664,80.46891,0.0
31.744944,-12.562614,0.0,-55.297348,-89.187904,0.0
91.45013,-99.59944,0.0,-76.004326,-96.31127,0.0
30.860039,36.205585,0.0,-54.61479,-34.988033,0.0
-66.787636,8.952506,0.0,-78.22652,74.62221,0.0
95.27398,-99.127426,0.0,84.11528,30.488123,0.0
2.1334722,11.372798,0.0,-8.550956,67.04764,0.0
65.684265,-93.28163,0.0,56.51282,-40.608643,0.0
48.46099,55.20526,0.0,72.29079,48.891148,0.0
81.79343,93.90675,0.0,73.77647,92.49585,0.0
-37.608486,-30.446285,0.0,73.52175,92.95777,0.0
-43.11594,-46.550602,0.0,75.84981,-67.504166,0.0
-85.38396,64.36984,0.0,-61.102005,-7.449351,0.0
89.01504,37.981365,0.0,41.756073,63.9659,0.0
86.52604,-39.54906,0.0,-84.79728,-7.7933106,0.0
-85.06793,-69.261765,0.0,80.252235,45.09556,0.0
-12.142349,75.00543,0.0,7.1493015,99.898605,0.0
-1.7693623,-16.15261,0.0,-41.75413,61.50232,0.0
44.15733,-79.8815,0.0,-56.227806,-15.158898,0.0
-31.293217,-98.803825,0.0,15.068936,93.05362,0.0
32.95091,-80.206314,0.0,90.162384,42.071423,0.0
-78.78786,32.057636,0.0,30.54744,22.580334,0.0
80.56387,2.287779,0.0,-52.07765,-63.823795,0.0
-67.2991,-6.27791,0.0,18.96775,-34.584503,0.0
-93.670906,-58.4542,0.0,86.194405,90.03254,0.0
77.11726,-92.11539,0.0,-0.4056911,92.94019,0.0
93.85423,71.41532,0.0,-99.36376,-94.51319,0.0
-16.260792,12.853325,0.0,78.966576,29.047077,0.0
33.933025,-15.905606,0.0,-26.08202,51.89762,0.0
4.9297676,78.380936,0.0,47.73988,-8.851577,0.0
32.10113,43.954426,0.0,61.71091,-71.135635,0.0
18.584488,63.76511,0.0,-56.520714,89.87787,0.0
17.686708,11.390417,0.0,31.159258,-0.5952691,0.0
68.61035,97.69912,0.0,55.643982,-43.50814,0.0
-63.14952,34.00478,0.0,29.338297,-22.06804,0.0
-40.872833,46.801826,0.0,38.712772,70.69057,0.0
78.364624,18.568312,0.0,81.68756,-11.692656,0.0
43.997833,-54.675377,0.0,-9.264989,78.89758,0.0
36.653053,81.45428,0.0,-36.398365,-38.39954,0.0
67.45022,-37.843784,0.0,66.794914,11.448377,0.0
88.912796,17.624887,0.0,-81.20205,-98.70895,0.0
69.255486,81.078636,0.0,-9.623498,-98.18738,0.0
86.04284,61.77417,0.0,-44.64662,92.75884,0.0
87.621,-42.417603,0.0,32.696518,-92.71323,0.0
-9.086494,-8.684946,0.0,-15.4914055,-76.90122,0.0
62.053833,42.86142,0.0,-16.420435,68.30371,0.0
11.694706,-28.966486,0.0,4.1483326,10.569464,0.0
-72.43187,-32.021603,0.0,-59.803814,-95.212105,0.0
92.69794,-46.082508,0.0,70.324486,91.73278,0.0
-43.44386,35.871098,0.0,91.860825,16.210947,0.0
23.291435,-60.84319,0.0,-3.6492584,-87.42192,0.0
-76.14558,16.899233,0.0,-46.861404,28.21835,0.0
-52.367023,0.10007414,0.0,-9.274126,-87.673195,0.0
-79.39257,80.89276,0.0,13.720847,56.06765,0.0
-79.50474,92.66029,0.0,97.707436,-44.572502,0.0
-54.93637,-35.490704,0.0,87.6683,-14.749637,0.0
73.88236,93.65092,0.0,27.494186,-29.862703,0.0
-72.71473,-97.0354,0.0,78.05776,-29.107609,0.0
89.53297,8.63465,0.0,89.42649,29.195549,0.0
34.03709,-64.96503,0.0,-94.34706,-97.017944,0.0
48.859344,-70.6871,0.0,51.686527,12.215296,0.0
83.0108,31.781836,0.0,-81.99033,91.17456,0.0
32.907253,61.136242,0.0,58.95336,12.42069,0.0
-63.789684,-75.752335,0.0,-65.72935,79.818275,0.0
50.54008,50.082096,0.0,-3.1630244,57.150215,0.0
-35.195526,22.265797,0.0,70.61374,-37.434895,0.0
-41.104115,-92.52553,0.0,-83.16939,-25.277481,0.0
-80.72126,-76.785934,0.0,-73.93236,-97.13504,0.0
-37.919834,3.3482294,0.0,70.80386,93.02387,0.0
30.958313,-21.556398,0.0,-74.270035,31.061937,0.0
51.965324,-71.67627,0.0,-87.289795,-18.37197,0.0
-79.46342,-1.2060877,0.0,-10.25997,70.009514,0.0
6.348407,94.42875,0.0,53.66352,-83.25292,0.0
-93.30925,30.290424,0.0,89.55178,63.106773,0.0
45.859287,59.17875,0.0,-34.20971,24.594372,0.0
90.957184,3.5273273,0.0,82.28576,-89.3472,0.0
-27.825356,-80.76208,0.0,-80.97285,23.727499,0.0
1.0320292,94.94297,0.0,50.434425,9.495933,0.0
37.431873,5.956786,0.0,-46.007214,-68.06884,0.0
-85.13122,-46.549603,0.0,-50.051598,16.88902,0.0
-37.29409,-2.3799882,0.0,78.36572,-65.39643,0.0
82.922386,-95.82947,0.0,41.335114,-36.13149,0.0
-11.910058,-35.45994,0.0,-49.627625,-5.459005,0.0
-95.98548,94.076614,0.0,-71.63497,-83.19891,0.0
-17.957748,-75.65116,0.0,63.697067,84.83873,0.0
23.432564,64.262276,0.0,-43.12389,-26.23388,0.0
-77.33787,88.57352,0.0,67.07644,15.7604885,0.0
-38.52362,-96.26177,0.0,-56.729553,-58.805813,0.0
71.86049,-60.079113,0.0,78.617645,42.921425,0.0
-59.93412,-4.050724,0.0,-32.349785,83.14328,0.0
90.012115,52.230534,0.0,-55.20948,-24.289995,0.0
75.05412,34.425915,0.0,6.526611,90.02115,0.0
-25.280334,-93.96588,0.0,-99.65674,79.28503,0.0
4.339076,80.99653,0.0,-74.53561,8.403734,0.0
-35.364918,66.13679,0.0,-33.071033,-88.73788,0.0
-48.57209,-84.10505,0.0,-87.42724,85.228966,0.0
-1.2269198,73.04591,0.0,80.09044,2.8704307,0.0
9.618047,-76.01077,0.0,-85.15046,-52.01737,0.0
35.357563,-69.81487,0.0,91.0942,-34.288948,0.0
54.366592,-96.55489,0.0,-54.466,-51.124584,0.0
68.70318,-30.8643,0.0,88.86673,-88.71932,0.0
73.7309,28.479345,0.0,-67.74777,-94.63381,0.0
30.730927,-5.3697243,0.0,37.0387,18.272383,0.0
-65.880264,-21.675821,0.0,-61.60857,40.522884,0.0
-34.144855,67.88067,0.0,52.48393,44.176617,0.0
38.147743,75.78155,0.0,-59.070087,55.60739,0.0
-11.643447,14.28878,0.0,-98.9492,-18.272823,0.0
-50.206696,-27.277504,0.0,-96.28031,-18.653214,0.0
-6.649886,-61.185074,0.0,-43.064648,-78.388794,0.0
76.21013,60.11843,0.0,31.762005,-29.273653,0.0
-99.3384,91.59257,0.0,-70.103134,3.1581488,0.0
-31.564459,-72.5999,0.0,-56.050705,33.213623,0.0
97.55212,-57.07547,0.0,-51.49603,-51.374203,0.0
73.13864,-51.433235,0.0,38.57707,-30.388304,0.0
-40.92889,42.457127,0.0,-92.88542,-39.2905,0.0
-50.32183,-47.80123,0.0,51.45175,-31.490545,0.0
76.35229,5.5581546,0.0,-90.99464,36.14179,0.0
18.191656,-77.50437,0.0,-69.81851,97.00104,0.0
-86.02848,-8.457551,0.0,70.484055,-28.774807,0.0
-81.56931,-58.993683,0.0,54.671574,-55.21831,0.0
15.705201,95.248924,0.0,77.1495,-84.486336,0.0
94.91008,-4.644165,0.0,63.90935,55.103573,0.0
-70.94438,7.270136,0.0,-82.5006,-75.047775,0.0
89.11955,72.9548,0.0,40.42218,12.990308,0.0
-3.7748606,-33.326435,0.0,-10.175314,14.132919,0.0
40.395832,20.999928,0.0,-61.79821,67.14491,0.0
76.56047,63.963474,0.0,-33.163,27.748518,0.0
-68.11907,55.16088,0.0,22.706253,-33.674763,0.0
10.493463,-97.510925,0.0,32.44424,-88.777504,0.0
65.957054,-48.925186,0.0,-25.589457,59.93706,0.0
-58.47356,66.21655,0.0,83.52091,16.953823,0.0
-41.554634,-58.6486,0.0,81.697174,-45.325905,0.0
-53.565403,3.8780491,0.0,31.829727,97.50232,0.0
42.13912,91.11097,0.0,88.61149,49.635654,0.0
92.20531,-75.50133,0.0,-22.064888,46.96742,0.0
96.29176,44.550655,0.0,-10.530391,-63.945377,0.0
62.01076,-61.57199,0.0,3.1621437,-29.666262,0.0
24.363804,85.28639,0.0,-16.091072,-4.308812,0.0
-48.384247,-1.7614598,0.0,16.124897,-92.9687,0.0
-42.15209,81.79614,0.0,42.21043,-29.068998,0.0
40.36386,-18.73964,0.0,49.50463,83.244385,0.0
78.45968,83.55359,0.0,7.4248133,-35.722855,0.0
66.733376,74.35806,0.0,-8.614249,58.827744,0.0
-84.93887,-57.12744,0.0,-72.110916,-94.175934,0.0
25.678234,68.137955,0.0,-16.581066,-95.515434,0.0
56.7124,-72.773544,0.0,26.990463,-98.548325,0.0
87.23113,-12.506241,0.0,43.134632,-69.72981,0.0
-52.03295,18.787857,0.0,-93.02028,-90.36762,0.0
-4.1587768,90.99638,0.0,-45.840973,56.295216,0.0
-17.87254,85.15887,0.0,51.996372,50.96684,0.0
-70.25365,-66.41898,0.0,-15.75648,-35.96221,0.0
38.090023,36.66412,0.0,9.6509,72.47191,0.0
47.671215,45.81761,0.0,37.998985,-80.50459,0.0
-49.468994,67.36773,0.0,94.74096,-82.03569,0.0
-11.60905,55.421947,0.0,89.68509,-45.104263,0.0
-95.35448,49.477486,0.0,-12.204256,62.97629,0.0
30.40181,-51.875202,0.0,57.19385,-80.55376,0.0
83.962746,12.427574,0.0,-68.38591,-20.668718,0.0
97.983696,-47.465538,0.0,-84.876434,46.174503,0.0
92.67994,-22.86386,0.0,-12.946714,-1.6041837,0.0
92.18403,7.187012,0.0,-2.3008764,-19.622562,0.0
-88.18029,-77.66631,0.0,93.18186,61.72698,0.0
-51.986298,61.949154,0.0,-65.13185,-98.1871,0.0
-10.060673,-8.429239,0.0,-52.126247,-60.467144,0.0
10.508615,94.31869,0.0,-19.427853,-5.182248,0.0
-44.336666,56.6614,0.0,-37.40619,-37.39155,0.0
-82.28587,-1.1941609,0.0,5.318136,-64.74716,0.0
-5.002692,-32.931618,0.0,81.13044,-48.425922,0.0
-23.037752,66.60033,0.0,23.162304,-37.640778,0.0
19.049751,-82.50995,0.0,29.667738,-32.865654,0.0
-36.871033,6.6447353,0.0,-4.0884533,74.60303,0.0
38.16585,-41.93478,0.0,-96.91855,-29.743698,0.0
43.35376,23.074337,0.0,-60.525684,58.553413,0.0
31.434351,-42.801178,0.0,-64.085976,-62.78814,0.0
77.91667,76.28238,0.0,95.186646,-56.19497,0.0
-95.569954,-72.70966,0.0,-65.864265,-87.42372,0.0
18.938995,-72.09527,0.0,2.9353998,-28.117203,0.0
65.406364,9.249322,0.0,-98.35364,84.753365,0.0
-42.917603,-53.658348,0.0,96.23916,71.70948,0.0
-46.581547,34.18514,0.0,-34.725243,19.120218,0.0
-58.44211,17.681093,0.0,81.18996,92.329,0.0
-55.27741,31.29399,0.0,9.470825,-33.552105,0.0
-87.81625,-84.13344,0.0,-14.289118,24.805346,0.0
15.634226,58.85498,0.0,79.34689,-61.274803,0.0
-44.23788,-26.415106,0.0,69.54348,78.722946,0.0
-73.9906,97.9613,0.0,-14.964969,1.1318082,0.0
-97.0264,69.21653,0.0,96.59936,22.347141,0.0
59.056458,79.36575,0.0,-37.113277,-37.57933,0.0
-97.374596,95.542206,0.0,-49.023193,85.3328,0.0
64.83338,39.866913,0.0,86.442955,-97.629486,0.0
-80.87755,-23.721321,0.0,2.6321843,-33.68412,0.0
94.7049,-0.25510007,0.0,76.2817,-54.268368,0.0
-92.50433,3.9507184,0.0,-12.549277,85.05319,0.0
-0.96414715,59.549343,0.0,45.91589,97.04119,0.0
-42.55608,-13.512089,0.0,72.26472,7.3005095,0.0
-63.83787,29.354988,0.0,98.5574,24.518175,0.0
-80.103676,29.587324,0.0,-19.71215,60.97409,0.0
2.3332381,-80.06003,0.0,-43.561962,36.00848,0.0
50.136078,-60.45899,0.0,-84.22621,-59.120716,0.0
-5.1504602,6.0476108,0.0,-50.55244,-31.193481,0.0
-92.90996,96.66389,0.0,-65.36335,46.999283,0.0
-23.365469,-90.707664,0.0,40.795773,45.85597,0.0
31.019526,-58.01093,0.0,16.010912,15.397217,0.0
-90.522224,-57.025993,0.0,78.85273,60.43704,0.0
99.68913,-1.4836336,0.0,53.211548,41.55708,0.0
-9.862378,53.57419,0.0,32.05268,16.873142,0.0
31.075254,-46.892464,0.0,-84.501595,83.06439,0.0
34.957188,72.46672,0.0,-45.848255,-17.41374,0.0
94.09567,-89.01751,0.0,-53.782932,27.63961,0.0
-32.196236,-76.01665,0.0,-6.0600743,-29.080378,0.0
72.40215,-93.402504,0.0,0.2425098,73.08125,0.0
90.723236,52.627365,0.0,-54.07654,-27.537224,0.0
66.46911,86.78345,0.0,74.99647,47.310665,0.0
13.510743,48.852787,0.0,13.348098,98.19745,0.0
98.7486,-68.08794,0.0,32.101913,-39.959843,0.0
-33.323982,-48.527054,0.0,15.94356,-20.289974,0.0
47.27796,93.557434,0.0,-77.023384,16.14498,0.0
76.48001,32.329395,0.0,42.14476,-32.333496,0.0
-87.74842,-28.193619,0.0,85.47805,-24.358784,0.0
-86.40972,-85.8174,0.0,28.33661,-36.86479,0.0
91.5866,-77.91573,0.0,0.9668364,8.091149,0.0
-11.953777,78.762634,0.0,-68.49838,33.305676,0.0
-16.967323,45.497356,0.0,71.70164,-26.754023,0.0
-6.8705964,-12.714706,0.0,-99.36379,45.437958,0.0
10.79887,21.745514,0.0,64.83282,-96.03786,0.0
40.97129,-6.8003097,0.0,-39.081287,-89.89155,0.0
-34.082573,20.784256,0.0,24.431576,4.289054,0.0
34.19037,-25.037157,0.0,-30.527918,4.015271,0.0
-58.481728,-78.74534,0.0,-12.044584,-27.167784,0.0
70.13146,-35.40124,0.0,3.0668495,65.20434,0.0
32.051662,78.16427,0.0,-62.151424,42.283024,0.0
-99.17864,8.674454,0.0,-57.69601,-77.01525,0.0
51.92795,51.024376,0.0,85.69904,71.71786,0.0
94.83246,-23.186079,0.0,-45.705387,17.95323,0.0
99.98199,17.615469,0.0,-35.789875,-56.932026,0.0
-90.79038,54.022636,0.0,-98.80928,53.71877,0.0
-2.367677,83.89997,0.0,5.376405,21.448046,0.0
-22.448336,80.18049,0.0,-31.633015,-98.27123,0.0
47.47613,62.724747,0.0,-11.20204,76.244225,0.0
95.3121,97.63614,0.0,-44.328007,-84.90376,0.0
92.00237,64.092255,0.0,70.789696,-65.56115,0.0
60.290363,5.867523,0.0,94.94558,-37.614445,0.0
-54.78828,-59.419804,0.0,-84.37458,80.85298,0.0
71.103195,28.094255,0.0,36.53755,97.04925,0.0
-18.20512,-4.662529,0.0,-78.88783,-78.700584,0.0
-68.26065,-63.670937,0.0,53.48651,98.91292,0.0
-37.980457,97.727425,0.0,-42.261307,95.506065,0.0
61.40516,32.212654,0.0,-93.55203,-44.930054,0.0
-29.80659,91.51221,0.0,-2.7064729,69.02726,0.0
65.887665,50.21767,0.0,50.745735,56.0015,0.0
-72.52318,7.223347,0.0,19.936666,67.16079,0.0
-78.55882,-13.115048,0.0,-1.3315731,11.339219,0.0
43.61189,71.9593,0.0,-31.17114,-48.424286,0.0
-56.219048,-28.09957,0.0,77.32552,-84.07885,0.0
73.89278,15.213452,0.0,-84.0548,60.625946,0.0
46.318317,-19.510263,0.0,-14.514223,-62.85822,0.0
-44.059402,39.070663,0.0,49.74604,-78.61777,0.0
-11.775682,45.99572,0.0,-56.324684,-69.96352,0.0
65.65964,25.500446,0.0,-52.365807,69.61778,0.0
-6.3091464,-20.129925,0.0,24.98676,73.503525,0.0
49.515324,-9.84506,0.0,-97.706856,-71.35911,0.0
91.90577,97.36289,0.0,0.9672417,-19.56421,0.0
-96.918915,-8.067413,0.0,-48.64706,-39.360336,0.0
69.54398,-68.39397,0.0,-93.613144,-27.8123,0.0
39.664932,-19.619429,0.0,-88.52015,58.18187,0.0
90.304405,-40.712162,0.0,57.337902,-57.29185,0.0
-15.378182,23.241503,0.0,84.40675,25.141163,0.0
-52.65923,-17.616228,0.0,-59.084854,15.551566,0.0
-66.21299,-44.281933,0.0,-64.5979,-82.25949,0.0
73.43203,64.35026,0.0,-30.225817,32.680912,0.0
59.999252,24.829329,0.0,54.363373,-56.41621,0.0
-9.6546135,-74.66944,0.0,57.6078,5.339709,0.0
40.790348,-2.0825107,0.0,-51.004993,15.037915,0.0
65.998726,5.955725,0.0,1.5667703,93.13904,0.0
99.45312,-23.609774,0.0,-62.28021,-1.7776895,0.0
36.2102,38.1348,0.0,-85.06734,52.28205,0.0
-47.92628,91.632706,0.0,-12.554832,24.444195,0.0
98.26263,66.26312,0.0,-55.66014,67.102295,0.0
80.23464,-46.43692,0.0,-6.159225,93.255684,0.0
-72.15514,48.41931,0.0,-86.81405,88.48849,0.0
86.0383,-33.624184,0.0,-38.45939,-37.635326,0.0
-77.190285,17.763037,0.0,64.991035,-37.166405,0.0
95.82105,-43.095093,0.0,54.914253,73.66651,0.0
42.722336,95.67533,0.0,91.99468,-15.759755,0.0
11.988705,24.90102,0.0,-68.51115,-58.11801,0.0
33.344585,-85.492325,0.0,10.364653,76.58853,0.0
84.441124,-60.712982,0.0,-35.825256,-25.825203,0.0
-36.377876,8.663606,0.0,-77.71178,-90.86261,0.0
-95.769554,58.122974,0.0,-4.5954413,47.955692,0.0
-92.284744,38.20548,0.0,48.725136,-60.980648,0.0
26.28143,73.75549,0.0,-5.6421223,-27.779959,0.0
-87.39674,11.173971,0.0,-77.43982,-3.534187,0.0
-97.0642,46.41768,0.0,-68.74435,-73.747215,0.0
63.147896,83.76917,0.0,49.37695,-85.39432,0.0
-0.6619411,11.512188,0.0,-12.27702,46.640102,0.0
-53.226387,-43.43477,0.0,90.966385,73.436806,0.0
59.555637,-68.331116,0.0,-93.150345,34.114746,0.0
-45.910023,73.25669,0.0,-57.38839,-87.03131,0.0
75.18678,-64.78659,0.0,-47.01856,-84.72134,0.0
93.03934,18.624063,0.0,-16.62705,53.128574,0.0
84.93149,14.695684,0.0,-31.691702,-7.99241,0.0
-43.368484,-23.169502,0.0,16.002604,84.58446,0.0
57.667027,70.08559,0.0,-99.06755,-66.65064,0.0
-8.917412,97.357956,0.0,78.98109,-96.945946,0.0
-98.69755,39.36871,0.0,50.287193,6.9643335,0.0
9.913202,-94.16346,0.0,48.328392,86.61252,0.0
15.178786,-31.367542,0.0,-31.4526,-28.897675,0.0
-45.215794,93.42066,0.0,67.28863,-66.341545,0.0
-24.034258,18.746027,0.0,25.498407,-72.75718,0.0
98.31955,-53.466763,0.0,54.419914,-48.99907,0.0
90.817474,-59.45668,0.0,61.633663,-26.205956,0.0
-98.47837,-92.2312,0.0,84.9445,-50.60212,0.0
37.699886,31.099705,0.0,-40.720398,-18.073242,0.0
-57.207653,94.40842,0.0,-71.44303,-79.77496,0.0
-35.554047,-94.33701,0.0,96.27074,-74.43694,0.0
40.161297,87.53467,0.0,-36.04566,-46.189785,0.0
80.30679,77.452354,0.0,32.14691,-43.29628,0.0
87.02601,23.818148,0.0,-60.011696,-30.614262,0.0
-49.608498,-94.92861,0.0,83.740654,25.380184,0.0
43.97522,55.89779,0.0,-76.71271,73.40583,0.0
-57.93523,-20.959858,0.0,5.047655,61.84368,0.0
45.45811,71.51127,0.0,98.84563,35.494507,0.0
-52.34945,-80.6672,0.0,-83.46154,-34.02463,0.0
-40.645416,-20.855282,0.0,20.971443,51.23266,0.0
80.755104,-8.106275,0.0,77.72205,-45.13131,0.0
-76.20375,25.878191,0.0,-90.8216,26.312634,0.0
-54.02666,24.584118,0.0,53.264057,29.397556,0.0
64.69071,49.14823,0.0,-58.39067,75.22796,0.0
-68.61146,-18.043123,0.0,-69.00451,89.93578,0.0
-62.61809,8.407083,0.0,-43.500233,-35.306534,0.0
-20.83898,-76.90502,0.0,82.10869,-15.818125,0.0
82.991356,-77.48742,0.0,73.96263,68.40247,0.0
-82.67596,-99.28671,0.0,79.68465,-56.44029,0.0
39.493702,-11.527073,0.0,-22.791426,53.378685,0.0
94.716125,51.164364,0.0,-69.00427,1.84289,0.0
-69.938934,28.265701,0.0,96.25533,-78.114426,0.0
-33.31607,-28.127838,0.0,55.201077,-53.366276,0.0
-91.40767,-74.23121,0.0,-18.245163,8.290226,0.0
-17.474617,70.35898,0.0,-64.50721,62.822945,0.0
68.00593,57.086327,0.0,0.6848518,-81.14684,0.0
-41.372097,26.084148,0.0,-94.70569,97.67171,0.0
83.88929,-22.97889,0.0,-91.294426,41.126396,0.0
10.068695,81.54324,0.0,-34.551495,-78.87489,0.0
-44.957672,3.1952379,0.0,80.876045,-82.36015,0.0
-8.843552,-93.5125,0.0,22.967365,16.389425,0.0
-17.30172,5.723627,0.0,-66.242455,-42.984123,0.0
-36.238518,37.21206,0.0,-24.516031,74.23968,0.0
-2.7034457,-33.190895,0.0,-78.6358,-52.23097,0.0
34.311947,-51.98111,0.0,-57.663967,73.44756,0.0
-58.994114,-75.88398,0.0,5.9727864,-60.658875,0.0
-42.51256,94.09493,0.0,-78.68004,-2.035993,0.0
-42.183994,78.822495,0.0,-85.75584,-35.000008,0.0
-41.53538,42.858425,0.0,-34.936382,8.101938,0.0
-48.28096,38.548687,0.0,25.571291,55.101284,0.0
-25.0282,-86.25926,0.0,-50.959724,95.42474,0.0
78.35981,-96.36254,0.0,-76.34746,-43.83055,0.0
-72.39134,61.103065,0.0,84.024254,-50.55858,0.0
79.89973,92.99659,0.0,35.131874,3.7006004,0.0
-95.74431,25.297316,0.0,94.13211,-93.447624,0.0
93.51978,-84.08191,0.0,20.994034,-72.67362,0.0
-22.291883,-66.41933,0.0,-31.638315,-75.82969,0.0
-54.73401,10.81947,0.0,-29.743004,97.48709,0.0
-88.10768,81.61482,0.0,-67.6889,-60.246502,0.0
-86.52988,16.434095,0.0,-30.823391,24.183107,0.0
-33.463142,-97.70784,0.0,39.81967,34.440193,0.0
-72.89457,41.6439,0.0,95.525345,2.8185518,0.0
10.487551,-64.455734,0.0,10.240999,-33.263023,0.0
13.555326,15.072751,0.0,47.850014,-20.75112,0.0
87.91394,-41.474586,0.0,95.668884,38.88312,0.0
-94.24916,84.75154,0.0,49.165714,25.898544,0.0
12.290499,61.43345,0.0,-78.4591,24.758795,0.0
-64.58732,35.537186,0.0,-66.3241,57.117252,0.0
77.21252,72.82395,0.0,-68.76666,-94.668144,0.0
24.468075,68.689735,0.0,30.150705,62.90404,0.0
74.676476,23.749949,0.0,-73.51988,-83.76815,0.0
-11.645283,17.181421,0.0,22.705551,78.53846,0.0
-96.58797,-69.36789,0.0,65.04075,-46.242035,0.0
96.584465,-64.37983,0.0,-40.369358,-14.315509,0.0
-87.57626,-58.635715,0.0,26.500534,-25.783236,0.0
32.799694,24.529259,0.0,18.935707,-39.26875,0.0
81.018875,89.656944,0.0,89.79776,50.56752,0.0
94.622574,83.35456,0.0,-91.53767,-25.576118,0.0
36.933876,34.56911,0.0,35.88667,-48.098713,0.0
-26.742722,-89.41281,0.0,50.986507,91.035034,0.0
-44.176952,-82.17083,0.0,69.17964,-89.62716,0.0
-84.21396,-1.3671317,0.0,-41.833847,6.757664,0.0
-46.39204,-34.84246,0.0,-94.44251,30.017887,0.0
30.000275,-85.12752,0.0,19.499533,73.37858,0.0
-60.616215,90.723175,0.0,-0.12932119,-32.388245,0.0
4.4488177,71.98755,0.0,79.61231,93.29758,0.0
60.55424,95.3875,0.0,-83.559265,28.328842,0.0
12.75476,-35.742344,0.0,66.966286,-80.452156,0.0
-9.220643,52.90406,0.0,-21.599665,47.217255,0.0
66.89159,66.2371,0.0,71.07176,54.51307,0.0
87.427895,-48.50128,0.0,-54.611782,4.949234,0.0
-59.442505,-16.278828,0.0,-43.407524,-46.97577,0.0
-17.468466,11.06834,0.0,19.45929,24.155333,0.0
-7.025028,11.409228,0.0,36.122173,-65.235535,0.0
-87.51978,-91.2946,0.0,-56.552395,-65.28781,0.0
-18.810503,-87.90132,0.0,-51.78078,12.821821,0.0
52.29785,94.07939,0.0,91.06073,24.416039,0.0
-29.706295,-79.830414,0.0,96.60879,61.89326,0.0
-52.14227,12.582878,0.0,79.326996,39.9384,0.0
69.45072,24.178751,0.0,-91.54335,69.43017,0.0
-2.3061607,23.503605,0.0,87.27714,-86.013306,0.0
73.777466,-80.58115,0.0,63.88841,56.920227,0.0
-61.705883,-14.165199,0.0,-41.982178,66.59024,0.0
-57.216816,-5.094366,0.0,-73.16337,63.09047,0.0
88.19898,-5.3301415,0.0,-21.605946,58.31326,0.0
-24.033096,55.26035,0.0,21.277317,-62.54669,0.0
31.059435,-73.3563,0.0,84.45522,99.98841,0.0
60.17441,-68.9227,0.0,26.114351,61.55123,0.0
-59.570477,90.56678,0.0,80.561615,-86.77083,0.0
22.247713,18.861217,0.0,-37.435436,58.575977,0.0
79.8442,-55.99687,0.0,-31.94275,10.732897,0.0
98.78961,71.82413,0.0,99.06086,27.95781,0.0
49.876137,39.062107,0.0,10.092752,13.306588,0.0
30.535929,-3.240229,0.0,70.800064,76.29311,0.0
46.43757,90.390686,0.0,62.62902,30.630384,0.0
62.364304,-27.662088,0.0,-25.47522,46.83728,0.0
-55.587994,28.862076,0.0,63.692825,39.10176,0.0
-14.292731,-25.946768,0.0,-41.448402,-58.253067,0.0
20.435429,-32.65045,0.0,-7.7080064,23.128222,0.0
-67.878746,22.80377,0.0,-13.437061,10.773105,0.0
50.697376,79.1713,0.0,21.398384,8.27207,0.0
-96.450424,-91.95337,0.0,-48.275032,54.388653,0.0
-63.787212,81.446754,0.0,75.9872,-18.477764,0.0
-81.74345,-58.72004,0.0,-62.42053,1.5726596,0.0
51.44009,76.109764,0.0,-73.111145,84.70358,0.0
91.57082,8.175437,0.0,-32.53725,58.291206,0.0
-85.04464,-40.897682,0.0,0.8541975,88.44239,0.0
98.54745,83.84132,0.0,36.654182,68.30597,0.0
-12.163961,8.660149,0.0,44.96879,15.166372,0.0
40.5688,-56.997215,0.0,65.334656,75.933304,0.0
56.46466,56.82494,0.0,57.81237,99.2169,0.0
5.499312,69.88884,0.0,-37.373215,71.9928,0.0
61.152763,-98.151535,0.0,-37.49891,-65.11789,0.0
28.339266,-95.84568,0.0,-71.51809,30.045876,0.0
64.01605,-57.371284,0.0,-55.596714,35.36461,0.0
-12.746171,-35.58014,0.0,-53.402027,11.251184,0.0
65.773224,-43.6536,0.0,-32.168648,-51.58108,0.0
0.40633872,-96.95877,0.0,-24.554857,-92.19061,0.0
-29.030853,22.536863,0.0,17.075087,9.523219,0.0
40.72675,-15.90619,0.0,1.3940034,12.221864,0.0
-15.778859,53.060055,0.0,-72.36008,72.9754,0.0
-18.531162,45.338657,0.0,40.721104,-52.244568,0.0
-56.32875,-77.95928,0.0,-42.948368,20.511627,0.0
32.499855,67.829124,0.0,53.7172,27.714449,0.0
70.41065,-85.93292,0.0,-34.22535,24.535246,0.0
-88.2408,45.853275,0.0,-34.230938,30.697784,0.0
84.406555,-23.884893,0.0,-88.5577,39.395462,0.0
30.425604,7.7262616,0.0,79.555176,-52.68853,0.0
76.68328,99.37129,0.0,23.551445,72.65092,0.0
36.89635,-0.5710668,0.0,85.98186,-20.20443,0.0
39.135536,53.156864,0.0,26.535402,95.202774,0.0
57.823246,45.861645,0.0,80.49218,56.412548,0.0
-25.269451,-71.76153,0.0,-73.53895,-12.149099,0.0
-13.256851,4.1933184,0.0,-58.63229,48.44373,0.0
69.99507,33.804462,0.0,-7.5408897,-17.646893,0.0
97.51273,21.484602,0.0,90.36919,29.610126,0.0
-88.77628,15.731363,0.0,-91.158295,69.07273,0.0
67.58038,-20.224737,0.0,-31.18631,-48.993187,0.0
34.581722,-61.130856,0.0,77.79945,12.624033,0.0
-11.5394335,13.114486,0.0,-32.126198,-84.21329,0.0
-7.0804715,-98.94594,0.0,55.2488,-34.61545,0.0
83.97766,-28.460405,0.0,67.1751,-22.076118,0.0
-78.62085,-29.609583,0.0,-84.92925,-90.40533,0.0
-26.881586,-25.867435,0.0,72.233925,-98.64511,0.0
36.07931,-98.421555,0.0,-97.051674,55.37596,0.0
-10.153462,-93.15832,0.0,73.336555,6.8550086,0.0
-74.081116,-50.83306,0.0,-13.883187,3.5190718,0.0
-44.330757,73.11133,0.0,-45.265392,-47.919807,0.0
-46.95114,-45.375015,0.0,-74.464554,43.420616,0.0
-90.67685,-33.899647,0.0,12.721235,-71.625275,0.0
79.52061,-57.007565,0.0,45.395836,81.66576,0.0
-19.368681,73.52441,0.0,-27.765547,98.544975,0.0
97.39299,-58.74415,0.0,43.212795,43.4477,0.0
93.57795,90.8766,0.0,25.755049,-74.02158,0.0
73.4615,-91.80717,0.0,-61.57462,69.8375,0.0
-19.803326,-13.625962,0.0,37.802494,13.812204,0.0
24.464045,-11.75898,0.0,44.882698,-35.789,0.0
-82.45883,-24.325975,0.0,-41.036484,-20.297262,0.0
83.08143,-98.3205,0.0,-50.093407,9.956585,0.0
90.7369,-0.7915598,0.0,77.18457,-25.654177,0.0
46.08843,-23.845669,0.0,-7.561298,47.207634,0.0
51.270386,50.609043,0.0,-63.286232,78.75768,0.0
-96.85559,-80.94442,0.0,-99.21009,-62.48148,0.0
-42.502926,22.925123,0.0,-62.963314,81.7628,0.0
9.605745,-64.81772,0.0,40.115067,-15.844362,0.0
58.576393,59.590687,0.0,-96.72649,50.77277,0.0
-65.13548,73.394615,0.0,4.521749,-76.57681,0.0
-78.957756,-97.67468,0.0,-41.861843,-34.24069,0.0
71.47379,8.386841,0.0,-99.99449,-8.968758,0.0
-21.01243,-88.46868,0.0,82.352036,5.0660214,0.0
-46.83089,33.475723,0.0,84.87467,83.6872,0.0
-45.508743,-10.899729,0.0,70.76792,52.346054,0.0
75.33422,28.500814,0.0,-10.018307,17.061764,0.0
48.571007,-84.63404,0.0,9.506086,-91.1699,0.0
-33.88065,4.181207,0.0,94.69252,-16.368439,0.0
43.210342,-58.960075,0.0,73.666504,-69.0198,0.0
78.10075,46.595085,0.0,4.599651,-22.659893,0.0
-45.238182,24.725546,0.0,-70.78718,44.06566,0.0
-65.81672,41.473885,0.0,68.54996,-86.29242,0.0
96.1574,-24.535917,0.0,-36.65872,96.309364,0.0
25.038393,-86.43097,0.0,-35.803448,-24.262672,0.0
52.13894,-78.54961,0.0,40.34541,-95.995346,0.0
45.411514,22.93814,0.0,-47.66078,78.36736,0.0
-56.713665,36.107407,0.0,-60.420933,64.86892,0.0
37.78227,52.843754,0.0,90.58159,84.60347,0.0
66.035805,-71.93905,0.0,97.018585,-57.717575,0.0
-52.509308,-80.6686,0.0,27.152193,96.8833,0.0
-34.17459,-83.76657,0.0,52.009785,25.270134,0.0
-20.60921,98.23879,0.0,-17.51285,5.150074,0.0
-76.19963,24.753464,0.0,22.985819,20.796282,0.0
80.285,84.60931,0.0,-35.8099,-61.540855,0.0
-66.275925,90.505356,0.0,-35.27929,36.824917,0.0
-2.583506,-16.390377,0.0,56.13434,51.806343,0.0
-85.67392,90.19309,0.0,10.314252,-83.14771,0.0
31.3935,57.793888,0.0,-82.98884,92.46975,0.0
0.75187033,64.313805,0.0,-6.6034327,22.561571,0.0
39.856415,5.9504204,0.0,22.377886,-35.373558,0.0
42.114372,-63.123093,0.0,-62.67276,93.120384,0.0
-99.75131,53.12266,0.0,47.959003,-98.05381,0.0
-44.482346,35.9372,0.0,-16.316587,-31.0102,0.0
-13.052335,-91.66176,0.0,5.8841677,58.277866,0.0
-98.936356,-88.574715,0.0,-85.31658,63.159477,0.0
86.47038,96.30421,0.0,62.939568,-37.04324,0.0
-65.45379,-86.79874,0.0,59.82888,-68.509735,0.0
-77.10869,57.774467,0.0,50.176006,84.08526,0.0
-25.347727,10.856257,0.0,-98.454926,12.926556,0.0
-91.46772,-29.209742,0.0,59.7685,21.705355,0.0
-31.358303,-60.443913,0.0,28.185898,-13.813063,0.0
-4.4162207,83.712875,0.0,1.2508594,-94.74138,0.0
80.653725,-78.01801,0.0,68.61385,-82.28915,0.0
65.06679,-56.749607,0.0,67.890945,-32.799576,0.0
-33.668034,86.63447,0.0,41.19879,1.4951035,0.0
-29.928953,-69.98094,0.0,31.234978,12.423574,0.0
27.444193,-39.59623,0.0,90.751076,-79.467476,0.0
-57.08573,81.06872,0.0,60.803158,-77.72218,0.0
96.39424,27.824059,0.0,36.15518,-7.1856055,0.0
-41.17657,-85.56291,0.0,-32.357967,24.906265,0.0
-95.61073,62.309116,0.0,13.034583,46.389885,0.0
7.8315487,-65.762856,0.0,-18.86362,-12.960584,0.0
61.139877,64.30585,0.0,65.80403,14.0676775,0.0
68.40316,58.492077,0.0,-4.831186,87.17301,0.0
49.484913,67.389725,0.0,-14.761691,87.03589,0.0
-33.32656,-97.77441,0.0,85.93842,-26.406527,0.0
-60.5695,22.416655,0.0,-93.30749,29.588264,0.0
-19.626942,67.7831,0.0,-26.950493,-29.41452,0.0
-41.836662,-43.94988,0.0,-34.577038,-59.846874,0.0
-7.2977962,-65.75652,0.0,-82.060875,0.9103096,0.0
-45.11263,26.591938,0.0,55.089035,79.528854,0.0
48.842823,-21.389679,0.0,68.033066,-20.916449,0.0
-29.656853,90.12759,0.0,-31.785875,77.45224,0.0
-39.823475,-15.017309,0.0,-64.614586,90.16113,0.0
41.627747,59.92529,0.0,3.2291858,-79.21784,0.0
24.184076,-73.406075,0.0,-54.701675,-27.250687,0.0
-77.321884,-40.086926,0.0,73.759895,73.76588,0.0
92.84081,28.601511,0.0,-96.786354,-78.708885,0.0
45.61451,-89.56606,0.0,-61.42801,-76.30174,0.0
37.993862,-76.652016,0.0,32.05287,-51.096226,0.0
-33.785477,6.7049117,0.0,-66.39863,78.374466,0.0
-34.75804,49.10626,0.0,-31.240496,33.59561,0.0
-70.0751,-43.97793,0.0,59.219814,70.027374,0.0
51.82994,56.203667,0.0,84.60058,8.272976,0.0
-26.101654,-39.290516,0.0,-35.348553,46.966263,0.0
26.32817,-70.96467,0.0,-54.451412,-50.644505,0.0
92.579315,-61.29022,0.0,33.167767,-95.74684,0.0
-84.917564,-49.928253,0.0,33.86308,77.65444,0.0
-30.83894,26.816454,0.0,12.083989,-24.863821,0.0
-31.802664,-75.84151,0.0,62.09155,7.531461,0.0
16.948011,70.75262,0.0,-54.98678,-80.15457,0.0
-72.354904,-55.53553,0.0,-78.816826,25.46332,0.0
4.376805,48.259205,0.0,13.870428,-68.40697,0.0
36.022438,79.47672,0.0,-1.3671565,45.31297,0.0
62.205795,-74.673164,0.0,87.49778,-66.49249,0.0
15.585399,82.07618,0.0,-34.270264,11.335977,0.0
-28.25563,83.93772,0.0,10.188059,-68.618416,0.0
-52.298557,96.28326,0.0,-95.09599,-94.15566,0.0
-55.960453,-80.746826,0.0,-5.7985396,-82.22238,0.0
5.842614,-32.56555,0.0,-54.18594,27.674276,0.0
-57.778084,46.576702,0.0,-80.35126,88.84409,0.0
-15.6686945,18.190695,0.0,-78.66356,-64.23417,0.0
33.662544,3.9944916,0.0,-45.344456,-6.2728133,0.0
1.618763,-26.80646,0.0,-28.104067,50.857002,0.0
2.3224025,-69.726364,0.0,-58.156055,26.01358,0.0
97.590096,-20.11695,0.0,76.98882,-10.733552,0.0
81.32559,92.819984,0.0,-78.10185,96.80565,0.0
-36.788857,-2.9783707,0.0,-24.084978,89.77267,0.0
98.70326,-98.42571,0.0,-86.414894,35.857063,0.0
85.85993,-43.450703,0.0,17.368933,-96.36216,0.0
41.698257,-31.187025,0.0,-36.400486,-44.430683,0.0
34.288475,-44.649303,0.0,-59.142467,65.054794,0.0
-91.47149,-24.887218,0.0,40.10608,82.487144,0.0
-67.70818,-68.62954,0.0,89.85017,1.9360265,0.0
-18.553215,79.7206,0.0,-86.69193,-71.878426,0.0
-15.442393,-37.741398,0.0,-84.09921,-35.927174,0.0
-95.360596,27.878359,0.0,-95.88335,49.27162,0.0
-20.511698,-73.12827,0.0,-72.851204,85.90816,0.0
-79.24853,23.996506,0.0,-55.687054,-58.391476,0.0
33.048393,81.025665,0.0,-52.412464,-39.89211,0.0
-7.858895,-84.93754,0.0,43.811085,-41.62961,0.0
-68.59865,-38.612087,0.0,93.80472,45.580257,0.0
28.188303,96.065094,0.0,39.361282,89.00214,0.0
87.75167,-76.17479,0.0,39.19091,-48.821114,0.0
-11.946768,-96.09085,0.0,-82.54093,-45.904873,0.0
-26.045973,11.381607,0.0,53.202,-88.405464,0.0
-98.994896,44.52449,0.0,-60.502674,-6.069446,0.0
-31.083319,-12.786475,0.0,-6.8807263,53.61878,0.0
40.17194,37.82569,0.0,79.90346,1.2333606,0.0
57.213634,84.20441,0.0,-20.307852,90.798386,0.0
-14.550563,-78.7665,0.0,19.137823,50.479176,0.0
-13.868386,-80.47321,0.0,-72.60608,-43.208267,0.0
11.456257,60.407856,0.0,81.638596,41.455383,0.0
41.726143,-16.756065,0.0,77.94711,96.704056,0.0
27.582829,-24.969585,0.0,26.88034,-28.432022,0.0
-49.150856,24.829853,0.0,-53.034306,-9.988455,0.0
75.27876,25.70118,0.0,-89.91693,81.99112,0.0
11.585525,-24.869164,0.0,-56.250355,33.57822,0.0
-84.15035,92.227455,0.0,-54.050835,-19.684593,0.0
90.712036,60.355606,0.0,-64.57813,17.519506,0.0
-64.14899,-3.643265,0.0,-4.7203946,96.96779,0.0
25.523396,-88.66292,0.0,80.601944,-96.396164,0.0
-10.682125,-95.27071,0.0,-80.71156,53.794704,0.0
7.4779587,-87.472755,0.0,-87.03395,55.625473,0.0
-40.050533,-58.255882,0.0,-63.87121,-72.90453,0.0
18.105482,-86.732864,0.0,77.49408,2.9799461,0.0
-88.98201,59.418297,0.0,56.876358,-49.290638,0.0
23.911238,-27.00862,0.0,-19.109505,-17.538443,0.0
-58.744514,-52.31364,0.0,-64.57294,-55.62598,0.0
52.029495,12.470393,0.0,-69.67553,-58.040703,0.0
-13.289544,-79.57725,0.0,80.64612,12.947239,0.0
50.156105,34.99921,0.0,-75.90832,6.028463,0.0
59.32843,-99.343414,0.0,-9.936077,74.18982,0.0
-7.707777,-72.478165,0.0,29.489368,-90.57369,0.0
35.41197,30.488167,0.0,74.13685,-53.403984,0.0
-31.262783,-80.88153,0.0,15.142929,45.837837,0.0
12.0028305,23.648062,0.0,39.202023,-15.731324,0.0
-37.766678,-42.14562,0.0,-57.994553,65.82481,0.0
35.968758,79.231026,0.0,86.26593,-80.98204,0.0
-10.6317005,-17.499113,0.0,-78.41014,9.994599,0.0
81.42139,-99.91446,0.0,-14.359498,77.94846,0.0
15.143131,-63.429497,0.0,26.045115,59.172527,0.0
-33.788383,20.71427,0.0,-67.35261,-86.616135,0.0
74.9934,98.34407,0.0,-8.108596,-61.17007,0.0
-3.4812255,78.695946,0.0,35.235344,-99.80326,0.0
-39.486523,26.842655,0.0,-88.50152,90.359344,0.0
-46.548622,49.934444,0.0,77.93488,32.739395,0.0
72.88084,86.594246,0.0,-1.0241557,62.70402,0.0
1.8267423,-20.100231,0.0,-73.83232,-90.76894,0.0
-59.825813,-85.33596,0.0,80.23177,-0.31296897,0.0
-65.58593,-16.793926,0.0,45.039787,4.891097,0.0
60.015285,69.24762,0.0,96.05575,-69.654076,0.0
-44.35446,-79.4325,0.0,19.35069,-92.33103,0.0
-65.453804,-52.068474,0.0,62.006973,46.942554,0.0
56.64086,74.91673,0.0,61.74497,21.494251,0.0
63.81346,5.0879507,0.0,-38.172016,80.38696,0.0
-72.35299,-76.14753,0.0,-31.713617,-3.7447305,0.0
-98.71011,-69.8691,0.0,-15.418672,60.468796,0.0
17.40754,-78.5447,0.0,30.773586,24.270058,0.0
-55.54264,-22.016827,0.0,51.639454,19.43502,0.0
58.200535,46.80265,0.0,41.721348,-97.46479,0.0
0.68951344,-74.94358,0.0,-95.32861,-86.5515,0.0
76.873726,83.4265,0.0,-25.544754,47.860912,0.0
97.876495,60.314278,0.0,-37.721325,56.614246,0.0
-94.74864,30.987494,0.0,89.5865,41.464275,0.0
80.03151,96.06771,0.0,96.44665,-9.491171,0.0
-89.67164,99.24843,0.0,47.311436,-82.50997,0.0
-29.502546,-76.812065,0.0,10.31691,-73.649315,0.0
-59.027317,82.4005,0.0,56.277317,-82.80211,0.0
60.52793,9.5155735,0.0,2.8196018,88.40814,0.0
-16.417,13.45523,0.0,-61.256664,23.649334,0.0
-13.693242,-16.973179,0.0,31.199049,22.574718,0.0
27.43382,-63.08642,0.0,72.61376,-88.23055,0.0
-61.227386,71.76334,0.0,35.388157,67.58167,0.0
-56.979847,-38.437927,0.0,-53.960697,-40.134396,0.0
4.934822,21.765123,0.0,-16.072123,49.588223,0.0
46.120113,56.01683,0.0,92.85978,90.25486,0.0
-86.86354,-5.8744392,0.0,95.40194,-21.22448,0.0
57.0639,16.961113,0.0,-79.36143,-25.99385,0.0
-51.190094,83.67141,0.0,55.853107,78.25865,0.0
18.264896,-32.367638,0.0,31.42422,-47.47098,0.0
-99.74387,60.561657,0.0,-39.796055,89.69088,0.0
35.30609,46.731136,0.0,22.610542,-29.556751,0.0
90.40944,-59.367382,0.0,-58.28532,-80.678406,0.0
-56.388603,35.430805,0.0,-75.68433,-30.679068,0.0
-33.026024,-47.782917,0.0,21.085907,-31.12526,0.0
11.367996,96.91345,0.0,-49.23862,88.385574,0.0
-13.440632,46.70143,0.0,29.54269,52.777393,0.0
-63.981228,-97.288506,0.0,94.79642,42.788116,0.0
82.06885,-36.983276,0.0,-89.92039,8.1435175,0.0
58.378235,-87.99249,0.0,83.86775,-71.412796,0.0
48.30117,-99.26427,0.0,-62.493824,-40.952568,0.0
62.803352,55.37207,0.0,57.71635,41.604763,0.0
-52.613083,-50.85141,0.0,5.5089035,24.866104,0.0
-45.67254,85.88664,0.0,-36.651165,0.4851697,0.0
-94.95212,61.92782,0.0,54.837067,85.310326,0.0
-70.38928,40.530533,0.0,-86.18831,11.6645355,0.0
29.362486,-60.73671,0.0,-45.163322,74.90201,0.0
29.291271,67.38418,0.0,21.13149,62.041637,0.0
61.404526,-36.52829,0.0,79.31321,37.309254,0.0
-31.57256,82.300064,0.0,31.888853,10.132939,0.0
-60.16862,-15.041163,0.0,-22.889498,83.08324,0.0
-29.711664,-66.57998,0.0,-93.32136,-22.856655,0.0
-67.79639,32.849487,0.0,19.314405,76.23736,0.0
11.971634,-34.935844,0.0,73.36555,-71.54517,0.0
-13.83865,65.65926,0.0,77.80888,-17.770903,0.0
8.513016,-76.75288,0.0,55.471107,-47.619118,0.0
93.322,15.919021,0.0,-34.27878,-63.638744,0.0
-16.3675,-22.778315,0.0,11.8141165,62.26335,0.0
28.33849,-66.30689,0.0,54.959637,-33.883984,0.0
61.21896,41.10092,0.0,79.94509,63.308617,0.0
-21.095278,46.091385,0.0,-38.007023,7.090574,0.0
-14.7049055,-86.17568,0.0,42.595158,31.95903,0.0
-93.93059,3.3361773,0.0,41.985783,-45.727036,0.0
21.322683,60.656727,0.0,7.4780035,-39.727005,0.0
77.12307,92.15904,0.0,70.28182,60.406464,0.0
-90.870026,-36.160328,0.0,-45.470394,21.989698,0.0
37.834934,-65.019165,0.0,63.51492,-35.371403,0.0
55.5171,16.50761,0.0,-55.573833,90.48582,0.0
-70.4497,-26.966413,0.0,-8.840498,90.15985,0.0
-78.348915,69.467804,0.0,-4.097406,49.229553,0.0
47.453186,71.442154,0.0,29.19086,9.920024,0.0
-80.09361,-47.118797,0.0,67.87088,62.777336,0.0
29.237616,13.511926,0.0,66.670044,53.73496,0.0
35.40669,67.39314,0.0,28.427662,-6.773173,0.0
82.56015,22.072596,0.0,-31.344904,70.40968,0.0
-51.68254,23.578873,0.0,-71.08498,17.280903,0.0
58.164795,-83.08753,0.0,-58.19098,-76.514626,0.0
92.106316,79.126785,0.0,-67.09305,99.02321,0.0
59.466957,-83.400665,0.0,-85.84895,91.361,0.0
-59.771526,35.80509,0.0,83.36799,-81.438614,0.0
-17.009254,-9.140243,0.0,65.99988,-64.52665,0.0
42.40656,-7.682663,0.0,65.161896,51.30322,0.0
-15.904586,80.20569,0.0,64.49963,91.85865,0.0
29.33049,10.261231,0.0,-94.05957,-49.26281,0.0
-93.2265,-8.846306,0.0,18.741661,22.370792,0.0
22.711819,88.1055,0.0,-7.2379427,50.803635,0.0
-50.007706,-23.116955,0.0,-75.17588,67.769936,0.0
17.265648,45.895668,0.0,63.28833,-39.30469,0.0
-87.3696,-11.270495,0.0,74.832436,67.40513,0.0
-63.014725,-48.585167,0.0,-68.27201,94.576836,0.0
-97.56911,93.97578,0.0,-91.36802,78.22863,0.0
-80.83408,-28.520426,0.0,73.48213,20.982603,0.0
-99.56162,49.36134,0.0,-59.911377,-50.64833,0.0
-6.212148,93.76408,0.0,-92.69276,-37.936214,0.0
45.446285,-43.87498,0.0,-96.45771,22.510502,0.0
-47.243286,-75.664505,0.0,-7.475785,-39.346424,0.0
-85.59989,-67.41381,0.0,-65.36316,37.492382,0.0
-1.9353989,73.15263,0.0,-75.911835,51.39802,0.0
15.832692,75.241264,0.0,-11.823574,93.554016,0.0
51.919228,98.259,0.0,-78.09604,70.85113,0.0
-25.865036,78.632805,0.0,83.23582,47.95809,0.0
-31.15082,15.614552,0.0,45.762936,40.17765,0.0
-70.88404,-68.523766,0.0,-38.83339,19.736782,0.0
95.40898,94.82289,0.0,73.26933,-53.822323,0.0
-77.74078,25.94719,0.0,-40.79469,53.731,0.0
39.33981,32.071476,0.0,43.787994,-23.236801,0.0
-46.638844,99.80538,0.0,-6.4852567,-22.380512,0.0
-37.83996,92.79118,0.0,-64.75048,91.04773,0.0
34.231457,87.986626,0.0,-24.014235,57.240192,0.0
29.899916,-1.365123,0.0,-5.4623337,16.753971,0.0
-34.306076,-70.85317,0.0,-88.47882,8.160183,0.0
96.51424,99.82963,0.0,41.713882,23.169384,0.0
-62.385868,-28.535454,0.0,-79.32963,18.991034,0.0
-53.306046,-39.42681,0.0,-84.91851,-34.031147,0.0
-68.09666,-47.490154,0.0,-72.831055,79.915146,0.0
-97.81026,-50.603306,0.0,75.48087,47.34056,0.0
-19.821339,-18.92968,0.0,-80.38113,95.0981,0.0
52.156784,-37.048977,0.0,-58.136288,55.397358,0.0
-49.96524,7.997126,0.0,61.404713,-69.30186,0.0
-97.325714,-31.385733,0.0,-77.13085,77.00209,0.0
-95.109055,-89.821014,0.0,-53.59497,41.96944,0.0
-83.060425,-36.62706,0.0,-97.28353,-1.494239,0.0
-36.615715,-58.279778,0.0,72.94921,74.619644,0.0
-50.800053,6.41737,0.0,-86.39796,-61.242172,0.0
27.230324,21.254162,0.0,55.079094,-77.14887,0.0
22.197157,-30.922628,0.0,-33.870464,-79.348465,0.0
9.5119295,45.06659,0.0,68.36025,5.5076714,0.0
69.51094,-27.504698,0.0,-83.791565,20.250767,0.0
98.89638,-60.1378,0.0,63.88502,13.684296,0.0
30.447584,-69.92998,0.0,23.444372,70.44696,0.0
78.02853,82.393715,0.0,58.64794,-64.771774,0.0
93.197174,84.24342,0.0,-40.764694,95.32802,0.0
-0.03333611,-68.30506,0.0,-48.93759,-75.510376,0.0
44.86563,73.45924,0.0,78.99708,-50.284092,0.0
-83.20657,94.862335,0.0,-87.02238,-87.24914,0.0
-26.490679,83.22132,0.0,-12.027025,23.078667,0.0
6.6747704,-88.868034,0.0,-13.73633,49.02937,0.0
-98.61493,-76.60464,0.0,46.196396,88.47933,0.0
6.7570343,9.807645,0.0,70.203316,-92.70472,0.0
-79.56583,35.236473,0.0,-4.191782,-84.14278,0.0
10.295508,-84.626656,0.0,-44.970833,-36.92956,0.0
-66.662544,47.133404,0.0,97.06574,-80.70719,0.0
6.2392735,-73.36906,0.0,-34.041798,26.092257,0.0
-78.75513,-35.909866,0.0,64.83494,29.912508,0.0
-90.98294,-22.361565,0.0,-56.205894,-41.978516,0.0
5.9020863,-31.151495,0.0,-97.00604,-84.80405,0.0
1.6682693,-32.110626,0.0,-99.95552,-15.807277,0.0
70.23153,-22.324562,0.0,-96.30467,-57.337326,0.0
-69.11531,-93.67416,0.0,-27.079731,48.11647,0.0
30.696274,68.901726,0.0,77.19646,17.54428,0.0
-58.592876,38.251003,0.0,-86.78861,-73.47643,0.0
-35.23864,3.708464,0.0,76.81945,21.789574,0.0
-16.956272,71.51295,0.0,32.12449,-79.21124,0.0
84.498566,-95.44465,0.0,92.94114,25.880222,0.0
82.35086,50.185677,0.0,-87.21537,42.937485,0.0
9.755087,20.021862,0.0,-44.773396,12.195745,0.0
-70.586555,-27.231735,0.0,-91.60032,-5.6663356,0.0
-31.318083,21.344904,0.0,76.06025,-49.646572,0.0
14.243898,56.382416,0.0,-63.189808,17.769651,0.0
43.43817,60.737907,0.0,-68.77441,-95.791725,0.0
82.24198,82.592125,0.0,-29.476963,-77.88935,0.0
-69.58327,67.71225,0.0,-94.41204,-30.18316,0.0
-84.25007,26.08025,0.0,28.57586,-11.748993,0.0
55.053463,51.83766,0.0,-57.13463,-95.12289,0.0
59.015045,17.340635,0.0,40.695152,25.907711,0.0
-69.62076,12.245853,0.0,39.53621,18.282421,0.0
57.79292,-58.19793,0.0,-19.066845,1.6051197,0.0
77.9879,97.84336,0.0,50.956303,-81.85273,0.0
61.4735,49.191708,0.0,86.15638,-92.05867,0.0
-45.868633,0.93090606,0.0,78.588234,32.75295,0.0
-58.586235,39.598183,0.0,-82.560356,69.19833,0.0
69.135254,35.322098,0.0,22.608503,66.561356,0.0
-9.769422,89.09639,0.0,-23.336674,-68.88224,0.0
90.64728,-3.8265772,0.0,67.43614,-42.877426,0.0
-31.922657,48.3519,0.0,75.36788,-25.857286,0.0
91.80617,-48.4359,0.0,30.342045,29.114761,0.0
-40.538906,50.729874,0.0,70.986465,-33.134106,0.0
-2.2779684,-20.753908,0.0,-67.00263,-97.70231,0.0
-55.38921,-9.870595,0.0,39.5451,-56.049553,0.0
-87.13966,23.39385,0.0,23.095776,10.156853,0.0
59.158535,35.89606,0.0,97.80125,-89.476814,0.0
32.05586,-36.31694,0.0,-86.65361,-58.38039,0.0
-17.226961,96.65434,0.0,17.28067,84.32008,0.0
-55.137356,-49.929657,0.0,42.581165,56.307552,0.0
-78.78421,51.65551,0.0,97.67308,-23.1608,0.0
43.248528,30.113688,0.0,-55.927208,-41.183697,0.0
-89.53364,-11.983979,0.0,34.623634,-73.039085,0.0
21.034668,88.52774,0.0,-72.51102,-34.09602,0.0
-11.557141,3.3236368,0.0,35.592655,-53.95032,0.0
-90.77275,96.86185,0.0,-53.419994,23.276896,0.0
41.344418,95.03699,0.0,53.92574,71.72758,0.0
18.500591,-31.73059,0.0,-90.47087,75.775894,0.0
-76.30413,-41.266273,0.0,57.81541,-58.645298,0.0
66.441284,20.001299,0.0,41.618244,-77.11497,0.0
96.67565,63.21184,0.0,89.845375,-57.52685,0.0
95.46833,-2.6872647,0.0,32.86685,-45.124004,0.0
-90.61071,-54.11883,0.0,89.87874,-39.484764,0.0
30.419392,-51.514576,0.0,-56.10767,-83.78557,0.0
-10.055094,-93.20022,0.0,-7.598699,-27.15517,0.0
-74.86094,-28.494225,0.0,34.31801,7.725852,0.0
-32.09281,-50.95217,0.0,42.699703,-69.998474,0.0
-82.758316,89.41132,0.0,-83.58165,90.1164,0.0
-31.705772,71.479774,0.0,97.7089,-31.34032,0.0
91.157,17.504738,0.0,-37.222454,-39.05848,0.0
-41.155006,68.891304,0.0,-5.800656,87.95349,0.0
-5.451969,-2.9312894,0.0,-93.358604,-17.88372,0.0
-79.860275,49.737347,0.0,-52.489357,38.08471,0.0
-10.290967,-19.946978,0.0,-97.52521,-89.4305,0.0
58.507954,-62.61854,0.0,-86.66804,99.712166,0.0
-89.061356,76.72767,0.0,-73.92151,-10.338733,0.0
42.21287,-55.865204,0.0,-78.663895,-42.83435,0.0
0.4799129,-66.47671,0.0,-58.086815,-56.289833,0.0
-57.316853,75.53802,0.0,89.93198,97.568855,0.0
-72.418655,93.09964,0.0,85.30635,-40.87554,0.0
-19.231516,61.745453,0.0,86.39108,25.785583,0.0
-82.08186,-74.24379,0.0,18.359913,-99.58232,0.0
38.751335,-33.376717,0.0,-98.42226,-40.515526,0.0
-23.663162,62.969624,0.0,6.6465216,13.244028,0.0
44.4255,32.844803,0.0,-84.6262,68.65183,0.0
3.589304,70.538475,0.0,-38.392212,-52.232094,0.0
62.755825,36.52716,0.0,91.9313,54.83294,0.0
-42.79174,78.20732,0.0,-83.6981,-45.172104,0.0
-71.872536,50.10614,0.0,38.679787,65.84412,0.0
84.00044,94.0455,0.0,70.56181,99.94244,0.0
-35.99211,-81.23956,0.0,40.176765,-85.24409,0.0
68.823906,-79.53931,0.0,33.258247,99.04408,0.0
-45.749977,-78.66833,0.0,-55.953617,-28.736816,0.0
81.16394,-90.33301,0.0,-44.832695,-89.78185,0.0
21.52271,20.242075,0.0,73.7624,-42.79638,0.0
32.45727,-2.5834346,0.0,-86.05177,44.37132,0.0
-88.89431,10.842621,0.0,-0.19587456,18.378084,0.0
45.05671,-34.866924,0.0,-33.553474,-61.077766,0.0
88.039474,-28.628315,0.0,-78.20147,-70.27808,0.0
55.70603,-30.371786,0.0,44.343178,-82.79185,0.0
-19.166025,-61.506813,0.0,-87.64613,50.54549,0.0
35.30839,-76.391335,0.0,22.643206,47.7022,0.0
78.59851,-30.830046,0.0,-12.155071,-87.25183,0.0
-52.53535,-94.16383,0.0,27.707077,-25.832922,0.0
91.713776,75.899376,0.0,-62.930183,-81.13527,0.0
55.521656,-62.633488,0.0,16.049332,59.669918,0.0
-47.835545,23.687233,0.0,-49.44264,14.869189,0.0
-16.983112,-95.67747,0.0,26.235144,-89.8638,0.0
41.301025,-86.47395,0.0,83.79972,-97.01911,0.0
-10.403671,-17.61993,0.0,64.820015,-28.88139,0.0
68.85624,-24.170832,0.0,-96.890495,97.523926,0.0
-97.052895,-77.70894,0.0,-41.50769,28.779802,0.0
-90.629616,-44.766083,0.0,41.3953,-87.462074,0.0
22.843184,11.990092,0.0,83.50277,-64.32862,0.0
38.505924,-9.732146,0.0,-64.53209,-49.104862,0.0
-66.30843,92.96586,0.0,-75.26031,-50.730366,0.0
-37.67687,-52.004375,0.0,-74.50233,93.369934,0.0
-43.923996,36.085518,0.0,-10.809902,-75.69065,0.0
-82.97678,-56.10004,0.0,46.146698,-94.720146,0.0
84.90713,-27.85115,0.0,17.352314,51.586002,0.0
79.18344,70.13506,0.0,-89.27437,-24.110844,0.0
55.150616,43.098286,0.0,-95.15339,-68.98886,0.0
-94.40036,-83.51924,0.0,-93.35257,61.488743,0.0
73.63051,-65.03538,0.0,50.267902,-71.20383,0.0
-58.16752,36.852287,0.0,25.259302,10.574577,0.0
-24.22093,11.9513855,0.0,-83.43202,1.7861952,0.0
-53.060417,-80.90076,0.0,-72.093315,46.615845,0.0
-82.47988,-37.93234,0.0,95.42226,-40.713123,0.0
6.213775,64.57347,0.0,-80.238266,-3.2397277,0.0
12.619306,67.383064,0.0,23.225998,80.698814,0.0
87.394356,-71.0648,0.0,-91.80787,-61.3388,0.0
94.04218,-21.663996,0.0,-37.032032,-7.080983,0.0
49.901314,-67.02518,0.0,99.173744,19.463558,0.0
-20.67227,-33.44696,0.0,-13.976687,47.914185,0.0
8.979899,-30.739971,0.0,-39.566555,-55.379444,0.0
72.97127,98.517006,0.0,83.7655,-15.394385,0.0
33.65791,21.099918,0.0,97.50064,12.506661,0.0
84.47878,-31.717691,0.0,79.63404,-96.02593,0.0
12.928778,88.22989,0.0,-53.941208,-79.88213,0.0
49.436134,-62.046383,0.0,-67.21728,11.82177,0.0
87.96663,89.95725,0.0,86.98964,-35.718365,0.0
87.605316,76.88575,0.0,31.841183,79.68169,0.0
-59.76933,97.16792,0.0,-45.085854,33.84528,0.0
-46.87226,-97.8423,0.0,-69.03374,97.13657,0.0
16.718897,17.959587,0.0,-23.508774,53.73695,0.0
25.003847,77.65629,0.0,99.13729,11.469143,0.0
-62.77738,68.33606,0.0,-34.241077,88.77226,0.0
-81.023155,-33.39847,0.0,-93.16488,-36.069584,0.0
-53.419773,49.68169,0.0,84.07179,71.35957,0.0
84.769325,27.096605,0.0,-78.824196,79.05896,0.0
27.109842,-31.033592,0.0,16.370035,-77.09347,0.0
-52.844013,27.472075,0.0,58.320457,70.72458,0.0
75.72896,-61.533905,0.0,78.90938,-41.186024,0.0
-2.5715914,95.13541,0.0,-91.02951,6.6234255,0.0
-34.608955,-43.997555,0.0,12.521444,-82.69387,0.0
-43.460968,-11.446595,0.0,-84.76231,-54.01317,0.0
45.05288,-39.455418,0.0,49.116802,-31.316854,0.0
-64.781876,-35.935818,0.0,-1.8497131,-35.38216,0.0
-76.38559,20.887955,0.0,35.845516,84.938156,0.0
89.66537,41.619286,0.0,-18.397741,-1.4989597,0.0
55.62775,53.686134,0.0,-69.2024,95.90809,0.0
-49.028736,-67.65216,0.0,-89.50132,40.58056,0.0
55.559254,-33.913372,0.0,86.24894,23.429434,0.0
-27.020443,10.807478,0.0,83.605515,39.328823,0.0
-21.352879,54.261623,0.0,99.69228,-33.36237,0.0
-88.29178,95.87889,0.0,-68.04468,43.51026,0.0
92.64405,-3.8113363,0.0,72.91842,59.91533,0.0
49.11219,17.936926,0.0,94.673515,-72.06592,0.0
41.885757,-22.42381,0.0,84.38309,25.316862,0.0
-58.542957,-53.478794,0.0,61.857643,-78.060486,0.0
62.099224,-86.76397,0.0,-33.867874,-95.539696,0.0
-21.955765,48.433857,0.0,-74.20092,-85.751236,0.0
32.880753,71.059074,0.0,-50.25062,98.40526,0.0
76.81474,-27.234333,0.0,80.775986,71.60354,0.0
70.076515,-69.072,0.0,-9.943147,-5.158174,0.0
-76.6117,80.122795,0.0,-68.87213,-82.33106,0.0
-6.2531195,56.71825,0.0,-37.04142,31.24746,0.0
-97.56159,79.084145,0.0,-82.44198,24.345182,0.0
-37.557186,-59.00177,0.0,76.46443,93.3867,0.0
91.56894,-46.93024,0.0,-65.459,77.80845,0.0
-93.74742,-60.218967,0.0,-44.277523,24.374971,0.0
-70.39992,71.72315,0.0,-38.42909,12.273886,0.0
23.913704,69.43065,0.0,12.3814945,-91.70719,0.0
49.522144,-65.67214,0.0,32.73599,-69.230156,0.0
99.46213,68.55219,0.0,-9.408252,-9.866196,0.0
-58.656013,91.63997,0.0,52.215202,61.411854,0.0
33.44695,18.412422,0.0,68.64991,41.22591,0.0
65.11597,-89.22528,0.0,37.67362,-62.74377,0.0
-47.613102,32.82729,0.0,-1.7883571,-25.643549,0.0
78.06413,-3.4225752,0.0,-9.544154,-6.0768847,0.0
-16.331488,-78.97005,0.0,0.46940872,-64.491844,0.0
37.06231,61.797165,0.0,17.390366,19.809975,0.0
61.69992,32.85695,0.0,-50.916187,16.837416,0.0
-20.71225,-93.430504,0.0,95.38886,67.73697,0.0
81.44745,-90.50172,0.0,-75.07766,-3.039436,0.0
-41.900677,-99.83099,0.0,95.05586,90.474785,0.0
46.536858,23.700953,0.0,34.748276,-12.443726,0.0
74.66864,86.96712,0.0,-51.02489,-98.96013,0.0
-39.5487,26.22331,0.0,31.549376,81.18655,0.0
38.995792,-95.11836,0.0,-73.54928,-73.15359,0.0
53.693245,74.79987,0.0,-54.079815,57.144432,0.0
1.200432,-92.97316,0.0,-84.22831,69.424286,0.0
47.429928,-94.94333,0.0,-97.02102,22.980036,0.0
59.284836,33.843277,0.0,-79.70666,0.25392002,0.0
-44.712624,-92.11415,0.0,-96.46513,-99.11923,0.0
-34.39631,21.278767,0.0,-4.796693,98.400055,0.0
-21.923155,82.83538,0.0,-22.436611,-31.503002,0.0
35.35511,-34.309036,0.0,-52.814625,8.992451,0.0
44.08321,2.3072338,0.0,88.713036,-91.623924,0.0
40.27223,-33.445488,0.0,71.95939,-90.08991,0.0
-80.3629,73.40893,0.0,-74.08054,92.522766,0.0
-83.21569,-26.40669,0.0,-89.0704,-88.645424,0.0
-20.869883,-96.44154,0.0,-85.54681,61.28224,0.0
39.072704,47.471146,0.0,27.979145,18.751429,0.0
70.3146,-51.75813,0.0,-86.16739,-39.86064,0.0
-99.01054,21.057611,0.0,20.85139,60.32093,0.0
81.232124,82.54533,0.0,-89.04724,-84.02012,0.0
-49.78715,-64.750565,0.0,84.71384,70.45241,0.0
-56.277294,-56.76825,0.0,95.1333,8.725927,0.0
38.855305,9.297279,0.0,80.11914,30.428947,0.0
92.21154,-98.436844,0.0,-13.51445,-5.0811605,0.0
67.95738,-97.74118,0.0,23.48805,-86.8544,0.0
7.239618,-26.007683,0.0,24.551735,78.27797,0.0
43.890083,63.18607,0.0,-13.973302,-0.42993492,0.0
40.532444,43.386745,0.0,-36.629013,-81.779785,0.0
-54.29164,49.44681,0.0,-94.209946,59.56517,0.0
-48.182205,-99.69679,0.0,0.52375525,9.691635,0.0
-40.40155,-20.200205,0.0,-99.31857,-18.776651,0.0
-35.92439,-6.5929594,0.0,77.04204,57.186825,0.0
-54.009274,25.687054,0.0,-89.099365,-19.67095,0.0
2.754907,-76.58621,0.0,-40.832413,82.39468,0.0
21.600445,4.536709,0.0,-72.25973,84.92699,0.0
34.04105,30.395054,0.0,-30.432539,90.87971,0.0
14.701734,-94.52684,0.0,93.07053,26.20337,0.0
-71.20734,-15.992896,0.0,-92.56437,-89.31023,0.0
-76.138054,78.00967,0.0,-88.086655,-60.804626,0.0
-93.89387,-53.955025,0.0,-33.96424,-99.75363,0.0
33.186016,-71.18235,0.0,22.787434,-29.580355,0.0
-25.981363,63.089905,0.0,18.306246,89.6211,0.0
10.855958,64.41848,0.0,79.691986,9.240926,0.0
-93.127266,-71.33254,0.0,81.31827,-20.82331,0.0
-32.781914,-67.18949,0.0,-71.91458,63.643566,0.0
27.086382,-11.47458,0.0,-32.0665,-50.904198,0.0
-88.52084,-83.53528,0.0,-28.560617,20.261614,0.0
41.27703,27.497072,0.0,89.955376,51.55217,0.0
-71.54936,25.219473,0.0,81.71655,57.51464,0.0
54.791615,80.97042,0.0,20.440031,-89.53863,0.0
-71.822975,75.40546,0.0,-63.805386,59.451805,0.0
-35.16225,97.97599,0.0,-27.470163,19.817795,0.0
-94.6456,-35.065815,0.0,67.8525,-48.72372,0.0
7.3423615,91.20806,0.0,44.806393,-99.10467,0.0
31.946033,-49.161472,0.0,-71.58331,88.664375,0.0
30.057077,-56.448154,0.0,-67.2321,-84.47409,0.0
-93.94361,-45.19042,0.0,-11.669267,-29.674862,0.0
76.18716,29.744392,0.0,20.716078,84.2595,0.0
30.798838,23.717035,0.0,-38.03057,-82.84114,0.0
-65.18238,37.87259,0.0,-37.055122,75.20252,0.0
-20.307707,59.36742,0.0,-89.344,-36.182846,0.0
38.198193,-8.990833,0.0,30.427422,1.8647406,0.0
-20.866886,-62.454456,0.0,-50.77024,39.318336,0.0
-60.239193,-86.477486,0.0,79.85606,1.5486871,0.0
55.30371,67.884865,0.0,-29.655828,87.95144,0.0
-97.13905,-68.56811,0.0,36.81243,-53.629166,0.0
-22.127033,-95.55434,0.0,8.109622,-89.392044,0.0
71.46389,21.939655,0.0,8.125024,90.74644,0.0
61.178238,-84.15008,0.0,-61.702076,-22.75272,0.0
24.782183,18.999964,0.0,-30.62944,-46.87071,0.0
-35.589443,-68.467926,0.0,-70.605385,7.9361925,0.0
47.102528,28.339098,0.0,76.219635,-53.94427,0.0
87.0186,36.909912,0.0,79.98179,-13.233514,0.0
-5.378377,-95.76117,0.0,94.93803,97.85599,0.0
-49.44563,34.453835,0.0,-57.37224,8.287329,0.0
26.905033,-9.173049,0.0,-84.449265,-47.926117,0.0
65.62814,86.09597,0.0,-48.038364,56.801105,0.0
44.008907,-65.26471,0.0,85.68242,45.492363,0.0
91.58744,-1.8394635,0.0,57.210148,-50.480686,0.0
34.855145,2.5802677,0.0,-23.716576,-86.79664,0.0
-95.97222,52.470596,0.0,-40.094536,0.3554844,0.0
81.558365,59.9917,0.0,-97.946266,-7.71852,0.0
-62.669086,80.00182,0.0,5.0077806,-66.75379,0.0
-54.137257,29.990665,0.0,-51.092274,-11.023786,0.0
-64.63038,-38.92952,0.0,13.390607,47.483635,0.0
33.7321,-50.589836,0.0,22.090906,-18.9957,0.0
-37.585396,58.671997,0.0,-2.3261006,-71.57459,0.0
52.184067,-46.816708,0.0,-50.641438,59.192577,0.0
-92.547806,-0.8657429,0.0,11.308272,-98.69446,0.0
70.18205,-83.32464,0.0,86.146225,-39.51704,0.0
-30.0192,-78.21567,0.0,-43.890446,3.2437274,0.0
84.843155,-70.26019,0.0,83.59944,84.60216,0.0
65.94578,67.82724,0.0,-93.46874,-6.2027016,0.0
-90.25069,76.407036,0.0,-51.97838,-86.98876,0.0
20.817497,-28.482483,0.0,58.46689,32.746716,0.0
2.5705543,9.947512,0.0,17.484276,-97.483955,0.0
7.5296946,18.621191,0.0,8.697886,-80.18871,0.0
-57.76781,83.42559,0.0,55.888798,89.33691,0.0
56.716606,-77.05333,0.0,59.55966,23.577286,0.0
43.453773,-24.823174,0.0,37.496822,2.8215082,0.0
60.91514,-79.5583,0.0,-66.82919,-43.015804,0.0
20.858374,19.73308,0.0,86.87014,73.374626,0.0
56.897526,-55.76939,0.0,33.8493,94.04518,0.0
-81.327286,-23.630129,0.0,2.5766098,11.989053,0.0
-88.53289,83.640144,0.0,64.090866,-48.971283,0.0
53.593697,8.031326,0.0,13.309499,-38.54018,0.0
-47.781456,-30.698107,0.0,95.88656,37.370995,0.0
31.900162,-13.838676,0.0,-52.904953,70.54216,0.0
-64.38335,-94.62505,0.0,-88.130875,62.97586,0.0
85.66865,21.842894,0.0,63.14738,91.369446,0.0
-34.05146,-81.64373,0.0,4.7457275,21.867727,0.0
25.168722,-7.5528216,0.0,-36.54617,-78.48592,0.0
78.82152,92.91604,0.0,-4.2596645,-79.19794,0.0
-30.480766,-52.395283,0.0,43.469875,-33.863064,0.0
-4.205708,82.781845,0.0,-1.0378348,-85.66803,0.0
-30.641045,-0.6151797,0.0,-25.863037,93.442566,0.0
-16.20426,-24.381042,0.0,-97.9632,62.15481,0.0
-29.922064,20.51418,0.0,54.81033,64.71247,0.0
17.66332,-19.46229,0.0,-52.4713,23.92481,0.0
-85.6219,46.463264,0.0,-46.787357,1.3145525,0.0
-59.97418,5.55459,0.0,-69.77052,-22.800968,0.0
66.022484,-54.833332,0.0,54.567673,15.90908,0.0
-69.3525,-53.752754,0.0,72.613754,-63.27567,0.0
45.80431,87.90333,0.0,75.88051,-95.59886,0.0
77.14768,-20.150501,0.0,7.557455,16.109396,0.0
85.44889,8.366135,0.0,41.99159,-30.034492,0.0
-27.323328,71.81554,0.0,86.92107,59.32009,0.0
-46.63687,-76.21373,0.0,-93.313484,-25.379911,0.0
30.86594,32.442047,0.0,-45.109608,58.269093,0.0
43.593807,33.753475,0.0,80.39633,-8.705238,0.0
-77.38537,-66.83968,0.0,25.678244,84.89,0.0
-11.136695,57.60462,0.0,66.89983,-32.739574,0.0
82.14761,64.18182,0.0,-80.83154,51.00377,0.0
62.772396,94.95368,0.0,-31.875233,31.462257,0.0
8.819317,-69.991425,0.0,37.579292,-83.07434,0.0
-81.56812,29.565067,0.0,99.66249,-46.404186,0.0
-37.795715,-58.448658,0.0,-59.354614,47.22674,0.0
93.26496,4.066946,0.0,69.76085,51.298237,0.0
-6.166546,-87.39318,0.0,-78.80016,45.886677,0.0
60.269253,63.096188,0.0,-6.7101827,96.880905,0.0
97.473145,65.82307,0.0,-76.024284,21.249172,0.0
-49.91463,-56.027386,0.0,-7.304448,-88.82652,0.0
57.453526,-81.216896,0.0,-61.778484,-43.74699,0.0
-97.29154,20.17111,0.0,-86.49648,-86.92774,0.0
34.445076,90.20658,0.0,30.916958,-79.3005,0.0
52.52009,57.727013,0.0,-72.62578,45.374268,0.0
31.765005,-6.3328533,0.0,-94.700455,27.184908,0.0
-69.77489,46.84468,0.0,-80.46173,43.903393,0.0
-57.380367,98.56614,0.0,-28.349197,-67.401215,0.0
-53.84773,-18.706427,0.0,49.59523,-89.713646,0.0
89.45699,74.65424,0.0,-33.462475,-65.04087,0.0
-51.39314,-46.803436,0.0,32.61368,48.7957,0.0
-74.034065,15.8639345,0.0,28.095264,-90.00705,0.0
73.06291,96.56062,0.0,37.464222,-48.6847,0.0
75.540504,-33.361588,0.0,59.47804,-63.312428,0.0
-70.867805,-56.811367,0.0,-51.667767,-18.134926,0.0
32.8343,1.1252866,0.0,-69.87832,88.038,0.0
48.851536,-53.78974,0.0,-87.83897,-60.623394,0.0
-83.8119,-71.24734,0.0,-54.22596,-11.131018,0.0
30.663742,18.300976,0.0,27.289782,-7.540884,0.0
-84.41123,20.640814,0.0,-76.22731,16.499966,0.0
-83.64159,-49.12046,0.0,-68.84261,35.811836,0.0
-57.312042,-55.15357,0.0,55.2068,-41.801083,0.0
-78.69127,-85.81993,0.0,95.011635,60.66452,0.0
-85.816826,-71.54937,0.0,-58.908096,55.74425,0.0
79.50928,7.3611393,0.0,-0.14118826,-61.161343,0.0
59.581264,-94.84661,0.0,-5.321455,-65.8062,0.0
91.35997,0.08022602,0.0,-13.454173,-8.460077,0.0
29.240871,75.01774,0.0,-17.35115,-73.28845,0.0
-76.874916,-86.79284,0.0,-90.2061,-29.967606,0.0
89.12544,-59.336197,0.0,-88.37848,26.78411,0.0
24.543758,16.979816,0.0,19.687475,-62.139294,0.0
24.280682,-61.121475,0.0,-49.629513,-57.26583,0.0
-47.92427,-74.741844,0.0,45.106113,-78.48346,0.0
-9.119353,57.110207,0.0,-41.419,-43.10551,0.0
-53.912544,60.81128,0.0,-66.18567,56.55665,0.0
-30.872324,-92.12423,0.0,58.060574,-91.271935,0.0
-47.421364,39.72247,0.0,36.930206,-61.366,0.0
-58.457264,16.552147,0.0,-47.5268,19.578856,0.0
38.12221,-34.328175,0.0,-55.53112,-70.191864,0.0
2.450275,80.51818,0.0,86.09121,-10.994639,0.0
81.84577,-80.07492,0.0,8.536313,94.66895,0.0
-51.985596,-53.351357,0.0,-97.39887,-60.86816,0.0
73.137245,57.74128,0.0,-30.175034,75.324455,0.0
-54.54993,69.47071,0.0,-96.312256,71.09163,0.0
-62.1721,-60.065174,0.0,59.777596,69.83917,0.0
2.585038,-19.275652,0.0,30.467403,-44.632263,0.0
-38.04811,-39.61903,0.0,-35.734062,-78.72592,0.0
48.327717,-17.941523,0.0,82.23647,81.8079,0.0
-35.813393,16.865747,0.0,35.04099,40.471817,0.0
15.181552,93.840256,0.0,28.360893,-80.61577,0.0
56.321804,-31.7422,0.0,71.66158,26.711859,0.0
91.46289,85.63553,0.0,36.48094,-80.19767,0.0
99.795204,72.850174,0.0,27.114868,87.982506,0.0
-51.339016,76.49564,0.0,-65.3743,34.95351,0.0
-95.95275,4.7986326,0.0,94.806244,82.290794,0.0
22.901678,77.26862,0.0,-76.98409,73.205,0.0
-85.25019,8.0028,0.0,-44.493504,83.005356,0.0
79.006516,97.09453,0.0,17.819809,96.56981,0.0
22.24292,71.91635,0.0,37.164043,55.765877,0.0
-6.468853,-27.014204,0.0,91.29821,-19.265842,0.0
-21.43718,-74.888115,0.0,-33.67853,42.90128,0.0
-14.773955,-88.59704,0.0,-7.9418073,64.8618,0.0
86.760414,-14.010563,0.0,-2.8383458,11.002531,0.0
-26.932297,72.98619,0.0,24.841087,59.636932,0.0
17.50902,55.704647,0.0,-61.971786,-16.639742,0.0
43.406666,33.837196,0.0,25.102413,-35.724754,0.0
-47.810596,-33.76578,0.0,43.140125,-19.619398,0.0
-47.259075,-57.80985,0.0,32.959335,96.618034,0.0
7.9729514,-39.15862,0.0,27.395006,-63.765522,0.0
-38.34698,-5.3125343,0.0,65.72279,-64.132,0.0
-76.63129,-65.95584,0.0,-23.34618,-91.71439,0.0
89.12406,9.056373,0.0,-0.47167823,-39.437164,0.0
-53.310127,-13.165885,0.0,-83.95082,-6.0428214,0.0
21.03177,-71.64574,0.0,70.42389,18.813284,0.0
1.5944806,-66.783966,0.0,-38.35272,-28.440872,0.0
93.16443,-13.500423,0.0,-37.636772,1.2283778,0.0
-82.47408,-35.345673,0.0,91.16836,24.11212,0.0
38.065384,71.74091,0.0,4.9143457,47.001846,0.0
-24.48688,58.814056,0.0,37.28883,83.96421,0.0
50.282738,86.22461,0.0,81.273674,59.0779,0.0
-70.14317,-29.475182,0.0,-72.20087,31.853497,0.0
39.201218,40.798332,0.0,-68.70591,16.411133,0.0
29.528885,-8.20561,0.0,85.05558,66.22147,0.0
-4.3011627,88.30148,0.0,51.19195,-94.43646,0.0
89.945885,-81.153694,0.0,32.81545,-9.847093,0.0
63.872147,-75.63761,0.0,-70.5671,-7.8593216,0.0
82.43044,-79.09879,0.0,-37.9788,84.869446,0.0
-88.73934,-76.23642,0.0,-76.49475,29.842056,0.0
79.26866,30.123856,0.0,54.571545,22.5895,0.0
51.13453,-63.03609,0.0,-76.079254,-20.8441,0.0
81.79561,-17.37128,0.0,26.243559,96.46666,0.0
-44.7524,40.14194,0.0,27.53269,-99.37426,0.0
69.065704,70.45845,0.0,-32.091244,48.022808,0.0
87.88158,-9.714277,0.0,-96.06434,-93.507545,0.0
4.5477114,84.700165,0.0,-14.795331,-15.668168,0.0
99.99443,60.141426,0.0,-48.363277,-53.777008,0.0
89.4703,75.00352,0.0,17.318077,-32.422207,0.0
29.336117,-23.457306,0.0,-2.018248,46.05848,0.0
-30.202408,-14.956555,0.0,39.521915,-94.02095,0.0
-68.195526,28.946665,0.0,-86.841225,19.75415,0.0
-75.632416,-0.18500578,0.0,-56.562553,47.67954,0.0
-25.750061,71.004906,0.0,92.816635,-65.31351,0.0
5.470762,-26.131159,0.0,87.87008,19.182875,0.0
-84.64003,-94.920105,0.0,34.12723,-94.07754,0.0
89.42603,92.189606,0.0,62.7261,76.28744,0.0
-10.713494,84.94812,0.0,6.493018,-68.67481,0.0
36.12728,-17.266842,0.0,-92.36301,17.707973,0.0
-57.829998,10.616387,0.0,96.45656,55.280228,0.0
62.487396,59.01013,0.0,27.765108,-37.5193,0.0
47.413097,-84.33096,0.0,88.158905,-87.65494,0.0
-50.78996,-64.215546,0.0,76.35175,-4.756405,0.0
-66.59162,-66.47616,0.0,-92.66572,47.2804,0.0
87.6422,-22.913647,0.0,-95.53749,81.419655,0.0
-91.879105,-28.73587,0.0,-93.52939,-63.69181,0.0
-17.26898,-63.43506,0.0,-9.551277,-6.475626,0.0
81.80164,-10.445964,0.0,-96.42618,20.311121,0.0
78.81195,69.05578,0.0,-95.39533,16.198027,0.0
95.58014,-5.9001226,0.0,-62.76909,-71.2845,0.0
-80.48683,7.267204,0.0,-79.629234,-23.890312,0.0
32.26219,-29.336775,0.0,-71.344215,10.453952,0.0
28.455397,-72.235,0.0,64.23538,16.35315,0.0
86.5229,11.915624,0.0,-62.73841,97.55088,0.0
-87.18891,37.0126,0.0,-61.889297,79.51341,0.0
87.771126,-7.7011585,0.0,75.495255,-9.506274,0.0
-80.9746,2.9425287,0.0,84.89221,70.53186,0.0
-32.197617,-89.64926,0.0,-92.48386,-56.73169,0.0
-82.61993,38.00101,0.0,-41.006287,-36.44458,0.0
25.324846,-90.122314,0.0,73.67133,-40.2812,0.0
53.21736,69.5065,0.0,-88.89879,-0.33606532,0.0
17.414728,-60.078297,0.0,80.667076,-84.44714,0.0
-27.831995,59.598553,0.0,-17.231157,17.234232,0.0
-84.29035,-88.89259,0.0,-86.20796,-43.034084,0.0
8.213975,-27.353863,0.0,81.332825,13.491859,0.0
86.08245,-38.664352,0.0,-54.98665,46.017708,0.0
12.178087,-85.28758,0.0,-85.695885,22.055693,0.0
-80.00067,-28.202887,0.0,24.8673,75.15609,0.0
58.720787,-71.16441,0.0,73.94574,-46.3834,0.0
-46.925007,47.712505,0.0,67.31484,88.164536,0.0
96.38928,-41.96338,0.0,-87.30259,-99.20013,0.0
28.918108,52.70808,0.0,74.01072,-60.460964,0.0
83.31001,-47.20035,0.0,46.641693,34.3927,0.0
-80.009926,92.06325,0.0,-36.493916,29.488882,0.0
83.44233,2.5217247,0.0,51.225616,96.92782,0.0
65.18787,-73.83636,0.0,91.57955,-2.5218751,0.0
80.57185,86.02343,0.0,-34.049206,20.168621,0.0
-59.523853,-6.4528003,0.0,-63.748917,-93.35788,0.0
-28.711983,95.12997,0.0,95.85313,5.6294174,0.0
51.386135,-92.15115,0.0,-65.70581,-76.11655,0.0
74.818085,94.06393,0.0,-23.80206,-72.867485,0.0
-94.16565,89.03334,0.0,-88.55928,28.478018,0.0
83.40177,67.05563,0.0,53.778687,39.35691,0.0
56.090126,-79.26114,0.0,77.95497,70.55726,0.0
-57.02349,-49.08514,0.0,-74.749535,-84.97581,0.0
-33.34409,-56.085194,0.0,49.688293,-81.83245,0.0
40.9855,44.692524,0.0,-62.28507,60.44611,0.0
-39.449574,-28.240961,0.0,46.688007,91.47962,0.0
85.40805,24.77758,0.0,-12.148354,-12.342686,0.0
1.9435169,16.488657,0.0,-36.358906,-79.65972,0.0
-8.196642,5.680128,0.0,-73.80544,61.03677,0.0
1.5838951,89.47031,0.0,-42.081154,63.284786,0.0
-19.414928,99.129234,0.0,-57.55897,-88.35288,0.0
95.368935,5.278552,0.0,22.303524,77.236404,0.0
-5.7682595,50.59406,0.0,-46.349586,3.2665436,0.0
-81.565,90.74878,0.0,-74.054924,37.238647,0.0
-97.56633,26.047766,0.0,-28.195475,-78.96234,0.0
38.538456,-43.767353,0.0,87.67533,-78.319885,0.0
24.825096,0.07879552,0.0,95.44341,48.37839,0.0
2.9592147,-21.366589,0.0,30.475485,-64.41597,0.0
-62.323532,30.545816,0.0,-3.318238,90.25292,0.0
79.65594,-39.11131,0.0,-65.63309,-28.370625,0.0
38.008606,-32.910225,0.0,-47.090977,86.60201,0.0
-53.831944,36.14864,0.0,1.9170009,-27.406185,0.0
-59.991425,-85.96064,0.0,-11.715352,-67.185356,0.0
45.696823,-80.80034,0.0,-50.56121,-17.784462,0.0
69.511826,83.1219,0.0,-11.026317,-91.22163,0.0
-0.46082807,85.43748,0.0,-48.064354,-60.177956,0.0
82.76324,-82.97686,0.0,-32.835403,-30.731071,0.0
26.606207,64.43279,0.0,-61.250835,30.476393,0.0
72.95796,-90.3709,0.0,87.4381,-85.98492,0.0
-12.1943,46.236183,0.0,-94.81329,78.164055,0.0
52.29095,-76.42064,0.0,40.792866,-39.74363,0.0
-42.5758,-94.29904,0.0,98.718,-37.721367,0.0
73.43766,50.669186,0.0,-70.94597,-19.087074,0.0
-82.051926,-50.71135,0.0,79.698105,-26.345058,0.0
61.211746,-87.82675,0.0,-9.290594,-10.247641,0.0
-21.414036,-99.16549,0.0,23.393375,79.69027,0.0
85.192444,-15.775449,0.0,-52.866676,-83.604866,0.0
-17.610733,2.6784117,0.0,14.216844,-65.5717,0.0
14.820833,90.71714,0.0,96.31725,-60.23351,0.0
13.645434,64.82219,0.0,-97.53205,98.64896,0.0
60.757225,95.546135,0.0,-5.836424,6.3734603,0.0
-65.41358,-19.296036,0.0,-44.400215,92.77509,0.0
-45.900356,14.917614,0.0,-71.23903,17.22981,0.0
48.58436,-82.26002,0.0,-98.17808,-12.378662,0.0
83.25718,11.976348,0.0,5.2767596,79.92039,0.0
35.81808,14.878001,0.0,-42.891285,68.967514,0.0
35.911255,46.978672,0.0,-76.721825,90.76415,0.0
-28.424665,-29.927784,0.0,-27.502398,-62.498196,0.0
-36.278027,61.302094,0.0,-41.246025,55.63792,0.0
-23.596157,-37.381985,0.0,82.59315,-90.49335,0.0
-53.629677,87.70118,0.0,-47.029163,-8.5926,0.0
85.88272,38.58941,0.0,-35.213337,-67.68117,0.0
92.896324,70.53522,0.0,26.093513,62.48952,0.0
3.8462293,48.618187,0.0,-45.85282,23.154125,0.0
-42.227947,78.18904,0.0,44.633698,-55.82917,0.0
92.84844,7.7111697,0.0,-52.9713,94.93367,0.0
24.314964,-36.932285,0.0,-49.68812,-30.122145,0.0
26.389204,-87.97759,0.0,-5.639154,11.498218,0.0
71.67164,87.85366,0.0,44.596336,74.446846,0.0
46.19234,70.10442,0.0,-90.36984,0.992181,0.0
70.11661,98.94172,0.0,-84.70385,22.916462,0.0
1.422132,23.443619,0.0,-21.057253,-88.616455,0.0
-76.26987,42.002586,0.0,65.23728,-59.829147,0.0
-48.904724,-62.164516,0.0,71.31363,73.849434,0.0
-76.75261,59.46813,0.0,5.528525,72.65323,0.0
87.450264,-46.503044,0.0,32.5968,88.67223,0.0
-99.38978,75.001144,0.0,28.970936,-76.39447,0.0
-11.536859,-28.172405,0.0,92.56646,-10.708376,0.0
-59.148705,25.36052,0.0,-28.251495,99.129036,0.0
47.01945,-14.595898,0.0,-77.80293,47.153038,0.0
-56.229572,88.1931,0.0,57.28774,-37.8285,0.0
-70.85773,55.847744,0.0,-71.96692,65.56121,0.0
-67.22932,64.01118,0.0,37.992905,-25.557796,0.0
38.19321,99.23137,0.0,16.346766,22.827557,0.0
91.80483,22.680367,0.0,-47.66572,-86.60178,0.0
-95.76268,-57.547153,0.0,-11.625744,-78.51859,0.0
58.274513,78.50546,0.0,98.07035,92.86936,0.0
72.719795,50.142155,0.0,-58.869144,48.120663,0.0
-26.748724,-66.42304,0.0,31.480318,-75.94164,0.0
-84.556786,30.14647,0.0,-14.294869,71.95952,0.0
-59.84068,13.792958,0.0,-43.869114,-32.106922,0.0
33.070816,93.62902,0.0,95.33372,-28.18959,0.0
38.52718,-20.807598,0.0,13.614252,45.108185,0.0
-31.481945,-66.92037,0.0,-99.20439,-0.7339307,0.0
44.851387,43.610165,0.0,-10.242035,-72.99333,0.0
-60.26319,-31.653988,0.0,16.240862,-96.60899,0.0
-30.021381,-33.387222,0.0,-13.036745,-35.45521,0.0
-38.841747,43.90138,0.0,93.63623,-43.98431,0.0
-84.665115,1.7295042,0.0,-76.51026,-10.055181,0.0
-60.31115,-82.54352,0.0,42.600906,27.370049,0.0
91.808044,-24.687931,0.0,5.417722,46.764374,0.0
75.65539,-82.54025,0.0,-37.883335,-60.28463,0.0
9.615508,67.74056,0.0,-69.4526,43.7785,0.0
-46.283787,-38.622276,0.0,9.943828,19.402,0.0
84.352234,-0.9562397,0.0,20.259491,-76.9442,0.0
59.68437,-79.06665,0.0,87.81914,63.44431,0.0
84.89999,29.718418,0.0,-33.48265,-81.09283,0.0
-41.455112,-65.12866,0.0,58.31478,91.082825,0.0
67.87941,-28.389656,0.0,-8.072786,53.603924,0.0
81.3226,-31.779465,0.0,-16.788029,-6.3109894,0.0
81.22664,-57.20834,0.0,-95.40062,-39.828236,0.0
-93.82637,-66.86736,0.0,-20.975025,-36.733215,0.0
-7.0851264,81.08585,0.0,10.1517725,15.02783,0.0
-39.963417,39.254997,0.0,-62.705997,-52.25019,0.0
72.40299,83.41192,0.0,74.40596,-99.849594,0.0
52.7007,14.7490425,0.0,-41.459335,-80.12181,0.0
29.830824,-68.22391,0.0,52.37047,87.918724,0.0
-31.106188,-47.69606,0.0,64.00087,95.88664,0.0
7.955416,68.83186,0.0,-46.31411,63.34084,0.0
10.919924,-21.084661,0.0,-78.982414,-67.18897,0.0
22.707825,-83.78243,0.0,16.778452,81.21034,0.0
-38.45396,-28.26903,0.0,62.423626,-76.520355,0.0
41.813698,32.958717,0.0,-45.43045,62.8912,0.0
1.5898315,55.661636,0.0,-13.330353,5.725045,0.0
-58.655483,-8.974305,0.0,61.32884,-38.076416,0.0
88.363754,67.19532,0.0,-21.268011,-60.739384,0.0
-82.72098,-89.09739,0.0,-57.281425,6.7711706,0.0
72.62717,-48.740784,0.0,-23.421055,-73.40351,0.0
-4.305877,-14.482388,0.0,-42.333305,-74.39213,0.0
-7.1153393,-13.655525,0.0,46.873016,81.87748,0.0
-91.02226,-79.14631,0.0,10.53339,-94.5496,0.0
73.319756,-76.875046,0.0,93.927925,82.602776,0.0
34.598305,-38.57618,0.0,-21.463726,89.36099,0.0
-58.941193,78.160965,0.0,39.9991,76.368614,0.0
95.104935,41.701515,0.0,26.822191,1.3779111,0.0
-94.91398,-20.37047,0.0,-77.8549,73.95391,0.0
52.198147,-92.93773,0.0,49.14676,-59.503887,0.0
-17.253567,2.9600763,0.0,42.879776,-67.33508,0.0
81.09444,-45.883854,0.0,27.512938,89.01838,0.0
36.410824,-70.84909,0.0,70.591866,90.10621,0.0
72.440865,-89.72723,0.0,33.376057,58.207783,0.0
-45.508358,78.70179,0.0,30.01922,-94.1303,0.0
-58.514835,85.86946,0.0,-14.580204,-36.18092,0.0
-10.264116,7.509148,0.0,-40.066135,-86.73154,0.0
-17.172077,84.919106,0.0,-98.831856,70.30172,0.0
-33.000996,19.281235,0.0,-82.48023,3.1933982,0.0
-63.496502,1.9544616,0.0,-59.706436,-81.46801,0.0
-56.474873,88.59005,0.0,93.676445,-95.906166,0.0
16.85559,81.169,0.0,82.31173,56.618565,0.0
-23.60391,-90.321724,0.0,-59.85243,-9.949587,0.0
35.923615,-10.014079,0.0,-1.5582396,-84.13922,0.0
56.876293,16.174019,0.0,40.405262,-65.54337,0.0
79.8656,-2.7242966,0.0,-12.49269,54.533657,0.0
9.15853,-69.97677,0.0,76.721306,11.446124,0.0
51.51905,20.226088,0.0,-0.5321222,10.722645,0.0
76.07169,-23.928917,0.0,11.272677,-75.91464,0.0
-66.00905,-92.64652,0.0,-63.475533,39.799408,0.0
-5.682115,-81.90474,0.0,-36.0874,-62.442196,0.0
20.14856,-39.02528,0.0,32.006927,99.38685,0.0
-30.322388,98.2533,0.0,-8.904369,70.36725,0.0
-35.948418,98.45608,0.0,4.793601,-97.62857,0.0
10.1532955,-99.942215,0.0,-95.47105,70.274315,0.0
97.376335,76.01376,0.0,-91.33595,-49.507336,0.0
-58.19408,30.445658,0.0,1.1449915,-31.167692,0.0
11.500196,91.63343,0.0,5.6047463,94.00462,0.0
-35.453472,-7.3249855,0.0,-68.19443,91.07012,0.0
-44.619934,93.880325,0.0,-36.03369,-83.80303,0.0
-86.243866,-27.588829,0.0,87.076454,72.517845,0.0
-9.523236,70.15957,0.0,-76.34841,-13.511332,0.0
-73.417404,-85.570885,0.0,3.6509764,-64.6608,0.0
31.326506,10.409192,0.0,-9.617455,-32.07321,0.0
86.58798,-4.551755,0.0,-89.33146,-95.97426,0.0
-40.854515,79.60198,0.0,-41.605915,-32.79826,0.0
-52.52043,71.25201,0.0,-92.03641,29.837692,0.0
86.1678,19.537066,0.0,-70.21794,48.16885,0.0
-2.2790172,20.644424,0.0,-34.88377,96.71946,0.0
-67.664185,85.002716,0.0,-98.742836,-24.564589,0.0
91.092255,4.1310205,0.0,-88.24796,63.100063,0.0
-48.551685,-91.086845,0.0,4.841284,-90.35489,0.0
-75.86134,-69.26438,0.0,-96.11312,-56.068024,0.0
-55.88857,42.60368,0.0,78.73678,1.9120301,0.0
80.49066,-86.71123,0.0,6.793492,-71.57258,0.0
-90.1411,-22.742458,0.0,-29.305359,-36.873356,0.0
73.06578,12.321002,0.0,84.84219,-95.48114,0.0
-82.94799,-66.02611,0.0,-76.64814,-24.957674,0.0
-81.157135,-82.53501,0.0,-38.41545,52.42777,0.0
10.476846,56.96315,0.0,56.735096,-93.52874,0.0
-57.357533,-70.14214,0.0,55.16006,63.73744,0.0
-74.60762,14.94322,0.0,18.527721,76.80865,0.0
51.234352,46.136837,0.0,-31.425774,-97.77632,0.0
-73.54725,-24.9389,0.0,-18.836084,-73.56285,0.0
-89.03758,-12.213168,0.0,81.215935,78.48408,0.0
73.88176,-54.360706,0.0,64.33255,10.149581,0.0
66.72908,5.431949,0.0,-84.15764,-21.815907,0.0
81.91099,-35.792446,0.0,79.13869,-61.37199,0.0
92.050804,13.099466,0.0,28.169245,56.40071,0.0
-8.580392,-78.13908,0.0,-62.427258,-51.40294,0.0
9.891935,-72.24663,0.0,-91.82556,97.67175,0.0
44.450806,74.75897,0.0,-46.374813,14.846504,0.0
-7.347404,24.61131,0.0,-53.02856,56.92228,0.0
92.05047,-49.26611,0.0,74.995415,84.81555,0.0
4.5076103,91.93517,0.0,74.22306,73.49136,0.0
-76.30767,85.49603,0.0,-84.121155,-18.737225,0.0
55.747696,59.179226,0.0,-34.398632,-0.5334245,0.0
-82.89264,84.69999,0.0,-99.22749,35.414173,0.0
-67.33347,-76.76139,0.0,82.644035,-58.15901,0.0
-13.781145,-72.81691,0.0,48.138256,-57.680847,0.0
-84.5227,84.923096,0.0,-11.724179,72.863045,0.0
-34.038357,22.070606,0.0,-89.14681,91.035965,0.0
39.638947,-11.76348,0.0,87.95854,43.100716,0.0
34.206173,2.1810043,0.0,-72.5123,-75.883934,0.0
-17.477324,-80.811226,0.0,-48.98726,0.022622628,0.0
0.61249423,-27.636267,0.0,-60.633812,64.45253,0.0
77.040794,8.740566,0.0,-50.696907,-15.459174,0.0
-30.75959,52.68151,0.0,67.4429,83.268845,0.0
-38.173725,25.120672,0.0,16.887741,91.03043,0.0
-90.1904,35.123222,0.0,-1.6713612,6.610217,0.0
81.233986,96.23408,0.0,-87.36122,-84.38644,0.0
31.060389,-9.633508,0.0,44.97892,61.396084,0.0
-5.918394,-31.923069,0.0,-95.76476,-28.97508,0.0
85.85969,69.14908,0.0,-68.94266,-54.940285,0.0
-57.747326,77.487465,0.0,55.689674,-59.65517,0.0
52.734325,71.59367,0.0,-75.44173,8.921367,0.0
7.275463,45.809124,0.0,-98.6582,51.632336,0.0
-95.72431,-43.68839,0.0,-83.44761,-42.020287,0.0
35.420387,49.70267,0.0,47.416992,30.509556,0.0
-61.16423,88.30002,0.0,90.70207,-55.020405,0.0
-19.848225,-7.926372,0.0,-87.83614,5.8646846,0.0
6.5849957,-61.313374,0.0,51.39898,65.84361,0.0
-53.04392,57.266857,0.0,37.14738,84.957985,0.0
41.935028,0.69898695,0.0,81.521545,-72.2515,0.0
-40.014122,-5.138264,0.0,-66.39599,-29.040545,0.0
11.97862,-39.81619,0.0,-66.573135,-18.56525,0.0
-68.769714,20.780764,0.0,-16.51164,53.12059,0.0
-73.42765,-49.393692,0.0,-91.574455,-85.47783,0.0
-32.30192,-43.08592,0.0,84.27604,77.66487,0.0
-11.9003725,-94.6012,0.0,-90.91023,27.793901,0.0
16.638159,18.568037,0.0,-29.015066,-89.60213,0.0
79.778366,-73.31673,0.0,-65.593414,94.41395,0.0
50.867027,93.76871,0.0,-32.73819,-41.999153,0.0
-36.345146,88.973656,0.0,30.308178,83.29253,0.0
-63.461864,-47.32421,0.0,-29.335487,-92.06972,0.0
-77.25839,-46.404152,0.0,49.28322,56.215977,0.0
-93.344376,39.578648,0.0,94.17333,52.408623,0.0
-66.486916,-56.25712,0.0,-39.216267,-33.411777,0.0
-83.02411,69.607376,0.0,72.66114,35.792583,0.0
-79.63089,-39.991207,0.0,94.19688,-53.88003,0.0
95.30669,-87.16829,0.0,-85.9887,19.023315,0.0
-73.01488,-82.59495,0.0,3.6090631,-39.403328,0.0
-80.31394,59.7975,0.0,45.38883,-44.33439,0.0
-59.218006,-36.634937,0.0,-80.489136,42.42947,0.0
-1.6309757,13.084136,0.0,-82.94307,-1.2717868,0.0
91.37735,-6.6023707,0.0,-56.306168,-51.043217,0.0
81.21513,58.74841,0.0,49.16642,-92.84477,0.0
-10.213734,4.1795382,0.0,48.743458,-97.552986,0.0
-38.41544,-1.4655021,0.0,72.952255,98.3454,0.0
-7.8365793,-61.792896,0.0,42.88606,66.82246,0.0
-35.50957,41.367767,0.0,90.92524,1.7297745,0.0
70.8479,18.302465,0.0,92.55508,32.029648,0.0
-51.830215,-36.443012,0.0,55.99339,-79.20234,0.0
-90.24932,-47.428177,0.0,95.394745,56.125786,0.0
93.26162,-6.550837,0.0,99.106804,91.415596,0.0
-10.740066,-84.66671,0.0,89.34864,-85.59402,0.0
8.252216,-29.400242,0.0,83.57011,-91.001236,0.0
43.342724,-77.953415,0.0,57.87593,-66.37949,0.0
-94.10465,-42.220715,0.0,-31.179813,-13.71607,0.0
36.69983,23.818886,0.0,-23.090899,73.81516,0.0
-73.229294,92.88123,0.0,-89.438774,16.460245,0.0
-18.774324,6.0456796,0.0,-37.597652,43.66957,0.0
34.63886,34.323982,0.0,-98.24432,35.13003,0.0
-13.121982,58.180264,0.0,-55.58203,-39.633034,0.0
-36.011745,-39.75892,0.0,-82.24665,1.2785878,0.0
31.057981,-19.924196,0.0,-56.363346,66.37377,0.0
12.664855,-21.934847,0.0,-72.795135,43.778717,0.0
47.839317,84.59714,0.0,-62.985657,33.848713,0.0
49.992676,-73.9592,0.0,39.611225,-8.944725,0.0
-30.999952,42.26538,0.0,-7.824907,-91.66206,0.0
95.7726,-0.13551658,0.0,47.151436,67.79473,0.0
40.051254,-13.409862,0.0,-9.971512,-10.515469,0.0
72.29788,33.67468,0.0,92.05487,72.9356,0.0
-55.966034,59.610985,0.0,82.25026,23.802492,0.0
-12.014626,57.46796,0.0,-96.317474,25.84707,0.0
41.365803,61.415054,0.0,4.917457,92.90717,0.0
-97.14864,-93.33191,0.0,-69.19549,-23.495378,0.0
40.08696,48.04291,0.0,37.560455,-68.25187,0.0
-32.315884,32.757015,0.0,45.576878,-62.001213,0.0
-48.91115,-61.897846,0.0,60.774048,23.689388,0.0
78.149124,27.737217,0.0,-2.3170648,-92.00995,0.0
-58.328598,20.66177,0.0,-33.157257,-69.697395,0.0
-55.905663,-61.645313,0.0,-32.684555,88.02371,0.0
-71.23539,20.49818,0.0,41.649857,-63.475998,0.0
-90.92957,95.361694,0.0,36.633583,6.2550874,0.0
-88.38204,43.33087,0.0,-26.16639,-80.35804,0.0
-72.818794,-25.003874,0.0,45.680656,-77.04512,0.0
-25.522734,-75.66327,0.0,-66.3151,56.665974,0.0
46.72387,81.356,0.0,58.690414,-40.362373,0.0
16.412607,78.73108,0.0,56.19313,-73.09127,0.0
99.91213,-8.698804,0.0,87.28689,-1.925983,0.0
88.26461,-33.94197,0.0,67.67934,-56.02622,0.0
19.485199,50.25323,0.0,80.95699,-4.7469873,0.0
-39.11376,25.023924,0.0,-14.63985,80.68361,0.0
-50.849937,15.391835,0.0,-45.09108,64.8189,0.0
57.035603,-69.34962,0.0,32.89223,-75.65302,0.0
-54.593292,-0.1694551,0.0,97.549065,-58.08119,0.0
5.925904,-31.365873,0.0,30.225937,30.98878,0.0
-85.01358,-14.670158,0.0,-56.070713,-27.756678,0.0
-17.761906,-14.502707,0.0,-33.943066,12.846366,0.0
26.20894,23.158665,0.0,61.09803,35.690723,0.0
-80.16438,-19.70114,0.0,60.0142,-59.192875,0.0
96.34667,1.3798076,0.0,-82.205475,74.59487,0.0
-13.2331,-99.906815,0.0,-58.358337,-87.01438,0.0
-28.691574,88.11185,0.0,-51.910374,-80.99945,0.0
-28.843454,-31.271854,0.0,-71.39876,86.59304,0.0
-84.22165,72.85807,0.0,28.695507,-75.0851,0.0
75.101265,-68.98078,0.0,59.53657,-54.88186,0.0
45.911858,99.92704,0.0,94.429245,-36.3009,0.0
59.397854,52.129898,0.0,-33.193115,-35.117954,0.0
-47.536594,55.002857,0.0,42.81959,26.100172,0.0
-90.49806,-17.671345,0.0,-22.867773,62.063034,0.0
83.20986,63.49589,0.0,67.57652,-42.633636,0.0
23.53272,-12.126636,0.0,-14.438741,-18.849422,0.0
-82.97608,86.894394,0.0,-75.62183,-0.90206623,0.0
33.41003,-67.016655,0.0,91.899925,-69.05707,0.0
-69.58249,-19.599855,0.0,-90.565216,-76.91253,0.0
62.194782,35.77224,0.0,-74.63151,-46.480267,0.0
-89.55676,95.24658,0.0,-93.05848,-17.67062,0.0
70.89213,-59.509983,0.0,19.074678,-96.66262,0.0
-22.011051,14.923801,0.0,-87.81895,90.67667,0.0
-55.23037,-67.12237,0.0,-70.7602,-91.43419,0.0
3.7198825,63.969337,0.0,89.234856,-51.409878,0.0
32.916622,58.4973,0.0,68.20364,-95.60958,0.0
-64.91854,3.4294934,0.0,-80.941956,-39.312702,0.0
-99.531296,-25.869009,0.0,90.3888,35.115368,0.0
75.24707,-39.123547,0.0,33.312534,2.0360649,0.0
85.070984,-94.91182,0.0,41.63919,-33.934464,0.0
7.5705705,48.09868,0.0,-37.31401,-50.423218,0.0
52.681232,20.243994,0.0,75.8046,40.72336,0.0
-21.174295,58.569027,0.0,-36.43163,16.682852,0.0
72.95288,-91.57484,0.0,-81.63244,95.64842,0.0
-17.766315,-96.993286,0.0,5.40691,-73.71981,0.0
65.242744,-58.331528,0.0,74.95427,32.093887,0.0
84.032295,-69.0781,0.0,49.263416,62.376392,0.0
-34.744648,57.22275,0.0,70.32823,-63.330856,0.0
-11.999201,45.575417,0.0,-2.9625716,-20.7591,0.0
34.081963,-51.802883,0.0,-36.94975,-60.82536,0.0
-13.767162,-79.76781,0.0,-30.102884,16.537086,0.0
70.23104,37.64117,0.0,63.43988,-35.685436,0.0
-21.380135,55.617065,0.0,-86.08157,32.04692,0.0
36.785465,44.368862,0.0,-74.042274,-81.278076,0.0
72.931786,-69.01494,0.0,-83.45263,-3.0923998,0.0
-97.53836,47.496143,0.0,55.644314,75.45238,0.0
51.6649,83.89323,0.0,8.154683,-77.12392,0.0
-39.787815,28.662294,0.0,62.26242,-52.54437,0.0
-5.1081123,77.368,0.0,77.87554,-46.327118,0.0
-56.92629,94.95262,0.0,-34.174633,27.809935,0.0
-6.9751105,71.324234,0.0,-61.44292,21.54787,0.0
-83.06725,-31.88277,0.0,55.245293,-90.94639,0.0
89.83432,27.199898,0.0,97.967,-20.151264,0.0
17.202337,62.643982,0.0,-97.66478,-70.048485,0.0
34.31359,-79.701836,0.0,40.449192,49.218822,0.0
-8.596568,1.9682897,0.0,75.07281,5.9899116,0.0
-39.421722,-6.807778,0.0,-9.4623785,73.00588,0.0
84.03989,87.019455,0.0,-73.34332,3.3514786,0.0
58.686516,58.737537,0.0,33.56145,17.20467,0.0
-4.2105064,-19.962933,0.0,56.105907,83.64737,0.0
-88.87826,-69.60492,0.0,25.679161,-76.94976,0.0
-90.80449,99.26159,0.0,-47.565132,40.50336,0.0
-38.86273,32.2526,0.0,70.0587,35.356323,0.0
-76.76244,-49.265106,0.0,-75.55079,48.359066,0.0
-79.86509,35.297054,0.0,-38.124405,-32.216194,0.0
91.11728,77.16442,0.0,-90.93467,-43.748573,0.0
84.23012,-16.656187,0.0,22.471846,-70.91201,0.0
48.495895,-22.299147,0.0,75.84113,43.1918,0.0
95.06862,63.39478,0.0,70.50948,87.593056,0.0
77.88016,46.414722,0.0,74.96059,30.94459,0.0
-98.9713,24.401752,0.0,-5.602903,-88.815674,0.0
-89.30574,76.85135,0.0,53.15466,32.9304,0.0
93.38233,44.170883,0.0,-97.99245,-59.133656,0.0
69.72987,36.249073,0.0,-96.351326,47.313095,0.0
-47.111706,-80.56075,0.0,8.6512165,22.701174,0.0
-88.147606,-35.021847,0.0,-87.211655,80.58561,0.0
-69.66393,62.66605,0.0,-68.48269,-33.988987,0.0
1.9958603,87.07089,0.0,23.244225,76.8505,0.0
48.910614,45.75555,0.0,-38.88949,22.570393,0.0
-69.73545,83.5417,0.0,-21.429598,-70.849144,0.0
40.029594,28.937319,0.0,-36.703857,92.71682,0.0
38.568996,-35.524914,0.0,83.96513,82.791695,0.0
-96.45132,-71.96527,0.0,36.02832,85.80353,0.0
-71.52498,85.15647,0.0,-98.30729,86.781586,0.0
-94.70009,96.363365,0.0,58.986217,-53.922565,0.0
41.313103,-20.253622,0.0,68.09428,-99.00424,0.0
28.25818,-66.625465,0.0,87.754395,26.41216,0.0
31.189276,-84.52737,0.0,29.14834,-36.349518,0.0
69.78976,98.73172,0.0,-74.30089,29.181519,0.0
-64.51407,91.37331,0.0,50.121304,-52.004528,0.0
57.714935,-26.027948,0.0,75.14128,18.579676,0.0
-63.6337,58.17031,0.0,-57.045837,94.04809,0.0
-72.07438,40.70781,0.0,3.8356044,14.08973,0.0
4.7917385,-29.354769,0.0,-77.20804,-69.901184,0.0
99.61333,6.3073053,0.0,-32.71071,42.75747,0.0
-17.798828,-21.235817,0.0,-53.56352,39.373528,0.0
-60.711456,-42.530964,0.0,41.584496,-20.336882,0.0
-5.115277,81.09046,0.0,-69.054955,-7.294245,0.0
-59.71088,38.31306,0.0,-22.823784,88.617615,0.0
60.887444,-44.248024,0.0,-57.85901,91.48959,0.0
43.74793,46.480206,0.0,2.9866707,-67.72744,0.0
-99.000786,93.878105,0.0,-78.27907,52.69546,0.0
35.221382,-10.137442,0.0,-84.13336,85.61777,0.0
-49.012947,-70.96311,0.0,-48.315296,15.292291,0.0
-71.187386,48.156517,0.0,92.303734,90.6328,0.0
57.37584,-45.26675,0.0,-47.130978,-32.820347,0.0
-90.82943,-76.50078,0.0,14.045794,91.59466,0.0
57.630596,68.63118,0.0,64.25608,67.249374,0.0
-94.24109,-43.467434,0.0,-18.550602,-75.00098,0.0
86.26641,-34.76061,0.0,64.311905,89.99951,0.0
12.3232565,65.60362,0.0,3.1354651,96.87729,0.0
85.48009,-94.615074,0.0,63.342033,-20.786905,0.0
-57.743004,-61.571377,0.0,-60.86819,-48.787712,0.0
-55.904564,-99.321144,0.0,3.627302,-29.028933,0.0
-15.897928,66.91915,0.0,54.20149,62.783222,0.0
-63.040527,-3.807945,0.0,-54.104603,19.271935,0.0
-85.898575,44.066,0.0,-87.71837,53.305584,0.0
-85.235695,-50.577946,0.0,42.594383,-30.402824,0.0
54.228302,-47.853725,0.0,79.66953,-67.04308,0.0
35.063496,49.825848,0.0,4.2496824,-20.674368,0.0
-31.414068,36.77403,0.0,-94.93028,38.00938,0.0
-95.98389,-84.463974,0.0,-46.98915,53.217934,0.0
-19.01784,-60.325493,0.0,92.3281,2.2935045,0.0
-36.550476,-91.06682,0.0,-43.786453,11.358984,0.0
-26.255592,62.016224,0.0,-34.473824,-89.80696,0.0
85.20262,-82.99679,0.0,-74.36675,-43.008663,0.0
-15.782078,93.66078,0.0,-87.023026,-56.746635,0.0
47.611908,-32.618065,0.0,-68.6496,61.192917,0.0
-99.59444,-36.572884,0.0,70.11812,-20.505732,0.0
-21.435463,54.95745,0.0,-19.677765,-5.334857,0.0
31.36166,-62.46558,0.0,25.139273,-32.31062,0.0
-20.1651,-32.563793,0.0,76.40562,45.599888,0.0
-73.12626,25.040064,0.0,2.259197,-66.394394,0.0
45.99329,0.19691871,0.0,95.77044,-77.793236,0.0
-38.450092,-74.71475,0.0,52.16151,70.15607,0.0
-17.890331,5.2001133,0.0,59.280132,-46.340187,0.0
-40.820328,-8.498666,0.0,56.605064,8.498135,0.0
52.883213,-93.01668,0.0,36.359432,-21.023186,0.0
77.616234,-25.99292,0.0,-7.8262,-81.01384,0.0
-33.16323,-29.809334,0.0,-89.67949,-76.18114,0.0
7.9291906,16.816538,0.0,55.87354,70.5417,0.0
-73.818054,-0.811551,0.0,43.322956,-24.206789,0.0
-59.126724,33.16509,0.0,-97.145515,46.083286,0.0
-10.44761,-1.5606778,0.0,-35.9775,77.99746,0.0
-79.929565,-22.291393,0.0,30.386747,50.082645,0.0
-25.776525,98.26592,0.0,51.47421,9.583741,0.0
93.45423,43.02501,0.0,91.42697,-14.578992,0.0
96.41315,-51.369637,0.0,33.40212,-26.476997,0.0
-77.17624,1.0589354,0.0,2.7834225,15.777714,0.0
14.880245,69.99011,0.0,29.851019,-93.66244,0.0
-68.724335,-1.8918436,0.0,85.32624,-65.04139,0.0
32.227943,35.05164,0.0,-78.91811,55.167732,0.0
95.719444,-98.985435,0.0,34.726448,8.439413,0.0
-47.79522,-28.245909,0.0,-14.759712,-16.884003,0.0
57.537792,85.19655,0.0,54.888504,18.067562,0.0
93.05358,-16.44392,0.0,-7.145211,10.751516,0.0
-40.274185,-96.489655,0.0,-32.95305,-64.17656,0.0
-0.1745301,97.35401,0.0,70.33837,-71.67073,0.0
-41.70189,-98.31507,0.0,70.866905,93.41648,0.0
-49.801407,-77.99819,0.0,-46.909153,3.950518,0.0
42.48129,-60.28646,0.0,26.479626,-20.351795,0.0
16.447487,78.46747,0.0,51.699844,-30.539429,0.0
-67.7679,62.17868,0.0,-93.77115,-8.971148,0.0
-15.381216,-90.23389,0.0,-19.95019,85.79842,0.0
14.191817,-22.714844,0.0,91.809456,-72.61057,0.0
99.01632,51.660267,0.0,93.423065,38.629093,0.0
-61.352802,-5.329164,0.0,36.38103,26.77058,0.0
-76.48306,-67.075005,0.0,-69.44249,98.11706,0.0
-92.923645,79.54062,0.0,43.78679,-84.80534,0.0
-72.2936,-66.684944,0.0,-5.987018,99.6073,0.0
-71.553024,-24.20409,0.0,21.455235,-62.75061,0.0
-58.56244,33.911858,0.0,78.49621,57.182808,0.0
-90.27924,93.40728,0.0,47.900963,-57.313297,0.0
67.118454,14.41458,0.0,-91.592476,-54.005344,0.0
-87.87002,83.34456,0.0,-33.82759,2.6565852,0.0
89.16775,-19.140028,0.0,-71.50429,-14.57181,0.0
-53.46977,-17.279728,0.0,-42.438747,-79.13215,0.0
-86.4827,91.07859,0.0,-47.05579,-73.63429,0.0
-33.163445,-58.015816,0.0,-66.33287,-73.85232,0.0
-69.45333,0.745037,0.0,-47.882324,-35.400013,0.0
-14.213817,-62.248226,0.0,-65.591225,-87.31447,0.0
26.276518,-98.231445,0.0,-56.26424,-4.3989325,0.0
68.81335,-58.786846,0.0,57.66032,-26.47293,0.0
-7.1149697,63.743214,0.0,32.67121,70.52455,0.0
93.53533,-94.38827,0.0,-41.858643,-78.32804,0.0
38.24747,-73.55255,0.0,12.550352,52.357212,0.0
-21.210272,48.213776,0.0,69.7906,19.34961,0.0
64.98015,-25.896236,0.0,32.371048,55.89922,0.0
-43.832436,-23.829485,0.0,92.97874,18.020355,0.0
-82.01466,34.76428,0.0,-30.907413,24.53608,0.0
27.720274,-4.9854875,0.0,82.56797,40.040466,0.0
-88.97062,89.92151,0.0,21.748877,-92.77818,0.0
-41.75015,-71.343376,0.0,88.390175,90.40798,0.0
76.07503,-7.0798345,0.0,-46.89207,8.856876,0.0
-50.800514,-66.05493,0.0,-74.78401,77.56161,0.0
-13.0571575,5.710669,0.0,35.581165,-13.198688,0.0
38.53637,-48.160774,0.0,-72.46497,79.0831,0.0
6.288255,23.042044,0.0,-37.320713,-30.105026,0.0
-20.771126,97.42874,0.0,69.31709,50.610218,0.0
-8.169404,-38.83641,0.0,97.095245,-41.857033,0.0
-44.99492,44.328487,0.0,51.612965,35.21344,0.0
27.593319,-16.36309,0.0,-3.2296612,57.16514,0.0
41.184956,79.04536,0.0,-96.270164,26.774288,0.0
-63.958923,-86.052574,0.0,-94.923676,94.9024,0.0
-6.9959,-63.1045,0.0,-49.735535,53.441757,0.0
42.035698,67.667755,0.0,43.6996,0.43417296,0.0
8.376489,98.48932,0.0,70.0377,35.257534,0.0
-64.35145,-47.113064,0.0,-75.79976,-47.200256,0.0
-40.315422,15.480991,0.0,-92.16367,51.84426,0.0
42.87443,-32.833984,0.0,90.14816,93.55322,0.0
-64.27921,-52.161606,0.0,18.165628,-30.352036,0.0
39.117275,6.4686055,0.0,91.097626,-92.61647,0.0
58.213478,-72.888855,0.0,74.67069,30.06179,0.0
-78.43725,55.359386,0.0,9.9070635,52.60727,0.0
12.1502285,80.0174,0.0,44.723984,-31.873917,0.0
-41.612324,61.37916,0.0,-20.875267,74.386635,0.0
84.92426,8.05952,0.0,-74.353264,42.54117,0.0
46.072155,33.961746,0.0,27.347204,90.7899,0.0
22.624392,6.200626,0.0,36.592888,27.478168,0.0
-19.548248,71.19721,0.0,-86.53392,14.892137,0.0
37.059654,24.088045,0.0,-17.014944,3.8616848,0.0
-64.43516,-69.78384,0.0,-57.304295,-23.764244,0.0
-13.442963,96.705765,0.0,84.31507,-52.530674,0.0
50.57935,47.968338,0.0,-66.124435,26.920078,0.0
-52.685696,-54.06939,0.0,-82.39411,-69.94121,0.0
-82.49748,-41.031834,0.0,9.248516,-63.962387,0.0
-42.21556,-64.81065,0.0,-19.712751,-93.55968,0.0
61.21588,-45.261982,0.0,-34.613792,-12.364614,0.0
-35.50771,50.00722,0.0,-88.25198,-13.787451,0.0
-3.2430334,54.69361,0.0,48.583637,41.012745,0.0
-65.464615,-42.895298,0.0,92.57529,-23.277021,0.0
42.834747,-23.318966,0.0,62.448826,-99.498245,0.0
-27.040321,-93.01985,0.0,-28.44426,54.240814,0.0
-37.41483,96.690926,0.0,71.12195,-68.98642,0.0
6.5153317,-76.120674,0.0,-9.796242,79.39528,0.0
35.224125,82.375275,0.0,95.081894,-66.14572,0.0
-72.95469,-36.021202,0.0,-4.897608,69.13954,0.0
37.118267,8.6768265,0.0,6.2872787,10.270456,0.0
66.23164,-85.408936,0.0,-31.557974,-54.59434,0.0
-56.809692,-16.373848,0.0,86.34468,-69.18915,0.0
58.131905,39.427967,0.0,99.10404,-97.26447,0.0
69.60337,70.36338,0.0,88.67012,-85.93987,0.0
63.020275,14.254257,0.0,3.1894183,11.724496,0.0
-55.680214,70.74795,0.0,-89.06969,-8.729218,0.0
47.620346,63.433365,0.0,-1.5576912,-66.84015,0.0
-13.316211,98.91322,0.0,-80.99202,-84.23954,0.0
58.571434,-99.766014,0.0,12.346138,52.829605,0.0
86.343025,-95.04543,0.0,50.536823,30.061087,0.0
-35.403072,34.6143,0.0,-72.963715,20.117922,0.0
1.8868581,-80.51132,0.0,41.269062,-37.822056,0.0
-35.16922,-49.54568,0.0,-4.1493506,49.241817,0.0
48.0072,25.540083,0.0,-24.87025,-71.78804,0.0
-8.198335,-15.778935,0.0,-9.133694,48.652042,0.0
-83.29317,-29.688128,0.0,68.20689,-22.25556,0.0
29.214836,8.560455,0.0,-46.83735,-40.89361,0.0
4.651206,59.3411,0.0,-99.870224,40.40865,0.0
-63.729557,97.35353,0.0,-94.29969,-62.90169,0.0
27.991064,59.013218,0.0,10.190801,-28.95109,0.0
-92.61586,-34.27426,0.0,80.01811,81.0305,0.0
-40.94274,88.1167,0.0,64.448135,-78.19546,0.0
-63.256638,85.55367,0.0,79.49821,31.287226,0.0
-85.43503,66.77585,0.0,-62.711967,45.68485,0.0
-43.44688,93.547424,0.0,65.85946,-30.446234,0.0
83.545525,65.63169,0.0,95.76739,-42.080414,0.0
80.410324,-5.614542,0.0,-49.482124,-91.985176,0.0
28.928204,12.246461,0.0,-41.36756,17.084509,0.0
96.666145,11.601343,0.0,84.62677,-9.351293,0.0
28.155342,-29.533213,0.0,45.837307,31.51154,0.0
62.323643,30.598482,0.0,-59.088875,-74.9057,0.0
97.11189,-38.36024,0.0,-53.823387,16.744745,0.0
-54.84819,-85.204025,0.0,54.207367,-89.31358,0.0
27.00382,-61.881145,0.0,-58.346962,-71.757935,0.0
-86.682175,14.369603,0.0,-82.947296,58.194553,0.0
-32.035282,70.4926,0.0,-16.013544,-87.666245,0.0
-43.884106,42.95532,0.0,-91.19481,61.343502,0.0
-87.95461,-40.46994,0.0,-40.38676,-35.919743,0.0
0.822369,86.471146,0.0,-1.4513406,7.331777,0.0
-87.92171,-46.089447,0.0,-77.7227,-48.14329,0.0
-24.257656,-99.78468,0.0,-83.88741,71.907005,0.0
-38.931084,-76.60557,0.0,46.03219,71.028305,0.0
88.120155,12.306745,0.0,9.957763,53.08893,0.0
-60.2649,18.131283,0.0,-22.280003,24.58132,0.0
-71.12704,55.077175,0.0,83.8619,79.70393,0.0
33.66252,40.89171,0.0,33.15724,-12.291832,0.0
-74.94975,31.101994,0.0,-92.04057,19.536467,0.0
-42.280354,-84.21941,0.0,26.063318,-27.71108,0.0
4.1458783,61.09478,0.0,-70.74821,-34.210426,0.0
72.33345,-59.47686,0.0,-28.70437,95.96204,0.0
-15.902333,86.761375,0.0,-53.589474,85.267334,0.0
-89.84166,-19.127136,0.0,-93.7538,70.199715,0.0
-44.620483,44.42744,0.0,57.86902,87.02541,0.0
-57.35985,-41.43004,0.0,76.16262,-35.40921,0.0
-43.588978,-36.380108,0.0,-4.660624,-37.934853,0.0
-71.93732,70.921906,0.0,3.397256,-91.497375,0.0
90.81157,13.397665,0.0,-68.108444,89.82914,0.0
25.877033,-31.482548,0.0,-55.477844,-67.880585,0.0
22.686821,62.4847,0.0,-66.556076,-42.950756,0.0
51.945786,28.12879,0.0,88.73917,-52.146343,0.0
-5.693511,61.509243,0.0,12.163024,-29.775122,0.0
11.710631,-20.015373,0.0,-39.342293,13.349288,0.0
25.241138,-62.2907,0.0,-88.15041,8.996372,0.0
-41.48986,-99.24287,0.0,17.435116,55.279892,0.0
32.94738,-99.830505,0.0,74.01606,21.502703,0.0
-0.19478923,85.177536,0.0,-64.53808,15.98033,0.0
30.404146,-30.702452,0.0,7.8385215,-33.645832,0.0
6.096357,-75.94063,0.0,-10.2603035,-3.9209483,0.0
60.910786,7.006913,0.0,28.480875,50.098263,0.0
-14.284971,-94.64462,0.0,62.15219,-23.479513,0.0
-59.028713,-33.174507,0.0,-71.10302,7.223931,0.0
41.31327,-76.35184,0.0,43.825638,-3.051339,0.0
61.79668,17.308653,0.0,91.30908,29.766872,0.0
-80.29796,-0.964167,0.0,46.366753,98.6852,0.0
40.534412,46.349743,0.0,-84.89141,52.609356,0.0
-85.6154,-83.138435,0.0,16.322186,89.05682,0.0
78.04619,-53.511433,0.0,38.447407,-68.84386,0.0
-38.76328,29.538914,0.0,33.99734,32.39192,0.0
-50.54649,-0.45650196,0.0,-98.77715,-68.222336,0.0
-66.02498,26.006733,0.0,-41.822422,-32.655186,0.0
-37.416348,-20.470026,0.0,40.037342,83.065346,0.0
90.49658,-96.550934,0.0,-27.475355,16.247414,0.0
-9.876779,-26.699495,0.0,21.331413,-96.111755,0.0
-8.823084,78.10262,0.0,-79.060585,51.47341,0.0
44.57279,-57.38538,0.0,-15.074663,-63.190285,0.0
-18.431534,-13.215499,0.0,46.73222,23.67891,0.0
83.00258,55.773346,0.0,1.1042942,-60.268547,0.0
47.986515,22.456696,0.0,76.15387,-24.582392,0.0
-57.98516,-83.404884,0.0,34.7555,16.289732,0.0
-22.137995,-89.55138,0.0,31.573872,29.032032,0.0
-82.91095,46.570766,0.0,-79.93004,47.983337,0.0
44.97058,-21.18311,0.0,-87.80943,-65.74257,0.0
49.687637,-10.490881,0.0,-47.584568,-69.08617,0.0
-35.216454,28.44623,0.0,67.039604,-44.331924,0.0
-17.419258,86.83554,0.0,83.86473,2.2697942,0.0
13.720261,-67.890175,0.0,-53.99481,92.057144,0.0
-18.656,22.950718,0.0,31.531898,50.17917,0.0
-26.619362,73.14793,0.0,61.19025,-82.021774,0.0
-64.4034,3.0485048,0.0,99.84126,-11.648025,0.0
36.808186,20.832201,0.0,-54.445858,97.7566,0.0
62.810387,-67.06906,0.0,-98.88117,-91.443344,0.0
88.1789,-84.08827,0.0,-94.12852,66.11892,0.0
87.42846,-67.9537,0.0,-85.670425,-25.727888,0.0
64.7204,-57.448734,0.0,45.49963,63.52196,0.0
-97.65456,-40.684433,0.0,68.53095,88.98526,0.0
-95.03656,67.04881,0.0,-26.926634,68.3231,0.0
-45.226578,45.448185,0.0,-90.21307,52.610573,0.0
70.22286,32.476784,0.0,-25.565115,-36.14076,0.0
65.88913,90.32944,0.0,59.18342,19.46263,0.0
38.21326,16.415976,0.0,48.882313,76.68596,0.0
45.628387,88.6237,0.0,-52.36198,83.38565,0.0
-3.8489592,70.28942,0.0,12.241546,-78.97756,0.0
-42.748722,83.73309,0.0,-83.3414,-75.92417,0.0
-69.9433,-6.2122626,0.0,42.318287,25.873869,0.0
-41.529922,-4.422337,0.0,33.72953,91.61422,0.0
-66.07453,-7.4204297,0.0,64.61209,24.354658,0.0
-6.577623,49.06803,0.0,61.60397,16.777145,0.0
-19.83814,-67.71469,0.0,-86.3235,92.6036,0.0
-32.215736,-44.89681,0.0,27.507513,-15.92227,0.0
-46.715626,17.61596,0.0,-29.8803,-88.697945,0.0
-51.989315,88.39962,0.0,-49.88504,4.5735054,0.0
-21.069876,-37.086586,0.0,-35.66965,-66.148094,0.0
15.578568,-36.729313,0.0,56.313354,-25.356647,0.0
-39.766575,25.402529,0.0,-20.075964,-63.198223,0.0
41.38304,-84.490135,0.0,-81.777725,-36.46468,0.0
19.754738,92.224884,0.0,-61.68101,88.67594,0.0
-68.384445,44.58288,0.0,-93.8465,68.93675,0.0
-26.474632,11.034521,0.0,65.31242,-50.975704,0.0
29.949064,-4.453009,0.0,-8.367066,-81.53873,0.0
25.532587,55.064274,0.0,-1.8705624,72.22098,0.0
92.87717,35.280567,0.0,-64.330246,-99.24084,0.0
-82.7322,-77.45529,0.0,-80.29039,-39.14339,0.0
97.92826,54.415424,0.0,-28.044218,-29.167957,0.0
49.462242,-19.493032,0.0,-51.14385,-77.00721,0.0
-94.00457,-8.288192,0.0,-46.912834,91.17906,0.0
-12.439358,13.01372,0.0,-88.04644,95.6049,0.0
-92.150475,55.150177,0.0,96.287506,34.24777,0.0
-78.23533,70.15844,0.0,37.521942,-39.887817,0.0
-94.779465,-16.089539,0.0,-44.977222,22.085089,0.0
-32.916046,45.7815,0.0,99.68953,-36.091244,0.0
22.590025,-60.779057,0.0,69.52585,-85.032,0.0
32.43527,62.32924,0.0,-79.13044,-34.077045,0.0
-21.550838,61.964317,0.0,24.395073,55.53782,0.0
-64.93426,-59.238773,0.0,-58.73161,-93.69544,0.0
-82.50408,31.169786,0.0,82.24903,-81.35101,0.0
59.39198,27.599138,0.0,-47.572742,91.43845,0.0
-3.553882,-78.28893,0.0,31.80852,86.45044,0.0
54.966633,58.101276,0.0,43.675175,25.950281,0.0
-53.3849,38.474888,0.0,-33.533463,-15.9932575,0.0
-85.543205,10.77044,0.0,-40.64318,23.541441,0.0
48.811172,19.954224,0.0,27.019575,91.25359,0.0
-69.007675,-94.55833,0.0,-3.8581095,56.37873,0.0
86.0085,55.90952,0.0,-91.350235,-21.553879,0.0
66.80599,-43.816967,0.0,80.98343,94.85721,0.0
28.163603,65.0028,0.0,-14.27523,-7.6363153,0.0
27.134195,-22.8945,0.0,-47.01866,1.378221,0.0
75.3599,27.619677,0.0,45.915413,35.42494,0.0
-69.35763,52.83065,0.0,-85.73098,-55.790104,0.0
-22.519651,61.76866,0.0,44.626472,-33.224854,0.0
10.970622,-65.87343,0.0,-40.91964,-77.774254,0.0
16.864412,90.38422,0.0,3.6986713,19.474586,0.0
-33.17215,89.63906,0.0,-23.406534,46.307896,0.0
83.30746,-32.566994,0.0,-11.111711,79.89565,0.0
89.93256,-9.493868,0.0,-82.31088,25.311892,0.0
-9.912791,73.50107,0.0,46.35897,62.19521,0.0
-33.286644,20.945532,0.0,-90.43582,76.26974,0.0
-27.532011,-97.00217,0.0,-27.288755,19.647902,0.0
-39.881775,31.324387,0.0,83.77041,-19.880926,0.0
-25.448452,92.14444,0.0,-51.7566,-1.4254148,0.0
72.02949,77.46293,0.0,-76.78321,-26.880924,0.0
74.837265,-92.50132,0.0,-36.09352,30.170853,0.0
6.0488653,-83.90989,0.0,-6.226982,-64.1783,0.0
-90.936295,0.9884716,0.0,-45.217453,98.16458,0.0
13.4086075,99.582664,0.0,-45.368828,8.39657,0.0
-88.28645,11.665621,0.0,-54.34584,-0.8668584,0.0
28.023344,-66.56345,0.0,70.754524,-70.90549,0.0
53.90349,-74.37734,0.0,42.917744,-81.78501,0.0
32.142807,43.81134,0.0,57.138935,49.37459,0.0
38.019325,-35.100094,0.0,-80.084,-78.81665,0.0
-55.037502,-96.13725,0.0,-52.54019,39.98375,0.0
11.569062,-70.374016,0.0,-40.509212,73.847176,0.0
-41.960167,-80.366516,0.0,22.87442,85.4969,0.0
-94.51622,1.633053,0.0,-77.863434,50.99348,0.0
49.950153,0.984657,0.0,79.61825,-60.42235,0.0
-96.11786,-35.53659,0.0,13.992616,-21.116537,0.0
67.36047,81.23573,0.0,-44.420242,70.86001,0.0
-63.280354,-97.7203,0.0,-60.773743,-80.326324,0.0
99.73816,-83.46375,0.0,35.679485,-44.518963,0.0
-10.083465,-70.43816,0.0,63.261963,-68.46634,0.0
99.9547,97.444046,0.0,-80.485504,80.15698,0.0
78.975044,79.74507,0.0,-97.248665,-29.156502,0.0
-32.289837,99.735596,0.0,32.62683,6.048681,0.0
-53.34866,-49.667732,0.0,58.251087,94.74342,0.0
35.60214,9.660268,0.0,80.29277,59.43397,0.0
-61.049633,94.62398,0.0,-99.40774,53.46289,0.0
45.047157,-46.93572,0.0,-55.52012,-49.538734,0.0
1.7828863,19.04804,0.0,59.418484,-50.665894,0.0
-93.346054,-3.3286693,0.0,-58.181446,75.24762,0.0
-18.716211,6.688139,0.0,-5.314666,80.826,0.0
7.027871,-31.404657,0.0,-22.41752,72.377174,0.0
98.7112,-81.79447,0.0,-49.51405,-42.798214,0.0
-39.791035,96.33295,0.0,-21.702892,-71.43512,0.0
-76.29471,35.54169,0.0,-40.715378,-88.88428,0.0
22.077438,64.45246,0.0,-63.90466,39.075703,0.0
-37.290947,-94.02693,0.0,44.713924,88.44232,0.0
86.79424,91.17078,0.0,16.370178,-85.66183,0.0
-79.157196,-31.517864,0.0,-89.14306,66.54128,0.0
-73.13013,-98.81539,0.0,-94.06453,73.50327,0.0
-41.581913,7.4818974,0.0,-50.15298,71.045845,0.0
86.38054,2.5446365,0.0,-38.848103,-8.082597,0.0
-67.68825,8.37101,0.0,-97.97173,-31.183933,0.0
5.4206476,13.155613,0.0,-38.227818,71.486984,0.0
-15.304436,98.138,0.0,-75.39653,6.2905397,0.0
46.951828,59.094337,0.0,24.712248,-86.42379,0.0
-78.75918,-5.847641,0.0,93.65979,-92.882454,0.0
-10.471148,88.32873,0.0,62.586056,36.86262,0.0
99.06617,-80.78866,0.0,-99.850975,-39.367542,0.0
-82.476906,61.05443,0.0,-49.453987,-35.248924,0.0
46.538715,-66.76824,0.0,-10.485587,-72.94896,0.0
-80.02036,-15.008894,0.0,-11.997265,-80.74895,0.0
64.08462,-54.860218,0.0,-90.03747,84.3704,0.0
-68.857574,-41.54622,0.0,77.02943,65.48745,0.0
-47.924347,-85.27395,0.0,95.367134,4.261851,0.0
74.62761,41.239655,0.0,-53.179222,-78.639915,0.0
-47.07616,2.148568,0.0,-39.013363,79.37733,0.0
99.46326,19.60592,0.0,-25.243542,-94.578384,0.0
77.380455,40.258823,0.0,88.61277,75.18761,0.0
-58.256504,-41.65788,0.0,44.614017,0.9577302,0.0
-4.29581,54.563755,0.0,48.219196,40.85531,0.0
81.52153,68.10719,0.0,-6.243862,-94.10565,0.0
74.54041,-68.10261,0.0,-90.072464,9.737518,0.0
-58.209564,-72.05415,0.0,-75.21162,-34.44424,0.0
73.747574,50.46763,0.0,-90.98316,-46.613583,0.0
29.719389,15.534372,0.0,84.61819,-71.76919,0.0
-6.379025,-71.61273,0.0,-95.81703,-90.71722,0.0
13.958685,-69.983765,0.0,90.93747,40.790638,0.0
68.79629,55.329037,0.0,-11.743419,-1.7889545,0.0
-14.718435,92.29745,0.0,-55.372078,-87.50336,0.0
40.019833,-37.531544,0.0,96.3924,32.230118,0.0
-46.54671,75.494995,0.0,-82.943405,-45.716377,0.0
95.847015,-85.20319,0.0,-56.66356,51.325974,0.0
-3.6713955,-34.617985,0.0,-82.745735,-22.148798,0.0
41.631264,-80.26742,0.0,41.88497,-10.881249,0.0
98.41242,6.359077,0.0,-91.73223,54.535778,0.0
-93.07758,79.31214,0.0,-64.060936,53.05339,0.0
-58.48183,-27.282755,0.0,20.697065,50.086864,0.0
76.38555,-14.502063,0.0,-67.55332,-97.47849,0.0
43.31559,-80.93524,0.0,10.483728,-90.07073,0.0
-64.86439,-61.389297,0.0,-86.1623,-0.31507894,0.0
-22.763798,57.838863,0.0,-32.35755,18.438963,0.0
-62.889484,-90.52969,0.0,-94.5216,63.948387,0.0
3.54813,-98.24505,0.0,-99.65504,-80.466736,0.0
19.453407,-37.37407,0.0,-38.93887,-85.03488,0.0
49.590485,-32.3647,0.0,61.83304,-70.18765,0.0
-40.12002,28.05878,0.0,93.044655,-57.225693,0.0
39.553738,35.743298,0.0,9.185801,57.96862,0.0
-16.442272,70.361206,0.0,95.83662,-29.035364,0.0
-78.430565,-90.43821,0.0,-17.618765,77.67441,0.0
-71.52849,-29.743208,0.0,48.454205,67.93175,0.0
75.63314,-77.33956,0.0,54.438023,-71.44619,0.0
40.797188,50.675514,0.0,-86.84466,52.683563,0.0
77.21326,-90.510376,0.0,-93.781235,0.17339566,0.0
61.53277,-40.956757,0.0,86.26309,91.16494,0.0
-72.57546,99.716125,0.0,-10.836765,7.7980437,0.0
-14.634013,19.079308,0.0,99.50545,52.250603,0.0
79.044075,61.23709,0.0,-57.656776,-56.628174,0.0
-62.67619,80.620964,0.0,-81.122665,-92.90558,0.0
-93.330086,7.416452,0.0,-92.078384,31.970783,0.0
-25.592392,65.877144,0.0,67.92166,-57.77315,0.0
-5.193291,88.57385,0.0,3.6097903,60.551716,0.0
58.895054,32.442463,0.0,82.99877,-2.363717,0.0
55.98252,80.48633,0.0,-37.684746,82.35302,0.0
-4.7705975,63.22373,0.0,35.905384,-69.33597,0.0
-26.532764,96.813774,0.0,10.281291,-27.24327,0.0
34.373455,-75.25212,0.0,34.771652,74.55116,0.0
-62.07401,-58.42816,0.0,76.46901,15.2972975,0.0
-60.945004,-43.502247,0.0,-49.44483,0.15088938,0.0
-13.067421,12.532597,0.0,79.84057,39.39668,0.0
-76.48659,-16.631868,0.0,67.77032,24.614208,0.0
-67.12098,64.77114,0.0,3.7046673,-81.47085,0.0
-91.395164,51.58377,0.0,34.102436,75.57632,0.0
-82.07187,5.4234376,0.0,29.213308,74.98429,0.0
47.425888,14.822295,0.0,-30.396002,-66.75453,0.0
74.07133,-64.89991,0.0,70.56317,66.24967,0.0
97.32761,22.07293,0.0,20.804672,23.903187,0.0
-55.23972,-41.892265,0.0,71.26423,34.80785,0.0
39.999065,62.35501,0.0,65.41893,9.910285,0.0
43.851543,6.844945,0.0,-65.435974,96.358444,0.0
-50.63635,-66.35358,0.0,34.79988,-15.83336,0.0
81.107,90.32311,0.0,52.892105,31.63928,0.0
77.50617,-38.999382,0.0,-57.61147,-32.922585,0.0
-51.321987,80.98418,0.0,-19.075178,96.485435,0.0
-29.83288,-38.897076,0.0,-74.18542,46.67516,0.0
23.12879,20.068233,0.0,13.766193,61.0456,0.0
-68.77046,12.544744,0.0,45.59272,-96.02287,0.0
68.48207,9.47025,0.0,-73.54073,58.61019,0.0
-31.262194,-80.77725,0.0,-55.43492,-86.96882,0.0
43.244484,14.219103,0.0,-16.736317,-80.471596,0.0
99.60199,-23.591105,0.0,-63.46318,61.497944,0.0
67.934364,95.117714,0.0,-51.58505,-49.573135,0.0
-44.12503,-77.569664,0.0,-66.80713,-34.010483,0.0
28.811096,-83.4499,0.0,-68.98977,24.873817,0.0
-56.289917,63.491123,0.0,-73.07243,-82.623795,0.0
-53.57511,-26.707178,0.0,76.94499,32.36196,0.0
-41.7447,94.523895,0.0,71.42359,46.655144,0.0
80.328835,9.128719,0.0,73.72546,76.54736,0.0
76.12184,63.663532,0.0,-39.072292,-23.65774,0.0
-48.73508,47.478703,0.0,62.91029,39.501602,0.0
56.39633,95.34261,0.0,0.7699896,-66.01455,0.0
-54.559708,-33.306015,0.0,-31.575039,75.66066,0.0
-35.517445,-22.548553,0.0,-40.452343,-78.04205,0.0
18.946053,52.538628,0.0,63.86868,33.536125,0.0
-60.15709,36.66245,0.0,41.68617,86.529366,0.0
-96.113464,99.4184,0.0,-75.560646,8.562184,0.0
-64.56482,71.25191,0.0,0.26002133,-65.979164,0.0
-31.28049,-58.05691,0.0,-47.029495,62.952152,0.0
-59.197308,-29.803814,0.0,2.2110016,-37.689846,0.0
4.70051,85.53549,0.0,-1.3022125,22.317005,0.0
-0.5922531,74.670685,0.0,23.15763,57.223015,0.0
-73.59272,-98.82028,0.0,91.93119,17.38497,0.0
88.34519,-63.954205,0.0,2.0062156,8.729372,0.0
74.74809,47.040745,0.0,-12.774812,85.45013,0.0
32.77495,29.11613,0.0,52.169567,53.897903,0.0
95.93312,23.787964,0.0,-73.75898,59.516617,0.0
36.062958,68.0249,0.0,14.0170765,12.568232,0.0
78.30435,-44.892063,0.0,-68.53613,-48.971485,0.0
-83.089714,-90.12354,0.0,38.21781,80.48693,0.0
-43.97751,18.550632,0.0,-4.13945,84.69205,0.0
1.8516088,-37.21886,0.0,52.86576,83.7875,0.0
-27.972431,99.167725,0.0,99.40165,76.42461,0.0
-11.82073,-39.652763,0.0,73.429276,51.270283,0.0
60.855392,22.173828,0.0,76.992325,-66.14093,0.0
42.500603,-99.292244,0.0,83.76501,65.47775,0.0
93.13028,-96.39653,0.0,-88.847206,68.92733,0.0
57.919933,-29.26103,0.0,18.727596,45.084892,0.0
-90.69199,21.555544,0.0,-25.11277,49.488506,0.0
78.91112,-76.55236,0.0,86.81851,-34.896927,0.0
-19.109932,-9.387719,0.0,-43.209797,57.58203,0.0
6.264629,21.07858,0.0,0.6676383,61.971733,0.0
68.46171,56.917496,0.0,96.65521,-25.613836,0.0
87.86463,72.57836,0.0,50.521614,96.51012,0.0
14.608264,-22.741724,0.0,61.423595,-90.418884,0.0
-44.716587,-37.323383,0.0,-27.893452,-31.871328,0.0
99.589294,-16.31487,0.0,-65.71048,95.57374,0.0
1.6947331,50.432007,0.0,99.9534,-3.9825962,0.0
87.13103,17.224073,0.0,-40.371407,-70.17298,0.0
33.73985,-5.325731,0.0,-65.07556,72.87743,0.0
-80.82392,-43.37048,0.0,-30.335476,66.89011,0.0
53.14331,-54.99397,0.0,35.566837,29.01197,0.0
60.05417,-68.288895,0.0,3.5794282,-71.83453,0.0
19.835356,11.238832,0.0,23.328337,-75.5157,0.0
42.98645,-28.651419,0.0,-72.3952,-27.281816,0.0
60.11972,-81.443794,0.0,-44.306274,-12.454306,0.0
20.55063,-32.44581,0.0,-83.79891,42.780846,0.0
66.23177,65.72438,0.0,98.35089,5.3810616,0.0
-73.986465,-77.06193,0.0,-66.865005,-1.8901553,0.0
0.73918676,70.45284,0.0,-62.626453,84.22187,0.0
45.160168,-84.67542,0.0,94.97294,93.14691,0.0
90.59088,96.29241,0.0,-53.76661,79.11842,0.0
-16.673628,6.611679,0.0,-73.98112,52.88294,0.0
81.39265,-41.877895,0.0,3.289886,69.80937,0.0
-62.959656,-56.09828,0.0,-39.10057,-34.29848,0.0
32.027237,-87.7015,0.0,78.36141,-72.266754,0.0
-99.441795,23.396759,0.0,4.020018,-29.450205,0.0
-10.24841,7.0816207,0.0,-41.864876,12.717515,0.0
-88.82205,63.58985,0.0,87.239456,-31.4024,0.0
17.867676,-71.578606,0.0,-48.121677,9.249592,0.0
49.37695,8.959003,0.0,-22.432785,78.53634,0.0
36.163303,-47.136593,0.0,-91.035126,-0.5113593,0.0
55.3716,-66.52909,0.0,83.977936,-64.28853,0.0
2.5391195,77.072235,0.0,-87.70658,-53.78586,0.0
-61.078846,47.053738,0.0,38.42298,-35.315907,0.0
9.784483,-38.16782,0.0,-92.36026,-97.358345,0.0
-32.880314,-5.9186893,0.0,96.943855,67.59298,0.0
-83.16161,-33.870316,0.0,37.630253,-61.185356,0.0
-1.3492076,-85.26456,0.0,-17.815128,24.373589,0.0
-49.925163,58.471237,0.0,75.91737,-68.94796,0.0
-49.298763,83.79587,0.0,33.98852,-97.31119,0.0
93.149445,-20.96894,0.0,45.67417,-30.838781,0.0
70.89561,-66.66225,0.0,-50.549698,66.27659,0.0
55.3916,12.297518,0.0,-5.1732507,74.65386,0.0
-88.97952,-16.752966,0.0,70.33093,21.583454,0.0
-56.063877,-1.5745476,0.0,73.77991,-45.323166,0.0
-4.9848886,-65.35876,0.0,-14.19548,-61.016556,0.0
-96.40599,-63.268932,0.0,61.705093,77.83223,0.0
28.438587,50.008152,0.0,-36.172062,-39.769127,0.0
-58.761257,69.833046,0.0,-36.388397,28.469303,0.0
-85.023605,44.263363,0.0,-36.61633,-95.42782,0.0
66.84216,-79.07682,0.0,96.86439,-47.36812,0.0
94.645355,-95.48571,0.0,-96.97521,-63.762474,0.0
-22.661703,60.57327,0.0,-87.001945,-84.101654,0.0
28.503698,-76.73573,0.0,-81.31466,-8.81932,0.0
-1.1656119,-73.49154,0.0,-40.726658,-73.50971,0.0
-90.01039,98.99165,0.0,-33.343143,39.49221,0.0
-30.081503,-74.98725,0.0,26.372982,-95.88919,0.0
93.51245,-70.99904,0.0,-41.15217,21.77478,0.0
88.33271,21.489704,0.0,30.710932,49.95117,0.0
25.253143,94.89565,0.0,50.7794,-21.050055,0.0
31.73468,74.68277,0.0,-86.5737,-57.586758,0.0
-5.741116,-38.81954,0.0,-71.065575,96.64038,0.0
51.553837,8.148603,0.0,91.346375,27.495049,0.0
-59.934586,-27.3077,0.0,-7.5216618,-65.75904,0.0
48.44515,-89.51127,0.0,73.44687,28.061031,0.0
-34.061386,80.870346,0.0,-16.99387,-97.66916,0.0
-30.874207,-65.02041,0.0,-48.500965,13.478627,0.0
83.76007,74.65636,0.0,-61.967068,98.10945,0.0
59.254498,-68.697754,0.0,93.877426,31.199467,0.0
-19.663294,-32.266315,0.0,2.875069,-80.10363,0.0
-47.57741,93.52184,0.0,-41.263668,-5.8638797,0.0
22.597273,54.471214,0.0,88.22792,-47.060623,0.0
-20.892187,-65.65824,0.0,-40.9965,-26.960215,0.0
46.731068,81.06223,0.0,-54.46643,95.43443,0.0
-24.94919,76.785255,0.0,11.220428,47.36718,0.0
3.8056037,82.794685,0.0,6.033904,-29.46948,0.0
-54.013412,25.405043,0.0,17.524485,89.25537,0.0
-48.11416,-45.693417,0.0,-62.18829,-51.037254,0.0
15.854674,-32.419426,0.0,-3.0150108,-77.13217,0.0
-19.395182,57.85167,0.0,18.19679,74.37048,0.0
-83.714386,16.96879,0.0,12.757522,19.69723,0.0
48.463886,-25.105207,0.0,-97.93129,-64.44279,0.0
-13.062354,-3.0490072,0.0,-51.11012,50.88894,0.0
-62.988457,74.62754,0.0,5.663348,61.87476,0.0
99.6655,-95.12155,0.0,-5.0627036,17.474436,0.0
-63.226673,-29.544024,0.0,-74.82335,8.207829,0.0
89.14994,-37.41609,0.0,71.701294,-73.66262,0.0
-88.09904,42.90984,0.0,69.96216,6.879732,0.0
0.085947745,-21.043589,0.0,-2.8491995,-33.05105,0.0
-42.238808,72.0913,0.0,-43.953793,-69.6535,0.0
-75.63851,30.21611,0.0,-99.51725,-90.1941,0.0
-75.38339,-82.955666,0.0,-35.859203,81.5086,0.0
-93.15806,-76.86969,0.0,44.23377,-69.12365,0.0
12.450248,82.27051,0.0,-19.659258,-23.889406,0.0
12.444168,92.40562,0.0,-10.722528,-78.74631,0.0
34.77503,-37.257412,0.0,-96.60083,22.307611,0.0
62.8245,-39.01362,0.0,-4.3621593,-9.342394,0.0
88.88972,28.346882,0.0,34.295826,26.456434,0.0
-47.94824,13.533574,0.0,-84.197945,86.01124,0.0
20.840458,-60.146057,0.0,-71.21979,-60.36229,0.0
-31.84615,22.870205,0.0,49.42424,-43.48004,0.0
-56.951237,72.325,0.0,88.43709,3.6985977,0.0
41.617317,-82.86659,0.0,-59.306774,61.689,0.0
-94.03756,-22.885448,0.0,-43.536495,71.63108,0.0
28.00296,-19.540466,0.0,63.43574,-39.70101,0.0
-45.807358,-42.874676,0.0,-45.818157,71.08163,0.0
55.9367,-57.87693,0.0,-60.003956,9.517808,0.0
84.19154,64.56943,0.0,92.78761,-28.002733,0.0
24.994322,99.50011,0.0,-45.997936,-40.243958,0.0
-88.74152,-86.28972,0.0,53.43469,-40.543507,0.0
-62.67116,48.240547,0.0,26.470995,60.819168,0.0
-93.55744,24.831903,0.0,-36.8119,-7.953084,0.0
-63.709457,-54.447437,0.0,5.000795,21.650614,0.0
-37.570892,-10.783001,0.0,-83.669685,-56.10391,0.0
0.9521013,-66.88666,0.0,-63.662357,40.86694,0.0
-11.334094,-6.9896417,0.0,90.38573,-93.535866,0.0
69.31319,45.776066,0.0,71.53213,-75.82687,0.0
83.400276,48.692574,0.0,39.706768,30.417122,0.0
-50.7468,6.1969423,0.0,0.8953955,18.946976,0.0
-89.72773,62.624218,0.0,55.976093,97.65568,0.0
-77.08951,27.962852,0.0,43.134335,-4.0429506,0.0
-25.860596,69.51302,0.0,-18.405127,98.2434,0.0
-91.23682,-73.15503,0.0,-28.571753,71.81611,0.0
-75.74125,92.066376,0.0,-80.877365,40.26627,0.0
76.30622,83.055595,0.0,-44.724133,-24.542856,0.0
-35.279015,-68.50469,0.0,72.97678,38.582134,0.0
-92.60903,72.97,0.0,-81.14058,-61.36874,0.0
71.242226,92.49211,0.0,-51.696377,-72.95532,0.0
26.620739,89.528366,0.0,16.37726,-70.774,0.0
2.552709,-72.415955,0.0,16.679974,-83.15721,0.0
-31.477283,17.837376,0.0,-70.80049,-85.6643,0.0
-99.46713,-13.661337,0.0,-75.03856,-24.748728,0.0
-18.098705,55.05841,0.0,72.82557,-25.432182,0.0
93.012184,6.3865547,0.0,90.4795,33.492615,0.0
-39.33111,-46.427128,0.0,-6.7055635,-24.839104,0.0
58.8511,23.747242,0.0,78.549194,16.841637,0.0
26.513643,-75.01504,0.0,71.556946,70.95376,0.0
-1.8996788,-98.19504,0.0,73.39272,-88.379295,0.0
92.64189,58.979317,0.0,92.25348,-12.770473,0.0
-65.64354,98.16631,0.0,-45.25418,85.52924,0.0
-58.365803,1.000607,0.0,79.625565,69.42464,0.0
-7.589393,-37.30176,0.0,-18.190638,-85.75436,0.0
-46.417137,31.290985,0.0,99.18246,-3.8841193,0.0
21.456099,68.75895,0.0,-81.53217,76.572296,0.0
-17.987211,-82.483376,0.0,-14.255156,-63.418118,0.0
48.110596,55.577477,0.0,-67.12148,-46.675495,0.0
8.384452,23.990332,0.0,64.35595,41.591396,0.0
41.87559,-42.14566,0.0,-87.595024,71.615616,0.0
-70.93852,47.94081,0.0,-2.0762603,-74.879265,0.0
80.147896,97.91778,0.0,70.71732,-99.27013,0.0
-78.890175,-89.965164,0.0,-95.423744,-13.767073,0.0
66.6478,54.83065,0.0,-35.669357,12.90889,0.0
93.31144,37.300034,0.0,-84.2485,-96.16823,0.0
59.261948,-88.94636,0.0,88.26841,-90.37909,0.0
35.662006,24.566545,0.0,-97.229485,-23.812523,0.0
-3.7425258,10.274082,0.0,-7.825503,96.466606,0.0
-79.93056,14.719585,0.0,-89.81456,31.01789,0.0
54.936172,-37.454807,0.0,-9.021687,69.32212,0.0
-80.70764,-12.687455,0.0,78.951805,-34.375828,0.0
-49.111645,51.776386,0.0,52.114758,-55.939026,0.0
73.558,-81.26201,0.0,-93.368965,-73.89197,0.0
-88.89819,77.71694,0.0,58.12008,-44.67903,0.0
68.13412,92.93613,0.0,36.816975,-21.483301,0.0
83.317375,69.16563,0.0,-47.11973,54.838673,0.0
90.614746,-5.050259,0.0,-14.759789,1.130044,0.0
-28.4557,-68.16863,0.0,-12.268312,-9.147824,0.0
37.41316,58.96854,0.0,21.581022,76.3154,0.0
51.94108,75.87881,0.0,-65.07525,-9.591662,0.0
52.74478,73.73636,0.0,-81.10919,-23.766039,0.0
0.5053396,85.45307,0.0,-88.04079,72.83103,0.0
79.464066,-83.516716,0.0,-18.990595,69.23348,0.0
74.2409,53.21295,0.0,57.68947,32.99698,0.0
-53.530422,-52.01607,0.0,-94.100464,38.215252,0.0
31.119646,72.46521,0.0,75.1946,-70.00229,0.0
76.237366,-7.29482,0.0,88.6126,64.59097,0.0
0.14029393,-80.14789,0.0,29.807854,71.40556,0.0
-88.11611,41.18235,0.0,-64.92945,-7.4013643,0.0
-25.97536,84.39095,0.0,-34.254387,-77.772675,0.0
51.635574,-99.65418,0.0,75.619156,-1.5442344,0.0
-76.936165,41.028393,0.0,-63.116676,92.74793,0.0
-33.71879,51.054966,0.0,77.323685,-83.73912,0.0
-59.178364,69.67719,0.0,43.212067,24.920643,0.0
87.66395,-64.59772,0.0,-39.044323,-42.918644,0.0
60.36444,-83.6717,0.0,-63.003887,-52.3229,0.0
-50.033638,40.883675,0.0,-75.57983,99.53325,0.0
-9.938277,-97.24043,0.0,-64.72018,91.992874,0.0
17.821447,77.55199,0.0,26.136023,5.1631036,0.0
-80.078224,-29.615984,0.0,36.45904,3.9133015,0.0
-15.162676,76.83895,0.0,49.353405,33.82324,0.0
32.98289,-85.183815,0.0,53.486904,-70.44027,0.0
-49.710495,-97.34466,0.0,39.25731,51.96471,0.0
30.900068,39.37171,0.0,42.469624,15.189547,0.0
-45.390682,-52.3664,0.0,-11.347276,-66.7068,0.0
94.03983,-1.0043043,0.0,-99.980095,-37.339634,0.0
-83.21292,8.372655,0.0,94.41189,60.72106,0.0
42.864765,-63.018127,0.0,72.92653,83.455696,0.0
75.12083,98.22661,0.0,-80.700264,28.210518,0.0
-57.341835,44.18947,0.0,62.0476,-88.67055,0.0
-83.87625,32.8868,0.0,9.405213,89.18046,0.0
42.87695,44.197155,0.0,-19.50321,-65.443794,0.0
96.52523,45.00845,0.0,7.8328233,16.242048,0.0
72.83351,83.76957,0.0,88.20852,-21.883009,0.0
77.04105,-80.131226,0.0,18.290297,-39.77535,0.0
35.167408,-10.190155,0.0,-87.72135,53.55909,0.0
-94.55557,15.214764,0.0,36.126167,36.542564,0.0
-58.507183,23.266548,0.0,31.913637,12.158219,0.0
24.29172,2.9705427,0.0,-99.267685,95.58959,0.0
52.596165,42.808918,0.0,-96.83137,-1.2375743,0.0
34.563793,-66.97256,0.0,-37.972786,56.93395,0.0
-89.135155,-8.517727,0.0,-91.77022,-33.309895,0.0
-58.931526,-21.797918,0.0,-68.72175,-31.200819,0.0
-66.975105,10.431103,0.0,65.569466,72.13742,0.0
-32.090935,2.9669783,0.0,85.7937,-17.750048,0.0
86.96962,-55.550694,0.0,-60.90601,-44.951935,0.0
-73.75873,86.36942,0.0,3.0608294,-31.075497,0.0
55.867485,-24.528383,0.0,-98.5745,-17.152313,0.0
-61.842014,98.88647,0.0,-6.2474265,-39.49284,0.0
70.852684,42.15292,0.0,7.521168,66.66639,0.0
-73.299095,-2.5545802,0.0,-16.24734,58.927948,0.0
-78.236595,86.52752,0.0,-84.864555,59.017044,0.0
15.143859,16.677242,0.0,49.9974,1.9779873,0.0
-59.945934,11.450486,0.0,18.4214,90.6096,0.0
-2.2630913,52.6012,0.0,73.13477,-29.106304,0.0
31.65648,-16.825087,0.0,78.142555,36.918865,0.0
-49.772785,40.29661,0.0,-82.7603,28.988224,0.0
81.95385,84.88982,0.0,58.850235,-69.78332,0.0
-12.502597,-13.996949,0.0,-66.72564,-23.105375,0.0
69.31927,-21.772348,0.0,-39.85119,-50.897903,0.0
82.11071,-85.755356,0.0,-93.838104,-87.127045,0.0
19.287376,61.147816,0.0,-94.34255,74.412476,0.0
51.92346,9.252982,0.0,-4.5193815,97.163246,0.0
-15.404653,86.278404,0.0,19.616213,88.15412,0.0
85.09629,11.500303,0.0,-7.1926794,-18.009169,0.0
-92.348175,-95.15262,0.0,-46.678402,7.6555552,0.0
82.69506,-5.2340417,0.0,-45.625034,35.586414,0.0
95.085945,-37.739395,0.0,-51.75714,71.71705,0.0
46.327698,9.436586,0.0,1.0872952,-89.71633,0.0
90.39677,55.7424,0.0,98.87918,-8.045398,0.0
0.9529953,96.10509,0.0,-95.14912,68.97225,0.0
-27.447601,69.79614,0.0,-95.37205,56.293747,0.0
29.430397,-35.35382,0.0,-64.43464,-68.88283,0.0
-67.005165,64.91328,0.0,-83.472115,-19.282251,0.0
-51.509438,-99.32288,0.0,-47.751957,15.975848,0.0
-11.917913,-30.811275,0.0,30.782337,-97.43431,0.0
96.68302,-39.222485,0.0,-35.255154,97.938576,0.0
9.754502,55.024998,0.0,-25.951077,70.9928,0.0
89.56754,-95.12703,0.0,-95.91757,-66.04265,0.0
44.673195,77.53221,0.0,-2.9134998,-73.77184,0.0
57.029213,80.92096,0.0,-8.763407,12.060815,0.0
48.257744,-85.30452,0.0,-21.904644,77.00722,0.0
-41.5638,48.526848,0.0,1.1663892,-67.57361,0.0
61.764435,-26.520105,0.0,4.6341615,-66.26794,0.0
-25.137167,-25.81527,0.0,94.48134,-53.400604,0.0
-86.51838,69.63904,0.0,-12.123774,72.33312,0.0
58.448494,-38.606186,0.0,92.99438,-8.9814415,0.0
-85.74866,-97.57831,0.0,91.30028,47.50167,0.0
30.678272,-99.13209,0.0,-38.06305,-41.9571,0.0
-60.038635,89.2156,0.0,-68.63815,-2.7313159,0.0
42.865765,44.768044,0.0,62.052963,-37.630478,0.0
-29.953493,-27.052834,0.0,-91.4003,-49.462585,0.0
45.30524,82.52051,0.0,46.106407,65.73898,0.0
-54.695194,-85.809425,0.0,-59.021725,-2.0154598,0.0
-83.098885,-54.3311,0.0,-36.547874,54.63334,0.0
44.05534,19.322123,0.0,88.01952,61.850212,0.0
83.226944,-26.244812,0.0,32.161217,96.34839,0.0
-71.43664,66.91063,0.0,81.95843,-61.95958,0.0
69.17069,92.52365,0.0,68.46483,-44.43329,0.0
-54.582306,37.49352,0.0,-87.90346,6.2730165,0.0
-36.894768,28.081476,0.0,29.858124,-18.54929,0.0
-69.388756,-55.557373,0.0,51.413666,-59.731003,0.0
67.28611,57.606766,0.0,16.250315,75.15535,0.0
-81.80603,-47.35127,0.0,-25.733328,70.37283,0.0
52.7403,83.79042,0.0,39.766613,-31.510298,0.0
89.93488,-89.184975,0.0,-61.174885,-43.849167,0.0
12.022011,24.537699,0.0,-37.712383,26.555185,0.0
55.779263,-24.843142,0.0,62.578156,12.180725,0.0
-69.1672,41.57798,0.0,36.966755,44.18879,0.0
49.80594,29.445145,0.0,-34.56253,1.2788739,0.0
26.581638,63.036713,0.0,40.50758,61.28727,0.0
-74.00293,-73.01482,0.0,-90.1067,80.80962,0.0
43.774082,63.322647,0.0,-3.0455098,-33.449184,0.0
5.4286346,-67.882545,0.0,77.2725,67.82219,0.0
6.6641726,-25.121075,0.0,-44.343212,-31.835125,0.0
76.348175,75.13662,0.0,-13.908775,-1.9678962,0.0
-30.27902,21.455742,0.0,-89.83208,-54.701088,0.0
-54.417053,-36.13057,0.0,81.60639,46.968304,0.0
53.007393,-57.235123,0.0,6.538675,-80.8397,0.0
-97.03526,5.223049,0.0,-80.902115,-46.22542,0.0
-48.210197,-73.96643,0.0,-40.391933,53.989452,0.0
35.94115,-38.67057,0.0,19.442493,73.95376,0.0
71.84456,-83.824715,0.0,-78.947945,72.9071,0.0
-40.17105,18.41712,0.0,-34.562977,-69.97623,0.0
72.659874,74.9544,0.0,-30.20573,-98.64978,0.0
42.397453,-85.146614,0.0,28.884129,-27.643784,0.0
56.795673,-78.12193,0.0,62.633396,-86.13229,0.0
-11.437709,47.236866,0.0,-78.53526,-68.50381,0.0
-48.48348,-31.984587,0.0,-91.767624,-36.02802,0.0
98.47808,84.93301,0.0,55.43848,-31.214813,0.0
31.131878,44.000057,0.0,95.860344,14.365528,0.0
-56.469795,-66.88773,0.0,-52.22671,79.656395,0.0
-52.054787,23.949108,0.0,70.93594,-90.79747,0.0
78.53315,-25.205605,0.0,9.429031,-65.01426,0.0
43.07942,2.0768404,0.0,47.880627,0.35855994,0.0
18.454935,-61.99978,0.0,30.37776,72.608925,0.0
-93.96737,81.7377,0.0,-59.55419,3.5189168,0.0
-79.3894,-17.878725,0.0,-38.900887,-2.4952323,0.0
-23.886515,46.441044,0.0,-34.840992,-65.10725,0.0
5.576808,45.335102,0.0,-45.671745,22.847918,0.0
-24.603785,-79.29841,0.0,84.95327,79.88997,0.0
56.336243,39.854958,0.0,-74.28635,96.98084,0.0
-26.778622,-87.27802,0.0,53.281937,14.153208,0.0
68.0465,-98.6971,0.0,-71.31776,-96.63177,0.0
-44.78562,-14.504006,0.0,54.708836,47.56547,0.0
68.38028,-32.96642,0.0,-60.096096,-4.9390893,0.0
1.885511,71.66463,0.0,-44.379837,-30.00413,0.0
-72.60652,-29.009174,0.0,-71.86855,56.849705,0.0
-6.570262,-23.687271,0.0,54.174477,69.996,0.0
31.935852,-4.6661944,0.0,97.74999,-74.29588,0.0
-84.89346,51.12264,0.0,-60.461033,82.317116,0.0
-32.76803,-40.439533,0.0,-95.538185,85.7044,0.0
28.437336,4.0787477,0.0,-59.65789,-16.611965,0.0
-64.68818,16.761536,0.0,-50.86428,80.48684,0.0
-61.654854,-25.02916,0.0,-28.54673,67.28089,0.0
7.4252815,-93.64488,0.0,64.261826,-76.76822,0.0
85.73134,4.4526434,0.0,56.48898,23.398857,0.0
-69.150444,-51.396706,0.0,-5.5724874,13.843652,0.0
-53.940502,50.228413,0.0,-15.054852,62.28674,0.0
-50.729725,44.006104,0.0,-25.668772,93.00523,0.0
26.839338,-76.87967,0.0,34.918087,-63.08362,0.0
-99.6439,7.4838166,0.0,-87.84166,-91.86207,0.0
-37.021946,37.972534,0.0,60.180492,78.75631,0.0
-83.90605,35.3285,0.0,-25.151316,76.80253,0.0
69.47743,64.15251,0.0,-10.438679,-32.64878,0.0
90.89477,12.974011,0.0,-74.99695,-24.256533,0.0
65.485725,-98.67518,0.0,-52.451042,-70.3572,0.0
11.287151,97.30939,0.0,51.70646,74.85493,0.0
-80.098236,-58.80686,0.0,25.903557,70.28944,0.0
13.213419,-82.54475,0.0,-49.882732,-44.83188,0.0
-46.747875,-77.89811,0.0,-35.710903,-42.98296,0.0
-39.63451,56.54151,0.0,-75.15114,-65.01913,0.0
-96.14344,14.542455,0.0,97.31858,-22.075272,0.0
-4.1865516,-23.277767,0.0,-8.922864,-37.287857,0.0
-99.67147,32.39137,0.0,48.616337,-94.69334,0.0
3.4278865,-68.71091,0.0,-27.219889,52.549397,0.0
-62.863106,-59.63166,0.0,71.03343,18.821451,0.0
-16.722647,65.37786,0.0,82.39518,60.63955,0.0
-91.35601,67.56515,0.0,-66.07518,39.47161,0.0
70.75899,45.564342,0.0,-93.39609,-69.06636,0.0
-71.392166,91.14909,0.0,74.138855,73.53027,0.0
32.649315,-46.848988,0.0,95.30027,73.878296,0.0
88.56016,-37.151962,0.0,-80.70224,-60.08095,0.0
-74.16829,76.69931,0.0,-33.51654,32.576427,0.0
5.3799148,-99.668,0.0,1.0286691,20.812101,0.0
98.943436,-71.30055,0.0,74.02511,-24.8063,0.0
-79.47195,24.666693,0.0,-9.50345,-99.27122,0.0
-76.981,10.65147,0.0,-92.20131,53.761337,0.0
-82.43778,45.1955,0.0,-44.517887,-74.33607,0.0
75.50844,10.283929,0.0,-15.198835,54.026596,0.0
89.842865,-94.21895,0.0,12.164919,-84.50808,0.0
89.82924,-83.76946,0.0,-1.4715044,-78.88726,0.0
89.99663,23.768913,0.0,-7.45245,-66.539314,0.0
-92.290535,-69.24448,0.0,31.774092,-46.066067,0.0
-27.202675,84.09608,0.0,-49.602905,-64.386925,0.0
79.26656,76.90964,0.0,32.483532,-78.44427,0.0
-79.35782,-10.910118,0.0,8.710248,15.368571,0.0
-31.73272,-64.0688,0.0,-20.142214,99.70022,0.0
-43.96173,56.352234,0.0,33.403988,-65.545265,0.0
49.556736,-30.955988,0.0,53.00247,25.507725,0.0
-14.877945,-83.05469,0.0,-81.94788,54.555363,0.0
62.40996,-95.42045,0.0,96.53157,-22.035015,0.0
-31.372667,10.635675,0.0,78.45216,33.472576,0.0
79.48019,29.679853,0.0,17.967638,98.52634,0.0
-30.95994,39.755028,0.0,-92.299416,-75.32324,0.0
-77.034386,62.113995,0.0,43.547302,7.221308,0.0
36.395172,69.48012,0.0,9.985836,90.667625,0.0
-44.395573,-7.373247,0.0,7.395548,98.497574,0.0
86.806595,53.270256,0.0,31.589977,64.779274,0.0
54.596554,-91.67145,0.0,-25.927952,-74.535545,0.0
70.67422,37.969303,0.0,-7.2194414,68.8568,0.0
-96.967804,-26.98731,0.0,34.99736,-56.062656,0.0
-41.745495,-25.519867,0.0,55.27828,19.185366,0.0
77.97161,75.05097,0.0,1.2314525,14.076499,0.0
37.572456,-51.661907,0.0,-98.058846,-24.374935,0.0
-81.76011,-38.67854,0.0,-11.7947855,-30.419806,0.0
69.00632,59.793457,0.0,-69.8015,-7.451622,0.0
44.702236,98.67852,0.0,-18.911436,-69.61755,0.0
46.059853,-84.50156,0.0,86.764755,12.604006,0.0
86.12873,-24.578516,0.0,31.84098,-44.17679,0.0
61.035416,-55.524487,0.0,68.24781,-23.678904,0.0
48.05321,-58.25524,0.0,-65.78202,3.7827578,0.0
19.177206,-38.699596,0.0,16.445398,19.499357,0.0
76.61907,-19.466806,0.0,-74.74275,-45.830395,0.0
-75.31287,-93.158264,0.0,-87.52032,-41.725567,0.0
-78.913185,-42.64621,0.0,-63.710396,-1.8660576,0.0
-25.754496,-36.261642,0.0,-37.381077,-49.909588,0.0
14.143383,96.39303,0.0,-59.87502,-90.34746,0.0
-14.10538,-65.3075,0.0,11.308356,19.13847,0.0
-46.11991,-8.11649,0.0,-53.92781,65.54254,0.0
-52.479244,-78.858894,0.0,-44.39555,-6.1289425,0.0
-35.306705,-91.483826,0.0,97.61929,19.803478,0.0
93.19009,-42.680626,0.0,15.591494,68.89895,0.0
59.082077,5.45554,0.0,-0.7645762,-15.713974,0.0
-3.383971,-27.816551,0.0,22.598728,-94.39776,0.0
43.171387,-44.042492,0.0,1.1798954,-61.109653,0.0
59.211796,77.85913,0.0,37.435337,36.74308,0.0
-96.07119,91.4203,0.0,-30.195358,-57.43547,0.0
-38.496178,5.4099073,0.0,-46.889168,-51.165478,0.0
-30.780052,95.12204,0.0,28.19442,64.49611,0.0
-78.25812,3.7733846,0.0,-26.415539,98.01962,0.0
82.819466,-5.7418323,0.0,12.8092575,-36.032204,0.0
-72.14821,48.06171,0.0,15.3205595,86.21643,0.0
-93.40875,-98.17361,0.0,-21.185963,-28.462234,0.0
35.33073,78.11264,0.0,-6.7871785,50.804264,0.0
-35.35965,-14.351545,0.0,-90.35478,-72.02693,0.0
-45.974567,34.12692,0.0,-41.44943,16.45004,0.0
83.85515,-25.199919,0.0,-66.69031,-43.440544,0.0
-43.575886,-1.3678827,0.0,99.08351,-29.304289,0.0
-26.079035,15.704339,0.0,52.501453,94.13676,0.0
-54.41227,-76.08502,0.0,3.8412669,-70.23211,0.0
-68.22629,45.940845,0.0,64.79813,-72.62057,0.0
82.422806,-7.549699,0.0,80.98466,-36.817596,0.0
69.68199,24.372488,0.0,98.53646,-31.39487,0.0
-95.23781,6.9785056,0.0,-13.218292,53.369087,0.0
41.57973,-34.71678,0.0,44.905537,25.931744,0.0
-46.62944,73.80974,0.0,-60.771713,-10.672512,0.0
-89.02675,-45.477123,0.0,-37.85944,57.2264,0.0
45.25453,-31.018383,0.0,-15.157524,-24.757572,0.0
36.969997,-90.31561,0.0,-80.871925,32.997715,0.0
66.97753,76.71339,0.0,64.27342,82.95643,0.0
19.446922,-60.762157,0.0,98.04166,-90.23382,0.0
-77.38454,76.339874,0.0,70.05205,-31.219963,0.0
-79.63872,-19.24291,0.0,94.94356,-91.8147,0.0
94.019,-40.969162,0.0,-74.452446,-71.35972,0.0
-58.70902,-70.099335,0.0,1.838646,85.61051,0.0
91.911194,34.60262,0.0,95.5633,-24.370562,0.0
43.841305,-20.366505,0.0,-80.39338,-91.45275,0.0
96.57762,19.943005,0.0,-97.02038,16.984602,0.0
-85.702065,-10.172447,0.0,-96.23631,35.18612,0.0
-93.27731,-51.934273,0.0,-82.725914,-18.352943,0.0
84.04845,93.3551,0.0,77.415825,-70.60277,0.0
28.66948,-28.197594,0.0,47.023575,42.840725,0.0
-62.59652,-18.11829,0.0,10.817544,-24.884808,0.0
97.63268,49.26768,0.0,-43.937,-58.815346,0.0
37.329453,5.386543,0.0,-58.93579,-38.664062,0.0
-59.953156,-18.595522,0.0,-45.067562,-39.53517,0.0
-24.570395,-99.7359,0.0,-25.029303,-68.089745,0.0
-30.648382,46.291008,0.0,-40.68139,96.44151,0.0
-73.98052,-63.52033,0.0,-58.735348,34.25646,0.0
4.0197463,-39.757706,0.0,-16.168789,14.200355,0.0
94.02321,-11.009221,0.0,-51.363834,-98.03595,0.0
-59.63442,47.62001,0.0,-24.457739,-70.67067,0.0
-31.518589,-41.900723,0.0,-70.21903,-34.456627,0.0
-93.865326,-89.25819,0.0,-99.89634,13.402502,0.0
88.35008,-29.489439,0.0,-53.532566,-48.120747,0.0
-48.555157,-88.38188,0.0,-44.628773,29.132524,0.0
-87.179596,3.388617,0.0,72.41988,11.293337,0.0
-8.813577,94.61653,0.0,-82.365974,50.303238,0.0
98.9893,-54.743767,0.0,-94.00022,95.579575,0.0
26.793182,79.624985,0.0,97.9242,-86.67591,0.0
-38.914536,-51.663013,0.0,-64.55489,65.89001,0.0
38.43355,-49.24471,0.0,-18.144886,-27.369415,0.0
-33.112904,-84.6466,0.0,37.112606,-79.2787,0.0
-45.45063,32.558224,0.0,-97.81113,-62.056255,0.0
-95.05671,94.20694,0.0,-33.813595,31.405504,0.0
69.17416,-84.80031,0.0,-80.26882,80.53495,0.0
-90.036865,-54.259132,0.0,89.589905,40.063034,0.0
76.780876,94.441376,0.0,55.408283,77.431274,0.0
-68.17579,24.652328,0.0,88.36462,52.70998,0.0
-9.10366,-83.22923,0.0,67.30741,11.875984,0.0
16.691622,-74.27951,0.0,-45.204834,38.402992,0.0
40.85317,-54.850815,0.0,93.14551,-49.343525,0.0
-53.144924,23.397068,0.0,26.905016,-12.969572,0.0
88.338005,-33.954002,0.0,31.854546,63.730026,0.0
71.525635,91.93448,0.0,40.68212,-26.515757,0.0
25.06481,-78.075516,0.0,9.812545,49.254215,0.0
99.439255,19.641182,0.0,-96.15992,-53.56689,0.0
45.05381,-37.79895,0.0,84.910545,89.58195,0.0
24.897371,-24.04723,0.0,-68.7608,64.80857,0.0
-39.708954,77.73831,0.0,51.791813,7.350803,0.0
-27.328365,-99.04072,0.0,-60.50825,-35.746876,0.0
-80.61892,-35.431778,0.0,86.49134,65.64077,0.0
-3.3911233,66.007416,0.0,-86.85005,-43.267597,0.0
40.967106,67.01267,0.0,-45.40285,-44.200314,0.0
75.69956,78.729744,0.0,-0.48737183,81.288864,0.0
-12.097665,-78.867065,0.0,-69.59503,-87.73007,0.0
77.17928,-82.60876,0.0,69.757416,84.40855,0.0
-29.033232,-73.48188,0.0,45.9157,41.23548,0.0
-28.989374,-73.10234,0.0,-54.326496,-14.736667,0.0
58.086536,-40.01328,0.0,-98.76345,-21.615269,0.0
0.24145246,21.997269,0.0,-60.07446,64.00669,0.0
0.37602454,18.42792,0.0,-12.948162,45.02741,0.0
79.52464,-88.83441,0.0,-17.878494,-18.326788,0.0
-97.59949,76.80965,0.0,-95.42564,41.84079,0.0
67.37481,76.86151,0.0,59.5767,87.386406,0.0
-55.644974,12.6952915,0.0,-34.929523,33.099697,0.0
-12.730055,64.52254,0.0,93.677505,34.240246,0.0
-93.88036,32.446064,0.0,-53.00106,68.27143,0.0
19.05192,46.94199,0.0,49.173176,-84.29181,0.0
40.421486,-33.72956,0.0,35.132576,-20.812553,0.0
-45.521275,52.59926,0.0,-99.21095,71.38852,0.0
-89.275246,38.534195,0.0,52.78996,37.379112,0.0
-17.430296,82.220726,0.0,31.347773,-3.308093,0.0
-9.693803,-10.212656,0.0,-94.600716,-3.9365346,0.0
9.56028,60.17504,0.0,-88.71126,97.65909,0.0
32.44539,-10.0247965,0.0,48.683582,-55.490833,0.0
-92.34585,74.57837,0.0,23.107887,-30.203074,0.0
-34.88735,-15.342295,0.0,23.81612,48.838947,0.0
-69.710884,-31.74818,0.0,-86.84392,23.894472,0.0
77.58708,-44.100456,0.0,-73.7751,-27.009537,0.0
-42.001972,-12.07568,0.0,-39.610733,-12.486282,0.0
-94.119446,-17.59126,0.0,42.059643,-50.157967,0.0
-56.440495,-75.63053,0.0,55.33044,-81.056175,0.0
-33.781853,79.28319,0.0,87.07497,-25.798166,0.0
65.73088,54.559216,0.0,83.68131,-46.677036,0.0
-79.71738,93.96126,0.0,-86.74889,-32.414413,0.0
-19.572065,-68.311615,0.0,70.95116,53.64541,0.0
-85.37868,66.6231,0.0,-71.265236,6.11521,0.0
-59.973392,3.7922075,0.0,-91.87839,-9.339015,0.0
-99.923645,-43.130085,0.0,-67.36741,90.55051,0.0
-32.552494,-9.708287,0.0,-94.40271,-85.00799,0.0
73.93796,48.458687,0.0,61.421833,-69.27718,0.0
77.35506,-9.838986,0.0,-69.90804,-94.532,0.0
42.254154,-26.205975,0.0,-95.22876,90.50108,0.0
-9.6246395,92.941895,0.0,-5.103115,48.356026,0.0
43.69369,63.84082,0.0,42.15259,-3.927427,0.0
58.74793,-86.1051,0.0,36.10315,-24.945759,0.0
6.7479033,-22.313833,0.0,45.063213,-94.41698,0.0
-16.40111,2.8603587,0.0,-10.900773,-96.03978,0.0
65.22874,-34.366802,0.0,94.85936,64.87672,0.0
12.949829,72.92492,0.0,88.744995,15.092965,0.0
-0.57782316,48.147007,0.0,61.491222,15.130765,0.0
71.83118,76.48775,0.0,-44.99916,-73.25395,0.0
-62.906296,-68.72901,0.0,79.66528,14.390418,0.0
0.064752854,82.652145,0.0,-2.032261,-82.32839,0.0
62.02162,61.91624,0.0,15.872297,-36.88628,0.0
62.190643,14.285716,0.0,-84.56128,10.94723,0.0
-59.177143,25.905275,0.0,53.3769,-33.63124,0.0
-99.32937,53.73576,0.0,63.163616,-55.79428,0.0
-61.469368,12.071667,0.0,-88.12,-49.64003,0.0
-93.38735,-71.09448,0.0,60.527935,-62.414684,0.0
36.996937,-54.10587,0.0,85.85743,62.582027,0.0
35.895878,87.22251,0.0,-31.527231,14.279735,0.0
-60.912003,-67.35681,0.0,9.186254,-82.29649,0.0
40.256542,56.021633,0.0,80.28089,-47.17342,0.0
-51.901905,-95.79754,0.0,-87.23432,-93.51596,0.0
18.921413,74.895836,0.0,1.5667346,48.754513,0.0
45.26582,0.60688686,0.0,-80.968185,-80.38276,0.0
96.09152,-78.904915,0.0,-60.16486,-30.888592,0.0
87.60041,16.02024,0.0,1.4473367,95.27554,0.0
13.478617,-89.919945,0.0,-10.885253,-16.870234,0.0
88.61195,37.17398,0.0,53.750637,-74.35357,0.0
-66.268684,-32.640476,0.0,-29.054184,-99.138405,0.0
-88.30681,-70.342964,0.0,75.378265,21.036997,0.0
-75.54333,41.446075,0.0,94.87053,-91.02109,0.0
-7.31768,92.05643,0.0,53.80639,50.879032,0.0
-90.88378,73.22096,0.0,40.9576,-29.002182,0.0
-75.78746,-64.071785,0.0,69.25301,11.229978,0.0
-89.94179,36.075146,0.0,33.90889,11.113,0.0
83.209946,-3.380918,0.0,63.68646,86.63993,0.0
-70.79793,78.99327,0.0,-69.48105,-61.579765,0.0
32.6216,-17.445654,0.0,-40.227276,24.284649,0.0
49.452477,38.116524,0.0,41.532547,9.359906,0.0
-52.822956,-15.738643,0.0,-2.7166889,-98.92616,0.0
57.022335,-39.379223,0.0,-84.871254,-90.511086,0.0
1.7965235,72.22885,0.0,-62.257015,-46.851814,0.0
-17.219576,7.4519043,0.0,-60.573906,-34.418377,0.0
-63.927937,39.94545,0.0,75.81068,-93.75751,0.0
44.6258,58.514774,0.0,-17.32434,-63.891254,0.0
75.677086,63.875904,0.0,-5.764858,22.1697,0.0
-93.87881,-10.436403,0.0,38.966934,-0.4655063,0.0
-87.263176,56.55838,0.0,-58.11963,47.124535,0.0
-99.38621,0.289138,0.0,96.213066,8.82314,0.0
98.49618,27.26638,0.0,-50.796627,-82.83168,0.0
40.640957,85.00462,0.0,-0.829407,21.24332,0.0
-46.343876,75.9485,0.0,84.91423,-78.07267,0.0
59.040306,77.713425,0.0,-25.288137,63.601578,0.0
60.73938,31.71837,0.0,-47.91979,-21.381731,0.0
71.4565,56.438087,0.0,34.02875,-51.76924,0.0
93.975655,75.51401,0.0,-40.975407,-93.21215,0.0
-9.953488,77.07064,0.0,-98.09911,26.344831,0.0
85.27705,-60.74712,0.0,91.15366,-59.238663,0.0
-35.69011,6.9684563,0.0,-45.147728,-86.293915,0.0
-31.709242,-74.52285,0.0,62.382942,-73.545044,0.0
-91.40343,94.13835,0.0,-29.118734,-83.554756,0.0
95.144936,-16.46679,0.0,49.972412,37.27359,0.0
9.760177,-69.705734,0.0,70.96688,94.62982,0.0
-66.099266,17.973309,0.0,41.360565,28.718172,0.0
-85.46429,-27.22748,0.0,-69.28788,63.23832,0.0
-94.62201,-2.152325,0.0,35.501583,32.171085,0.0
-50.562904,96.7144,0.0,-49.34855,-95.24745,0.0
-80.35666,65.087555,0.0,56.595196,-95.13701,0.0
-47.240707,-62.80997,0.0,50.31218,-46.302776,0.0
28.127245,-89.93214,0.0,38.888363,-30.16556,0.0
89.6659,-86.253365,0.0,64.59266,-48.721195,0.0
91.00102,-32.80649,0.0,31.075645,-17.576363,0.0
-58.681767,46.743343,0.0,-32.656315,-2.90928,0.0
-44.98541,80.48595,0.0,-68.67173,-45.11824,0.0
66.318306,-46.412918,0.0,-78.95474,8.285135,0.0
-28.780657,97.30305,0.0,-79.64351,-69.42817,0.0
27.318178,1.177595,0.0,-89.347786,34.14767,0.0
41.07072,-2.4941597,0.0,47.730377,34.114174,0.0
16.923038,13.991904,0.0,-97.29303,78.421005,0.0
-4.275003,16.301046,0.0,80.79445,89.521324,0.0
-16.320837,-7.8735747,0.0,-83.92192,73.56942,0.0
-37.61169,-92.48218,0.0,31.759346,-41.47898,0.0
-65.49534,-56.563,0.0,-58.032146,-57.21202,0.0
56.578945,-87.0193,0.0,-78.85993,-65.51371,0.0
-96.308716,9.121698,0.0,41.358097,58.081497,0.0
39.395893,1.5341104,0.0,88.56667,71.81019,0.0
-56.98291,-72.97862,0.0,59.768703,57.856518,0.0
91.10483,-59.85958,0.0,86.634186,-21.339539,0.0
23.163778,-36.960133,0.0,44.186504,56.473156,0.0
-69.53749,92.84775,0.0,-36.650864,15.068432,0.0
-65.52152,56.491505,0.0,-36.378597,93.51907,0.0
-89.37356,-36.51716,0.0,-79.14206,-20.316801,0.0
45.966824,-33.9433,0.0,-85.79684,-24.59443,0.0
-17.87176,95.27713,0.0,66.061676,-96.77563,0.0
-71.44157,53.98928,0.0,70.302574,-22.680437,0.0
59.2495,15.091622,0.0,98.826035,-92.1776,0.0
-15.048404,-78.498604,0.0,-31.056892,46.81051,0.0
-30.050806,13.685647,0.0,-90.358765,-72.62868,0.0
51.25545,80.88461,0.0,26.269667,-76.25991,0.0
-96.03838,17.10415,0.0,-59.91176,75.6457,0.0
74.70307,-48.79416,0.0,49.01718,-10.465264,0.0
-35.092396,74.81333,0.0,-47.25857,64.14839,0.0
-58.300777,73.670815,0.0,-80.56153,-23.363249,0.0
72.62959,59.79396,0.0,-6.3302693,50.960472,0.0
93.80259,54.683643,0.0,-51.329502,-91.976685,0.0
8.980961,69.39553,0.0,-90.23196,36.905895,0.0
27.004917,-11.425901,0.0,-79.68509,-34.329586,0.0
45.22579,-83.29579,0.0,-42.452873,-27.512686,0.0
92.18617,-32.14849,0.0,-97.86584,-97.863235,0.0
87.68293,-21.830982,0.0,15.247164,85.97585,0.0
-65.768074,-41.546318,0.0,77.41097,25.649557,0.0
20.96244,78.755684,0.0,-99.398026,-17.131327,0.0
-79.51226,-51.08809,0.0,91.50834,-18.929594,0.0
49.335823,22.488918,0.0,-91.551414,30.277067,0.0
-22.27309,71.55354,0.0,19.645086,-25.622063,0.0
20.478153,-96.11468,0.0,-81.286095,-80.244514,0.0
-91.36977,49.12829,0.0,77.89383,-68.784935,0.0
49.030334,-32.400795,0.0,-29.728199,-76.26883,0.0
73.35351,92.361046,0.0,78.846176,-64.74006,0.0
30.094412,96.63245,0.0,43.849445,-33.45878,0.0
54.473843,46.495987,0.0,-43.71098,14.666836,0.0
55.94061,26.627771,0.0,-84.33579,-90.03687,0.0
89.72988,-97.33862,0.0,-11.081998,73.3212,0.0
-36.68847,76.63746,0.0,-26.920822,-25.253622,0.0
-41.72945,-23.726728,0.0,48.25453,18.662369,0.0
18.735655,-33.997044,0.0,64.374115,-96.519455,0.0
-92.45662,-10.571854,0.0,-81.33534,-23.528059,0.0
70.25678,70.032646,0.0,61.16065,46.625187,0.0
4.552253,-74.65459,0.0,48.994736,-58.02359,0.0
13.747117,-64.93038,0.0,-49.7982,37.803463,0.0
-3.480713,82.74342,0.0,58.09365,-26.676537,0.0
96.984146,-25.356283,0.0,-96.770325,15.867465,0.0
-45.81038,-45.717762,0.0,-91.36385,59.791973,0.0
98.05732,32.379868,0.0,-61.80614,6.6737666,0.0
-57.25495,-46.461098,0.0,-71.14286,25.987318,0.0
-41.67562,61.88451,0.0,4.048914,-92.92416,0.0
-40.615524,-41.489098,0.0,-40.362713,-43.59141,0.0
33.661186,11.287528,0.0,-8.497414,-2.7378423,0.0
25.254204,69.16646,0.0,-48.587357,17.17631,0.0
-46.201317,-7.2220855,0.0,-22.728895,-65.02304,0.0
-98.22564,83.59381,0.0,-8.093105,74.214966,0.0
-23.88481,53.87583,0.0,41.382202,-91.97212,0.0
-15.578789,-96.60899,0.0,24.192516,75.9155,0.0
18.76635,-35.412125,0.0,97.67788,20.185524,0.0
-76.02877,-75.08957,0.0,-79.56901,-65.288124,0.0
-74.646866,-88.7267,0.0,90.555084,-62.694687,0.0
82.43862,49.254604,0.0,70.13714,70.509964,0.0
-76.71417,58.36269,0.0,87.928345,7.4742656,0.0
-37.05671,19.235386,0.0,-87.289986,57.94268,0.0
37.92726,-0.27469787,0.0,-28.796528,-66.14966,0.0
-35.887993,-29.870611,0.0,-76.69183,-73.34594,0.0
-44.811195,40.79694,0.0,-96.926186,19.78462,0.0
22.58497,-39.332924,0.0,48.507427,79.21652,0.0
25.708118,66.0213,0.0,60.71174,-23.430506,0.0
69.99013,-43.14256,0.0,-61.58817,-38.174454,0.0
36.416916,-47.070446,0.0,15.12339,83.328545,0.0
31.869741,8.517063,0.0,50.264317,93.21304,0.0
-80.61653,9.6043,0.0,40.547657,58.54068,0.0
31.202948,-81.69777,0.0,-27.349068,81.152855,0.0
48.252033,-82.263176,0.0,-88.73802,-52.168736,0.0
97.877525,-64.83737,0.0,44.317013,94.12705,0.0
15.88407,-94.816696,0.0,11.789202,-29.807718,0.0
-70.188545,-21.912102,0.0,-84.44371,-98.179504,0.0
-6.0760264,97.97562,0.0,45.45667,-48.028927,0.0
80.21686,3.0881653,0.0,91.04753,-23.388432,0.0
47.31308,-68.3475,0.0,19.210634,-99.998314,0.0
21.816841,71.624954,0.0,-69.64774,45.660233,0.0
-64.05368,30.30579,0.0,-69.73846,9.309029,0.0
24.664038,82.72562,0.0,70.78012,-26.523846,0.0
-90.522736,-41.85573,0.0,85.817474,72.78855,0.0
86.334785,37.716915,0.0,97.7912,94.44352,0.0
-50.59832,78.42273,0.0,-13.001335,59.61452,0.0
-72.03723,-61.18508,0.0,32.436028,35.041306,0.0
96.46349,-13.135713,0.0,30.70192,19.29475,0.0
98.32666,51.593,0.0,-17.428808,-93.64477,0.0
74.130035,-59.839577,0.0,39.14622,-75.923515,0.0
24.962101,-36.113827,0.0,-95.91731,-61.640427,0.0
-22.140844,84.11517,0.0,88.6517,57.47,0.0
-87.60782,81.54651,0.0,92.37462,-40.335667,0.0
11.118676,88.9178,0.0,69.25831,-84.63001,0.0
77.85351,61.5408,0.0,-13.688618,-33.990246,0.0
67.57606,85.73556,0.0,-7.6234527,-35.264114,0.0
-40.97287,-19.15816,0.0,19.283482,-90.56072,0.0
31.852087,-85.90968,0.0,-27.479773,-36.85145,0.0
-15.526935,11.5989,0.0,-76.18794,-8.803972,0.0
-25.069214,20.950825,0.0,50.083324,-66.67501,0.0
-49.82771,83.75312,0.0,88.04767,-24.35001,0.0
-16.62107,52.065334,0.0,70.06998,33.059704,0.0
-74.6578,-47.717354,0.0,71.38749,-32.3168,0.0
-44.54554,61.905205,0.0,0.4920223,-70.24323,0.0
30.14108,-53.88417,0.0,28.670856,-88.29165,0.0
26.321613,-89.429565,0.0,39.6444,0.6896336,0.0
79.59551,-96.65557,0.0,-58.000023,-6.325658,0.0
-89.70205,94.180275,0.0,-35.551605,88.759735,0.0
27.423296,18.120697,0.0,24.48392,-66.27361,0.0
72.539986,-42.524174,0.0,-47.84913,31.899498,0.0
90.48076,-15.912866,0.0,-55.679638,76.41574,0.0
93.10629,31.427883,0.0,-99.53889,51.932594,0.0
-89.44054,-91.377464,0.0,73.487114,-91.5992,0.0
-15.570319,-63.95798,0.0,33.895443,98.409065,0.0
39.467644,-88.30105,0.0,33.232677,55.123135,0.0
-16.63081,-63.39238,0.0,78.38591,-86.83643,0.0
-3.235404,15.286455,0.0,30.97147,-7.900043,0.0
-67.57742,12.692347,0.0,-82.42777,-20.880621,0.0
-35.80965,62.42798,0.0,-70.69792,-40.13187,0.0
77.82196,-44.51423,0.0,-90.6048,-28.489594,0.0
60.30772,-73.36846,0.0,-21.207151,-75.255585,0.0
12.453144,-92.416664,0.0,-18.006134,86.66519,0.0
21.596344,21.201317,0.0,-45.22204,73.53871,0.0
83.46795,-92.308105,0.0,-67.6575,-71.82663,0.0
-7.6141343,97.726,0.0,-31.32514,-35.604385,0.0
64.87032,8.648836,0.0,5.913433,78.53631,0.0
5.5176578,65.06634,0.0,7.7732797,-25.309334,0.0
48.303852,-58.14221,0.0,25.783098,-4.903089,0.0
-46.864555,32.96817,0.0,53.15217,76.30229,0.0
49.490387,-81.834526,0.0,-42.908665,-50.49245,0.0
75.00286,-27.983044,0.0,-40.408253,16.388113,0.0
68.72557,-62.23382,0.0,-15.347367,-66.34512,0.0
46.934517,5.870277,0.0,30.19287,39.986443,0.0
-55.014656,-98.26258,0.0,47.056797,76.51666,0.0
-77.83334,60.67431,0.0,90.412125,-20.617662,0.0
-33.583435,57.983513,0.0,-57.81478,-62.88603,0.0
-81.32617,-92.71932,0.0,93.5616,-97.6168,0.0
55.59262,10.2676325,0.0,27.92512,-25.424244,0.0
62.37234,43.781384,0.0,45.921326,-79.95173,0.0
-22.046146,18.918102,0.0,21.407122,66.40611,0.0
31.816717,66.05867,0.0,80.00563,-14.509309,0.0
47.45006,-84.21155,0.0,92.25848,89.479614,0.0
-50.77392,-66.0246,0.0,24.91776,-73.16076,0.0
-82.025696,-21.917383,0.0,59.207462,63.01565,0.0
-2.7623098,-23.374641,0.0,48.251526,27.797024,0.0
-26.817244,23.514023,0.0,-91.529236,-84.64086,0.0
66.4602,-34.06307,0.0,-66.110504,-91.341484,0.0
86.892975,57.211067,0.0,-16.959518,-4.149069,0.0
48.250748,73.75694,0.0,96.95731,-27.805618,0.0
-41.711716,91.92774,0.0,-53.895603,79.85767,0.0
77.33087,-46.64455,0.0,-55.332268,-82.05939,0.0
87.38752,-46.680035,0.0,61.682823,-94.54625,0.0
18.03218,53.272354,0.0,-69.024124,-28.52539,0.0
42.893135,34.168846,0.0,-69.150024,-91.63309,0.0
16.93218,-80.99797,0.0,86.49923,-44.717995,0.0
31.216955,-97.89632,0.0,-47.072342,74.471924,0.0
-32.18248,41.979088,0.0,-90.42688,-18.427996,0.0
-26.7009,-83.88499,0.0,21.638039,11.986465,0.0
8.522087,-92.989296,0.0,95.00664,30.61335,0.0
-32.795025,-19.666843,0.0,-39.27205,-89.69966,0.0
-52.754147,37.45398,0.0,76.78759,-61.600346,0.0
-76.5044,66.71123,0.0,32.269196,88.93795,0.0
91.46387,55.171883,0.0,-18.486366,-16.30319,0.0
-97.57609,35.19389,0.0,49.544125,-84.871666,0.0
-39.608963,-44.573776,0.0,76.712265,48.311943,0.0
23.658794,62.2243,0.0,55.018383,45.359077,0.0
65.856895,81.42393,0.0,75.22743,-20.260637,0.0
-29.3051,-81.526436,0.0,62.991875,82.3633,0.0
51.64733,72.9776,0.0,60.693726,-34.65846,0.0
21.06037,16.742044,0.0,-34.871933,-59.3882,0.0
-37.58917,-81.4115,0.0,61.237324,52.12553,0.0
64.01985,-35.49095,0.0,-67.714066,58.648994,0.0
-25.531794,-64.19729,0.0,47.191463,-71.991234,0.0
-38.273056,3.7426171,0.0,54.39954,81.65592,0.0
12.33718,87.360306,0.0,91.832054,53.161476,0.0
22.40087,-15.453968,0.0,-80.67572,39.829613,0.0
42.04616,36.37207,0.0,-13.431899,-13.103579,0.0
86.3294,86.489716,0.0,-83.37129,-29.576212,0.0
-72.92796,79.11352,0.0,66.001274,-71.98377,0.0
-75.927444,-93.66364,0.0,74.731804,28.985935,0.0
-95.36443,-93.20222,0.0,65.388985,-39.267075,0.0
26.57023,-5.630444,0.0,35.02909,-43.63825,0.0
-14.231453,-92.69591,0.0,80.9631,-96.88373,0.0
10.976237,71.725044,0.0,62.023674,28.479855,0.0
38.690956,-9.857136,0.0,-35.832787,69.12598,0.0
44.684654,78.3469,0.0,6.1102324,-79.94401,0.0
27.749182,-35.551403,0.0,18.27673,-98.077934,0.0
74.26915,-81.11236,0.0,60.53629,88.03797,0.0
-46.640026,-93.66994,0.0,-74.5203,-1.8009706,0.0
-7.2728586,-74.94225,0.0,-84.343155,6.806098,0.0
-59.133926,-16.17889,0.0,82.21659,20.50451,0.0
71.12047,5.554328,0.0,-46.481804,57.80718,0.0
52.915127,49.324482,0.0,-12.120221,-37.73805,0.0
87.473564,36.702217,0.0,-62.806534,2.557572,0.0
24.96811,88.25969,0.0,-48.888737,39.281525,0.0
-69.98793,99.133286,0.0,36.450054,53.19402,0.0
-79.33143,58.498466,0.0,-14.42825,9.386263,0.0
81.25979,19.41489,0.0,-72.32739,-96.38256,0.0
32.57128,96.83183,0.0,55.436977,50.597477,0.0
89.48242,-61.582962,0.0,-51.916824,-93.32974,0.0
87.41195,69.09404,0.0,-82.57165,65.16655,0.0
13.053408,-21.39561,0.0,63.49146,-68.34637,0.0
-39.445534,81.17217,0.0,-46.001884,-30.88057,0.0
-48.63636,-95.145256,0.0,-32.13873,-80.75587,0.0
-49.759262,84.04485,0.0,84.34556,-43.457928,0.0
60.315327,62.339012,0.0,72.1993,-82.43953,0.0
-71.90587,-22.801561,0.0,70.44179,-62.224857,0.0
-65.64275,61.83616,0.0,-14.635367,15.417637,0.0
-33.679485,-69.77833,0.0,-59.117836,-21.579805,0.0
25.694899,-28.010843,0.0,-70.177986,37.321,0.0
78.69944,44.392788,0.0,-81.91721,-94.96719,0.0
93.363014,30.05928,0.0,41.917835,46.624985,0.0
31.58466,-30.694262,0.0,-50.182354,-99.45161,0.0
-64.476036,-68.1665,0.0,31.494278,74.0286,0.0
42.47713,-88.74308,0.0,-41.647537,-32.762814,0.0
57.498337,-35.09823,0.0,74.53321,-96.94692,0.0
91.270195,73.32543,0.0,-22.096836,-91.2138,0.0
47.75138,-66.90191,0.0,9.810744,-24.138304,0.0
13.833399,-90.05817,0.0,-35.690357,-66.061165,0.0
-92.89978,-21.055248,0.0,-56.565395,-17.304028,0.0
-61.98473,-89.90847,0.0,31.281015,94.35991,0.0
81.88525,-26.042408,0.0,59.79842,-93.66688,0.0
-50.153763,-36.985462,0.0,88.82365,-22.810898,0.0
61.00659,-51.838142,0.0,10.057324,-98.53198,0.0
67.32136,-59.242214,0.0,91.858025,56.260155,0.0
82.55056,-58.940914,0.0,-8.757035,-13.298887,0.0
-65.26033,-13.717728,0.0,53.877426,75.298355,0.0
8.303773,-82.98352,0.0,-53.408012,-4.1212516,0.0
-93.54759,92.60776,0.0,76.63735,75.61364,0.0
-38.40612,-83.53037,0.0,84.184784,-25.404486,0.0
-50.416534,50.130817,0.0,6.140523,9.558171,0.0
-86.45393,28.585238,0.0,87.6428,-17.962713,0.0
-77.296074,-91.512245,0.0,77.93424,-21.62738,0.0
96.41094,-24.686234,0.0,83.086555,-58.7768,0.0
98.094345,-25.14711,0.0,58.66897,53.804646,0.0
69.94892,99.18566,0.0,8.244756,-92.11969,0.0
53.08305,-30.554258,0.0,28.459728,-23.025864,0.0
-28.211523,-88.373955,0.0,13.51041,77.2943,0.0
-48.383907,85.59046,0.0,34.580467,60.535374,0.0
65.966995,-60.138245,0.0,-28.821186,-67.63502,0.0
83.808266,-86.8824,0.0,-96.50478,-63.75035,0.0
73.1089,57.09979,0.0,54.69898,-76.68036,0.0
81.0239,-60.550396,0.0,91.541,81.16883,0.0
-30.701382,-29.264528,0.0,-16.905334,57.28773,0.0
-54.742687,-51.08076,0.0,-57.36866,-72.24089,0.0
61.526546,-87.40978,0.0,-57.17779,9.709003,0.0
67.74807,-43.67234,0.0,40.727566,-23.410301,0.0
70.76544,47.65041,0.0,-33.071827,81.36179,0.0
95.23874,45.720253,0.0,49.840225,-63.621323,0.0
10.996669,-74.411476,0.0,-71.4818,-24.628817,0.0
16.375309,-25.740461,0.0,37.58189,88.69007,0.0
-23.059193,-92.005775,0.0,-50.919712,-0.62995833,0.0
-36.37547,-24.496634,0.0,33.176933,-26.32217,0.0
-27.68676,-76.53654,0.0,11.318131,90.90319,0.0
90.46809,71.65877,0.0,-2.3789868,76.43882,0.0
-33.233616,91.54942,0.0,-83.21043,-27.003927,0.0
18.00964,99.62596,0.0,-3.2554696,76.6998,0.0
-36.479324,24.028013,0.0,42.99039,8.464685,0.0
83.54306,-83.236664,0.0,-40.092503,-67.40345,0.0
-12.998436,-85.765144,0.0,34.64411,-74.410126,0.0
40.594074,14.903094,0.0,-65.01938,48.563816,0.0
20.368639,95.93085,0.0,-38.521004,95.80695,0.0
89.73679,25.050983,0.0,-64.369385,7.469402,0.0
32.28297,22.930489,0.0,69.617874,65.74868,0.0
82.87246,-87.69339,0.0,99.70177,-35.805656,0.0
24.911497,-77.39748,0.0,-48.99287,-64.42587,0.0
88.112595,14.083456,0.0,-3.8207262,10.128946,0.0
99.10718,-46.470894,0.0,38.61153,-87.74826,0.0
62.788216,-21.639635,0.0,72.83962,32.59103,0.0
26.873718,-9.301514,0.0,50.735603,-77.504326,0.0
-74.02146,-4.4849687,0.0,-50.291656,52.67999,0.0
-22.376324,82.94793,0.0,-2.4687023,-85.75823,0.0
-36.899017,-52.99852,0.0,-69.15877,1.0451089,0.0
-57.246506,-57.759155,0.0,48.7364,79.95315,0.0
11.016517,48.491516,0.0,-56.023403,-26.337923,0.0
-80.368195,-50.620296,0.0,-70.00475,-86.46064,0.0
-54.70706,-74.17272,0.0,89.20044,42.380753,0.0
-50.285133,-81.78657,0.0,62.787697,16.497808,0.0
61.66082,94.67425,0.0,52.66695,70.74301,0.0
47.196117,-59.93029,0.0,84.25802,28.192373,0.0
66.73788,-58.911797,0.0,62.840042,-98.151245,0.0
-83.92027,5.864543,0.0,67.71132,-49.240738,0.0
-14.479885,45.711906,0.0,-52.188057,28.384226,0.0
-93.22042,-91.06254,0.0,36.464596,-49.020153,0.0
-13.278839,81.83616,0.0,-51.73455,62.698063,0.0
-24.645424,74.29579,0.0,-76.78495,-64.456314,0.0
-3.0203736,99.19007,0.0,92.89878,-23.647934,0.0
-30.457735,-31.598372,0.0,19.252918,-90.26264,0.0
18.76157,15.959218,0.0,-9.860864,13.479164,0.0
-6.43032,-1.5997363,0.0,51.705696,-58.196587,0.0
3.5878615,-30.34122,0.0,96.953636,89.72883,0.0
80.16324,-37.525898,0.0,26.294283,-75.548096,0.0
51.342518,29.149927,0.0,24.48579,45.87801,0.0
43.08898,-25.2232,0.0,63.4286,32.96361,0.0
57.524918,16.781109,0.0,-42.265995,49.64325,0.0
24.482939,73.359055,0.0,-68.10282,-49.56527,0.0
9.114031,-81.69353,0.0,44.240265,-94.52899,0.0
2.2286704,-73.10733,0.0,-71.20074,87.305786,0.0
19.20466,-86.733925,0.0,-17.823378,-78.30005,0.0
-3.089549,48.98275,0.0,-58.046513,-53.305553,0.0
64.37281,42.77937,0.0,96.66916,-99.57883,0.0
-61.037544,-42.665424,0.0,26.434446,2.4725058,0.0
-67.540215,-73.088264,0.0,26.902382,75.907166,0.0
-92.855675,53.994194,0.0,97.65692,-24.726614,0.0
-70.49772,14.876559,0.0,95.65235,-76.20017,0.0
-98.22734,99.56417,0.0,35.364265,65.69386,0.0
-77.843796,-10.423541,0.0,63.717228,-73.475624,0.0
75.08533,-49.82537,0.0,-61.29468,-68.86972,0.0
-65.94916,42.089333,0.0,66.46544,45.15129,0.0
-57.807564,71.48508,0.0,-63.663803,-27.91399,0.0
13.308319,10.044344,0.0,-15.536162,-10.719778,0.0
69.40871,9.487667,0.0,-99.81543,80.24444,0.0
87.187,74.91186,0.0,7.04819,79.1529,0.0
-70.44318,49.11359,0.0,27.227304,-62.49439,0.0
-6.584817,90.218575,0.0,-59.518574,-92.1058,0.0
74.17001,-66.54713,0.0,-40.82541,-80.02571,0.0
-18.81256,82.409164,0.0,-48.00429,68.23317,0.0
-97.94257,96.85696,0.0,-44.058292,-89.673706,0.0
58.102238,5.745335,0.0,-9.933723,-23.64946,0.0
-61.740864,-70.56177,0.0,-39.81084,39.24277,0.0
86.11241,-14.331441,0.0,-33.721172,95.44831,0.0
69.41936,69.70052,0.0,-71.5898,90.557175,0.0
29.504627,-69.84308,0.0,-94.04767,-39.133682,0.0
33.38639,15.7182865,0.0,-51.05837,-66.62412,0.0
-52.986008,-43.726715,0.0,-99.00677,-44.749466,0.0
93.34989,-42.336323,0.0,98.838615,45.868153,0.0
-14.779969,46.11326,0.0,0.65408444,85.24281,0.0
7.286251,18.898815,0.0,-71.12618,-67.49631,0.0
78.30437,84.64143,0.0,-64.6798,66.902435,0.0
-67.73081,-22.02777,0.0,57.429024,-53.21649,0.0
17.071926,-99.51196,0.0,-83.46326,-66.460594,0.0
78.61339,-30.66875,0.0,21.481674,16.749203,0.0
-70.97531,-47.30478,0.0,38.148636,31.561855,0.0
78.23314,62.950645,0.0,35.951992,86.28465,0.0
10.54949,93.52943,0.0,99.22936,-76.69108,0.0
-5.156832,8.822951,0.0,-41.718357,-33.610966,0.0
25.233665,71.51891,0.0,-80.97504,-48.4883,0.0
-76.41045,92.016075,0.0,14.863256,-67.76112,0.0
-83.852554,-14.460251,0.0,-37.30709,73.82861,0.0
48.11745,31.541918,0.0,-53.728157,-73.31617,0.0
53.43061,62.04972,0.0,33.2476,-12.760423,0.0
87.32338,63.00957,0.0,-62.04646,-56.576214,0.0
88.47577,-44.754097,0.0,-6.4605627,-85.07053,0.0
6.286408,57.26587,0.0,-46.436565,-64.23435,0.0
-48.21227,43.51169,0.0,-99.54938,-89.45393,0.0
66.18257,42.769917,0.0,-65.476585,85.0708,0.0
61.637768,55.82784,0.0,7.807146,82.16589,0.0
-52.559956,98.6496,0.0,99.42835,20.902483,0.0
28.839466,-16.91892,0.0,-30.45845,20.551645,0.0
-5.392974,60.412518,0.0,57.790173,51.999435,0.0
98.58797,81.65348,0.0,59.02745,-24.058567,0.0
16.753132,93.03744,0.0,40.362503,-4.768141,0.0
1.7570423,-37.73273,0.0,31.719364,-3.078095,0.0
-82.17836,-89.408226,0.0,35.009983,-90.465706,0.0
-16.603327,-9.564468,0.0,-22.323324,-37.827282,0.0
42.12998,-62.275356,0.0,63.99269,88.45975,0.0
-81.28823,-77.13383,0.0,-40.373775,64.36181,0.0
57.66066,75.37987,0.0,48.124344,59.328915,0.0
-50.176823,53.247463,0.0,96.72618,68.72826,0.0
-34.465717,-89.116714,0.0,87.039604,-76.164825,0.0
11.258053,90.17106,0.0,-5.957628,85.42832,0.0
-74.106415,-11.410857,0.0,-57.898098,21.677496,0.0
77.272575,8.259586,0.0,-75.52425,34.36116,0.0
-79.432945,-59.2052,0.0,16.512798,-88.63612,0.0
81.27327,6.5834265,0.0,-66.72392,14.930414,0.0
77.68479,10.400108,0.0,-11.824474,73.45968,0.0
41.568123,-71.278885,0.0,80.879944,-82.297356,0.0
-28.903486,-64.484535,0.0,95.25487,83.365974,0.0
-19.426401,54.856865,0.0,56.514885,-72.80025,0.0
-96.892975,-8.282536,0.0,30.738743,58.816837,0.0
50.703823,-43.981834,0.0,59.85694,54.273655,0.0
-80.59171,68.669876,0.0,36.02192,36.358997,0.0
72.869995,-49.611317,0.0,-97.820755,82.94071,0.0
-93.77018,-48.08471,0.0,-93.26472,75.83716,0.0
-32.956276,53.120243,0.0,58.964188,-36.24412,0.0
-86.74639,16.366968,0.0,-69.005165,84.77367,0.0
19.686491,-73.63018,0.0,-48.17882,64.60305,0.0
48.168064,-51.77364,0.0,10.574373,-62.468548,0.0
-77.49634,-78.29989,0.0,-63.96938,-85.799355,0.0
74.09609,-46.707756,0.0,-75.194565,-20.400265,0.0
-5.792214,73.58635,0.0,64.46192,-29.964922,0.0
-61.152756,-18.41584,0.0,96.8899,65.63852,0.0
-60.217636,-23.795303,0.0,-5.6707616,7.659346,0.0
-47.40758,10.959754,0.0,64.30996,-29.333881,0.0
-69.37039,-22.631893,0.0,-36.636127,-90.929924,0.0
1.1949365,57.288185,0.0,-72.698456,-16.166353,0.0
43.32714,5.222489,0.0,20.735521,-69.861336,0.0
-76.913315,-73.058624,0.0,30.665514,-97.658356,0.0
-48.83316,-0.7598386,0.0,79.6351,17.695648,0.0
49.053936,-5.956025,0.0,-80.78372,54.74514,0.0
-51.497932,-75.5594,0.0,-8.235886,72.85111,0.0
-9.582523,-60.430496,0.0,71.76843,-88.68943,0.0
95.55965,83.35453,0.0,77.44859,-18.086926,0.0
-4.109157,75.84349,0.0,37.897514,-21.82558,0.0
3.9383163,65.547935,0.0,-72.24352,15.838247,0.0
-65.55657,96.66004,0.0,46.04858,-87.312996,0.0
38.435307,16.744524,0.0,-65.21979,-73.11767,0.0
-3.3104863,71.35208,0.0,40.12806,-72.21263,0.0
20.804504,-87.951126,0.0,-52.031284,88.65762,0.0
45.6556,-65.86489,0.0,-7.461581,98.05194,0.0
-33.083317,38.528473,0.0,18.179398,13.355117,0.0
33.385735,-75.15059,0.0,92.48099,69.11828,0.0
35.701046,-54.093422,0.0,2.4660454,82.28145,0.0
-97.386154,-18.607794,0.0,-38.163322,-23.595072,0.0
-15.951482,-16.53608,0.0,78.080414,-12.368899,0.0
-15.957853,51.749817,0.0,63.673763,-42.031338,0.0
-71.89914,43.074123,0.0,-90.24935,74.53277,0.0
-51.022324,12.334282,0.0,8.544431,77.418785,0.0
71.16678,12.351364,0.0,93.23689,-89.65255,0.0
31.024174,-68.30275,0.0,48.392574,-9.929697,0.0
-25.601048,69.402405,0.0,65.58241,-23.435156,0.0
35.716457,5.6953154,0.0,82.69666,-32.289566,0.0
-42.21663,-16.890108,0.0,75.59951,-93.98648,0.0
-44.02693,-32.128357,0.0,-89.85451,45.923725,0.0
-12.666601,56.13748,0.0,5.7889214,15.001116,0.0
83.39126,18.722256,0.0,67.223404,-23.475065,0.0
-34.467804,76.41215,0.0,-6.026345,-6.4272637,0.0
-7.6016593,-74.90232,0.0,22.643229,-91.50179,0.0
-78.35373,57.615944,0.0,-90.182304,-66.06187,0.0
-96.621155,-82.096954,0.0,-59.916985,-25.396564,0.0
-40.322445,30.302834,0.0,91.53583,-92.13303,0.0
-42.39577,24.395971,0.0,-63.212555,65.03284,0.0
-77.263,76.44706,0.0,23.085512,59.292664,0.0
95.56327,12.1313305,0.0,24.400736,-85.263145,0.0
75.66573,-36.170094,0.0,59.238182,16.72255,0.0
44.49657,3.0160444,0.0,29.59228,-36.670902,0.0
22.775606,-29.307306,0.0,94.09387,-39.742413,0.0
60.120388,80.05648,0.0,-12.223663,0.9945055,0.0
-93.31948,36.08609,0.0,-17.955215,-0.48969933,0.0
-72.933365,-73.60725,0.0,76.73376,-26.222078,0.0
-49.43575,40.91424,0.0,-50.330524,-7.3363905,0.0
89.225876,73.585785,0.0,0.68377894,11.265227,0.0
-5.8524666,-13.353411,0.0,-45.17459,38.35445,0.0
-79.24114,-33.220356,0.0,-5.88211,99.60957,0.0
-45.166378,65.112564,0.0,0.4459249,59.844223,0.0
-40.484512,43.94452,0.0,-36.886665,-7.6951857,0.0
-34.197098,-18.80438,0.0,-99.16999,70.275764,0.0
98.6819,-11.128197,0.0,95.77263,-94.23458,0.0
40.898373,24.620787,0.0,-8.977336,74.44712,0.0
47.287823,-18.827465,0.0,76.08357,97.205666,0.0
-63.417515,94.68424,0.0,-33.45422,26.133871,0.0
60.614834,44.835144,0.0,34.300175,-0.71622247,0.0
-5.3901844,16.411743,0.0,-49.900574,46.135487,0.0
73.55648,-27.465788,0.0,-33.831787,20.366934,0.0
45.355522,-74.1494,0.0,97.15183,16.632536,0.0
93.47321,59.085865,0.0,35.390934,71.19384,0.0
-32.672535,-14.851485,0.0,37.39242,-60.930103,0.0
33.644176,50.531235,0.0,-47.744137,-81.657974,0.0
-73.291595,76.78394,0.0,41.96976,14.28213,0.0
46.458576,3.5194955,0.0,-63.94825,-45.14242,0.0
45.647675,74.34881,0.0,30.464817,-68.24323,0.0
-24.781437,72.98831,0.0,31.92203,-24.279171,0.0
-82.84404,84.93772,0.0,-36.917694,-61.032467,0.0
21.85569,-29.110994,0.0,-8.380394,-24.513763,0.0
20.610353,-99.304115,0.0,-58.30909,-54.0789,0.0
44.27034,-7.2608576,0.0,2.766638,9.492393,0.0
23.968325,91.77197,0.0,-75.23494,-46.378357,0.0
48.388775,-23.817755,0.0,-86.608055,-42.74028,0.0
81.06357,74.634,0.0,3.987987,-74.809875,0.0
-91.65879,-89.812454,0.0,93.78409,27.189402,0.0
-68.29347,11.483387,0.0,-64.080734,54.025345,0.0
-64.62061,-48.17067,0.0,65.78334,10.496079,0.0
24.482307,-20.191145,0.0,90.35111,-1.9021237,0.0
74.56186,25.521296,0.0,-6.4340987,97.5636,0.0
61.18142,59.757328,0.0,92.54694,61.757412,0.0
0.93215805,-20.939152,0.0,-42.469345,-92.59117,0.0
-38.582447,-92.96815,0.0,-35.37096,8.821722,0.0
85.712296,47.104256,0.0,64.31766,-29.221994,0.0
-44.256584,15.484329,0.0,32.802673,99.664246,0.0
45.76601,-38.623352,0.0,85.523224,-48.25012,0.0
-3.655988,68.78808,0.0,71.65016,55.291515,0.0
81.91859,64.870514,0.0,-75.72866,18.479744,0.0
-87.798874,15.377292,0.0,-67.55496,19.9121,0.0
-17.466255,-94.29064,0.0,-95.77481,-59.07482,0.0
-58.411133,-0.024247857,0.0,85.940216,18.443516,0.0
-81.24597,-88.19705,0.0,-37.21047,-49.46264,0.0
60.67721,-92.79851,0.0,-39.79454,-59.089928,0.0
79.43147,80.929596,0.0,-38.314045,26.647367,0.0
61.731,-64.021576,0.0,-86.73874,50.143394,0.0
-64.50759,-11.628477,0.0,-69.131485,-9.447189,0.0
22.853924,-73.87711,0.0,-0.89666367,-92.98668,0.0
91.019714,-61.397003,0.0,76.54841,61.89464,0.0
-23.139393,-28.370087,0.0,-23.734348,82.954,0.0
7.466491,-73.19859,0.0,54.419224,-32.41577,0.0
33.059814,-1.168865,0.0,-37.53286,-88.99037,0.0
-52.67549,59.150368,0.0,-81.17464,-5.4195,0.0
-78.26237,-29.482399,0.0,42.708824,-32.07379,0.0
69.54707,19.928736,0.0,61.856236,84.42182,0.0
75.1776,-71.11131,0.0,-85.637344,58.026695,0.0
-48.242004,-47.702408,0.0,-28.129774,87.62649,0.0
90.47889,82.0156,0.0,13.162552,60.399105,0.0
-67.99553,-55.551373,0.0,-41.26797,-46.581947,0.0
-6.8820643,66.53286,0.0,47.769203,11.946102,0.0
85.90748,76.130104,0.0,-0.56073195,-63.96072,0.0
-56.42914,-77.12237,0.0,-62.17443,81.663246,0.0
73.922386,27.09434,0.0,-46.00325,-64.314674,0.0
68.253494,28.07163,0.0,46.415737,-53.67583,0.0
27.08252,86.58953,0.0,19.176863,71.42318,0.0
-35.749844,70.94266,0.0,-18.36443,-28.491983,0.0
-32.403725,65.923775,0.0,-37.408512,65.242355,0.0
-46.85652,-74.6404,0.0,-79.11794,-25.982288,0.0
56.252785,-27.629663,0.0,-82.805565,-10.998454,0.0
-96.493996,-60.060493,0.0,-53.548454,-66.81965,0.0
-44.80968,-98.71628,0.0,64.9023,90.409805,0.0
82.61127,-37.522007,0.0,46.373837,-47.832417,0.0
-56.76274,94.72547,0.0,-93.228355,-30.320875,0.0
-37.51171,94.18135,0.0,-23.646385,-98.17932,0.0
-94.592514,-3.811545,0.0,-13.019472,-65.958694,0.0
96.86188,-74.91008,0.0,-50.90857,70.18388,0.0
-65.481094,-83.2618,0.0,-44.484295,26.11096,0.0
-98.97117,-81.281845,0.0,-54.0236,-2.2666528,0.0
-33.93927,-34.39421,0.0,-58.320396,93.77563,0.0
-84.916664,4.9498124,0.0,89.759735,33.791756,0.0
-54.758846,27.262566,0.0,87.488045,57.239716,0.0
43.424225,4.7139354,0.0,-95.750374,94.90046,0.0
-83.63622,-74.5169,0.0,78.51675,53.825783,0.0
58.64602,42.29629,0.0,44.033417,29.729036,0.0
0.43254027,-89.60157,0.0,13.829516,12.83423,0.0
-56.591164,-23.23564,0.0,50.69251,-24.831774,0.0
59.668285,-77.6558,0.0,-94.87348,-67.99387,0.0
67.52471,-37.42884,0.0,34.695656,32.973255,0.0
-76.75377,-93.25032,0.0,-93.85125,-79.70037,0.0
50.487846,9.362117,0.0,-87.64555,45.72018,0.0
-19.223673,69.338264,0.0,-60.335106,82.509384,0.0
31.559566,68.08537,0.0,-27.965548,75.95701,0.0
-18.047798,-12.952335,0.0,80.70507,-49.545593,0.0
62.36937,24.816418,0.0,-37.716198,57.921593,0.0
-82.041016,52.906612,0.0,13.483267,64.973854,0.0
92.28749,-93.60785,0.0,-90.63324,-45.481503,0.0
59.9164,-56.5955,0.0,-91.8411,-86.175446,0.0
29.980438,48.96079,0.0,-79.443634,22.691233,0.0
-67.09574,-77.58937,0.0,-76.13693,-6.773358,0.0
-39.643402,-57.39065,0.0,-62.53725,-28.225454,0.0
58.740417,-62.022476,0.0,-55.395206,35.831448,0.0
98.319984,77.26985,0.0,-54.168,-60.628613,0.0
82.18726,-78.44039,0.0,-89.2913,43.51536,0.0
96.65549,80.72969,0.0,-82.06084,-14.361135,0.0
38.187546,-22.652933,0.0,87.34601,-72.49581,0.0
-44.603848,-90.4567,0.0,-61.713768,55.53541,0.0
39.20935,62.94148,0.0,38.891094,-82.87428,0.0
-54.231842,-89.701805,0.0,25.719048,90.812004,0.0
17.844812,-67.24493,0.0,96.090065,54.927006,0.0
-65.88964,-71.483315,0.0,-15.185812,-30.491835,0.0
-48.874683,18.791563,0.0,-0.7705604,51.846123,0.0
90.36476,-86.53171,0.0,-34.741493,-98.06155,0.0
-26.170126,12.915266,0.0,-93.42435,79.31419,0.0
-23.808296,82.22622,0.0,43.091167,62.730152,0.0
93.2193,-65.39846,0.0,20.389189,-63.79848,0.0
-94.793076,1.1179911,0.0,-33.18026,-21.321043,0.0
-63.270584,75.74642,0.0,44.224506,-24.260855,0.0
-70.48133,-30.83767,0.0,-72.446724,66.59863,0.0
-98.884544,6.9660487,0.0,18.08024,74.95827,0.0
-87.97573,-91.07599,0.0,-73.03566,-83.63905,0.0
51.118114,-45.341698,0.0,-98.77972,59.889473,0.0
80.512215,66.787285,0.0,-93.24362,-64.07352,0.0
81.09256,-27.048988,0.0,68.31904,-20.819687,0.0
27.357206,86.42982,0.0,36.64435,-90.95149,0.0
-37.925697,-99.33978,0.0,-75.08787,-26.29349,0.0
-53.92593,36.19712,0.0,-65.35126,23.733353,0.0
53.529945,-54.82875,0.0,-68.289276,-26.929523,0.0
72.53087,24.810112,0.0,56.000504,81.29802,0.0
0.40798378,-37.14034,0.0,79.84894,65.56617,0.0
97.71515,44.852226,0.0,45.030643,-56.84691,0.0
70.83852,72.76722,0.0,60.560406,-94.87881,0.0
12.370713,-89.54661,0.0,36.69004,0.04509315,0.0
75.30258,90.71686,0.0,-63.001945,23.584784,0.0
29.753077,90.91319,0.0,-69.71354,-4.5167627,0.0
51.948875,53.65997,0.0,-73.56874,-5.7022467,0.0
47.912655,-82.67605,0.0,33.830833,-17.939253,0.0
-70.762276,-58.507797,0.0,39.88955,74.04786,0.0
-39.904198,-23.212446,0.0,6.5844026,82.445465,0.0
-39.85733,47.54933,0.0,-93.94418,10.60904,0.0
-12.936484,-39.470596,0.0,98.67017,-81.13652,0.0
94.40959,29.324305,0.0,24.788576,-9.573954,0.0
5.315591,73.018776,0.0,-58.953396,4.9509745,0.0
-38.881447,82.05341,0.0,41.99333,-82.12552,0.0
37.021614,-24.51198,0.0,-22.029966,-75.54073,0.0
47.47482,62.186787,0.0,40.56653,-95.979675,0.0
57.470406,-52.008842,0.0,-8.352941,76.21286,0.0
-47.148327,31.555483,0.0,78.78421,-34.783897,0.0
-49.862923,-19.62722,0.0,-41.249386,-32.649734,0.0
-55.992607,-44.76097,0.0,-43.90625,-96.02189,0.0
-81.88672,27.561134,0.0,82.606445,33.145233,0.0
98.1932,-86.895706,0.0,-99.346306,45.970478,0.0
49.13707,3.9458666,0.0,-34.209255,-49.554417,0.0
48.28912,-58.021976,0.0,-10.59394,-81.43893,0.0
82.09221,-31.051594,0.0,-83.08219,36.30259,0.0
-41.262558,-65.99107,0.0,-93.85494,-88.897705,0.0
81.84346,17.79775,0.0,-82.12629,61.94906,0.0
-9.966505,-11.591421,0.0,-72.59968,-42.1841,0.0
46.874237,-47.895138,0.0,97.293915,-43.473106,0.0
82.49701,-46.805183,0.0,-7.5719075,9.828807,0.0
-96.435234,71.98886,0.0,16.881935,-65.76633,0.0
-42.560974,-92.40542,0.0,-51.936,-48.72358,0.0
-23.231474,82.11604,0.0,89.42679,-73.42637,0.0
-45.47338,-50.575867,0.0,61.847225,82.787994,0.0
38.622387,35.0576,0.0,-11.347562,-34.47435,0.0
50.174213,50.908577,0.0,-79.37523,80.51058,0.0
42.240646,48.970734,0.0,-84.13136,-29.729126,0.0
8.055776,-84.14394,0.0,13.17011,81.603714,0.0
-61.8205,-38.799038,0.0,-50.490578,-46.01638,0.0
84.01802,12.34476,0.0,-76.51564,-96.088646,0.0
-11.87938,71.39002,0.0,36.841816,76.48824,0.0
-46.747204,-86.4224,0.0,-32.722984,-98.27397,0.0
-85.36337,91.576096,0.0,74.894165,72.874214,0.0
-22.597517,46.903355,0.0,-79.44891,24.122646,0.0
64.1151,-41.24471,0.0,59.815098,-50.910152,0.0
32.131268,83.39246,0.0,-50.422737,86.85938,0.0
58.836224,67.257034,0.0,61.79346,-30.813122,0.0
7.6661263,93.105804,0.0,-95.39489,95.69695,0.0
-95.43231,-62.38048,0.0,64.94252,-55.370663,0.0
-64.21092,18.887442,0.0,62.72347,71.61729,0.0
-22.713285,71.416115,0.0,-13.863823,2.9682877,0.0
-61.84964,-50.3117,0.0,-91.72183,-96.86334,0.0
36.369995,-8.408491,0.0,36.473858,18.701624,0.0
78.63296,-70.64786,0.0,-68.78344,19.565826,0.0
26.001425,69.08384,0.0,-40.639957,-29.146858,0.0
62.74722,19.213,0.0,-49.448063,-5.6119595,0.0
28.313028,83.00431,0.0,11.276504,73.00114,0.0
-45.27012,-33.104267,0.0,58.37852,73.43834,0.0
89.50675,46.39466,0.0,91.845276,24.638454,0.0
75.10461,-90.26989,0.0,-29.055756,72.1414,0.0
27.65043,-60.1762,0.0,-95.646034,-92.95576,0.0
-92.876755,42.715355,0.0,-69.627846,-95.543205,0.0
-66.910034,-27.59769,0.0,43.786373,-21.396387,0.0
37.0787,-1.6489155,0.0,-2.5232813,54.31228,0.0
-44.25356,20.847328,0.0,82.069595,7.338155,0.0
41.777065,59.83586,0.0,11.613097,23.90892,0.0
67.14825,84.72148,0.0,93.123856,-77.516914,0.0
92.25278,-11.654309,0.0,46.31707,47.054977,0.0
-97.06938,-83.982445,0.0,-40.704796,46.249115,0.0
-83.75919,-72.51219,0.0,25.81092,94.10698,0.0
83.11546,-63.695286,0.0,88.22665,-24.599308,0.0
9.582583,73.47772,0.0,91.86496,15.341166,0.0
-81.29407,19.33266,0.0,58.019672,-88.73794,0.0
-34.740128,-69.153,0.0,-70.77083,-21.254288,0.0
55.671642,-98.50711,0.0,-33.87551,73.13675,0.0
36.82057,26.411207,0.0,64.44602,-25.6853,0.0
90.06781,-13.501676,0.0,83.0846,87.2059,0.0
-33.44885,-87.48181,0.0,72.3877,24.157108,0.0
-9.640458,10.578384,0.0,55.946636,86.51049,0.0
-52.35205,-65.407555,0.0,46.635853,55.10243,0.0
13.096621,-39.207726,0.0,-55.91201,-83.881454,0.0
14.363212,56.479725,0.0,30.86664,79.9274,0.0
-91.579865,-81.47326,0.0,-23.047012,24.279058,0.0
50.24266,-57.378914,0.0,-5.2652664,20.141478,0.0
-53.320747,-9.32588,0.0,3.4241729,52.72209,0.0
80.58594,8.613836,0.0,-85.08029,21.193968,0.0
-44.918785,86.93908,0.0,-44.77145,-40.03702,0.0
89.97071,-62.25235,0.0,-86.92666,-72.6554,0.0
-15.192316,83.68177,0.0,8.1497,86.32344,0.0
-92.19956,74.95724,0.0,0.7916972,-86.74296,0.0
51.30597,28.881018,0.0,22.518633,82.256226,0.0
-59.567867,2.1951306,0.0,0.5215976,-63.791756,0.0
51.11567,63.20692,0.0,12.538753,80.3043,0.0
2.4156933,66.152176,0.0,-14.543661,-15.537226,0.0
-5.187659,16.602869,0.0,-92.9989,70.1833,0.0
40.93721,19.325996,0.0,-98.70292,9.2088585,0.0
-80.48876,51.682297,0.0,47.340485,0.31329703,0.0
39.84989,-81.06925,0.0,-88.66403,1.238558,0.0
23.362625,-12.081598,0.0,-89.25456,13.1654825,0.0
-6.881474,20.976885,0.0,-43.899498,-10.661622,0.0
-1.4373548,-68.91658,0.0,-38.643856,-50.639748,0.0
-2.35702,83.07497,0.0,97.20202,20.788652,0.0
-30.082592,3.9157786,0.0,2.0226424,47.565495,0.0
26.835835,-12.264183,0.0,-50.31354,-77.75042,0.0
61.37059,-79.02781,0.0,56.641792,52.927425,0.0
-85.53375,-95.72269,0.0,-57.364273,60.338966,0.0
63.55644,-77.00296,0.0,69.43259,-45.07443,0.0
-38.038193,20.144716,0.0,-24.40142,80.661896,0.0
49.208366,55.081894,0.0,-11.985272,73.792465,0.0
-21.347244,16.08745,0.0,-50.51119,71.03068,0.0
-41.696934,-80.375755,0.0,44.459965,14.028195,0.0
-13.886351,-31.943937,0.0,-30.373758,86.06816,0.0
53.949028,73.66789,0.0,29.755295,69.73758,0.0
18.34102,-98.36424,0.0,70.951645,50.31932,0.0
71.37279,86.23207,0.0,96.804085,-84.58106,0.0
41.587383,97.76179,0.0,-4.2412114,-39.67958,0.0
85.20366,84.535614,0.0,39.837395,-24.31712,0.0
98.01166,44.765278,0.0,46.45429,-82.1765,0.0
71.62205,27.591318,0.0,96.87061,-76.26331,0.0
51.248955,71.9246,0.0,-38.53655,-4.293196,0.0
-42.639225,93.65814,0.0,88.93723,14.381144,0.0
-68.83597,-94.21008,0.0,-54.732094,97.32905,0.0
-64.89079,-43.12572,0.0,47.035732,6.4920473,0.0
-38.911156,48.92074,0.0,-90.49645,-56.14094,0.0
-53.17449,-80.4554,0.0,84.31377,98.21127,0.0
98.4316,70.28499,0.0,-58.297897,86.11905,0.0
-94.51334,66.183975,0.0,-65.50472,72.68592,0.0
-38.2905,-30.538517,0.0,35.36286,89.83111,0.0
-61.43887,-51.244976,0.0,70.34693,14.486141,0.0
-45.73901,61.92938,0.0,-5.1574855,-88.44995,0.0
-10.352233,22.15627,0.0,-36.28738,54.48154,0.0
78.92028,65.04574,0.0,19.643583,11.071874,0.0
77.297516,80.408585,0.0,-88.33367,87.810844,0.0
-37.90001,18.01335,0.0,56.814487,-55.443703,0.0
-88.19667,8.465208,0.0,30.123789,18.492332,0.0
31.948404,-52.591484,0.0,91.16164,99.38841,0.0
11.394198,51.092827,0.0,-64.77162,30.890028,0.0
-58.974358,99.28306,0.0,-5.3567224,54.730885,0.0
71.269226,77.7252,0.0,-56.789455,-13.601184,0.0
43.35599,-21.488241,0.0,-1.2353194,-74.74597,0.0
-93.55152,53.539436,0.0,78.64801,43.880543,0.0
-6.0324326,-72.42115,0.0,-44.6952,-70.79607,0.0
-33.18456,-45.51071,0.0,98.67456,-73.68586,0.0
50.708687,-67.55926,0.0,27.407295,97.10388,0.0
-22.556427,81.80819,0.0,93.90651,-65.27214,0.0
-71.69559,-92.04644,0.0,37.27914,-8.731894,0.0
-51.820072,89.403984,0.0,59.57913,24.174942,0.0
-58.78526,61.286156,0.0,41.609245,71.712616,0.0
10.064094,-34.191498,0.0,65.54799,90.14291,0.0
-65.41072,-8.514407,0.0,-7.8350453,53.045963,0.0
49.2761,-61.60912,0.0,-23.900774,99.23902,0.0
33.902294,40.24422,0.0,53.427048,-82.79176,0.0
77.440254,-1.2437812,0.0,7.7493067,-64.71785,0.0
-66.877754,-76.84258,0.0,-82.240715,-61.664684,0.0
8.339392,19.839783,0.0,-10.980285,-70.87229,0.0
-31.207668,-30.210981,0.0,-87.58587,-62.804955,0.0
39.159805,58.12477,0.0,-60.00791,-26.020851,0.0
-0.1632949,-74.90838,0.0,67.57934,-77.226,0.0
12.750719,95.34191,0.0,-14.200278,61.594692,0.0
40.00902,48.765945,0.0,73.85861,-40.13668,0.0
-59.591663,-75.751854,0.0,-72.896935,-88.7038,0.0
75.74697,-88.92321,0.0,91.90341,33.54639,0.0
8.121101,55.1492,0.0,56.141277,59.27564,0.0
-64.28067,94.73763,0.0,65.664955,21.571234,0.0
58.13863,-39.403484,0.0,56.261593,91.04539,0.0
6.4313745,-63.919594,0.0,46.69512,70.177536,0.0
-16.490831,-70.635826,0.0,-2.6035078,74.63209,0.0
17.068207,57.856354,0.0,-10.027158,-79.38527,0.0
96.6996,41.21307,0.0,-70.79103,-23.913939,0.0
53.729103,-70.363495,0.0,74.009,44.757336,0.0
29.482513,-81.04315,0.0,75.803375,-70.292465,0.0
22.072895,-67.57064,0.0,-44.753372,-4.5796924,0.0
-34.800842,-7.9865303,0.0,-9.956605,68.53093,0.0
-92.59166,8.883628,0.0,-76.5105,41.027977,0.0
-74.04981,-58.349476,0.0,-77.2416,-99.81195,0.0
95.28047,38.666073,0.0,78.17691,-82.28843,0.0
-60.540432,-84.86296,0.0,24.853867,-8.461955,0.0
-46.787865,-68.672646,0.0,-64.69586,-30.801088,0.0
-88.20697,10.170109,0.0,55.19266,17.574999,0.0
-80.10628,-40.044666,0.0,50.97708,37.961033,0.0
27.969189,72.89802,0.0,-46.298676,28.542068,0.0
37.891354,-55.49371,0.0,-78.83152,7.441841,0.0
-54.635242,-85.08082,0.0,78.5806,-18.704805,0.0
-93.62871,9.714484,0.0,-38.450306,-63.14493,0.0
-60.679363,24.086948,0.0,83.126236,-71.786514,0.0
-97.2466,-87.68392,0.0,-92.185905,93.64158,0.0
88.77313,23.712719,0.0,61.307274,-75.777695,0.0
97.4558,25.628798,0.0,85.79183,-42.748608,0.0
77.92235,59.9624,0.0,-24.25411,-67.40774,0.0
73.40506,8.029312,0.0,-82.182335,51.10177,0.0
-59.093376,69.26204,0.0,54.066463,-49.9011,0.0
76.67299,-79.933136,0.0,61.80339,83.47413,0.0
-83.5884,62.217793,0.0,19.721558,-37.071278,0.0
-52.37067,81.68691,0.0,-6.3861895,-6.7401166,0.0
71.18327,15.11991,0.0,79.20716,31.766916,0.0
-48.795673,-81.688545,0.0,-73.03716,-16.953686,0.0
-20.113596,-28.221739,0.0,-10.445861,-88.410034,0.0
44.34898,9.225791,0.0,-90.58367,-84.25821,0.0
-75.07179,97.67214,0.0,-62.7838,4.661266,0.0
-13.384027,-85.12663,0.0,-77.34396,-48.78656,0.0
-10.585586,-90.87744,0.0,-84.73576,89.23446,0.0
-82.94458,-45.707912,0.0,-58.574432,-45.23861,0.0
-87.07034,-72.35005,0.0,87.69149,8.614672,0.0
-99.184296,92.1956,0.0,71.60525,92.45348,0.0
43.18922,-64.49864,0.0,54.270523,63.934822,0.0
-79.71627,-98.327545,0.0,-12.946619,53.85699,0.0
92.20484,-71.79614,0.0,73.36827,46.628777,0.0
-64.550644,53.500267,0.0,55.312965,94.311714,0.0
-86.09691,-30.92478,0.0,-56.739548,-32.874687,0.0
-60.748215,-2.3803875,0.0,18.785519,-17.839865,0.0
-31.452972,72.119446,0.0,58.980648,98.57091,0.0
-10.49422,-66.745766,0.0,11.777185,87.35949,0.0
-74.88746,22.144371,0.0,-61.635185,-22.544703,0.0
-1.2461001,-21.87187,0.0,-5.612416,70.54734,0.0
-65.04182,8.4524765,0.0,-61.381145,20.703957,0.0
-87.28239,-57.286297,0.0,86.81134,1.0494242,0.0
22.692734,68.81995,0.0,25.264809,-91.40434,0.0
-99.47092,68.76559,0.0,-90.09554,-2.802381,0.0
-99.91009,-41.594322,0.0,-46.215515,-68.03164,0.0
92.24598,-80.857124,0.0,39.99978,-40.78605,0.0
-92.62677,-95.612526,0.0,-13.512453,84.47967,0.0
-65.670586,-98.16218,0.0,98.92455,-56.09777,0.0
49.206486,-44.88423,0.0,10.159699,-89.403336,0.0
-35.962532,-87.68203,0.0,-40.41477,71.46713,0.0
-47.819645,22.182064,0.0,-71.02132,-80.838295,0.0
-40.71705,38.037346,0.0,-87.10172,-99.525185,0.0
70.54945,73.53632,0.0,6.8834696,52.74853,0.0
15.2505245,-62.20519,0.0,-30.104195,-42.83685,0.0
82.42836,67.248985,0.0,48.725613,-94.43631,0.0
60.41588,-36.330208,0.0,-94.50713,-67.101364,0.0
84.60359,-37.878586,0.0,-63.26057,-21.515022,0.0
36.52327,-33.128464,0.0,40.259556,-2.0944464,0.0
-76.123985,-74.0533,0.0,88.42709,48.427204,0.0
-88.58906,-43.562584,0.0,-47.658863,-50.60424,0.0
-3.8624296,-88.38961,0.0,-82.174736,-54.45015,0.0
7.25217,99.080734,0.0,-65.392845,75.36724,0.0
-7.381998,22.499874,0.0,-91.95514,-33.809708,0.0
86.35744,91.53286,0.0,-26.61,-27.821909,0.0
-45.420334,-3.2974904,0.0,30.48899,-19.10595,0.0
-56.63188,62.370125,0.0,55.124382,-39.570965,0.0
42.667515,-85.22558,0.0,-47.8984,-25.372072,0.0
-28.786432,-31.343338,0.0,-85.534424,-48.865685,0.0
21.511864,10.641457,0.0,-49.87849,-79.885315,0.0
-85.597466,94.44532,0.0,-88.00518,71.33778,0.0
49.17755,-24.41792,0.0,-15.412992,-87.53785,0.0
57.47178,-76.06252,0.0,-42.052757,-88.08456,0.0
63.959404,-47.989223,0.0,-72.233765,31.512743,0.0
-6.6687446,3.2222743,0.0,89.77158,-8.4474,0.0
61.766293,54.971066,0.0,-92.6122,-45.800724,0.0
24.901854,-96.92403,0.0,81.651405,-36.2947,0.0
-75.78878,-99.26038,0.0,-95.12291,99.474754,0.0
69.21319,-47.0318,0.0,35.8451,40.304058,0.0
31.479053,37.536564,0.0,-74.12958,-68.65129,0.0
84.35589,-68.41753,0.0,-55.064133,98.473206,0.0
-94.50296,-45.2609,0.0,-46.130825,63.86375,0.0
-39.89796,-81.72821,0.0,-93.14994,-60.049595,0.0
-10.440106,0.40592605,0.0,58.160873,-52.574326,0.0
-36.15691,11.588969,0.0,-96.36643,-12.529859,0.0
-67.81513,-56.942734,0.0,34.164696,-88.76047,0.0
-34.50337,-63.05807,0.0,74.88863,-46.59869,0.0
-53.36447,16.658325,0.0,33.718063,69.81125,0.0
77.4314,-23.792196,0.0,38.944557,-22.235022,0.0
64.635475,-43.812283,0.0,-21.218391,-77.03797,0.0
89.06161,-63.185513,0.0,38.151436,-92.630806,0.0
41.582138,44.54703,0.0,-6.9790187,9.408006,0.0
-35.54201,-39.14797,0.0,88.1239,94.16734,0.0
81.89184,50.882042,0.0,21.596436,78.444176,0.0
-96.54527,-41.521572,0.0,-11.993986,-95.99237,0.0
-98.342995,85.895775,0.0,79.47347,74.14516,0.0
-24.802818,57.509315,0.0,57.369015,11.205171,0.0
-44.448063,-19.870546,0.0,-54.264698,40.490532,0.0
22.141285,66.681465,0.0,-61.63194,-37.66249,0.0
-8.167174,20.057718,0.0,-71.59785,-52.111515,0.0
-98.036865,56.267845,0.0,-53.22514,17.325796,0.0
-77.72552,-74.45648,0.0,-33.155838,80.81371,0.0
39.903236,-37.15346,0.0,-24.775082,58.526066,0.0
22.390163,-76.55785,0.0,-90.81423,-27.382065,0.0
74.77878,23.552433,0.0,21.625677,-30.668024,0.0
43.979927,30.276632,0.0,-71.12709,18.987982,0.0
21.76383,-96.232544,0.0,-96.80764,53.184425,0.0
19.086597,-22.775145,0.0,-99.274216,62.482525,0.0
-83.42577,63.06816,0.0,46.233387,63.91099,0.0
85.41597,2.0583513,0.0,82.63706,-43.78352,0.0
50.60866,55.39921,0.0,-90.04867,-98.66796,0.0
9.171011,-98.027435,0.0,-36.5856,24.710838,0.0
36.39963,88.95812,0.0,-28.596106,-77.29421,0.0
8.208288,-84.947205,0.0,-82.22518,44.282223,0.0
-81.08212,-85.48315,0.0,-53.307392,-17.4259,0.0
-79.9801,14.923635,0.0,-16.79202,-71.95538,0.0
38.06288,99.346085,0.0,-40.046013,23.82376,0.0
61.037727,-28.28347,0.0,9.860633,16.507595,0.0
-57.995007,-19.73511,0.0,-13.759004,-96.24852,0.0
-55.1178,-71.99856,0.0,90.16898,41.498096,0.0
10.608008,-76.92392,0.0,66.75732,-57.727467,0.0
-27.034594,-89.44116,0.0,-5.553253,17.4705,0.0
79.27637,-54.524933,0.0,-84.48712,5.943254,0.0
28.744793,-89.35601,0.0,36.12624,-62.550007,0.0
-47.423244,96.7505,0.0,27.316042,-0.63729554,0.0
-74.02526,-60.975906,0.0,-14.443372,-18.601639,0.0
-17.432121,71.9709,0.0,-49.63706,96.205894,0.0
48.938686,-77.29419,0.0,-99.13217,-85.3895,0.0
-4.307266,-76.27874,0.0,-73.06653,33.89706,0.0
33.82537,-23.034332,0.0,89.63645,-49.68408,0.0
-40.21621,-20.770721,0.0,70.711624,80.00232,0.0
-14.978555,85.15424,0.0,90.79917,58.90933,0.0
99.16359,-90.04992,0.0,49.995956,63.394802,0.0
82.4882,6.531941,0.0,-18.692673,63.892193,0.0
14.7171955,-70.75312,0.0,51.12386,-25.402422,0.0
-58.620907,58.015366,0.0,91.67034,47.9502,0.0
-81.8871,67.93772,0.0,-84.60542,63.717007,0.0
59.423496,63.02465,0.0,-32.348007,34.34745,0.0
34.750126,45.847103,0.0,38.110527,-77.2076,0.0
54.29439,-71.536415,0.0,34.962013,-31.157219,0.0
-4.9966483,-22.307272,0.0,-31.492155,-95.62972,0.0
70.513824,93.54939,0.0,83.84469,-25.133802,0.0
38.01762,34.727848,0.0,-67.83893,91.88226,0.0
-51.91035,64.95389,0.0,-3.425161,18.406622,0.0
-43.47559,-25.724087,0.0,-66.13664,47.79835,0.0
-35.579033,-45.230835,0.0,-51.31216,-83.844086,0.0
6.5971074,81.96875,0.0,90.16288,48.091743,0.0
-1.7096937,-30.912186,0.0,99.94212,-80.44802,0.0
98.664116,-12.897834,0.0,70.92015,-43.151222,0.0
-16.812748,-84.27745,0.0,26.119131,-92.948074,0.0
10.922332,99.24293,0.0,51.058903,-60.355694,0.0
-98.231804,78.16683,0.0,29.758121,-75.56364,0.0
-78.39485,-32.22787,0.0,60.517136,14.40973,0.0
-53.108284,15.066171,0.0,59.167995,8.033585,0.0
-72.06532,95.38014,0.0,45.35849,96.54216,0.0
-95.33154,-85.48673,0.0,55.063274,-80.126625,0.0
82.095276,7.6883535,0.0,23.934124,-38.71799,0.0
-53.532158,1.1490209,0.0,-81.08522,68.79592,0.0
-64.41014,-15.455679,0.0,96.77756,-99.846,0.0
-55.57615,-79.54456,0.0,59.804073,64.13967,0.0
-96.60617,17.620966,0.0,-9.560527,-61.857647,0.0
-51.035244,19.230522,0.0,5.782174,-89.72163,0.0
85.37219,82.366035,0.0,71.43664,18.520096,0.0
-46.298252,15.054561,0.0,54.6764,-92.41851,0.0
-53.158413,36.389214,0.0,-8.362525,-18.764051,0.0
-96.45147,35.97344,0.0,-85.49511,31.220434,0.0
49.721706,20.962925,0.0,-33.683655,-54.383324,0.0
49.046772,-14.506372,0.0,68.02764,6.1523905,0.0
70.09806,-96.10105,0.0,-79.748474,-0.48422775,0.0
90.5814,-14.677895,0.0,63.450153,-32.066357,0.0
-34.8255,-20.02085,0.0,-11.004549,-82.34582,0.0
28.800558,6.553875,0.0,-83.42992,-75.1027,0.0
43.782368,7.640861,0.0,44.72892,29.580837,0.0
-73.10405,53.068985,0.0,83.6842,64.60192,0.0
66.23,-59.21395,0.0,-25.848404,-94.16791,0.0
-66.86574,81.547905,0.0,32.39893,17.29621,0.0
81.606964,-52.862576,0.0,81.6517,-38.10368,0.0
73.052444,-85.16601,0.0,-25.055658,-32.91132,0.0
-78.69728,-45.30668,0.0,25.981173,56.050102,0.0
-60.149944,-63.109047,0.0,8.865336,98.21756,0.0
-84.01317,12.544004,0.0,-39.797844,54.800083,0.0
-9.419003,-81.56379,0.0,-67.38102,-13.225259,0.0
7.3641047,23.063036,0.0,71.45838,32.046337,0.0
89.582466,29.94657,0.0,-2.1923382,72.277405,0.0
-25.698088,-81.619995,0.0,-66.41132,-42.71312,0.0
-92.61167,4.140915,0.0,-50.62224,22.759705,0.0
13.3357725,61.37313,0.0,88.17093,-51.791496,0.0
64.003235,-72.24409,0.0,-62.414608,42.982796,0.0
58.849182,99.95831,0.0,-44.891838,34.4519,0.0
-36.72107,-48.894817,0.0,60.602295,62.21183,0.0
-2.7321446,63.541035,0.0,24.2909,-95.96702,0.0
-63.376686,-6.982835,0.0,-50.485664,77.47551,0.0
86.48929,55.34577,0.0,44.97998,98.20161,0.0
63.30135,63.449997,0.0,-68.60101,-88.325386,0.0
90.35916,-7.993778,0.0,-99.70413,33.95713,0.0
-83.63629,-24.768206,0.0,-52.50028,-12.38206,0.0
-91.0067,-28.812456,0.0,26.274817,82.61764,0.0
34.664593,-8.394078,0.0,98.365456,27.88805,0.0
-55.701347,-95.717674,0.0,89.32571,-87.21896,0.0
-61.739296,44.256714,0.0,30.77125,36.773933,0.0
-97.25565,48.6696,0.0,48.267704,63.842556,0.0
-34.570896,26.255426,0.0,-40.031857,-14.145835,0.0
-75.53872,12.782075,0.0,-61.0178,-0.17426565,0.0
-24.79619,64.77201,0.0,-80.10495,5.1952777,0.0
55.00666,-42.73873,0.0,35.459263,-98.03533,0.0
44.66981,20.198015,0.0,50.167877,41.21276,0.0
75.90013,24.871838,0.0,67.85605,-20.17314,0.0
-33.56833,-16.488073,0.0,45.90682,10.273735,0.0
2.2376704,58.77716,0.0,-69.584206,79.97048,0.0
38.199696,-52.414726,0.0,-65.343346,30.13993,0.0
-58.38049,-97.25388,0.0,14.003332,62.648937,0.0
-52.56476,20.089237,0.0,-98.98392,99.54718,0.0
97.65416,5.533836,0.0,-87.56019,-16.202602,0.0
71.79626,-42.096123,0.0,-55.18505,66.56972,0.0
-51.25516,-27.794104,0.0,18.367172,59.372543,0.0
-10.2437315,10.693193,0.0,-62.948914,4.742279,0.0
-13.474761,-69.23654,0.0,-61.06008,93.99809,0.0
-60.854286,58.193665,0.0,-43.971313,24.523266,0.0
-1.2375113,14.18408,0.0,41.216194,68.74682,0.0
-31.147182,5.8354445,0.0,-75.03408,-32.83582,0.0
-74.30481,-29.025654,0.0,-82.79705,-42.300922,0.0
41.1524,-91.26689,0.0,-61.992912,-26.741875,0.0
-30.837896,26.568632,0.0,-25.637909,-62.756725,0.0
-82.296074,18.693098,0.0,-33.77039,-78.984726,0.0
34.286198,-95.0135,0.0,-52.874447,-58.385662,0.0
-43.434486,99.96807,0.0,10.592755,-98.01015,0.0
-80.64099,56.20929,0.0,-22.138624,82.32688,0.0
69.865974,54.782337,0.0,-74.4324,51.822044,0.0
-18.074219,-37.7565,0.0,35.424133,21.155846,0.0
-47.27812,-1.9970863,0.0,67.773094,-33.73448,0.0
31.214952,-33.832973,0.0,-61.57927,-87.06499,0.0
79.75944,0.8972418,0.0,-10.56514,63.605026,0.0
-51.43491,68.52258,0.0,92.81451,75.01242,0.0
83.68275,-27.982649,0.0,49.27759,-37.070793,0.0
70.05376,95.88224,0.0,-33.974983,5.348959,0.0
-4.329534,-91.606094,0.0,-96.734604,-82.15691,0.0
95.31526,26.67232,0.0,-47.522247,-83.003265,0.0
29.97039,91.126236,0.0,-95.519516,38.14753,0.0
68.72028,-29.321712,0.0,42.27099,32.56528,0.0
49.12875,-81.197525,0.0,-81.07131,96.47827,0.0
-47.07789,95.441826,0.0,7.158862,18.328684,0.0
53.3356,56.717476,0.0,19.673922,-70.27809,0.0
65.890396,83.31731,0.0,57.006767,91.19716,0.0
64.573616,58.842094,0.0,-94.34073,-52.14353,0.0
44.51004,-4.083345,0.0,-54.379665,42.898373,0.0
-44.792492,-5.4104757,0.0,0.6119924,-68.104294,0.0
-29.199602,15.379259,0.0,75.88505,30.36963,0.0
8.606808,67.83347,0.0,-87.373825,-77.36392,0.0
2.721875,82.65488,0.0,-8.412645,-80.010765,0.0
93.710945,-0.14635259,0.0,79.45059,38.62964,0.0
38.904896,7.2762513,0.0,20.799786,51.02536,0.0
-60.01486,-59.815125,0.0,-81.03014,-58.307472,0.0
-32.676167,-92.72453,0.0,-81.9712,-97.52228,0.0
96.44617,-41.675133,0.0,63.564987,72.57509,0.0
-2.1370246,79.69046,0.0,-67.208305,-48.884613,0.0
79.31043,79.30393,0.0,-31.80452,6.434768,0.0
-37.009933,-99.12575,0.0,57.917797,-28.705643,0.0
-73.359566,-73.803505,0.0,85.987434,-81.0439,0.0
43.915997,28.160238,0.0,-63.29424,-11.280903,0.0
80.0408,29.999939,0.0,33.843277,-68.46534,0.0
-5.294128,73.19111,0.0,67.169586,61.336826,0.0
83.60897,64.487686,0.0,45.719875,-22.528782,0.0
-39.57108,-67.586266,0.0,85.558075,-20.427176,0.0
25.144796,-36.794582,0.0,-29.861567,-61.180454,0.0
-13.64513,94.466484,0.0,51.97487,-35.70281,0.0
-58.98002,38.807297,0.0,29.51842,-20.064863,0.0
61.010967,61.061592,0.0,95.44319,-45.168304,0.0
21.70052,94.375946,0.0,-62.7955,-57.437862,0.0
-33.57728,12.325079,0.0,42.472996,-38.6301,0.0
-83.580246,6.8805404,0.0,50.43905,81.67221,0.0
82.4257,97.48267,0.0,67.37834,-72.50508,0.0
-32.07435,-14.210242,0.0,-39.882683,8.543325,0.0
-53.66066,23.301512,0.0,-92.709366,27.702421,0.0
-68.34287,-76.553635,0.0,-53.701267,-24.467672,0.0
91.01347,74.18225,0.0,-53.508934,-65.06414,0.0
-75.180626,-16.01849,0.0,-61.153416,-16.888092,0.0
50.940697,-50.670475,0.0,1.8791527,24.127165,0.0
56.766136,-77.79714,0.0,-36.1221,-84.694466,0.0
-75.51403,63.988388,0.0,86.20458,72.740685,0.0
97.386604,-76.864975,0.0,-83.62804,32.915188,0.0
4.036435,-33.099213,0.0,-66.60361,-50.77586,0.0
-56.274208,-30.220768,0.0,4.360891,17.222013,0.0
94.61728,6.632993,0.0,75.42428,29.420088,0.0
-25.347656,77.74321,0.0,-9.372734,-36.95227,0.0
84.804855,57.218365,0.0,-11.508843,9.493895,0.0
68.65561,-63.893726,0.0,-62.956448,-66.46278,0.0
81.927826,42.56793,0.0,-38.54439,89.518005,0.0
-4.270592,50.60859,0.0,-84.85372,-9.991316,0.0
-35.18636,-42.808105,0.0,-90.17607,0.6405203,0.0
80.61793,-78.45125,0.0,-19.176277,-28.960949,0.0
3.4931164,68.672226,0.0,-12.746572,-13.331592,0.0
8.627299,92.246605,0.0,63.647346,-77.59048,0.0
1.3599421,-91.81845,0.0,-15.094028,97.598656,0.0
49.095646,29.773098,0.0,-44.40745,58.44174,0.0
-36.09901,-35.795177,0.0,-56.201065,-58.03994,0.0
58.14613,-68.926765,0.0,-24.346024,-34.96136,0.0
-28.404512,-95.26711,0.0,-37.728317,-61.292633,0.0
39.70551,-80.10165,0.0,-82.29589,46.319614,0.0
-52.74384,-48.75261,0.0,-25.275942,20.550238,0.0
-34.094193,53.835945,0.0,-65.65525,69.16921,0.0
98.55067,18.853003,0.0,-12.45393,6.746495,0.0
-78.57504,42.014137,0.0,77.80985,-28.530201,0.0
69.86209,99.63678,0.0,81.37121,47.535324,0.0
45.851097,8.433368,0.0,71.301476,43.506577,0.0
81.49821,53.87751,0.0,45.039097,93.78628,0.0
61.43584,-53.431416,0.0,58.726547,-79.67846,0.0
-0.545101,-83.9689,0.0,-18.732714,-4.3639574,0.0
9.101192,-31.77968,0.0,-29.471563,14.793362,0.0
-40.001488,1.4685103,0.0,-30.664904,-23.145346,0.0
73.03306,67.42472,0.0,86.35075,59.502895,0.0
-35.690365,-57.604202,0.0,89.71444,-35.181656,0.0
48.09573,6.565796,0.0,-19.30874,22.637732,0.0
-85.58165,93.41889,0.0,4.2036686,-73.52838,0.0
78.127235,51.849857,0.0,64.675476,54.397163,0.0
-2.0157917,20.99684,0.0,90.577545,71.41311,0.0
-20.707554,24.37306,0.0,-96.37627,-62.351448,0.0
79.23675,-8.044102,0.0,76.093506,41.801537,0.0
10.149385,-74.03771,0.0,-85.662155,-98.20158,0.0
40.291443,-84.44426,0.0,14.310923,-23.402899,0.0
82.32171,53.00583,0.0,98.86044,62.471615,0.0
-53.384304,-52.027225,0.0,-3.8466656,6.242535,0.0
-90.60814,31.891293,0.0,1.1334283,63.50154,0.0
-59.253326,-76.50364,0.0,86.9189,98.72488,0.0
14.187156,-91.49501,0.0,48.317078,7.298745,0.0
-52.537167,-12.480451,0.0,71.21906,-66.51541,0.0
27.410183,-73.838356,0.0,96.920235,84.178474,0.0
76.58255,-76.82836,0.0,-55.145145,99.10402,0.0
-74.63519,-21.651508,0.0,-67.467834,46.87314,0.0
35.069157,29.479906,0.0,38.531433,-18.927742,0.0
52.982548,32.23957,0.0,-69.53974,-6.369073,0.0
-92.320076,8.419134,0.0,-83.72984,-31.666264,0.0
-48.478558,-88.09506,0.0,-77.10247,-23.232224,0.0
-86.381065,-22.636541,0.0,-89.675865,-3.4661734,0.0
-40.45588,-92.68247,0.0,53.977177,29.588371,0.0
-93.038666,-57.808884,0.0,82.73443,-44.295574,0.0
-17.139708,72.63522,0.0,-17.938366,62.858444,0.0
-92.03322,-23.94725,0.0,-7.762222,80.95299,0.0
-7.113241,15.940204,0.0,34.196873,-55.738453,0.0
-35.323696,2.2656064,0.0,38.65764,6.5466084,0.0
-36.17021,-16.547588,0.0,-35.65843,-96.509865,0.0
96.23141,-66.83422,0.0,56.453766,-27.163742,0.0
20.303837,66.57968,0.0,89.43295,92.32475,0.0
-53.865112,-32.77603,0.0,90.936325,-87.07187,0.0
-45.49828,17.022802,0.0,-62.930504,-99.76281,0.0
-75.8637,98.90464,0.0,59.81411,-69.395035,0.0
-3.0570238,53.79626,0.0,11.3517475,-36.385113,0.0
-57.84275,78.41306,0.0,53.774155,84.03561,0.0
27.800333,64.16167,0.0,93.60437,-54.808212,0.0
44.22499,-18.582916,0.0,-91.22546,77.42628,0.0
-33.136814,-49.713608,0.0,95.934166,13.142047,0.0
-1.2104812,-66.10114,0.0,-27.769083,95.53489,0.0
-43.122715,75.52979,0.0,7.599213,88.182175,0.0
-48.177383,45.665333,0.0,43.184544,94.27891,0.0
-20.471066,76.26958,0.0,-39.96295,-0.8230558,0.0
59.53047,-69.11673,0.0,-7.7949023,-89.29383,0.0
-92.34717,74.485306,0.0,50.44054,-53.603233,0.0
34.20249,29.137064,0.0,11.88042,-90.844734,0.0
17.425016,-62.68219,0.0,-47.66331,-1.0492153,0.0
60.22213,-85.49621,0.0,-78.14319,16.117203,0.0
17.527294,58.41037,0.0,-72.65226,-87.26343,0.0
42.220932,-92.96426,0.0,21.113491,-33.734688,0.0
-17.660728,57.42662,0.0,0.19845083,75.63195,0.0
-67.515724,-33.124783,0.0,37.448185,32.31534,0.0
-6.597137,-93.44956,0.0,-61.455696,38.649,0.0
87.373184,60.914635,0.0,-75.54129,-43.36411,0.0
0.517296,-18.356415,0.0,-34.1028,-70.36318,0.0
51.274704,16.706974,0.0,-49.25355,-75.831215,0.0
81.12877,-91.31925,0.0,29.645517,-28.60756,0.0
-33.811893,78.60728,0.0,35.41412,-92.71042,0.0
-56.25804,-63.432446,0.0,65.1422,-42.858486,0.0
19.215376,64.28239,0.0,3.9074984,84.05958,0.0
-65.84726,87.85644,0.0,81.09238,33.919437,0.0
39.64867,29.519209,0.0,67.96901,-46.522366,0.0
-68.94946,34.365826,0.0,-55.981876,-7.2300277,0.0
-6.7215824,1.4290524,0.0,-59.039364,34.471817,0.0
46.11085,-73.049385,0.0,-84.78537,-83.50957,0.0
-40.93393,49.122437,0.0,76.96028,-51.143303,0.0
-49.387714,64.69236,0.0,-79.75053,-48.66904,0.0
32.266438,-77.54105,0.0,-21.54291,48.19865,0.0
33.27734,-21.620567,0.0,-86.59211,14.627748,0.0
-68.475105,0.04772992,0.0,-5.779836,1.0391128,0.0
-11.505203,-81.47629,0.0,-91.21532,4.3524003,0.0
66.79283,-41.207565,0.0,-85.919014,26.456743,0.0
61.816933,-20.003374,0.0,42.96377,-25.6646,0.0
61.713104,42.01068,0.0,-54.520573,-88.45373,0.0
-80.8083,98.73961,0.0,23.633709,-82.485435,0.0
9.99071,72.262314,0.0,-12.107561,-5.623171,0.0
-44.782192,-27.617516,0.0,26.07506,67.4713,0.0
-89.89697,-92.71765,0.0,-98.12947,-40.788616,0.0
-44.233494,-53.938084,0.0,49.791145,-41.09006,0.0
-73.189476,-4.131982,0.0,96.77018,78.21046,0.0
73.69164,-20.545527,0.0,-5.65784,22.698181,0.0
55.17143,-81.41306,0.0,-15.993035,-9.932356,0.0
29.20958,-69.71808,0.0,-75.118935,94.140305,0.0
91.56706,70.92349,0.0,-53.90103,-34.486744,0.0
18.783264,53.690426,0.0,66.652596,39.847233,0.0
-32.396626,-72.24873,0.0,-77.38097,-1.6571473,0.0
-97.29038,48.6938,0.0,43.330395,-71.77516,0.0
-90.295425,-64.63328,0.0,86.81819,61.178436,0.0
-64.50462,23.73451,0.0,-29.83157,-93.22306,0.0
-61.433407,-12.848547,0.0,42.88916,-50.14452,0.0
60.92361,91.63237,0.0,23.43976,-14.457877,0.0
-88.53964,-27.68271,0.0,66.37992,75.93655,0.0
13.183211,52.491947,0.0,-68.61644,-0.7828473,0.0
-95.32919,82.09454,0.0,58.617638,20.628868,0.0
-99.100464,-4.948163,0.0,33.27894,-21.652796,0.0
9.024424,19.936295,0.0,87.11583,50.07528,0.0
57.521107,96.10175,0.0,-17.188177,75.2881,0.0
-12.005327,-31.706469,0.0,-77.018074,-28.618319,0.0
-83.607216,14.978505,0.0,92.11985,31.01068,0.0
47.83057,-95.340645,0.0,6.6460567,67.789856,0.0
17.484322,83.662994,0.0,71.50404,19.06058,0.0
91.68076,-49.450294,0.0,80.76273,89.51057,0.0
-75.07065,1.4950817,0.0,80.64722,88.78697,0.0
32.88265,-59.826393,0.0,42.054554,67.97135,0.0
-59.611317,-65.80641,0.0,31.729187,85.68792,0.0
93.88863,-82.644035,0.0,38.86989,48.962063,0.0
-5.265107,77.66842,0.0,-76.536865,-95.880226,0.0
43.967506,9.778439,0.0,90.85535,59.629936,0.0
22.36351,-66.42626,0.0,42.273643,95.31612,0.0
97.952286,85.122505,0.0,-89.868004,91.18681,0.0
53.313847,-44.0485,0.0,-54.32634,8.649491,0.0
58.35399,30.732138,0.0,19.164597,-93.173965,0.0
73.95331,57.696136,0.0,-56.101376,91.81842,0.0
-0.6603676,94.391464,0.0,-56.21356,55.66913,0.0
-89.62434,-94.208115,0.0,-99.46432,-91.52085,0.0
30.467718,86.693695,0.0,91.11121,47.509373,0.0
46.027573,50.489754,0.0,-68.71512,-39.3317,0.0
-9.008622,50.69512,0.0,-73.50587,9.383103,0.0
-9.278833,-88.8998,0.0,17.41025,18.364136,0.0
-7.6375046,-34.401337,0.0,-44.92807,-34.72471,0.0
-93.68015,24.279362,0.0,-37.152264,43.752277,0.0
-68.207985,-79.32749,0.0,37.589626,-83.20681,0.0
-7.943239,-3.3677099,0.0,-68.59678,29.494843,0.0
-35.341835,-84.26081,0.0,65.076996,53.96014,0.0
67.73169,-94.9804,0.0,66.500984,-61.05119,0.0
-33.940876,74.45657,0.0,83.46678,89.597244,0.0
29.368063,76.082,0.0,-42.836628,-73.74402,0.0
-31.852749,-54.84769,0.0,-71.141914,-2.2905657,0.0
95.55232,-71.961655,0.0,94.36763,-43.95678,0.0
66.39034,-97.59394,0.0,-48.70907,-63.836533,0.0
20.223433,-86.1951,0.0,14.4124155,66.198326,0.0
-17.722239,-0.270311,0.0,-26.715982,-71.28465,0.0
43.602352,67.416466,0.0,-13.94039,96.40716,0.0
-96.19355,-78.98288,0.0,-28.10331,-69.028,0.0
-46.664265,-36.27626,0.0,66.41148,44.88976,0.0
-57.008987,99.04292,0.0,53.901722,13.52699,0.0
-87.13494,-35.694016,0.0,-29.71747,61.911964,0.0
62.36588,-26.741457,0.0,41.61965,-79.26808,0.0
-45.448414,-8.642245,0.0,76.450516,92.78582,0.0
-5.1041965,66.57387,0.0,28.625927,-63.049446,0.0
84.564,74.9475,0.0,19.78904,-68.41419,0.0
25.73594,-31.041521,0.0,-57.644474,-62.75189,0.0
-57.24223,-17.547386,0.0,-48.67828,24.801804,0.0
-40.38999,97.18339,0.0,23.17462,-28.054476,0.0
-68.861206,49.99245,0.0,20.87342,-60.465504,0.0
-67.94247,-98.6761,0.0,-92.66297,91.241745,0.0
-49.707897,33.052807,0.0,-17.864922,82.82779,0.0
45.923862,-14.585532,0.0,-76.023895,58.34289,0.0
-27.465649,-77.13348,0.0,7.3626704,-35.5239,0.0
-79.03547,71.658264,0.0,-38.04708,94.25949,0.0
-91.4226,87.46532,0.0,-82.40429,-92.769775,0.0
44.18333,-99.315605,0.0,98.53668,87.55636,0.0
-32.274067,0.051341925,0.0,71.128815,89.812965,0.0
84.92451,-8.395253,0.0,45.026676,5.5658207,0.0
64.17921,-21.35679,0.0,-67.89985,-97.94543,0.0
-68.730705,4.5572724,0.0,63.332832,-54.254875,0.0
80.65563,1.5432417,0.0,-60.129494,-90.64292,0.0
-3.4696684,-25.766054,0.0,33.33734,-42.701664,0.0
-76.731544,-9.847408,0.0,88.65473,5.943874,0.0
-14.347024,-84.49375,0.0,-91.24122,-15.275786,0.0
-94.05225,83.98583,0.0,-45.64945,19.67583,0.0
86.227585,-89.62055,0.0,18.720669,12.846318,0.0
72.67482,-80.52659,0.0,22.83017,15.466345,0.0
-28.413841,-98.63791,0.0,-83.67041,-66.4481,0.0
-98.1197,98.48406,0.0,5.800377,-38.194885,0.0
-38.442112,24.690058,0.0,-97.00493,34.02435,0.0
68.283104,-91.50975,0.0,56.11518,-83.27555,0.0
34.336597,-18.739162,0.0,99.69333,-41.67462,0.0
6.7963247,64.87538,0.0,-77.742905,58.575096,0.0
58.45288,-95.53341,0.0,-35.385223,-60.699997,0.0
-72.07782,-69.348816,0.0,-9.224226,-34.649334,0.0
68.06962,-80.582344,0.0,27.684177,67.256035,0.0
-46.377632,45.437515,0.0,23.87377,-62.210342,0.0
-47.622684,-32.226997,0.0,42.66891,-14.202423,0.0
17.632732,45.883305,0.0,-1.1775813,-64.80668,0.0
99.69971,-19.760548,0.0,-44.916557,41.543823,0.0
-2.509193,98.626305,0.0,-0.5533888,-20.53083,0.0
-53.778854,55.338383,0.0,85.67228,-30.242348,0.0
-25.574852,46.243706,0.0,14.616593,86.26697,0.0
-98.017975,75.08013,0.0,33.431297,47.6256,0.0
-15.497455,90.65356,0.0,-44.158955,10.08981,0.0
61.67218,46.763454,0.0,79.83947,67.66297,0.0
50.569668,12.117383,0.0,36.684414,15.369811,0.0
28.22863,-79.89944,0.0,38.31232,-80.18666,0.0
-3.3809967,-84.57566,0.0,-55.447277,95.05535,0.0
82.92098,-55.804733,0.0,3.0844324,-25.198877,0.0
21.20158,-35.093666,0.0,-15.848801,69.64045,0.0
-37.45807,-33.932915,0.0,92.210335,-6.8452992,0.0
-81.54094,24.616089,0.0,-77.71744,-57.820896,0.0
20.975351,72.94453,0.0,-8.605637,4.4095006,0.0
-38.910885,44.2063,0.0,23.35635,-31.237606,0.0
-82.65455,-61.309753,0.0,39.4049,35.11246,0.0
-19.331907,56.957703,0.0,-77.60897,3.2203152,0.0
68.80191,-88.50088,0.0,-25.101273,-34.395447,0.0
81.515144,-88.60943,0.0,-58.859142,-4.6189175,0.0
78.357285,41.06554,0.0,-34.370197,35.01837,0.0
-61.373726,-7.0736833,0.0,65.03774,29.850687,0.0
1.706916,46.589325,0.0,-95.50483,-88.85,0.0
-78.45151,58.875725,0.0,-33.691116,73.64997,0.0
76.70356,-42.97301,0.0,87.41595,-5.5053706,0.0
53.767773,27.744905,0.0,-57.0685,89.63687,0.0
-67.4418,19.042568,0.0,-69.90555,93.61527,0.0
-3.5675607,75.11835,0.0,60.091133,-40.659676,0.0
-63.762104,-34.53193,0.0,-60.712334,-23.253418,0.0
81.89541,-3.3304157,0.0,68.76314,49.382755,0.0
-0.61993873,-34.18861,0.0,-35.07315,-36.735905,0.0
-87.794304,-62.325493,0.0,-10.023033,-69.356415,0.0
98.19916,-26.99034,0.0,-2.130291,89.1141,0.0
-93.71436,65.06567,0.0,-13.309199,4.6398325,0.0
43.05057,94.150246,0.0,74.95781,73.73983,0.0
37.223873,37.39249,0.0,84.42552,-21.629795,0.0
41.12396,15.468343,0.0,77.94707,40.061268,0.0
-2.9173853,-65.23185,0.0,36.725494,73.42691,0.0
-74.89561,-77.996994,0.0,87.064156,-74.76875,0.0
-18.464174,-9.556249,0.0,-70.99599,3.243024,0.0
64.58123,31.361246,0.0,-40.194973,-9.51419,0.0
-22.860987,45.89477,0.0,-75.41326,-29.900753,0.0
57.893326,70.107544,0.0,6.8880234,96.72902,0.0
50.685097,14.435334,0.0,-60.48994,16.385216,0.0
-45.329178,80.40053,0.0,-86.68835,-39.694813,0.0
36.79715,-86.8703,0.0,-44.82242,7.973707,0.0
-22.52541,95.07332,0.0,71.256134,13.239212,0.0
68.0856,-88.66626,0.0,37.90028,-32.878773,0.0
46.32685,53.65017,0.0,-15.506461,-78.77236,0.0
89.8957,-9.982668,0.0,85.35819,-10.137218,0.0
-68.45192,-80.39346,0.0,79.49079,-20.577036,0.0
-18.050957,-77.39086,0.0,97.3939,10.178572,0.0
-24.827774,-74.28678,0.0,-56.178253,-12.070172,0.0
2.3612757,-22.586134,0.0,-15.841088,-81.552666,0.0
-78.27382,32.006603,0.0,-15.168074,54.546482,0.0
83.582596,90.72017,0.0,88.882324,-12.460158,0.0
35.614548,-47.665073,0.0,-47.61837,76.44876,0.0
93.96086,-99.56862,0.0,26.83466,57.98525,0.0
-79.07679,69.22635,0.0,-34.93973,30.912678,0.0
-49.820362,65.63523,0.0,-31.38684,-12.206337,0.0
-25.408457,-70.19041,0.0,45.64251,-69.44469,0.0
38.687916,-18.058025,0.0,76.070244,-73.19311,0.0
32.54801,-91.374535,0.0,-24.375164,-64.17765,0.0
-86.10227,5.638334,0.0,46.119865,28.18484,0.0
30.45463,-44.0301,0.0,47.889374,-57.819683,0.0
91.05502,-70.64205,0.0,93.58337,-22.88048,0.0
2.5054677,22.020609,0.0,62.355106,-44.350464,0.0
6.545026,-65.70962,0.0,41.506477,-24.093542,0.0
41.19287,41.14456,0.0,-91.481995,-14.471711,0.0
27.86412,2.913776,0.0,60.060154,-34.936146,0.0
-93.26611,0.3195241,0.0,6.021101,52.31253,0.0
73.64706,9.05555,0.0,-83.053764,-41.98022,0.0
40.616806,34.55682,0.0,85.89796,59.804802,0.0
4.784193,50.417416,0.0,53.29876,-57.114758,0.0
-70.91556,71.28596,0.0,-62.153225,11.984177,0.0
-66.12331,-27.074785,0.0,-41.981934,89.48196,0.0
56.02105,-44.112335,0.0,-76.59647,9.343681,0.0
-88.96898,84.09223,0.0,-40.65898,82.45252,0.0
27.70293,15.888789,0.0,78.29801,5.122585,0.0
-60.749573,-78.76264,0.0,47.71766,32.61536,0.0
-57.00782,84.37726,0.0,-31.80627,-83.67468,0.0
58.929348,-93.70072,0.0,-38.581665,94.67384,0.0
-10.515683,14.320776,0.0,-73.311295,-8.621662,0.0
-93.530045,74.12703,0.0,71.15008,-25.875568,0.0
96.11393,-49.895252,0.0,-95.93057,-31.365147,0.0
54.61067,-96.777145,0.0,28.144497,-91.46334,0.0
-46.141163,43.398796,0.0,-15.053117,-16.947956,0.0
-63.085094,39.909973,0.0,-75.216545,91.32231,0.0
19.048262,-72.48554,0.0,80.47941,-80.19283,0.0
46.117634,-74.632706,0.0,-39.539078,94.566376,0.0
-39.880672,-82.018906,0.0,45.76179,-23.420172,0.0
48.207428,73.33018,0.0,-35.335663,42.47595,0.0
-13.120944,79.57396,0.0,-58.983154,-76.41913,0.0
-53.565586,19.485867,0.0,-99.497574,40.94016,0.0
87.018295,77.37301,0.0,-39.8971,28.263647,0.0
-5.6865134,17.411957,0.0,51.315662,-79.21722,0.0
5.34854,-81.50969,0.0,-20.583477,20.329311,0.0
62.240986,-74.12133,0.0,-42.448666,-50.675217,0.0
-45.873486,34.26605,0.0,-83.30825,-78.727394,0.0
45.378613,-29.631952,0.0,49.039845,24.575525,0.0
39.96383,-61.277157,0.0,31.891357,-72.210976,0.0
-50.631382,20.42891,0.0,-44.083668,28.229137,0.0
-68.1866,-29.020111,0.0,48.303215,34.804382,0.0
-1.5468637,19.313015,0.0,-82.00977,-81.493774,0.0
-35.138214,53.303345,0.0,-29.127214,-65.86844,0.0
-79.410774,43.80457,0.0,-50.211296,-35.112354,0.0
52.988674,-51.993248,0.0,-59.41625,-50.077423,0.0
59.228237,36.3524,0.0,32.03474,-57.9392,0.0
35.63647,-99.22622,0.0,89.37701,82.75767,0.0
-16.027332,-33.31174,0.0,-95.23324,91.0537,0.0
-53.60334,-27.246647,0.0,5.427199,-20.924221,0.0
-61.23718,-53.99753,0.0,51.76621,46.063484,0.0
44.03543,-72.565445,0.0,25.60871,-62.298134,0.0
-3.0035954,91.81944,0.0,71.424995,58.716465,0.0
-18.314814,20.403278,0.0,-67.47423,11.2192135,0.0
-72.78713,3.7032306,0.0,-35.16895,-24.724653,0.0
59.87022,-36.439926,0.0,59.719112,-32.300625,0.0
-59.05291,-39.070713,0.0,32.036037,82.53142,0.0
47.139862,-36.130844,0.0,-97.06136,-36.29121,0.0
-33.347954,-4.524671,0.0,-86.12493,-33.223793,0.0
0.64093685,53.746956,0.0,75.5091,-79.243614,0.0
21.59514,83.45089,0.0,48.85152,11.888895,0.0
59.41744,17.7561,0.0,-98.75883,76.2147,0.0
-47.102135,68.72452,0.0,-2.3132858,-73.13762,0.0
68.22406,-89.61854,0.0,32.451534,33.097946,0.0
-81.33211,69.16045,0.0,-71.513596,-90.29683,0.0
-83.35514,76.492836,0.0,-11.891117,-2.3530123,0.0
-17.904928,61.37046,0.0,71.61222,-94.31207,0.0
-59.461765,-94.894226,0.0,-76.06186,-37.176632,0.0
-91.09351,91.05611,0.0,60.239788,-51.929604,0.0
49.452084,31.294155,0.0,82.89707,48.610714,0.0
64.28468,7.748744,0.0,-50.101284,-55.51922,0.0
-87.545135,6.6793056,0.0,91.047516,16.46623,0.0
90.64573,48.84524,0.0,72.492546,-23.229357,0.0
46.113792,-42.258495,0.0,-79.119064,-54.283806,0.0
30.236303,-34.592045,0.0,-61.117115,63.90023,0.0
77.96495,-55.824287,0.0,28.54793,88.40081,0.0
44.663063,-84.508415,0.0,-78.54495,88.87976,0.0
-50.68767,76.612915,0.0,44.277733,-40.665745,0.0
-79.48857,85.863144,0.0,-26.827036,54.65376,0.0
45.13027,-44.94915,0.0,-79.72219,-73.12537,0.0
-97.03784,83.98458,0.0,-92.21027,-34.42702,0.0
10.590139,-66.44385,0.0,51.460392,59.217335,0.0
42.410027,9.310572,0.0,-47.427868,74.06153,0.0
-69.63845,-28.017946,0.0,-64.886444,-95.657234,0.0
-68.83782,64.57029,0.0,25.406296,-93.79941,0.0
16.791231,90.16961,0.0,-94.52315,-62.75767,0.0
13.172722,63.986492,0.0,31.268595,-43.9731,0.0
-76.06193,-53.86638,0.0,-75.25352,61.594215,0.0
87.38607,42.83678,0.0,-86.147354,-24.714659,0.0
-37.952408,13.298352,0.0,-68.81286,35.722397,0.0
-19.959915,61.29953,0.0,-90.14884,0.9845994,0.0
88.95759,14.837697,0.0,99.98122,-91.404274,0.0
30.522709,44.057087,0.0,-4.5181894,59.646255,0.0
50.821743,-83.713646,0.0,82.639626,-19.126066,0.0
35.91582,27.52642,0.0,80.03451,8.703004,0.0
-96.90841,-10.546123,0.0,-40.77728,-93.12612,0.0
86.19319,39.433666,0.0,-73.9612,-32.6809,0.0
34.64111,-2.5711026,0.0,-64.998535,-79.721214,0.0
-60.773903,45.38205,0.0,-55.660954,57.71839,0.0
68.55957,-21.379421,0.0,-74.41485,4.796566,0.0
-88.07652,15.556688,0.0,80.887695,-17.30581,0.0
81.97357,-97.04843,0.0,-78.5361,29.039173,0.0
-46.47959,-61.136932,0.0,-64.613144,37.845924,0.0
-5.218998,-28.714235,0.0,15.886472,14.947496,0.0
-38.101944,-62.844555,0.0,-1.491865,69.73232,0.0
27.815794,55.046894,0.0,-94.21223,98.63298,0.0
39.028908,-19.136244,0.0,38.487232,98.2512,0.0
32.30742,-45.61996,0.0,-81.416664,-70.500496,0.0
-97.17413,47.597065,0.0,23.09338,-94.41724,0.0
-77.74021,-10.987222,0.0,-35.687275,-97.7687,0.0
86.46466,34.965,0.0,-43.43837,-97.632034,0.0
-55.543743,30.648228,0.0,-17.507896,85.13699,0.0
64.73785,6.463086,0.0,31.534664,-4.3751388,0.0
-27.63056,71.14925,0.0,-49.819088,-34.800423,0.0
9.406587,24.214144,0.0,11.76672,68.62496,0.0
41.361084,63.10378,0.0,75.8977,-22.922369,0.0
47.458107,-4.3561945,0.0,-74.72806,17.504665,0.0
-34.14968,28.067398,0.0,-48.94328,25.768776,0.0
-50.877853,-64.882904,0.0,21.147131,80.49964,0.0
7.04847,-95.51195,0.0,-24.769598,-70.39556,0.0
-86.48535,97.989815,0.0,43.88006,47.851437,0.0
-8.74585,6.222787,0.0,48.84016,-17.686247,0.0
-44.663185,77.454254,0.0,7.251438,-68.267944,0.0
-73.446846,43.70868,0.0,-33.49865,-82.853264,0.0
34.65414,-38.63341,0.0,-9.92557,21.883497,0.0
-63.07351,-31.578474,0.0,-14.008474,66.189835,0.0
-9.205855,-73.496574,0.0,-31.594477,-48.356174,0.0
6.2858834,56.69245,0.0,11.101067,98.80713,0.0
-61.4727,-54.482487,0.0,-14.055192,-37.74717,0.0
24.62538,68.07517,0.0,25.357445,-93.02886,0.0
-77.56029,66.70692,0.0,16.803843,-70.76693,0.0
-61.11717,-44.63244,0.0,-59.65318,-34.738384,0.0
95.0278,32.884975,0.0,70.270226,-55.686092,0.0
22.017786,47.241478,0.0,-76.156425,-67.34727,0.0
-62.90977,35.106724,0.0,-84.24782,-15.249048,0.0
81.81037,-31.350317,0.0,-61.27259,-33.35354,0.0
73.28815,96.82158,0.0,-9.793106,-39.287907,0.0
98.00931,-20.40076,0.0,57.76937,-57.89088,0.0
35.263725,83.89128,0.0,-54.226448,-70.90078,0.0
49.563866,-10.603998,0.0,-20.369333,-96.59307,0.0
97.43063,-80.56036,0.0,-72.502205,-90.248924,0.0
-7.9158936,-64.884544,0.0,76.97272,-65.52891,0.0
98.45032,-44.84063,0.0,16.560612,61.458702,0.0
87.98064,-81.93822,0.0,-14.074145,-67.81173,0.0
-30.415094,93.933266,0.0,10.460066,-34.399727,0.0
28.20126,-85.54471,0.0,-35.84715,18.948442,0.0
-85.91147,87.079834,0.0,-98.71521,21.657898,0.0
-27.085756,-39.27656,0.0,26.041658,-80.5369,0.0
83.38313,30.614372,0.0,-23.588541,-70.523155,0.0
-41.623917,-0.1644424,0.0,59.070557,-84.30094,0.0
77.94581,35.062843,0.0,-34.70893,6.980295,0.0
99.543785,-15.642484,0.0,49.634724,-79.18351,0.0
22.128553,-76.14996,0.0,84.80691,-84.465515,0.0
38.87135,29.79515,0.0,92.82731,-63.311913,0.0
-97.26843,-3.6635363,0.0,-88.83236,95.5447,0.0
7.881747,78.64686,0.0,-82.89529,-22.532984,0.0
-63.610786,-11.480427,0.0,65.61428,-65.677185,0.0
-82.49537,-63.065426,0.0,-94.02106,-43.26751,0.0
-61.420975,-30.800333,0.0,43.06387,3.315049,0.0
72.083984,85.659256,0.0,-79.57218,-21.493822,0.0
78.844864,-64.617134,0.0,83.861244,-57.262928,0.0
37.405457,-28.281027,0.0,-98.3902,-12.974048,0.0
93.138,-90.3087,0.0,-41.89487,40.219826,0.0
-24.473576,62.06462,0.0,95.144646,18.046427,0.0
33.586243,-61.680973,0.0,96.57767,-64.514786,0.0
43.506927,-39.363667,0.0,-70.03259,80.36507,0.0
-56.946243,43.74079,0.0,-83.04388,14.664738,0.0
88.337845,-60.06806,0.0,-91.86004,-2.3580072,0.0
-0.029986413,73.62181,0.0,23.470682,49.64885,0.0
-31.827112,-20.920137,0.0,97.55557,26.614527,0.0
80.08512,-4.9321117,0.0,-89.58664,66.24637,0.0
-10.028398,19.864185,0.0,13.4081545,22.796885,0.0
-49.02796,55.98537,0.0,50.471714,-48.858128,0.0
-9.710128,75.980934,0.0,56.615818,80.87074,0.0
18.52044,-83.55063,0.0,46.188038,14.541943,0.0
89.23333,48.71552,0.0,-54.643173,70.98511,0.0
27.007742,-89.02545,0.0,-38.24758,-97.124435,0.0
-44.24345,-44.713673,0.0,66.77625,-70.43324,0.0
36.6538,-0.084733985,0.0,-61.27893,-34.39023,0.0
94.381134,43.465553,0.0,66.80846,-97.37332,0.0
92.80568,30.613205,0.0,56.574787,-34.898018,0.0
43.651634,-97.70132,0.0,-7.1919346,-31.377806,0.0
96.53185,18.157986,0.0,18.66158,58.77832,0.0
-12.369396,-60.418465,0.0,70.455986,-24.06144,0.0
-56.790783,-69.17152,0.0,68.56206,-74.2501,0.0
18.371752,11.064133,0.0,-51.30775,-31.830393,0.0
-7.723715,71.059364,0.0,20.075745,10.352948,0.0
-17.743107,59.426285,0.0,-69.38642,62.604473,0.0
-43.536564,-66.15899,0.0,73.22482,88.07244,0.0
-48.594925,-46.775932,0.0,73.059715,-42.758858,0.0
-97.10379,-69.6891,0.0,77.35044,-21.646961,0.0
48.382435,-48.969585,0.0,53.421947,21.02212,0.0
23.741964,-96.44247,0.0,-89.61069,-51.004333,0.0
-44.390034,62.678745,0.0,-53.650063,25.14475,0.0
64.368286,58.8322,0.0,94.5152,-69.944084,0.0
-56.64047,-26.543934,0.0,-19.832817,-81.118004,0.0
-99.434906,-51.91824,0.0,-48.520473,-19.71418,0.0
-98.918846,-89.340454,0.0,-66.919586,-52.95637,0.0
39.755337,-29.730858,0.0,38.265984,27.139479,0.0
-68.86964,23.589506,0.0,79.39735,-45.29839,0.0
14.0008,-35.2534,0.0,33.95122,-43.493202,0.0
-67.013176,97.904785,0.0,63.66804,85.49284,0.0
-32.52435,-51.63743,0.0,2.9309175,-88.07216,0.0
-88.6857,0.8456962,0.0,79.75408,-77.83402,0.0
28.161016,80.40456,0.0,32.53721,15.139384,0.0
-65.731995,-64.32635,0.0,-7.7395306,-30.05652,0.0
-56.90131,28.979078,0.0,-73.118774,90.79514,0.0
93.00624,85.493515,0.0,-54.46632,46.012344,0.0
-5.661045,-80.572975,0.0,11.435287,-34.63595,0.0
-98.29937,-55.875217,0.0,-1.6182961,-15.993061,0.0
64.987015,-94.1482,0.0,32.27549,-15.246163,0.0
-95.89432,-15.549514,0.0,-28.205612,76.56185,0.0
23.032019,-75.25725,0.0,-53.43922,-16.794014,0.0
-17.38908,-16.678652,0.0,95.63407,87.42735,0.0
-45.998127,4.198361,0.0,37.9191,74.79406,0.0
-61.096928,48.02707,0.0,-75.61547,-26.058426,0.0
33.2618,38.924446,0.0,-86.21693,-75.89289,0.0
43.214874,-93.09618,0.0,-78.740845,-84.87401,0.0
77.28453,26.045607,0.0,54.59814,-54.107067,0.0
36.63876,-97.86679,0.0,34.760258,68.9049,0.0
95.947395,-83.35564,0.0,-53.24572,-87.18907,0.0
70.598404,-44.513714,0.0,-56.955296,-15.770853,0.0
26.69876,96.98362,0.0,20.56198,-96.08885,0.0
95.84785,21.29915,0.0,11.016311,-64.89193,0.0
38.58982,-55.53736,0.0,-84.58089,-64.59696,0.0
88.9517,80.84237,0.0,-42.211872,44.864777,0.0
-34.719723,-10.089401,0.0,-9.24557,52.879993,0.0
-79.99481,47.445026,0.0,95.13414,97.962494,0.0
-45.527443,-68.30816,0.0,-53.208508,-82.352905,0.0
-61.54929,36.00696,0.0,-99.830345,83.866615,0.0
70.22053,-31.637035,0.0,-67.44524,-65.42201,0.0
-94.68216,17.58059,0.0,-50.10717,-83.22937,0.0
-46.51866,-65.87083,0.0,-46.39339,69.340454,0.0
89.37824,66.268776,0.0,-7.770751,85.669586,0.0
55.40014,7.4062953,0.0,-68.66775,-11.177479,0.0
-62.74996,32.312668,0.0,-1.4943446,-22.674227,0.0
31.214546,-23.448496,0.0,82.79686,88.54348,0.0
88.760765,5.5267315,0.0,57.11358,-24.957542,0.0
46.27862,28.257965,0.0,-0.46603972,-96.1922,0.0
-89.47849,-43.426632,0.0,35.742393,67.22558,0.0
-15.242394,-85.041115,0.0,84.29777,-97.89498,0.0
32.437008,57.926804,0.0,-58.16122,-50.091766,0.0
19.94616,-67.10292,0.0,-30.384047,-42.69191,0.0
-40.09242,-41.19096,0.0,-53.57736,-89.21958,0.0
-88.839966,45.495953,0.0,98.1511,62.287155,0.0
49.31097,-67.11702,0.0,-0.71865755,-71.85827,0.0
-4.317327,-0.3216479,0.0,-91.659004,-72.55204,0.0
-46.0126,94.80676,0.0,-0.7481912,-94.44671,0.0
61.248177,67.071594,0.0,-96.04135,88.55796,0.0
25.146513,78.36993,0.0,-27.415598,-84.91503,0.0
46.132904,22.984346,0.0,-42.04239,18.634964,0.0
12.929898,74.143715,0.0,-9.786437,-23.064571,0.0
30.327843,15.7997055,0.0,86.022255,-82.511604,0.0
-38.24979,19.691513,0.0,-32.81961,61.367413,0.0
-98.30454,-84.21449,0.0,-4.635078,-78.724075,0.0
-93.87512,18.056276,0.0,-34.252323,14.478107,0.0
-34.106167,29.088438,0.0,73.35947,62.073177,0.0
98.66136,-63.51163,0.0,17.75539,-33.306038,0.0
45.672718,89.06432,0.0,66.720695,66.276764,0.0
-84.64362,55.629227,0.0,63.96054,-38.618015,0.0
-4.603321,-22.158274,0.0,77.48492,78.786705,0.0
-2.507965,62.27506,0.0,23.420746,65.52957,0.0
-79.72783,-26.01095,0.0,-93.597565,-13.769063,0.0
-38.640205,69.99142,0.0,-74.03085,-68.465416,0.0
-79.609245,-19.313547,0.0,73.28016,-71.023254,0.0
37.794727,49.997185,0.0,-99.971115,-17.109781,0.0
55.304604,-82.36066,0.0,43.59657,87.060295,0.0
-40.234047,-26.835905,0.0,42.33494,26.305183,0.0
57.013607,-74.04004,0.0,-20.552483,96.94894,0.0
88.21952,-58.055252,0.0,-31.792711,-77.633804,0.0
96.31248,-89.94412,0.0,-41.11841,-11.597088,0.0
-88.36724,98.973274,0.0,-88.443886,39.00705,0.0
-9.534126,-8.171684,0.0,-85.58012,-19.133398,0.0
95.90064,94.01335,0.0,-96.36132,-22.864304,0.0
-30.686289,-21.70238,0.0,6.9819107,-93.8912,0.0
-78.822365,41.719227,0.0,40.81212,6.842063,0.0
-88.33951,98.911995,0.0,96.68665,-72.87939,0.0
87.45627,-83.84988,0.0,-65.29214,-86.98447,0.0
88.84405,44.771847,0.0,-56.686806,-23.752682,0.0
-83.25323,93.89464,0.0,-53.380478,-23.593224,0.0
54.55431,-93.053185,0.0,-38.894894,-63.918957,0.0
93.76847,6.895692,0.0,21.808445,-89.712654,0.0
39.391163,-39.994152,0.0,-81.31731,55.617416,0.0
14.550652,-81.734474,0.0,-59.241234,-93.77828,0.0
78.44638,-61.830124,0.0,93.407295,24.484476,0.0
68.71209,-37.752644,0.0,67.04423,51.68729,0.0
-71.92385,57.901592,0.0,-54.123177,-58.535393,0.0
-14.061667,-14.340167,0.0,60.230465,31.616322,0.0
-83.25713,-6.566203,0.0,45.798817,-87.05731,0.0
76.69407,-7.561411,0.0,-28.798996,58.049847,0.0
-17.037725,-28.25256,0.0,91.76307,13.560308,0.0
-58.592255,52.358646,0.0,-61.14048,56.914616,0.0
52.629852,-56.33056,0.0,71.6981,-36.727715,0.0
45.15702,-40.82563,0.0,-43.037415,15.93428,0.0
38.206345,-70.48168,0.0,-69.21682,-49.18279,0.0
90.62104,92.42987,0.0,-80.44209,-74.999825,0.0
7.9493246,-96.89473,0.0,-62.27448,-67.60002,0.0
11.576167,68.580765,0.0,-70.12791,56.209385,0.0
-42.003994,-52.47609,0.0,47.596867,-91.08766,0.0
25.663166,53.430218,0.0,-8.995867,-89.63426,0.0
92.72442,37.016186,0.0,-1.3716208,-93.84991,0.0
-89.99259,-6.288502,0.0,8.451151,82.29785,0.0
-83.52748,47.231476,0.0,-36.625988,44.881786,0.0
-52.648354,-1.3419251,0.0,45.662086,73.195465,0.0
-26.935026,83.51746,0.0,-49.530617,56.63443,0.0
-54.743774,1.2075878,0.0,-41.872326,98.469635,0.0
-64.70259,-26.158417,0.0,69.863205,74.47979,0.0
-10.47132,12.071344,0.0,-1.9042504,-34.831768,0.0
-59.673412,-75.73154,0.0,-91.78871,52.801804,0.0
31.49995,-69.30884,0.0,-5.4418006,70.92112,0.0
-67.897026,-35.659798,0.0,6.095665,46.590546,0.0
-28.386496,62.09739,0.0,26.118977,18.134901,0.0
-43.73163,97.99562,0.0,-90.53384,33.70603,0.0
-30.237638,-54.084362,0.0,58.182404,-61.88056,0.0
-50.905106,1.3928728,0.0,45.61769,-63.324585,0.0
-38.44068,-11.527234,0.0,-60.707733,89.54828,0.0
34.245796,-9.574207,0.0,-64.26056,42.627605,0.0
-59.96516,64.40439,0.0,62.25464,60.101067,0.0
78.25501,-87.06187,0.0,-77.318245,-69.31064,0.0
80.746,-80.314026,0.0,-79.047226,59.280003,0.0
44.01619,69.1041,0.0,90.972466,98.87456,0.0
21.155483,24.312132,0.0,72.98157,-26.84757,0.0
-82.12069,71.76893,0.0,-20.56035,-73.47921,0.0
31.516651,-31.085419,0.0,-83.37551,70.41748,0.0
-43.48099,-72.55995,0.0,-46.52194,-6.1661825,0.0
-76.6815,-26.00869,0.0,-29.165815,80.57354,0.0
-81.49436,-51.94397,0.0,-73.25617,-73.62462,0.0
-35.79003,81.42012,0.0,-4.873629,85.16157,0.0
-36.445126,-47.73062,0.0,-31.372887,2.97066,0.0
-30.65889,6.1574726,0.0,-2.8161077,71.778046,0.0
-79.2926,37.82915,0.0,-9.835794,56.452915,0.0
56.165394,-22.225899,0.0,-19.403522,94.535835,0.0
-40.064617,-87.54661,0.0,-86.17228,-6.0470114,0.0
-75.12953,-23.467266,0.0,-2.5005364,91.76006,0.0
25.015123,80.45928,0.0,90.40417,30.859583,0.0
-67.24287,-10.6756,0.0,-92.315575,65.0212,0.0
51.570965,17.30448,0.0,-36.298824,85.88075,0.0
-18.06191,97.854385,0.0,52.39518,-32.057487,0.0
47.58847,94.77206,0.0,72.045494,59.10296,0.0
-9.751815,71.32163,0.0,-21.275772,60.227676,0.0
75.8788,14.472801,0.0,-57.619137,-53.09912,0.0
-5.5092955,-70.55588,0.0,-13.812629,79.38234,0.0
3.7344258,-37.067543,0.0,41.111828,-25.357416,0.0
85.59408,5.312038,0.0,-72.575294,83.85893,0.0
-40.76911,25.464897,0.0,-15.987469,-87.77077,0.0
-55.90527,-33.84161,0.0,-80.27041,-27.550558,0.0
93.93853,-96.00978,0.0,66.10856,98.72433,0.0
-88.412,41.410206,0.0,14.079624,-64.83483,0.0
31.378527,-46.456467,0.0,2.2366908,-23.97878,0.0
51.384766,-35.548256,0.0,-21.168135,88.91502,0.0
-64.732086,1.7267982,0.0,29.771257,14.602333,0.0
92.99722,-78.8734,0.0,-82.721825,-27.218786,0.0
86.87888,-10.020654,0.0,-65.920425,53.655365,0.0
-81.60099,-67.35982,0.0,74.60127,-38.904133,0.0
-45.428913,41.61578,0.0,53.59543,90.841446,0.0
44.562584,46.62572,0.0,40.78098,68.038574,0.0
84.64363,25.410074,0.0,-80.56364,10.722406,0.0
42.228725,14.610618,0.0,-57.54644,13.928169,0.0
-59.34946,-77.037346,0.0,42.53236,97.167274,0.0
-90.72752,-78.61269,0.0,-20.054798,-33.66723,0.0
-94.97643,-90.074684,0.0,-92.43351,-4.418691,0.0
75.39695,79.4949,0.0,45.13791,77.297516,0.0
-47.98441,-19.838348,0.0,-42.555305,-11.917754,0.0
31.438988,-0.04443573,0.0,74.02795,-83.64432,0.0
91.07486,-99.72639,0.0,-12.372553,65.67746,0.0
1.8107448,73.554924,0.0,30.172544,-87.19,0.0
-41.531574,-65.314095,0.0,53.415333,16.731596,0.0
-14.408296,69.52829,0.0,-23.933544,84.33036,0.0
-59.054028,-24.570309,0.0,-4.361533,-95.82872,0.0
15.635907,-98.231926,0.0,-83.74431,-17.702114,0.0
-50.67887,-56.09735,0.0,57.96956,95.767105,0.0
-90.370094,-41.53174,0.0,-62.27449,22.820704,0.0
-47.18283,-7.277392,0.0,82.493645,-45.122833,0.0
-65.57726,-13.4149275,0.0,-93.522804,-56.650368,0.0
77.88119,-78.28291,0.0,-63.282665,47.438705,0.0
-95.462,92.65409,0.0,-71.80056,-64.964134,0.0
-79.94582,-22.225422,0.0,54.42703,-30.84104,0.0
-94.36271,24.286385,0.0,-45.978275,-9.452303,0.0
-39.337807,-76.25154,0.0,-40.032837,8.7310295,0.0
88.347084,25.056313,0.0,21.231268,69.42221,0.0
-75.74444,-40.265064,0.0,-31.57948,14.938306,0.0
88.09599,24.807085,0.0,-74.5553,95.01396,0.0
98.06513,52.619736,0.0,-71.691,-0.32560492,0.0
24.974092,69.117516,0.0,31.176626,-62.17935,0.0
-13.906133,-92.37963,0.0,-72.05833,-84.709465,0.0
-38.977905,-30.951656,0.0,-9.004253,-1.7451936,0.0
-12.952154,21.05592,0.0,64.33665,-69.57714,0.0
-95.51938,33.593773,0.0,28.509962,65.23307,0.0
30.547039,-57.493645,0.0,-95.6331,62.920837,0.0
66.46278,-93.8851,0.0,89.925674,59.107616,0.0
38.94912,68.76766,0.0,-92.73661,94.18336,0.0
-41.06206,-94.98595,0.0,88.66988,48.435432,0.0
-22.67971,91.03798,0.0,89.64728,-7.0576367,0.0
-66.60586,34.782898,0.0,-78.10167,62.555286,0.0
-7.2285137,-23.921038,0.0,-85.09277,39.699547,0.0
85.45406,24.947262,0.0,-61.575565,56.416637,0.0
-91.92675,-6.709479,0.0,-29.578444,-81.3464,0.0
56.962456,38.0085,0.0,-63.41018,-17.89738,0.0
38.981785,-43.24405,0.0,48.744724,20.447386,0.0
-74.21629,-46.4604,0.0,42.825253,-4.933165,0.0
-94.18081,18.58072,0.0,15.687503,22.746283,0.0
-19.98427,21.84926,0.0,96.17661,96.8256,0.0
51.22652,-87.505104,0.0,-59.862953,47.330883,0.0
-89.45571,16.172434,0.0,-40.61795,43.998806,0.0
21.233814,24.786545,0.0,45.379837,95.37987,0.0
53.934555,43.43687,0.0,-29.847889,47.053642,0.0
57.096455,43.090775,0.0,65.42844,29.99302,0.0
6.5270853,24.989294,0.0,28.983154,-1.717794,0.0
-85.98101,76.31563,0.0,-75.58289,76.08152,0.0
42.72122,92.6883,0.0,82.608665,5.9118905,0.0
-61.29268,76.95684,0.0,75.58961,-10.426445,0.0
-62.749767,-26.104015,0.0,79.23366,34.90398,0.0
-29.93789,-38.851215,0.0,-27.637335,87.708145,0.0
91.67942,10.930453,0.0,-59.60075,-7.6974087,0.0
-79.25817,-5.835178,0.0,-30.324806,23.796877,0.0
-91.75285,4.089083,0.0,93.24038,-52.485073,0.0
82.260864,-77.18964,0.0,-87.452385,68.77309,0.0
76.31235,-51.892914,0.0,-4.932476,57.662506,0.0
-44.681137,-84.39008,0.0,40.406265,56.528385,0.0
3.6354964,-67.22972,0.0,-58.33892,57.8237,0.0
-58.28671,-98.625175,0.0,55.990303,97.66039,0.0
-88.713425,11.87644,0.0,-44.559162,-26.104492,0.0
98.25476,27.031733,0.0,-16.148565,3.3751295,0.0
92.57253,95.18977,0.0,84.94688,72.52244,0.0
18.524944,73.24356,0.0,61.946617,-28.64622,0.0
15.000167,-65.36848,0.0,-44.399136,57.10649,0.0
18.143723,85.152084,0.0,23.825823,9.715536,0.0
-81.21953,-68.242584,0.0,13.415021,-60.696953,0.0
76.9404,26.928629,0.0,5.126904,11.057688,0.0
94.51729,-33.723324,0.0,39.522594,-72.231895,0.0
80.44696,20.453156,0.0,25.783861,-30.512333,0.0
-82.39489,-28.520695,0.0,26.346376,86.50335,0.0
31.701195,-4.069022,0.0,-69.66757,-75.31417,0.0
88.90576,-23.531858,0.0,-46.420147,-82.302635,0.0
-98.89021,18.4152,0.0,48.25775,-39.3302,0.0
92.08376,-18.117908,0.0,-79.11588,63.70162,0.0
29.093687,-91.045525,0.0,8.433985,-96.53998,0.0
14.727149,48.63316,0.0,-67.09045,45.833977,0.0
40.848164,-88.305084,0.0,-0.26427564,-65.35593,0.0
47.27745,-27.785349,0.0,-86.5002,-66.89846,0.0
90.40385,0.24869074,0.0,21.00034,21.89351,0.0
-52.07909,-90.798615,0.0,48.96442,93.86421,0.0
-93.5836,-29.202278,0.0,-90.15263,23.572565,0.0
82.70183,25.502806,0.0,97.37202,-97.123604,0.0
-99.52626,77.654625,0.0,73.95043,8.817121,0.0
-47.832882,-95.41032,0.0,-71.7541,-11.976815,0.0
57.24624,-29.158678,0.0,-86.51139,-11.480158,0.0
-25.50971,-77.38776,0.0,-53.40727,-58.451454,0.0
59.82336,-94.478966,0.0,52.251465,86.22405,0.0
50.98783,51.501064,0.0,-87.88599,-59.358482,0.0
81.47676,2.9031901,0.0,76.05354,48.786697,0.0
-7.746775,-94.560555,0.0,71.85022,8.123765,0.0
-98.82383,-62.520313,0.0,98.831345,29.431269,0.0
18.796354,83.92137,0.0,-71.28182,95.725655,0.0
-31.092176,-26.19174,0.0,-97.4683,75.32825,0.0
22.836746,60.864063,0.0,79.85006,24.750677,0.0
62.650745,41.090763,0.0,-83.85915,64.828735,0.0
-93.89004,93.2608,0.0,-48.74266,14.343403,0.0
-52.8327,-20.535196,0.0,-43.072243,-60.07283,0.0
-67.49917,-46.30056,0.0,-96.734375,-42.57881,0.0
41.38583,-35.56112,0.0,68.86345,6.965621,0.0
-88.13369,-81.15616,0.0,54.176983,-96.80103,0.0
-51.804634,90.34676,0.0,84.35504,77.7808,0.0
35.246655,-20.636614,0.0,91.6923,-41.064705,0.0
66.00976,23.452465,0.0,31.210075,-35.401894,0.0
95.89381,53.12265,0.0,99.94763,67.724464,0.0
-38.485714,-43.572372,0.0,-60.562042,95.67085,0.0
48.28304,-97.57359,0.0,-44.187176,2.1390836,0.0
77.03017,-58.14542,0.0,-12.246825,22.012575,0.0
-40.625916,-28.734257,0.0,33.569878,-30.889278,0.0
-90.7968,-22.637321,0.0,-50.44886,66.81111,0.0
-87.716866,-79.46172,0.0,50.17795,-87.19181,0.0
1.1131014,48.58998,0.0,86.3723,46.188152,0.0
73.04747,-30.825987,0.0,46.817787,-61.912437,0.0
-17.734648,-69.42801,0.0,32.05137,-4.7396383,0.0
3.7247462,24.076578,0.0,-36.56587,52.482964,0.0
-61.40536,26.281162,0.0,59.39449,34.95631,0.0
1.4920228,60.063347,0.0,-0.60806316,59.497795,0.0
88.70962,-3.1988697,0.0,-75.80448,23.943657,0.0
-85.65728,88.67443,0.0,-86.07222,17.527124,0.0
56.341663,-90.382355,0.0,85.239555,23.568632,0.0
-84.691574,-0.73359495,0.0,-47.777157,-11.270651,0.0
-61.14989,-77.6074,0.0,-9.466991,-88.52059,0.0
86.45316,-34.00733,0.0,24.937883,59.03719,0.0
45.658413,-12.483389,0.0,96.795715,11.882219,0.0
-88.72293,10.62919,0.0,-38.573425,-92.51237,0.0
91.627655,-87.9649,0.0,67.98191,81.959175,0.0
-99.75882,-60.04433,0.0,-69.05579,-1.911851,0.0
43.55211,35.963627,0.0,66.1845,-91.68081,0.0
-89.565544,-70.726425,0.0,94.25013,67.33723,0.0
-3.0966122,66.37955,0.0,-79.55823,-19.360624,0.0
-40.562317,-25.386156,0.0,-39.0408,-74.336754,0.0
33.356983,58.82802,0.0,-10.872241,97.77218,0.0
-5.1013713,58.40826,0.0,96.052216,73.94,0.0
14.334936,97.58553,0.0,92.91256,1.8074616,0.0
-38.86168,-28.284527,0.0,-56.7971,-19.374243,0.0
-21.02624,-97.18606,0.0,64.894936,65.802246,0.0
25.17461,-79.52805,0.0,51.1699,36.72098,0.0
-32.916515,54.17224,0.0,72.38659,12.195722,0.0
-13.493178,84.35625,0.0,-47.245686,-4.077366,0.0
86.74503,53.030132,0.0,-24.526056,-30.38574,0.0
-89.93789,48.914467,0.0,23.437185,22.962536,0.0
-83.03619,-21.65198,0.0,-38.828117,-75.60532,0.0
-66.99706,-64.883354,0.0,-76.49221,-93.974686,0.0
48.586613,12.627486,0.0,42.823284,-16.018053,0.0
-85.71552,-31.964209,0.0,-35.811916,50.93028,0.0
33.483936,-34.387848,0.0,-81.80063,-43.233646,0.0
99.04301,-49.82281,0.0,60.552227,60.68493,0.0
-41.703514,85.577415,0.0,86.698235,-37.799305,0.0
-60.41627,9.821771,0.0,54.26455,87.407875,0.0
41.07247,-88.17767,0.0,35.592216,12.832287,0.0
-8.684846,-18.103777,0.0,-99.21313,-4.023949,0.0
-18.26414,-96.30802,0.0,-33.630196,-59.471405,0.0
-44.11667,89.444145,0.0,34.896294,26.426609,0.0
78.29473,92.34658,0.0,-49.504845,-89.946465,0.0
-29.503124,53.94527,0.0,-18.839369,-92.180534,0.0
-40.498394,-56.68422,0.0,77.52195,6.573919,0.0
-75.48892,-96.38321,0.0,-82.45395,-86.37547,0.0
30.794403,81.26906,0.0,67.73463,-88.92547,0.0
-11.247807,-73.5642,0.0,-90.24816,-4.5111003,0.0
36.466316,87.97942,0.0,-42.076,21.286533,0.0
-52.26679,13.030862,0.0,81.43199,42.763084,0.0
40.98977,-33.552208,0.0,16.254679,-26.173258,0.0
-11.350611,57.695934,0.0,37.97294,-59.812458,0.0
-93.17883,53.769127,0.0,88.84322,19.673458,0.0
14.994993,63.574352,0.0,-57.308136,-57.951897,0.0
-11.622801,-9.000632,0.0,73.22829,-71.16228,0.0
-7.6542354,45.641136,0.0,35.938976,23.294575,0.0
71.630714,94.18894,0.0,-44.10485,3.1530943,0.0
18.382267,70.76902,0.0,87.43679,-82.68493,0.0
-92.53621,-38.11541,0.0,64.21258,-50.81323,0.0
47.070568,36.94254,0.0,85.88491,19.534988,0.0
-79.10879,13.2709465,0.0,49.821236,-23.113625,0.0
56.205257,36.151012,0.0,53.68866,93.07188,0.0
79.36194,-50.23359,0.0,-42.00902,50.594105,0.0
-69.31507,97.688805,0.0,-81.77803,43.654346,0.0
97.373764,-69.63815,0.0,-26.303072,-28.785864,0.0
-12.743221,12.892985,0.0,-8.573474,81.16222,0.0
-75.77408,3.2977448,0.0,57.613174,37.897377,0.0
43.318535,32.0362,0.0,78.174255,-46.781887,0.0
37.773293,79.00655,0.0,39.87577,47.023163,0.0
53.466167,-89.139114,0.0,-65.67715,37.006027,0.0
25.24586,72.38419,0.0,-24.953493,20.915083,0.0
-51.614925,-19.463356,0.0,75.692314,43.053104,0.0
74.527336,-40.53125,0.0,-48.51775,-23.711786,0.0
36.811787,2.5763457,0.0,-97.712585,-29.29384,0.0
50.085907,-70.236084,0.0,45.779396,-59.640728,0.0
-85.002495,-49.691288,0.0,59.39343,76.78367,0.0
93.982834,-32.05381,0.0,44.617165,56.626503,0.0
40.775433,-29.986525,0.0,-75.26004,83.12399,0.0
-36.362144,-63.4844,0.0,-86.308876,-22.906507,0.0
23.062368,2.7105381,0.0,45.36638,-45.37605,0.0
-4.6610827,48.032948,0.0,-25.336594,-35.684376,0.0
91.15628,68.683235,0.0,-10.71276,-1.2597767,0.0
-84.78346,-34.409386,0.0,62.4761,-87.03095,0.0
-90.81612,-48.886364,0.0,-48.02747,-15.323803,0.0
-41.01636,55.117622,0.0,9.705664,-33.78059,0.0
14.625216,-21.207666,0.0,75.877975,-78.532555,0.0
48.321545,-93.3135,0.0,-57.836205,-5.1508546,0.0
-10.567014,-78.023285,0.0,28.519093,-2.8929486,0.0
-6.66248,85.15062,0.0,34.444977,78.38766,0.0
56.792156,56.183052,0.0,85.436745,97.986984,0.0
-12.191195,-65.44216,0.0,-34.520947,51.770603,0.0
-52.156788,-97.75138,0.0,-51.409252,-9.471859,0.0
-78.180916,36.466076,0.0,-24.704762,13.496569,0.0
-60.72387,79.116646,0.0,36.520874,71.71976,0.0
68.682014,24.085447,0.0,95.94118,15.91721,0.0
59.090874,-94.850204,0.0,89.49231,-80.9332,0.0
59.93184,10.273987,0.0,-39.02374,-0.6455208,0.0
99.50833,23.9377,0.0,-43.656857,17.54801,0.0
-30.974298,-96.40632,0.0,-28.98735,-62.68456,0.0
-7.0393333,-63.95523,0.0,-58.408794,42.312958,0.0
-31.791183,-95.212166,0.0,17.757166,-93.60155,0.0
58.90638,75.17781,0.0,-14.282812,-25.420202,0.0
-90.74135,32.12514,0.0,23.57674,97.74342,0.0
42.813625,-21.260775,0.0,-5.946315,-28.15762,0.0
-19.755148,-11.5539665,0.0,-47.178894,-40.479416,0.0
42.318703,-96.06434,0.0,27.144432,-74.60902,0.0
37.948704,18.442904,0.0,-41.092228,59.643883,0.0
-54.508408,87.94518,0.0,93.967735,68.39586,0.0
-88.85747,4.9446387,0.0,-4.912777,-11.330535,0.0
-39.73839,9.374955,0.0,97.234695,-63.90378,0.0
50.002853,8.938595,0.0,-8.398371,14.962684,0.0
40.97197,94.08874,0.0,-62.683807,-49.450317,0.0
-74.69828,97.69029,0.0,-1.7971189,52.521442,0.0
-5.292072,49.313335,0.0,60.934322,47.29884,0.0
-20.192934,67.96033,0.0,-62.291878,34.492096,0.0
9.722043,92.93407,0.0,-9.387611,56.491154,0.0
-25.550665,50.1834,0.0,-32.873325,-69.38476,0.0
33.88024,-44.267567,0.0,-38.004875,-32.439495,0.0
-66.57494,45.14467,0.0,79.47023,-31.85638,0.0
-95.957375,20.401312,0.0,19.109451,13.536384,0.0
26.709642,-95.221275,0.0,-40.687233,62.922173,0.0
-61.893875,-21.7956,0.0,-58.38264,-90.892525,0.0
-95.70934,55.79037,0.0,-13.998634,2.1302147,0.0
-87.800964,-41.12503,0.0,-9.622914,50.960926,0.0
-41.229576,64.96306,0.0,34.462452,78.741005,0.0
11.29559,-20.949236,0.0,95.068535,46.33051,0.0
-52.22796,51.743248,0.0,13.859449,-85.89619,0.0
92.87892,-16.361755,0.0,-50.52513,23.489227,0.0
78.95608,26.668493,0.0,-75.770966,13.584949,0.0
81.08618,83.945015,0.0,-39.216923,-69.17673,0.0
89.55343,-7.25327,0.0,4.42568,10.643193,0.0
70.45444,99.94622,0.0,58.641563,-39.662224,0.0
37.809757,-83.541046,0.0,75.13049,27.623352,0.0
-49.595634,91.37939,0.0,-46.178467,-34.55363,0.0
87.38986,-24.549603,0.0,32.81482,-48.982555,0.0
-1.0148039,82.62696,0.0,15.271279,95.28061,0.0
-28.623108,23.188538,0.0,99.43055,-50.701633,0.0
-27.182917,24.140247,0.0,-6.1603155,52.53874,0.0
-33.854687,-68.93131,0.0,-84.44959,59.06127,0.0
90.60295,-84.684875,0.0,59.479507,-46.58771,0.0
51.432365,-33.894352,0.0,-67.13176,0.5819062,0.0
45.93688,-75.62679,0.0,-2.4189808,89.9441,0.0
30.229366,-40.358597,0.0,-73.74744,-25.51772,0.0
87.19094,-64.15705,0.0,32.959526,-6.5189757,0.0
-56.448063,87.43556,0.0,31.327698,-69.35303,0.0
-60.563908,15.046121,0.0,27.032568,-9.4666195,0.0
-66.25265,-64.17849,0.0,-10.585936,-91.716255,0.0
-44.66909,72.03825,0.0,89.670876,82.39029,0.0
30.110231,-30.728807,0.0,69.09749,-22.765831,0.0
22.1893,64.058586,0.0,2.4046774,9.768357,0.0
-59.491447,-48.834145,0.0,-66.947174,40.045403,0.0
59.91248,-93.22728,0.0,88.84761,-61.633698,0.0
-35.9463,-18.165342,0.0,-17.203596,-22.752426,0.0
20.569012,96.40899,0.0,-19.44983,7.826141,0.0
40.03397,53.947548,0.0,-23.945398,81.90371,0.0
80.15258,51.203426,0.0,96.576904,88.36637,0.0
-23.053398,-36.44621,0.0,-55.4364,-57.474766,0.0
44.690865,-82.001495,0.0,-29.572132,-79.124565,0.0
60.15453,12.147507,0.0,-93.57011,-31.824398,0.0
-77.17275,66.28304,0.0,-74.54046,-5.604175,0.0
46.80363,21.466423,0.0,-41.650005,-69.24496,0.0
-88.76976,25.227686,0.0,-93.24705,27.693361,0.0
27.594189,45.281723,0.0,-44.63789,26.988157,0.0
76.26602,-81.82702,0.0,6.0650406,11.579648,0.0
33.554188,57.682835,0.0,-6.533941,16.42055,0.0
44.99962,17.465708,0.0,98.04331,37.048824,0.0
83.808685,-97.66305,0.0,5.844293,94.825356,0.0
43.947815,-38.120888,0.0,-70.843094,22.935404,0.0
-15.359145,-11.025267,0.0,52.089615,84.57566,0.0
71.36982,87.70287,0.0,-61.705345,-60.63232,0.0
86.185074,39.3836,0.0,54.926746,-55.942062,0.0
55.424526,-61.77157,0.0,-4.3078485,1.0060209,0.0
83.98387,11.158402,0.0,-28.755121,49.654274,0.0
30.189253,-43.331387,0.0,66.17938,-44.10795,0.0
-96.42473,-97.219955,0.0,-63.77717,63.57346,0.0
91.39539,22.011478,0.0,98.732796,65.84145,0.0
81.85089,13.235018,0.0,74.25852,58.63731,0.0
-48.22339,95.95982,0.0,73.221855,57.740097,0.0
96.667206,11.013708,0.0,-17.534277,75.5392,0.0
26.039274,18.423544,0.0,-79.95469,-18.302261,0.0
-47.450127,9.292213,0.0,-10.649449,-74.91154,0.0
-80.10321,4.1528473,0.0,-14.763837,64.50675,0.0
46.117607,3.4006212,0.0,14.438868,54.972565,0.0
-63.26389,-43.182335,0.0,62.69188,-77.17365,0.0
-80.8067,85.88607,0.0,-17.957016,9.4017,0.0
-81.94426,83.674355,0.0,-26.790998,-73.7406,0.0
89.769455,-19.91798,0.0,27.250372,99.15633,0.0
-69.27298,27.89854,0.0,-91.47564,-24.17962,0.0
85.69547,85.25405,0.0,30.481852,-19.959644,0.0
40.78608,48.49192,0.0,-75.15751,-0.00015783423,0.0
-15.249631,17.09304,0.0,-31.434149,-32.846413,0.0
75.90397,-76.20442,0.0,-15.724938,-24.052588,0.0
-84.54639,61.74227,0.0,84.544586,12.300838,0.0
-53.708786,-9.34639,0.0,-76.38648,78.355125,0.0
4.4775343,-89.186584,0.0,-84.8826,-9.694878,0.0
-71.12764,-63.41904,0.0,9.40997,60.095737,0.0
49.222267,-50.69461,0.0,89.03614,-61.271214,0.0
87.07037,65.94937,0.0,59.26478,15.036413,0.0
-80.80641,-6.30385,0.0,-94.84019,-90.813194,0.0
-72.495544,-77.75973,0.0,-46.45922,52.950336,0.0
-38.3217,32.47725,0.0,-88.53894,-12.402975,0.0
44.743874,-89.10897,0.0,93.2071,97.07546,0.0
-68.78105,46.696804,0.0,50.265377,19.838167,0.0
-5.799086,-7.3408403,0.0,69.32416,-93.33156,0.0
54.58026,78.30559,0.0,91.77957,31.121183,0.0
-47.180023,15.780787,0.0,6.1848083,-88.07501,0.0
-33.78214,-62.28611,0.0,-68.7931,-92.661476,0.0
20.194216,80.58866,0.0,-46.833668,-64.63947,0.0
-43.10582,8.198385,0.0,-7.3998914,91.11394,0.0
-30.50844,69.17591,0.0,83.495255,-0.30559602,0.0
12.790749,-23.033426,0.0,-81.925354,-45.258896,0.0
-5.9980536,21.440699,0.0,48.867043,65.47241,0.0
-78.01501,-86.48589,0.0,-91.17797,-14.54562,0.0
45.378624,88.29462,0.0,-8.060424,10.028562,0.0
-75.98829,-47.015945,0.0,62.075623,26.60549,0.0
-90.6018,-12.166498,0.0,47.493774,56.877804,0.0
68.37014,-95.46623,0.0,68.222946,51.627663,0.0
-39.330696,-44.86177,0.0,-11.251874,64.009575,0.0
-0.6321812,-98.63217,0.0,-51.71865,-69.65047,0.0
30.092922,-46.847565,0.0,-85.79646,82.069916,0.0
8.086114,-25.70977,0.0,-74.45316,-81.048485,0.0
79.69037,32.739292,0.0,79.98806,-22.57476,0.0
-32.055183,61.682,0.0,38.240784,-2.144102,0.0
90.88579,-18.088448,0.0,24.712845,-11.497031,0.0
45.61718,18.701014,0.0,6.8243546,23.11016,0.0
-86.08776,16.867523,0.0,21.506756,-87.56962,0.0
-85.588875,47.197956,0.0,65.497826,85.52951,0.0
-82.176605,60.621334,0.0,37.122013,10.08577,0.0
-39.005596,16.481348,0.0,9.622027,-98.38814,0.0
-30.758654,84.416405,0.0,-57.737507,-24.394033,0.0
36.047173,-83.558365,0.0,-81.40798,-94.02708,0.0
24.054941,12.064466,0.0,-35.69364,-44.24658,0.0
39.39469,5.9041915,0.0,-60.111393,-11.474113,0.0
-9.489066,-92.65063,0.0,-47.912952,-57.37544,0.0
89.82018,2.7553604,0.0,-45.017803,-29.380129,0.0
51.462036,-67.66571,0.0,-50.531937,28.123043,0.0
31.898254,-89.62436,0.0,80.27925,18.073284,0.0
36.052944,-40.721478,0.0,5.8364253,47.517704,0.0
-93.93844,72.979935,0.0,29.44296,-18.530012,0.0
43.162243,16.315685,0.0,77.56637,-79.26227,0.0
43.00271,-18.18345,0.0,82.283585,-33.91365,0.0
22.829021,-81.17496,0.0,-34.320248,-23.508879,0.0
70.55962,-82.70303,0.0,85.123985,85.546326,0.0
22.699003,-15.636684,0.0,-20.961601,-94.40088,0.0
-81.023254,84.33922,0.0,-9.762196,77.67046,0.0
94.18094,-25.27887,0.0,36.29213,-87.292854,0.0
-28.164259,-82.549866,0.0,37.81823,-86.820435,0.0
-4.803403,48.666203,0.0,-93.97944,18.545105,0.0
61.00142,-94.29035,0.0,15.831529,-77.09254,0.0
-51.018284,-28.816282,0.0,-70.519585,-45.107098,0.0
-23.253475,-98.58765,0.0,54.5113,93.77946,0.0
94.985054,-69.83484,0.0,-73.52891,2.5569878,0.0
-78.853424,-44.829582,0.0,-71.91489,39.065376,0.0
76.44382,-6.877348,0.0,83.87088,-84.09757,0.0
-62.90646,-69.21816,0.0,-83.6502,46.072605,0.0
79.60797,1.7283121,0.0,-56.90819,-96.60883,0.0
-74.624146,-94.25022,0.0,-44.36444,-57.956844,0.0
78.996124,12.288577,0.0,-14.2804575,72.37369,0.0
48.827072,-42.970417,0.0,79.04027,-79.73858,0.0
39.336746,-24.942184,0.0,-13.461916,-6.4793096,0.0
-29.182692,-91.696945,0.0,23.530905,81.71983,0.0
-87.02765,92.209175,0.0,63.25661,39.850964,0.0
-28.84504,-95.940025,0.0,-54.61599,-38.73292,0.0
53.495266,-68.04936,0.0,-12.35457,94.906944,0.0
47.469753,-80.49937,0.0,42.761013,-17.49417,0.0
-0.68392277,-82.92591,0.0,-30.189106,29.451307,0.0
-80.141335,40.35096,0.0,66.344215,70.52449,0.0
86.28805,21.17962,0.0,0.9621873,-84.76537,0.0
98.29289,74.46201,0.0,-81.81392,30.909578,0.0
-55.985752,-65.665695,0.0,-91.5448,21.767939,0.0
30.505436,-83.0988,0.0,-96.62586,84.715836,0.0
82.848015,64.98989,0.0,-45.13236,-49.809937,0.0
72.315704,-99.09443,0.0,0.90978384,-25.60904,0.0
35.37783,31.348026,0.0,73.63392,46.01163,0.0
57.575294,-28.740372,0.0,-17.351145,-94.13161,0.0
72.44667,-23.964108,0.0,48.5363,67.88677,0.0
21.121796,24.712814,0.0,-83.68251,24.493822,0.0
85.447914,-57.553646,0.0,90.20942,-6.1843143,0.0
-73.34882,-26.217382,0.0,-26.145748,69.12527,0.0
-69.66404,30.95818,0.0,-71.4571,-21.497725,0.0
1.0315881,70.88588,0.0,50.217907,55.71637,0.0
36.55157,81.02548,0.0,-6.634933,65.23941,0.0
-35.513706,59.732494,0.0,-39.969803,-53.847298,0.0
-90.569374,53.255436,0.0,-46.74855,85.792816,0.0
-32.02268,-96.014305,0.0,83.0041,-94.48594,0.0
69.24843,-68.977425,0.0,-10.811863,63.146496,0.0
-57.827312,-51.524563,0.0,11.624195,93.06812,0.0
-19.963932,-11.727813,0.0,44.76828,-62.55762,0.0
-1.7621444,-62.85363,0.0,66.98381,47.69128,0.0
8.9574175,-21.802647,0.0,-11.059212,-86.02351,0.0
12.006013,-90.53437,0.0,54.292435,46.069004,0.0
25.227966,-25.504137,0.0,-76.26558,-0.80254626,0.0
-77.01413,14.09229,0.0,86.5196,-72.45014,0.0
31.940393,75.63498,0.0,-18.385952,47.544476,0.0
93.21326,13.775542,0.0,-16.450802,-36.63444,0.0
-19.737434,-77.163246,0.0,43.795753,64.81751,0.0
-46.671078,99.107376,0.0,29.316387,76.67182,0.0
-49.73103,-90.13673,0.0,61.214626,-23.797056,0.0
-29.920473,85.132805,0.0,20.593033,-27.66996,0.0
-99.44495,20.510101,0.0,80.80712,4.081085,0.0
58.45473,-97.93675,0.0,-9.693592,-1.8085521,0.0
-87.269554,84.10681,0.0,23.143839,5.6062675,0.0
-59.6571,70.023926,0.0,-90.003395,36.907444,0.0
68.99619,11.970817,0.0,36.580944,40.154976,0.0
-29.410704,62.029205,0.0,72.265526,47.975304,0.0
-14.442574,-97.40818,0.0,-73.80022,-51.58616,0.0
95.88248,94.504295,0.0,-59.616997,-6.8321624,0.0
75.21501,-86.21339,0.0,-34.48571,30.632637,0.0
-13.378573,-76.91679,0.0,-77.718315,11.008169,0.0
-75.801315,16.243814,0.0,-80.25483,-73.44403,0.0
-33.790752,-37.522446,0.0,-67.91574,81.261,0.0
-53.253212,-81.259895,0.0,61.419712,-32.840965,0.0
-89.050735,91.00237,0.0,-32.56973,80.42941,0.0
-36.610687,-13.080806,0.0,54.775936,20.384684,0.0
78.38706,-57.249107,0.0,-76.59464,-27.169481,0.0
6.156461,-32.932068,0.0,-31.736755,71.47112,0.0
95.92988,-27.432713,0.0,-48.762115,-56.700523,0.0
31.61961,-91.94016,0.0,43.82179,45.827896,0.0
83.544975,95.79678,0.0,-54.5783,-19.389502,0.0
80.60744,-72.65837,0.0,-34.861973,63.115345,0.0
-70.293106,21.82344,0.0,76.480736,63.85704,0.0
66.304794,42.854324,0.0,80.6125,55.82804,0.0
73.98583,96.645996,0.0,-37.45483,94.8859,0.0
14.590681,-36.747368,0.0,35.982666,-84.93937,0.0
48.073677,28.901413,0.0,34.545837,61.382576,0.0
-66.80441,33.1353,0.0,79.64297,-26.208937,0.0
85.63753,19.24044,0.0,57.65039,-59.21474,0.0
8.257462,-91.65091,0.0,86.73729,-16.767096,0.0
31.604126,78.0128,0.0,-65.309456,48.44381,0.0
-99.261406,87.71514,0.0,-91.06088,6.917068,0.0
16.6013,-70.58602,0.0,53.08645,48.847054,0.0
-37.070442,-19.533575,0.0,-73.29723,-24.736824,0.0
17.783588,16.946022,0.0,26.961378,71.141266,0.0
30.41236,-59.94098,0.0,74.24831,45.23379,0.0
-11.9131155,-1.3974105,0.0,45.49318,28.599466,0.0
77.53654,-18.72419,0.0,34.81,7.775883,0.0
-83.391235,49.349026,0.0,-71.251274,-94.75854,0.0
-12.721811,9.160334,0.0,36.729343,-26.843254,0.0
37.045086,25.711443,0.0,-98.73981,-48.466557,0.0
43.648342,46.921726,0.0,69.781906,-87.501945,0.0
-57.520546,17.299091,0.0,-64.84821,-77.34316,0.0
-18.636677,-80.926125,0.0,70.59913,27.895023,0.0
-31.472296,-31.905064,0.0,2.4321308,96.790474,0.0
84.96728,76.8073,0.0,64.23723,58.648422,0.0
27.273144,93.882866,0.0,-4.4260244,10.600195,0.0
-55.05087,67.288704,0.0,-97.45192,35.544636,0.0
-25.53667,56.02054,0.0,-48.893898,4.9314723,0.0
89.93137,-69.02133,0.0,46.168083,-65.774605,0.0
83.50806,25.097736,0.0,-93.83214,-10.109086,0.0
-70.70693,-38.812252,0.0,4.832343,69.11698,0.0
-24.063309,16.491434,0.0,24.317816,-12.5356045,0.0
-20.798145,-76.07114,0.0,7.5618653,92.30023,0.0
-7.9250245,15.623325,0.0,76.173996,22.666819,0.0
19.015217,-98.27625,0.0,-86.25436,50.52791,0.0
-38.794834,75.16343,0.0,86.21039,-35.181137,0.0
26.20708,-17.035566,0.0,38.542698,-1.4102756,0.0
59.85165,14.655726,0.0,18.947819,86.667534,0.0
50.33077,-82.10577,0.0,-20.426128,45.244747,0.0
80.896034,55.436394,0.0,99.58382,98.636955,0.0
41.27294,-48.815956,0.0,32.218964,19.806566,0.0
-6.6758432,88.830444,0.0,-59.881573,-95.86285,0.0
37.346428,-49.587486,0.0,-87.35757,-73.60388,0.0
-83.66213,75.092476,0.0,-55.453564,9.589975,0.0
28.612606,69.594086,0.0,-88.31825,-76.102844,0.0
-81.20446,-30.606585,0.0,-27.218262,-33.21982,0.0
-94.881775,-53.592533,0.0,76.22511,60.640156,0.0
87.18784,45.337452,0.0,14.1821785,99.67177,0.0
-88.24569,49.967323,0.0,-83.718475,35.349766,0.0
-58.9147,0.6610788,0.0,24.862486,3.0971744,0.0
-54.372368,-28.938608,0.0,-40.841976,-25.308714,0.0
88.53816,38.951923,0.0,-41.205475,-67.700745,0.0
55.342358,-85.86705,0.0,12.732524,-80.066055,0.0
-68.11733,-17.1535,0.0,-69.892006,94.57155,0.0
96.44707,-38.36161,0.0,27.554075,96.57668,0.0
1.376166,24.105461,0.0,-97.40986,31.083979,0.0
15.133046,-74.77693,0.0,16.34431,53.269444,0.0
-9.338621,14.258418,0.0,-70.38351,-34.235485,0.0
86.76615,45.83976,0.0,-32.70092,-78.74473,0.0
-96.107834,84.21313,0.0,-17.29359,5.95434,0.0
6.714645,97.83388,0.0,-69.500626,-84.51,0.0
45.57063,14.175092,0.0,-88.34978,-94.94001,0.0
44.369267,-43.849495,0.0,-36.34404,57.765858,0.0
-73.08148,82.380356,0.0,-2.6251736,-36.307224,0.0
-2.8315568,67.592186,0.0,-51.93307,86.26139,0.0
-32.962143,-77.52664,0.0,44.15564,57.21796,0.0
7.3283668,-97.23559,0.0,-48.4676,70.660736,0.0
2.4165516,20.90847,0.0,28.274277,-25.820679,0.0
-78.00526,-4.119316,0.0,74.67624,21.787703,0.0
-64.09187,61.170597,0.0,87.4776,-2.357894,0.0
17.498352,79.71782,0.0,-88.478,-61.194927,0.0
-79.68221,93.369484,0.0,10.419714,-62.14186,0.0
59.496403,-76.73589,0.0,-61.08533,-32.707184,0.0
80.389046,-64.319916,0.0,-2.31415,-25.482435,0.0
-61.26517,96.71571,0.0,-44.80575,44.57175,0.0
-87.16639,20.181684,0.0,-61.8246,20.110592,0.0
-77.953026,86.32398,0.0,24.820333,68.540634,0.0
89.11912,-37.22538,0.0,-84.36813,90.09651,0.0
75.99846,-26.918211,0.0,-74.058235,71.76328,0.0
-44.740547,-43.421745,0.0,6.2024627,-25.754877,0.0
42.323128,81.4116,0.0,-74.46033,-83.39243,0.0
49.66369,-53.01329,0.0,-76.38432,-39.16619,0.0
-21.965414,-25.787327,0.0,73.546074,-62.365025,0.0
26.726486,-62.504135,0.0,65.73236,73.595955,0.0
-3.8454309,51.865986,0.0,62.98912,-72.04731,0.0
78.57567,58.17132,0.0,25.18308,52.59459,0.0
-25.34237,-93.66223,0.0,-39.764256,-7.454697,0.0
36.43414,23.74916,0.0,62.507656,52.549324,0.0
17.076195,-24.626272,0.0,-94.6343,-48.905155,0.0
16.85056,-92.56445,0.0,-58.205647,84.17459,0.0
86.14276,-79.84994,0.0,69.81765,-47.927418,0.0
88.99184,-3.1678815,0.0,76.2215,-74.11128,0.0
-60.33129,-63.385265,0.0,-78.18015,21.118938,0.0
99.47554,6.2208915,0.0,24.499237,-62.030457,0.0
-75.58747,25.554256,0.0,77.949974,36.325584,0.0
-15.593225,59.871075,0.0,-13.670767,-97.83592,0.0
-76.93053,-12.012243,0.0,-54.791615,-71.63348,0.0
53.289303,97.923904,0.0,62.331097,76.1107,0.0
84.69321,-44.13836,0.0,6.3504705,51.511173,0.0
-91.50547,13.341184,0.0,54.4521,75.5459,0.0
19.913889,8.740161,0.0,34.945732,24.307632,0.0
-53.81575,27.520508,0.0,-93.84362,-49.176247,0.0
-52.44286,-70.21278,0.0,-48.72172,51.98315,0.0
-5.2703285,12.250193,0.0,-97.15683,-56.428535,0.0
-68.02886,-12.302688,0.0,87.21602,59.176983,0.0
-24.482706,-71.66924,0.0,44.73384,42.93472,0.0
-15.728601,47.516457,0.0,-52.24457,-77.905174,0.0
68.384285,-75.101326,0.0,-13.994605,49.846138,0.0
-17.517628,-20.697546,0.0,-24.030966,91.90648,0.0
7.3437324,-88.84564,0.0,0.57092553,19.192936,0.0
31.670534,-78.361275,0.0,-95.61207,24.748281,0.0
-82.93059,-98.441895,0.0,-99.60904,52.12076,0.0
56.93977,-99.56769,0.0,79.00678,54.983627,0.0
-54.056755,62.727573,0.0,28.742596,-27.473658,0.0
-55.67995,-54.727707,0.0,37.332436,40.1862,0.0
-0.50139993,49.154037,0.0,-81.371635,-6.7951427,0.0
-53.475513,25.051222,0.0,-32.861015,34.6914,0.0
81.872055,29.848545,0.0,-83.65921,-72.92428,0.0
89.810165,-29.537264,0.0,57.424686,-84.06932,0.0
98.149734,38.92709,0.0,-80.042755,40.26186,0.0
-63.320053,-16.33721,0.0,-42.697525,-89.38249,0.0
93.75647,13.607184,0.0,-17.156605,-16.273317,0.0
-40.82927,-86.82092,0.0,-89.936134,-18.115221,0.0
-49.247585,-84.091385,0.0,-4.3494277,14.036325,0.0
32.959858,-66.39585,0.0,63.40661,-67.726456,0.0
61.848248,87.06435,0.0,-21.856436,-37.26761,0.0
20.309404,50.631,0.0,-66.41443,-64.713715,0.0
-80.420074,-52.958015,0.0,-28.580353,-92.936676,0.0
-3.4497132,91.90924,0.0,36.233658,40.69836,0.0
80.582565,53.277145,0.0,-1.3988179,93.09143,0.0
15.324993,15.396341,0.0,-92.23772,-97.82731,0.0
-6.7693844,-32.83409,0.0,-71.96126,-55.035435,0.0
36.16342,-18.312666,0.0,77.66103,-3.5001237,0.0
-90.902695,69.12526,0.0,82.24686,64.12548,0.0
57.051838,49.71204,0.0,59.24051,26.975473,0.0
-58.76099,77.66003,0.0,-27.565071,71.59365,0.0
-42.421204,-14.626516,0.0,-51.879044,55.083286,0.0
-60.46896,-25.578106,0.0,89.74064,-2.8791683,0.0
-54.44195,28.463587,0.0,23.033823,-19.957546,0.0
1.076207,47.406796,0.0,-20.593813,99.27842,0.0
39.047657,-19.600607,0.0,-43.057926,-84.09268,0.0
-9.420969,-3.7347512,0.0,85.146515,-97.877014,0.0
53.7263,24.156078,0.0,36.661457,27.34306,0.0
-29.984838,-82.24138,0.0,-53.252583,-63.170586,0.0
84.21007,56.149162,0.0,44.0736,12.306823,0.0
10.315499,-88.086685,0.0,41.16925,-23.369091,0.0
89.413445,94.966835,0.0,-29.525152,69.16035,0.0
22.514698,74.739716,0.0,44.794613,-75.88831,0.0
74.11417,-85.445045,0.0,40.74536,-73.006134,0.0
31.211508,36.45976,0.0,69.01075,-38.501755,0.0
79.45267,95.44532,0.0,70.5987,-67.59999,0.0
66.640335,99.43246,0.0,55.44942,-37.21331,0.0
25.568039,92.78932,0.0,38.02156,-90.16993,0.0
-6.51082,69.444534,0.0,81.14924,37.05388,0.0
-3.75844,54.413437,0.0,-54.987206,91.46036,0.0
-76.86427,14.604932,0.0,71.01378,72.13785,0.0
84.40598,-4.60491,0.0,-83.67488,12.73623,0.0
99.09276,-30.670218,0.0,-47.087963,81.35783,0.0
-40.314392,-80.14699,0.0,-49.496956,20.417381,0.0
-15.462665,-84.95935,0.0,-73.73846,36.65885,0.0
91.47959,-52.69558,0.0,-24.963196,-26.124306,0.0
-41.778484,84.23307,0.0,-81.07442,-26.954308,0.0
-88.55135,-40.3709,0.0,-87.853004,-30.757696,0.0
77.57261,96.9112,0.0,11.803685,-70.58622,0.0
32.037594,-34.013996,0.0,75.43174,-78.48426,0.0
38.76105,46.22425,0.0,-17.751938,5.009517,0.0
-70.763176,95.11538,0.0,45.8768,66.89825,0.0
-99.92318,99.96728,0.0,-55.151165,-85.78871,0.0
-88.46571,92.12519,0.0,95.946205,14.378605,0.0
-33.15651,64.618355,0.0,86.515564,-91.78241,0.0
27.141289,-0.17903346,0.0,83.23266,90.27619,0.0
-94.89212,75.1552,0.0,-96.46035,45.992603,0.0
-59.38588,-19.60962,0.0,69.14899,-30.74679,0.0
32.047882,-18.491364,0.0,14.217249,53.548088,0.0
-44.567253,-24.819025,0.0,60.025463,57.741135,0.0
20.356491,-69.78308,0.0,53.4085,-28.406792,0.0
99.135086,54.425274,0.0,-50.067707,-86.510994,0.0
23.846603,-81.66096,0.0,-65.28637,-99.12028,0.0
-51.019794,26.200674,0.0,-91.04916,-72.41339,0.0
-38.87728,42.443703,0.0,59.039585,75.99979,0.0
-41.520893,42.000225,0.0,78.337166,37.386333,0.0
39.28116,31.495296,0.0,94.76151,-36.152138,0.0
-51.771305,78.28152,0.0,47.924435,-52.79046,0.0
9.478051,47.570503,0.0,-94.86249,44.230747,0.0
-50.723053,43.58345,0.0,24.264149,84.48727,0.0
79.16314,-79.304985,0.0,31.312534,81.3971,0.0
-27.78111,50.57389,0.0,31.555681,16.224478,0.0
-60.780247,-77.020454,0.0,-67.07076,-90.011185,0.0
26.88918,-74.043495,0.0,-37.307594,69.788826,0.0
-76.14577,-8.317965,0.0,74.65053,-67.43521,0.0
-5.989983,93.92646,0.0,-47.943382,-89.37565,0.0
-33.043144,-56.89422,0.0,42.95304,-87.105095,0.0
-43.96528,-38.698486,0.0,47.225307,-23.4663,0.0
-54.920635,64.61073,0.0,-1.6127292,-96.958336,0.0
-83.07419,93.56557,0.0,-82.16259,84.72196,0.0
38.712734,2.4615486,0.0,-69.473724,-17.731886,0.0
92.86579,-22.550652,0.0,-47.57023,-34.37854,0.0
81.10106,71.25352,0.0,-63.125877,-70.24052,0.0
-92.506645,-26.351007,0.0,-74.2992,-63.041527,0.0
99.09249,-73.94358,0.0,31.01907,-12.058902,0.0
-23.409176,-94.083206,0.0,-61.423298,-15.077128,0.0
-83.401596,79.620186,0.0,-68.37562,17.025574,0.0
62.362446,75.1307,0.0,-26.394295,-27.360554,0.0
-99.32905,93.46765,0.0,-54.456768,16.415066,0.0
-43.489002,9.699273,0.0,-63.128876,-53.589184,0.0
19.418266,75.80962,0.0,72.00141,17.022688,0.0
-92.21192,-17.249325,0.0,4.5555205,-91.67227,0.0
46.25012,53.94932,0.0,95.08208,14.712659,0.0
60.121258,-38.498672,0.0,95.22385,29.948257,0.0
-9.872595,52.363045,0.0,-85.85114,86.37918,0.0
69.77725,-27.236462,0.0,-63.117584,-85.06614,0.0
91.72662,-81.05446,0.0,-74.79075,71.32098,0.0
-33.618744,24.884987,0.0,65.121735,87.3548,0.0
-17.597054,-24.453606,0.0,-82.15591,-15.296546,0.0
-90.03038,-85.16983,0.0,19.522135,-87.401825,0.0
-93.149315,-96.31553,0.0,75.78855,81.31137,0.0
45.346306,61.77527,0.0,95.51316,-59.36964,0.0
-1.6263326,-79.12355,0.0,-12.803511,-73.7307,0.0
97.09429,48.678757,0.0,-81.97146,-97.034256,0.0
-51.800747,87.22511,0.0,4.032046,-27.03638,0.0
-91.206276,-31.961962,0.0,-34.1633,41.294,0.0
-35.629642,23.02713,0.0,99.25348,6.7875257,0.0
5.3157578,-78.93836,0.0,31.08163,48.07955,0.0
38.868504,-0.044489373,0.0,-95.907005,86.84794,0.0
-16.019758,65.69054,0.0,68.17362,32.321278,0.0
-34.804016,24.523035,0.0,-30.706972,0.95974475,0.0
80.34697,89.45289,0.0,93.739395,-40.386753,0.0
76.922264,86.39063,0.0,0.9501116,-96.33852,0.0
-92.621346,-56.039856,0.0,-38.08613,23.376816,0.0
91.196846,43.3115,0.0,-93.82388,-38.041626,0.0
-90.44573,12.738659,0.0,-61.439255,-66.49809,0.0
80.46454,31.173637,0.0,-76.76246,-41.360714,0.0
-1.5900164,-90.62263,0.0,-61.372425,-21.377941,0.0
56.607056,94.47117,0.0,-81.283615,18.24623,0.0
94.53116,85.838,0.0,42.628918,-62.155655,0.0
24.932514,-33.106693,0.0,-81.9239,34.585148,0.0
43.213898,-30.855341,0.0,-63.076973,5.6444974,0.0
26.575106,75.76421,0.0,-64.218414,-29.557598,0.0
36.579575,3.4497468,0.0,51.86962,-92.16885,0.0
-39.67681,-79.39675,0.0,71.17879,61.581913,0.0
31.984417,-43.724308,0.0,-56.24446,26.944193,0.0
-70.33074,43.77869,0.0,-6.184777,-35.366707,0.0
-76.242195,34.008175,0.0,-57.55088,-10.843944,0.0
74.469925,13.446731,0.0,-24.872498,-65.904884,0.0
-96.399704,55.398808,0.0,-30.332537,-94.805176,0.0
42.937458,80.28664,0.0,-61.87141,-22.779064,0.0
88.17105,-45.90055,0.0,-21.873442,52.604744,0.0
-90.04011,9.61268,0.0,-5.429135,0.542556,0.0
86.338615,28.60226,0.0,-23.470102,87.86917,0.0
77.45982,-85.61896,0.0,57.016747,-33.830334,0.0
71.46234,-42.596153,0.0,-54.212097,16.879568,0.0
-95.161644,66.33941,0.0,-45.385838,3.6157486,0.0
71.87782,-45.266575,0.0,62.12904,-48.097843,0.0
84.74782,15.614659,0.0,-68.42759,-59.418903,0.0
-33.484844,52.55967,0.0,-50.784973,86.55011,0.0
-8.635465,-91.869865,0.0,-79.77474,27.016611,0.0
-31.702625,48.61218,0.0,96.621,-34.837696,0.0
-0.33899912,86.27767,0.0,76.29718,-96.14772,0.0
-34.382122,58.274834,0.0,-57.120403,90.77808,0.0
-74.17788,-27.20722,0.0,-70.64117,0.46575087,0.0
52.216312,-84.35856,0.0,-83.78466,80.86493,0.0
-55.963367,-60.859276,0.0,69.04826,75.30786,0.0
34.018044,59.09088,0.0,-10.4272585,9.294414,0.0
-34.291954,9.153193,0.0,-50.119377,-83.579865,0.0
-80.720345,-96.67541,0.0,-27.73649,70.25016,0.0
1.935697,68.100655,0.0,83.770256,-53.158302,0.0
16.095232,-26.680405,0.0,-18.596579,69.26874,0.0
-85.815605,-85.805565,0.0,-71.40332,95.79365,0.0
-28.108435,50.38127,0.0,72.46846,27.68324,0.0
36.08154,-70.124756,0.0,83.242035,84.04922,0.0
59.066196,62.013683,0.0,86.62678,79.5168,0.0
-57.355816,-31.06265,0.0,95.78407,82.35084,0.0
36.731632,81.00251,0.0,72.82276,19.028252,0.0
42.008698,60.64093,0.0,-69.697044,-91.008385,0.0
-55.41508,-79.31932,0.0,1.7287133,-67.98945,0.0
62.775684,69.91833,0.0,98.22483,-26.538937,0.0
-0.79505295,-27.524206,0.0,-34.22058,-17.015083,0.0
-32.434475,-90.89027,0.0,70.04975,77.30365,0.0
44.530006,84.829544,0.0,65.15039,-43.682713,0.0
80.68114,36.965786,0.0,-33.326748,50.41551,0.0
-93.53956,2.8121033,0.0,-92.62674,7.2997584,0.0
-88.5606,4.7243185,0.0,97.414986,-68.50538,0.0
-94.06956,-23.675303,0.0,75.19681,-61.10224,0.0
-31.374182,71.80849,0.0,-78.89808,-9.815622,0.0
-84.66157,-45.904057,0.0,-93.184555,-62.67259,0.0
-15.894478,-95.514595,0.0,70.32624,23.257883,0.0
-38.267715,-98.306946,0.0,-17.626984,15.756435,0.0
92.19511,63.5819,0.0,-21.740692,21.947798,0.0
46.332478,-66.18348,0.0,50.13593,66.37601,0.0
-4.082282,4.630585,0.0,-93.9979,-39.140656,0.0
82.244804,75.21274,0.0,50.111923,75.76778,0.0
47.64593,69.99488,0.0,39.055923,-44.500538,0.0
-33.25823,-44.353764,0.0,-32.08134,50.17168,0.0
47.34583,-72.225555,0.0,67.77328,19.290672,0.0
-93.84224,82.85069,0.0,41.415257,-83.21066,0.0
-77.84243,90.54741,0.0,4.84002,-34.687206,0.0
24.136513,-68.64578,0.0,-15.826717,62.03912,0.0
-79.90969,72.3889,0.0,-80.57088,6.827746,0.0
-77.328255,-33.885777,0.0,76.30369,-96.37378,0.0
19.905521,18.85962,0.0,90.67769,57.18593,0.0
48.56066,-90.537285,0.0,6.4685807,98.727,0.0
-53.557014,-15.3174515,0.0,-8.638519,15.470339,0.0
35.085426,-59.701767,0.0,-30.806284,1.9235812,0.0
-63.420025,-2.8612607,0.0,-23.501364,-88.15212,0.0
38.318233,-65.34298,0.0,49.12305,-10.87126,0.0
85.45402,-69.957405,0.0,-91.56997,57.661076,0.0
-11.668027,-92.144585,0.0,-41.655094,-26.176638,0.0
82.29487,-75.55731,0.0,51.496693,58.639362,0.0
38.204464,44.296696,0.0,66.986694,62.843876,0.0
-54.424995,74.42408,0.0,-43.4173,-50.90035,0.0
-46.22178,11.452227,0.0,-2.8292384,46.600777,0.0
53.809017,69.74874,0.0,-79.68603,15.779311,0.0
-67.72928,56.64924,0.0,-80.29982,-38.763004,0.0
14.601756,-95.83759,0.0,59.75976,11.983056,0.0
86.45247,2.1364923,0.0,48.580944,-24.860329,0.0
-46.14593,21.451021,0.0,42.26753,36.018208,0.0
-86.300705,69.43807,0.0,82.657745,21.492105,0.0
-87.9728,94.8187,0.0,54.109547,37.49423,0.0
-21.226364,-30.18665,0.0,-8.437125,-91.432915,0.0
-41.006565,-63.768246,0.0,60.990253,-89.84979,0.0
-86.34545,-62.685802,0.0,-11.895599,8.928174,0.0
-66.460815,-0.10563114,0.0,-11.996568,-75.885185,0.0
-2.4228518,-63.722763,0.0,-59.23025,-56.86334,0.0
-77.34441,67.9395,0.0,0.68119216,-60.028427,0.0
-55.54501,27.81009,0.0,-40.752,68.34484,0.0
-72.93852,-25.930788,0.0,47.38452,59.14443,0.0
0.2923655,69.388565,0.0,-18.924423,86.34244,0.0
36.201916,51.37671,0.0,4.3027654,9.910916,0.0
-1.4430051,99.7932,0.0,-42.50103,82.44925,0.0
-36.618355,-35.69502,0.0,-57.439713,66.638855,0.0
-63.225357,73.638824,0.0,-30.435215,66.97087,0.0
68.37598,-42.91632,0.0,-51.191788,81.569084,0.0
-83.25545,-20.613111,0.0,80.493904,45.658207,0.0
55.809505,-86.85699,0.0,83.25375,-30.484623,0.0
5.197028,-67.8621,0.0,91.82236,41.71907,0.0
96.26356,63.8783,0.0,-46.509533,58.213898,0.0
-57.084946,-35.74445,0.0,49.468643,76.73138,0.0
51.86568,99.117836,0.0,-90.94037,31.179249,0.0
-87.86359,-70.06336,0.0,70.33841,-64.75703,0.0
97.93605,-42.696777,0.0,-66.3806,-47.62489,0.0
-54.265144,-74.01405,0.0,26.926306,-91.29993,0.0
83.22319,-47.71562,0.0,-34.541306,3.2455037,0.0
-13.437503,-92.3223,0.0,81.674095,65.09665,0.0
-52.696358,35.595467,0.0,15.3482275,51.525826,0.0
73.897804,54.8003,0.0,13.281187,-76.969406,0.0
-20.726377,67.75179,0.0,-96.50129,-61.93878,0.0
1.3664864,62.74275,0.0,-26.571037,17.121607,0.0
8.592264,-32.93806,0.0,-82.952576,93.6482,0.0
86.71354,-24.825706,0.0,79.16066,98.7954,0.0
-37.41847,-77.697655,0.0,-21.655882,69.83167,0.0
-87.00055,-24.492544,0.0,-45.671562,-22.266891,0.0
48.17691,71.792946,0.0,-9.447519,60.431995,0.0
-48.64107,-44.984272,0.0,2.412724,76.878944,0.0
-56.373104,-72.623604,0.0,-77.53876,45.09139,0.0
-78.04327,-89.335464,0.0,-10.491309,7.1041393,0.0
-51.835846,72.8448,0.0,57.205154,11.086966,0.0
32.770977,29.935925,0.0,41.218533,76.297935,0.0
-75.94485,69.4139,0.0,-58.515636,39.392696,0.0
-83.72194,-97.71346,0.0,-14.509895,-17.932482,0.0
42.774693,90.06984,0.0,-21.11175,92.42468,0.0
-48.898277,-90.14178,0.0,32.197876,-96.149864,0.0
-87.03375,-57.915302,0.0,77.04891,-40.538628,0.0
-14.343745,-10.545831,0.0,57.910324,52.59455,0.0
31.834026,31.047527,0.0,16.020914,76.663605,0.0
26.237692,-85.62078,0.0,-53.57859,16.578499,0.0
25.863956,-85.17706,0.0,-62.82357,48.61429,0.0
36.60104,-77.16671,0.0,-31.997545,49.760418,0.0
-43.86046,-39.76213,0.0,64.95188,-39.43821,0.0
41.57847,-97.56565,0.0,97.23154,22.887066,0.0
-10.756182,-70.80436,0.0,-75.59454,-49.36848,0.0
48.54836,-32.690704,0.0,-48.776634,89.48405,0.0
91.63471,-7.9092956,0.0,38.882915,-57.748783,0.0
-96.06009,-37.234207,0.0,-12.916435,21.3209,0.0
-74.12112,-83.95264,0.0,-87.12242,-19.17664,0.0
52.69234,15.1142,0.0,74.92868,-31.298998,0.0
-77.820496,-30.01824,0.0,-78.51658,29.55056,0.0
-35.070515,66.32508,0.0,-48.562157,-5.6129966,0.0
-30.492245,67.27121,0.0,-48.722935,-84.769424,0.0
-44.86462,21.98307,0.0,69.327934,67.40689,0.0
40.477158,-83.16206,0.0,9.892199,-30.125172,0.0
-18.663486,-70.235245,0.0,-77.43933,4.338215,0.0
75.31224,59.43233,0.0,36.056515,65.558205,0.0
35.860996,-70.51531,0.0,-11.512461,14.981756,0.0
50.032166,-44.16485,0.0,73.11299,17.282751,0.0
-92.899254,73.1691,0.0,-1.3393991,-30.24106,0.0
-50.38718,-53.66046,0.0,91.12199,28.29997,0.0
-90.54157,61.26812,0.0,2.513895,66.54463,0.0
42.125793,-88.98014,0.0,22.858828,-91.71137,0.0
-44.355213,-36.65876,0.0,37.717236,18.554415,0.0
-83.31938,-52.168114,0.0,-61.79317,90.678345,0.0
21.75167,-17.643593,0.0,-5.2383137,-17.095833,0.0
-30.586771,28.798573,0.0,-62.55487,-52.40819,0.0
84.585556,-58.453983,0.0,20.91253,-19.222576,0.0
30.9308,-64.03429,0.0,-83.9548,-82.565,0.0
-7.6478877,-3.733136,0.0,-22.353632,77.91181,0.0
-9.964377,10.622646,0.0,-80.91048,-19.379625,0.0
97.16995,34.062332,0.0,-62.15536,-37.896267,0.0
-37.775635,-76.87971,0.0,-15.653468,-6.754976,0.0
60.617584,-87.39322,0.0,-68.831665,45.557964,0.0
-44.21275,-13.300834,0.0,23.728407,47.291603,0.0
82.40856,65.55547,0.0,31.361994,61.401913,0.0
-88.93603,-39.910057,0.0,-51.860046,-27.71725,0.0
89.97708,38.080677,0.0,-74.95461,-59.581738,0.0
-30.2482,24.53448,0.0,-77.49926,8.574188,0.0
24.316801,70.690834,0.0,86.55938,62.033375,0.0
78.66981,-60.050518,0.0,-39.614098,91.64239,0.0
-23.696653,92.47248,0.0,54.512943,-47.401226,0.0
-8.810651,78.87751,0.0,48.841366,-47.681713,0.0
3.372229,45.980366,0.0,-71.07472,-37.534027,0.0
-91.504814,-23.014364,0.0,-63.09851,-44.693146,0.0
-70.32803,25.839045,0.0,-61.898006,55.78403,0.0
58.102116,61.286167,0.0,53.523846,-84.83442,0.0
-67.15329,16.07206,0.0,-95.31792,10.123844,0.0
-39.366184,83.97265,0.0,30.717583,-28.092312,0.0
67.92588,-27.924376,0.0,-14.619584,96.38356,0.0
23.543236,70.70696,0.0,73.739105,-67.668396,0.0
-9.057486,-8.926461,0.0,91.46367,30.433825,0.0
27.337074,-86.897896,0.0,-3.1499474,-62.41564,0.0
-38.406147,8.037144,0.0,36.078365,-29.734352,0.0
93.83323,-63.057076,0.0,-51.239105,11.940416,0.0
67.250244,40.044106,0.0,-45.08262,5.573557,0.0
-48.134354,25.47211,0.0,-0.7743452,86.204384,0.0
-28.584442,-61.771072,0.0,-87.11956,-29.303068,0.0
65.07618,50.536232,0.0,30.011341,-34.830326,0.0
19.320278,59.43178,0.0,-45.8061,-21.987047,0.0
-94.910095,66.46106,0.0,96.61062,12.485741,0.0
-0.19170775,55.92423,0.0,-9.82326,96.66433,0.0
-79.496635,-36.804832,0.0,74.998924,95.21972,0.0
25.450562,61.52194,0.0,54.821426,-40.4271,0.0
-13.033435,-97.07196,0.0,-30.032343,-62.528675,0.0
80.900826,60.44864,0.0,-51.313816,-35.040985,0.0
-84.08136,-82.5189,0.0,-1.8937899,-91.833374,0.0
60.48957,-50.505558,0.0,-19.997448,55.311913,0.0
46.985886,-69.452934,0.0,-43.083298,-47.86927,0.0
-84.115456,-14.302968,0.0,23.18444,-74.42452,0.0
-3.329142,-33.66195,0.0,-63.700474,-51.10956,0.0
-44.306107,79.90743,0.0,69.838135,-84.36765,0.0
66.45553,-58.196926,0.0,90.00325,-7.1113873,0.0
55.65183,-68.73248,0.0,36.306885,-69.766426,0.0
97.82379,78.2034,0.0,70.0087,-82.87827,0.0
-94.891624,-9.214176,0.0,34.892994,-74.20658,0.0
-48.547108,-49.912918,0.0,-65.772064,19.585688,0.0
-60.537193,58.700737,0.0,72.7759,24.453184,0.0
52.887802,-69.35896,0.0,41.30454,-8.173689,0.0
12.547973,-71.96636,0.0,49.27013,67.478355,0.0
7.2244425,14.026439,0.0,-83.35783,99.263275,0.0
50.631264,23.346775,0.0,97.67523,51.317345,0.0
92.97466,45.111042,0.0,-1.188316,20.731802,0.0
22.954498,-69.20764,0.0,-3.3188162,-95.98199,0.0
82.81723,-96.03268,0.0,69.33581,-67.33869,0.0
-89.82325,-1.1297052,0.0,-83.223946,34.10168,0.0
-22.117294,-94.18248,0.0,86.19458,89.82554,0.0
-45.40863,-23.301477,0.0,-62.83663,74.29008,0.0
-43.442562,-92.03255,0.0,-84.14027,-42.593155,0.0
66.22878,89.30604,0.0,46.511055,-12.558909,0.0
-95.569046,-67.24074,0.0,-43.20515,54.164948,0.0
40.70484,32.16304,0.0,-50.09378,30.889397,0.0
24.68119,13.875474,0.0,-20.97245,-92.10809,0.0
22.747938,93.47401,0.0,57.051342,-98.535446,0.0
-86.540924,27.013231,0.0,74.842834,-55.588444,0.0
96.00957,24.03985,0.0,-42.288883,-43.19286,0.0
81.96307,-46.311497,0.0,80.46344,-31.649485,0.0
82.0643,60.7573,0.0,-66.0447,-91.892,0.0
-53.49837,26.851477,0.0,-75.073814,20.526875,0.0
-6.51647,6.1500816,0.0,36.553894,-66.34896,0.0
-39.917847,41.111385,0.0,-93.11708,-13.909823,0.0
-41.409367,-7.818739,0.0,-46.68252,-90.20573,0.0
95.959,67.481476,0.0,53.70393,50.395947,0.0
81.17211,-25.413574,0.0,16.982296,-97.56249,0.0
80.649475,0.033246152,0.0,-97.96215,-18.250538,0.0
89.26398,-90.83638,0.0,-35.81573,7.272484,0.0
-84.43528,-68.37392,0.0,42.51497,-54.61797,0.0
-8.008659,57.820625,0.0,-10.660982,-78.25036,0.0
-27.261145,-70.45521,0.0,-81.64059,-51.48369,0.0
88.48963,-22.352242,0.0,90.98757,59.427246,0.0
3.1722007,-19.605202,0.0,79.1113,42.597042,0.0
-87.65496,10.058089,0.0,-64.695656,28.90901,0.0
0.34565076,-73.27316,0.0,67.367645,-82.73085,0.0
-85.4568,55.57024,0.0,35.254524,29.806437,0.0
-38.77701,12.033556,0.0,21.696878,-73.61753,0.0
4.098959,52.13939,0.0,11.435562,18.458334,0.0
-95.38849,88.41807,0.0,29.40671,9.136154,0.0
15.958563,-66.69929,0.0,42.44404,-64.821945,0.0
-58.801502,84.84557,0.0,-80.66685,5.1901755,0.0
-37.12697,-22.837173,0.0,-2.2141712,-68.12876,0.0
33.329445,93.82955,0.0,78.38484,20.695051,0.0
-32.97803,-36.379906,0.0,-0.20651975,-26.274012,0.0
89.060844,6.470465,0.0,-3.280652,-27.391094,0.0
-44.27815,-3.9115665,0.0,34.277016,-24.505432,0.0
1.8452073,-93.8682,0.0,-40.367844,-64.3173,0.0
-87.36877,-2.118595,0.0,79.98089,-62.905243,0.0
58.785633,-45.45659,0.0,98.82745,-8.187505,0.0
39.95178,-17.06635,0.0,82.275375,-57.914158,0.0
-41.35343,-79.171165,0.0,-98.8945,-34.638237,0.0
76.03325,-39.235947,0.0,29.290232,95.99611,0.0
-12.8478365,-64.134766,0.0,-96.63907,-8.55136,0.0
-47.46655,68.361374,0.0,64.72959,56.266853,0.0
-19.134775,-2.0069628,0.0,34.95261,55.70836,0.0
94.062065,23.689247,0.0,-71.85576,-70.93332,0.0
-35.844612,-20.348589,0.0,83.254616,-84.46925,0.0
44.295288,77.17678,0.0,-52.392757,-41.575882,0.0
83.86379,-59.947487,0.0,-1.7679489,-93.103615,0.0
3.2524147,-86.21987,0.0,-38.907005,89.482475,0.0
91.12363,25.68486,0.0,-43.039978,66.20109,0.0
50.972286,64.062126,0.0,36.171978,26.707924,0.0
58.938053,-52.38023,0.0,-9.816155,-15.58852,0.0
68.79249,21.024221,0.0,71.77571,13.330596,0.0
-22.557404,93.29574,0.0,-83.1219,63.75282,0.0
95.501976,37.783897,0.0,32.552467,24.309145,0.0
57.39439,73.986084,0.0,65.9324,-85.52935,0.0
98.93398,-75.14877,0.0,-86.76268,-81.90944,0.0
91.019035,-11.382742,0.0,31.770266,-5.3044233,0.0
-12.417109,-35.890724,0.0,45.510895,99.77868,0.0
-43.502327,-69.156975,0.0,7.5056834,-76.78604,0.0
-23.775436,49.38273,0.0,-13.9147415,54.2696,0.0
95.831436,85.203125,0.0,5.4435186,-92.37605,0.0
-82.78578,10.612453,0.0,-75.80052,-96.58494,0.0
52.468674,-28.77695,0.0,40.151413,7.6624336,0.0
43.24271,20.197979,0.0,-92.10853,-93.55932,0.0
-35.367195,-45.366398,0.0,-23.232016,15.751679,0.0
30.692827,-79.31684,0.0,-87.86089,2.4356828,0.0
-56.673286,-64.52583,0.0,6.207064,67.02614,0.0
33.761726,17.319738,0.0,10.529599,-68.9989,0.0
78.69567,58.67579,0.0,1.3743937,-78.86169,0.0
-4.723785,75.15312,0.0,1.7249701,-39.301067,0.0
-39.791435,-91.87463,0.0,99.66612,47.87808,0.0
-53.19265,30.889898,0.0,-98.36041,97.42838,0.0
17.94411,-29.051224,0.0,74.912964,-47.1468,0.0
73.87535,-30.29808,0.0,77.81849,9.143747,0.0
87.819336,-80.19158,0.0,-80.16028,-37.171566,0.0
-55.24031,75.084274,0.0,-36.865177,39.866116,0.0
32.315823,-31.31493,0.0,-77.32447,50.70598,0.0
11.503439,50.879192,0.0,5.4010806,-74.27916,0.0
69.358955,-55.72811,0.0,2.6869123,-62.957623,0.0
-93.64098,-57.76227,0.0,-48.53196,-81.77832,0.0
30.829165,44.270706,0.0,-60.061337,-90.69509,0.0
48.259724,52.570217,0.0,28.753098,-24.739918,0.0
33.179283,84.887505,0.0,-36.68999,-42.712784,0.0
45.06875,-9.883934,0.0,-36.084103,-61.208534,0.0
-59.694584,-41.19499,0.0,-78.36702,-4.946105,0.0
84.485565,75.46394,0.0,72.70519,-30.605392,0.0
44.630653,-32.213715,0.0,72.62804,-47.74494,0.0
-40.286617,-33.678856,0.0,-46.319584,-56.940163,0.0
-42.88915,-30.661217,0.0,89.54871,72.88288,0.0
58.233242,40.025677,0.0,-57.958622,-55.49044,0.0
80.53286,8.462026,0.0,89.06614,21.862673,0.0
-36.051853,-57.850647,0.0,-49.896347,-76.97803,0.0
-52.24035,-50.23598,0.0,23.153269,-91.995705,0.0
-59.58289,48.01576,0.0,28.794521,-1.9527271,0.0
-23.755167,-68.67802,0.0,-69.202354,87.87679,0.0
-78.45097,52.801304,0.0,-5.38262,-1.6075035,0.0
-93.94991,-89.21857,0.0,7.7200656,69.37718,0.0
-7.953348,2.6739652,0.0,-9.174797,-91.88809,0.0
75.11275,23.408346,0.0,63.021355,-72.35801,0.0
28.568523,75.519295,0.0,-71.65407,82.150215,0.0
-91.64513,66.274055,0.0,-17.261633,7.2530527,0.0
-39.882484,-75.774055,0.0,-18.289568,-67.123085,0.0
-31.911087,74.52148,0.0,-19.007051,-74.334785,0.0
-8.067655,53.66728,0.0,70.94306,45.16719,0.0
-87.69522,-5.8060555,0.0,-97.459015,72.18877,0.0
31.983284,-90.69363,0.0,-22.65575,58.340546,0.0
27.498932,20.29883,0.0,-63.087982,26.928171,0.0
-71.33994,90.200264,0.0,47.121635,51.635937,0.0
28.700127,-64.41977,0.0,92.43189,54.068703,0.0
53.491394,26.178978,0.0,86.774506,42.092342,0.0
-84.011116,50.497,0.0,-61.19187,85.52916,0.0
-30.58308,-30.727884,0.0,1.7617694,72.10859,0.0
-7.765127,-63.309414,0.0,64.42798,91.33675,0.0
-47.915688,-59.12033,0.0,-28.864286,-85.126686,0.0
-49.076286,-47.93072,0.0,-45.999653,60.036873,0.0
-6.6594343,67.16811,0.0,-64.045265,-19.111046,0.0
-75.53659,63.146553,0.0,-93.283035,-98.73533,0.0
80.12573,-71.14095,0.0,-58.03329,-68.345795,0.0
81.72708,81.989815,0.0,-67.18115,92.04047,0.0
-51.00065,-41.157764,0.0,82.2666,68.01885,0.0
-52.47996,-19.595814,0.0,-81.17671,-53.2783,0.0
-45.119125,-34.09773,0.0,-83.44034,-30.520273,0.0
74.14988,-97.768875,0.0,-61.590694,74.12257,0.0
85.31065,99.13519,0.0,-97.45409,59.963467,0.0
-99.02855,-72.43288,0.0,56.686043,-80.56724,0.0
-55.831,50.988422,0.0,81.380066,-74.51364,0.0
-47.69865,-68.27423,0.0,-0.026379846,73.19157,0.0
86.57451,91.14754,0.0,-41.024414,74.07239,0.0
64.57327,17.524216,0.0,29.559546,-67.404305,0.0
-17.112898,-24.282965,0.0,-70.836845,66.92501,0.0
95.089676,50.82747,0.0,-94.45744,58.58282,0.0
24.802984,-83.34857,0.0,-0.9520235,56.146362,0.0
48.005005,-38.032997,0.0,63.258385,-89.11637,0.0
-38.97015,35.000298,0.0,87.86125,50.80206,0.0
-14.677124,15.100563,0.0,57.135323,94.83916,0.0
-10.097209,4.5676556,0.0,-69.11462,-1.9223055,0.0
-69.55401,79.16467,0.0,-16.62512,6.0523043,0.0
96.480606,-87.26769,0.0,-76.5162,73.83571,0.0
-29.561047,78.381424,0.0,80.14804,-55.14313,0.0
-75.72944,-54.754284,0.0,-95.01744,-36.62575,0.0
-69.8526,24.11184,0.0,-16.02608,22.656673,0.0
92.28965,-56.891666,0.0,50.836033,55.164524,0.0
-87.10331,38.423912,0.0,89.01232,61.615494,0.0
-19.793884,-15.546581,0.0,-95.510185,-14.243239,0.0
-49.72422,12.370032,0.0,54.623497,-70.328896,0.0
73.61382,72.10743,0.0,-76.40339,78.583374,0.0
-45.555557,97.3339,0.0,-7.395916,24.751474,0.0
-87.41152,-36.39037,0.0,46.840256,-50.286243,0.0
-50.46327,-58.853733,0.0,33.074917,-48.889393,0.0
58.38075,32.979256,0.0,78.611984,-19.885248,0.0
98.3526,-77.59613,0.0,-34.90961,80.17928,0.0
96.60441,-36.1423,0.0,93.104454,-88.453514,0.0
76.745026,11.260778,0.0,25.385578,-86.03261,0.0
57.233685,-46.0566,0.0,46.60636,22.051687,0.0
-77.178085,14.367922,0.0,9.607866,-78.74903,0.0
63.27763,-53.88746,0.0,-24.821781,62.911037,0.0
54.838093,-51.992317,0.0,45.820656,-49.618347,0.0
87.53297,36.762833,0.0,61.041264,21.594444,0.0
-21.45807,69.2521,0.0,34.140606,18.211313,0.0
-53.858727,-33.716072,0.0,-55.1304,32.351902,0.0
-70.50505,-16.390585,0.0,-67.91607,36.873196,0.0
68.12462,-49.15632,0.0,-95.95298,75.49402,0.0
-50.99498,57.86018,0.0,-43.760765,-72.35567,0.0
-95.49175,-13.613719,0.0,54.771454,-31.450462,0.0
61.264816,42.969612,0.0,-74.10276,-56.049377,0.0
85.52187,37.760487,0.0,-5.338883,-81.006325,0.0
81.771736,26.411123,0.0,-37.09057,56.64493,0.0
4.739419,-92.88293,0.0,20.782917,-67.935616,0.0
-16.844736,-4.8959146,0.0,12.040407,13.646543,0.0
-40.608223,-17.720404,0.0,-8.034413,-33.77042,0.0
36.569286,13.855793,0.0,26.597795,-21.87414,0.0
96.05872,-34.77254,0.0,-55.21407,6.457513,0.0
-46.38301,44.353092,0.0,30.599295,32.113438,0.0
90.224335,68.12509,0.0,-99.06697,-4.233688,0.0
10.47731,74.57091,0.0,27.647533,-37.43901,0.0
-64.82195,90.11561,0.0,25.269922,-79.79476,0.0
67.34219,34.3488,0.0,-87.82667,91.76701,0.0
-97.39993,-6.906852,0.0,91.15666,26.7362,0.0
-92.63743,-77.5269,0.0,49.368866,81.92879,0.0
89.67042,-3.112718,0.0,-76.80665,-67.388824,0.0
37.0487,-1.172483,0.0,-82.38861,-28.06431,0.0
48.53055,62.78397,0.0,-63.164352,-48.10982,0.0
-12.556097,78.58369,0.0,20.705088,-91.75699,0.0
-52.134903,-74.71269,0.0,-47.414272,9.641354,0.0
33.18287,-16.294392,0.0,93.64735,-86.77913,0.0
79.28012,76.99199,0.0,-51.029976,7.685858,0.0
10.706175,23.222155,0.0,-5.134884,-21.666689,0.0
9.547489,-83.35646,0.0,83.05038,-19.147457,0.0
74.269646,-29.997879,0.0,64.75555,42.087563,0.0
-56.48478,-54.721527,0.0,-99.61896,-59.19629,0.0
-7.2573557,-6.0605884,0.0,65.17736,-33.104942,0.0
-86.57613,-32.42202,0.0,-83.65102,8.0638275,0.0
-71.211006,53.622265,0.0,-71.495415,-67.53939,0.0
-55.79172,79.772156,0.0,-24.735409,19.858969,0.0
-64.322945,17.954735,0.0,5.6206603,88.90735,0.0
-79.05305,4.4497466,0.0,82.89214,77.21793,0.0
-88.883575,-77.60029,0.0,-92.632095,62.41831,0.0
-80.12968,92.46028,0.0,40.458965,39.41972,0.0
-88.6744,-68.66563,0.0,2.4282207,-90.862946,0.0
-35.18727,-94.30142,0.0,62.99663,-36.63338,0.0
53.5687,-67.364815,0.0,41.54747,-93.070885,0.0
35.88242,92.11502,0.0,-86.17542,-25.66202,0.0
-68.829895,-18.033176,0.0,55.307743,53.3035,0.0
-35.41187,57.89054,0.0,51.302765,50.01056,0.0
-31.973188,63.131115,0.0,83.05872,-76.504555,0.0
-42.57389,96.54602,0.0,36.90795,-25.437267,0.0
59.058475,5.2039757,0.0,28.367903,84.568924,0.0
28.831993,11.273438,0.0,-14.828095,-79.88775,0.0
-39.575954,83.8533,0.0,-82.517876,37.857857,0.0
25.623589,70.05947,0.0,96.149994,-81.19839,0.0
-33.338333,-40.9725,0.0,-40.860348,28.996223,0.0
99.43274,58.790348,0.0,24.258867,20.003197,0.0
-57.365448,-36.341312,0.0,90.47382,-83.48894,0.0
88.362236,-13.750486,0.0,-11.9844265,74.759056,0.0
-88.23024,-86.95097,0.0,-72.11422,65.608765,0.0
-62.40878,-72.88867,0.0,-93.572,-54.624912,0.0
89.81887,80.49857,0.0,-18.823269,-31.895779,0.0
-66.83521,29.045988,0.0,65.69296,96.18884,0.0
-86.686386,-93.22556,0.0,-80.19198,25.624332,0.0
-91.466675,90.56087,0.0,79.120605,10.205167,0.0
40.745396,-96.70104,0.0,-15.90509,-36.398304,0.0
70.5589,99.28388,0.0,-86.37089,70.51565,0.0
50.324116,-22.645958,0.0,79.74136,-64.55553,0.0
83.583954,-82.00193,0.0,-61.884514,10.10669,0.0
-60.435394,24.875057,0.0,-64.62104,-6.050361,0.0
34.85114,-9.094247,0.0,34.99946,90.925804,0.0
85.19225,57.23038,0.0,13.873944,58.315998,0.0
-54.570183,-22.074797,0.0,21.291552,51.067783,0.0
-47.06793,-64.07913,0.0,-66.80713,-54.996002,0.0
22.011898,19.292166,0.0,2.531967,-95.40521,0.0
97.09162,-49.28167,0.0,-11.303694,47.70314,0.0
32.813377,-68.69012,0.0,-76.88976,-8.849968,0.0
-34.60322,36.767483,0.0,-18.969746,12.176195,0.0
-72.068726,-4.512309,0.0,-76.60598,15.260177,0.0
82.60358,23.25688,0.0,-41.708305,-31.934408,0.0
3.7975812,-85.147964,0.0,-5.244596,-91.73127,0.0
51.54275,-66.35604,0.0,-9.557207,-96.680336,0.0
32.63557,-70.284546,0.0,-86.22718,35.04374,0.0
76.62991,-6.8564925,0.0,-63.12661,70.42874,0.0
79.56529,37.07119,0.0,0.19252624,92.364204,0.0
14.601756,-26.467289,0.0,74.29089,90.4665,0.0
98.06828,-39.069187,0.0,-93.077896,68.54565,0.0
-30.406805,27.599318,0.0,67.44617,-31.70699,0.0
-74.25906,97.075134,0.0,97.10648,-35.83299,0.0
-67.672264,5.2706966,0.0,15.917084,-34.957165,0.0
-66.829704,-22.088871,0.0,23.067583,71.87322,0.0
2.2900379,-88.378334,0.0,-95.33057,14.1561165,0.0
75.38574,-69.47747,0.0,-16.110931,64.43136,0.0
71.75157,45.486485,0.0,60.69834,60.63688,0.0
98.498924,-95.86227,0.0,-56.599903,56.004147,0.0
67.578865,-60.75019,0.0,-84.4241,67.64091,0.0
93.595375,26.856508,0.0,-53.67172,83.240295,0.0
-96.690384,-97.59072,0.0,78.564095,-92.29256,0.0
73.134865,20.8497,0.0,96.66498,-11.492305,0.0
40.002,-6.75482,0.0,-15.102766,83.63977,0.0
81.4988,-82.56844,0.0,38.644814,-40.365128,0.0
93.99189,-26.349953,0.0,-92.84609,-51.28192,0.0
48.50398,7.128231,0.0,24.678501,-18.571783,0.0
9.619692,13.541143,0.0,90.15787,-32.22414,0.0
-48.925694,67.30701,0.0,-3.0276766,94.45815,0.0
12.88901,68.611496,0.0,-76.88835,22.701126,0.0
18.893661,-81.38447,0.0,2.7378972,-79.4242,0.0
43.270374,99.655045,0.0,-13.49375,69.355965,0.0
7.2016864,91.07729,0.0,68.836494,58.11554,0.0
-33.483543,-53.281948,0.0,66.52853,78.14081,0.0
16.857344,55.476116,0.0,42.757923,-54.763313,0.0
-43.89646,-50.718586,0.0,17.294249,-90.06664,0.0
53.783936,-91.501495,0.0,-50.180363,14.738121,0.0
-86.59671,-66.06394,0.0,10.024161,-75.44281,0.0
77.17373,-70.900116,0.0,21.240364,19.591671,0.0
-40.084354,-37.930447,0.0,-48.412758,-56.63849,0.0
65.657,85.0593,0.0,67.0306,81.14586,0.0
-61.09135,81.18519,0.0,79.61263,-21.479946,0.0
-50.27882,-81.84506,0.0,-17.644733,64.298454,0.0
-48.440823,-82.259605,0.0,18.692776,46.929012,0.0
66.16209,75.65558,0.0,52.431847,8.105955,0.0
-43.32055,-1.4780786,0.0,71.59548,-67.24612,0.0
-26.568169,54.99766,0.0,80.79856,-43.537758,0.0
65.84672,-59.951057,0.0,-28.02896,-80.98521,0.0
38.47133,91.18514,0.0,88.77922,28.545906,0.0
62.304237,-56.721367,0.0,-90.44745,-88.45128,0.0
-37.811512,65.893654,0.0,-82.9619,36.284863,0.0
-37.721813,54.91524,0.0,-86.96662,2.6521149,0.0
-91.68705,66.84306,0.0,-58.81253,21.725048,0.0
82.34644,-2.2390368,0.0,-44.439243,85.00733,0.0
-47.466263,-36.444996,0.0,-93.351776,-53.69291,0.0
-63.104748,-27.552912,0.0,-33.097744,-94.76066,0.0
80.48762,46.34773,0.0,60.02078,-80.60841,0.0
64.81491,37.906002,0.0,8.838622,-87.11395,0.0
-86.32207,66.37157,0.0,51.127293,87.72223,0.0
-44.1427,-22.23267,0.0,12.3068,-65.79331,0.0
51.318787,64.48446,0.0,-56.701885,-47.28541,0.0
-75.76958,0.5577255,0.0,-92.05674,74.36288,0.0
49.39383,47.557175,0.0,-51.00378,66.583305,0.0
89.81112,-9.055504,0.0,-57.29094,-29.429193,0.0
29.572575,-66.71053,0.0,-60.276264,60.454727,0.0
69.48114,82.21141,0.0,81.59517,-69.75597,0.0
32.429317,-39.28176,0.0,63.052708,15.352479,0.0
61.688023,50.74064,0.0,87.17731,-53.766167,0.0
-95.42769,6.059829,0.0,55.4962,65.12168,0.0
58.33781,-75.56128,0.0,36.53027,28.46873,0.0
49.67555,-23.95748,0.0,-37.53144,-69.17871,0.0
40.109333,14.191363,0.0,54.101402,96.919975,0.0
20.357754,-67.73309,0.0,-97.13031,-47.609608,0.0
-27.996815,-74.64351,0.0,48.731525,-99.51092,0.0
-87.08179,59.681976,0.0,30.795235,36.91288,0.0
-94.678215,-32.4117,0.0,-79.68431,13.897974,0.0
40.959965,-97.86146,0.0,-60.19677,-55.66441,0.0
80.40905,-74.309364,0.0,83.97218,-2.477393,0.0
82.322205,88.9072,0.0,99.44325,75.47472,0.0
-10.27699,55.494522,0.0,-41.809784,-63.506054,0.0
7.2991614,51.2953,0.0,52.623867,79.73051,0.0
6.8145394,46.032803,0.0,-4.1052556,-22.811047,0.0
-13.181293,87.30415,0.0,20.712967,46.271465,0.0
-46.990543,34.4119,0.0,-89.595245,-77.27079,0.0
91.163574,95.52483,0.0,-73.99255,-75.011734,0.0
-69.812416,32.55012,0.0,44.595787,72.66791,0.0
-58.602962,-88.07208,0.0,-85.40842,-6.3679466,0.0
-46.16181,96.42527,0.0,-32.235073,-12.775747,0.0
-81.18777,-35.766632,0.0,-82.90751,98.33055,0.0
38.991882,-93.8621,0.0,-98.38591,81.65662,0.0
90.521355,29.068853,0.0,71.11688,8.25277,0.0
-73.12729,54.39671,0.0,99.22194,55.26275,0.0
-14.989075,-22.650358,0.0,-93.11466,22.6749,0.0
91.57757,-67.02222,0.0,35.033943,6.396813,0.0
85.916,-93.931274,0.0,-77.490616,63.02885,0.0
3.853668,-65.25348,0.0,89.24382,-13.68175,0.0
57.787735,43.051617,0.0,75.69329,44.44581,0.0
71.63148,-75.607056,0.0,6.383872,54.931927,0.0
43.982063,80.13258,0.0,-54.235126,99.45963,0.0
71.83095,42.995064,0.0,-80.04436,-71.19062,0.0
-89.67803,81.93162,0.0,72.08305,-81.60649,0.0
52.153873,-81.844734,0.0,-26.923302,-81.12484,0.0
-13.276044,84.171875,0.0,-2.7607956,85.32945,0.0
-10.113433,-92.68049,0.0,25.48409,15.252237,0.0
4.333867,60.477283,0.0,26.473522,-23.575129,0.0
-82.58982,83.91739,0.0,40.022907,-18.772337,0.0
72.74382,46.739635,0.0,-32.962437,8.396224,0.0
37.86184,32.53212,0.0,31.443127,36.10078,0.0
73.80796,40.832905,0.0,20.807404,63.422947,0.0
-50.28728,31.22697,0.0,84.75891,-24.609875,0.0
-8.215,54.364773,0.0,96.509674,7.805494,0.0
92.78557,-78.62036,0.0,62.834545,23.545113,0.0
-75.62546,3.5173378,0.0,-78.22571,-16.92113,0.0
-88.35188,20.957525,0.0,-93.481346,-62.699474,0.0
86.17243,95.45578,0.0,-56.974922,2.7934468,0.0
0.7487352,62.90258,0.0,63.85701,59.662636,0.0
-83.53666,57.302048,0.0,-60.268692,59.004433,0.0
76.56653,7.219592,0.0,91.48642,94.857,0.0
66.21984,75.65786,0.0,-2.8299894,-94.91248,0.0
-62.76123,-39.988743,0.0,41.39802,-25.572216,0.0
-92.64154,-73.929565,0.0,-50.36605,9.714392,0.0
89.812775,-9.871483,0.0,-39.662746,-52.491554,0.0
90.06372,12.222727,0.0,-29.433702,-66.83932,0.0
71.76762,25.901688,0.0,-39.227745,55.80339,0.0
88.87584,58.62876,0.0,93.73857,68.61794,0.0
15.523089,63.28716,0.0,85.64392,-64.09201,0.0
58.980705,-62.88853,0.0,82.41587,-86.05429,0.0
15.162968,-97.43556,0.0,-82.03846,46.8979,0.0
35.986675,-5.651681,0.0,51.665417,25.606297,0.0
81.14922,-66.60341,0.0,-47.847073,-35.20139,0.0
53.64555,-47.756657,0.0,82.39709,57.694122,0.0
-88.47048,-82.449776,0.0,70.09428,87.5584,0.0
87.66592,15.591652,0.0,47.556274,79.01531,0.0
-70.9995,-8.939378,0.0,53.96131,43.086994,0.0
94.19234,63.15567,0.0,70.06518,49.23444,0.0
41.993114,-52.454453,0.0,44.921642,60.848457,0.0
-73.84228,-1.5005434,0.0,45.323082,-15.116216,0.0
95.159584,-15.907322,0.0,16.851871,-80.78834,0.0
-15.503338,21.091455,0.0,-77.370094,-78.72114,0.0
31.54879,-5.0924525,0.0,96.89075,43.143127,0.0
36.715206,26.681618,0.0,-47.9367,-58.004616,0.0
76.96075,17.984478,0.0,9.055889,93.72658,0.0
13.083794,80.20901,0.0,-72.704216,-85.67536,0.0
-29.23969,-26.083292,0.0,-93.33832,63.453323,0.0
92.4408,-74.54513,0.0,-6.1956844,91.494255,0.0
81.31142,24.159225,0.0,-23.538086,-82.80817,0.0
34.694336,-45.952084,0.0,-1.6995537,-20.212137,0.0
-26.320482,53.160988,0.0,49.103466,26.495665,0.0
-30.926867,-35.202194,0.0,-59.940914,-13.099322,0.0
1.6240795,24.042103,0.0,57.875385,9.078386,0.0
-61.433426,32.082394,0.0,-73.91565,38.909298,0.0
-78.5656,-10.517525,0.0,-46.151352,-24.543167,0.0
-5.150365,60.558987,0.0,38.244564,-25.278513,0.0
15.089251,61.834095,0.0,10.29438,-74.02992,0.0
82.385574,84.389,0.0,78.09609,-57.34167,0.0
48.5475,66.64317,0.0,70.43363,98.08091,0.0
-35.271336,24.050913,0.0,38.381042,20.557629,0.0
80.194626,36.090595,0.0,93.50987,-72.64137,0.0
-27.715124,-80.13844,0.0,-24.908152,-91.90856,0.0
-8.621089,-17.82002,0.0,-89.563,87.84483,0.0
-22.11472,23.70565,0.0,-59.94355,-9.4587755,0.0
62.91237,42.458878,0.0,-17.558714,88.079285,0.0
-42.69604,-15.628453,0.0,66.92185,89.71078,0.0
76.90048,-27.703972,0.0,-1.605547,81.55495,0.0
-74.76925,-90.867256,0.0,-8.56125,-35.31748,0.0
20.215876,75.9917,0.0,-89.59614,-81.402794,0.0
18.768055,-91.48786,0.0,-44.724728,-3.5109656,0.0
70.8643,-37.388176,0.0,34.29388,9.255468,0.0
-36.947678,-28.651638,0.0,-18.848446,90.35926,0.0
98.841095,-65.3749,0.0,38.013645,71.52913,0.0
-34.866787,-28.089407,0.0,9.909185,18.321795,0.0
58.017254,13.290831,0.0,-60.77476,34.820892,0.0
-48.012142,71.75357,0.0,62.26725,57.837933,0.0
-8.920761,-2.5197716,0.0,-62.641712,97.8091,0.0
50.446613,83.36213,0.0,-69.156235,63.087177,0.0
38.16368,-89.91232,0.0,-32.93252,-0.013658029,0.0
-46.754345,20.6583,0.0,33.780025,31.004944,0.0
95.20031,4.092004,0.0,52.69464,71.6836,0.0
-45.3056,7.5327153,0.0,89.799835,73.201294,0.0
66.771385,12.045441,0.0,55.06696,-22.832325,0.0
-65.38042,45.14505,0.0,15.088094,76.59197,0.0
31.648184,58.94384,0.0,-33.918396,61.03627,0.0
-66.700676,-33.38237,0.0,75.313255,35.65514,0.0
78.37142,24.972902,0.0,-5.3328333,-98.09633,0.0
95.41301,-48.68539,0.0,-60.0995,-14.810289,0.0
45.772293,-80.92014,0.0,-14.259596,-94.166046,0.0
35.614166,-48.3709,0.0,-77.530266,-96.674225,0.0
83.095375,-74.87746,0.0,-16.310644,-31.08762,0.0
13.549151,17.822378,0.0,31.133854,-20.454908,0.0
-15.634524,-25.595575,0.0,0.8486544,-35.014233,0.0
-80.33605,63.297623,0.0,0.21689218,20.203215,0.0
-60.113144,-91.92682,0.0,97.323875,-82.19523,0.0
-8.391843,-36.002937,0.0,56.46322,70.93161,0.0
48.752594,37.242,0.0,-35.890182,27.503357,0.0
32.98234,59.08999,0.0,85.43557,-53.071583,0.0
-86.32936,56.751972,0.0,-42.848335,-13.446627,0.0
71.4449,-78.459496,0.0,-73.69313,-65.063614,0.0
75.05317,37.798454,0.0,26.707634,72.816505,0.0
29.127947,94.24837,0.0,82.24708,-43.339424,0.0
-19.650957,-85.81841,0.0,53.50134,-85.749466,0.0
-53.04258,-17.465014,0.0,60.057922,13.5983,0.0
-95.627426,78.86272,0.0,-69.83613,-69.22797,0.0
-32.179565,17.534765,0.0,93.86384,42.889336,0.0
-55.29101,-3.760059,0.0,-9.888389,-30.481577,0.0
43.429348,-29.745087,0.0,3.511814,92.72855,0.0
-56.390076,39.91995,0.0,-29.617014,81.7742,0.0
-78.05104,-53.229755,0.0,74.80949,-99.04268,0.0
28.674784,14.392777,0.0,22.295132,95.583694,0.0
87.000435,-19.336191,0.0,-75.84444,33.145042,0.0
-49.839367,44.385754,0.0,89.08428,8.3561945,0.0
30.59794,-61.34267,0.0,28.84478,-12.853732,0.0
45.12556,-47.691334,0.0,-88.146416,51.971554,0.0
15.492525,-37.99842,0.0,-98.11393,-65.93616,0.0
94.59206,30.937927,0.0,69.77379,33.29657,0.0
-52.973404,25.732985,0.0,-10.205283,78.30841,0.0
-83.001854,-97.22324,0.0,75.81352,-94.73945,0.0
4.8339972,-85.2175,0.0,91.20268,-15.84621,0.0
-61.59787,82.90733,0.0,57.034317,-98.44487,0.0
66.53702,87.768814,0.0,90.177376,99.995,0.0
-38.702145,-38.130383,0.0,-58.825382,43.96096,0.0
-90.21178,-35.46437,0.0,-45.554337,98.0096,0.0
-72.542076,-22.054478,0.0,71.80675,-45.938385,0.0
92.27279,98.84818,0.0,-41.660812,19.131294,0.0
99.13914,6.2381644,0.0,-99.5526,-61.347927,0.0
95.95052,-13.603437,0.0,-93.701355,-60.953007,0.0
35.122562,-98.359146,0.0,-58.973335,-93.63164,0.0
-75.82728,78.99695,0.0,-1.8406235,-97.24125,0.0
-51.63146,-37.17144,0.0,80.62009,31.545954,0.0
67.72787,47.579052,0.0,-31.477177,-75.94238,0.0
64.3763,55.542072,0.0,76.779205,-29.406874,0.0
-70.00579,-34.061024,0.0,-72.616844,44.982624,0.0
-69.270836,97.976524,0.0,-31.100994,-41.60532,0.0
-82.81351,-43.042538,0.0,34.241882,-89.227516,0.0
-43.46866,-44.121975,0.0,-20.377571,-29.992739,0.0
-59.502243,61.070152,0.0,-76.32216,36.295578,0.0
64.01618,-86.74353,0.0,-11.220266,-33.125645,0.0
68.091194,93.28046,0.0,-86.02817,-39.8339,0.0
5.1698613,-65.27615,0.0,9.108185,-29.157284,0.0
29.724693,61.18346,0.0,84.530525,55.80021,0.0
14.079584,-30.115005,0.0,91.10903,-42.69073,0.0
-80.01262,76.23784,0.0,-39.159096,30.878668,0.0
-89.47364,-85.20395,0.0,7.759642,60.912437,0.0
0.32390752,-69.77233,0.0,-25.896635,-39.712875,0.0
3.0550208,99.27149,0.0,-68.06759,7.4079742,0.0
-1.9700582,83.18265,0.0,17.017342,12.4920225,0.0
-33.47977,-29.081001,0.0,-93.14252,-63.790134,0.0
65.99644,72.594986,0.0,9.24929,49.000732,0.0
-42.68707,14.306435,0.0,-59.082333,-51.457447,0.0
-35.50526,-88.199326,0.0,87.79265,34.78414,0.0
-70.64729,-73.8646,0.0,-65.326355,69.8401,0.0
-92.57289,-35.949917,0.0,-50.702797,-77.83453,0.0
65.259575,-59.26348,0.0,84.15615,-10.338065,0.0
65.8221,44.090298,0.0,-48.425312,-93.95453,0.0
-35.413788,-88.839874,0.0,56.379047,-20.604328,0.0
-30.406393,24.339455,0.0,83.326706,93.12138,0.0
94.5216,-59.209347,0.0,-41.645653,-59.7181,0.0
33.976166,-53.099144,0.0,-79.09273,-49.827118,0.0
42.508614,80.118774,0.0,-94.329926,5.082734,0.0
-8.625093,-34.82405,0.0,97.489914,73.70082,0.0
-32.14537,52.32069,0.0,43.242966,-32.13481,0.0
16.40244,-32.2825,0.0,-77.27282,46.780407,0.0
32.197964,-80.38571,0.0,33.756935,95.67224,0.0
79.79026,-64.47889,0.0,92.70872,20.7105,0.0
89.51188,-44.233986,0.0,-53.59955,-17.801168,0.0
38.208874,-25.705706,0.0,86.99588,73.2796,0.0
42.86541,77.83807,0.0,66.642746,24.549646,0.0
-98.8842,-70.30484,0.0,73.4688,-47.228523,0.0
34.852116,-43.461353,0.0,-32.502167,-58.89712,0.0
82.5561,43.581818,0.0,38.65163,-49.672173,0.0
60.05436,-20.397852,0.0,68.3823,-98.1899,0.0
57.61944,95.22041,0.0,-55.218678,39.84678,0.0
-70.35866,49.786724,0.0,94.997375,18.399183,0.0
86.81985,-7.6057143,0.0,-32.026577,78.76283,0.0
-89.62255,-71.818214,0.0,47.15029,96.959694,0.0
99.70546,17.921392,0.0,-90.46934,-5.9579935,0.0
-13.427353,52.12747,0.0,39.701416,-51.787033,0.0
-50.29837,-66.24527,0.0,69.8859,81.4172,0.0
11.595037,22.793243,0.0,-80.71725,20.562826,0.0
40.226967,15.997734,0.0,24.901335,-91.76787,0.0
-25.821459,-31.27757,0.0,-75.32303,57.189457,0.0
63.494595,-97.74994,0.0,-89.040596,83.83584,0.0
-73.78594,43.82388,0.0,99.15251,-92.37414,0.0
-45.017395,85.02682,0.0,25.292538,51.445812,0.0
-7.700726,-81.16165,0.0,-23.013771,73.63863,0.0
-84.06311,-13.478323,0.0,8.081561,64.96004,0.0
-99.883316,-37.483727,0.0,-21.245142,-25.231117,0.0
-88.118546,48.90294,0.0,-5.7501955,-94.92566,0.0
-96.593704,16.421541,0.0,76.15442,-56.490112,0.0
-17.39835,10.004326,0.0,-69.647675,-63.21738,0.0
-15.256801,65.29671,0.0,-37.794445,53.22517,0.0
37.13077,8.4718,0.0,76.519966,62.97802,0.0
49.309586,-23.812944,0.0,-42.275913,25.21854,0.0
72.46789,-42.423027,0.0,-11.645973,-64.16982,0.0
65.87893,66.727844,0.0,-61.90931,-58.626347,0.0
62.47376,14.748852,0.0,-61.969227,35.408142,0.0
-51.55856,88.10459,0.0,-43.97853,53.430443,0.0
11.7673025,47.30813,0.0,50.85451,81.368576,0.0
-84.6396,16.61541,0.0,-22.367113,71.29428,0.0
-31.091658,73.52774,0.0,97.021515,-99.86506,0.0
-41.521996,-52.478878,0.0,-39.46463,-60.335873,0.0
-85.26522,-93.62819,0.0,-48.64986,84.3066,0.0
48.08412,46.18751,0.0,45.96026,-6.4614763,0.0
-16.35924,-86.18091,0.0,-8.674609,-31.786846,0.0
-89.16242,-92.51416,0.0,83.68714,-36.067207,0.0
71.603546,11.794187,0.0,96.82086,-51.52726,0.0
49.80963,33.29071,0.0,-68.22713,-27.95678,0.0
-22.182243,22.48787,0.0,-20.2792,61.928246,0.0
38.465416,28.367624,0.0,-52.57862,-0.12398413,0.0
-49.601696,-11.30686,0.0,28.459621,-37.748615,0.0
33.53949,-75.83146,0.0,60.31627,27.283587,0.0
-96.12382,58.701607,0.0,61.538452,52.867332,0.0
-7.439837,-79.083694,0.0,15.805399,-93.74512,0.0
81.38672,-99.16169,0.0,82.18033,17.671389,0.0
-89.688,32.04022,0.0,84.89565,23.527565,0.0
46.67061,-1.9682559,0.0,-60.481457,22.905663,0.0
-45.523685,-38.248394,0.0,50.8403,-46.68922,0.0
-47.617493,13.125108,0.0,-91.73184,-94.109886,0.0
82.31917,50.03371,0.0,-47.711243,-47.626854,0.0
30.511433,-64.8754,0.0,14.615187,-87.06008,0.0
70.169685,-27.956156,0.0,-37.83391,46.68874,0.0
10.583893,-79.16792,0.0,33.98461,73.45311,0.0
-7.263364,-30.682055,0.0,-53.24636,-22.91527,0.0
-2.2619052,-72.370926,0.0,59.193268,-75.524536,0.0
56.569862,-85.75944,0.0,51.33433,-69.00285,0.0
-98.05401,51.489597,0.0,36.38803,12.961019,0.0
45.36898,-21.087494,0.0,-67.27974,5.248205,0.0
36.604248,86.72937,0.0,-57.516068,-81.74787,0.0
76.30642,-57.255226,0.0,92.12868,85.40379,0.0
-17.464378,-11.186269,0.0,60.59687,-95.71195,0.0
75.68713,92.64436,0.0,25.193403,-89.2167,0.0
92.706,-89.90612,0.0,60.049557,81.61625,0.0
73.95475,49.51562,0.0,73.53777,95.13043,0.0
-89.06569,17.625864,0.0,-68.03219,-40.025536,0.0
-31.900162,-25.933893,0.0,-10.672307,49.72195,0.0
2.099701,67.72369,0.0,86.74238,46.354053,0.0
-50.529724,46.329178,0.0,-8.816812,-85.75866,0.0
30.960339,-38.52574,0.0,-51.57877,-4.3807716,0.0
52.78216,51.431732,0.0,-45.941196,-49.03664,0.0
85.663,-74.29691,0.0,66.693665,-55.62358,0.0
-47.54381,88.59759,0.0,-11.137704,-12.127731,0.0
62.96472,-28.407948,0.0,47.32444,94.683525,0.0
41.426025,43.886333,0.0,-45.62798,-8.879943,0.0
95.120384,-86.94465,0.0,64.367874,29.261982,0.0
19.079016,-30.944866,0.0,39.074043,56.232643,0.0
-13.105758,52.082478,0.0,-66.81718,-20.777376,0.0
-77.37204,-11.771598,0.0,-54.893322,41.490944,0.0
-89.618706,1.2344453,0.0,-87.25215,3.6796079,0.0
-47.782917,83.17457,0.0,-97.639465,17.404413,0.0
2.2151406,99.19984,0.0,79.74107,-79.22096,0.0
-32.589664,7.4378023,0.0,-81.09307,-5.64135,0.0
-74.24269,-9.451614,0.0,16.266241,-28.81104,0.0
26.40476,-66.95398,0.0,71.53908,-36.640182,0.0
-85.27859,-56.526012,0.0,-58.094707,-97.05376,0.0
3.8668401,76.889626,0.0,87.03615,-99.00349,0.0
35.692715,90.80316,0.0,2.2009523,82.76296,0.0
-30.521595,4.49315,0.0,-91.641884,-81.839836,0.0
-71.37976,-48.371487,0.0,-15.931805,59.854713,0.0
-86.03075,45.697163,0.0,29.753483,2.3907773,0.0
36.962666,-64.83796,0.0,-87.85534,72.04866,0.0
65.6095,15.965536,0.0,45.627598,-98.80961,0.0
19.98824,-77.72544,0.0,54.434063,47.567448,0.0
90.94754,92.25032,0.0,91.477646,57.48236,0.0
-20.941502,96.63247,0.0,-51.037655,-24.725876,0.0
75.9336,-63.730354,0.0,-7.283831,47.737556,0.0
33.567905,-73.6562,0.0,-6.1852417,85.09503,0.0
80.33189,78.20413,0.0,41.027145,-35.574192,0.0
74.90041,32.98505,0.0,50.194164,-62.81441,0.0
-63.95648,-64.51788,0.0,70.238144,67.61521,0.0
-32.821346,-68.05053,0.0,-63.046375,8.262749,0.0
-44.59777,98.21963,0.0,67.59933,-47.69167,0.0
19.878723,91.83592,0.0,99.77016,-27.769213,0.0
99.02855,-67.15207,0.0,-44.66741,63.611557,0.0
79.61181,-68.24131,0.0,-93.032524,37.524532,0.0
-91.90309,7.202414,0.0,32.376457,-50.839035,0.0
-31.458044,-98.742615,0.0,-43.527435,86.61078,0.0
-10.982084,52.668015,0.0,69.969536,19.215502,0.0
41.69851,-38.297787,0.0,63.33648,13.459971,0.0
84.876366,87.50235,0.0,69.7785,-82.08868,0.0
3.1885798,97.75552,0.0,32.66563,40.84323,0.0
-89.33453,97.04896,0.0,29.988762,8.493843,0.0
15.898292,89.104004,0.0,-75.706055,5.0780015,0.0
-34.224556,-83.606995,0.0,-72.226555,-91.38038,0.0
81.16566,29.534658,0.0,-63.94615,11.958405,0.0
11.203659,98.58411,0.0,-70.99551,-80.075645,0.0
-84.689606,57.293404,0.0,-60.753307,-67.12162,0.0
28.488476,66.27579,0.0,85.27493,-78.33436,0.0
74.80555,11.310691,0.0,41.112293,-72.93771,0.0
-36.24204,-50.761105,0.0,-17.461721,85.28804,0.0
94.41803,73.13471,0.0,5.2264066,-70.921646,0.0
-6.8474226,69.6862,0.0,-2.8817015,75.06989,0.0
-1.6342002,19.408691,0.0,16.594574,68.973526,0.0
38.061237,69.3812,0.0,-90.43909,-70.811516,0.0
-60.830128,-31.232527,0.0,-19.874434,-95.25445,0.0
40.92249,-15.300571,0.0,-57.017174,-48.827168,0.0
-45.82721,-10.070042,0.0,84.44505,20.956352,0.0
-93.7274,10.558178,0.0,-47.81621,5.7499356,0.0
0.8581547,11.094436,0.0,87.41119,59.609753,0.0
44.93917,-28.361124,0.0,33.46762,-10.738755,0.0
35.922447,-52.51632,0.0,28.797346,-30.172194,0.0
-96.94754,-56.073452,0.0,77.91399,17.529295,0.0
-70.57032,97.72364,0.0,-98.67844,-67.583565,0.0
65.75735,12.955475,0.0,-36.0172,-35.98846,0.0
-37.690983,-52.20803,0.0,76.5768,-61.22585,0.0
70.70262,-36.719517,0.0,49.15469,89.33226,0.0
-99.99954,-27.144278,0.0,37.901974,-32.173836,0.0
-15.589631,96.58239,0.0,26.047249,84.868614,0.0
-38.63552,42.301178,0.0,26.639566,3.766009,0.0
-42.35036,4.004946,0.0,-87.90611,-22.615606,0.0
-84.191765,67.5829,0.0,32.52177,-16.682882,0.0
-59.049725,-61.179733,0.0,49.07345,34.83632,0.0
2.373971,-87.210724,0.0,49.83388,66.20395,0.0
-50.54478,39.760986,0.0,39.00327,41.77885,0.0
85.62068,-0.69370794,0.0,39.38752,-96.144394,0.0
62.59349,-83.01854,0.0,-99.0322,-79.34973,0.0
-16.333603,13.737205,0.0,37.75113,-63.333572,0.0
-22.938221,-96.34059,0.0,29.330788,-17.713057,0.0
32.70384,25.301773,0.0,33.149742,-45.6947,0.0
34.874622,63.148354,0.0,90.1647,87.20268,0.0
88.17713,-64.20224,0.0,66.130585,28.874918,0.0
-31.421698,-97.471725,0.0,63.690178,39.69939,0.0
30.61258,50.063213,0.0,-24.714375,84.854454,0.0
93.51719,87.69618,0.0,-73.93008,48.812878,0.0
30.140808,55.100536,0.0,-35.500973,-2.843138,0.0
82.476616,-84.734436,0.0,-37.799854,98.23602,0.0
39.065884,48.2214,0.0,-48.18036,-31.180048,0.0
-70.02761,-33.264194,0.0,80.12219,95.002655,0.0
40.73357,-57.70644,0.0,18.990019,45.359592,0.0
20.151873,6.864853,0.0,-72.06144,53.974518,0.0
70.778275,-64.468124,0.0,-26.552942,24.447557,0.0
-11.067865,46.867283,0.0,-86.3579,86.09163,0.0
-3.3054378,67.33252,0.0,-39.519417,-10.09651,0.0
-99.4498,-26.859896,0.0,-72.241905,37.93774,0.0
-87.589775,-2.1937377,0.0,-66.05281,-79.95885,0.0
29.102938,-96.14553,0.0,85.364006,19.470211,0.0
39.717693,-31.581205,0.0,-71.778786,69.33346,0.0
-93.99567,-51.00398,0.0,-26.768929,-36.049095,0.0
23.545668,-87.18969,0.0,67.76127,-62.582355,0.0
-61.87336,71.10402,0.0,-34.784443,-65.57549,0.0
-26.008507,86.61501,0.0,-36.970005,60.152493,0.0
-76.61617,92.3416,0.0,47.933876,-68.71284,0.0
84.51167,-2.56426,0.0,29.078485,-69.301025,0.0
-85.134636,27.050817,0.0,68.05769,43.90497,0.0
86.32584,75.41382,0.0,-9.282608,58.439426,0.0
-81.63489,57.826206,0.0,67.546196,48.984222,0.0
72.63544,-48.15305,0.0,28.81152,-85.38,0.0
30.935627,85.27744,0.0,-28.724915,-69.72669,0.0
-67.42234,-93.51342,0.0,48.820564,67.067665,0.0
-78.825134,-29.020462,0.0,31.631962,-85.97837,0.0
-87.9951,-62.05173,0.0,61.993683,-40.89526,0.0
1.8844262,99.33937,0.0,62.79405,23.043882,0.0
30.308996,79.28817,0.0,98.18569,84.5941,0.0
-43.761818,92.96306,0.0,62.74831,19.05803,0.0
-11.325899,95.2962,0.0,-30.708647,-72.453285,0.0
-99.40668,-58.3973,0.0,-6.2216954,-63.807343,0.0
22.698551,-80.862755,0.0,83.10335,70.50213,0.0
-41.31123,54.71594,0.0,-44.73273,-74.46355,0.0
61.94427,13.117168,0.0,60.891277,5.7313395,0.0
-67.79523,57.119934,0.0,-79.1112,57.039555,0.0
6.8305492,-95.06027,0.0,47.573013,49.71165,0.0
-89.91891,-36.798992,0.0,60.622692,23.428837,0.0
-98.08861,59.627785,0.0,-17.125582,5.542301,0.0
-97.63035,-0.836084,0.0,9.806548,23.628021,0.0
-55.657326,0.90062726,0.0,28.10399,93.336945,0.0
-89.009384,-37.354633,0.0,43.23791,-23.649895,0.0
31.141104,95.211494,0.0,-65.7564,-6.920453,0.0
-44.809147,98.15256,0.0,83.81621,72.92658,0.0
-87.92017,-91.06106,0.0,-84.239815,-52.086452,0.0
33.012215,49.953327,0.0,80.27425,-57.58724,0.0
-94.67733,56.288742,0.0,35.260853,6.483619,0.0
66.802,36.511066,0.0,58.341434,59.54387,0.0
58.637745,-29.308374,0.0,-77.10055,73.66568,0.0
1.8439556,-76.92732,0.0,-5.531939,59.34906,0.0
-79.79115,-43.508846,0.0,-54.433712,1.8384197,0.0
-66.94908,-1.0097581,0.0,97.4261,-60.986347,0.0
-92.18875,-5.4091287,0.0,-33.195587,-25.994303,0.0
-78.01499,-6.6304917,0.0,94.87724,89.52863,0.0
-99.48437,-50.135044,0.0,-66.68656,86.35813,0.0
-30.471785,-51.212955,0.0,-4.9873767,91.45527,0.0
-39.446796,-55.434223,0.0,62.093647,30.123587,0.0
73.75762,13.934505,0.0,80.96735,64.03609,0.0
-14.962272,53.628845,0.0,-10.1606045,98.14343,0.0
95.11945,79.62618,0.0,99.64694,73.78176,0.0
34.134842,-90.67179,0.0,14.845793,22.012241,0.0
88.996956,-71.67773,0.0,28.56668,-23.603989,0.0
-25.295074,73.403015,0.0,-37.950714,-84.11526,0.0
-26.430515,62.6918,0.0,31.568388,35.488426,0.0
82.31496,54.10174,0.0,-7.1759725,18.896778,0.0
-69.42851,26.316925,0.0,74.78646,58.319065,0.0
-11.9474945,72.69634,0.0,67.62169,-25.56349,0.0
-70.39584,65.766205,0.0,93.59861,48.105442,0.0
-7.106303,98.498886,0.0,-54.13067,29.440222,0.0
-75.31003,-58.803993,0.0,-99.81132,-92.14699,0.0
20.727438,-84.6041,0.0,-84.88328,90.28464,0.0
-95.5548,-96.92634,0.0,-97.75922,-29.378872,0.0
52.044395,92.83462,0.0,84.30063,-23.123386,0.0
-52.67209,-54.020416,0.0,58.846767,-97.118744,0.0
-9.62824,74.03929,0.0,-49.60162,67.80784,0.0
-89.48115,46.779606,0.0,-67.975624,18.278069,0.0
79.60911,-82.41337,0.0,-57.078377,73.03568,0.0
82.41229,90.798325,0.0,-61.536335,-38.280663,0.0
-79.71414,-16.01141,0.0,-33.72064,41.404114,0.0
98.58955,0.39318272,0.0,-49.85839,-34.14338,0.0
5.518051,-32.831436,0.0,-30.913713,69.65933,0.0
45.418606,32.90692,0.0,43.701294,-74.83958,0.0
25.282898,-69.10498,0.0,-23.85858,47.182125,0.0
92.8358,-52.985065,0.0,70.73276,-80.98544,0.0
8.854375,-28.487226,0.0,38.05108,-5.7087317,0.0
35.296207,-58.996258,0.0,54.363266,96.23044,0.0
-63.875725,94.14561,0.0,-81.60451,63.55385,0.0
95.630325,-62.77487,0.0,67.31621,-43.063305,0.0
78.06484,-71.84794,0.0,70.9057,94.01383,0.0
55.693672,-86.03674,0.0,-51.310875,98.14501,0.0
-82.40575,-87.738495,0.0,48.267357,-4.190547,0.0
63.840916,84.88747,0.0,-16.12126,-33.695858,0.0
-59.042423,49.699726,0.0,82.62293,-66.6017,0.0
-88.28885,56.687244,0.0,78.12312,2.4538617,0.0
-56.234768,55.29301,0.0,-82.74147,-68.429115,0.0
-29.846762,-93.3344,0.0,-93.02738,-55.05116,0.0
-94.47639,-54.447998,0.0,-62.311996,-27.071072,0.0
41.01206,31.497322,0.0,-61.107502,83.60173,0.0
-32.12012,1.026487,0.0,24.866848,95.419914,0.0
-95.43298,-83.69622,0.0,10.017092,-31.885395,0.0
-84.122734,83.789154,0.0,-97.32807,77.3325,0.0
15.189538,-24.07295,0.0,47.406277,32.69845,0.0
97.05381,38.17932,0.0,-45.83092,-48.368763,0.0
-52.975372,22.20698,0.0,-90.15532,-55.28397,0.0
-47.17969,13.582926,0.0,-93.19064,-58.06434,0.0
95.05285,66.53528,0.0,-49.629543,-78.0437,0.0
51.884098,-88.313805,0.0,-61.57024,19.13543,0.0
-55.030468,-23.660984,0.0,-38.40127,73.32088,0.0
46.181946,-88.536415,0.0,-83.145035,85.823,0.0
-35.86836,26.210985,0.0,-84.74156,53.297028,0.0
42.88838,77.87782,0.0,86.31896,-27.337803,0.0
-19.426443,-11.84701,0.0,67.500084,44.703415,0.0
-95.93586,16.524311,0.0,-71.26746,58.26964,0.0
-54.44143,-50.484474,0.0,40.03231,83.102295,0.0
-4.9031787,-70.51902,0.0,62.92233,-79.232346,0.0
-67.14263,56.63229,0.0,-75.50043,26.981339,0.0
-63.79578,91.7726,0.0,15.201352,-74.67202,0.0
0.05613423,76.908455,0.0,89.06291,-52.948994,0.0
-93.136955,-97.788704,0.0,7.9331603,85.67233,0.0
-46.280994,-39.687424,0.0,55.094505,-87.55829,0.0
-69.80335,-51.89017,0.0,-63.96356,26.190971,0.0
70.83141,54.07461,0.0,83.41559,-52.58336,0.0
-45.864815,83.90927,0.0,92.85785,-81.06525,0.0
-82.416374,4.16031,0.0,80.20569,-92.25623,0.0
76.49036,-92.00138,0.0,53.38912,-61.118298,0.0
-3.4856958,52.300034,0.0,-49.54688,71.8611,0.0
-86.97544,0.5175286,0.0,-0.1842459,-67.285736,0.0
-97.36739,22.014791,0.0,68.04053,81.31064,0.0
49.118607,61.78498,0.0,45.788742,-2.7194548,0.0
-89.91987,-60.716774,0.0,-97.064575,-94.63083,0.0
49.067776,-5.5644207,0.0,89.38349,-59.458584,0.0
98.80829,21.907637,0.0,-55.41835,34.853733,0.0
-38.182972,-13.188748,0.0,-23.329933,90.00935,0.0
13.482193,75.13471,0.0,-64.48859,64.91889,0.0
65.34142,-68.603195,0.0,68.758835,28.005493,0.0
-38.046936,4.376887,0.0,32.7409,-23.779896,0.0
61.16783,-45.4753,0.0,56.21676,-38.945683,0.0
-13.044635,62.044724,0.0,98.85203,94.499565,0.0
46.91908,27.062262,0.0,-43.692913,3.1294317,0.0
-81.520874,-62.51493,0.0,60.952644,39.411446,0.0
32.829533,27.70286,0.0,82.46091,39.948986,0.0
-96.94347,-74.76323,0.0,-63.290295,-62.29902,0.0
45.61899,60.0866,0.0,23.062565,-62.414482,0.0
-98.73219,-64.214386,0.0,61.165524,96.73592,0.0
-59.395252,27.930525,0.0,-72.42596,-43.97581,0.0
-2.6249542,16.727179,0.0,15.563873,-20.303259,0.0
94.640144,-57.942863,0.0,-75.414375,48.147392,0.0
79.638504,-45.160965,0.0,-84.222534,90.49178,0.0
-61.150776,-61.13317,0.0,-64.98544,-30.512268,0.0
17.368881,63.666573,0.0,-77.00638,-85.4913,0.0
22.827913,4.7621074,0.0,15.546826,71.04824,0.0
4.399788,70.64476,0.0,-58.19737,56.324944,0.0
94.35155,-63.94126,0.0,12.327899,49.408768,0.0
-11.804614,1.327678,0.0,63.065533,70.62709,0.0
-11.6764965,-67.481026,0.0,22.18756,57.12097,0.0
74.28722,-63.67962,0.0,58.02867,48.26555,0.0
-89.898506,-91.223785,0.0,44.07464,-11.104006,0.0
-53.72567,-40.25843,0.0,-5.342197,-24.192675,0.0
-38.819817,75.224976,0.0,97.229225,58.132446,0.0
-78.73115,67.91636,0.0,23.519438,-65.223076,0.0
-71.48636,-60.60989,0.0,-31.09405,87.81535,0.0
8.679404,-64.6436,0.0,27.446943,95.7974,0.0
81.73044,-92.908195,0.0,72.179085,68.69539,0.0
53.75777,92.794266,0.0,-32.31632,-77.654625,0.0
50.70504,32.582436,0.0,21.12974,75.4372,0.0
-23.116358,-81.37814,0.0,-39.42101,-0.39792186,0.0
-74.223335,-41.32368,0.0,42.830296,33.75376,0.0
-52.550613,69.70727,0.0,-23.74584,64.39962,0.0
94.058624,-40.664387,0.0,45.571617,78.693054,0.0
97.41791,50.21977,0.0,-46.244625,-35.527782,0.0
26.285362,89.77031,0.0,-58.30555,33.610584,0.0
87.39379,-23.421413,0.0,-85.24321,-17.162487,0.0
-20.655567,92.01117,0.0,-12.848994,72.34291,0.0
-39.99189,82.10605,0.0,43.169727,-7.1299834,0.0
84.48801,95.69544,0.0,47.79823,-10.229402,0.0
34.72706,47.151512,0.0,95.712204,-46.134853,0.0
-70.05823,-97.186455,0.0,61.870827,61.140945,0.0
67.41202,-66.23245,0.0,-3.4144502,10.42303,0.0
-58.206318,-70.31252,0.0,7.0336585,-90.6423,0.0
18.27299,78.05737,0.0,42.022903,-22.51431,0.0
-49.74408,96.47208,0.0,62.90658,-37.17784,0.0
14.730355,-98.06197,0.0,21.270355,-76.995735,0.0
-69.69873,89.15703,0.0,-67.53182,52.124912,0.0
72.236824,35.378674,0.0,-37.226765,-58.76009,0.0
-93.3192,-83.37142,0.0,46.336857,-92.21483,0.0
-18.495548,-65.930885,0.0,-19.319845,70.23782,0.0
-29.484726,46.538723,0.0,61.76502,49.63185,0.0
78.26953,95.510574,0.0,-48.583874,12.932576,0.0
-35.73012,-69.180626,0.0,86.91749,-26.222687,0.0
-1.3929743,69.356606,0.0,98.70031,-53.53289,0.0
-36.364845,2.6853971,0.0,-14.546814,-85.54933,0.0
-44.85029,60.680294,0.0,66.71048,-75.893524,0.0
-7.9378037,-29.89602,0.0,75.82566,-36.644676,0.0
22.3166,51.805523,0.0,55.70331,78.05856,0.0
37.27332,-96.32886,0.0,-37.64447,27.56444,0.0
48.02646,-45.27216,0.0,-17.249681,95.74109,0.0
39.800587,55.35196,0.0,63.281296,45.558727,0.0
-82.14701,68.620865,0.0,-68.89428,40.948444,0.0
-38.72656,77.767914,0.0,-91.42246,9.727576,0.0
-8.126864,-38.51633,0.0,-8.877411,-80.19232,0.0
-48.48623,8.020801,0.0,62.515404,-64.04633,0.0
37.18048,66.34353,0.0,-0.20614426,-24.65224,0.0
-63.477276,29.824297,0.0,6.7852426,71.061615,0.0
39.127502,-39.28319,0.0,-32.45719,-71.92636,0.0
43.03393,56.70547,0.0,-86.50586,-90.33381,0.0
38.73591,-17.608242,0.0,23.661854,89.257454,0.0
47.146717,18.826134,0.0,97.52233,-95.490166,0.0
-60.814278,78.45769,0.0,-88.97465,-39.079964,0.0
92.65988,-16.859192,0.0,61.699715,-22.409958,0.0
-38.023735,5.026284,0.0,-96.71206,71.80303,0.0
21.37418,-27.385275,0.0,-53.93542,-99.165665,0.0
72.774994,-57.78468,0.0,92.27779,-31.973137,0.0
-14.523247,-78.35566,0.0,-23.684109,-89.283134,0.0
-11.825481,-83.76556,0.0,-59.161457,41.07782,0.0
78.69291,43.076744,0.0,11.336465,-79.314384,0.0
84.77298,-51.83849,0.0,-91.068504,44.414913,0.0
-36.902157,58.50034,0.0,-73.9093,52.537235,0.0
-41.5054,-94.86125,0.0,-0.48519033,-89.85463,0.0
-69.616905,-98.86054,0.0,76.14796,93.02556,0.0
80.20087,-74.56501,0.0,49.666767,69.87144,0.0
-25.291742,63.492615,0.0,85.487236,-38.556442,0.0
92.445305,16.166365,0.0,-35.562454,-11.853013,0.0
92.88699,-53.91098,0.0,85.46245,-19.362793,0.0
92.04879,-48.787678,0.0,43.345604,-48.216515,0.0
70.89488,-20.556934,0.0,-56.197063,-98.74863,0.0
43.61896,87.409874,0.0,71.540794,-64.87674,0.0
10.886165,62.669495,0.0,-94.36912,-82.28036,0.0
41.3878,94.39802,0.0,-66.396454,-17.911621,0.0
61.706383,-51.24198,0.0,88.27837,-91.01272,0.0
35.59954,81.24231,0.0,-2.4497662,-38.923367,0.0
-48.43169,-85.94654,0.0,-55.520508,37.25547,0.0
82.488495,-28.344606,0.0,-30.465244,2.5638897,0.0
82.01441,32.037346,0.0,75.30087,48.432667,0.0
-99.1146,-88.08818,0.0,86.294266,63.756046,0.0
89.45042,-62.85624,0.0,-76.27006,68.659256,0.0
65.884514,84.989265,0.0,-20.47433,-74.39651,0.0
-24.227772,-64.29979,0.0,-40.584694,-75.64657,0.0
-62.403126,92.3469,0.0,-26.20004,-35.458214,0.0
-96.70763,-28.126635,0.0,-36.707714,21.637514,0.0
-34.96178,-76.27558,0.0,-52.15333,-19.57922,0.0
-12.263267,-80.762856,0.0,55.23207,66.87618,0.0
95.11106,48.10266,0.0,29.737116,48.607376,0.0
-65.032616,-32.28281,0.0,-55.165546,-28.178009,0.0
29.100445,54.10192,0.0,96.83056,93.83285,0.0
-56.33374,58.348026,0.0,27.580658,-71.944016,0.0
-87.88878,-64.08833,0.0,-86.01176,75.45556,0.0
81.84454,-39.457066,0.0,79.72716,59.486565,0.0
-35.00206,80.97279,0.0,-68.179306,41.279945,0.0
43.240158,55.17211,0.0,50.15585,-35.80428,0.0
83.57797,3.0241387,0.0,49.18684,-13.760975,0.0
45.195724,-39.049896,0.0,55.988094,-30.79071,0.0
63.94586,-92.5004,0.0,94.324486,-77.06001,0.0
48.59629,10.582926,0.0,-60.320827,-60.551212,0.0
62.45638,36.365204,0.0,-18.153408,76.32311,0.0
18.298643,97.52231,0.0,-30.547194,-53.227047,0.0
-86.37482,-59.21176,0.0,99.03286,-53.191612,0.0
-42.886086,77.82323,0.0,84.47822,2.5679786,0.0
42.73205,74.7356,0.0,-74.63964,73.31913,0.0
-69.17998,-72.2717,0.0,38.6237,26.781214,0.0
49.022156,22.85472,0.0,-97.09456,67.8538,0.0
23.552868,-73.222984,0.0,56.788715,-65.01821,0.0
36.47615,2.351913,0.0,-83.43058,69.224014,0.0
38.52519,67.62305,0.0,88.922844,36.6496,0.0
-29.200884,10.872804,0.0,23.081137,-35.683212,0.0
-29.14975,-60.790966,0.0,-7.882627,51.609924,0.0
82.79465,48.882565,0.0,87.91111,-46.86567,0.0
-50.456398,93.75647,0.0,95.73475,86.480896,0.0
64.245766,-83.53287,0.0,-15.72638,18.853016,0.0
-8.791095,71.38682,0.0,-33.25286,28.142855,0.0
-50.562317,-7.419446,0.0,-67.67587,-65.4713,0.0
57.09605,6.324626,0.0,71.87752,12.087542,0.0
-47.5486,84.99387,0.0,82.316444,-85.53581,0.0
99.56254,-50.863533,0.0,99.0874,-31.223677,0.0
78.015686,55.63745,0.0,79.62539,-66.55528,0.0
-57.38077,94.983284,0.0,4.902938,-87.498245,0.0
-53.02112,37.705807,0.0,3.0160315,-34.913246,0.0
-74.145355,-45.493374,0.0,26.9717,-20.324186,0.0
-98.02234,17.324638,0.0,68.56566,-67.1115,0.0
-12.180275,-83.47833,0.0,88.210075,36.112785,0.0
-18.970634,-26.996841,0.0,96.58232,12.545464,0.0
-90.366554,23.531214,0.0,44.280773,-4.944883,0.0
-62.101006,73.26829,0.0,45.027878,-57.359142,0.0
-30.527208,-76.31302,0.0,-36.97569,33.272095,0.0
-8.589195,77.53325,0.0,-78.24825,-63.051243,0.0
38.52017,63.225193,0.0,63.421402,25.217693,0.0
-69.246216,-20.506247,0.0,-17.92586,57.885605,0.0
69.60604,53.088654,0.0,88.839584,94.34515,0.0
-0.10324469,-73.52094,0.0,24.804884,-29.127647,0.0
53.04051,-75.882545,0.0,43.162632,77.21556,0.0
-45.32582,-82.15599,0.0,-8.667117,62.361744,0.0
-49.923283,-62.777485,0.0,-57.819145,-43.73338,0.0
-89.87972,78.50228,0.0,-54.59363,10.678491,0.0
-93.059364,-19.625103,0.0,-80.402336,-90.98577,0.0
33.56408,10.806167,0.0,-65.61288,65.432205,0.0
45.60749,-63.38338,0.0,-35.869907,-16.29239,0.0
-19.874044,13.9919405,0.0,23.743427,92.15321,0.0
45.61645,-54.492027,0.0,-34.603462,-42.976093,0.0
-88.75661,12.6003065,0.0,12.154905,61.256084,0.0
74.979965,-26.56091,0.0,63.359188,-81.90155,0.0
-35.1485,-69.959816,0.0,-64.68122,-2.3092456,0.0
-69.55738,7.462657,0.0,80.355354,78.901886,0.0
-76.35916,85.69141,0.0,47.454365,-60.1099,0.0
-55.27237,71.910416,0.0,-7.4865074,22.924473,0.0
-62.28772,70.531105,0.0,-25.544373,-95.83186,0.0
94.75442,51.947643,0.0,-47.00056,24.800182,0.0
93.91549,8.077996,0.0,-79.96832,-18.058996,0.0
44.628544,-66.108444,0.0,-36.982704,68.8357,0.0
-48.967087,-43.052696,0.0,2.4850707,-98.56519,0.0
-48.285324,91.45882,0.0,-58.03476,63.05318,0.0
86.24021,-38.45076,0.0,-2.930934,-37.7605,0.0
23.92057,-82.9068,0.0,-3.276581,83.99001,0.0
61.71978,-42.585003,0.0,65.47725,64.53055,0.0
67.22177,87.702095,0.0,48.49472,-72.62603,0.0
71.76357,-62.420727,0.0,-27.88628,98.99914,0.0
-41.848198,84.205605,0.0,-4.5753255,-71.3743,0.0
-6.1464176,0.13020992,0.0,-41.797997,-22.46146,0.0
10.117808,-66.198685,0.0,30.00694,10.020921,0.0
-61.932007,-30.638926,0.0,-17.763714,90.13933,0.0
-32.00565,-91.72626,0.0,43.567974,93.98747,0.0
-31.58365,64.25146,0.0,-77.87365,69.29046,0.0
49.004738,24.054537,0.0,90.865585,-27.020592,0.0
-98.83884,-69.3594,0.0,11.807679,-92.66671,0.0
-54.2996,80.96741,0.0,-28.385496,75.13066,0.0
54.391865,-24.529076,0.0,-67.92726,60.00979,0.0
30.24913,51.50495,0.0,-92.101326,59.130005,0.0
-83.19278,-31.036818,0.0,42.37899,31.15194,0.0
-69.48931,44.26793,0.0,25.435717,12.508426,0.0
9.784281,54.676456,0.0,-2.1509554,65.30905,0.0
73.12044,-41.81951,0.0,-74.74757,64.1624,0.0
87.513336,67.48968,0.0,99.41007,-10.541647,0.0
-24.012772,-38.482937,0.0,-64.95528,94.112625,0.0
30.68849,-26.973566,0.0,87.46484,-4.777403,0.0
-51.46234,-76.64303,0.0,93.45958,-69.36056,0.0
-3.295353,-88.63941,0.0,-75.02223,-85.68021,0.0
65.12391,-20.170958,0.0,-16.981245,-6.1944885,0.0
-33.14101,90.589264,0.0,-62.108994,9.008066,0.0
37.63778,45.162407,0.0,-85.49611,58.282623,0.0
-76.00092,66.70915,0.0,-61.58638,17.910423,0.0
-81.27537,-11.253527,0.0,-84.20788,99.119255,0.0
-46.45487,61.79906,0.0,63.8076,-90.446266,0.0
10.235465,-33.40105,0.0,25.95391,16.666103,0.0
-50.729404,12.487679,0.0,99.025826,24.239077,0.0
53.45239,-97.455956,0.0,-98.87309,95.14534,0.0
-93.23437,-30.344744,0.0,96.46746,-81.26995,0.0
-14.675342,-84.87762,0.0,86.237595,92.94415,0.0
20.64261,-84.056984,0.0,36.622856,86.51335,0.0
-19.888218,94.44283,0.0,-54.746906,12.613352,0.0
-1.6487851,-82.50401,0.0,40.00418,-11.421699,0.0
32.004265,-4.6782584,0.0,37.78633,-34.01619,0.0
-4.3471646,-94.667694,0.0,-5.132446,51.344822,0.0
-70.160355,-24.864044,0.0,-14.596815,65.08064,0.0
-3.905642,99.026794,0.0,74.30612,-99.88302,0.0
-67.89153,74.48374,0.0,35.15341,5.1741657,0.0
63.22141,-68.60112,0.0,-62.86931,-49.94282,0.0
46.640163,12.650874,0.0,61.123184,50.76909,0.0
-89.55771,-46.008797,0.0,63.66058,-48.051823,0.0
-80.649284,34.78087,0.0,6.765979,82.63787,0.0
25.014719,-78.015,0.0,-48.46797,13.937956,0.0
-75.29401,-54.31642,0.0,94.00108,86.78766,0.0
-69.211174,4.1314974,0.0,-96.362465,-86.43165,0.0
-77.90323,60.24888,0.0,-55.71175,71.07724,0.0
77.12163,11.718347,0.0,37.52051,31.989403,0.0
54.851635,16.350363,0.0,97.83677,-23.712383,0.0
-41.098007,51.80663,0.0,-32.369324,97.16711,0.0
6.5159516,-91.44125,0.0,44.724022,75.460464,0.0
-82.363686,-18.684772,0.0,33.593384,12.597497,0.0
-34.78228,-72.32902,0.0,94.283875,-77.80197,0.0
93.68297,-27.27043,0.0,-35.310867,60.221024,0.0
85.992714,71.33876,0.0,-7.923825,65.29987,0.0
-71.22424,-65.656235,0.0,67.643425,-82.597824,0.0
15.466538,-27.665741,0.0,84.76841,-89.09158,0.0
96.96873,36.158627,0.0,-53.811985,-7.877173,0.0
91.26241,-98.95306,0.0,72.49638,87.60271,0.0
82.390114,-97.56516,0.0,23.294016,-29.685776,0.0
-27.86275,18.408905,0.0,-78.20728,-96.00129,0.0
-34.540627,18.591116,0.0,-75.47489,-77.79878,0.0
-47.690422,76.09754,0.0,-4.9513583,-80.64085,0.0
91.07399,-81.36429,0.0,76.607834,30.387774,0.0
9.014601,23.923134,0.0,-71.58994,61.484188,0.0
94.556175,-71.12794,0.0,-40.146545,19.641523,0.0
-26.104527,22.582186,0.0,-41.34955,17.156641,0.0
91.80992,52.48527,0.0,97.1953,-16.64265,0.0
0.3502402,58.23459,0.0,-47.87737,81.305,0.0
-85.58271,-15.568831,0.0,97.95952,-43.091095,0.0
74.49733,-73.89425,0.0,12.083096,-74.09455,0.0
0.715417,-67.897934,0.0,31.441803,25.433983,0.0
27.034086,-72.84927,0.0,-57.02015,30.823488,0.0
38.61135,-52.220974,0.0,98.98992,-66.603516,0.0
42.897083,3.9978771,0.0,-41.23596,-7.90229,0.0
51.08725,38.21375,0.0,82.33868,-90.116585,0.0
-81.11786,23.488203,0.0,71.19745,-57.24206,0.0
-63.675343,98.45513,0.0,75.55367,99.68315,0.0
32.746468,-28.517708,0.0,-17.880503,14.980016,0.0
-2.902443,78.81105,0.0,-62.559494,-88.95331,0.0
-43.36485,59.03272,0.0,-45.301888,-30.25543,0.0
52.795216,-86.02079,0.0,-2.9571536,-35.24488,0.0
60.004353,-67.40933,0.0,-2.6989567,59.058826,0.0
20.728903,79.10403,0.0,73.24673,78.08444,0.0
-50.76748,-95.61244,0.0,25.638178,22.550556,0.0
7.2195077,20.901974,0.0,-29.7225,70.983665,0.0
-52.600143,70.980545,0.0,29.173302,68.88589,0.0
-59.479977,48.40688,0.0,-97.65118,74.34534,0.0
49.823364,18.98548,0.0,-11.743943,83.46773,0.0
50.934727,17.443476,0.0,-17.96602,15.404406,0.0
85.45395,41.33987,0.0,-83.44546,96.25378,0.0
70.95027,91.5222,0.0,-98.19124,-75.64017,0.0
10.941298,-68.14941,0.0,82.312256,-2.547135,0.0
78.897255,1.278588,0.0,49.748222,-33.17369,0.0
60.2809,-23.04645,0.0,-99.00322,46.702732,0.0
-6.487044,-95.83992,0.0,-86.6922,-7.1441927,0.0
56.294662,23.90282,0.0,-32.30884,-29.464973,0.0
77.74477,41.888016,0.0,33.399376,6.6050434,0.0
-30.143787,-7.1169796,0.0,-44.36199,36.951645,0.0
67.02329,-44.304283,0.0,-12.474671,-18.313652,0.0
3.7523901,10.647369,0.0,-33.598396,-51.252666,0.0
-89.773865,-96.43676,0.0,0.021988463,-79.43191,0.0
-50.354996,-60.689095,0.0,57.01161,48.790524,0.0
30.050043,-47.539772,0.0,8.153955,70.03684,0.0
59.93148,17.660936,0.0,-19.00354,-2.4550178,0.0
16.937366,-97.18655,0.0,-77.83634,-55.960285,0.0
30.630781,-43.84992,0.0,-60.85681,-45.33609,0.0
-36.79677,-16.264107,0.0,38.663086,90.93867,0.0
59.727543,-92.259186,0.0,12.481879,-74.371414,0.0
-61.69616,-42.68301,0.0,-93.865715,59.559975,0.0
-42.682873,82.3572,0.0,-8.97075,60.745094,0.0
-35.943237,-20.102936,0.0,75.8431,-36.93796,0.0
-98.312386,13.308044,0.0,2.3094904,-33.132263,0.0
14.694713,80.684074,0.0,-23.506567,16.647007,0.0
18.774254,18.008368,0.0,17.443079,48.70721,0.0
39.93808,63.808025,0.0,-72.56611,0.35614002,0.0
17.329258,79.13982,0.0,45.94573,-56.115746,0.0
63.95638,65.69846,0.0,-25.622906,68.45791,0.0
24.796701,1.3474307,0.0,81.31296,48.508625,0.0
74.29263,-80.18062,0.0,-77.59342,28.764507,0.0
96.70532,42.790146,0.0,73.85913,78.39172,0.0
62.273933,25.745895,0.0,70.661606,45.4816,0.0
-36.65421,-46.227898,0.0,45.177353,4.1102552,0.0
-76.27692,82.51984,0.0,-3.5062277,67.55413,0.0
-62.11986,-48.986637,0.0,26.927523,-18.858702,0.0
38.7436,-21.345734,0.0,36.93141,-46.445026,0.0
-63.40282,63.43624,0.0,48.557888,54.381237,0.0
-93.3025,-41.985867,0.0,65.89461,17.109173,0.0
43.300453,-32.69436,0.0,-91.21184,29.503174,0.0
88.17751,7.972295,0.0,-51.175735,4.515774,0.0
-15.846223,-6.7884007,0.0,45.14555,-75.17393,0.0
58.185932,-54.82705,0.0,45.175304,60.711216,0.0
63.38818,-61.672226,0.0,-73.532196,72.250046,0.0
84.91478,37.06847,0.0,56.450535,16.082848,0.0
-93.31547,61.26372,0.0,-46.15399,17.863527,0.0
-56.77245,-24.648552,0.0,-82.25916,10.171002,0.0
-77.953255,-59.624054,0.0,75.41294,-99.14572,0.0
25.632769,46.82307,0.0,-77.77493,-41.135445,0.0
-93.70738,70.0549,0.0,29.51011,86.037605,0.0
-88.307365,-5.2891755,0.0,19.856535,60.080334,0.0
11.803589,-30.532598,0.0,63.63105,-46.713696,0.0
-9.438064,86.6503,0.0,65.646835,93.87907,0.0
17.981983,-65.22595,0.0,-84.415474,-63.521828,0.0
92.29546,-39.01317,0.0,-15.699082,-20.791727,0.0
-69.34554,-78.20175,0.0,56.89675,-86.00066,0.0
-65.83852,-11.24961,0.0,-57.70411,-22.46174,0.0
-16.991266,79.60852,0.0,-80.69428,-57.44609,0.0
86.74376,-50.683144,0.0,60.677788,6.2590094,0.0
-49.452793,-29.072134,0.0,78.90757,1.525084,0.0
-9.121743,-63.772926,0.0,96.40548,58.270832,0.0
-97.59759,-81.00001,0.0,-83.015755,-75.09118,0.0
74.72149,64.66792,0.0,49.253426,90.89758,0.0
94.38398,-53.78233,0.0,-23.97671,-69.10585,0.0
5.7734985,-20.57251,0.0,53.38554,-46.750553,0.0
-48.278145,44.90425,0.0,1.9849609,-85.968025,0.0
-16.531105,-75.6675,0.0,-17.343462,-62.93514,0.0
-50.446373,22.472635,0.0,-23.201273,61.13775,0.0
-11.665602,59.3529,0.0,59.776855,36.276184,0.0
36.816696,-24.04211,0.0,-92.424164,-64.439125,0.0
-33.61286,-46.97896,0.0,95.71982,92.16417,0.0
73.55692,-42.75885,0.0,-53.7291,95.77662,0.0
-17.386143,95.26536,0.0,-42.02178,-29.118559,0.0
10.305927,-69.3182,0.0,57.561165,-39.952705,0.0
17.717203,-35.94719,0.0,-3.6398113,15.416087,0.0
-39.930042,-77.72335,0.0,36.303417,-56.663754,0.0
-1.5123773,86.15932,0.0,59.710365,-66.134865,0.0
51.457577,-55.101246,0.0,-25.734455,-80.41692,0.0
70.04101,-65.391785,0.0,88.75234,-26.227419,0.0
-45.86874,99.926544,0.0,-14.349639,18.256672,0.0
92.82916,-35.089622,0.0,59.740917,-57.87088,0.0
96.82792,-53.01396,0.0,75.619774,-77.549255,0.0
-43.063396,38.07442,0.0,35.77019,-52.192364,0.0
60.58404,27.671783,0.0,-33.452408,76.555115,0.0
-87.46586,6.7521176,0.0,-41.412724,86.07132,0.0
-46.264496,26.004671,0.0,-38.25412,-51.32373,0.0
64.53492,-76.28593,0.0,-59.222084,-49.922474,0.0
38.223953,8.713745,0.0,-70.00759,1.5784531,0.0
-51.642067,-97.511154,0.0,25.584558,71.4304,0.0
20.337347,-30.565273,0.0,99.22625,-72.48676,0.0
-15.882253,77.5682,0.0,6.382883,49.69857,0.0
57.701084,49.40869,0.0,-25.332846,15.615318,0.0
-40.063637,72.1291,0.0,-61.374424,85.06528,0.0
-9.856096,13.999581,0.0,-94.77873,89.94778,0.0
-27.646635,-79.754776,0.0,-74.62128,-14.992164,0.0
36.871998,-42.50413,0.0,62.157448,-68.322044,0.0
43.600624,84.29369,0.0,-67.57878,-5.812287,0.0
40.920807,-89.131065,0.0,-86.31566,-1.5649526,0.0
77.12636,60.171036,0.0,-65.15731,-74.08268,0.0
-46.431263,82.389084,0.0,78.27921,88.07858,0.0
65.559105,47.751007,0.0,-48.546684,91.61651,0.0
-59.78173,-41.249626,0.0,39.12281,-89.19876,0.0
26.970108,-60.822197,0.0,-70.80562,39.665085,0.0
-88.04436,-65.133026,0.0,-95.08503,-67.09533,0.0
81.342606,55.016903,0.0,40.102097,17.78621,0.0
-57.353104,-87.90746,0.0,-38.997913,91.428894,0.0
-90.40832,42.776066,0.0,-83.76633,71.79428,0.0
37.434555,-0.28863925,0.0,-57.605595,-34.94496,0.0
-5.575968,64.32745,0.0,-42.624287,41.356907,0.0
51.41733,-45.278732,0.0,27.415306,98.630646,0.0
-64.79126,-67.75968,0.0,-24.578264,99.8503,0.0
-28.90875,47.61059,0.0,92.11184,5.34375,0.0
66.49874,36.203247,0.0,-22.821943,-28.233112,0.0
89.63434,-55.680973,0.0,-43.14445,-80.67466,0.0
-33.85269,55.793087,0.0,40.52664,4.3765755,0.0
-92.9273,5.7693195,0.0,24.433018,91.72982,0.0
-3.5672567,-89.653885,0.0,13.45629,15.656384,0.0
73.07455,-80.69613,0.0,-16.718912,-94.62289,0.0
-97.7577,89.62785,0.0,97.606735,-29.05349,0.0
-76.22863,-90.193954,0.0,-12.356758,-38.94673,0.0
57.817284,82.36022,0.0,56.86192,73.723724,0.0
-74.63072,72.35118,0.0,-23.06394,-27.495548,0.0
95.090164,7.2802925,0.0,-93.061806,79.216736,0.0
-65.73803,-91.80078,0.0,2.9280565,45.73793,0.0
-87.384964,57.828793,0.0,5.9126225,-94.192245,0.0
-67.53153,7.025879,0.0,-97.593185,-1.6653488,0.0
-84.54681,-31.871542,0.0,-75.64141,-90.079956,0.0
89.796135,-71.488686,0.0,-23.572107,10.946361,0.0
-42.80606,69.056526,0.0,-53.583447,-40.584198,0.0
27.64944,-17.452377,0.0,36.955658,65.66817,0.0
91.563576,-0.7218172,0.0,-28.222069,-36.9777,0.0
-9.176495,9.399465,0.0,-74.33043,-63.90492,0.0
3.5381167,-91.59111,0.0,-48.541073,-64.939156,0.0
-56.59305,-22.581783,0.0,4.267051,51.5639,0.0
-84.13252,26.472122,0.0,77.69268,87.81549,0.0
-83.6593,73.80228,0.0,31.397005,51.413174,0.0
-41.478554,25.716665,0.0,-6.8375196,72.90824,0.0
71.91098,17.389046,0.0,-54.52172,-97.467155,0.0
68.304535,39.6066,0.0,1.141451,-22.144268,0.0
49.034542,-22.734596,0.0,47.866665,69.11046,0.0
68.04048,71.54706,0.0,-9.739809,3.2267284,0.0
59.225647,-99.75845,0.0,-37.581757,-28.198483,0.0
-44.462975,98.75759,0.0,71.73258,47.64392,0.0
56.917778,60.07983,0.0,22.37487,95.33654,0.0
-58.16141,-43.041748,0.0,10.554692,63.757095,0.0
72.38199,-33.82964,0.0,-48.126835,48.663094,0.0
-43.71677,73.78447,0.0,66.52103,36.076954,0.0
-19.847385,11.928069,0.0,-68.95195,-63.614372,0.0
58.29486,-54.762375,0.0,-68.32193,61.914433,0.0
-82.853165,-60.153194,0.0,75.54466,-41.26892,0.0
-41.955257,-92.173615,0.0,86.63329,-81.12481,0.0
-92.70644,29.489347,0.0,-70.15979,99.33975,0.0
-85.56113,-28.042469,0.0,50.407055,19.09007,0.0
0.5128377,91.616974,0.0,-69.55245,-40.87032,0.0
-49.124577,93.59795,0.0,33.798885,95.849464,0.0
49.25195,36.1134,0.0,84.84627,11.713207,0.0
-15.298147,-17.221632,0.0,29.983791,-77.46932,0.0
-75.50414,-13.354156,0.0,-49.365593,-68.92237,0.0
-76.17853,-5.9610496,0.0,-9.027606,-90.52764,0.0
-59.36369,-42.75969,0.0,-8.2688465,-87.964966,0.0
-78.60376,99.567894,0.0,-70.93138,3.116462,0.0
47.46744,-42.10373,0.0,-30.990822,39.992702,0.0
24.625141,57.383442,0.0,0.60215783,62.328316,0.0
-6.5273833,18.69473,0.0,-43.26301,-0.029369514,0.0
22.9519,-38.870094,0.0,-17.620995,-63.792244,0.0
27.343248,88.17318,0.0,-9.006679,-75.659035,0.0
-88.80074,-37.412735,0.0,40.600906,43.49251,0.0
1.1909074,59.894844,0.0,-0.20802176,-61.264248,0.0
-9.125463,86.17783,0.0,43.47617,91.679306,0.0
-80.72638,-5.2678733,0.0,92.65617,26.20791,0.0
55.17231,95.79123,0.0,-11.383103,-14.149018,0.0
96.03597,6.4544196,0.0,37.147724,-30.55731,0.0
9.6491,59.642277,0.0,87.80076,-48.370266,0.0
35.129868,19.02892,0.0,-26.210514,-69.01231,0.0
-75.499756,-23.329271,0.0,-25.75491,46.160557,0.0
-44.06804,-98.389626,0.0,-62.60834,-14.932184,0.0
57.641026,43.05643,0.0,72.15897,-98.083466,0.0
-23.853868,18.391932,0.0,-31.75866,65.79122,0.0
-79.61745,68.94303,0.0,92.33825,-86.405075,0.0
-91.12169,-8.463488,0.0,-8.222177,74.60337,0.0
77.37606,-55.432148,0.0,97.750824,-69.32131,0.0
-70.08882,26.06784,0.0,22.150784,-39.27722,0.0
63.61975,54.34074,0.0,53.411743,45.859592,0.0
-30.872156,32.124226,0.0,-0.66381633,16.905853,0.0
-67.50094,-22.807415,0.0,94.65876,5.075522,0.0
74.02411,14.337321,0.0,90.570724,2.7264524,0.0
53.298637,85.37053,0.0,-84.4552,50.01224,0.0
-32.525875,0.37371606,0.0,60.72491,77.29065,0.0
43.48553,76.536705,0.0,-99.03237,45.541847,0.0
33.028797,9.483566,0.0,-55.067394,6.3334064,0.0
56.006157,-34.072437,0.0,68.79301,24.428638,0.0
-66.05895,43.692036,0.0,42.81741,47.187073,0.0
15.811212,62.292282,0.0,97.83587,-31.919716,0.0
-74.58695,92.21735,0.0,-97.52338,-34.19342,0.0
-88.849045,81.41464,0.0,3.1317458,46.17014,0.0
-92.82929,41.372284,0.0,55.381104,74.72165,0.0
-47.618618,34.291737,0.0,98.67397,-12.808004,0.0
-22.84909,23.465197,0.0,-45.255997,-29.713026,0.0
74.62828,-75.29878,0.0,31.699945,-11.616137,0.0
67.170265,9.038169,0.0,-78.30375,92.25585,0.0
58.341484,-40.971085,0.0,-80.81386,-31.253479,0.0
-14.496842,69.20831,0.0,-98.57925,-78.03488,0.0
-99.40732,-88.87004,0.0,-40.200615,-62.990463,0.0
-48.679466,-0.18983966,0.0,-89.149826,-67.18181,0.0
-99.85251,-64.7486,0.0,-49.25531,17.119007,0.0
29.759727,-36.96426,0.0,42.953876,95.0229,0.0
51.48502,65.806595,0.0,85.40067,-22.264685,0.0
43.400635,89.49622,0.0,-82.9565,19.2927,0.0
85.36051,24.115189,0.0,88.924736,9.892308,0.0
-45.95767,-20.327131,0.0,-34.427006,-47.906746,0.0
82.15129,-67.745224,0.0,61.102047,75.35611,0.0
82.681114,-58.7918,0.0,65.31858,14.908325,0.0
-73.53898,8.794878,0.0,86.14385,-19.953459,0.0
65.105934,22.426418,0.0,-86.17748,-23.553284,0.0
-69.77271,93.65528,0.0,50.356167,-84.88663,0.0
90.07477,53.89959,0.0,-10.83664,-8.503475,0.0
94.12511,-13.937082,0.0,-47.79682,-8.269465,0.0
-89.50335,1.4181329,0.0,-57.89688,16.659155,0.0
-47.760445,63.359886,0.0,1.7469877,62.14077,0.0
56.7406,-77.47857,0.0,82.41289,-61.07407,0.0
42.739025,-89.07832,0.0,-84.7279,-47.034576,0.0
28.125969,19.545792,0.0,-33.135216,4.4641333,0.0
-23.088219,-69.16642,0.0,26.1231,19.238377,0.0
31.89804,-91.67935,0.0,44.29542,-87.6058,0.0
-79.59105,-99.40243,0.0,-61.619736,-62.29362,0.0
-50.675064,-72.17074,0.0,-1.4501842,15.488279,0.0
66.84448,55.910473,0.0,-86.81468,24.640673,0.0
-75.132576,97.30546,0.0,43.036892,18.85912,0.0
-41.40453,92.22996,0.0,-25.143032,21.640017,0.0
7.191005,-20.385674,0.0,57.418106,53.802345,0.0
60.265556,9.859047,0.0,1.3457125,94.83885,0.0
68.71841,-63.84515,0.0,92.11685,32.36406,0.0
-73.73649,-55.072704,0.0,-48.533546,55.13031,0.0
65.68773,-83.96265,0.0,65.73059,56.693913,0.0
33.217594,-99.91101,0.0,57.006878,42.32867,0.0
-12.120869,53.901222,0.0,75.11689,-20.541292,0.0
31.76397,-88.45094,0.0,38.05457,-54.18845,0.0
-36.104126,-53.98673,0.0,46.05579,-61.12044,0.0
3.562089,45.571518,0.0,1.7993196,17.345633,0.0
-51.729595,-35.541355,0.0,3.3150268,-76.34372,0.0
21.050808,-89.89377,0.0,80.66907,-76.28868,0.0
77.99313,-51.228645,0.0,34.019073,59.603817,0.0
-65.81629,-75.02667,0.0,90.13127,-58.280437,0.0
-71.15017,68.055145,0.0,68.96766,54.47584,0.0
-32.958385,-65.24768,0.0,42.402805,65.19564,0.0
-23.417538,-64.61299,0.0,86.39201,-77.76321,0.0
86.99234,-86.65382,0.0,-68.71881,78.70765,0.0
-1.6129756,-60.61631,0.0,-60.455727,4.5988607,0.0
-37.83996,68.007225,0.0,95.716705,35.083614,0.0
48.064117,73.909256,0.0,-44.64826,-70.14786,0.0
-15.675948,-35.271328,0.0,-72.212074,22.033484,0.0
-94.163635,-46.444492,0.0,-31.75044,12.063164,0.0
57.36721,36.673416,0.0,31.669857,10.617838,0.0
-16.747011,66.48175,0.0,74.47278,56.12192,0.0
34.961346,-83.79966,0.0,39.537567,29.909016,0.0
46.845554,-58.21243,0.0,-9.617944,-84.91612,0.0
-12.785903,-68.61948,0.0,89.51302,53.369778,0.0
-96.43363,54.946735,0.0,3.1459076,-63.3205,0.0
-49.95878,43.429268,0.0,-76.46783,40.847034,0.0
-27.41349,89.41151,0.0,-18.86578,-91.49718,0.0
84.88007,87.83067,0.0,-39.915977,-94.79123,0.0
-40.45603,12.14864,0.0,-48.39122,-85.40803,0.0
36.138485,-35.416454,0.0,-98.27387,-88.876434,0.0
-91.365906,58.133022,0.0,-39.905975,37.291817,0.0
60.486374,57.08894,0.0,-73.6122,-58.726925,0.0
-63.524822,39.04226,0.0,-5.219998,56.272625,0.0
55.460716,-39.86113,0.0,59.754684,86.352875,0.0
-58.17556,45.20059,0.0,-29.724598,94.02942,0.0
68.87296,57.58184,0.0,24.77829,-16.854921,0.0
66.53863,99.78214,0.0,-31.598654,-85.5996,0.0
-97.2339,-88.02269,0.0,11.687137,94.113106,0.0
-93.726494,48.261482,0.0,-97.233185,92.577835,0.0
-69.67251,38.69076,0.0,93.742195,-0.003602917,0.0
33.14136,-9.216823,0.0,52.238266,-78.333984,0.0
62.93311,20.03904,0.0,66.06876,-52.863167,0.0
28.013594,-33.77251,0.0,-63.97115,68.785736,0.0
-92.56284,44.187084,0.0,-19.980492,-34.80808,0.0
-87.901276,-5.6778293,0.0,-0.7610715,74.06675,0.0
-33.392437,34.804604,0.0,-90.12682,51.933228,0.0
39.031445,-63.853207,0.0,86.5654,5.8069167,0.0
-37.65028,76.82902,0.0,-90.168724,92.94911,0.0
-66.713974,83.571304,0.0,61.69948,30.4829,0.0
62.882805,80.88673,0.0,96.955154,5.211776,0.0
31.086256,62.8685,0.0,-76.42551,-73.26412,0.0
42.980824,51.59866,0.0,-21.27051,48.45789,0.0
-25.815315,-65.47187,0.0,-49.55632,75.51967,0.0
-65.76658,-19.901087,0.0,-80.2361,-71.96171,0.0
28.1765,-62.082367,0.0,-14.040588,91.57203,0.0
-93.2789,45.13604,0.0,-38.28379,-75.48834,0.0
-62.20297,82.904205,0.0,46.307842,95.81332,0.0
-4.2465124,-72.332565,0.0,-71.06044,-13.256021,0.0
47.471615,69.990906,0.0,93.45235,-95.04652,0.0
-91.34276,-34.867363,0.0,-35.544746,54.738693,0.0
-12.036029,47.6807,0.0,-39.64103,24.115505,0.0
-42.8464,-39.023533,0.0,49.616688,-8.734212,0.0
93.94447,84.86941,0.0,-30.73355,91.464195,0.0
-75.88276,3.3122642,0.0,-11.151216,-37.769688,0.0
35.85436,4.3906436,0.0,-24.461758,71.419174,0.0
33.40426,-7.328562,0.0,89.39858,42.645306,0.0
-39.830067,-73.00597,0.0,70.57184,-92.13221,0.0
-69.8668,-28.300285,0.0,-32.63629,-76.39063,0.0
94.15962,43.30543,0.0,36.54424,11.80061,0.0
56.366795,-84.98026,0.0,5.526701,-79.20744,0.0
76.8922,-4.8892508,0.0,-57.274662,87.882355,0.0
64.13204,-31.845047,0.0,-66.039024,-42.850426,0.0
85.12225,-99.20787,0.0,88.797714,-23.568865,0.0
-93.867386,8.409371,0.0,-7.7723246,-75.975105,0.0
88.17065,12.810816,0.0,56.51206,-33.399666,0.0
22.247486,78.30125,0.0,81.15733,-94.928696,0.0
-39.46207,94.39532,0.0,0.35433805,16.37785,0.0
-94.10448,-1.6546078,0.0,43.612427,-94.79399,0.0
85.99112,-21.286839,0.0,64.192444,79.717705,0.0
64.07396,43.063988,0.0,54.162544,43.976646,0.0
-38.99289,57.863064,0.0,7.6064134,24.431047,0.0
84.799934,-2.163429,0.0,-43.607353,28.693115,0.0
-16.747513,-67.49909,0.0,99.75375,56.418606,0.0
-98.175255,5.416881,0.0,84.25836,-67.31349,0.0
50.677086,94.43642,0.0,24.057407,71.30824,0.0
-30.482012,-40.347824,0.0,94.026985,-87.43467,0.0
15.053596,80.59313,0.0,67.48529,87.341835,0.0
48.055298,-35.32154,0.0,-96.51664,-32.940723,0.0
64.58102,16.889349,0.0,-97.975334,-14.844782,0.0
-73.880615,-11.222204,0.0,-48.06652,-65.56959,0.0
-88.601166,-19.594229,0.0,39.208447,-94.06785,0.0
-89.31708,37.82791,0.0,57.452854,-63.842564,0.0
48.961254,42.00404,0.0,-17.360432,99.72005,0.0
23.83455,-62.672012,0.0,-94.86207,-43.091724,0.0
-46.675186,89.237045,0.0,76.26285,-80.46104,0.0
52.40429,-99.87742,0.0,-12.203165,-82.62576,0.0
-77.76336,47.396496,0.0,-48.94669,91.69021,0.0
-95.77711,87.73424,0.0,63.76913,46.569794,0.0
76.55406,66.70705,0.0,-88.44876,79.415634,0.0
91.23691,52.81736,0.0,93.423256,-92.85826,0.0
-58.253967,-46.12944,0.0,12.996532,-83.49971,0.0
12.289391,-27.559366,0.0,25.50041,-84.57698,0.0
56.791157,-52.354397,0.0,-13.396113,-31.353273,0.0
-73.2145,52.106796,0.0,87.162544,2.3589969,0.0
-6.7423124,-4.5013657,0.0,-39.70203,-6.059433,0.0
-44.283703,-19.198238,0.0,-73.32504,-9.215498,0.0
57.69102,67.26369,0.0,-51.975143,72.28437,0.0
-68.86827,-87.503586,0.0,36.332954,21.804558,0.0
-85.87525,7.9344225,0.0,-90.012314,-94.43891,0.0
-11.758195,15.23367,0.0,36.71976,-81.64513,0.0
57.236534,-24.610006,0.0,-79.9265,26.75581,0.0
-43.757812,-13.590569,0.0,69.49156,-94.586296,0.0
-80.58046,89.15548,0.0,87.21658,49.86161,0.0
72.55434,25.53913,0.0,-82.83861,9.120955,0.0
0.34939384,80.223976,0.0,-2.4373984,-72.824135,0.0
14.408117,94.86058,0.0,32.23787,9.393022,0.0
-18.823349,52.44772,0.0,37.931595,-53.007713,0.0
-8.687463,-13.448854,0.0,94.9379,50.209064,0.0
-40.90997,-25.756351,0.0,-18.089329,-35.860203,0.0
29.616264,-22.780365,0.0,68.88189,28.588797,0.0
92.91056,7.3012733,0.0,-23.186438,-71.228874,0.0
83.842804,-15.148147,0.0,-52.259686,-67.517944,0.0
-74.69462,-90.231674,0.0,75.5883,-84.03378,0.0
-66.36148,87.91765,0.0,-95.84754,-99.664604,0.0
-68.15017,-82.21923,0.0,40.264133,-67.05101,0.0
-92.69806,22.713387,0.0,2.6153524,49.999878,0.0
-97.71347,61.07964,0.0,51.27263,28.230972,0.0
-30.542938,-59.146046,0.0,-12.568947,-15.140463,0.0
-0.5998108,-74.330086,0.0,-98.53248,-75.00628,0.0
-54.178123,57.27363,0.0,50.846798,27.890387,0.0
-65.48524,-36.703144,0.0,-60.035233,69.74329,0.0
-90.978195,-22.887426,0.0,-31.353964,63.335747,0.0
-11.345264,57.661938,0.0,-92.64346,-93.70802,0.0
49.344357,-39.042347,0.0,-70.26313,84.0106,0.0
-31.845238,73.54404,0.0,-71.0285,-70.844025,0.0
30.945354,-62.560654,0.0,-50.56743,-78.899826,0.0
31.61881,46.191147,0.0,25.173698,61.13491,0.0
68.02895,-50.89068,0.0,-96.96604,3.541721,0.0
-5.8780007,-78.842705,0.0,-42.63663,-24.430159,0.0
-21.188725,76.17975,0.0,49.29901,-97.45272,0.0
-79.56956,86.799095,0.0,84.25667,90.38827,0.0
-45.102562,19.306435,0.0,82.23094,-67.409676,0.0
13.091864,75.25687,0.0,-88.97915,-55.803043,0.0
-9.35782,46.92902,0.0,-55.890854,-29.44878,0.0
82.689766,-78.44342,0.0,-52.550747,87.20315,0.0
-57.04853,14.646249,0.0,38.271183,83.13043,0.0
53.757904,30.126669,0.0,84.346954,-37.79884,0.0
-58.89045,-56.659344,0.0,88.76102,-35.96228,0.0
77.87575,64.96251,0.0,-0.45811245,75.878624,0.0
-13.262967,-89.22384,0.0,-40.646706,-54.844387,0.0
37.849167,11.753191,0.0,-34.391094,40.04266,0.0
86.65029,55.06373,0.0,21.129667,55.801613,0.0
62.569565,-92.46592,0.0,-71.17415,-75.04551,0.0
47.66492,97.1021,0.0,76.88102,-5.366506,0.0
-79.09947,-26.464417,0.0,-56.003063,-14.0630455,0.0
-46.989155,-86.90726,0.0,20.52648,99.62602,0.0
-57.530594,1.0311719,0.0,88.417854,18.36112,0.0
-5.2809973,-7.2834835,0.0,-49.46483,-25.87903,0.0
-82.15978,45.043377,0.0,-95.08119,-85.137856,0.0
-31.337973,25.015055,0.0,-88.43428,-2.2684946,0.0
-77.75164,-34.45776,0.0,66.04337,-49.60757,0.0
-59.110134,-43.02667,0.0,-78.801865,46.498234,0.0
70.56318,54.860394,0.0,35.585087,-20.618174,0.0
-68.140755,-47.000824,0.0,78.321365,80.10244,0.0
-45.50001,-52.940773,0.0,-3.4431732,-76.47454,0.0
-2.3330178,-95.48606,0.0,37.385483,-41.19932,0.0
95.14155,23.454967,0.0,-96.95604,-1.0296237,0.0
95.85237,-82.27341,0.0,84.446175,-3.9526572,0.0
-98.814896,-42.99739,0.0,-11.078667,47.93157,0.0
-46.395996,25.97829,0.0,31.972895,-11.519168,0.0
7.4087596,-95.455376,0.0,85.26397,-7.85208,0.0
60.366264,62.83544,0.0,-19.998194,10.764939,0.0
-81.02849,-37.02732,0.0,-75.87733,-98.33218,0.0
45.118256,82.445465,0.0,56.990246,71.4811,0.0
-89.12023,94.45943,0.0,4.2469883,-22.782438,0.0
77.14722,-53.883804,0.0,97.17947,-1.9389884,0.0
-6.55554,-7.422158,0.0,-17.653639,3.0670984,0.0
97.13721,-27.106018,0.0,29.843925,22.317734,0.0
19.111046,70.17642,0.0,-84.64402,46.05433,0.0
72.6919,-32.84146,0.0,42.06583,23.703812,0.0
-14.032742,62.237473,0.0,26.638851,66.43213,0.0
-49.210884,-81.23557,0.0,21.333452,48.635174,0.0
-13.350089,-0.11259289,0.0,5.292006,-91.90238,0.0
94.67083,1.2513491,0.0,-65.162605,76.215324,0.0
64.794174,23.934483,0.0,-35.983284,55.186817,0.0
-26.355701,51.168774,0.0,31.722118,-19.130625,0.0
34.237476,-92.04613,0.0,55.47187,-80.76292,0.0
-24.972681,73.66738,0.0,-56.183533,78.03158,0.0
46.189526,19.528126,0.0,-65.702286,65.12121,0.0
86.28285,-89.36962,0.0,-31.79127,-0.8604749,0.0
-20.837358,-29.102125,0.0,-8.9297905,85.08814,0.0
-64.648705,17.612907,0.0,96.308525,60.27476,0.0
59.580444,37.339886,0.0,97.16808,-72.421005,0.0
-88.95629,-49.540417,0.0,58.675312,19.245434,0.0
14.254436,77.01044,0.0,85.70251,54.955437,0.0
-24.20387,90.74906,0.0,-3.8027437,12.683922,0.0
96.250206,-13.665223,0.0,-58.512596,80.015274,0.0
3.6622343,15.449973,0.0,72.25205,-61.217747,0.0
67.216835,91.00128,0.0,4.1358156,9.602408,0.0
-46.784615,-30.37271,0.0,-84.22051,7.092672,0.0
-12.377973,-38.496944,0.0,1.5788937,-74.75049,0.0
-95.49353,-75.44676,0.0,-80.03838,32.07987,0.0
-10.332731,-27.031788,0.0,96.58105,66.98816,0.0
-45.476402,20.05301,0.0,-64.633095,-89.75515,0.0
-71.58516,-30.136696,0.0,-77.4419,-96.7119,0.0
-93.12385,31.928534,0.0,8.182148,96.83393,0.0
64.52489,-32.921852,0.0,85.986244,-32.23374,0.0
4.3077607,-81.62906,0.0,48.92377,-94.88089,0.0
79.66547,-90.59127,0.0,-16.261866,51.323723,0.0
30.092505,16.89456,0.0,-86.0836,-19.803322,0.0
14.554228,23.028395,0.0,-72.366104,-36.571922,0.0
-69.30955,95.86415,0.0,97.51979,66.37099,0.0
53.67256,-28.653267,0.0,18.896858,23.651457,0.0
87.40564,64.14214,0.0,-33.750797,-69.742676,0.0
2.636511,-82.42938,0.0,-90.05064,-91.61243,0.0
-17.331152,46.461773,0.0,41.040672,93.11852,0.0
10.098496,-38.54127,0.0,6.7204776,-73.14061,0.0
66.35264,95.66221,0.0,-75.119156,-23.615856,0.0
19.248264,72.50883,0.0,75.69619,-71.2096,0.0
1.4340526,84.55724,0.0,61.139072,65.9033,0.0
-70.772675,61.309437,0.0,82.22078,-7.952661,0.0
-34.67846,-80.548706,0.0,-19.109505,21.52671,0.0
-33.12971,-51.751472,0.0,59.476826,49.886097,0.0
74.039345,-72.26949,0.0,-74.53762,-64.86554,0.0
-78.85509,32.961555,0.0,-42.763824,-60.216637,0.0
0.6720378,78.08045,0.0,45.854523,78.17957,0.0
89.93929,85.94011,0.0,-81.137245,-15.250998,0.0
-95.47155,67.33787,0.0,79.285446,-38.351677,0.0
83.456635,77.24479,0.0,30.766315,-78.99219,0.0
-81.81424,49.582638,0.0,-45.886147,-12.31519,0.0
-79.86786,-21.871082,0.0,57.250046,-74.38203,0.0
93.063484,-38.855003,0.0,30.654976,-72.510506,0.0
40.607307,-43.108097,0.0,18.984081,-61.473145,0.0
64.29426,-29.187086,0.0,31.164158,7.4551325,0.0
65.95273,50.158833,0.0,-98.164734,-82.533424,0.0
-25.450556,81.078224,0.0,-66.97054,7.0716558,0.0
44.572216,27.219568,0.0,-0.75254816,-29.14299,0.0
98.651,-91.01774,0.0,52.201588,-25.65519,0.0
18.297499,-60.56524,0.0,22.781675,-26.659903,0.0
-23.180311,-80.8393,0.0,-5.913283,-28.737894,0.0
89.60458,41.184402,0.0,40.780422,43.333572,0.0
72.792694,-80.850685,0.0,1.078915,94.73872,0.0
-4.142666,0.81230605,0.0,10.520051,85.59409,0.0
78.5198,-77.11756,0.0,68.52054,49.75509,0.0
21.503447,64.60447,0.0,-43.136578,49.23762,0.0
-56.712368,-4.885865,0.0,-71.324455,32.65569,0.0
76.53868,99.15397,0.0,93.40089,1.6062998,0.0
-56.25357,-24.36973,0.0,-70.83297,57.49992,0.0
-8.715959,-24.102406,0.0,-42.65254,83.9062,0.0
-51.669514,64.841675,0.0,93.66997,55.632042,0.0
41.971252,-72.14321,0.0,-97.47395,21.028414,0.0
-60.888096,14.751713,0.0,34.526585,75.49515,0.0
47.223488,54.37927,0.0,-6.5165844,-26.217257,0.0
14.840502,66.03472,0.0,-37.831722,-4.7672706,0.0
-66.858604,47.298733,0.0,56.85113,-21.69176,0.0
57.25393,49.50264,0.0,-71.472946,5.4847,0.0
-48.601692,-38.67166,0.0,-6.580807,85.42149,0.0
74.163635,42.078674,0.0,95.314835,70.01866,0.0
-84.23249,29.457697,0.0,21.249208,-99.81439,0.0
84.08741,-3.1104531,0.0,2.3961303,74.4809,0.0
73.10556,-93.46907,0.0,78.494064,-13.927019,0.0
-76.0646,-54.83171,0.0,12.13867,20.891933,0.0
-66.01335,67.28662,0.0,-95.86528,-30.572645,0.0
-65.05052,-44.47632,0.0,-7.606799,-81.11631,0.0
93.71082,49.171192,0.0,83.74588,18.028187,0.0
66.184944,-92.92827,0.0,-95.36145,81.446396,0.0
45.51687,2.4978712,0.0,22.535227,54.773262,0.0
64.77641,-82.256165,0.0,-26.69921,83.31473,0.0
-59.92494,79.91687,0.0,95.92691,-45.141712,0.0
-77.14666,58.148495,0.0,-36.49622,10.855144,0.0
2.665347,64.67299,0.0,-28.124397,18.352169,0.0
-94.69617,77.131744,0.0,76.946205,-73.811745,0.0
-82.32811,14.595836,0.0,-36.83612,-58.54334,0.0
-39.111404,42.088524,0.0,52.90366,-45.795395,0.0
33.67009,-53.081802,0.0,20.420265,-28.446136,0.0
69.840294,42.168964,0.0,-79.087494,36.54106,0.0
39.698227,17.474947,0.0,-44.56632,-81.326035,0.0
15.431384,17.602964,0.0,-88.4722,-49.908215,0.0
-36.204792,10.646714,0.0,-14.274939,88.52524,0.0
53.585625,32.823345,0.0,99.1023,-37.60236,0.0
-42.57149,-93.2708,0.0,-98.72505,-27.229431,0.0
13.485626,-39.995064,0.0,-9.424345,66.07235,0.0
33.394485,26.259037,0.0,46.145947,52.64247,0.0
-83.39433,-72.3633,0.0,68.89617,72.50159,0.0
-23.99889,66.557495,0.0,-85.604324,38.79981,0.0
55.67245,70.24923,0.0,-45.608578,18.692242,0.0
-98.028725,79.94336,0.0,45.76738,60.380962,0.0
-36.302807,59.95751,0.0,51.929222,28.881832,0.0
49.78995,-41.95287,0.0,54.43846,-94.702644,0.0
-33.161377,-3.0177093,0.0,-13.48801,-82.70396,0.0
-63.627216,-27.072353,0.0,-89.412766,51.400024,0.0
27.362345,-14.288102,0.0,41.9826,-50.030285,0.0
35.888126,-83.582664,0.0,99.065796,-5.7658916,0.0
-13.734922,71.227554,0.0,-34.131775,-48.382355,0.0
96.87305,58.370853,0.0,-17.119543,-0.35355896,0.0
-14.187478,-0.18272294,0.0,-25.242765,-36.234573,0.0
-78.6107,-6.3128743,0.0,15.032221,-83.76629,0.0
-39.81274,3.3195717,0.0,64.58369,-77.94145,0.0
39.12903,-22.349989,0.0,-24.254383,90.33918,0.0
41.639202,83.41372,0.0,-40.7147,-5.2290187,0.0
6.040306,-21.258629,0.0,-48.9817,19.499285,0.0
37.82007,-69.09289,0.0,-9.509137,-37.58326,0.0
-77.87039,-30.675581,0.0,61.999702,28.277761,0.0
5.968258,-85.196526,0.0,-17.41969,80.962326,0.0
70.03962,49.032387,0.0,-30.2771,-62.9375,0.0
-74.33479,92.6323,0.0,-11.030238,71.210266,0.0
-14.759788,-63.714565,0.0,86.73138,94.25457,0.0
-31.814077,24.536757,0.0,-36.270466,72.733025,0.0
70.31004,-78.86783,0.0,-77.19,69.860855,0.0
83.0019,52.96692,0.0,63.96656,-98.37111,0.0
-34.821903,-31.791977,0.0,-97.58278,91.20068,0.0
-32.67004,-52.856876,0.0,-14.502469,-6.232861,0.0
25.95981,11.427609,0.0,-1.0168364,79.68887,0.0
-93.75429,8.720909,0.0,4.271855,-64.072014,0.0
-43.175297,58.768913,0.0,22.119385,70.17871,0.0
11.077931,-99.30414,0.0,35.70235,69.97603,0.0
-71.21474,-15.494512,0.0,-74.39564,0.6481138,0.0
82.05168,-62.33704,0.0,16.915766,57.187263,0.0
74.150696,56.477093,0.0,13.403255,47.68984,0.0
-90.34292,-80.889885,0.0,-82.22101,5.0264087,0.0
99.38376,29.687435,0.0,40.06171,-47.66726,0.0
-24.912434,23.468235,0.0,-11.915864,9.298883,0.0
23.239784,94.59795,0.0,-77.70518,90.520874,0.0
-55.606052,7.8771315,0.0,77.65873,84.34657,0.0
41.120525,-21.047804,0.0,-92.16526,81.740906,0.0
29.73168,61.85343,0.0,-13.38418,65.87553,0.0
-20.50898,17.187405,0.0,-50.81726,-6.289282,0.0
40.77615,15.882412,0.0,-32.39093,32.185272,0.0
77.2858,48.1646,0.0,56.937664,69.15221,0.0
78.33976,33.25929,0.0,-62.761196,-82.56592,0.0
73.07886,-85.93623,0.0,-40.69918,64.894585,0.0
88.27153,-72.83836,0.0,47.008293,-40.16772,0.0
-14.98411,79.73606,0.0,62.954563,-40.262257,0.0
16.02676,-65.25865,0.0,-9.285242,-90.14286,0.0
-69.78278,-14.664484,0.0,-78.29343,38.969738,0.0
-71.4089,50.424786,0.0,10.140961,22.872797,0.0
-9.741611,-12.140321,0.0,84.49276,-51.36787,0.0
-78.83431,12.476544,0.0,-53.913273,77.36977,0.0
-77.54074,-31.93592,0.0,-48.392174,-77.27783,0.0
-37.014282,20.03458,0.0,-85.5964,-14.054809,0.0
-57.446907,-46.338764,0.0,36.152645,79.57396,0.0
16.685818,79.888405,0.0,-69.43674,-94.17587,0.0
65.23138,57.72465,0.0,-89.21001,79.73893,0.0
-31.167234,-6.2930617,0.0,-63.06859,97.937675,0.0
58.815994,60.54758,0.0,-61.8884,-85.34816,0.0
-23.728113,-37.585304,0.0,36.067387,70.14156,0.0
-57.235634,42.693253,0.0,21.98089,-28.880812,0.0
40.9783,76.001175,0.0,21.134102,-70.79771,0.0
-54.103725,28.873018,0.0,89.330826,18.18286,0.0
71.00287,52.390392,0.0,54.619873,-94.325485,0.0
-89.059074,-17.835619,0.0,-67.89179,-99.0449,0.0
-31.897808,14.260122,0.0,3.3242893,15.958801,0.0
92.35689,-36.528133,0.0,48.75866,-34.80167,0.0
-18.889418,98.74901,0.0,3.7062051,-37.3495,0.0
-39.405674,-90.73128,0.0,52.99563,-98.328156,0.0
99.416756,50.678555,0.0,-62.583637,-1.9227287,0.0
-95.886826,82.24852,0.0,2.5304887,-98.12649,0.0
39.869526,-6.555701,0.0,-55.286892,-77.45574,0.0
-29.20667,-35.799606,0.0,29.917095,20.431795,0.0
29.966183,21.168,0.0,-58.7432,-79.82773,0.0
34.40359,7.184151,0.0,2.587911,-79.180595,0.0
-71.16938,12.635735,0.0,-96.36354,11.561421,0.0
-35.427418,18.390512,0.0,92.50795,-9.877669,0.0
-44.45722,-13.9144335,0.0,95.57596,-80.915596,0.0
-47.10785,16.313385,0.0,38.993042,32.580708,0.0
64.06015,82.35134,0.0,5.060315,-23.522516,0.0
58.138546,30.075779,0.0,-43.705257,1.5649588,0.0
16.444757,54.740005,0.0,-75.10758,87.16877,0.0
-84.15677,89.95155,0.0,-14.380353,-86.23146,0.0
-3.5114086,90.33268,0.0,-19.807516,-27.769815,0.0
69.98548,-38.051815,0.0,-68.98539,-57.096508,0.0
80.29393,-57.15043,0.0,33.63009,47.692677,0.0
36.65237,-77.32936,0.0,78.5857,-52.32091,0.0
70.257805,-71.346146,0.0,-5.676513,-72.04881,0.0
81.55983,1.463277,0.0,-53.05057,38.741386,0.0
9.921499,16.98381,0.0,-61.01628,9.355472,0.0
67.21931,-87.29338,0.0,21.981987,-35.90497,0.0
-92.32952,18.569002,0.0,19.07072,93.37595,0.0
32.359035,57.915466,0.0,-91.73285,0.19926359,0.0
-30.77768,-27.940151,0.0,88.40293,83.81539,0.0
-17.9126,19.71061,0.0,57.799725,-32.298508,0.0
-21.163185,60.43691,0.0,-97.08278,43.756115,0.0
-5.496272,-86.331,0.0,97.58579,-99.27668,0.0
-7.3050737,81.86448,0.0,68.68933,75.44975,0.0
64.958496,71.39677,0.0,-71.34698,-52.936043,0.0
-24.955055,45.142548,0.0,-29.779696,75.44227,0.0
44.487556,46.13761,0.0,-23.743206,-94.08424,0.0
-83.774055,68.859055,0.0,6.805222,-75.41192,0.0
-1.4479045,88.19746,0.0,70.252655,-73.46963,0.0
-25.34445,78.160645,0.0,45.36323,33.311543,0.0
78.12337,88.268074,0.0,-0.8415125,-29.085789,0.0
93.88316,71.606674,0.0,56.122967,-99.64435,0.0
-66.593895,-55.04345,0.0,78.34681,-37.869064,0.0
-82.66616,22.936413,0.0,6.835775,21.491665,0.0
53.313942,-28.343958,0.0,8.271852,59.72603,0.0
94.094154,-93.05335,0.0,12.004645,-69.61594,0.0
37.243195,45.715187,0.0,55.185486,78.6953,0.0
30.018347,-31.68684,0.0,-49.416393,91.38928,0.0
92.47677,54.950657,0.0,56.394783,-99.593254,0.0
81.71932,-55.1944,0.0,62.76693,58.59436,0.0
41.083023,-73.55218,0.0,-43.661545,-9.166558,0.0
-45.440807,-9.681632,0.0,30.527603,-32.82262,0.0
37.27457,-85.87782,0.0,69.7223,33.47675,0.0
-35.81506,94.74421,0.0,-98.6894,24.19969,0.0
21.26302,-93.19115,0.0,80.90914,-66.34387,0.0
-84.48674,65.58962,0.0,-30.623402,-97.4249,0.0
-61.52235,60.221676,0.0,-98.87025,0.8646891,0.0
-30.944931,89.21219,0.0,95.91702,55.160103,0.0
10.630729,-34.80923,0.0,-39.032772,-63.37975,0.0
35.420837,-61.756676,0.0,4.3128743,80.0832,0.0
-71.124466,68.664055,0.0,71.10167,31.738234,0.0
10.444767,-78.9993,0.0,-66.65819,98.53304,0.0
-45.66559,76.421135,0.0,71.14688,-87.22888,0.0
-89.52133,-66.77783,0.0,-45.940258,23.24682,0.0
-56.611904,-93.38962,0.0,9.604004,63.084827,0.0
43.40348,92.94918,0.0,72.73693,63.075577,0.0
53.034893,-62.14048,0.0,-40.1672,-48.215397,0.0
97.0846,-54.16534,0.0,3.5004773,-93.7575,0.0
51.440697,88.934326,0.0,75.60767,38.185795,0.0
81.19911,16.195463,0.0,72.991196,70.45059,0.0
34.43252,62.303047,0.0,8.675356,22.898962,0.0
-68.9559,32.223156,0.0,50.958115,12.537297,0.0
-65.07588,76.21615,0.0,3.71356,-18.890745,0.0
-72.78875,67.21579,0.0,-69.04279,-39.764885,0.0
-60.070396,16.664095,0.0,35.486942,99.447014,0.0
-41.329895,0.72121924,0.0,-82.40871,-9.405139,0.0
97.61198,85.52185,0.0,81.09539,52.31806,0.0
-74.833565,-12.607056,0.0,87.55624,89.569374,0.0
-54.70788,79.541046,0.0,95.938354,29.531916,0.0
68.2948,79.66767,0.0,9.292276,-78.14585,0.0
95.677444,-45.786217,0.0,48.634636,-18.952923,0.0
89.79509,-51.920975,0.0,-33.80619,72.69137,0.0
74.762054,57.488464,0.0,84.83542,-36.831123,0.0
-10.507375,13.97071,0.0,-69.97765,96.00902,0.0
0.8669998,-74.98526,0.0,49.372944,19.295132,0.0
-49.9196,-39.315414,0.0,-51.36896,14.432177,0.0
53.67545,12.686494,0.0,57.85942,-81.28807,0.0
-52.584007,44.308174,0.0,-6.87473,-72.498276,0.0
65.828094,-41.03379,0.0,31.011011,3.6000254,0.0
-7.3894544,-76.95261,0.0,48.707638,76.939865,0.0
99.89636,32.889244,0.0,93.29419,-87.610985,0.0
5.605465,52.34738,0.0,15.618362,92.36908,0.0
55.23866,34.56278,0.0,24.128098,88.941154,0.0
74.587296,76.93819,0.0,62.35942,44.2724,0.0
-68.33733,31.008247,0.0,44.12808,-73.21756,0.0
-67.41581,-56.78128,0.0,34.62908,-54.30291,0.0
-82.12939,-47.315823,0.0,84.85835,-79.31655,0.0
9.833191,47.26725,0.0,70.98332,57.015106,0.0
-21.174295,63.84243,0.0,82.94323,8.573378,0.0
19.009268,-81.96086,0.0,21.203003,-82.07365,0.0
19.55211,98.97817,0.0,-85.045525,5.413009,0.0
33.797333,-86.75615,0.0,76.98032,18.093382,0.0
-45.94631,59.12425,0.0,67.99518,64.71425,0.0
-21.264761,-39.448925,0.0,-25.029547,59.989418,0.0
68.11442,-33.02502,0.0,86.62741,-88.55048,0.0
28.620867,60.022446,0.0,-82.42402,-60.645844,0.0
77.778915,-38.365093,0.0,75.289894,-22.77252,0.0
-4.879284,-20.4492,0.0,70.5002,-27.619125,0.0
57.564175,22.640455,0.0,52.1589,-23.190197,0.0
44.45747,17.396973,0.0,49.2303,1.9321283,0.0
-70.0988,60.39616,0.0,91.66269,61.611694,0.0
43.21392,-25.026798,0.0,86.75039,-44.99017,0.0
72.336586,-26.487633,0.0,-18.056482,14.296507,0.0
91.85283,-44.61931,0.0,58.01804,25.046156,0.0
-81.013596,-36.229637,0.0,98.56289,35.685333,0.0
18.04068,-82.9016,0.0,-67.667595,50.923233,0.0
37.57714,-86.43259,0.0,-39.80728,41.63442,0.0
-31.901205,-96.26286,0.0,-76.24316,81.570694,0.0
68.36953,-88.23916,0.0,89.23662,-51.443718,0.0
56.97814,-57.694576,0.0,21.07345,63.28556,0.0
25.36925,-99.27609,0.0,36.74657,-28.612572,0.0
-42.489567,93.34816,0.0,75.03306,-34.870922,0.0
-13.827987,-22.177872,0.0,42.298355,-70.50794,0.0
-89.983185,-79.18684,0.0,-48.97384,19.15001,0.0
-65.505554,-82.441284,0.0,58.712467,41.650608,0.0
57.67599,54.420563,0.0,-61.156624,-41.953613,0.0
-5.489567,-84.55178,0.0,25.90792,-5.4654956,0.0
-49.799713,70.94704,0.0,-9.191813,82.161896,0.0
65.20602,97.16485,0.0,-97.51614,-66.61549,0.0
39.4835,59.395317,0.0,-46.976887,-37.951756,0.0
-87.70758,93.180466,0.0,2.150194,97.32778,0.0
-30.125053,72.324455,0.0,-55.904102,19.490667,0.0
-63.349895,68.32731,0.0,76.33189,10.730572,0.0
-95.53966,21.90102,0.0,66.40815,-38.032047,0.0
90.707436,32.72781,0.0,-59.625996,-1.914545,0.0
23.455929,-31.17969,0.0,-80.66184,25.8704,0.0
17.405323,-39.703526,0.0,41.017,-32.192074,0.0
70.0174,58.469498,0.0,-34.928463,-71.40098,0.0
22.353054,-88.149345,0.0,-59.434177,37.61898,0.0
-77.63103,-35.49948,0.0,-78.383224,-73.2533,0.0
-54.062424,47.141712,0.0,-79.90741,-19.411627,0.0
51.864525,-48.3876,0.0,12.066478,84.79101,0.0
10.858891,79.89327,0.0,-81.75566,-89.726685,0.0
-43.361225,10.540941,0.0,48.380604,-71.8421,0.0
-98.31493,-1.1421863,0.0,43.899593,-28.537348,0.0
84.5247,81.96171,0.0,77.00442,54.120926,0.0
-14.372009,94.2052,0.0,-80.65583,37.44924,0.0
64.100746,72.42149,0.0,-74.74518,31.221222,0.0
-93.04667,-76.65998,0.0,-83.21012,66.626755,0.0
-72.263245,-8.546099,0.0,-83.83177,-4.8043437,0.0
-36.72149,59.336296,0.0,-21.159533,87.720436,0.0
62.144737,-57.815716,0.0,93.81548,74.96206,0.0
-86.71238,-76.944405,0.0,75.094955,-97.76029,0.0
46.86106,55.82108,0.0,-61.597973,26.972649,0.0
85.64143,-27.701515,0.0,-95.308136,-21.941116,0.0
56.487885,41.578407,0.0,-63.472206,-76.75085,0.0
61.47336,-68.97151,0.0,-81.453865,20.72273,0.0
-69.00814,91.416306,0.0,-92.126114,-78.27993,0.0
-76.975266,-92.62782,0.0,-90.99007,-8.160504,0.0
-90.91549,76.51199,0.0,86.193985,56.367813,0.0
-37.72015,75.04008,0.0,28.243773,68.68748,0.0
32.839924,41.77095,0.0,78.196236,98.596,0.0
72.443344,14.88426,0.0,33.723057,-16.393383,0.0
30.562965,19.163826,0.0,42.256004,21.607426,0.0
-97.061325,-24.18119,0.0,-32.53089,-96.134476,0.0
93.31299,68.308464,0.0,82.772285,64.73714,0.0
72.77001,-65.78839,0.0,3.9283,81.668106,0.0
-65.068184,98.722984,0.0,-12.837425,-70.33666,0.0
45.05772,53.988922,0.0,-77.52473,-49.344913,0.0
-94.742004,-11.379619,0.0,17.486053,91.39974,0.0
-65.889824,14.497716,0.0,33.036545,-1.794891,0.0
29.772781,62.462585,0.0,-36.0599,28.640806,0.0
-71.097435,-48.656013,0.0,-48.706463,16.62307,0.0
-34.006752,27.552052,0.0,-21.506277,72.272446,0.0
80.93803,-81.56647,0.0,-9.539219,-24.48453,0.0
-33.054573,56.93466,0.0,49.84367,58.137154,0.0
-33.491974,-46.084827,0.0,28.129238,67.973785,0.0
91.445854,-71.77027,0.0,-35.447525,-72.59792,0.0
-83.117256,-62.809265,0.0,71.98921,-81.744484,0.0
-16.853176,-11.236915,0.0,18.435001,-75.366,0.0
-30.840162,-5.9691257,0.0,91.48091,34.78232,0.0
34.69554,18.431997,0.0,97.044334,-81.6667,0.0
-60.250755,-67.68121,0.0,16.570827,53.9108,0.0
-6.577003,96.6653,0.0,86.97614,-67.902245,0.0
-13.930791,-29.254343,0.0,67.29291,74.50946,0.0
-6.2860026,88.27271,0.0,79.20814,-12.764428,0.0
26.127058,-13.971457,0.0,-12.446992,-37.925823,0.0
-24.74282,-94.07513,0.0,79.526436,20.461071,0.0
16.55631,-66.971466,0.0,-21.381193,83.99565,0.0
50.7532,90.29784,0.0,45.378445,52.569183,0.0
22.403955,82.13321,0.0,-86.16055,-38.16465,0.0
-47.439823,-20.348475,0.0,-56.504654,-39.524,0.0
-52.529633,18.022243,0.0,28.960445,-98.09929,0.0
50.522045,-61.526775,0.0,-58.962074,24.97953,0.0
-13.2987585,0.45827028,0.0,30.399075,83.45328,0.0
88.581436,-0.37980354,0.0,-81.5487,35.60605,0.0
-28.800398,99.67512,0.0,-5.9491043,76.06327,0.0
-32.095585,-62.431744,0.0,-27.015896,-94.41548,0.0
85.5085,53.96779,0.0,45.776905,94.43407,0.0
-0.65028274,13.92547,0.0,-91.238495,-73.650505,0.0
67.2309,-65.77015,0.0,81.09753,-66.068985,0.0
-71.613014,21.49706,0.0,0.96601385,65.05937,0.0
-82.38985,-39.63194,0.0,83.50294,73.93431,0.0
-8.924856,-89.74403,0.0,-60.463966,77.58365,0.0
96.68576,-54.809402,0.0,80.97253,11.868237,0.0
-93.81176,2.8909953,0.0,-21.370316,92.72843,0.0
-48.00237,-98.21215,0.0,-76.88692,-0.8529768,0.0
44.38021,55.086315,0.0,33.658924,-15.437807,0.0
-46.99707,86.79397,0.0,61.829853,91.81289,0.0
-25.392347,-81.09339,0.0,82.38897,-92.92317,0.0
74.93864,19.09844,0.0,31.279049,-48.148796,0.0
-65.373924,19.481504,0.0,96.42839,-28.685719,0.0
23.530468,-23.393595,0.0,37.412224,82.65199,0.0
44.771687,98.1737,0.0,49.819984,-66.72984,0.0
-54.50377,-2.227992,0.0,-35.424583,97.107574,0.0
-11.9314375,-34.04607,0.0,97.36593,81.64415,0.0
45.333397,30.848461,0.0,-41.541164,78.4275,0.0
29.188099,-77.34567,0.0,81.3253,40.773735,0.0
76.77085,-51.298008,0.0,-8.05773,10.110493,0.0
-26.465681,-38.689114,0.0,51.98847,-75.717834,0.0
88.30162,41.324745,0.0,-92.08706,76.631386,0.0
79.406944,21.216087,0.0,-45.8085,-91.014465,0.0
-76.8678,91.9545,0.0,85.740036,87.35771,0.0
-28.857462,89.891014,0.0,64.31059,-59.2475,0.0
93.59001,97.45521,0.0,-73.23507,61.627415,0.0
49.32332,78.1716,0.0,-34.301754,8.060287,0.0
-95.149994,-7.6802316,0.0,-84.76803,18.794415,0.0
-16.605133,56.31025,0.0,29.790474,-17.115938,0.0
10.073344,-28.290415,0.0,-7.5043707,9.761574,0.0
63.36799,59.57886,0.0,78.92215,60.91139,0.0
-92.04264,6.979829,0.0,51.627354,98.749435,0.0
-4.728452,-67.58717,0.0,8.857016,-29.35559,0.0
29.325531,-97.47012,0.0,-99.714424,62.39821,0.0
7.803881,65.47219,0.0,97.651855,24.667864,0.0
-63.798603,-91.281364,0.0,-91.617546,25.473429,0.0
-50.787636,-77.44437,0.0,87.859184,-64.466995,0.0
38.62247,-77.36481,0.0,-37.14084,-79.92737,0.0
46.55592,6.434512,0.0,-70.83479,-56.890278,0.0
-5.7889237,74.049835,0.0,72.47659,-38.98504,0.0
42.809822,-77.39742,0.0,50.33447,56.60743,0.0
-38.0513,90.1968,0.0,-2.00625,-81.63788,0.0
9.437938,22.84634,0.0,58.165142,74.76072,0.0
-82.42509,-38.260784,0.0,81.53596,-26.637037,0.0
95.93829,-65.03233,0.0,-13.576968,-13.241877,0.0
-98.176155,1.8967649,0.0,-47.92555,-72.13146,0.0
-64.93782,-82.08473,0.0,76.12376,79.33719,0.0
-64.67745,-94.31415,0.0,-26.47628,51.28406,0.0
3.6821895,93.42273,0.0,90.15758,-35.30227,0.0
-73.20706,-15.189863,0.0,51.538,-42.26298,0.0
-77.47227,76.84478,0.0,-49.333973,-34.893032,0.0
-34.355457,9.4652195,0.0,80.9779,67.62299,0.0
-86.4348,-53.461998,0.0,-91.56311,-5.8812838,0.0
83.11531,-33.45103,0.0,-3.8553855,49.540848,0.0
-83.031586,83.51295,0.0,15.267274,86.228004,0.0
26.474401,-11.98442,0.0,60.510937,25.405468,0.0
-71.24936,-9.291041,0.0,-88.22475,65.20933,0.0
57.80217,70.907036,0.0,84.13502,-67.757515,0.0
25.468216,99.54087,0.0,80.29148,20.45411,0.0
-37.013447,35.729073,0.0,-24.18678,-68.65583,0.0
48.267982,14.37523,0.0,-73.5669,-18.104725,0.0
-39.975105,-72.22228,0.0,-34.14465,-73.86625,0.0
56.736168,-60.31524,0.0,12.344207,60.491207,0.0
-62.224243,-79.00665,0.0,31.68607,69.02337,0.0
80.61306,-35.488194,0.0,-37.27441,-50.227283,0.0
-52.502228,96.70786,0.0,38.66224,3.8555932,0.0
50.616695,57.994537,0.0,-0.20210908,-80.826065,0.0
47.838852,93.22296,0.0,-7.1508317,45.989864,0.0
18.30576,46.812805,0.0,2.9894722,62.79679,0.0
55.02019,52.27271,0.0,-6.4325433,-38.27451,0.0
-14.672743,-20.830994,0.0,49.942673,98.791626,0.0
45.03179,-49.331112,0.0,38.718365,15.927331,0.0
-37.336063,-9.600928,0.0,13.602796,71.58987,0.0
-46.892914,4.3739066,0.0,-63.524323,12.825016,0.0
-57.378918,12.426298,0.0,-96.71942,3.1589355,0.0
44.59751,50.91648,0.0,-63.999645,10.492552,0.0
-8.278388,91.23001,0.0,-63.807674,89.88162,0.0
98.66453,-99.19151,0.0,-84.593025,-67.38124,0.0
-73.65177,-0.029659899,0.0,98.16814,19.284546,0.0
-81.3014,-44.060997,0.0,-35.775597,93.753204,0.0
58.416164,-46.63756,0.0,-48.90542,-72.07251,0.0
38.855915,-46.871338,0.0,-53.730026,-62.757206,0.0
58.3779,57.298042,0.0,-91.40294,-15.278081,0.0
-20.530783,-87.2441,0.0,-29.520908,62.812477,0.0
-67.88882,-6.17442,0.0,73.260376,-89.8441,0.0
-43.288128,26.781717,0.0,-7.7697077,-35.50311,0.0
38.208824,76.48783,0.0,60.12331,71.62748,0.0
-72.43502,-45.336704,0.0,85.16178,-49.253925,0.0
-65.168884,91.298386,0.0,84.124596,-86.45966,0.0
61.867237,19.931036,0.0,-72.6273,-58.733387,0.0
-51.953827,-59.357594,0.0,72.856926,-64.02933,0.0
-35.09743,-61.276375,0.0,94.38317,35.31504,0.0
84.00801,30.05102,0.0,-81.91621,89.57132,0.0
97.22842,63.598064,0.0,-5.9148445,-82.938934,0.0
-75.66201,-8.099623,0.0,-97.75527,-68.81678,0.0
-62.569443,-16.945564,0.0,32.3527,-38.807575,0.0
-35.053005,-94.93163,0.0,-13.349909,52.36428,0.0
-29.803007,-29.85297,0.0,-16.770922,50.015938,0.0
26.437817,45.223133,0.0,96.366005,10.11699,0.0
79.20705,41.797215,0.0,15.177939,-32.825073,0.0
31.135,66.456024,0.0,29.843903,60.018562,0.0
-31.994478,47.123295,0.0,36.936813,67.02226,0.0
-56.15531,-66.422806,0.0,74.062515,46.596436,0.0
-59.401287,-9.626188,0.0,59.389507,18.085217,0.0
28.801046,67.91845,0.0,74.96457,76.867256,0.0
20.764677,98.6049,0.0,92.825,65.834694,0.0
98.23789,-5.7169952,0.0,72.36168,80.73856,0.0
48.14922,-92.06883,0.0,-29.20297,-25.0231,0.0
21.441687,5.99715,0.0,50.123367,-30.66859,0.0
93.81091,-23.750837,0.0,-87.703606,-2.298946,0.0
16.728613,74.91532,0.0,-63.40067,33.844074,0.0
86.32857,-52.828186,0.0,3.9772108,63.41533,0.0
-86.28762,-7.5682235,0.0,44.406105,54.716137,0.0
-64.84012,81.55167,0.0,94.598,4.7475715,0.0
88.137535,68.68128,0.0,28.98089,93.29731,0.0
31.555466,57.086792,0.0,-89.751755,-53.12605,0.0
60.5941,-69.0396,0.0,-96.40249,-88.1128,0.0
-99.571815,-23.951769,0.0,63.70851,-26.749397,0.0
-69.56126,69.18672,0.0,-21.88922,-91.167015,0.0
72.12817,-37.800358,0.0,53.945457,-80.505325,0.0
79.73781,79.465004,0.0,-17.395699,-21.360971,0.0
6.2329674,-37.44467,0.0,-73.9565,35.732468,0.0
47.740543,-53.558876,0.0,-58.014435,-14.435955,0.0
-94.974525,-62.056164,0.0,37.925957,39.035946,0.0
47.82493,-36.39806,0.0,-9.400378,2.5765257,0.0
49.779186,-95.45924,0.0,-87.574005,96.40555,0.0
83.54878,-45.183342,0.0,-36.78306,-76.069786,0.0
-77.86733,-50.993996,0.0,-64.12026,-91.3692,0.0
-51.833355,-69.84516,0.0,-85.419685,-52.195484,0.0
48.420807,84.37156,0.0,88.09643,-15.770842,0.0
84.29156,95.70119,0.0,-97.865974,24.548252,0.0
84.67454,-78.48866,0.0,-52.520638,-75.675865,0.0
53.48988,43.66078,0.0,12.700791,-88.01477,0.0
-55.1039,-86.309364,0.0,-3.7012625,-66.14276,0.0
-66.3006,64.751816,0.0,-33.3944,-36.901115,0.0
74.378914,78.95014,0.0,31.202555,-87.965965,0.0
66.13814,73.51973,0.0,-78.75528,64.95995,0.0
-7.9156075,82.240906,0.0,-61.278442,-5.2793956,0.0
99.487206,38.336914,0.0,17.067398,57.0247,0.0
-68.22269,78.80094,0.0,-8.213248,4.270803,0.0
79.69914,96.60922,0.0,-83.78766,-20.470476,0.0
-90.44905,27.646976,0.0,51.491005,-64.37079,0.0
34.642063,27.302822,0.0,-17.969109,60.605633,0.0
69.96599,-53.68531,0.0,97.231705,-95.83075,0.0
7.3847394,96.70492,0.0,49.340496,-62.27117,0.0
41.305008,-61.00277,0.0,-1.2469361,50.09589,0.0
-66.03891,57.88395,0.0,-63.14778,-5.4079666,0.0
-99.57902,-76.57392,0.0,73.04381,-21.191132,0.0
92.990746,76.23841,0.0,-69.28744,28.476433,0.0
93.163895,-60.64424,0.0,-49.54317,-79.728905,0.0
96.835,-41.627327,0.0,-80.12386,62.164574,0.0
46.810806,-76.83448,0.0,-97.64195,36.240158,0.0
47.517246,-98.039185,0.0,-31.305113,-82.688,0.0
40.083836,-45.497364,0.0,-72.03093,-41.532753,0.0
73.26107,95.27443,0.0,93.661766,95.94856,0.0
51.150333,71.30312,0.0,81.056946,57.98166,0.0
93.08592,-13.462969,0.0,-91.53728,-17.992533,0.0
84.41374,73.09522,0.0,-89.477394,-58.94831,0.0
35.89919,6.696734,0.0,-32.24137,-96.0531,0.0
33.018745,-4.757371,0.0,8.716518,-99.55936,0.0
34.618423,64.87009,0.0,-20.601566,-68.7366,0.0
-40.362812,23.61249,0.0,-10.700732,-29.471037,0.0
35.040283,80.40081,0.0,-69.45427,96.60471,0.0
-69.63784,-71.646385,0.0,10.743636,-64.018585,0.0
-27.675829,-92.454895,0.0,-48.720516,-82.25231,0.0
76.6395,40.18966,0.0,-27.271006,84.85525,0.0
-15.517732,55.11619,0.0,66.44247,-61.09063,0.0
-30.826143,-91.04833,0.0,-39.911255,-32.873257,0.0
-9.075718,-1.1542978,0.0,-34.392815,-64.42977,0.0
-48.72003,-30.782553,0.0,99.477394,98.01826,0.0
96.651024,31.18744,0.0,-74.302216,77.675385,0.0
80.99736,55.732983,0.0,44.878284,-52.158184,0.0
37.68048,-13.034535,0.0,-50.719593,63.82047,0.0
-86.95108,-32.645695,0.0,91.65139,-26.525692,0.0
93.96942,32.318512,0.0,5.289145,-80.587585,0.0
0.8062999,-85.741745,0.0,58.058342,74.1532,0.0
22.270039,74.059975,0.0,86.08342,1.5625746,0.0
81.885056,45.053795,0.0,47.08574,26.57222,0.0
-3.1520312,-30.330505,0.0,-68.38606,62.128597,0.0
-84.30884,8.899387,0.0,41.86417,-66.535736,0.0
33.12718,-36.477463,0.0,48.667393,-16.644825,0.0
92.89185,75.80639,0.0,28.886097,-25.6398,0.0
98.41919,87.37597,0.0,86.00817,29.354523,0.0
-42.551884,-91.922966,0.0,-78.6843,82.492355,0.0
-85.06195,88.864426,0.0,-71.0011,-23.3694,0.0
65.48074,-95.77255,0.0,17.880379,-71.767784,0.0
-68.50838,20.980938,0.0,5.5656343,98.620384,0.0
-12.644226,48.689594,0.0,-75.37298,88.53615,0.0
17.2561,-21.128716,0.0,-53.06128,25.828773,0.0
-3.876669,83.45261,0.0,25.98724,65.584496,0.0
82.56487,21.112436,0.0,52.067516,50.454212,0.0
-59.400585,38.39255,0.0,-6.0397377,7.412361,0.0
44.08191,81.74922,0.0,46.552456,-75.401474,0.0
80.25819,-32.14188,0.0,-6.1269913,7.484863,0.0
25.429926,12.883366,0.0,-49.379326,-74.297386,0.0
34.872715,63.254078,0.0,37.16309,23.222847,0.0
5.5544567,-22.501413,0.0,38.19949,-57.07455,0.0
-59.90928,-71.540665,0.0,88.393036,-30.816305,0.0
75.55203,88.28209,0.0,-43.459393,-85.99792,0.0
-45.73122,-38.774895,0.0,-78.13035,65.31969,0.0
32.74338,-17.41199,0.0,81.32797,-47.814327,0.0
49.891563,-11.9318495,0.0,12.851004,76.90512,0.0
-57.486713,-65.12102,0.0,38.055595,-60.453022,0.0
81.638626,-64.15907,0.0,-52.576466,-14.658646,0.0
72.34239,18.569218,0.0,-70.532135,-6.2691774,0.0
71.37781,-90.31762,0.0,-74.30286,-20.51915,0.0
10.041552,18.356705,0.0,-38.2939,-50.87534,0.0
-42.74113,-98.63494,0.0,38.750656,-5.664685,0.0
-64.44583,57.31062,0.0,-11.856541,-15.659115,0.0
-58.926365,47.445538,0.0,39.94262,-50.745853,0.0
-68.52403,83.6395,0.0,-49.60123,42.191246,0.0
43.590767,-59.323048,0.0,25.41489,98.6987,0.0
-96.74697,-60.44922,0.0,92.97119,57.382107,0.0
-90.91548,93.600105,0.0,59.23072,-80.623344,0.0
86.69212,-6.5556293,0.0,24.588583,-94.85276,0.0
-60.297894,22.331993,0.0,29.785849,20.042416,0.0
-62.428448,-85.22282,0.0,-9.188512,59.63468,0.0
-7.0576196,-95.77283,0.0,93.552315,48.720215,0.0
3.6972573,48.262375,0.0,-42.571445,59.574886,0.0
42.51773,94.15219,0.0,93.38156,-40.480072,0.0
1.7113386,9.389678,0.0,47.35398,72.35681,0.0
-94.24309,27.862564,0.0,-63.152214,12.731307,0.0
-79.0593,31.997639,0.0,-26.871405,-76.61695,0.0
42.976246,-52.557835,0.0,33.394882,-61.04224,0.0
41.218777,85.1978,0.0,-82.36643,20.766314,0.0
-48.419178,-21.482948,0.0,-40.476013,82.95822,0.0
4.4737434,99.776115,0.0,14.949956,49.44677,0.0
-68.09896,82.59412,0.0,-88.98331,64.66009,0.0
-68.513885,-15.044865,0.0,60.503128,-96.14717,0.0
-46.190678,-57.17906,0.0,39.96379,96.82358,0.0
-95.958084,-74.52441,0.0,-79.30505,18.80518,0.0
92.67116,61.30777,0.0,-57.08082,61.94048,0.0
-53.962376,-57.958473,0.0,33.5692,-96.103294,0.0
36.768276,29.446135,0.0,29.459734,13.504043,0.0
81.99676,-22.199162,0.0,-67.787964,-35.871468,0.0
-5.6021395,-34.716045,0.0,88.04781,-70.84843,0.0
-17.380993,53.489452,0.0,68.13637,82.84335,0.0
30.988937,-81.09223,0.0,30.553782,-35.215275,0.0
-87.422874,48.380356,0.0,-79.85471,65.32177,0.0
96.99793,54.402493,0.0,-94.56651,-86.95908,0.0
-95.46068,44.765217,0.0,49.315548,-28.956032,0.0
-43.880795,95.95905,0.0,39.76939,-60.191982,0.0
81.907486,-74.22493,0.0,79.92915,47.685036,0.0
-49.706806,-57.0533,0.0,46.332005,-5.932078,0.0
52.920265,-85.74197,0.0,-31.913641,73.03973,0.0
9.370766,13.186345,0.0,92.56663,56.917763,0.0
66.735344,-41.496235,0.0,-60.806034,23.799381,0.0
-85.29437,-54.216362,0.0,-54.275978,-69.99483,0.0
-74.90581,54.162647,0.0,55.390583,97.23597,0.0
59.95071,41.24155,0.0,-99.09228,-99.58431,0.0
-89.41415,-47.02367,0.0,70.5919,-47.50779,0.0
-47.471172,16.341398,0.0,-12.18901,61.24003,0.0
93.858894,85.04468,0.0,-70.69623,48.472755,0.0
-0.81110406,-76.30635,0.0,-2.7316911,-95.20204,0.0
-98.85251,-16.107103,0.0,-16.922434,11.611714,0.0
-58.723938,-70.131325,0.0,-34.52681,-39.699398,0.0
79.19929,-43.124672,0.0,-3.0993855,-71.68647,0.0
-19.650175,-36.04092,0.0,-3.142157,-12.727856,0.0
-17.761696,-73.983864,0.0,-95.514824,-27.914633,0.0
-53.601337,81.10752,0.0,-86.01158,24.251509,0.0
0.8757138,9.947345,0.0,-2.434287,15.616248,0.0
62.62544,99.16419,0.0,-24.775993,90.33708,0.0
-12.885082,-65.69523,0.0,-52.51581,-97.74198,0.0
-82.75079,-75.098465,0.0,-60.17008,55.2957,0.0
98.90696,81.54302,0.0,29.451996,89.38314,0.0
-81.66908,-94.86443,0.0,-34.701088,-37.0475,0.0
53.909164,73.2783,0.0,5.569008,-98.013824,0.0
-3.9598212,63.44561,0.0,6.1554356,-86.428444,0.0
47.404,-53.718773,0.0,52.65907,-38.342102,0.0
83.89588,58.049885,0.0,-98.73981,24.321842,0.0
86.64433,16.269112,0.0,38.125187,-66.13403,0.0
-31.417995,64.235466,0.0,-55.121464,96.09934,0.0
97.47204,70.71316,0.0,-22.406733,82.78331,0.0
-66.127205,-45.528767,0.0,-53.44754,35.984497,0.0
69.562965,-89.91425,0.0,-36.881874,-63.726734,0.0
-78.652664,12.0823,0.0,-85.267784,8.971052,0.0
92.16026,73.505424,0.0,-65.647026,31.061377,0.0
-64.24294,4.264748,0.0,39.355286,-53.98412,0.0
-5.7586274,-67.08573,0.0,93.681114,-27.86657,0.0
2.3722305,75.191826,0.0,86.01912,77.24654,0.0
-40.526825,77.25031,0.0,-86.04973,65.72511,0.0
69.93043,-37.19745,0.0,-72.34168,-8.812721,0.0
75.61606,-90.90281,0.0,-28.141987,-64.240486,0.0
8.543103,-71.882126,0.0,-51.676735,-45.472008,0.0
57.577812,-89.74262,0.0,-84.82444,-76.29355,0.0
23.557825,1.7775092,0.0,70.74395,14.117708,0.0
-23.567953,50.576202,0.0,83.20593,-26.787764,0.0
-91.73407,23.489395,0.0,79.81268,20.179373,0.0
97.10108,37.003647,0.0,-90.39881,-65.73657,0.0
-60.87407,-7.8209267,0.0,70.77697,67.22132,0.0
-66.12775,89.483826,0.0,-59.164803,98.25276,0.0
-33.62826,-18.203358,0.0,9.622623,17.361498,0.0
69.28327,23.40552,0.0,-5.1857734,-75.35286,0.0
-75.69949,25.854815,0.0,-17.509697,-87.95311,0.0
-39.469646,45.915085,0.0,57.38103,95.05019,0.0
45.931755,-21.55067,0.0,-21.913984,81.984604,0.0
-85.07174,19.582878,0.0,83.52538,-16.177933,0.0
80.98148,32.36034,0.0,-76.46175,65.57752,0.0
-21.896738,-89.37234,0.0,-75.14523,27.428543,0.0
67.17253,-39.618904,0.0,-4.107473,15.948096,0.0
-59.194416,-94.10191,0.0,-93.25897,-88.84411,0.0
36.925106,-65.7104,0.0,-84.86407,-30.919651,0.0
23.21971,-62.196587,0.0,-61.62249,30.654308,0.0
-55.060978,-54.06435,0.0,-67.76016,-19.335697,0.0
21.566984,78.910934,0.0,-59.239056,99.00607,0.0
45.165447,-3.4515607,0.0,-82.87929,45.912666,0.0
35.603226,13.146399,0.0,-46.594345,75.726,0.0
-48.7756,-18.230555,0.0,85.98338,1.282009,0.0
-96.13229,95.251,0.0,53.65086,-88.8117,0.0
-90.84352,25.297232,0.0,-46.235966,-42.882545,0.0
-58.86226,-45.118702,0.0,-82.0536,-94.18766,0.0
-8.436014,98.462395,0.0,2.9688134,94.66743,0.0
35.85226,-3.717466,0.0,88.53119,35.92767,0.0
-5.976048,92.691734,0.0,-29.523449,48.056866,0.0
-29.856619,89.76781,0.0,-86.64753,78.19991,0.0
38.736195,-7.3582087,0.0,-47.102596,-14.439537,0.0
-77.19862,78.94758,0.0,39.44897,95.80013,0.0
-37.341854,-26.630032,0.0,-81.320206,56.678417,0.0
-81.7091,73.13874,0.0,94.43736,98.76528,0.0
-44.310677,-88.99725,0.0,33.17034,-2.8560421,0.0
86.49252,19.643042,0.0,57.22989,24.786165,0.0
88.71339,80.825676,0.0,70.98101,63.47154,0.0
-29.604605,-62.011185,0.0,-77.41213,-63.061535,0.0
67.96566,-79.28528,0.0,55.58482,64.811485,0.0
72.73734,-82.38969,0.0,99.96319,73.85557,0.0
-13.54638,-74.109955,0.0,-39.879208,-30.57739,0.0
-51.116585,-60.959526,0.0,-91.262,54.544277,0.0
96.925285,31.755598,0.0,65.04486,88.26248,0.0
54.34037,-93.487404,0.0,-80.71698,-8.583576,0.0
-33.3151,10.285728,0.0,97.780365,-16.256855,0.0
-95.59266,91.81246,0.0,94.78368,99.70073,0.0
88.71295,27.229057,0.0,53.38558,25.47374,0.0
88.795204,-34.64762,0.0,-32.223587,-52.13919,0.0
-30.670435,-76.13157,0.0,-86.36894,12.756197,0.0
92.88953,28.157818,0.0,36.278038,63.254543,0.0
-69.41133,81.030815,0.0,-5.672544,-90.59836,0.0
92.5717,-93.64989,0.0,-32.32519,99.78537,0.0
40.90722,93.90338,0.0,-11.499301,90.946014,0.0
-39.07725,-80.465576,0.0,36.846607,-11.969502,0.0
-16.065592,-13.515563,0.0,-54.871532,52.47111,0.0
78.152626,-43.994278,0.0,-79.23003,97.62046,0.0
34.273014,-98.19997,0.0,-19.104198,-11.432272,0.0
-27.557999,22.554565,0.0,-51.621334,-64.20946,0.0
-39.54002,72.22383,0.0,-2.2213712,-67.21656,0.0
-92.96185,-87.64017,0.0,-35.058765,69.909065,0.0
31.3207,-11.042785,0.0,31.564085,34.5483,0.0
-76.11041,22.099262,0.0,48.381607,64.91709,0.0
54.789787,59.37052,0.0,38.328377,-66.689095,0.0
-41.80078,76.44943,0.0,90.579704,-39.994076,0.0
-15.954051,-20.676983,0.0,-30.063349,0.53609496,0.0
72.137856,78.70546,0.0,53.4597,-26.45924,0.0
84.872795,87.69326,0.0,-91.861916,-97.01824,0.0
-8.712406,-88.8487,0.0,-29.964664,-68.66291,0.0
49.802814,-75.546715,0.0,39.54186,35.75849,0.0
-72.568794,-35.29876,0.0,-4.541333,49.754086,0.0
74.74429,-46.81518,0.0,67.11569,-63.559505,0.0
43.078953,80.93212,0.0,-70.70021,-47.68208,0.0
40.702908,-23.873354,0.0,91.97964,-10.590271,0.0
-62.39593,35.902653,0.0,-85.802704,29.60319,0.0
-7.6329393,-5.814573,0.0,-41.53704,13.757655,0.0
-85.6228,-19.190758,0.0,-63.708664,-9.837163,0.0
93.640144,-95.74172,0.0,45.956944,-84.61596,0.0
-85.30412,53.24384,0.0,-68.84062,-14.078215,0.0
-6.3799253,-79.69042,0.0,6.565866,-69.956085,0.0
9.059529,-27.042051,0.0,7.038725,-66.252686,0.0
-88.24922,10.849904,0.0,-96.37372,82.47742,0.0
82.5491,89.25386,0.0,36.391296,52.34126,0.0
-63.37531,78.89573,0.0,-70.38243,27.147871,0.0
-42.564167,28.454897,0.0,-78.00181,-25.567005,0.0
96.8545,-94.39723,0.0,-75.22841,19.747831,0.0
98.32447,-26.754427,0.0,18.973604,21.245,0.0
74.33729,-62.51732,0.0,-73.801094,-51.34916,0.0
86.832436,-30.319233,0.0,81.540535,-97.42443,0.0
-14.290246,-99.110085,0.0,34.062763,-36.10623,0.0
51.514664,89.79621,0.0,-57.10363,2.5416458,0.0
-96.86495,37.84814,0.0,65.89425,-82.95394,0.0
-13.875319,-3.430288,0.0,40.710148,-2.1331232,0.0
99.95433,54.05103,0.0,-18.96601,-78.03568,0.0
-13.578953,-39.16553,0.0,98.19404,22.16981,0.0
-53.630257,-62.482094,0.0,18.025358,69.66088,0.0
87.559845,-48.315197,0.0,1.1902187,63.615444,0.0
-46.93676,-61.48011,0.0,-47.319885,18.061184,0.0
88.56782,-32.43887,0.0,-55.630764,-90.58064,0.0
-36.31342,-7.4497843,0.0,-59.86349,-49.656677,0.0
-78.148705,-12.981023,0.0,-99.800125,-54.528072,0.0
80.5555,87.15177,0.0,22.817892,50.908283,0.0
-86.56607,-69.40887,0.0,-85.4871,17.705172,0.0
-95.50235,-95.86532,0.0,84.29706,68.68106,0.0
-79.31384,14.422674,0.0,-53.991974,47.2122,0.0
47.96844,49.8852,0.0,38.880054,17.441986,0.0
-81.4611,66.63802,0.0,-50.234848,-96.49079,0.0
53.375988,-44.15012,0.0,-53.409443,-28.82724,0.0
41.94704,-57.86038,0.0,-81.565186,-70.26545,0.0
-78.00263,-5.933852,0.0,-39.988262,-1.8735081,0.0
24.880255,-18.212048,0.0,-3.3901021,-38.091385,0.0
-78.98938,-19.070482,0.0,5.2704535,55.85204,0.0
76.12788,13.799551,0.0,75.17213,-95.60139,0.0
80.84836,-20.669043,0.0,-42.47598,88.434456,0.0
-14.720015,-26.007397,0.0,-98.080315,-71.7474,0.0
11.487406,21.833166,0.0,-67.93403,-57.81464,0.0
-10.605356,68.56141,0.0,-53.06342,78.37803,0.0
-14.584548,-3.554169,0.0,99.29373,-95.55361,0.0
64.641014,-89.784996,0.0,-49.82556,88.72205,0.0
77.96589,19.070463,0.0,-33.03751,92.210464,0.0
-57.90121,-25.706022,0.0,-90.6552,-68.90864,0.0
-82.5655,-86.278046,0.0,53.05325,15.68838,0.0
-89.72614,-25.102633,0.0,81.6581,86.54762,0.0
-78.68512,39.62628,0.0,-79.5641,-97.790665,0.0
-48.00004,-64.404434,0.0,-82.10311,-63.913506,0.0
-38.95097,-57.134445,0.0,44.51469,94.07725,0.0
94.64143,-90.679,0.0,-58.989525,7.5733027,0.0
40.826134,21.557272,0.0,7.8833075,96.684746,0.0
95.83023,-24.667374,0.0,23.289928,-84.43528,0.0
98.04688,58.737953,0.0,73.18278,15.653798,0.0
-78.51842,23.200304,0.0,88.72477,-51.821644,0.0
78.70874,57.76406,0.0,38.39623,31.0159,0.0
61.058018,-71.91863,0.0,-40.693027,20.371332,0.0
-54.622513,79.60127,0.0,-53.348717,53.13152,0.0
23.165625,-22.984783,0.0,-70.25765,-78.231255,0.0
-7.8470755,-3.5781596,0.0,-46.255108,13.339859,0.0
-48.887913,-25.069702,0.0,-30.835985,78.893684,0.0
-45.418076,-90.25791,0.0,69.35976,69.29555,0.0
56.64062,8.317104,0.0,99.002464,27.068466,0.0
-55.624466,87.00101,0.0,-43.02142,1.4132082,0.0
85.916504,76.2557,0.0,-93.784424,26.171244,0.0
-96.40336,-65.02651,0.0,62.900455,-90.407,0.0
-74.734665,-94.87376,0.0,-14.005476,-18.983255,0.0
52.81853,77.83592,0.0,84.86925,91.97638,0.0
78.990425,-24.27416,0.0,95.76572,-27.288057,0.0
32.528095,47.156303,0.0,46.545578,-79.137985,0.0
-14.250133,54.443344,0.0,-38.655384,86.2974,0.0
64.52917,-47.85293,0.0,-74.92512,-94.899216,0.0
-4.347957,3.1661272,0.0,34.694084,8.877451,0.0
-80.65951,62.138885,0.0,53.39181,94.48328,0.0
-55.085606,92.5121,0.0,57.257904,-75.71697,0.0
-33.922005,-7.7804375,0.0,21.602634,54.154232,0.0
-36.69941,35.039646,0.0,-87.76506,72.85654,0.0
-60.24755,-57.673843,0.0,-60.750908,-22.596813,0.0
85.73847,99.24154,0.0,-75.705444,93.02601,0.0
84.74292,49.08416,0.0,-76.2845,23.344213,0.0
7.513292,-82.56814,0.0,-76.87814,0.3516936,0.0
88.2131,46.492435,0.0,-75.71987,-46.227787,0.0
-7.2203183,10.206991,0.0,-98.807846,-13.804516,0.0
95.25989,-70.64598,0.0,-16.18043,-89.18837,0.0
-84.69272,-11.458278,0.0,20.296194,74.48281,0.0
77.04428,-57.599483,0.0,-89.872505,-72.40936,0.0
35.662197,13.208625,0.0,-84.89005,32.340324,0.0
79.410164,-16.159435,0.0,-63.01128,-36.141117,0.0
-35.239006,-6.830469,0.0,-66.74796,25.569807,0.0
-82.0922,97.902725,0.0,-17.12632,-74.14689,0.0
-81.72327,-10.0308695,0.0,-76.11766,-81.443794,0.0
26.796043,80.37336,0.0,25.483685,-87.82778,0.0
-57.9286,-87.34248,0.0,23.475367,46.317013,0.0
-34.02009,71.99121,0.0,-61.88772,81.39392,0.0
0.63958985,-39.603477,0.0,96.00247,-1.4564205,0.0
-3.0713344,-25.247805,0.0,54.33479,-97.73094,0.0
-1.2336847,72.546265,0.0,31.119955,-79.959496,0.0
23.986837,-36.1518,0.0,63.434395,75.21885,0.0
-20.809475,83.251816,0.0,-16.051954,76.76713,0.0
52.554405,-64.08567,0.0,85.30649,60.82967,0.0
-53.280746,-19.97487,0.0,-50.839127,31.203663,0.0
10.503953,74.63682,0.0,2.2180347,-88.35131,0.0
58.536243,-40.80619,0.0,-23.520277,-73.65639,0.0
-64.302666,64.71555,0.0,95.42398,-13.749519,0.0
37.26023,-2.5616434,0.0,58.19308,63.069916,0.0
20.050835,-31.190155,0.0,44.686886,87.7646,0.0
42.103798,49.281113,0.0,33.302185,-10.656109,0.0
58.685047,38.480015,0.0,-88.9607,99.86188,0.0
88.47429,24.01453,0.0,-83.1659,-0.15452497,0.0
0.27816802,56.688675,0.0,-15.668321,-17.474655,0.0
33.363148,31.85521,0.0,-97.5801,21.379896,0.0
-49.098965,42.663666,0.0,-25.36025,85.24654,0.0
-65.86124,40.90153,0.0,-9.385757,87.20195,0.0
-50.813663,79.72173,0.0,11.3522005,-74.95307,0.0
-65.00802,44.392956,0.0,-93.44597,78.64562,0.0
-90.12052,9.325664,0.0,76.183174,-46.144985,0.0
-53.613335,21.870598,0.0,26.54482,7.1201134,0.0
-6.109702,-1.3602058,0.0,-19.70095,-69.38209,0.0
3.8897517,12.537746,0.0,88.989494,-60.88587,0.0
-74.18472,68.180374,0.0,-49.629654,-35.44275,0.0
95.498314,79.152824,0.0,-2.4245837,75.64536,0.0
-88.697075,35.53475,0.0,-34.359646,-6.4447455,0.0
34.663403,35.15871,0.0,60.28624,79.08879,0.0
-78.88554,-30.449045,0.0,48.795483,-71.80026,0.0
-70.75661,-38.635086,0.0,-38.670643,-34.50801,0.0
-72.15624,-64.737045,0.0,-49.56948,-51.037693,0.0
-66.44167,28.124296,0.0,12.936357,-84.88686,0.0
53.359146,-30.425941,0.0,-0.6796828,48.928913,0.0
84.84787,80.699234,0.0,59.867325,-77.127495,0.0
-59.76861,-13.041485,0.0,50.943558,-88.19032,0.0
-5.81143,61.40788,0.0,80.17164,8.596337,0.0
-75.32621,-0.45028526,0.0,-30.614922,-59.474174,0.0
32.11999,11.275476,0.0,90.499596,2.8736851,0.0
-25.771732,-92.63938,0.0,75.15758,-31.344387,0.0
60.18979,-44.362946,0.0,55.91756,-45.72732,0.0
48.423645,-81.45154,0.0,74.58388,-65.86184,0.0
2.8190877,-38.30634,0.0,14.608439,-34.95776,0.0
74.16105,75.7517,0.0,-31.251684,-81.65251,0.0
76.33439,45.401573,0.0,42.39425,18.289787,0.0
-89.799644,93.6789,0.0,40.399376,-4.717376,0.0
-79.1999,16.454992,0.0,-82.8835,22.263863,0.0
76.584145,-22.737194,0.0,33.112705,-95.41961,0.0
-72.88247,-66.43101,0.0,-48.852985,35.702644,0.0
-43.44258,16.856663,0.0,-58.87236,-9.285687,0.0
-10.877325,81.53221,0.0,10.2368145,-62.14176,0.0
85.64906,59.39496,0.0,21.85949,-76.829445,0.0
-63.132687,50.148674,0.0,-63.728184,-83.49721,0.0
33.78874,-72.42801,0.0,89.48166,66.97876,0.0
-1.0833416,63.728443,0.0,67.71173,44.987892,0.0
-82.817924,42.823833,0.0,-60.753143,38.015068,0.0
-84.68348,-47.926903,0.0,-22.619553,-77.43222,0.0
51.722515,-59.748646,0.0,-97.04831,-23.666845,0.0
-96.77675,-5.8281684,0.0,66.69749,-91.67464,0.0
-40.884945,-29.131535,0.0,26.871603,-24.987808,0.0
38.83751,21.233694,0.0,-19.703346,91.49025,0.0
45.08062,-84.830864,0.0,-99.555786,44.722584,0.0
62.904465,56.188084,0.0,77.77999,34.190502,0.0
-17.822723,-62.87195,0.0,77.04534,-81.39709,0.0
57.76481,48.74183,0.0,13.867841,71.57054,0.0
-72.27386,-68.95337,0.0,92.356834,-19.425503,0.0
-44.337093,14.31019,0.0,96.95408,37.58465,0.0
60.876526,-38.795048,0.0,20.884686,-72.02091,0.0
-80.804535,93.49667,0.0,-78.08345,-19.98944,0.0
-75.793785,26.673119,0.0,-61.529972,45.076366,0.0
98.91302,-50.63534,0.0,-74.7713,-79.27124,0.0
-44.035667,35.241978,0.0,-43.313725,-19.454094,0.0
-1.026659,-20.55092,0.0,-58.859386,-50.93737,0.0
-50.400505,-85.509834,0.0,-13.76075,20.070574,0.0
-45.16627,65.59545,0.0,-37.506382,94.00235,0.0
90.11872,32.697186,0.0,-87.44745,-32.891087,0.0
-62.172134,42.69515,0.0,64.30701,55.86975,0.0
22.149069,-86.924934,0.0,-96.50321,1.9391735,0.0
-34.84856,18.052164,0.0,47.805847,68.587654,0.0
92.149254,7.5080276,0.0,-97.160675,-48.473602,0.0
-62.31153,-59.574528,0.0,79.51761,84.10254,0.0
-98.923355,54.62912,0.0,-7.207896,23.647665,0.0
-54.37282,-9.92692,0.0,70.07928,-79.14314,0.0
-5.929766,-34.272076,0.0,69.95636,17.642588,0.0
-91.22471,53.98909,0.0,47.805717,-19.337694,0.0
-32.024536,-44.58757,0.0,31.761623,92.646965,0.0
-51.238132,32.16303,0.0,55.712574,-88.372246,0.0
-53.280903,72.820694,0.0,94.9688,-33.77941,0.0
-79.248505,10.755504,0.0,-33.405735,-34.794346,0.0
96.87162,-8.6157875,0.0,44.357635,-96.47122,0.0
93.2436,38.856304,0.0,90.47245,-30.205149,0.0
-99.82926,-60.55882,0.0,-62.321404,43.423897,0.0
-74.64792,91.62275,0.0,72.6312,-76.63123,0.0
93.651855,-75.70531,0.0,53.883446,-23.38907,0.0
46.39053,9.185999,0.0,-2.737127,-65.622734,0.0
-74.65463,-5.2550344,0.0,-81.44427,14.317142,0.0
-89.55666,85.22487,0.0,15.560523,76.874115,0.0
71.71961,-20.209461,0.0,29.845558,-3.3398557,0.0
-16.324245,16.022148,0.0,-1.54164,20.45386,0.0
-63.171207,-53.91233,0.0,-76.32633,2.612848,0.0
59.451664,-84.36268,0.0,-95.084015,-25.525677,0.0
-15.819169,89.64869,0.0,83.840454,-20.570932,0.0
13.838633,50.830627,0.0,85.72722,89.167465,0.0
52.4468,26.75015,0.0,65.86984,22.013647,0.0
-23.835863,-83.43024,0.0,26.513195,-70.30932,0.0
-37.335464,56.600044,0.0,85.98436,15.742726,0.0
-31.20539,-89.32215,0.0,-87.886055,-87.37812,0.0
-52.76592,49.077007,0.0,-52.519047,59.48983,0.0
19.711752,89.488396,0.0,20.303442,94.97519,0.0
-98.651886,96.409676,0.0,-65.89673,31.866203,0.0
81.599304,-61.280922,0.0,86.9306,-68.50737,0.0
-48.582336,-11.667816,0.0,-95.08364,-24.782135,0.0
64.046104,84.35843,0.0,67.49929,60.974163,0.0
-70.815414,83.214905,0.0,-17.203293,99.714836,0.0
90.83814,88.10614,0.0,62.225517,-55.877335,0.0
-48.619686,-60.13697,0.0,89.82268,-1.259729,0.0
56.60609,-35.936344,0.0,40.330032,-9.724763,0.0
-95.60167,47.67438,0.0,-4.4418907,-82.16867,0.0
-68.89399,83.38038,0.0,-89.76898,81.7234,0.0
-50.062904,-9.903675,0.0,37.993835,5.3647065,0.0
48.92668,95.60183,0.0,23.609808,50.13208,0.0
-58.121918,-74.46547,0.0,-77.333824,-61.39887,0.0
4.114527,78.37124,0.0,-21.278585,-92.8381,0.0
-25.406115,24.615242,0.0,32.484688,-80.43409,0.0
13.250957,-74.1851,0.0,60.016796,50.680958,0.0
-11.318449,-68.1574,0.0,-72.1694,45.04108,0.0
-49.05048,61.81904,0.0,-4.237218,0.22591828,0.0
5.313493,50.537006,0.0,15.823149,-81.290054,0.0
-7.6608334,-92.60865,0.0,72.758675,-80.22074,0.0
-34.024532,17.802507,0.0,-35.388206,59.375607,0.0
91.98753,55.578217,0.0,-39.464684,2.2387288,0.0
-98.6737,27.6272,0.0,-16.060877,98.24492,0.0
66.62256,-71.102036,0.0,17.456335,-93.20243,0.0
23.997269,87.16046,0.0,90.29749,57.231396,0.0
-68.13889,-35.851444,0.0,-18.18665,72.926765,0.0
-96.15115,86.490005,0.0,-62.652596,19.095554,0.0
82.25763,-25.97291,0.0,99.776955,-69.21256,0.0
-63.95417,-0.63084364,0.0,66.84254,86.42369,0.0
-71.23362,6.309475,0.0,28.63849,-1.255372,0.0
-88.860886,21.99784,0.0,19.552938,61.627903,0.0
-1.1157956,-39.46027,0.0,-58.360344,70.07154,0.0
-92.79091,43.804546,0.0,-97.18127,-7.217809,0.0
-63.26427,95.26524,0.0,18.879799,56.220245,0.0
-68.15967,-5.995173,0.0,28.070957,88.21687,0.0
-62.63842,30.981056,0.0,-24.848131,96.49653,0.0
60.660965,60.76764,0.0,54.07445,-38.506405,0.0
41.949486,-43.35206,0.0,89.58241,33.37292,0.0
-88.667305,-88.69886,0.0,95.85933,90.796875,0.0
-73.248436,56.54344,0.0,-80.33243,88.28357,0.0
-44.58615,88.17603,0.0,-75.13083,75.026726,0.0
-21.211933,-94.167,0.0,38.243595,-9.84962,0.0
-95.64545,-56.932014,0.0,48.93568,-47.552803,0.0
-79.25085,5.1345015,0.0,-35.656128,9.696463,0.0
-24.027529,70.20593,0.0,60.011887,94.15024,0.0
-57.291428,-17.771133,0.0,40.80629,-56.509415,0.0
-69.66624,35.671234,0.0,40.852314,-89.36292,0.0
99.0717,51.01341,0.0,98.962944,78.15641,0.0
36.996853,42.686066,0.0,-1.3573576,85.54172,0.0
33.97712,-48.87727,0.0,-1.0340917,-60.301926,0.0
86.11497,-85.0995,0.0,-16.862354,45.886784,0.0
-72.99985,-96.58861,0.0,-53.428062,-59.842575,0.0
-95.94596,53.65519,0.0,-19.798038,63.225113,0.0
-41.422672,-40.596737,0.0,49.93639,-31.382563,0.0
41.06171,79.34257,0.0,25.198446,-29.154076,0.0
39.796284,-81.97935,0.0,77.66692,81.89981,0.0
47.42037,-90.29961,0.0,56.54118,35.91493,0.0
19.834974,49.532368,0.0,81.19538,-31.254368,0.0
50.716366,12.477916,0.0,-73.65533,98.52724,0.0
-20.625694,-79.619415,0.0,82.489944,94.88409,0.0
-71.6093,-29.3912,0.0,89.397064,96.46889,0.0
51.058067,-93.972275,0.0,-19.23882,-23.986666,0.0
96.87092,49.52785,0.0,45.082462,8.809933,0.0
37.98739,-36.034626,0.0,-93.98717,16.945131,0.0
61.477184,44.086937,0.0,-68.81253,-59.637554,0.0
73.68669,-81.39314,0.0,-70.51617,4.97422,0.0
-59.218243,-8.717579,0.0,-38.668087,-97.25772,0.0
-33.32627,-54.134106,0.0,15.475624,9.769084,0.0
-19.654514,79.15747,0.0,93.13423,31.189703,0.0
81.61753,-46.860985,0.0,65.973495,61.06154,0.0
-4.9526434,-13.35651,0.0,19.161152,-28.923668,0.0
25.14711,-75.062126,0.0,-92.34481,71.81702,0.0
69.32572,-33.861492,0.0,77.861916,49.395382,0.0
59.82707,-76.98212,0.0,-73.05209,-94.0539,0.0
-71.53524,-27.535645,0.0,-67.72462,-90.85756,0.0
-11.0716915,-96.69183,0.0,67.6269,-58.633106,0.0
2.4153476,72.903305,0.0,-55.335434,29.714468,0.0
70.96072,13.221523,0.0,77.916954,-49.16428,0.0
-30.815039,-54.797245,0.0,77.760185,8.239229,0.0
85.695175,26.046835,0.0,-39.74194,24.845911,0.0
87.66604,-12.278512,0.0,29.492622,-0.4213222,0.0
48.620358,58.874996,0.0,76.38646,78.07303,0.0
-31.542042,-52.763725,0.0,75.40148,19.727722,0.0
-49.38571,-17.419493,0.0,45.911465,83.685555,0.0
40.982224,-53.87689,0.0,-70.07417,-39.05175,0.0
51.73478,-80.48417,0.0,-91.95104,50.64728,0.0
53.757114,66.95066,0.0,-9.54767,-8.856143,0.0
83.93352,86.96452,0.0,-41.433956,-30.472118,0.0
-56.010647,47.922916,0.0,20.319107,99.75031,0.0
-99.14254,-30.10265,0.0,-60.507072,-53.69229,0.0
-52.63003,49.824715,0.0,96.93674,-54.32411,0.0
88.33657,-61.618015,0.0,91.77779,51.146793,0.0
-40.849934,-48.94139,0.0,36.137337,-53.69052,0.0
-98.83952,-36.35014,0.0,62.322598,-77.85059,0.0
-73.7818,97.06566,0.0,63.420544,16.942163,0.0
-36.803967,-64.530716,0.0,-11.511197,63.693287,0.0
-58.08221,46.05656,0.0,-79.78031,78.78768,0.0
-36.800713,65.084946,0.0,-36.22488,9.422871,0.0
-86.803635,95.9502,0.0,-74.651596,74.43632,0.0
78.151726,-27.083862,0.0,-97.64882,-39.855152,0.0
95.29131,90.93327,0.0,60.027515,-51.668217,0.0
58.579525,22.054441,0.0,-58.32929,-28.97253,0.0
-14.91813,7.661627,0.0,11.725879,-65.15845,0.0
-54.784893,72.07907,0.0,-48.09618,-4.1820593,0.0
-99.545235,-23.225489,0.0,1.0477422,75.238365,0.0
-18.178192,18.39764,0.0,39.47105,-64.31619,0.0
-92.37045,63.806667,0.0,98.84267,20.505798,0.0
-55.81092,-19.291327,0.0,40.902916,-96.6036,0.0
71.15807,-78.87917,0.0,-65.12606,-41.43352,0.0
-50.31428,-68.63981,0.0,84.894905,-51.94039,0.0
-81.052216,95.17417,0.0,-42.748188,-15.238361,0.0
64.29391,5.9535794,0.0,-34.75207,98.66195,0.0
-11.396022,-18.019508,0.0,-22.465519,77.50982,0.0
-33.99129,11.16081,0.0,53.267002,33.941837,0.0
75.28814,27.35245,0.0,16.22912,45.31569,0.0
40.75914,13.487357,0.0,41.501026,-17.452435,0.0
-55.91985,-2.578541,0.0,-10.338855,-21.365585,0.0
-32.632595,-85.73371,0.0,48.519814,5.0168486,0.0
-18.424204,67.1768,0.0,-67.66587,-27.246586,0.0
-33.774708,25.020395,0.0,-77.88954,58.346767,0.0
-72.79619,48.95966,0.0,-65.24835,-63.56758,0.0
-82.67571,73.55094,0.0,-74.63637,-71.377975,0.0
-69.771835,-12.066728,0.0,-86.813,-55.448227,0.0
-31.188078,-81.00732,0.0,-73.92824,-65.5565,0.0
56.64073,14.221595,0.0,-37.395294,9.032504,0.0
71.33685,34.65428,0.0,-6.6285496,-34.58345,0.0
68.2975,63.991238,0.0,87.20987,17.325474,0.0
45.562572,-61.65981,0.0,34.33391,34.65962,0.0
34.713875,84.41336,0.0,4.414856,-73.674385,0.0
52.73677,-41.815414,0.0,89.891266,31.032959,0.0
74.70093,66.72757,0.0,72.68921,-74.00066,0.0
-16.255655,70.45759,0.0,82.198906,-67.21281,0.0
34.538925,2.3609846,0.0,-72.82636,-84.066765,0.0
-4.873848,-89.91889,0.0,98.59679,-10.475773,0.0
-71.02505,57.114773,0.0,56.652412,16.152452,0.0
-34.16206,29.754608,0.0,83.85977,-42.654106,0.0
-97.7629,24.367779,0.0,66.79537,-45.1082,0.0
-46.53017,38.572018,0.0,27.825022,-91.76938,0.0
95.815994,-9.898656,0.0,12.205318,21.400053,0.0
-19.712353,-80.74032,0.0,73.06916,-72.529884,0.0
68.573814,-35.54864,0.0,-61.864746,89.289345,0.0
-82.331726,-27.175343,0.0,-19.902046,62.643906,0.0
-30.67121,-45.346775,0.0,-98.621346,-72.148,0.0
77.29754,-82.21509,0.0,-92.08837,-14.070723,0.0
-84.007286,39.43375,0.0,-5.941058,75.03796,0.0
88.79124,80.284454,0.0,-26.939043,45.175106,0.0
-3.9478946,84.71277,0.0,-28.385746,67.039536,0.0
23.845852,19.954617,0.0,12.327279,96.65721,0.0
-14.5940075,47.250072,0.0,-73.38615,-42.599663,0.0
-69.42322,66.69395,0.0,-80.55886,84.319664,0.0
-37.946487,3.064431,0.0,-88.75243,45.459488,0.0
-66.73871,-66.534775,0.0,39.43215,-36.430275,0.0
-48.812817,40.091003,0.0,54.338436,-48.66672,0.0
95.72931,-38.724617,0.0,-19.369476,46.983322,0.0
-0.74315643,62.156433,0.0,16.684778,45.8867,0.0
-50.266697,-98.43928,0.0,-48.94788,-7.0206585,0.0
80.37876,64.97972,0.0,-96.84847,-70.53411,0.0
47.964245,-52.177624,0.0,-5.4225187,-29.07025,0.0
39.062237,-51.238773,0.0,22.636137,18.990618,0.0
14.625346,-91.45733,0.0,94.25367,-28.405874,0.0
-13.523183,15.758626,0.0,90.96693,-96.17607,0.0
-72.69827,49.514797,0.0,-8.669311,4.646782,0.0
-43.382378,-31.257084,0.0,64.22822,56.7714,0.0
-34.415386,9.867702,0.0,-47.606342,21.234726,0.0
-28.727306,20.105331,0.0,-65.178444,74.172676,0.0
32.56225,86.73184,0.0,-12.242802,-29.41164,0.0
78.48079,12.543039,0.0,-1.8576463,76.206276,0.0
-52.129906,-24.45153,0.0,57.222332,87.655495,0.0
51.355965,67.38788,0.0,14.396537,74.202866,0.0
-69.52747,-3.3104959,0.0,-96.96985,63.35264,0.0
69.0635,-41.392414,0.0,91.02967,62.26267,0.0
-89.508514,-30.204967,0.0,60.436787,59.49751,0.0
-87.41132,-51.45583,0.0,-37.236153,18.341774,0.0
-84.56368,-35.26302,0.0,-53.57531,19.223309,0.0
-56.61932,-25.371536,0.0,-63.130527,-35.67518,0.0
-73.02852,-23.176369,0.0,-1.8781022,61.67554,0.0
-27.881363,-82.92103,0.0,-38.998898,-5.953976,0.0
85.64105,-20.309566,0.0,49.199497,13.29015,0.0
11.735284,-85.41883,0.0,-17.749428,-32.223175,0.0
58.56093,-98.381874,0.0,-64.68289,-65.16041,0.0
-49.3637,-7.1444035,0.0,-2.6597555,3.4338984,0.0
-56.452614,-49.158024,0.0,-1.3064026,-24.792833,0.0
-35.258812,51.206955,0.0,-86.06779,62.28816,0.0
32.585384,10.558035,0.0,36.708973,-9.47804,0.0
14.590204,-86.788155,0.0,-94.58552,-33.067345,0.0
39.433254,-83.355385,0.0,-86.24922,9.943448,0.0
-67.37763,-89.17914,0.0,17.856846,21.201824,0.0
80.40784,45.25167,0.0,39.9871,-20.890306,0.0
-28.276707,-95.108116,0.0,-89.43887,-91.91214,0.0
-24.945543,53.683178,0.0,97.82043,-59.076107,0.0
-80.77966,-26.96077,0.0,64.666756,41.137516,0.0
2.802053,-93.583664,0.0,-14.754735,80.9814,0.0
90.69678,48.93658,0.0,-64.41551,92.4032,0.0
-18.0862,-67.22516,0.0,42.272118,-55.782085,0.0
-15.402382,-80.45537,0.0,89.88321,-98.64048,0.0
75.29132,11.518017,0.0,-61.295986,62.486458,0.0
47.20744,-20.400051,0.0,49.30334,-63.32995,0.0
-37.702168,84.28876,0.0,-24.904528,92.4516,0.0
78.17182,-84.14945,0.0,38.050232,-0.62119067,0.0
79.723755,90.040436,0.0,-35.09074,-37.009415,0.0
-92.015114,-37.76355,0.0,78.31875,54.155495,0.0
71.460655,41.763977,0.0,77.467705,-75.64688,0.0
45.42006,-17.6392,0.0,-2.9732108,80.08506,0.0
-27.05049,50.957287,0.0,-73.3927,-15.718086,0.0
-22.149761,-71.043594,0.0,40.900356,91.81724,0.0
-76.18679,79.19749,0.0,-46.811848,58.244987,0.0
87.90447,2.523477,0.0,77.31522,56.602863,0.0
-88.22489,70.23299,0.0,96.161736,-5.9180236,0.0
61.995075,-48.920113,0.0,2.6054819,-30.989119,0.0
99.78251,12.9143715,0.0,-72.98362,-19.342367,0.0
9.2317705,-98.483376,0.0,1.1568884,-18.845406,0.0
-77.07196,50.467747,0.0,4.682357,45.45032,0.0
-7.556564,-38.733646,0.0,-34.29774,-42.412098,0.0
-83.96622,28.927126,0.0,73.71064,-27.25136,0.0
24.482725,56.264366,0.0,15.659679,-70.60746,0.0
-68.01214,67.40057,0.0,-16.53882,59.389114,0.0
-93.27728,-87.46936,0.0,81.28749,-72.150925,0.0
-64.3402,39.109966,0.0,-16.479513,87.57306,0.0
88.819,-54.784325,0.0,64.45708,-55.133823,0.0
-27.22198,70.6599,0.0,71.50224,-83.30412,0.0
-86.3355,-79.05824,0.0,-69.458244,26.424152,0.0
-72.41445,75.39579,0.0,84.25894,92.84324,0.0
-22.06237,12.931526,0.0,70.941765,-76.03065,0.0
-69.11716,96.44744,0.0,-58.070755,46.665802,0.0
-77.57315,-14.979092,0.0,63.914932,-52.326454,0.0
46.33677,5.1928535,0.0,44.14342,84.199135,0.0
-29.095558,56.485996,0.0,93.347046,22.464489,0.0
34.45014,-3.744407,0.0,61.93501,90.10657,0.0
-21.483784,59.240143,0.0,12.8308935,46.415577,0.0
22.268335,-25.805256,0.0,54.430405,-65.9075,0.0
-73.08627,32.160942,0.0,25.814856,14.229655,0.0
-0.17713477,-97.33278,0.0,16.90698,87.78854,0.0
-48.998463,-27.127838,0.0,12.468957,-70.21482,0.0
-27.363281,-62.92672,0.0,-63.502247,7.163171,0.0
-75.640076,-56.06846,0.0,84.19241,24.889112,0.0
82.75211,-12.937285,0.0,-66.66607,16.894243,0.0
-75.59283,10.183877,0.0,-48.019966,-88.635414,0.0
-68.46374,7.909997,0.0,55.434402,19.581192,0.0
60.163696,72.27804,0.0,-87.45999,86.04559,0.0
-73.40178,51.473755,0.0,-1.7440299,-81.24705,0.0
27.08494,46.834286,0.0,83.27859,42.711193,0.0
68.09937,76.42014,0.0,14.737076,77.11445,0.0
44.883976,44.98834,0.0,-53.741734,50.14771,0.0
-75.222084,73.89185,0.0,-91.54557,54.137924,0.0
15.130722,-66.33248,0.0,-94.23055,-51.320152,0.0
-51.658886,-29.941278,0.0,-0.6016557,46.953556,0.0
-40.618313,-39.808342,0.0,69.75172,15.330735,0.0
69.01657,13.45945,0.0,28.837555,90.63754,0.0
-82.57323,93.45632,0.0,52.416065,-34.78287,0.0
-58.107334,82.42554,0.0,-21.327562,-70.760994,0.0
36.62635,20.328262,0.0,-26.070225,-77.60361,0.0
-73.88398,-1.9562755,0.0,-30.837666,-36.768036,0.0
69.10564,64.355156,0.0,-55.192196,39.454277,0.0
96.59438,2.7158787,0.0,29.109991,89.90465,0.0
22.217804,-89.30795,0.0,-61.33669,-99.26688,0.0
99.6813,58.441853,0.0,62.981323,81.658,0.0
-6.736418,-5.2715864,0.0,61.037807,-22.49345,0.0
-72.45164,11.687543,0.0,45.74267,-53.155373,0.0
10.526042,-38.791534,0.0,-10.516652,13.700567,0.0
-44.497677,45.210495,0.0,-41.795803,-20.553951,0.0
13.206147,80.084526,0.0,74.52055,-49.667255,0.0
35.354538,-90.13043,0.0,-66.8931,15.854447,0.0
15.164505,65.50346,0.0,-44.501717,-49.541183,0.0
-35.739513,45.12104,0.0,-46.513466,-18.342178,0.0
-81.59659,25.291891,0.0,-68.0219,-30.677238,0.0
-54.575638,-25.886509,0.0,38.722202,74.877014,0.0
49.399624,-49.408157,0.0,74.480545,52.619453,0.0
39.58603,7.6782684,0.0,85.4848,13.712833,0.0
-84.3451,86.68266,0.0,-27.373482,68.941826,0.0
14.592565,-32.204823,0.0,39.993294,38.853153,0.0
91.19704,90.23374,0.0,14.006694,-88.367256,0.0
-16.81754,-39.934727,0.0,44.614315,-86.0187,0.0
53.057316,-33.327847,0.0,-9.503367,92.16159,0.0
-35.942616,37.410873,0.0,-14.410972,20.74743,0.0
-96.51621,-45.569313,0.0,-46.620186,25.548256,0.0
-22.952127,-60.677372,0.0,50.49181,21.886215,0.0
2.5976498,-86.06936,0.0,-94.57912,-90.57169,0.0
38.89524,64.04425,0.0,80.283646,-78.74058,0.0
-83.31633,21.509172,0.0,-99.29651,78.28881,0.0
40.25802,99.13754,0.0,-97.40456,-27.847471,0.0
-48.12307,-76.73241,0.0,-27.21524,69.478745,0.0
-2.8115718,-92.70748,0.0,11.369879,60.10853,0.0
-86.74753,28.87278,0.0,69.86375,90.62657,0.0
69.073105,93.095825,0.0,28.129656,76.86028,0.0
56.805653,96.830444,0.0,52.07933,-24.708519,0.0
-79.5754,3.071011,0.0,83.09444,51.39912,0.0
88.76453,60.057384,0.0,-85.91528,88.79244,0.0
-54.998547,15.487345,0.0,-50.74268,0.31428644,0.0
26.546568,-80.90171,0.0,-68.75424,5.531644,0.0
-28.161415,-86.29832,0.0,-44.430286,-89.405,0.0
9.676482,89.822296,0.0,40.352776,93.17533,0.0
-33.02812,2.4332008,0.0,46.004795,80.42306,0.0
-11.912591,76.737755,0.0,-51.13423,-55.043674,0.0
77.36335,-13.927618,0.0,93.14219,32.282642,0.0
-98.24354,22.738838,0.0,76.453926,58.688797,0.0
-84.93065,-16.177704,0.0,15.450674,-37.167786,0.0
73.0005,89.57185,0.0,-1.9464258,68.73383,0.0
-4.8085947,-37.7134,0.0,83.782,35.71846,0.0
-92.47258,-36.6415,0.0,-5.468479,-85.14417,0.0
-94.10287,78.00858,0.0,-59.0654,-15.184652,0.0
-63.75,72.26254,0.0,58.562614,-89.89285,0.0
64.255226,20.076424,0.0,-86.744835,83.521835,0.0
-52.37836,81.614,0.0,-39.390995,70.48056,0.0
-44.44574,84.03968,0.0,79.1857,48.41139,0.0
4.2274275,51.13444,0.0,-38.81139,56.42472,0.0
49.354084,-34.9062,0.0,33.647408,43.376835,0.0
-44.28342,55.473396,0.0,17.784834,-69.96,0.0
-74.45318,-20.276283,0.0,21.436113,-70.16309,0.0
-19.924671,-80.69078,0.0,-63.564163,92.852684,0.0
30.766724,-1.9436811,0.0,67.48948,42.75121,0.0
-1.0095707,89.14759,0.0,49.51493,46.108532,0.0
-87.113075,-18.911911,0.0,-94.198,-9.197289,0.0
-27.659687,-73.53693,0.0,70.956024,56.630245,0.0
-9.5798235,23.355465,0.0,74.29386,15.514433,0.0
-82.69783,-30.78073,0.0,79.49711,23.1477,0.0
92.74592,-33.27854,0.0,-66.588905,-18.550182,0.0
-53.68646,49.834824,0.0,-1.2416672,-99.823654,0.0
51.266953,-33.489517,0.0,7.9503856,10.7768,0.0
58.713623,51.510746,0.0,-17.772148,85.554184,0.0
68.058304,72.57681,0.0,-64.923805,-60.592815,0.0
-57.18055,63.677887,0.0,-33.41733,62.795918,0.0
-70.08918,80.05418,0.0,0.7284459,-21.682812,0.0
61.866917,87.37701,0.0,-97.27361,70.88941,0.0
43.498047,99.06182,0.0,90.16247,8.49165,0.0
-63.371704,-9.446298,0.0,45.392284,78.29372,0.0
38.4895,-55.98392,0.0,37.35597,-52.98643,0.0
-94.5272,83.65012,0.0,-56.313873,45.69727,0.0
-83.348175,85.14288,0.0,27.64788,-63.84896,0.0
-90.210754,47.59642,0.0,-49.152374,-78.2773,0.0
90.912346,-28.041807,0.0,76.63138,-70.244736,0.0
27.462288,-6.924119,0.0,-41.063713,78.44443,0.0
90.0568,99.75001,0.0,71.67122,99.72228,0.0
-0.091121405,54.9444,0.0,-54.025486,84.50034,0.0
-14.065029,-97.99159,0.0,97.86396,-31.942764,0.0
-84.97764,-16.044298,0.0,-17.313034,-73.72331,0.0
-72.199295,-31.87675,0.0,-53.805683,-24.170698,0.0
-85.31024,22.54255,0.0,-38.22777,-82.24495,0.0
89.391235,93.48261,0.0,-43.98413,-82.09362,0.0
-58.19648,82.504,0.0,46.867172,-81.85942,0.0
72.06222,10.862361,0.0,82.518105,-14.676211,0.0
85.37128,-58.459812,0.0,70.60704,52.806526,0.0
-98.757256,5.5775614,0.0,29.863464,-84.45541,0.0
89.97024,-75.55564,0.0,-0.8276666,82.355194,0.0
42.84172,-30.865414,0.0,-69.014336,58.63607,0.0
77.41743,-97.113525,0.0,-47.676716,-37.139194,0.0
75.14341,60.283367,0.0,88.68562,-80.30107,0.0
-16.446468,-75.92698,0.0,-24.569675,52.23089,0.0
-5.452756,-27.197569,0.0,-3.3882127,45.149765,0.0
-88.258606,-35.32048,0.0,68.18529,74.37786,0.0
86.30018,-77.198524,0.0,-69.91162,62.285366,0.0
-30.70509,12.026427,0.0,-7.3112907,-8.038371,0.0
91.320114,-21.744627,0.0,-15.973092,93.78034,0.0
-84.32047,-45.289555,0.0,86.10364,6.18224,0.0
81.12659,88.79985,0.0,80.10235,-39.005024,0.0
5.6579995,12.3244,0.0,-73.56437,76.424545,0.0
-45.633114,-45.173447,0.0,-87.62565,22.76079,0.0
-40.762577,-84.946465,0.0,33.991215,-75.663864,0.0
16.790707,10.364239,0.0,-75.45742,-38.210575,0.0
-44.83378,9.262185,0.0,-66.38378,75.68535,0.0
-65.043,29.606064,0.0,-50.909107,43.512276,0.0
55.905537,-23.075775,0.0,-29.56243,-30.895971,0.0
-76.53079,8.557189,0.0,-46.519226,-60.629143,0.0
-20.997673,-94.2222,0.0,-26.200518,-61.853657,0.0
-44.50123,-52.921677,0.0,-74.092964,-68.327614,0.0
-36.183628,32.08968,0.0,-49.359528,-75.55462,0.0
-52.49539,35.82555,0.0,-1.7017412,54.39782,0.0
-30.215288,-47.386116,0.0,37.583298,-90.16478,0.0
-79.64233,66.86933,0.0,96.73204,-43.23978,0.0
97.094536,98.90902,0.0,21.746077,-25.824345,0.0
-67.46675,-67.51532,0.0,88.06801,-30.059864,0.0
99.61992,77.56355,0.0,52.672577,-38.901096,0.0
71.48686,-72.78118,0.0,51.414677,54.83339,0.0
-95.167015,-53.2821,0.0,21.034206,-99.98313,0.0
10.400148,62.45131,0.0,8.956637,-93.335236,0.0
86.1926,-37.33191,0.0,55.079296,-93.74291,0.0
-96.81554,-39.867023,0.0,-76.54128,-18.323612,0.0
51.6886,58.50538,0.0,92.898865,87.12649,0.0
-61.155167,-93.52087,0.0,-7.6239653,20.829231,0.0
94.92664,36.84796,0.0,-11.281819,75.17673,0.0
53.344887,80.95341,0.0,46.17395,61.81544,0.0
-22.240679,86.35306,0.0,-41.685936,-71.52082,0.0
-63.962154,16.479263,0.0,59.50528,81.802986,0.0
49.28379,98.43029,0.0,-81.98523,99.31229,0.0
-16.65201,-13.910267,0.0,-77.41971,28.122757,0.0
95.4742,-9.928363,0.0,-64.83222,96.93784,0.0
-35.528984,30.402922,0.0,41.630333,55.73493,0.0
-21.992468,68.759315,0.0,2.5095797,72.44171,0.0
-81.334175,11.377757,0.0,93.340515,-35.30256,0.0
73.19443,37.871624,0.0,-53.608746,90.18911,0.0
-50.603355,-84.16473,0.0,72.568504,-93.76998,0.0
-91.89038,-9.652873,0.0,17.251762,86.69927,0.0
54.89158,45.29784,0.0,-86.20591,-18.784883,0.0
-6.5697613,55.150654,0.0,-19.225021,-22.292103,0.0
-5.1320133,-27.471355,0.0,-30.528423,22.7948,0.0
-4.8769712,6.1381493,0.0,-87.3399,61.5182,0.0
44.88741,-50.806217,0.0,79.297165,58.644558,0.0
-84.23161,-67.650536,0.0,53.693775,44.791008,0.0
-38.701023,-1.2226933,0.0,58.271114,-49.78599,0.0
-32.554222,60.35867,0.0,-5.1040983,85.92921,0.0
-66.307625,-58.70216,0.0,-8.839276,22.147839,0.0
-64.85296,-19.227253,0.0,10.617122,86.07233,0.0
84.31903,-56.785625,0.0,90.94886,59.592697,0.0
-39.42016,10.666634,0.0,52.576565,84.2383,0.0
80.09515,8.032173,0.0,-62.860508,-55.56759,0.0
62.31401,-48.276707,0.0,-47.12912,85.87363,0.0
-21.86208,-95.69703,0.0,93.56741,97.65954,0.0
10.226154,65.54026,0.0,-57.39287,66.52644,0.0
35.923176,60.91206,0.0,-36.425747,63.924522,0.0
-30.75699,-56.618187,0.0,82.65065,89.30157,0.0
-1.7757995,-26.456697,0.0,40.614914,-1.0118022,0.0
-80.16817,80.21227,0.0,80.26298,-48.42007,0.0
-24.764172,-38.165913,0.0,83.840836,-16.964127,0.0
55.27621,13.320239,0.0,86.585106,35.23372,0.0
-98.705536,-10.224487,0.0,-92.6595,66.54972,0.0
62.030647,76.29429,0.0,85.88881,50.648235,0.0
-15.257421,-69.18347,0.0,-32.34014,96.122635,0.0
-86.22535,53.393147,0.0,-38.117622,-62.920666,0.0
-52.437916,-17.565268,0.0,75.68886,23.19313,0.0
22.691483,-17.608063,0.0,30.759901,99.010544,0.0
60.020077,-32.730568,0.0,85.85346,-75.73224,0.0
-78.48246,90.936386,0.0,81.17289,73.97864,0.0
-60.952785,-24.923046,0.0,41.28855,65.28294,0.0
-82.39521,8.505107,0.0,50.62487,-55.23172,0.0
53.745922,80.7658,0.0,43.551544,-61.069542,0.0
33.35733,1.128088,0.0,-32.1256,-41.76343,0.0
-32.84265,56.08535,0.0,-3.2917383,-19.119127,0.0
76.315216,4.1968827,0.0,91.76375,-30.571955,0.0
-81.51691,65.32912,0.0,88.54956,90.53917,0.0
81.901955,-38.079662,0.0,-9.326416,5.349889,0.0
-42.255875,6.092421,0.0,87.325165,-81.82089,0.0
-95.99844,12.691226,0.0,-63.907932,-85.13638,0.0
-16.48772,-66.904816,0.0,-87.83765,56.288227,0.0
-30.60629,94.31031,0.0,-63.635654,-65.51131,0.0
-46.746704,-50.82567,0.0,75.049286,63.604572,0.0
51.5248,43.062237,0.0,-92.32441,77.022415,0.0
-1.4321395,-17.808672,0.0,-6.4072356,-31.204687,0.0
88.79823,-41.257664,0.0,-85.64424,-66.099144,0.0
36.951473,59.291748,0.0,-80.09582,23.795673,0.0
66.40604,-42.042778,0.0,-47.080376,-39.085617,0.0
-9.439232,50.03633,0.0,-77.1771,-38.45688,0.0
-97.09653,70.9897,0.0,-47.716606,43.22667,0.0
-61.552372,-79.26421,0.0,51.44765,10.450674,0.0
-35.38225,-26.871565,0.0,-90.90441,17.840185,0.0
77.838974,44.25589,0.0,22.070438,-28.596783,0.0
-47.232903,-31.046856,0.0,-48.029697,17.08061,0.0
-52.371544,17.357122,0.0,11.707414,-32.635567,0.0
70.048035,58.359325,0.0,64.04903,-69.19729,0.0
-29.683836,97.75912,0.0,75.29945,13.544418,0.0
31.494144,71.10866,0.0,23.936127,-98.60372,0.0
51.966015,39.123165,0.0,83.78221,-52.414658,0.0
-86.8008,87.724266,0.0,-94.36944,54.195873,0.0
-88.883354,-59.11543,0.0,85.09538,-96.213005,0.0
-91.99693,43.930893,0.0,92.69524,9.098938,0.0
12.437767,-72.54539,0.0,56.888515,-55.28179,0.0
-49.277924,80.63803,0.0,43.441635,28.085064,0.0
-99.988625,40.787464,0.0,52.20874,29.082815,0.0
-41.416985,-0.33660257,0.0,-97.92632,-69.19724,0.0
85.50678,-60.5746,0.0,83.8725,-27.773886,0.0
-92.47099,2.297721,0.0,-57.251816,3.8621259,0.0
-61.232655,23.277002,0.0,-37.214848,-94.06162,0.0
84.87116,94.77868,0.0,38.12141,-73.16679,0.0
-10.454482,-10.833491,0.0,-68.4906,-74.61528,0.0
26.897976,-10.421848,0.0,81.02492,-16.279081,0.0
94.07475,70.04532,0.0,-84.5303,-18.081873,0.0
-70.32547,69.02875,0.0,85.00864,33.885128,0.0
-40.163845,-9.331101,0.0,23.065496,-94.08069,0.0
-56.346703,-34.63995,0.0,73.57649,97.629234,0.0
19.63236,17.141953,0.0,78.513664,65.58814,0.0
-94.36173,-51.050983,0.0,76.29717,-16.81727,0.0
-51.761673,-11.940611,0.0,-3.944314,-20.338234,0.0
29.335592,92.3668,0.0,72.95351,-41.90864,0.0
-74.78233,-35.22827,0.0,-64.008766,17.811338,0.0
-88.244415,-20.3112,0.0,80.30378,-23.646986,0.0
14.069928,-92.3682,0.0,27.167273,-5.8762174,0.0
7.9894853,11.893677,0.0,28.34169,-77.17652,0.0
17.979706,59.44865,0.0,21.352585,-23.654562,0.0
28.119638,-34.491318,0.0,-11.771462,-35.30373,0.0
25.190786,-29.78446,0.0,73.90895,32.23818,0.0
-36.751976,65.62857,0.0,36.99018,46.79791,0.0
-51.556324,43.330013,0.0,18.542002,98.1613,0.0
89.16505,-97.205765,0.0,-31.965693,-33.81684,0.0
-79.46704,55.382034,0.0,68.79994,81.06033,0.0
-32.08483,44.750294,0.0,-52.735485,-56.05441,0.0
29.24645,-10.542314,0.0,13.051379,93.23843,0.0
33.643032,-35.398186,0.0,97.9828,21.569899,0.0
-73.879524,-56.968075,0.0,-36.531696,94.88194,0.0
-15.332401,-1.5198014,0.0,30.556177,-11.349471,0.0
11.264907,-87.14956,0.0,-54.10309,23.164055,0.0
43.169518,-38.842808,0.0,-19.688189,-92.49421,0.0
-99.49854,-70.721504,0.0,-52.17029,2.709692,0.0
21.603449,51.93515,0.0,17.82472,-73.287636,0.0
-75.546005,-61.099785,0.0,-67.69922,22.215036,0.0
1.635416,83.6703,0.0,-86.85986,29.454681,0.0
-72.16389,-29.353916,0.0,39.137936,63.013985,0.0
4.6735215,74.57646,0.0,-46.959553,64.54863,0.0
-94.244415,91.37123,0.0,-30.89892,-0.78937984,0.0
-52.84099,54.289543,0.0,93.29531,-91.401344,0.0
63.799942,-73.10115,0.0,-73.513985,12.148063,0.0
-69.28816,76.57835,0.0,60.1523,-28.532703,0.0
45.968563,-50.90735,0.0,-26.745224,-78.84479,0.0
-87.78521,-77.347824,0.0,-11.423431,-96.161095,0.0
47.90351,-31.522173,0.0,-33.402164,2.7799048,0.0
-17.320019,-91.72856,0.0,65.17352,56.02254,0.0
-33.534042,76.12013,0.0,5.373949,56.310722,0.0
16.602993,-36.759045,0.0,17.135096,63.828037,0.0
14.916269,23.420815,0.0,31.108118,-39.516003,0.0
-13.417435,10.424928,0.0,-41.185337,-24.277115,0.0
91.65051,-62.23532,0.0,25.99462,-77.6869,0.0
-51.094788,-20.993916,0.0,-4.036169,18.574131,0.0
-88.34912,-89.604195,0.0,82.18684,-50.250885,0.0
73.29384,-74.00337,0.0,-55.182884,15.329519,0.0
-75.23621,-44.66534,0.0,-24.701424,-33.88703,0.0
-80.25354,89.29258,0.0,-83.66314,35.575783,0.0
83.18226,-77.47201,0.0,-40.38455,1.715708,0.0
32.74507,66.62429,0.0,36.751087,10.741957,0.0
30.812464,57.661423,0.0,23.192905,73.97763,0.0
34.900753,-6.8036413,0.0,21.08003,-81.16724,0.0
-75.73513,29.803091,0.0,-96.97686,-14.852184,0.0
-83.29292,-31.844028,0.0,-12.44912,50.087257,0.0
83.397606,40.29213,0.0,-44.736595,-19.936155,0.0
69.357,66.388306,0.0,-19.296003,-33.340027,0.0
-47.342438,33.189217,0.0,-91.6036,91.67544,0.0
-54.29403,50.823296,0.0,76.87499,-27.473478,0.0
-7.800764,54.10209,0.0,39.38454,64.63211,0.0
-57.46571,-46.30485,0.0,-52.61252,67.8583,0.0
-18.296677,-66.68195,0.0,-90.41126,-89.31356,0.0
-53.75231,-85.23301,0.0,43.63499,-42.144947,0.0
61.000965,12.831511,0.0,53.708366,-27.039457,0.0
53.579308,-22.964638,0.0,-37.718197,50.80995,0.0
62.784985,15.132952,0.0,27.889774,-19.751581,0.0
56.040646,53.579956,0.0,7.7082877,59.255505,0.0
-96.54725,-58.96746,0.0,-31.219599,-87.66927,0.0
-71.682526,-67.68749,0.0,-75.12954,-80.728615,0.0
85.33895,24.97245,0.0,37.129547,73.80979,0.0
-10.118398,4.018333,0.0,-12.755733,-6.575909,0.0
-88.72215,-29.366661,0.0,29.742922,99.01422,0.0
74.85575,-35.45741,0.0,54.998615,79.472275,0.0
28.661766,-30.418266,0.0,-66.07696,-55.08968,0.0
84.64517,19.275965,0.0,94.330124,-72.70978,0.0
-84.99013,-3.1086888,0.0,62.544693,76.39378,0.0
13.435702,-99.78387,0.0,-17.125647,-32.275177,0.0
41.223732,-69.07503,0.0,-13.556435,60.06696,0.0
-55.20969,-9.885513,0.0,-30.139982,12.880363,0.0
86.15679,26.461512,0.0,-75.54837,-5.4254303,0.0
-97.85168,82.82624,0.0,33.386726,53.997547,0.0
-43.68109,1.8284944,0.0,-71.983635,70.63472,0.0
93.56975,-82.8768,0.0,72.543076,6.650271,0.0
-77.0173,-8.848607,0.0,-8.043277,-38.44765,0.0
35.14255,73.67765,0.0,86.3956,66.24951,0.0
69.50072,81.66308,0.0,-80.14445,15.669891,0.0
82.39833,-41.623215,0.0,84.25075,68.475395,0.0
45.965668,-0.4050816,0.0,59.255398,32.788853,0.0
33.770893,-66.98904,0.0,-97.2303,-86.24074,0.0
69.46622,-56.214893,0.0,45.726456,25.949589,0.0
86.40036,-71.39097,0.0,-16.285671,7.525191,0.0
94.75081,-29.859133,0.0,-61.446056,42.299713,0.0
-43.82331,-29.466133,0.0,-36.691048,-19.513256,0.0
35.522236,-65.43599,0.0,-31.098824,-87.69139,0.0
-79.14026,68.73882,0.0,-37.358536,32.565136,0.0
-54.66666,-49.78137,0.0,0.816695,-22.815392,0.0
49.49115,56.371773,0.0,-72.25228,-83.69743,0.0
11.746668,21.696997,0.0,34.96678,-12.83035,0.0
47.130173,-38.049328,0.0,83.28613,-6.0654526,0.0
18.0511,-91.29433,0.0,-89.49276,-16.058226,0.0
-42.128574,7.869335,0.0,-86.11505,48.917553,0.0
32.751747,6.910462,0.0,5.677546,68.83153,0.0
57.20758,77.51284,0.0,51.414307,-78.33085,0.0
-19.299482,50.408096,0.0,76.15313,-34.684616,0.0
75.29084,-97.34152,0.0,59.33051,39.96923,0.0
-65.82565,4.6483474,0.0,77.19624,-68.033615,0.0
-79.32664,-18.746618,0.0,66.55496,-27.428389,0.0
-57.296165,-53.890663,0.0,20.046957,15.326563,0.0
-38.1113,39.631443,0.0,96.33997,71.585724,0.0
-47.234352,-46.743275,0.0,-54.453186,9.032766,0.0
90.61578,-1.7268418,0.0,-5.548783,-74.77937,0.0
30.305754,-82.64632,0.0,38.50087,-1.7063739,0.0
-41.943043,21.31944,0.0,-60.33828,27.73295,0.0
-84.02527,45.891483,0.0,-67.57557,-61.180008,0.0
94.90016,-18.564396,0.0,13.394386,-60.373806,0.0
-30.310068,-36.09473,0.0,97.01541,-44.694122,0.0
-93.17402,-70.5031,0.0,-62.485367,53.52382,0.0
92.74591,-57.864388,0.0,-39.786766,-37.407856,0.0
39.37526,63.334282,0.0,83.38398,-78.03318,0.0
-82.40429,-74.1527,0.0,72.59046,-62.633263,0.0
-30.799519,-9.758921,0.0,49.711792,80.44405,0.0
36.47013,-91.85317,0.0,75.04479,-7.4806786,0.0
-48.836624,38.72087,0.0,-18.96832,-93.71211,0.0
-95.11794,-28.2016,0.0,53.229366,-43.232403,0.0
90.43551,-95.15118,0.0,-48.121876,46.00214,0.0
-51.9155,-8.141542,0.0,-48.63079,-45.19743,0.0
-28.19908,23.771036,0.0,-70.25876,-71.860344,0.0
77.05894,-2.2845862,0.0,-47.180954,18.062065,0.0
39.43187,-25.443203,0.0,-30.968388,51.34158,0.0
-35.668972,-69.55381,0.0,97.44023,49.249256,0.0
27.617077,65.698715,0.0,25.480265,-83.6608,0.0
55.643867,-63.39716,0.0,-6.5036564,8.48377,0.0
-74.88279,-44.433006,0.0,37.68237,-52.7198,0.0
-99.92302,15.855698,0.0,10.080785,58.960243,0.0
-34.681553,13.577466,0.0,32.601677,-1.3612994,0.0
-88.40333,90.919106,0.0,3.9461334,55.257828,0.0
-80.09602,-27.264278,0.0,83.176125,-53.068375,0.0
-72.22277,-66.04346,0.0,-40.850006,-98.31675,0.0
51.226875,-76.92405,0.0,94.042625,-86.52484,0.0
-68.00419,-53.205605,0.0,45.364212,48.85742,0.0
-23.126764,15.383586,0.0,-9.543099,94.666145,0.0
-57.146942,72.23824,0.0,65.76561,-55.27908,0.0
46.243336,80.67073,0.0,68.36783,9.470649,0.0
-86.900024,-20.054157,0.0,27.86976,-33.577522,0.0
18.374817,-27.041002,0.0,-94.17384,34.17747,0.0
83.98408,79.23326,0.0,63.835575,36.155594,0.0
-38.979866,27.76535,0.0,88.01596,-22.267773,0.0
-19.53268,63.348576,0.0,-67.409065,-4.348347,0.0
-1.3318511,62.73034,0.0,-70.4931,-32.0076,0.0
51.84476,33.61187,0.0,50.944702,-37.27224,0.0
44.73703,-98.72615,0.0,61.307133,11.592224,0.0
9.039575,96.74333,0.0,-16.254688,-6.673391,0.0
50.13632,25.774803,0.0,-99.32335,0.079281725,0.0
-17.61547,-65.94088,0.0,-95.59678,-57.622692,0.0
-15.465304,-66.2768,0.0,-3.9585056,51.101578,0.0
30.153442,-99.86703,0.0,89.75842,-8.879621,0.0
49.479443,-37.00712,0.0,-96.48632,-1.8782942,0.0
66.67383,98.79392,0.0,-14.692116,0.4136455,0.0
-74.63762,44.37096,0.0,67.82902,-63.9533,0.0
-53.364204,1.391633,0.0,-37.64579,-15.563713,0.0
81.69228,16.092241,0.0,32.99282,72.5149,0.0
-75.61876,32.088985,0.0,80.14963,-9.257936,0.0
14.564218,-27.216322,0.0,28.59305,57.0026,0.0
87.97119,-67.29581,0.0,-9.3341055,56.987865,0.0
42.79132,33.175888,0.0,-41.993076,-63.514503,0.0
-33.329556,35.853527,0.0,54.62501,57.518982,0.0
-54.462673,24.43953,0.0,-97.57251,-2.2712185,0.0
94.24059,-46.205925,0.0,40.87307,91.299835,0.0
19.843714,-33.680786,0.0,19.259022,69.73622,0.0
58.22876,-64.475494,0.0,32.635376,86.47867,0.0
-80.10935,25.604897,0.0,43.3256,-63.164837,0.0
-21.429056,-72.63176,0.0,-55.992004,21.162415,0.0
16.94068,-79.30443,0.0,93.02225,33.435886,0.0
35.066082,-44.627476,0.0,-66.660164,80.56618,0.0
-32.68975,-69.3519,0.0,99.91769,-66.35263,0.0
85.83391,29.60796,0.0,37.046448,38.084328,0.0
-63.82162,59.831593,0.0,-33.16146,46.174072,0.0
-5.4086375,-86.65384,0.0,72.447266,74.86815,0.0
-5.7993903,47.39634,0.0,-41.563545,60.411945,0.0
46.82491,-79.18481,0.0,57.866695,6.46612,0.0
11.13335,85.005615,0.0,-2.5339384,89.40205,0.0
48.27211,29.668373,0.0,69.94244,-73.48039,0.0
-38.894115,-12.71147,0.0,10.1480055,45.463757,0.0
-50.314487,-21.247786,0.0,-74.455345,98.13349,0.0
17.940916,96.95292,0.0,17.12334,-65.3903,0.0
25.434254,-87.9153,0.0,71.960846,55.5727,0.0
33.214676,-74.05605,0.0,-36.76644,34.29719,0.0
-65.78281,-77.35131,0.0,14.037437,72.36877,0.0
-48.451424,63.205154,0.0,36.72807,12.241366,0.0
-22.552416,46.50061,0.0,-24.52784,59.99565,0.0
30.33336,-26.294731,0.0,93.63869,-62.894897,0.0
85.84994,45.841476,0.0,-53.224094,32.570873,0.0
82.2729,-45.729023,0.0,-95.737686,97.7573,0.0
43.4633,-24.928959,0.0,58.579002,-64.10726,0.0
38.794464,-88.30113,0.0,95.43159,-51.685818,0.0
-41.055386,-38.90695,0.0,12.90001,-75.7426,0.0
-40.1181,-74.4619,0.0,83.52977,91.306206,0.0
-79.66077,4.492769,0.0,43.515186,99.272385,0.0
70.15685,61.934444,0.0,50.503147,76.567345,0.0
-4.1416883,-68.76571,0.0,70.194565,-64.020256,0.0
36.100758,52.518982,0.0,-32.292995,4.398152,0.0
-91.147606,84.47243,0.0,65.94545,-44.719147,0.0
-79.39184,87.58292,0.0,88.434166,-53.040062,0.0
-35.24839,-74.06929,0.0,-45.65444,86.56959,0.0
94.524155,53.25087,0.0,-24.773794,-71.54601,0.0
60.702248,21.696268,0.0,50.244267,-41.551754,0.0
34.704803,35.85373,0.0,-78.143715,-61.657536,0.0
73.42546,78.2404,0.0,37.71048,93.79522,0.0
85.82871,-98.938866,0.0,-16.575184,-33.272255,0.0
47.10273,-82.96736,0.0,-1.1853,99.850334,0.0
83.74002,-61.81605,0.0,50.01001,68.05752,0.0
99.02772,-33.799244,0.0,-36.83869,-2.5884461,0.0
66.44769,-76.159515,0.0,43.604664,23.614765,0.0
63.48002,-32.734165,0.0,98.718605,89.27436,0.0
-25.831974,46.874996,0.0,70.36717,-23.24548,0.0
-9.300577,-4.5183587,0.0,-73.41832,13.985019,0.0
94.94516,-95.182915,0.0,-43.047276,16.351814,0.0
-81.5796,-30.53243,0.0,-97.28448,63.41439,0.0
-88.883606,-33.605427,0.0,37.914764,-86.63662,0.0
72.98577,-99.77043,0.0,76.744736,52.818817,0.0
1.0776614,-66.29174,0.0,56.199795,86.159325,0.0
90.325134,33.43834,0.0,-37.07354,90.914665,0.0
-99.76463,58.038155,0.0,75.9147,63.83805,0.0
97.63765,25.282557,0.0,-81.05902,81.772415,0.0
54.89073,56.515812,0.0,-49.075485,-77.98707,0.0
39.350693,91.71211,0.0,87.23945,37.131886,0.0
-59.749657,40.446648,0.0,97.72727,29.079132,0.0
-37.033348,99.045586,0.0,-66.64609,-36.76002,0.0
-50.191193,-37.11402,0.0,-35.401558,91.07564,0.0
-91.66001,-10.345286,0.0,-27.095638,13.760505,0.0
-33.663593,-60.40413,0.0,6.0961657,-29.242409,0.0
-46.68882,-1.0659051,0.0,-35.741447,8.640682,0.0
-45.07265,94.4727,0.0,87.97626,-87.509735,0.0
81.59609,-73.19084,0.0,-48.588203,-38.832752,0.0
-80.947586,-48.60327,0.0,91.353645,-37.927326,0.0
-70.25236,-82.801956,0.0,16.2509,-61.409348,0.0
24.601967,-94.88964,0.0,-10.211697,-35.140663,0.0
64.78585,87.2798,0.0,-24.436306,85.23323,0.0
-35.643673,62.116035,0.0,86.444885,57.213787,0.0
40.329185,-26.115173,0.0,96.26802,23.033083,0.0
-67.29537,74.067085,0.0,99.39846,-4.76488,0.0
-99.02919,-15.401678,0.0,55.88547,-62.776703,0.0
-77.45206,-19.893227,0.0,72.73079,71.35006,0.0
51.104263,-74.9341,0.0,2.695388,8.754084,0.0
-83.86729,-25.246815,0.0,35.239887,43.74771,0.0
-55.991062,-73.42162,0.0,-70.441956,93.43343,0.0
-80.989,-74.570114,0.0,91.31838,96.18801,0.0
-48.685005,92.28018,0.0,-56.53465,51.921474,0.0
40.12701,33.291306,0.0,-48.29335,-93.87577,0.0
-42.20242,27.522738,0.0,-15.52256,-94.17285,0.0
66.42249,-64.2089,0.0,76.87853,-20.160795,0.0
-61.53385,-81.27088,0.0,74.19612,85.120094,0.0
-91.32996,55.612213,0.0,-51.345795,-8.492776,0.0
47.967537,-31.662683,0.0,-23.248276,-84.457405,0.0
17.74679,-99.30355,0.0,-44.1514,56.833733,0.0
42.06441,3.4605353,0.0,48.28537,-7.489798,0.0
-26.184938,-34.818466,0.0,-28.585651,50.205227,0.0
56.218952,-38.02908,0.0,-63.73328,-82.01406,0.0
25.007208,-79.77832,0.0,56.599594,45.815594,0.0
-66.48518,-20.093197,0.0,1.3533299,-63.449036,0.0
89.84759,-98.226326,0.0,56.590412,7.2028904,0.0
-35.28002,74.20656,0.0,-25.447392,-97.29388,0.0
-57.55446,91.193504,0.0,96.85122,-55.193108,0.0
-37.24546,59.941418,0.0,58.899887,-69.91398,0.0
-54.386135,36.665977,0.0,-61.11026,68.45071,0.0
52.33576,44.607555,0.0,46.677776,-94.842964,0.0
-47.826008,-79.183784,0.0,-6.1985035,-63.380913,0.0
17.816586,54.254723,0.0,-18.375849,74.02322,0.0
62.961624,-82.65414,0.0,89.223885,-40.671738,0.0
-35.052414,-46.609608,0.0,52.171463,-79.144424,0.0
46.671597,50.99492,0.0,66.820915,-57.661705,0.0
38.834694,96.71423,0.0,27.806402,55.713627,0.0
90.80154,13.724735,0.0,93.97452,15.342525,0.0
47.9575,-64.978226,0.0,-77.66485,32.060642,0.0
99.645744,6.9843707,0.0,-38.307316,-51.637756,0.0
-6.2302437,-92.5531,0.0,-13.755094,10.263376,0.0
86.35883,52.07115,0.0,-43.121964,66.36154,0.0
68.91972,50.27203,0.0,-83.65194,9.427544,0.0
-93.01943,-30.216917,0.0,16.70967,53.864,0.0
74.78134,26.938213,0.0,-78.94602,88.37241,0.0
60.572525,-66.10884,0.0,-92.971664,-24.554993,0.0
-34.952812,-62.763107,0.0,72.21753,40.6471,0.0
-79.02838,29.15243,0.0,-59.800133,19.400654,0.0
55.388527,5.359018,0.0,-39.38443,23.463276,0.0
-41.04471,-85.0825,0.0,93.17451,85.82237,0.0
-94.566185,-63.076298,0.0,-51.132427,-69.36583,0.0
94.12884,-12.770686,0.0,-70.54983,81.54955,0.0
37.06095,46.571327,0.0,-77.69124,79.38135,0.0
77.50845,83.49005,0.0,-35.008636,23.20356,0.0
-98.33995,77.556755,0.0,-47.66131,50.645374,0.0
-62.60436,91.570656,0.0,40.714024,-89.45879,0.0
-52.46676,24.795055,0.0,31.201315,61.11685,0.0
-17.107021,-81.46123,0.0,-47.681976,98.41592,0.0
-93.33994,77.62168,0.0,-93.70653,60.921257,0.0
-60.555008,97.95654,0.0,98.63005,-86.714195,0.0
2.5128226,15.140569,0.0,87.37058,-35.38364,0.0
98.13875,29.91418,0.0,61.98287,-77.35566,0.0
31.719719,42.445538,0.0,-16.623648,-96.70679,0.0
-21.56149,97.90656,0.0,-59.09149,-2.559467,0.0
29.371496,57.18818,0.0,-54.401165,-98.19986,0.0
93.87762,-63.683723,0.0,-6.8888445,-71.92779,0.0
99.38003,9.6272,0.0,-79.89272,42.518196,0.0
31.249546,94.25539,0.0,-82.42672,81.53904,0.0
-58.101295,80.68612,0.0,77.06819,51.923286,0.0
-48.384712,35.446014,0.0,-99.830574,-60.660236,0.0
59.052383,-99.268234,0.0,73.65124,-76.40258,0.0
99.21827,29.147863,0.0,7.994361,-26.151377,0.0
18.754047,55.192173,0.0,-94.77214,-82.30459,0.0
-59.29615,-95.81983,0.0,73.70159,-43.53942,0.0
11.047141,-73.43726,0.0,91.58926,-99.81132,0.0
-76.76076,-10.791161,0.0,5.1866746,-30.189259,0.0
87.44765,83.898636,0.0,55.990753,-55.77652,0.0
92.19484,12.518374,0.0,12.672623,88.71106,0.0
90.633354,64.74734,0.0,70.35133,90.14054,0.0
-98.50586,-9.911155,0.0,9.221945,-69.08448,0.0
33.660183,-53.430214,0.0,72.24347,-26.091553,0.0
-96.07451,26.128265,0.0,89.811,-55.182346,0.0
-56.391075,-63.781445,0.0,70.76212,41.415222,0.0
90.13388,78.80941,0.0,23.480934,13.006115,0.0
-16.705832,84.323586,0.0,-8.60541,-20.974466,0.0
31.823418,43.57184,0.0,-24.382341,-71.60818,0.0
-38.445076,59.071095,0.0,93.109795,-79.900925,0.0
2.3709433,-92.74905,0.0,-31.039787,88.48712,0.0
19.935108,76.551476,0.0,73.421646,39.64955,0.0
-31.298916,-47.22329,0.0,-27.390247,81.61495,0.0
-1.1337123,66.687706,0.0,-62.967113,-24.894428,0.0
14.551581,-71.44713,0.0,-31.95555,-4.9213457,0.0
77.11564,-77.715164,0.0,-2.9324002,-23.95569,0.0
-64.05993,-52.45722,0.0,81.568535,-8.886344,0.0
-50.927177,-46.24393,0.0,-98.0891,-64.713066,0.0
28.167788,82.60057,0.0,-75.86833,51.824223,0.0
19.000757,-36.65279,0.0,91.94601,23.258717,0.0
95.60959,-56.68625,0.0,-35.82102,37.196735,0.0
-36.02136,-70.04573,0.0,-52.616447,97.99282,0.0
78.25193,34.467495,0.0,-53.28369,-9.837664,0.0
-70.86058,86.28737,0.0,35.55452,14.580434,0.0
-47.629692,75.53382,0.0,37.732185,75.122894,0.0
27.669945,-87.11047,0.0,-98.26694,65.12958,0.0
-76.66079,65.05131,0.0,-83.317444,89.49715,0.0
79.409706,22.993156,0.0,-12.503269,3.8880773,0.0
42.331577,-68.56716,0.0,-98.16759,75.06878,0.0
-71.9273,-25.138186,0.0,-0.7985443,50.062714,0.0
-72.62734,93.47155,0.0,14.935842,-28.587015,0.0
-94.46706,61.192493,0.0,-96.63408,-13.005781,0.0
75.16521,27.903881,0.0,-48.959766,-93.67385,0.0
-17.077822,97.37834,0.0,-59.86195,-34.613506,0.0
54.16938,64.72239,0.0,84.284065,56.318245,0.0
-92.71694,62.615875,0.0,98.42607,88.814476,0.0
-17.074818,49.613216,0.0,-43.793392,39.65731,0.0
2.5652735,13.109813,0.0,-65.5138,-29.695223,0.0
-64.3864,-85.269775,0.0,70.690216,25.300613,0.0
85.93696,-7.5941396,0.0,26.558184,52.846104,0.0
-99.28289,-26.598562,0.0,64.03008,-52.991577,0.0
10.652055,-61.87554,0.0,73.22642,-90.00401,0.0
90.624916,3.3472042,0.0,63.82146,9.4255295,0.0
22.676056,-72.58904,0.0,-93.075935,-9.653805,0.0
-84.37572,-28.530262,0.0,39.1657,90.6432,0.0
78.29078,69.53624,0.0,98.51797,35.8787,0.0
33.560932,18.644318,0.0,78.4605,-62.933964,0.0
4.3551693,-91.43041,0.0,37.883377,14.450916,0.0
51.950043,-20.025213,0.0,40.10484,92.77372,0.0
35.669838,-30.519396,0.0,-55.800278,16.994066,0.0
-85.677444,25.058767,0.0,-3.6197608,-83.38987,0.0
-53.73669,48.065075,0.0,52.39872,38.659107,0.0
-36.16154,-50.718773,0.0,30.076963,-97.122986,0.0
-81.99788,-35.185123,0.0,-66.41305,-14.009402,0.0
-17.295694,16.318987,0.0,-33.57504,57.74657,0.0
-68.9376,-18.280508,0.0,-58.73628,51.142216,0.0
-80.55734,73.13799,0.0,-9.573616,-80.56563,0.0
-96.11975,-34.59865,0.0,81.917336,26.777887,0.0
-73.46937,-19.178461,0.0,4.081636,64.83878,0.0
-42.841137,87.47088,0.0,-58.395218,75.43289,0.0
85.25278,-35.64097,0.0,42.830986,34.964108,0.0
-80.791405,74.23999,0.0,-75.23689,22.59955,0.0
-8.508349,-95.48365,0.0,15.77661,-22.437267,0.0
-84.62716,-59.33584,0.0,42.833252,-97.15797,0.0
70.753845,-76.19473,0.0,-92.99081,-96.556404,0.0
-47.722107,68.16853,0.0,-38.510715,-53.389927,0.0
6.88387,-85.24294,0.0,-60.60554,-43.599594,0.0
-79.72405,-13.238547,0.0,12.891296,22.169058,0.0
53.642105,99.678764,0.0,-87.41996,23.052132,0.0
32.23065,67.62964,0.0,-99.81141,-72.62595,0.0
21.02698,82.18655,0.0,-34.523468,-43.611866,0.0
56.44032,54.606945,0.0,-89.7414,-2.6212103,0.0
-39.08162,93.20863,0.0,35.07425,4.681364,0.0
74.97963,-26.87329,0.0,58.72233,-57.59119,0.0
-46.3885,27.27792,0.0,-39.479626,-14.6619835,0.0
-45.426342,-51.49261,0.0,67.02424,-25.651756,0.0
-91.330444,21.150702,0.0,-91.95254,-58.95093,0.0
75.746666,36.405926,0.0,46.852833,-41.59164,0.0
-62.369076,-36.5995,0.0,84.581314,-90.30762,0.0
-98.56157,-67.77708,0.0,89.65412,-16.619297,0.0
-40.765137,74.184135,0.0,-96.33476,9.050694,0.0
-46.142838,-98.733284,0.0,-19.817387,52.866295,0.0
-70.22312,-96.221664,0.0,-5.1070786,4.2592998,0.0
79.08952,14.70875,0.0,-48.555893,-47.881393,0.0
81.23087,-50.13141,0.0,57.86189,-45.80541,0.0
33.644093,-47.737885,0.0,-41.567596,-22.222475,0.0
14.933435,-96.6619,0.0,-69.14572,-6.531612,0.0
12.694346,-36.6551,0.0,-44.16201,-27.120583,0.0
-57.63164,38.44431,0.0,-58.18992,11.593667,0.0
-83.087776,-1.944152,0.0,26.382233,-20.062181,0.0
-57.01792,-27.598574,0.0,-69.25628,-20.481855,0.0
-26.037956,-63.972595,0.0,-71.225845,-46.919327,0.0
-43.597614,57.062843,0.0,-73.62827,-58.328495,0.0
85.828735,-48.679,0.0,-38.537567,71.251854,0.0
24.50231,-66.49267,0.0,-19.299038,2.031726,0.0
93.19929,23.558643,0.0,30.304197,70.71956,0.0
29.500633,95.959274,0.0,53.041126,-33.54661,0.0
6.0308414,-82.913025,0.0,53.991684,-93.44359,0.0
-65.34969,91.290695,0.0,-3.8950696,23.084127,0.0
-31.781265,14.652233,0.0,-44.26659,55.14047,0.0
-44.940144,-1.0253506,0.0,-46.234516,-43.81942,0.0
-0.4377914,46.148174,0.0,-97.97708,-12.544437,0.0
71.04922,46.328857,0.0,-1.5268345,21.765148,0.0
68.35769,48.739456,0.0,-94.6377,-36.44497,0.0
2.0998797,-25.583101,0.0,23.09276,-68.36457,0.0
43.23609,78.326805,0.0,4.0482106,47.963764,0.0
71.856064,24.873363,0.0,21.69862,-66.07367,0.0
45.659866,92.97321,0.0,-5.952973,-32.046272,0.0
-66.41223,-35.920967,0.0,6.0588303,64.59532,0.0
-35.64588,-38.323654,0.0,-27.45263,99.93125,0.0
-73.81861,60.13158,0.0,51.821747,-79.14943,0.0
52.754745,35.763622,0.0,31.103802,-42.24026,0.0
-84.7399,-73.08675,0.0,28.082603,-65.52437,0.0
-89.78797,55.070198,0.0,-41.63086,-44.94022,0.0
-92.131065,17.225027,0.0,-26.050627,47.932484,0.0
72.478226,64.78206,0.0,-30.620787,-40.414146,0.0
-45.71044,-13.1606455,0.0,95.07523,-58.39669,0.0
-44.643867,22.511675,0.0,22.858707,95.05726,0.0
4.5369587,-86.635445,0.0,-84.300995,-30.311285,0.0
-4.079546,-35.925133,0.0,-18.02013,-65.71516,0.0
-11.410536,-20.755987,0.0,-43.2999,91.949066,0.0
80.809235,65.259636,0.0,-24.637981,11.412758,0.0
66.578735,77.20498,0.0,-18.640156,57.685265,0.0
-13.746951,-26.4146,0.0,-80.69122,-28.877111,0.0
-30.845531,41.91168,0.0,90.046394,18.088041,0.0
43.188923,-31.931576,0.0,44.444836,-28.249247,0.0
-93.23701,-98.36111,0.0,-62.58096,40.01492,0.0
-84.42131,-99.00919,0.0,-15.63157,-29.019157,0.0
52.956635,-55.91533,0.0,0.26923606,-74.0821,0.0
-83.27946,93.8156,0.0,-45.585285,32.969597,0.0
41.851963,75.90859,0.0,-81.41443,-56.274155,0.0
1.9925464,18.929117,0.0,30.328682,86.69437,0.0
-73.820335,-4.3892446,0.0,-69.27613,-19.054125,0.0
43.729286,96.36203,0.0,-85.61743,88.11985,0.0
-33.208553,-53.112797,0.0,74.28598,27.985216,0.0
-65.57887,-56.189404,0.0,81.434586,-93.59943,0.0
51.58037,50.774803,0.0,-54.146,80.15946,0.0
-67.12271,30.597195,0.0,-90.86955,41.249287,0.0
-74.399155,-95.677315,0.0,-96.19641,-70.680176,0.0
94.09728,55.946556,0.0,-39.034035,-38.421646,0.0
90.58768,-8.261954,0.0,6.016428,60.955006,0.0
-56.917835,-52.498173,0.0,28.179663,6.4126434,0.0
-47.328693,-51.73005,0.0,79.645256,-7.557114,0.0
62.474403,-75.9328,0.0,93.65893,-63.804157,0.0
41.92928,44.406067,0.0,27.76648,-76.89432,0.0
-12.046013,9.593655,0.0,90.10918,57.12238,0.0
-57.714943,-5.5516953,0.0,22.699888,8.142683,0.0
-88.80924,-0.6212831,0.0,43.33293,45.956593,0.0
51.41968,90.678925,0.0,34.97886,34.352432,0.0
-12.900413,-1.4246258,0.0,-36.58211,-25.18701,0.0
-96.3164,26.197813,0.0,20.949593,15.682229,0.0
-74.85074,37.186203,0.0,-15.9695635,66.53261,0.0
-60.18044,-66.46363,0.0,-68.79092,41.994045,0.0
-77.31606,-40.917286,0.0,-44.32294,-21.822153,0.0
-19.381014,-93.84063,0.0,79.862404,38.87088,0.0
-78.75205,-3.646877,0.0,20.920424,-61.448563,0.0
-92.59951,-2.6159067,0.0,91.0334,17.04945,0.0
54.23287,76.50981,0.0,-96.76511,11.792587,0.0
24.008009,-36.199696,0.0,-22.901562,93.26524,0.0
-19.880613,53.71594,0.0,-33.266018,59.582825,0.0
-59.80961,-39.478756,0.0,-87.39127,-17.90361,0.0
32.236084,83.65225,0.0,-88.91687,-85.39528,0.0
6.3821425,-81.62994,0.0,-10.996264,99.90103,0.0
86.1394,-62.455475,0.0,-82.71082,58.627262,0.0
12.091556,21.7975,0.0,-58.243114,-40.961903,0.0
41.185135,-97.3842,0.0,-57.772686,-62.25226,0.0
-59.494377,-27.304874,0.0,-49.912395,70.203636,0.0
71.67835,31.159952,0.0,16.537355,99.35871,0.0
97.356,-31.371172,0.0,87.02904,-75.63447,0.0
44.648033,60.499218,0.0,8.50272,75.96783,0.0
-37.590973,6.3198814,0.0,-64.89503,-66.08694,0.0
36.679016,-5.7429585,0.0,-69.98685,52.41698,0.0
84.81825,0.8944761,0.0,-67.189896,77.39393,0.0
-17.843245,1.8907211,0.0,39.41389,-39.76741,0.0
20.507227,70.76215,0.0,73.89741,-54.445908,0.0
-83.51805,0.95891994,0.0,-72.36507,29.545063,0.0
-55.967247,-97.14884,0.0,-56.675045,-1.7294881,0.0
-21.00836,93.65936,0.0,41.451473,-9.243619,0.0
30.556444,69.58566,0.0,-15.376306,-88.9885,0.0
38.19053,47.953926,0.0,-93.58177,-95.72736,0.0
-55.311348,-29.05625,0.0,49.714653,80.664505,0.0
-37.08238,18.976992,0.0,-12.301875,80.77886,0.0
-15.927617,-29.107937,0.0,15.180538,20.103964,0.0
-61.478382,-42.97105,0.0,-64.97987,-96.33573,0.0
-90.20641,-33.268547,0.0,80.83471,81.73398,0.0
15.440277,93.17811,0.0,-88.18304,69.48537,0.0
-24.207996,94.21726,0.0,-45.003117,75.45956,0.0
-70.69421,25.63769,0.0,-54.562172,24.35597,0.0
-92.09704,96.44252,0.0,-98.51655,77.649284,0.0
-17.000248,16.849415,0.0,-90.32356,84.05837,0.0
-7.0283723,72.136505,0.0,-3.1725073,11.375005,0.0
-53.425777,12.360174,0.0,-38.50063,80.97151,0.0
17.840748,13.339813,0.0,4.889491,-81.88878,0.0
-68.22753,90.55613,0.0,-52.440727,63.052418,0.0
37.795467,-58.6091,0.0,52.08945,76.328835,0.0
-40.58171,33.962685,0.0,65.745415,41.703594,0.0
67.86769,-99.236015,0.0,-50.635227,48.180817,0.0
51.869743,-94.28367,0.0,42.716118,78.61915,0.0
93.40525,38.256546,0.0,75.23952,-13.157394,0.0
49.77394,-57.915558,0.0,-16.475603,14.548844,0.0
-58.985664,73.525154,0.0,-39.141483,57.851532,0.0
22.65901,-62.07764,0.0,54.91887,90.8911,0.0
-10.322622,-36.238495,0.0,-37.143875,76.90382,0.0
7.7302947,-81.34759,0.0,87.443245,-62.957767,0.0
-57.79416,89.21882,0.0,-20.676203,98.2437,0.0
18.548178,-83.38976,0.0,80.01696,34.752693,0.0
60.310474,98.87208,0.0,-6.26939,-96.98204,0.0
-23.56536,-72.723564,0.0,2.1112251,-32.48678,0.0
37.3315,66.23168,0.0,59.791367,15.545725,0.0
-91.588745,82.964424,0.0,78.396385,41.98594,0.0
-67.02228,-49.36658,0.0,12.956085,18.108795,0.0
83.09197,-80.53745,0.0,-72.903336,57.303886,0.0
96.762505,21.617329,0.0,12.133365,-23.712168,0.0
-93.57903,98.540924,0.0,37.5812,91.434784,0.0
46.19315,-64.335236,0.0,52.917557,65.86016,0.0
76.17,87.92784,0.0,-26.743567,81.94771,0.0
87.430176,-11.391855,0.0,12.508748,14.9661045,0.0
47.789837,8.219926,0.0,18.678137,12.429046,0.0
-10.463608,11.933016,0.0,30.655024,81.582794,0.0
-71.0079,29.55857,0.0,-87.31132,-78.95373,0.0
-30.292027,44.730766,0.0,80.121346,29.14796,0.0
33.974068,80.54057,0.0,-81.83174,-24.72628,0.0
93.56242,69.43148,0.0,-38.048286,-60.75687,0.0
10.908611,71.47399,0.0,-70.04891,-35.232533,0.0
-42.066414,37.80705,0.0,-78.83896,-77.35235,0.0
-79.5725,17.615673,0.0,46.424393,-81.43373,0.0
-32.02351,-70.62578,0.0,77.21598,-89.41024,0.0
-66.69983,-3.4932,0.0,38.68272,-54.360386,0.0
-90.40407,-42.9884,0.0,24.733383,52.635796,0.0
13.381321,71.2601,0.0,24.940208,-12.65356,0.0
83.23577,-3.2875128,0.0,17.78233,50.475098,0.0
-80.838554,-89.52042,0.0,-43.697407,-49.83187,0.0
76.03791,71.72784,0.0,-42.108006,8.355229,0.0
48.341618,53.427692,0.0,34.244995,-34.767254,0.0
73.21445,-96.00237,0.0,-82.05925,24.264944,0.0
-30.692661,-12.256089,0.0,-93.22315,-34.038258,0.0
34.52038,-97.61232,0.0,78.49348,57.435287,0.0
22.343744,-64.99926,0.0,39.10891,74.21082,0.0
25.239006,79.79181,0.0,-12.83488,-25.20625,0.0
-84.09934,28.17241,0.0,-93.85333,-19.229973,0.0
57.103607,25.166735,0.0,-32.49241,63.55765,0.0
-51.226532,-63.751034,0.0,67.99183,-25.386604,0.0
78.198166,-42.03769,0.0,47.227417,85.85218,0.0
11.154355,-20.49354,0.0,42.45923,8.694504,0.0
-40.72324,-20.870117,0.0,20.382692,47.449566,0.0
-82.18446,-58.102867,0.0,-97.29323,19.450113,0.0
68.81573,-30.244366,0.0,-56.2612,-80.39624,0.0
-19.50271,5.3133135,0.0,41.85437,40.36924,0.0
63.684074,81.60766,0.0,97.53567,-0.86065966,0.0
87.23904,13.094793,0.0,28.869873,-72.440704,0.0
-82.00908,89.2916,0.0,68.165695,84.380974,0.0
-80.98124,-51.524708,0.0,-53.886623,-54.48747,0.0
87.94659,-44.323418,0.0,-90.18435,99.45377,0.0
13.976673,79.69205,0.0,-28.929813,-70.96827,0.0
8.337497,-33.11363,0.0,81.234955,-47.573772,0.0
28.491337,-81.585724,0.0,8.0584345,48.23552,0.0
-52.87652,-75.314186,0.0,69.13585,-38.298233,0.0
-36.564423,43.195095,0.0,42.46235,86.7744,0.0
33.041695,-28.70716,0.0,-29.546335,62.89585,0.0
37.99449,-57.706882,0.0,59.596462,65.27824,0.0
-98.771454,-31.42742,0.0,92.39855,-35.623074,0.0
63.186924,-75.90186,0.0,-53.955822,34.50293,0.0
73.66056,-77.02045,0.0,68.94925,43.907375,0.0
35.292656,54.278313,0.0,-61.63096,72.055435,0.0
22.261253,78.30521,0.0,11.670495,95.35072,0.0
77.37172,-12.264333,0.0,75.80543,-40.55643,0.0
51.693783,-85.1103,0.0,-51.738487,53.857742,0.0
97.64397,-1.9932716,0.0,-9.58537,99.113815,0.0
-64.85782,-29.058329,0.0,-44.67136,-20.088549,0.0
99.93947,-58.548893,0.0,-24.744587,-85.01158,0.0
30.557625,53.26614,0.0,63.80743,-70.34169,0.0
59.6276,-88.73944,0.0,-21.392483,-37.67614,0.0
15.744003,55.49538,0.0,-96.005905,-59.701633,0.0
44.943165,96.0835,0.0,34.514107,82.81374,0.0
-18.670609,19.829973,0.0,-31.458473,-67.45322,0.0
-83.94708,29.837864,0.0,-27.10623,-88.911194,0.0
-69.7809,44.440628,0.0,-44.92846,11.768114,0.0
37.46877,-67.41026,0.0,-35.06525,-23.288822,0.0
78.34311,35.817825,0.0,3.134416,13.171324,0.0
-90.36554,-54.9431,0.0,-2.664339,-23.773596,0.0
-87.1902,66.28001,0.0,43.39424,-63.374294,0.0
-17.337488,-15.953474,0.0,-82.3435,-59.611828,0.0
-10.869202,69.71049,0.0,98.43582,68.15611,0.0
-28.374126,-89.24277,0.0,68.25414,-51.223373,0.0
26.637535,45.090275,0.0,40.423954,3.575421,0.0
-58.056953,-29.730232,0.0,96.82465,53.52836,0.0
-8.916792,0.2914149,0.0,-51.226143,12.737112,0.0
17.366152,75.28742,0.0,-14.549848,95.916336,0.0
-36.253304,-8.681412,0.0,-20.61965,24.331795,0.0
-65.980446,-50.177,0.0,73.927895,66.10077,0.0
-14.625729,-77.37452,0.0,-33.16338,-24.012499,0.0
-67.761475,-0.23481087,0.0,90.287636,-40.111897,0.0
92.637314,-2.6677504,0.0,-25.984093,-84.54936,0.0
-82.72676,-11.896945,0.0,53.31894,65.697975,0.0
-97.521835,-11.703798,0.0,-9.958554,-8.179202,0.0
-40.143528,-79.3489,0.0,41.725517,-10.015806,0.0
-14.040002,79.75507,0.0,72.17232,-98.88463,0.0
-64.0993,5.2708397,0.0,-73.182236,64.441574,0.0
-94.192474,-65.91285,0.0,37.764015,22.135216,0.0
59.530853,-24.915506,0.0,-82.79703,-47.54671,0.0
88.43018,-61.43856,0.0,-86.06469,-31.874453,0.0
-33.40531,-89.26548,0.0,-9.576275,-62.95652,0.0
-30.460178,41.39664,0.0,-80.60687,-17.406464,0.0
-5.3510194,-33.37391,0.0,70.45348,-26.73183,0.0
96.98632,-32.204277,0.0,-38.77443,-88.69004,0.0
90.69861,-52.123257,0.0,41.090443,46.377262,0.0
9.707798,57.566643,0.0,31.67142,2.8508568,0.0
34.019985,23.246569,0.0,-77.28509,-77.22104,0.0
80.04088,28.10626,0.0,15.064657,-92.608116,0.0
-44.366467,-90.60767,0.0,29.420227,-90.316444,0.0
-41.711586,-98.461395,0.0,-38.07249,13.303309,0.0
-87.52022,90.25402,0.0,25.250422,54.35436,0.0
63.627533,64.15206,0.0,89.28689,-85.6517,0.0
-54.328175,-62.666367,0.0,-65.463844,82.910385,0.0
-84.29227,-65.71761,0.0,-76.416374,74.183586,0.0
24.801245,-98.158226,0.0,48.763878,-95.065895,0.0
-55.730106,-83.675415,0.0,91.01324,46.678272,0.0
51.388615,-85.28644,0.0,66.20948,79.833,0.0
-69.32101,96.99973,0.0,96.604836,-15.395297,0.0
-22.061089,88.24688,0.0,-4.2019806,77.240654,0.0
28.316282,-25.483139,0.0,-89.05698,64.9187,0.0
-80.457596,72.78868,0.0,-65.21384,8.623945,0.0
61.32901,-58.052338,0.0,-24.737846,-71.00113,0.0
79.48365,-38.18173,0.0,18.260458,84.76333,0.0
-18.248743,20.337322,0.0,-46.055717,-49.08124,0.0
-26.210747,75.26267,0.0,74.187515,97.08085,0.0
35.773403,96.55046,0.0,96.62238,-52.08915,0.0
62.617832,-72.36094,0.0,-80.2606,80.24215,0.0
-33.161743,84.301735,0.0,-52.431004,-90.29542,0.0
-95.48201,11.302728,0.0,-17.022491,73.93766,0.0
12.2413025,-61.781437,0.0,57.828808,-75.77078,0.0
23.834564,-98.72956,0.0,67.05845,-75.72422,0.0
-17.010256,-95.249306,0.0,65.530846,-98.35715,0.0
21.526192,-81.79106,0.0,-80.74167,-30.66005,0.0
-45.654472,80.45165,0.0,-0.6423352,-25.171572,0.0
-84.90442,-86.2798,0.0,7.4767637,-67.97435,0.0
-26.005884,-66.12134,0.0,28.78855,-38.152508,0.0
11.000495,60.370483,0.0,-57.768726,-20.246922,0.0
-47.874146,-65.47455,0.0,-72.2145,-26.72332,0.0
47.390945,65.409515,0.0,-94.60116,46.182682,0.0
5.0128903,-33.53416,0.0,66.42532,9.506804,0.0
57.870167,-29.086283,0.0,-76.798805,-81.858406,0.0
94.79708,-64.169174,0.0,-54.36003,-2.5684195,0.0
-57.050537,-72.266365,0.0,50.8337,38.45518,0.0
45.989784,-57.803112,0.0,-95.59342,-56.120087,0.0
-98.46044,66.01308,0.0,40.824467,32.36586,0.0
30.28575,-75.07239,0.0,65.72135,67.38774,0.0
99.76608,41.50488,0.0,-81.94126,-11.250982,0.0
-88.4071,35.98519,0.0,-67.622025,-76.646194,0.0
49.063435,78.31456,0.0,46.312717,-89.73018,0.0
11.140431,21.385124,0.0,-63.710007,-18.738125,0.0
-81.29153,20.9444,0.0,97.83445,-95.05013,0.0
-37.972584,-88.23879,0.0,-37.3218,81.267975,0.0
-70.778015,10.299008,0.0,34.509445,60.611473,0.0
-88.552704,23.09949,0.0,23.034931,-61.30471,0.0
-61.724792,-3.4692094,0.0,95.5883,-33.374107,0.0
-63.84493,-68.30234,0.0,97.44621,8.152887,0.0
-31.278126,29.741484,0.0,-4.23754,-69.725494,0.0
-70.725784,24.2984,0.0,94.9504,-7.0906987,0.0
23.026737,-67.699356,0.0,49.71246,22.600016,0.0
44.76055,81.09373,0.0,59.116055,16.766655,0.0
-39.440357,0.6444016,0.0,-65.833046,70.31204,0.0
1.6647527,14.096057,0.0,-34.92001,50.667034,0.0
-48.175545,-19.345007,0.0,-83.52915,-76.000916,0.0
40.131565,-95.41569,0.0,72.461044,-68.47279,0.0
-20.520365,54.65575,0.0,-70.15238,-9.367565,0.0
70.96158,37.951363,0.0,49.790134,-78.03383,0.0
13.48689,-38.520336,0.0,77.42937,6.6569223,0.0
-75.83511,-45.261448,0.0,71.97153,-45.218884,0.0
21.094534,-31.85372,0.0,-27.35535,16.48541,0.0
38.02627,-21.412539,0.0,75.9416,95.96063,0.0
-65.60141,-34.68967,0.0,49.539238,7.544073,0.0
26.045544,89.00104,0.0,-37.62158,44.43152,0.0
56.017544,-87.78924,0.0,-38.427647,45.464138,0.0
47.270073,-35.17636,0.0,-88.3965,-58.762688,0.0
-19.712366,5.6797943,0.0,-75.45213,8.021485,0.0
89.572815,-69.02101,0.0,51.391754,-51.85925,0.0
-98.64105,-34.808243,0.0,44.76429,-81.45672,0.0
-91.926575,-58.401764,0.0,-4.127649,-92.300934,0.0
43.335392,-4.279937,0.0,-79.26317,13.733659,0.0
-35.385178,54.604393,0.0,7.8869553,-26.192831,0.0
40.154667,-68.16753,0.0,-74.16213,89.10469,0.0
-45.623444,-34.88563,0.0,16.484093,-99.74363,0.0
-38.55448,38.94701,0.0,41.931522,45.22514,0.0
-91.86844,-48.76622,0.0,-20.838568,19.758097,0.0
47.82091,63.414852,0.0,-89.96142,-31.306616,0.0
99.39429,97.38954,0.0,1.3273785,-78.00046,0.0
-53.02142,63.546852,0.0,76.3846,77.62569,0.0
-77.85612,-97.0693,0.0,-78.61944,-12.909921,0.0
32.814476,22.329466,0.0,-5.328661,-16.148382,0.0
-9.6800165,93.46356,0.0,59.290695,-65.61554,0.0
77.883804,-32.968594,0.0,38.870388,95.80415,0.0
-67.76186,63.01403,0.0,-34.08313,-34.7686,0.0
78.364044,-60.71174,0.0,22.769196,-82.456474,0.0
-55.86488,-16.686203,0.0,-96.788574,-79.02369,0.0
-53.892975,-90.315414,0.0,40.646767,95.55255,0.0
9.5822735,-30.891962,0.0,42.789085,-43.872932,0.0
-80.01276,22.645164,0.0,-82.2906,17.636711,0.0
34.852608,-56.92505,0.0,-24.48983,57.125908,0.0
-6.941882,-68.11263,0.0,-28.869465,65.83903,0.0
60.577198,76.99221,0.0,93.76568,71.87425,0.0
-51.942543,-38.245922,0.0,-36.300785,-4.2371984,0.0
78.894585,-59.234993,0.0,58.90598,-84.796616,0.0
-92.67816,-32.108402,0.0,-51.22683,-29.070154,0.0
-61.72989,-39.384293,0.0,92.14982,-85.4902,0.0
-74.4517,70.26484,0.0,-63.7306,8.141801,0.0
40.546318,-68.83942,0.0,-11.798976,49.95961,0.0
87.12069,75.651695,0.0,-51.555103,-1.419371,0.0
-5.707667,-17.54822,0.0,59.071568,-93.496864,0.0
-39.194897,40.296062,0.0,-71.625084,33.116055,0.0
-74.12872,-71.1249,0.0,51.748173,-71.015686,0.0
47.05184,-30.070864,0.0,25.07813,-95.369514,0.0
22.784414,-84.329956,0.0,95.401855,-8.825638,0.0
-86.16517,-30.801155,0.0,96.04628,64.33957,0.0
-9.795468,-63.127834,0.0,35.651783,48.217224,0.0
-50.51918,-28.99053,0.0,-52.823544,-80.61171,0.0
-30.846598,-41.410255,0.0,-14.535399,-33.414894,0.0
-51.549496,-47.889973,0.0,-26.65261,60.14528,0.0
44.768826,-17.453587,0.0,-17.648924,-7.4050593,0.0
34.815342,-32.468742,0.0,13.755918,81.25138,0.0
30.021505,-26.754433,0.0,-48.63466,4.1067624,0.0
97.88859,-70.85267,0.0,12.209264,-68.42084,0.0
-42.108658,-74.16272,0.0,-58.901516,50.08218,0.0
-80.78236,50.538544,0.0,-96.92091,-0.9367257,0.0
-53.712673,-49.651108,0.0,-6.6814237,79.566216,0.0
99.225464,11.100587,0.0,-52.20883,82.21981,0.0
88.9095,-37.47448,0.0,91.280975,3.482952,0.0
32.166256,-97.41262,0.0,-63.972595,-31.577383,0.0
-28.951336,-61.80447,0.0,77.050606,-39.956367,0.0
-59.154133,36.094135,0.0,89.10168,94.23635,0.0
-87.98835,-86.09375,0.0,-84.00743,97.970314,0.0
37.396553,38.804592,0.0,-51.95298,67.45099,0.0
53.46499,37.56384,0.0,-97.52006,-10.293732,0.0
50.094204,98.27272,0.0,15.95374,63.788292,0.0
-3.620995,69.889145,0.0,-32.04621,92.365364,0.0
68.74063,-24.154709,0.0,-69.394226,28.940195,0.0
-62.660202,-60.319855,0.0,-5.5079365,-1.6773291,0.0
-28.766607,-25.532436,0.0,-36.344692,24.226679,0.0
74.3653,76.18905,0.0,-16.556313,-10.3612385,0.0
32.06133,-72.976654,0.0,33.143223,-26.179813,0.0
50.26879,-62.54673,0.0,96.73167,-39.246597,0.0
-54.247055,-18.708883,0.0,-57.79826,15.368059,0.0
75.72185,-94.13119,0.0,86.135765,-82.126945,0.0
8.216776,49.319736,0.0,46.94977,48.160374,0.0
70.294846,36.35201,0.0,-4.930002,-13.946264,0.0
50.247524,-26.898012,0.0,48.224266,66.27817,0.0
-66.1808,31.826944,0.0,-52.36714,-11.667872,0.0
-10.806946,-38.278465,0.0,21.47128,-62.96699,0.0
-68.10563,-70.72518,0.0,-36.765842,72.994804,0.0
-29.378643,11.568263,0.0,-37.96578,-16.751772,0.0
-78.153534,26.146208,0.0,-53.70125,27.317215,0.0
-61.770035,94.43383,0.0,-34.029453,16.2706,0.0
53.170204,53.102875,0.0,-63.85895,-57.988808,0.0
89.861404,29.06976,0.0,-62.614735,-73.27329,0.0
32.417732,-69.14228,0.0,-0.08266947,58.09549,0.0
-62.76442,70.4095,0.0,-84.16039,-58.897305,0.0
-9.928669,45.18862,0.0,-64.77347,-20.620707,0.0
-45.320206,52.295837,0.0,91.40731,80.08009,0.0
-10.024535,-34.74776,0.0,-43.55917,8.295113,0.0
87.187164,14.277622,0.0,-63.243694,-24.52432,0.0
0.6323302,19.409513,0.0,19.617418,87.03393,0.0
39.18297,-93.84925,0.0,-37.79987,-98.34887,0.0
-30.310688,-71.57844,0.0,68.31331,78.31879,0.0
79.43373,-61.72981,0.0,-55.199097,-10.188549,0.0
75.31211,-24.343863,0.0,80.453926,-92.61493,0.0
28.341984,-68.56628,0.0,-93.252304,-69.722664,0.0
96.48596,1.2621374,0.0,0.9240291,12.57921,0.0
79.07677,-75.43314,0.0,76.63969,-48.477116,0.0
41.477596,-93.93774,0.0,-86.244896,-45.13256,0.0
72.16447,-66.76341,0.0,-73.092964,20.099611,0.0
-77.575226,-23.806526,0.0,-63.26809,-21.376122,0.0
44.3897,-4.6640015,0.0,-62.910374,-60.166306,0.0
85.58951,-1.7088355,0.0,66.54676,46.38891,0.0
47.588066,68.574684,0.0,-71.477806,-26.505095,0.0
59.980785,70.20252,0.0,-46.667244,74.25371,0.0
-48.660866,18.19699,0.0,46.908276,51.082996,0.0
22.485518,12.3228855,0.0,48.240204,-92.003395,0.0
38.10272,19.344618,0.0,-51.656425,-86.686745,0.0
93.19391,-23.786911,0.0,-32.05753,89.1294,0.0
-47.632187,7.5468655,0.0,-58.42698,70.72451,0.0
-63.99723,-2.4150653,0.0,75.18349,-79.73914,0.0
87.684105,81.04619,0.0,-73.749466,83.32605,0.0
50.7876,-70.30664,0.0,72.060295,-45.79221,0.0
93.40044,-54.520515,0.0,68.28906,60.41149,0.0
-88.736305,13.594453,0.0,-80.73512,-85.64502,0.0
-67.14727,69.19626,0.0,70.54598,-50.570988,0.0
-41.65329,-75.98369,0.0,41.825222,-42.68078,0.0
40.797047,-65.770096,0.0,-43.221687,84.8122,0.0
-64.80061,-55.397724,0.0,46.220524,86.93759,0.0
-56.752003,-59.533417,0.0,-93.863205,-78.66995,0.0
81.29102,80.33064,0.0,80.69433,-42.98173,0.0
-6.2534947,-24.7591,0.0,-97.162094,3.4057894,0.0
42.847374,67.08883,0.0,97.99769,-81.002014,0.0
-45.58416,59.478786,0.0,97.313225,-86.31266,0.0
31.167734,-54.495228,0.0,55.23226,70.44201,0.0
-86.758575,40.78738,0.0,-52.937668,-83.78944,0.0
-6.863504,88.34687,0.0,-37.905403,-55.131012,0.0
-52.985317,32.2806,0.0,14.659043,-32.95042,0.0
-89.00674,15.708368,0.0,-83.485565,-69.09583,0.0
31.992416,9.634507,0.0,45.423218,2.9070988,0.0
44.504425,74.828636,0.0,52.884274,99.39174,0.0
-54.462185,-64.0305,0.0,27.00192,93.0741,0.0
-56.67289,77.87895,0.0,78.63263,82.06777,0.0
-16.017958,47.699856,0.0,-12.888684,-4.4846544,0.0
60.949562,-32.502087,0.0,50.812073,97.59844,0.0
80.78461,-29.417187,0.0,-18.671453,-96.01027,0.0
-56.447567,56.848152,0.0,45.434875,-53.35485,0.0
21.249859,13.274165,0.0,-22.41448,-86.99776,0.0
75.67166,-73.518,0.0,-4.7965856,-67.20666,0.0
96.60051,-50.950836,0.0,-82.06503,76.24791,0.0
67.2849,-47.345173,0.0,64.26459,46.07078,0.0
46.107227,-7.8655105,0.0,73.337074,40.16846,0.0
-66.36539,-38.478214,0.0,-40.791172,-92.424194,0.0
-25.284424,-64.18626,0.0,38.30885,-40.80614,0.0
-82.78585,28.966967,0.0,-79.118355,-20.76664,0.0
3.229575,85.39186,0.0,70.200714,-44.564735,0.0
18.050766,83.67964,0.0,6.0862837,87.145706,0.0
26.914415,-35.151623,0.0,81.499565,-42.671246,0.0
-41.46891,-21.9681,0.0,91.06856,-37.12348,0.0
15.105665,-77.935425,0.0,-29.587767,62.47163,0.0
-16.668402,-77.041115,0.0,30.697819,-92.37225,0.0
-28.215582,71.7807,0.0,65.58741,-73.44588,0.0
-33.937347,19.427944,0.0,-23.113047,-96.92973,0.0
4.0799694,73.8734,0.0,48.711964,-30.114218,0.0
-50.71234,76.07507,0.0,9.347589,-34.251846,0.0
-57.898907,60.268265,0.0,87.843895,93.90706,0.0
33.815998,88.466896,0.0,64.6175,-91.60545,0.0
-73.48821,46.466114,0.0,72.01547,35.31659,0.0
-66.89452,47.824238,0.0,-11.043905,78.44513,0.0
30.3166,63.686695,0.0,-57.56362,80.15423,0.0
71.07456,27.68051,0.0,-90.82436,50.18677,0.0
17.193886,58.688255,0.0,76.09297,38.558926,0.0
68.867455,61.32521,0.0,65.2295,65.641106,0.0
-56.32006,-12.330511,0.0,64.20222,20.525192,0.0
-77.95081,51.24362,0.0,6.2241106,70.42855,0.0
-63.401516,-30.823072,0.0,72.225975,35.01632,0.0
1.790432,-71.67878,0.0,26.420725,80.322105,0.0
40.074944,-54.20315,0.0,-9.234782,48.466248,0.0
20.47099,-23.883797,0.0,30.059416,-83.29652,0.0
-86.132126,4.1123405,0.0,-84.915215,71.3621,0.0
-36.191498,-67.93756,0.0,-68.71939,-95.71365,0.0
-60.269306,45.766552,0.0,-61.897243,-68.09311,0.0
27.677193,15.509601,0.0,-50.91894,63.367302,0.0
-56.888947,25.812283,0.0,-87.63619,-83.69478,0.0
-47.776985,-73.15646,0.0,4.1845,-92.84717,0.0
25.155895,-5.2368135,0.0,-36.489872,39.511486,0.0
40.74722,7.9885073,0.0,31.642214,57.684464,0.0
82.95592,78.530594,0.0,-44.586693,-43.046864,0.0
-28.222998,96.44676,0.0,-15.169421,-16.072197,0.0
-48.886612,65.80786,0.0,-4.6641345,-90.02378,0.0
81.36397,49.947952,0.0,-72.74838,-27.949501,0.0
41.17008,47.864567,0.0,-55.281914,-76.29162,0.0
-57.2598,29.212046,0.0,71.50895,-43.07449,0.0
15.845543,82.76383,0.0,-44.127388,-45.015114,0.0
36.516953,-7.3306184,0.0,-15.496746,-98.67542,0.0
88.41377,74.06303,0.0,-34.472816,-61.1778,0.0
55.59505,-87.53054,0.0,-68.96256,37.689083,0.0
38.37823,23.536375,0.0,-15.757911,-79.068565,0.0
34.06587,13.953615,0.0,-10.283811,-1.0030525,0.0
-90.223335,-70.09013,0.0,41.653374,27.093441,0.0
-5.010518,9.79601,0.0,-46.200127,-99.767334,0.0
46.69743,29.529055,0.0,-81.290016,88.43353,0.0
42.74563,-79.50028,0.0,67.36012,68.79627,0.0
99.784164,-43.567497,0.0,40.559994,-66.5427,0.0
-57.338905,50.2094,0.0,21.151375,-67.48682,0.0
-49.803543,-30.668531,0.0,-58.852158,45.801468,0.0
-71.62831,-3.349793,0.0,36.34075,-82.21501,0.0
-83.07973,-14.030011,0.0,46.743855,43.595695,0.0
85.6476,16.42333,0.0,13.57607,67.96534,0.0
-98.17905,50.87068,0.0,58.25599,-56.162773,0.0
-27.670935,20.275238,0.0,21.996304,12.094694,0.0
-56.484917,-45.62902,0.0,47.85513,-13.864083,0.0
80.07137,-75.047,0.0,-4.464993,-87.720146,0.0
99.3235,-6.35176,0.0,93.461395,87.487976,0.0
94.21588,-83.93081,0.0,35.224545,-63.142097,0.0
-50.849445,16.24261,0.0,-52.6647,-34.949413,0.0
15.264746,60.46685,0.0,-84.24961,-99.69208,0.0
9.180333,57.89164,0.0,-99.55044,-93.640656,0.0
44.883038,-25.830688,0.0,-60.656883,51.325497,0.0
-77.44734,-49.46716,0.0,-69.35663,-68.4807,0.0
53.459805,10.710956,0.0,-8.678877,58.057224,0.0
64.98181,-26.466295,0.0,-83.40343,63.837563,0.0
-84.109344,31.909376,0.0,-83.346794,59.202282,0.0
-39.15148,-91.10114,0.0,-43.78835,68.51075,0.0
80.53423,-10.957575,0.0,-85.25117,75.90432,0.0
1.2985865,80.85603,0.0,-79.67299,52.414097,0.0
71.39643,66.944984,0.0,6.762462,61.07419,0.0
47.739506,34.456707,0.0,-99.521576,53.203606,0.0
-7.0377717,51.815,0.0,8.295503,55.765114,0.0
-84.484215,-47.481888,0.0,-67.097534,-24.603378,0.0
31.172884,49.218517,0.0,-55.14818,-32.799747,0.0
-56.396477,59.276775,0.0,72.11067,76.73857,0.0
-89.641174,-99.17426,0.0,-54.939476,-92.2656,0.0
9.330175,65.281555,0.0,14.8106985,-29.245295,0.0
11.26275,-31.563114,0.0,-57.830025,50.40449,0.0
-57.809364,-14.505872,0.0,7.0374255,64.27693,0.0
7.573324,-23.833569,0.0,94.24115,77.26577,0.0
-76.54525,-52.160076,0.0,-1.3768778,-18.567146,0.0
-56.420044,75.100815,0.0,94.74657,95.96147,0.0
79.82944,59.96338,0.0,-3.3478491,85.619995,0.0
-46.355755,41.944183,0.0,-35.8738,-30.66545,0.0
-97.71601,25.902332,0.0,74.85594,-97.61357,0.0
45.57622,11.775614,0.0,60.957806,45.757862,0.0
-58.446987,-54.296246,0.0,59.960545,-94.34407,0.0
-43.02201,-93.918106,0.0,9.510497,88.757095,0.0
-50.6512,13.190577,0.0,-97.86741,95.29477,0.0
2.5526376,12.883199,0.0,77.22236,30.931692,0.0
98.46708,3.3786273,0.0,-73.97196,-69.77546,0.0
-86.48903,-65.71356,0.0,96.87626,-6.290611,0.0
31.376465,18.13387,0.0,-76.406136,-1.0587281,0.0
73.46911,69.750496,0.0,-61.449596,37.679344,0.0
-79.8403,55.173088,0.0,91.04096,58.46011,0.0
46.230225,12.533574,0.0,81.85747,-13.698981,0.0
-63.70703,-6.5535254,0.0,83.78921,-43.060143,0.0
45.488354,82.94942,0.0,-82.26776,-73.12068,0.0
90.873795,-54.554237,0.0,59.665447,28.656054,0.0
97.65058,-13.38242,0.0,-36.453903,-71.38297,0.0
22.082241,14.990974,0.0,36.124786,-32.070934,0.0
-49.4966,-15.826756,0.0,80.957954,-33.092487,0.0
-59.152256,58.361816,0.0,-67.29629,33.50715,0.0
55.07256,-38.85808,0.0,1.3859092,48.255596,0.0
84.6224,19.033722,0.0,29.55604,64.3269,0.0
44.88673,-82.07557,0.0,32.865242,-66.129326,0.0
67.594986,-93.36119,0.0,-30.260775,-18.727413,0.0
48.430725,23.196775,0.0,-2.1725261,94.01186,0.0
91.324646,-65.96079,0.0,-65.86096,-8.577139,0.0
74.45453,-90.5236,0.0,69.63473,28.83273,0.0
-13.579776,-94.39512,0.0,-72.964775,-44.66872,0.0
-54.819206,13.087318,0.0,-60.6441,-24.18005,0.0
47.410187,-44.108883,0.0,-13.64972,-17.53097,0.0
-71.83867,-20.063723,0.0,35.797215,-82.86519,0.0
-55.261166,25.561945,0.0,51.98071,-77.8045,0.0
55.233795,87.89266,0.0,68.33876,16.32193,0.0
-98.64066,29.541943,0.0,15.44823,-36.01766,0.0
43.474686,-22.89713,0.0,-21.849129,78.65216,0.0
-30.446995,73.17137,0.0,-14.474717,54.08917,0.0
0.8817695,-22.158064,0.0,76.75725,16.402227,0.0
64.470024,-90.08289,0.0,-45.522945,41.049244,0.0
-78.36899,-30.432802,0.0,-20.812754,97.064674,0.0
95.839264,-95.44642,0.0,-93.03952,35.88472,0.0
-14.957771,2.4213872,0.0,57.289753,-45.623726,0.0
-88.80784,23.796343,0.0,-91.74329,-20.870827,0.0
-9.722549,-13.691526,0.0,91.175575,-15.59566,0.0
49.88312,33.76139,0.0,-81.682045,-66.68745,0.0
22.614117,84.44606,0.0,80.42246,-60.8139,0.0
-19.93496,-39.949043,0.0,60.115753,-53.168926,0.0
-72.77772,-24.565088,0.0,35.497646,94.76676,0.0
-18.268705,-70.58506,0.0,54.46601,54.451107,0.0
-72.312,85.75896,0.0,-14.412807,-75.27154,0.0
11.144473,-35.685696,0.0,48.239426,-9.97722,0.0
62.63966,35.110744,0.0,74.383255,84.98902,0.0
54.944687,34.354546,0.0,-41.618076,-2.0619922,0.0
14.8156595,55.57682,0.0,-2.1279843,-80.41326,0.0
79.058266,71.97652,0.0,-35.2683,-75.50823,0.0
-30.358849,-28.680904,0.0,30.846745,32.133095,0.0
79.5523,7.428325,0.0,-57.184853,-21.954311,0.0
-98.89588,29.837505,0.0,-64.35342,-41.83497,0.0
-76.89215,67.673485,0.0,-85.72058,-5.6545224,0.0
55.033302,51.215336,0.0,3.2462919,-87.05593,0.0
-72.179596,6.0391946,0.0,13.017787,-83.70845,0.0
86.097855,74.55188,0.0,-28.310247,-79.89522,0.0
60.787144,32.774124,0.0,-93.85551,23.777864,0.0
-29.131355,65.93895,0.0,6.5850344,18.342142,0.0
47.69701,96.06547,0.0,-67.13304,28.006887,0.0
-71.815994,-61.37527,0.0,-64.99655,-52.795,0.0
-4.422503,-99.49385,0.0,-59.656364,0.53840756,0.0
-16.372519,-24.206356,0.0,-86.298645,67.99543,0.0
75.54429,98.417595,0.0,-59.785664,6.025101,0.0
-75.58035,-12.891724,0.0,-27.342588,-27.975393,0.0
21.351233,-18.751112,0.0,46.0828,20.570086,0.0
-48.6323,48.599174,0.0,-68.51753,-60.019276,0.0
13.037446,81.39513,0.0,-10.478202,-3.0362356,0.0
76.79355,-22.440414,0.0,96.419914,-55.442997,0.0
46.89443,75.55194,0.0,3.4053142,14.157369,0.0
-87.16434,-65.62898,0.0,-13.34694,52.33828,0.0
-43.65773,70.64161,0.0,2.308656,88.86821,0.0
-78.850136,43.595238,0.0,29.061378,56.54029,0.0
-23.38785,-75.397514,0.0,-37.180084,10.2571535,0.0
87.20641,-90.13478,0.0,-48.49826,-17.576345,0.0
-32.29195,-51.087723,0.0,-19.408392,1.8276434,0.0
-70.71906,64.407486,0.0,63.15203,47.803,0.0
30.538456,-29.075739,0.0,-73.8666,-17.944582,0.0
45.88443,-93.310196,0.0,88.526764,32.67235,0.0
-51.08378,16.37982,0.0,-14.674938,-39.937622,0.0
79.92287,3.803723,0.0,76.05777,39.237465,0.0
97.27027,-52.138153,0.0,-26.660246,-93.13633,0.0
-62.889927,0.5502631,0.0,-82.397026,-59.089596,0.0
-13.450693,71.81407,0.0,44.43655,82.296295,0.0
63.64799,97.714516,0.0,-94.065926,-71.848175,0.0
90.44892,-0.58999103,0.0,-26.7299,80.62258,0.0
96.72384,6.482088,0.0,38.89993,-92.76441,0.0
-39.121445,-93.35253,0.0,53.342663,23.019434,0.0
-85.57055,17.6987,0.0,-42.653988,-72.81765,0.0
-46.30694,-39.25423,0.0,51.116646,44.57465,0.0
-39.594486,-67.640495,0.0,44.85336,7.0511045,0.0
41.301445,92.38119,0.0,-99.5761,57.786377,0.0
83.69585,80.79372,0.0,-72.25657,36.270428,0.0
-64.17835,23.050781,0.0,30.299118,34.67826,0.0
-85.7522,74.01126,0.0,-11.04142,16.57236,0.0
61.84727,79.17101,0.0,90.308266,-53.203625,0.0
-44.841133,-43.261833,0.0,33.92361,60.226685,0.0
86.56408,7.5604196,0.0,16.040749,-32.81958,0.0
-41.82195,22.092968,0.0,34.302155,-46.890366,0.0
83.79724,-28.110094,0.0,76.122246,85.71,0.0
-67.86586,6.725928,0.0,26.00573,-2.0550544,0.0
-37.62839,-58.275402,0.0,-60.88912,-89.45456,0.0
63.657505,89.23732,0.0,65.14086,-37.42293,0.0
76.6389,36.420383,0.0,70.22447,22.972286,0.0
36.611816,-48.657013,0.0,-83.78723,65.878944,0.0
33.44869,88.230286,0.0,-41.35911,84.89355,0.0
78.53866,2.8192081,0.0,16.087835,57.870426,0.0
-1.48493,-20.02495,0.0,-58.20303,-6.4171314,0.0
-82.53139,-57.030613,0.0,82.72499,81.399536,0.0
-71.116425,94.79503,0.0,-56.673058,-75.23695,0.0
-36.375687,48.025806,0.0,68.0173,20.780237,0.0
-91.775536,-86.51009,0.0,-81.74241,-95.10791,0.0
21.533463,-36.31428,0.0,84.35039,-38.419903,0.0
67.8192,9.502866,0.0,-60.520924,42.44745,0.0
-57.970287,-47.405148,0.0,-83.86541,42.389893,0.0
59.2135,-61.23149,0.0,-72.090645,65.59422,0.0
98.64147,-33.80776,0.0,-59.68847,53.71704,0.0
-18.177929,-82.790634,0.0,89.6792,61.904335,0.0
-95.35339,68.84907,0.0,66.41534,80.73834,0.0
44.515415,-37.76591,0.0,-10.683709,-66.99878,0.0
-90.200165,9.865913,0.0,-52.34986,-90.27539,0.0
74.559395,-25.820562,0.0,4.2741675,-24.267185,0.0
62.363983,-39.491722,0.0,-64.30252,-84.46041,0.0
-42.818645,63.189384,0.0,72.274,69.30287,0.0
-3.8881245,94.86274,0.0,47.43081,-4.1429596,0.0
14.157986,-92.53913,0.0,-39.82437,-86.14648,0.0
46.414875,27.157877,0.0,54.509365,73.76279,0.0
-38.94385,33.65649,0.0,-58.919834,17.453753,0.0
86.47512,-97.55306,0.0,-71.31924,57.166058,0.0
-85.77388,93.354836,0.0,-50.665527,9.20272,0.0
-81.26851,53.617878,0.0,49.444923,-37.659336,0.0
-36.049377,61.616245,0.0,17.797756,15.996483,0.0
-29.807243,-31.732021,0.0,98.15015,43.762943,0.0
-77.0504,-90.34032,0.0,-59.915672,-64.63674,0.0
22.490286,-70.09874,0.0,-16.51692,-32.88276,0.0
-23.128994,-94.96132,0.0,67.79946,-97.7164,0.0
-23.300812,57.7573,0.0,-47.8879,-4.341862,0.0
-55.13722,-93.695564,0.0,-9.107302,-8.004337,0.0
-7.0274425,-31.454058,0.0,-11.8518915,-7.8346043,0.0
74.036255,70.42502,0.0,-45.54344,-92.91382,0.0
73.038994,88.93925,0.0,-6.2299027,65.5227,0.0
97.0565,20.12029,0.0,-52.566216,77.68293,0.0
-83.940346,-8.549925,0.0,76.521866,25.04761,0.0
51.2881,21.632206,0.0,38.15517,-97.14795,0.0
16.86186,69.637726,0.0,-31.948473,57.58929,0.0
56.200024,15.830748,0.0,-64.863075,51.06919,0.0
-29.12179,80.150894,0.0,70.96743,73.28256,0.0
-31.047216,29.02285,0.0,53.45181,-73.70386,0.0
-79.61876,67.9925,0.0,31.4285,-27.180592,0.0
-59.346848,3.9377367,0.0,44.1871,37.76533,0.0
13.836522,12.1670685,0.0,87.52577,-20.367863,0.0
15.287025,-75.968666,0.0,-37.0512,-2.5227752,0.0
24.825514,-14.960876,0.0,76.6105,97.46848,0.0
87.15365,-29.257103,0.0,63.994644,11.3247595,0.0
-19.738699,-39.839664,0.0,-95.61947,31.470901,0.0
50.76731,-78.89918,0.0,-30.499159,-15.346184,0.0
-11.8144245,-0.1582853,0.0,-71.789505,-69.42565,0.0
5.5705256,89.94045,0.0,-28.692043,-83.5563,0.0
-88.621574,-44.031315,0.0,30.691084,-21.163237,0.0
23.273935,-87.257515,0.0,-80.61643,-50.641964,0.0
-95.84241,5.4745183,0.0,95.574104,-81.73157,0.0
3.2722745,-85.037834,0.0,38.800415,4.27581,0.0
-43.73889,83.383224,0.0,-63.03031,43.79892,0.0
-42.397358,-90.62075,0.0,93.07227,77.25877,0.0
-79.73181,-85.63195,0.0,77.0172,4.70722,0.0
99.18133,19.110134,0.0,57.174328,53.812298,0.0
33.883934,47.22605,0.0,73.215225,-28.657358,0.0
-42.688316,-2.5538113,0.0,-17.97533,-89.44363,0.0
37.856167,36.859642,0.0,-36.42578,-81.22238,0.0
-19.541065,56.658012,0.0,92.55695,-74.66882,0.0
27.141241,92.7775,0.0,53.3699,99.2514,0.0
27.704885,55.235992,0.0,-31.693138,-10.773462,0.0
-89.324326,-52.38695,0.0,-55.36504,52.813427,0.0
-40.283993,-11.072837,0.0,17.997833,-17.779337,0.0
-70.57511,89.96413,0.0,-34.295006,27.407717,0.0
75.984406,68.394966,0.0,-68.135345,80.030426,0.0
-89.352684,45.994408,0.0,-71.2029,62.036655,0.0
94.993,-73.63337,0.0,26.209394,-18.54805,0.0
55.431942,51.153896,0.0,63.22552,-56.059643,0.0
81.52344,-47.95706,0.0,-30.414152,59.025997,0.0
-51.47806,-74.84151,0.0,78.093254,4.7805324,0.0
-59.695137,15.321729,0.0,-44.71408,38.05289,0.0
24.948309,-9.868204,0.0,-42.03387,44.822586,0.0
14.7011385,-31.006199,0.0,81.398544,-51.26137,0.0
-30.738413,14.531988,0.0,-77.487526,46.019165,0.0
47.67655,-92.311424,0.0,-33.969406,-60.6975,0.0
-40.04679,-19.64857,0.0,-11.117456,68.40083,0.0
54.25435,41.865925,0.0,28.285006,79.94677,0.0
44.78338,56.66337,0.0,83.16113,96.90774,0.0
12.257157,-75.608604,0.0,-65.54162,-74.45976,0.0
-5.983671,59.568836,0.0,63.846302,-80.30388,0.0
34.55292,-55.899147,0.0,-56.358494,74.81436,0.0
43.399216,90.83688,0.0,42.265705,-80.56943,0.0
84.84137,-87.17676,0.0,-75.56888,-14.470572,0.0
-16.478487,-77.62791,0.0,82.12668,36.326847,0.0
-15.162777,-4.7085314,0.0,30.035133,32.55988,0.0
-95.543274,-8.093055,0.0,-59.41147,87.69776,0.0
36.246628,-16.370672,0.0,-52.985844,41.53623,0.0
81.88358,93.824104,0.0,-41.168945,-56.167274,0.0
-30.592922,37.687363,0.0,-72.54004,2.4782395,0.0
45.37525,58.166378,0.0,-38.826447,-67.74741,0.0
3.6148856,45.92243,0.0,9.191022,48.071648,0.0
15.493134,-36.80035,0.0,34.41844,30.117054,0.0
8.901462,47.402645,0.0,-9.5761795,58.858036,0.0
-35.046673,66.70857,0.0,0.9894023,-81.694,0.0
96.74701,-29.550657,0.0,5.8201895,80.67167,0.0
-57.14994,78.79931,0.0,-9.926153,6.050802,0.0
13.250659,91.77334,0.0,40.8287,-56.36075,0.0
-9.303378,-27.285997,0.0,-87.73059,-97.69441,0.0
-8.074128,85.15247,0.0,26.952187,-71.25244,0.0
27.874516,75.745,0.0,11.977621,-68.90516,0.0
12.68549,10.008797,0.0,77.59101,-99.72942,0.0
-53.706974,-72.47647,0.0,-15.32619,-71.76382,0.0
-17.982061,61.642563,0.0,54.031906,-55.404507,0.0
-38.66579,-84.91153,0.0,-50.090996,-37.31634,0.0
-79.45947,-68.55466,0.0,12.136965,76.65767,0.0
-53.365387,79.689995,0.0,-90.76522,-18.190262,0.0
57.03976,98.231544,0.0,-94.195625,-25.202917,0.0
1.0804746,-74.550354,0.0,26.257196,-91.59478,0.0
81.53369,22.216063,0.0,20.221571,-86.73697,0.0
-88.42796,-37.630527,0.0,35.604362,2.5956824,0.0
-40.58461,-53.1875,0.0,66.023384,35.910374,0.0
60.82993,96.362816,0.0,-35.35757,-43.439827,0.0
-49.098583,-66.31329,0.0,60.96757,-62.28496,0.0
48.964577,-27.095015,0.0,96.189476,-46.4667,0.0
89.42815,53.39409,0.0,7.6785097,22.345638,0.0
-51.833218,95.56921,0.0,-2.548291,96.29807,0.0
18.14333,9.127265,0.0,-35.88361,-20.90684,0.0
69.82087,-70.070724,0.0,28.122335,75.66355,0.0
-67.71241,81.406,0.0,-10.967905,-67.294,0.0
54.537357,47.44524,0.0,-80.05006,-95.97315,0.0
20.22559,-95.600395,0.0,-49.64265,78.70801,0.0
-59.726707,-45.82218,0.0,-62.332012,-70.8575,0.0
-44.420784,-42.302658,0.0,-23.687988,-84.691765,0.0
46.63208,99.084305,0.0,-42.49776,7.6440163,0.0
-49.316757,-77.61331,0.0,82.797775,22.016973,0.0
5.5953684,94.36128,0.0,-61.73027,-87.97426,0.0
2.5866709,18.419062,0.0,-35.649643,70.268295,0.0
-96.802155,28.986433,0.0,63.095562,-90.066345,0.0
-27.239986,-84.13496,0.0,29.275606,-6.784593,0.0
-40.71436,-20.670767,0.0,-40.008446,3.9259613,0.0
71.04587,50.260838,0.0,-8.881583,45.19548,0.0
-13.030348,-18.348112,0.0,17.327602,71.04839,0.0
-92.282875,-22.493212,0.0,-73.01645,81.73155,0.0
79.03638,-15.03159,0.0,38.322273,-89.5037,0.0
-39.746834,-80.00089,0.0,-23.497215,99.439384,0.0
-35.181084,80.755684,0.0,-45.99107,-68.122116,0.0
4.665523,82.51155,0.0,68.96573,46.26484,0.0
42.593834,80.13242,0.0,47.931767,24.770227,0.0
61.962173,-81.670204,0.0,95.91408,-22.585024,0.0
-8.450248,71.91287,0.0,33.559174,-41.03608,0.0
-57.072186,62.86901,0.0,40.43845,54.441296,0.0
-18.580067,52.066803,0.0,-76.36691,77.67451,0.0
36.571754,-24.100666,0.0,-29.426258,60.25042,0.0
-81.46239,98.389465,0.0,33.569065,47.68972,0.0
-86.87973,77.79933,0.0,85.72967,-80.96093,0.0
17.765432,58.430195,0.0,-74.383286,-11.2973,0.0
29.646696,-87.71074,0.0,62.744663,88.10079,0.0
-75.22008,29.104078,0.0,43.455788,57.927135,0.0
-51.865986,50.999805,0.0,-14.242293,-90.34814,0.0
-15.473405,60.049026,0.0,-72.87478,-41.03868,0.0
44.965908,32.11326,0.0,-61.6657,-22.231201,0.0
-29.994928,59.571434,0.0,-4.386233,51.756634,0.0
-73.84577,-90.4367,0.0,95.52858,-49.74461,0.0
9.577922,70.495125,0.0,9.548346,45.883053,0.0
42.817165,84.524,0.0,96.03254,-12.228206,0.0
-81.56821,65.18285,0.0,51.86886,-22.31598,0.0
-84.02586,25.83629,0.0,-80.184425,21.28298,0.0
10.9338,14.867452,0.0,26.029081,-75.7139,0.0
98.96397,32.456017,0.0,-88.97127,43.404514,0.0
-7.9449677,-86.0581,0.0,-86.319016,-61.552216,0.0
93.09538,30.112007,0.0,57.710484,-82.939095,0.0
-49.146297,-71.38728,0.0,-4.468826,78.02439,0.0
99.36275,-20.738756,0.0,-78.26743,-81.09365,0.0
93.572914,77.96728,0.0,-94.43179,-50.66871,0.0
21.58042,5.0911098,0.0,-19.953968,-38.913616,0.0
5.9851613,10.339872,0.0,84.67469,-0.7064177,0.0
-12.913704,2.423533,0.0,-56.798763,-53.988853,0.0
-61.46472,-74.18575,0.0,-40.42812,56.009617,0.0
85.05068,-89.36533,0.0,-38.55035,-27.378416,0.0
-50.70969,59.00044,0.0,18.074865,89.99418,0.0
-78.330894,-65.56011,0.0,44.36698,18.081783,0.0
38.64995,-9.980665,0.0,-67.481094,17.682558,0.0
-73.33905,-89.32572,0.0,-54.583126,-33.315575,0.0
-55.454266,82.61433,0.0,89.83084,-18.161598,0.0
-64.44854,-16.185453,0.0,-83.54786,84.2767,0.0
95.48941,-53.77058,0.0,25.890635,-22.90776,0.0
75.266975,87.17408,0.0,-1.8246139,-89.71233,0.0
96.5057,5.946582,0.0,26.603113,-6.084043,0.0
93.17813,4.0756483,0.0,2.0791228,-21.526705,0.0
-4.788282,90.37562,0.0,64.83625,50.39858,0.0
-32.731873,54.586704,0.0,43.25887,22.18552,0.0
-7.041282,49.26569,0.0,-74.56021,-34.24336,0.0
-48.88707,-51.97719,0.0,93.39511,15.683397,0.0
5.4203615,89.01011,0.0,-16.843555,-98.70186,0.0
-70.18333,-92.43285,0.0,77.83177,-6.091821,0.0
78.97239,-66.841736,0.0,43.92854,98.91015,0.0
32.564808,1.743225,0.0,-37.492275,93.781815,0.0
95.76158,-61.564865,0.0,-97.63268,-76.51708,0.0
91.289185,-88.35082,0.0,69.68308,-74.258804,0.0
75.84016,41.90153,0.0,-44.977413,29.58464,0.0
-3.9003015,95.60217,0.0,-85.801605,64.52148,0.0
-47.218575,-78.92025,0.0,-84.670425,19.169094,0.0
-64.76379,76.38479,0.0,8.32714,-33.439007,0.0
24.897312,-72.39708,0.0,-91.295586,-97.30801,0.0
40.009796,-18.584055,0.0,-77.0543,-59.434692,0.0
58.5474,26.72775,0.0,37.951157,-53.79304,0.0
25.496468,11.637535,0.0,51.36666,-64.63037,0.0
-67.709305,-82.38966,0.0,-78.513275,-51.618248,0.0
-1.2452179,84.833115,0.0,6.77635,23.460047,0.0
17.895082,93.75388,0.0,38.51403,-4.3100877,0.0
-31.166876,42.117596,0.0,95.9417,50.48778,0.0
-24.218128,-64.51238,0.0,96.54386,-19.97982,0.0
76.044235,62.50371,0.0,44.345837,10.286287,0.0
87.23215,-0.6858641,0.0,-78.07965,65.51475,0.0
-44.444817,-40.78333,0.0,-60.81329,15.133996,0.0
74.622955,-55.6685,0.0,-96.58346,-21.156727,0.0
0.39410815,-24.461514,0.0,-40.857594,47.83074,0.0
-47.42601,2.2394044,0.0,67.18714,6.2462068,0.0
-46.011272,86.31197,0.0,-91.86112,8.953315,0.0
-46.865913,95.561935,0.0,21.72177,50.51301,0.0
-55.82076,-21.683104,0.0,-23.843578,48.35412,0.0
87.48619,-82.184204,0.0,-43.088924,25.328735,0.0
-77.507706,76.35265,0.0,41.95864,-78.58524,0.0
-76.54374,-22.380262,0.0,90.07905,-92.60035,0.0
16.022326,-76.133194,0.0,39.099003,-84.16407,0.0
-54.454857,75.18223,0.0,6.422877,-91.118904,0.0
95.948975,91.25189,0.0,66.85967,85.49257,0.0
-17.520136,-80.504906,0.0,-35.552048,-85.47004,0.0
-37.670185,71.49135,0.0,23.32823,-28.995293,0.0
-72.519226,-85.70802,0.0,-21.073198,79.453255,0.0
-63.030502,61.416283,0.0,30.967276,-82.981,0.0
81.41459,-27.444538,0.0,4.4112916,12.564072,0.0
-54.216557,97.9769,0.0,-41.24878,-37.953712,0.0
11.534385,-33.78114,0.0,-31.203405,-41.949757,0.0
21.393063,92.78386,0.0,31.593565,-84.377975,0.0
11.021214,53.92484,0.0,99.98215,16.372116,0.0
41.008186,48.395542,0.0,35.54465,-49.537052,0.0
-53.16745,4.832369,0.0,37.172092,-56.290184,0.0
-31.239986,28.830019,0.0,-66.85194,11.751103,0.0
-11.842772,8.536113,0.0,-63.92694,48.235985,0.0
-91.279724,39.59028,0.0,52.857918,28.983658,0.0
-24.696474,94.88592,0.0,37.56836,49.28186,0.0
-45.241074,-40.117355,0.0,-51.028465,-2.7124631,0.0
-82.0091,-64.59723,0.0,63.642353,-95.123505,0.0
-40.414238,-20.877443,0.0,-85.67599,88.523384,0.0
-51.69263,-29.145733,0.0,-78.9309,-55.52774,0.0
-28.181137,82.63243,0.0,24.149233,-74.584236,0.0
80.5621,-67.54992,0.0,-26.44103,48.147568,0.0
-19.49178,90.87946,0.0,-26.76075,-80.62542,0.0
-70.48559,-98.817505,0.0,37.417862,93.4122,0.0
70.0099,86.61622,0.0,94.66508,-62.952744,0.0
57.37894,32.961113,0.0,-35.22357,68.51751,0.0
-79.89349,11.221535,0.0,61.9254,83.54193,0.0
31.272053,-31.890198,0.0,-3.3043802,98.47525,0.0
32.87837,29.417,0.0,-89.97307,-21.58923,0.0
-25.82186,90.61195,0.0,79.877525,-5.4409747,0.0
83.99591,3.3185465,0.0,-41.18159,-63.01617,0.0
81.27927,53.695076,0.0,-7.2904234,3.6527624,0.0
84.114914,-48.96054,0.0,-15.895119,90.66171,0.0
-40.42583,-11.951215,0.0,-38.39945,-76.97218,0.0
88.43362,-78.30788,0.0,65.13438,-37.686695,0.0
-52.512928,-53.07102,0.0,-4.032271,-36.071724,0.0
-73.91922,-53.012646,0.0,23.7988,-96.461365,0.0
-51.337704,-46.678867,0.0,-97.588455,71.72838,0.0
-87.726715,-13.930472,0.0,89.52014,-19.027296,0.0
-98.582344,-39.224205,0.0,-97.10456,80.353615,0.0
31.07367,-75.06725,0.0,-32.834774,25.184078,0.0
45.796337,-71.57508,0.0,-46.664364,-30.9439,0.0
-32.055607,95.17727,0.0,-21.860937,-70.41012,0.0
-18.178204,65.4465,0.0,-10.460339,-27.539776,0.0
-92.239395,20.870121,0.0,98.48244,-41.76251,0.0
-84.01633,5.2592764,0.0,97.346214,71.88505,0.0
47.56506,-78.030205,0.0,-75.68942,32.872143,0.0
-28.783358,96.03349,0.0,-41.085537,88.76677,0.0
56.5842,-90.37354,0.0,-50.14571,47.382652,0.0
43.76638,-89.0993,0.0,-83.076324,-7.022566,0.0
38.77714,7.5709577,0.0,-53.18036,78.88911,0.0
-59.41931,-47.020348,0.0,-93.06966,-89.94276,0.0
-78.563866,94.42718,0.0,93.240166,47.697456,0.0
65.96912,-47.004696,0.0,-37.40189,48.98482,0.0
76.94993,16.22473,0.0,-40.697765,57.546352,0.0
80.20258,47.03997,0.0,-16.617836,-80.59705,0.0
52.28853,83.67634,0.0,-98.234856,38.75308,0.0
-39.5486,79.64923,0.0,93.4192,88.18589,0.0
-53.521088,-72.86627,0.0,-51.494377,-83.8476,0.0
58.24993,-65.30419,0.0,-76.5315,-96.27678,0.0
-15.122568,-82.4916,0.0,-25.515053,97.323586,0.0
-70.9273,-9.09129,0.0,39.663437,-18.780682,0.0
8.600752,-36.342907,0.0,1.1003245,94.125786,0.0
84.111206,-69.3169,0.0,-2.0981228,15.9328375,0.0
-86.967384,-56.09895,0.0,-18.73043,87.70121,0.0
84.49087,-38.287357,0.0,-47.89089,24.589317,0.0
53.332993,81.12482,0.0,-82.855545,-16.258541,0.0
10.66506,83.5633,0.0,81.60804,65.734764,0.0
65.27784,43.387424,0.0,-85.98064,-61.187977,0.0
82.08514,-84.75914,0.0,46.46224,5.421044,0.0
61.49219,27.78788,0.0,-94.03233,58.211765,0.0
43.268852,-95.28607,0.0,34.804897,-23.24279,0.0
-6.3396215,20.661602,0.0,23.944519,67.84838,0.0
36.24993,-83.40155,0.0,-79.6077,-41.698643,0.0
-65.701225,-62.781425,0.0,-37.430073,-92.02989,0.0
-68.32072,-6.694834,0.0,34.942394,-40.73485,0.0
-43.306335,-82.860664,0.0,-46.359066,-35.75973,0.0
-85.73169,-56.44385,0.0,50.469448,65.21609,0.0
54.378635,48.340813,0.0,-92.894905,75.30692,0.0
-4.8550253,23.49948,0.0,25.856459,-35.42995,0.0
76.98175,14.607125,0.0,-22.942234,89.19026,0.0
89.515594,24.886572,0.0,62.873215,-66.51844,0.0
-11.372801,-24.11236,0.0,9.9759655,47.5345,0.0
40.90024,78.609924,0.0,68.2762,-76.68964,0.0
91.01361,10.082467,0.0,-63.15797,85.53205,0.0
20.883085,52.501064,0.0,61.710278,39.490078,0.0
-86.68908,-53.331993,0.0,-63.899857,-82.90997,0.0
-4.19461,-39.648487,0.0,85.01733,-89.205475,0.0
4.067512,77.52322,0.0,-80.76056,35.338154,0.0
-74.7349,-38.464287,0.0,-24.00325,59.875336,0.0
86.01149,-5.8728595,0.0,-42.25135,81.10825,0.0
47.527798,-24.341692,0.0,98.75876,32.58699,0.0
-82.71696,-20.506575,0.0,89.75867,-39.774178,0.0
-9.774768,-80.24328,0.0,-60.286766,91.60753,0.0
-32.84011,-23.21628,0.0,-42.54668,-67.44311,0.0
-79.88265,7.30088,0.0,64.46774,21.209143,0.0
40.361015,72.041016,0.0,95.44349,96.081604,0.0
-66.10889,98.439995,0.0,-24.548712,64.32234,0.0
87.33765,60.971783,0.0,46.178814,57.37405,0.0
41.312744,-22.797192,0.0,-51.678627,6.123495,0.0
-32.120106,81.74297,0.0,50.777313,78.21397,0.0
-84.209236,-84.396324,0.0,35.36372,69.27285,0.0
-61.463024,-45.43997,0.0,-74.02518,64.91995,0.0
1.2422138,-96.437454,0.0,-50.301975,-63.429493,0.0
-99.181335,74.43781,0.0,-7.410525,-86.63826,0.0
-27.858036,52.986183,0.0,-8.529224,-20.918451,0.0
-94.15884,64.34998,0.0,-19.610079,-91.76154,0.0
51.41681,-36.928684,0.0,-68.78737,20.839579,0.0
78.743,-23.446953,0.0,-92.063896,63.76245,0.0
-86.12157,-89.57477,0.0,-98.10977,-98.858025,0.0
6.6983967,-26.46822,0.0,42.297165,66.743935,0.0
-62.346897,-72.16558,0.0,-36.322487,72.26822,0.0
-51.2514,-32.603218,0.0,-31.333912,78.50117,0.0
-79.82056,-69.112144,0.0,-94.03787,52.476738,0.0
-51.511765,83.96412,0.0,-95.89859,46.341225,0.0
58.329967,30.44735,0.0,50.40336,71.53357,0.0
4.965136,-69.88246,0.0,-27.560678,66.866646,0.0
11.608197,-76.268005,0.0,57.543224,-25.806923,0.0
93.767,-38.571114,0.0,89.21266,-91.15647,0.0
-44.985558,25.235209,0.0,-58.523567,76.39055,0.0
34.85809,94.97286,0.0,-8.865585,17.882301,0.0
-80.074036,61.090786,0.0,87.98735,95.22655,0.0
-24.39537,-92.16511,0.0,20.778852,-88.92473,0.0
-18.331354,73.57264,0.0,65.55708,92.52847,0.0
-9.667047,15.887896,0.0,-19.886425,-23.583986,0.0
-24.919199,54.283974,0.0,-80.578064,81.5319,0.0
-70.68257,89.33055,0.0,-98.04916,-59.35309,0.0
72.20315,-99.81725,0.0,-87.0175,-83.78706,0.0
-81.16883,8.295348,0.0,43.737293,26.037434,0.0
96.097885,-79.35057,0.0,-94.78828,-57.27795,0.0
-25.272276,14.26687,0.0,-79.16515,36.29279,0.0
4.583378,20.974428,0.0,-0.08438605,63.532272,0.0
38.485504,-92.18056,0.0,15.015711,49.440918,0.0
-3.1830487,69.94028,0.0,-30.291649,47.972633,0.0
-52.731167,-0.20719634,0.0,96.53919,-2.8045447,0.0
-59.31727,-72.08619,0.0,-8.439486,-9.979532,0.0
69.81586,-62.854755,0.0,-69.950966,91.156494,0.0
-75.55519,23.54497,0.0,56.240303,75.31017,0.0
-29.784876,11.405724,0.0,81.55054,16.474085,0.0
40.10665,14.396842,0.0,18.86938,-65.85239,0.0
-81.10039,-44.04371,0.0,65.01488,91.8216,0.0
-64.69313,-76.59469,0.0,-93.67046,-16.806847,0.0
-61.988354,86.71634,0.0,-39.512497,57.91729,0.0
49.21869,34.145145,0.0,-95.53101,61.743084,0.0
11.219894,-28.169497,0.0,-75.08789,92.39658,0.0
47.93068,2.9035835,0.0,46.222668,42.506287,0.0
-56.00484,-5.7881684,0.0,16.831999,49.065212,0.0
80.12741,-29.421371,0.0,92.25278,88.733604,0.0
-38.927868,-0.22022578,0.0,42.5637,41.57372,0.0
-90.68175,-71.15187,0.0,-48.985706,26.435251,0.0
5.1545196,57.3619,0.0,41.199337,-90.96644,0.0
-62.62499,-90.96094,0.0,60.492565,25.110205,0.0
40.904274,45.090977,0.0,72.28443,66.01789,0.0
-32.189007,60.188313,0.0,79.20424,66.84629,0.0
-56.397434,-32.838776,0.0,7.730794,45.769318,0.0
42.597504,1.4847821,0.0,-2.3820028,-69.51792,0.0
65.01456,-90.34999,0.0,98.50077,-27.68036,0.0
12.960629,71.551956,0.0,-59.17993,35.590637,0.0
77.34588,-62.085243,0.0,-74.54833,-9.410086,0.0
11.991207,54.632362,0.0,44.89955,-52.281013,0.0
89.26311,44.33657,0.0,-64.466385,17.931547,0.0
-77.96905,30.607304,0.0,-66.15423,72.78635,0.0
-5.165236,-80.43317,0.0,-65.35963,-13.22967,0.0
-31.401505,42.817265,0.0,-97.48276,32.17049,0.0
20.146688,11.070391,0.0,-17.68449,84.10551,0.0
-96.16242,31.542288,0.0,-29.761988,67.43113,0.0
-56.366627,-79.41537,0.0,23.561697,-65.23311,0.0
36.13218,47.023445,0.0,23.947344,-17.980648,0.0
-48.568752,-4.7021656,0.0,-35.386734,-32.22941,0.0
-79.84768,-94.96174,0.0,-90.001595,18.075607,0.0
-35.306194,-3.4375837,0.0,23.065998,-71.316216,0.0
-45.186066,92.17014,0.0,17.20017,48.4194,0.0
-96.22972,65.32244,0.0,-3.5163722,-80.90898,0.0
-99.00536,-25.01014,0.0,43.68508,-56.744915,0.0
36.11268,88.16634,0.0,36.506557,27.197937,0.0
-16.49508,-62.688854,0.0,-92.602104,37.481735,0.0
-44.829334,-39.420418,0.0,48.164112,-37.05937,0.0
-37.819473,10.159785,0.0,54.77316,40.564655,0.0
-49.11193,-76.23299,0.0,4.7809052,-86.30048,0.0
89.85494,30.459105,0.0,40.94464,8.9887905,0.0
42.37635,34.553635,0.0,26.591574,51.025837,0.0
-31.247519,-69.010254,0.0,25.353142,-98.60752,0.0
-33.111027,-93.88926,0.0,-33.137676,-70.466446,0.0
98.243835,-79.377464,0.0,-73.617256,-99.90276,0.0
17.617249,14.137935,0.0,-3.1467586,9.995791,0.0
97.18731,17.354202,0.0,36.88356,57.74954,0.0
-89.14142,13.551038,0.0,-18.306328,-20.687124,0.0
-70.07955,-36.104385,0.0,93.03887,62.83255,0.0
99.7784,-89.82029,0.0,33.54483,62.612984,0.0
93.54005,43.940464,0.0,86.49434,-63.80882,0.0
-16.09938,-28.956512,0.0,39.495926,2.5514565,0.0
64.7957,33.2735,0.0,6.26724,53.552784,0.0
-38.52944,88.03358,0.0,-67.38348,-1.1584984,0.0
45.015163,4.402922,0.0,-34.036922,49.17034,0.0
-28.748549,57.516346,0.0,9.526233,-97.14404,0.0
-45.73501,-59.11825,0.0,-33.084393,-64.502754,0.0
-42.9976,-21.740288,0.0,51.15464,-40.958855,0.0
93.9973,47.505024,0.0,54.513466,-40.80465,0.0
-15.452341,96.211975,0.0,-9.678757,99.8786,0.0
55.253765,38.663055,0.0,-69.91467,93.349106,0.0
-89.84465,-3.6977253,0.0,37.08252,59.13333,0.0
-32.595146,13.58947,0.0,-82.18405,-50.405857,0.0
97.074066,-9.415345,0.0,-79.754486,-37.968082,0.0
-39.775024,62.54064,0.0,-72.839615,42.209724,0.0
-10.993534,94.546135,0.0,-69.55371,14.530963,0.0
-73.52541,-2.6812983,0.0,34.89111,-19.019573,0.0
-40.55403,-93.771706,0.0,57.80406,-38.793613,0.0
91.61828,38.21063,0.0,-23.68604,-76.31635,0.0
90.87493,41.95841,0.0,71.08218,9.64394,0.0
46.436653,71.922295,0.0,40.509235,27.217033,0.0
-59.264877,88.793686,0.0,93.29207,-99.31568,0.0
35.29535,-25.725113,0.0,-92.77459,42.91065,0.0
17.543734,21.685814,0.0,6.5508933,80.980675,0.0
97.63832,73.11267,0.0,77.51527,37.11421,0.0
0.05850644,69.58103,0.0,96.780136,55.790504,0.0
-15.189521,3.6236355,0.0,68.33797,-55.70749,0.0
-4.7071557,-84.5179,0.0,14.989712,78.54966,0.0
60.02202,82.02781,0.0,56.196674,90.69667,0.0
52.801033,71.08741,0.0,93.5439,74.06017,0.0
91.371284,86.28726,0.0,-34.97662,83.93094,0.0
-79.73616,34.808968,0.0,-19.17352,-64.69561,0.0
-84.034134,-51.782883,0.0,92.0563,-51.84005,0.0
90.84777,55.618042,0.0,53.5935,-83.69505,0.0
-63.382202,91.31653,0.0,-10.980327,-39.335155,0.0
-30.605337,67.621346,0.0,-30.507055,21.663584,0.0
42.76451,-62.51291,0.0,-83.43513,-36.869644,0.0
-69.073524,-27.396414,0.0,-37.522453,38.15615,0.0
42.331207,-94.63786,0.0,80.928345,-61.44537,0.0
53.060665,16.769152,0.0,66.409744,53.554382,0.0
35.42486,36.53423,0.0,-92.198715,-8.8866415,0.0
97.1289,31.551407,0.0,-14.616914,-19.677135,0.0
-21.447819,-99.125206,0.0,-45.225636,19.525797,0.0
12.913889,-81.52655,0.0,95.13689,-56.984436,0.0
89.4262,74.96718,0.0,39.69051,78.77095,0.0
89.56522,-53.917686,0.0,-9.022068,72.944595,0.0
67.30751,42.492626,0.0,-83.734245,53.292316,0.0
-71.778755,61.921715,0.0,18.373312,50.989586,0.0
1.5070546,-76.55012,0.0,-21.94489,70.49299,0.0
94.0734,71.6752,0.0,-83.61784,51.64967,0.0
33.84095,60.41378,0.0,73.54033,-93.70246,0.0
-30.574177,-75.51466,0.0,-55.434437,-13.721404,0.0
17.941679,7.914849,0.0,40.916294,16.582754,0.0
-89.61616,-55.45059,0.0,33.920834,52.161842,0.0
-19.13993,-6.6904893,0.0,36.96634,90.66518,0.0
-54.781086,33.34855,0.0,4.465972,19.79828,0.0
75.326065,98.20702,0.0,-10.723012,68.883965,0.0
-32.912212,1.0216115,0.0,-99.9983,-14.967863,0.0
-42.19241,-81.383255,0.0,-40.145496,-90.24266,0.0
18.89477,-31.022167,0.0,-93.01883,8.3283,0.0
55.25096,-65.12178,0.0,96.20296,74.697266,0.0
52.686905,-34.038208,0.0,21.283516,-81.30638,0.0
94.803314,67.24394,0.0,77.59666,-58.049957,0.0
77.9194,99.683395,0.0,-69.21612,-85.96924,0.0
38.564632,-6.2361937,0.0,92.63903,82.7764,0.0
-37.344513,74.38442,0.0,-91.77148,53.80174,0.0
-56.780178,92.47354,0.0,20.587667,-39.295338,0.0
21.150524,53.202904,0.0,87.56816,-79.823395,0.0
-93.252014,9.905765,0.0,-18.92636,94.692154,0.0
-40.73395,-72.52627,0.0,-6.5282545,-68.81297,0.0
15.080286,-84.97556,0.0,-38.635876,-3.260464,0.0
68.12479,75.520195,0.0,-27.902798,-38.932056,0.0
-0.32946262,-29.42195,0.0,36.879868,67.04818,0.0
-84.42977,13.225934,0.0,92.16231,-43.229958,0.0
83.823944,8.738433,0.0,80.76714,-46.646168,0.0
54.708847,76.69542,0.0,-29.303242,52.39066,0.0
60.47455,61.147602,0.0,-44.095608,-79.219055,0.0
-68.15627,96.45951,0.0,44.1331,-15.521752,0.0
-26.921854,95.49851,0.0,96.2459,32.15745,0.0
2.3296502,70.24833,0.0,2.4356356,-25.658653,0.0
95.17425,14.528746,0.0,-77.50051,5.935684,0.0
44.191914,-81.05692,0.0,-50.081573,11.191796,0.0
-47.865658,-2.0842392,0.0,94.74913,-0.41582677,0.0
64.62067,-68.821075,0.0,-2.358686,-91.02657,0.0
-19.83345,-27.017113,0.0,3.7786355,-26.910105,0.0
-71.50868,-20.538666,0.0,6.816296,-33.553864,0.0
-93.493065,12.324829,0.0,-51.12244,-13.2433,0.0
-6.467196,-25.107437,0.0,-10.820195,-90.97899,0.0
44.216194,55.10204,0.0,40.052994,-98.8051,0.0
-34.78169,-28.292953,0.0,85.981,29.762426,0.0
-57.6423,96.4691,0.0,-10.260535,17.370499,0.0
-61.209377,-28.457735,0.0,-74.6402,66.13431,0.0
25.620693,84.58231,0.0,-30.094051,61.3754,0.0
40.189213,0.26545137,0.0,31.853306,0.90294266,0.0
-15.550031,-23.76956,0.0,29.049183,-12.286528,0.0
92.993034,27.652185,0.0,-52.390694,68.103745,0.0
-18.863657,23.828316,0.0,-72.66695,64.557884,0.0
67.49237,80.08026,0.0,-60.66771,73.02886,0.0
-88.42498,92.04476,0.0,-40.93976,37.82118,0.0
35.20002,7.3907986,0.0,-49.678345,95.743225,0.0
6.430695,-37.478115,0.0,66.17511,-84.751175,0.0
-78.57521,35.46411,0.0,-89.27259,-80.61296,0.0
-9.871814,-73.82749,0.0,-63.901268,79.29221,0.0
-71.10194,65.28258,0.0,-95.59147,31.72889,0.0
60.70046,-38.71581,0.0,45.062805,-45.587368,0.0
-10.328702,22.498621,0.0,53.224827,-29.741547,0.0
-57.409355,93.6116,0.0,77.21059,-64.3075,0.0
90.079765,67.06096,0.0,4.5235014,61.31916,0.0
-14.837558,62.095985,0.0,-9.303588,-31.160557,0.0
-38.968857,-8.2231045,0.0,72.31068,33.75852,0.0
69.68471,61.348526,0.0,-88.922676,79.48645,0.0
-33.87925,23.470524,0.0,-19.310356,58.769547,0.0
42.89305,-1.2871431,0.0,-59.11455,-52.153904,0.0
86.42365,13.026642,0.0,39.33017,84.49988,0.0
40.442326,42.697758,0.0,-68.64366,-92.52799,0.0
-64.72016,62.93162,0.0,-93.90223,33.088253,0.0
-29.302244,70.37505,0.0,49.178146,-15.41769,0.0
94.19725,-22.25057,0.0,32.91611,-5.089046,0.0
-67.80314,96.86952,0.0,-53.77503,71.78592,0.0
-87.17366,81.20358,0.0,96.7615,51.98332,0.0
-45.079063,-72.27678,0.0,33.42994,-64.94591,0.0
-49.91274,-48.904907,0.0,-43.775745,49.277615,0.0
81.87282,17.240631,0.0,30.673191,67.69335,0.0
-71.22762,17.424559,0.0,28.414286,16.215586,0.0
-70.550766,-5.2167864,0.0,47.455936,-12.910606,0.0
95.526825,66.4123,0.0,-45.83587,77.54733,0.0
13.520757,-87.379265,0.0,-27.647438,-85.77318,0.0
97.719345,-27.195602,0.0,-99.110306,-39.356434,0.0
-84.466324,17.563936,0.0,55.782608,59.506557,0.0
28.753244,89.98292,0.0,-86.663155,-94.080215,0.0
47.806763,-92.789314,0.0,79.72132,51.213383,0.0
45.07303,69.743286,0.0,-20.151,51.896572,0.0
-32.207386,-21.021315,0.0,-99.3198,90.582085,0.0
91.252014,43.832607,0.0,80.13439,64.36604,0.0
-75.781395,-27.849852,0.0,90.16635,55.558052,0.0
1.9815675,82.49298,0.0,47.932648,52.129345,0.0
68.50625,-85.580986,0.0,-42.591526,45.794136,0.0
49.061947,29.088438,0.0,98.49993,94.526955,0.0
-68.07401,-58.963432,0.0,57.710365,-66.56083,0.0
63.661007,37.64718,0.0,82.73559,42.836323,0.0
-3.1069653,7.3051953,0.0,-17.291649,-73.17063,0.0
-36.74417,-81.316216,0.0,63.240803,94.41986,0.0
-45.893642,-35.91777,0.0,-87.401306,95.520996,0.0
75.90194,-34.426647,0.0,-70.02132,-55.867992,0.0
64.057175,44.743713,0.0,-59.92135,-39.031963,0.0
55.147194,-25.194918,0.0,-8.962578,93.0986,0.0
16.082705,73.694435,0.0,-66.91502,89.69897,0.0
-41.992794,-16.212667,0.0,64.441925,41.568474,0.0
69.3479,-98.38846,0.0,-3.8598917,-13.060688,0.0
21.715742,23.295944,0.0,-97.99733,76.079216,0.0
94.558846,-9.548143,0.0,41.11898,57.53133,0.0
60.30201,78.00908,0.0,55.66383,20.32396,0.0
23.649103,52.620964,0.0,-56.341022,33.173534,0.0
14.419966,-84.723785,0.0,-78.10002,-91.57096,0.0
96.07697,31.993252,0.0,15.49068,76.70794,0.0
-11.529253,89.469406,0.0,44.41339,-53.097878,0.0
-1.0831628,79.12877,0.0,91.50035,35.98757,0.0
-90.073204,-69.80626,0.0,-82.75939,46.064163,0.0
34.435646,83.05937,0.0,33.661213,35.392765,0.0
98.974106,-77.76492,0.0,-64.138466,-40.60335,0.0
74.48677,-95.30478,0.0,38.134296,-59.565037,0.0
-81.42911,14.420183,0.0,47.43244,-34.714493,0.0
-72.08976,-59.243557,0.0,-74.14775,26.14062,0.0
-17.092413,-27.054026,0.0,-43.185112,88.55386,0.0
-24.854809,50.926434,0.0,-20.112078,88.97649,0.0
22.138174,94.31478,0.0,61.849525,-94.85727,0.0
-44.06771,79.90987,0.0,45.64616,-12.650079,0.0
-13.602615,-29.639414,0.0,-58.147118,89.13434,0.0
-44.29921,-95.72992,0.0,89.71687,-69.243034,0.0
27.48049,60.36518,0.0,-6.7250834,-27.666784,0.0
-7.8515577,91.096176,0.0,-37.31788,80.49071,0.0
76.22431,-52.82561,0.0,18.325665,90.39509,0.0
34.356754,-58.115757,0.0,74.25648,31.8979,0.0
-10.027497,-39.30574,0.0,-84.93272,-66.61814,0.0
42.8054,6.0182614,0.0,61.44987,-75.39662,0.0
47.74064,69.27236,0.0,-10.722917,12.073999,0.0
53.329964,-65.86781,0.0,90.14561,50.337044,0.0
86.96888,23.6043,0.0,49.920918,16.830837,0.0
-60.249287,23.418848,0.0,93.533325,37.73175,0.0
-27.510107,83.33437,0.0,52.22631,58.76671,0.0
-71.613945,41.55267,0.0,76.58942,-44.402622,0.0
-73.816864,-66.8861,0.0,-79.44881,-39.988342,0.0
30.84155,56.071835,0.0,-97.062294,-56.202652,0.0
-78.94937,87.38595,0.0,-62.23463,25.045774,0.0
-61.771606,44.212795,0.0,88.56198,2.5304523,0.0
-91.73568,65.78053,0.0,-16.643972,80.01845,0.0
79.04761,-54.657345,0.0,-75.16871,9.615772,0.0
2.1715348,-24.300095,0.0,-47.65276,27.583893,0.0
54.25312,-92.88773,0.0,7.4973745,-29.112682,0.0
8.699681,54.551193,0.0,64.252266,56.393967,0.0
-23.275705,24.485079,0.0,-33.28568,-36.585598,0.0
53.11487,5.617866,0.0,43.294155,-54.479534,0.0
65.91454,-63.951733,0.0,-57.54988,-73.8541,0.0
-14.141017,62.84547,0.0,-22.232697,70.18617,0.0
51.662136,-89.39169,0.0,86.61774,51.536125,0.0
-9.493268,1.3107623,0.0,-93.468994,-86.13675,0.0
-76.00651,0.081859164,0.0,79.56703,29.618746,0.0
-15.47381,87.88047,0.0,-81.90017,7.7578707,0.0
-90.921196,13.856234,0.0,80.32778,73.43378,0.0
85.610085,22.184973,0.0,67.111855,-28.905577,0.0
-63.77592,82.0728,0.0,-10.474941,18.697178,0.0
-88.33474,-13.645667,0.0,70.88929,12.853649,0.0
93.95539,7.13083,0.0,-96.01827,-18.5897,0.0
46.65995,-62.329777,0.0,-92.400185,-40.959614,0.0
-59.862892,-35.445503,0.0,-24.78914,-37.93197,0.0
-74.31748,71.56974,0.0,32.97706,-31.307974,0.0
-5.62933,-22.031155,0.0,-34.368896,76.69081,0.0
64.59263,-49.523426,0.0,-94.157875,-89.83174,0.0
46.924744,-50.00077,0.0,-96.72924,98.86161,0.0
-92.55521,-96.17195,0.0,-37.48977,28.555277,0.0
35.995213,-27.484755,0.0,36.724934,-77.46938,0.0
-88.52095,8.395233,0.0,35.135735,39.22936,0.0
-10.102818,-10.885436,0.0,54.71458,75.02037,0.0
38.76136,-50.679874,0.0,43.700138,85.58215,0.0
35.176777,-56.640873,0.0,43.92124,-92.5006,0.0
6.7031054,53.886597,0.0,86.24811,51.813663,0.0
37.408546,29.076267,0.0,-77.90538,97.140526,0.0
7.5027776,-77.80619,0.0,44.463062,38.74074,0.0
75.97707,-98.488594,0.0,54.688942,78.1889,0.0
-68.02059,13.618414,0.0,64.28793,-92.2527,0.0
-32.570896,63.9943,0.0,-81.86323,-58.13445,0.0
-49.168423,10.681439,0.0,95.343254,35.42085,0.0
16.686485,-36.908173,0.0,-98.13562,-3.3035214,0.0
-45.88122,47.238186,0.0,-37.328323,52.955116,0.0
-12.7188015,-74.212204,0.0,66.1924,8.4059515,0.0
43.013866,32.45537,0.0,36.84186,-36.709614,0.0
-41.685497,-22.839344,0.0,-55.46119,10.889713,0.0
-64.35625,63.795425,0.0,0.40377325,-84.281044,0.0
-51.17579,-16.325361,0.0,19.637373,-70.837585,0.0
-91.145485,39.336975,0.0,99.31017,-54.435333,0.0
77.3722,-98.79995,0.0,93.56906,-59.251488,0.0
92.69282,-66.46292,0.0,51.8821,-59.95353,0.0
-50.69545,22.101194,0.0,50.750763,46.571033,0.0
2.196711,-94.223206,0.0,90.387314,11.404008,0.0
36.15334,23.961864,0.0,80.49583,-39.511993,0.0
-44.40952,35.75071,0.0,10.252288,83.478424,0.0
12.961726,13.658134,0.0,36.840206,46.69371,0.0
-78.1223,60.350338,0.0,70.75724,68.89373,0.0
77.27346,-71.86086,0.0,29.797722,-74.566124,0.0
-51.64676,73.295654,0.0,-21.147858,-97.92738,0.0
47.01856,5.017689,0.0,-26.063526,47.16179,0.0
40.419247,57.060913,0.0,38.615154,-56.534412,0.0
94.39777,89.17351,0.0,29.170298,67.958275,0.0
45.380867,33.039803,0.0,70.501305,-83.477554,0.0
-43.17148,-43.35006,0.0,-82.55568,90.67716,0.0
-48.822945,-92.08402,0.0,22.053679,81.01709,0.0
31.205261,-77.39455,0.0,63.964333,58.53324,0.0
61.446167,-90.04062,0.0,-50.221092,98.327446,0.0
70.17924,35.14773,0.0,-61.206123,-27.583708,0.0
-73.61213,-21.314756,0.0,67.34119,-79.48148,0.0
11.762439,-72.9727,0.0,38.629887,64.18982,0.0
-89.53013,83.56964,0.0,-62.328857,-18.8261,0.0
-34.566032,44.468056,0.0,92.57594,73.00153,0.0
-77.26935,94.944695,0.0,49.82338,-47.897526,0.0
-81.96027,77.140724,0.0,-61.42446,58.742798,0.0
-89.02989,26.282402,0.0,66.9537,64.24185,0.0
-87.62731,-96.474686,0.0,77.346436,-34.873455,0.0
-15.352106,58.574474,0.0,-48.876926,-3.3395815,0.0
-45.770153,3.978184,0.0,-75.78684,27.782087,0.0
-51.948402,-36.786438,0.0,53.167774,-35.344616,0.0
-48.85109,-75.155876,0.0,-82.05923,-17.735218,0.0
50.475807,-67.89121,0.0,-58.54731,20.716425,0.0
33.917156,-45.840034,0.0,45.77731,-5.2679996,0.0
-53.35596,15.854708,0.0,48.62995,-59.280487,0.0
-43.69347,-51.16914,0.0,79.67015,-94.33657,0.0
45.023163,84.72861,0.0,-89.001884,-45.27139,0.0
-59.47161,49.363106,0.0,-89.93468,-43.486557,0.0
18.704994,62.401108,0.0,-90.706276,-0.3174571,0.0
-36.912872,-74.77037,0.0,-37.729244,-88.567764,0.0
75.44754,77.93584,0.0,-38.681835,74.14563,0.0
87.19624,-45.361103,0.0,-41.576847,65.07375,0.0
88.574,-63.466484,0.0,-92.56286,-1.6007504,0.0
47.210804,2.5957646,0.0,47.732414,81.45791,0.0
96.237366,-66.86421,0.0,-75.72335,-8.794298,0.0
11.381276,87.30506,0.0,-95.05709,-36.731636,0.0
-77.712814,58.40745,0.0,-70.546776,82.61153,0.0
20.884266,-32.4018,0.0,-36.467308,54.386723,0.0
54.8513,-76.31175,0.0,-10.193982,-38.362225,0.0
68.9414,94.30247,0.0,-76.1095,11.809181,0.0
-33.06795,84.31634,0.0,64.255615,-91.44113,0.0
-95.69092,41.69659,0.0,66.856735,-37.258045,0.0
5.425428,-99.25447,0.0,-12.899859,-68.45532,0.0
-17.325747,54.22088,0.0,23.94825,47.733074,0.0
87.30385,-5.899491,0.0,72.50935,81.580635,0.0
98.13243,-3.7334876,0.0,23.110558,-24.559952,0.0
90.398834,-9.068325,0.0,65.98557,24.845148,0.0
-61.196087,42.684635,0.0,-33.40139,-24.863405,0.0
1.1404355,-23.347975,0.0,-53.510273,-21.764296,0.0
38.480877,-65.30568,0.0,-82.32752,43.44385,0.0
71.16175,8.350637,0.0,56.63706,-81.20033,0.0
34.170185,-13.296852,0.0,0.55006427,51.173508,0.0
85.919495,-21.200766,0.0,68.520836,49.422573,0.0
98.95779,-21.535603,0.0,-78.3681,7.358861,0.0
69.912544,89.96654,0.0,-13.240947,94.93626,0.0
-20.608362,-82.1787,0.0,-99.46916,-38.643467,0.0
23.83876,67.031075,0.0,-94.43024,15.471817,0.0
-44.714542,66.19007,0.0,17.75912,-35.877693,0.0
38.963833,-57.756813,0.0,-32.262966,8.455017,0.0
-95.39088,17.81419,0.0,-75.58579,-57.23903,0.0
-41.100887,26.777473,0.0,-96.75874,-62.393738,0.0
-70.650505,-18.771568,0.0,44.40583,-95.63043,0.0
73.58699,-63.770916,0.0,-71.03518,11.73799,0.0
-12.666709,94.71811,0.0,54.742832,23.16583,0.0
-31.361189,-46.920895,0.0,-60.735043,-97.406746,0.0
65.40484,-45.443077,0.0,84.34852,60.067593,0.0
66.529236,-91.625015,0.0,60.725998,-41.90117,0.0
-84.40281,91.16193,0.0,23.338266,-70.52837,0.0
44.73758,-5.0572386,0.0,76.887375,-3.2070413,0.0
52.09241,-36.046127,0.0,-45.728615,46.093395,0.0
68.65068,-65.926025,0.0,-68.34394,41.26692,0.0
-39.235188,-66.51365,0.0,-99.41793,-88.15539,0.0
18.142805,46.16255,0.0,96.78173,68.081116,0.0
81.6475,-74.23761,0.0,87.45984,85.75058,0.0
-77.3079,-89.316666,0.0,42.591763,87.06846,0.0
28.303635,47.96991,0.0,-61.967297,57.922794,0.0
-19.537735,-17.199865,0.0,-33.236088,11.547951,0.0
32.974663,-59.68018,0.0,-95.94821,14.646594,0.0
94.57908,32.687828,0.0,47.349667,3.7812319,0.0
-50.180172,-48.728283,0.0,37.72252,71.95009,0.0
23.54314,-66.161766,0.0,-16.994352,65.71849,0.0
7.7360764,-26.036991,0.0,-56.369133,43.346115,0.0
-67.05873,-33.956985,0.0,-59.023746,75.56602,0.0
76.542046,-41.927624,0.0,-85.17762,-37.3785,0.0
-75.64948,-88.60019,0.0,60.562744,-53.854515,0.0
20.79827,-76.86223,0.0,90.27268,10.932485,0.0
-4.757354,-64.42013,0.0,76.2547,39.45772,0.0
-87.89695,30.508062,0.0,-89.12507,-10.8168125,0.0
-14.458159,9.098834,0.0,-88.574066,57.85084,0.0
-8.491493,-63.274055,0.0,-32.710754,43.125877,0.0
21.972572,-29.322672,0.0,60.655056,22.949434,0.0
72.514015,-99.052925,0.0,28.740211,-5.2750864,0.0
-65.96708,-10.163512,0.0,-4.525276,-87.04689,0.0
48.32519,50.41879,0.0,90.32984,32.698864,0.0
80.01304,46.65544,0.0,-43.956833,-9.419753,0.0
-43.185352,-59.82249,0.0,52.538395,30.067549,0.0
68.65189,-94.54247,0.0,-53.963745,80.98368,0.0
45.343185,79.37097,0.0,-66.39123,91.911125,0.0
-53.942253,19.678078,0.0,-67.784225,89.18436,0.0
-80.24445,19.461273,0.0,66.03862,71.66958,0.0
-42.958645,78.89358,0.0,34.588955,67.02725,0.0
-42.870354,30.296719,0.0,79.95888,-46.83769,0.0
-64.43816,99.87281,0.0,-8.37469,74.69566,0.0
-42.752728,10.738576,0.0,24.372543,-12.723212,0.0
22.872175,-86.823814,0.0,86.83891,44.236877,0.0
1.7305666,-62.31539,0.0,-43.179035,16.60427,0.0
-49.325043,-30.59265,0.0,-32.774998,-32.075512,0.0
68.34372,15.249382,0.0,-95.06466,-27.505281,0.0
-67.673645,63.952698,0.0,26.132982,-30.872631,0.0
38.452747,87.75934,0.0,-48.174454,97.73062,0.0
21.952938,-75.182846,0.0,9.045793,61.543865,0.0
-24.530598,74.08118,0.0,56.275814,61.672703,0.0
15.311236,66.893425,0.0,-75.72925,-91.71834,0.0
-73.29351,34.803104,0.0,-69.75533,-23.28803,0.0
35.752983,-28.496979,0.0,-42.01926,64.133995,0.0
83.64806,18.634996,0.0,70.33758,-22.924145,0.0
-40.9652,61.21518,0.0,-29.019308,69.80044,0.0
-98.171,-0.92960864,0.0,-70.59206,-35.60792,0.0
-80.15314,15.752678,0.0,61.09902,-47.646698,0.0
85.06036,28.507145,0.0,63.389442,6.542639,0.0
-87.50163,-80.339165,0.0,37.533516,87.345505,0.0
-97.579094,34.29549,0.0,20.82694,50.498978,0.0
-0.72155625,-93.74679,0.0,-39.270355,-18.373745,0.0
-58.15204,-12.966539,0.0,-64.346275,3.3349328,0.0
-3.3136928,-37.064075,0.0,-44.311245,74.84956,0.0
-97.5695,68.659706,0.0,-44.161404,-96.70321,0.0
-79.05713,-24.182304,0.0,61.602337,-46.85721,0.0
-31.799814,-58.899464,0.0,-73.24633,-80.2699,0.0
1.2168229,-79.6901,0.0,5.624487,-22.598482,0.0
-83.914604,-55.625782,0.0,-16.78535,-35.059025,0.0
-40.499825,53.47955,0.0,-98.53293,-13.504465,0.0
-70.42697,96.73609,0.0,8.409095,-94.71639,0.0
75.93091,25.781979,0.0,-99.07492,-1.5499147,0.0
97.38239,24.225863,0.0,-52.768845,-19.830431,0.0
76.057205,-73.83448,0.0,-45.459003,64.24157,0.0
-60.9757,-53.429676,0.0,55.813625,-91.466866,0.0
-86.78006,-88.952736,0.0,-99.73881,11.166142,0.0
18.497885,95.16871,0.0,60.56465,-84.94653,0.0
95.237404,-47.597458,0.0,-86.16722,-9.074947,0.0
56.533897,76.425865,0.0,77.21262,55.282623,0.0
-26.439777,-97.69846,0.0,-50.95732,96.1459,0.0
-40.942432,99.87649,0.0,-73.26323,67.57535,0.0
-85.92952,45.22425,0.0,0.27860573,-98.70473,0.0
62.95643,-26.261538,0.0,-39.84036,-26.562378,0.0
-53.817696,-99.85712,0.0,47.80358,5.48321,0.0
-98.75484,-95.48642,0.0,38.958508,-44.26329,0.0
-37.945583,18.262268,0.0,39.68858,17.135517,0.0
-17.430147,8.987649,0.0,45.99489,-73.38897,0.0
10.973292,96.1052,0.0,-25.852558,20.54665,0.0
-52.16871,-47.22302,0.0,-19.26806,87.637634,0.0
56.525696,29.877024,0.0,57.48745,-49.434635,0.0
59.986233,12.032984,0.0,-94.102776,45.68965,0.0
-27.043236,12.139567,0.0,-80.91931,78.36769,0.0
-57.55222,-71.9197,0.0,-84.1225,-15.53738,0.0
-47.070942,95.72002,0.0,-14.192769,-6.4831185,0.0
-35.607136,90.19716,0.0,73.38774,61.178375,0.0
-77.14107,-41.78423,0.0,-74.09468,68.59448,0.0
39.965736,91.7108,0.0,69.85375,33.97817,0.0
-12.540302,-90.58592,0.0,66.88615,5.2126937,0.0
-39.611946,-40.73381,0.0,-54.67514,-45.669453,0.0
37.069725,45.563293,0.0,88.73825,52.18405,0.0
27.0554,51.45592,0.0,-32.92369,9.277534,0.0
-95.05365,-68.58859,0.0,-86.18646,-1.2335571,0.0
83.67951,29.957607,0.0,-79.31318,-19.594555,0.0
71.078705,56.59997,0.0,63.24539,97.959496,0.0
-27.54808,-98.09299,0.0,68.61596,-62.759583,0.0
-98.60587,63.59618,0.0,85.23411,39.12139,0.0
66.04706,-22.898489,0.0,-99.56823,-66.76628,0.0
-39.644154,69.51296,0.0,51.78639,-40.58389,0.0
-83.07725,-51.988678,0.0,-35.082966,-52.580578,0.0
-79.58585,79.75726,0.0,-13.134001,-30.616573,0.0
-33.97784,-99.99888,0.0,10.420537,-27.167414,0.0
71.19578,-46.82929,0.0,-59.14411,-90.41759,0.0
33.606186,-84.067665,0.0,84.23164,-28.694986,0.0
-90.64532,-57.566708,0.0,-47.96409,58.762394,0.0
73.98022,28.967539,0.0,99.402145,-28.501888,0.0
-82.39957,33.09291,0.0,-79.0354,-61.835064,0.0
-56.806465,-38.055496,0.0,-84.305244,22.521278,0.0
-52.76532,-75.88806,0.0,-48.86856,22.365261,0.0
-38.930813,-88.38775,0.0,-24.573055,92.22473,0.0
-99.25539,-63.174976,0.0,12.820678,-73.133064,0.0
76.39766,-11.316265,0.0,37.719048,-55.33343,0.0
56.30111,66.98954,0.0,-31.933084,-80.96774,0.0
-68.46181,-18.768475,0.0,-61.890873,-39.121445,0.0
21.720533,66.949814,0.0,79.09408,56.166374,0.0
26.245834,-82.22643,0.0,35.78787,25.056658,0.0
-94.52816,-38.465473,0.0,73.06369,-89.871475,0.0
-89.06555,55.396328,0.0,41.99234,-64.7655,0.0
-54.66369,61.591663,0.0,-74.74329,51.631,0.0
53.180016,47.699497,0.0,-4.850062,-32.829716,0.0
-42.896313,18.429768,0.0,27.686705,3.3188636,0.0
-96.75544,58.482147,0.0,24.467146,-97.502335,0.0
28.431173,-80.23823,0.0,44.321136,61.325466,0.0
-73.298645,64.59583,0.0,78.19984,92.00773,0.0
-55.001198,-3.4086816,0.0,47.52175,56.278072,0.0
-36.598835,36.528076,0.0,31.19235,-48.822834,0.0
83.87986,-13.480838,0.0,34.173386,-81.693565,0.0
-81.12279,-92.77575,0.0,-63.905964,2.2709148,0.0
-77.42612,-76.9968,0.0,-69.75834,85.234146,0.0
-32.92568,-64.58355,0.0,-80.31516,91.34408,0.0
30.055061,-13.104475,0.0,36.645027,86.15044,0.0
55.382626,96.096985,0.0,-84.1908,-96.88026,0.0
-40.463364,-78.258415,0.0,-8.799753,-66.093605,0.0
4.3286576,68.92274,0.0,9.15737,-23.974478,0.0
-37.24357,-71.63112,0.0,-57.239758,-78.89727,0.0
45.825718,23.12785,0.0,-47.281876,-37.92512,0.0
-43.69609,24.868917,0.0,-48.966988,-21.657738,0.0
88.20171,-85.79393,0.0,95.86232,-16.073084,0.0
-10.531883,46.164886,0.0,83.25371,1.9334158,0.0
-22.856773,-96.688126,0.0,-7.8002367,-68.01346,0.0
28.380617,17.684551,0.0,25.631502,-96.04648,0.0
97.68501,-30.153433,0.0,-17.627056,71.76359,0.0
8.051008,-30.313517,0.0,-30.201815,-73.712425,0.0
-86.518936,84.53992,0.0,-78.161766,57.301453,0.0
-69.814095,-91.43308,0.0,-15.908935,-34.110023,0.0
34.706566,-34.59889,0.0,-24.492523,-82.5262,0.0
-98.51205,-31.920881,0.0,65.59853,-20.074978,0.0
89.79035,-51.316757,0.0,95.616875,10.227327,0.0
2.0295362,-78.83699,0.0,-61.502388,32.40062,0.0
30.119087,21.396128,0.0,36.90899,-53.79779,0.0
-22.326628,19.28201,0.0,0.13932407,96.32213,0.0
-36.01538,-58.60649,0.0,-26.879713,75.79291,0.0
42.33364,4.0494943,0.0,3.3012822,-84.70594,0.0
-92.465004,-2.348285,0.0,28.406597,69.41145,0.0
80.16065,-89.48325,0.0,-74.41178,-22.553942,0.0
22.739521,24.0679,0.0,-81.71616,92.104416,0.0
-44.627373,-96.929085,0.0,-15.331948,-2.9520335,0.0
57.398014,-33.147324,0.0,76.24991,22.982014,0.0
90.74697,65.48009,0.0,79.880585,-35.872536,0.0
91.64768,30.113806,0.0,-6.8266,61.75716,0.0
-12.190008,98.67299,0.0,-34.220135,45.50357,0.0
69.6174,8.766053,0.0,55.544514,-65.88284,0.0
-80.89867,-52.578663,0.0,35.202896,89.72,0.0
-9.958375,-99.7734,0.0,-13.755058,-27.260574,0.0
-91.94635,-26.270393,0.0,-49.24585,-93.48089,0.0
84.788994,-6.0862837,0.0,2.591189,-27.459597,0.0
74.049545,31.115679,0.0,41.763187,-81.56766,0.0
-59.10361,-88.29857,0.0,99.65035,-28.277792,0.0
67.41651,57.276955,0.0,-20.246675,65.75955,0.0
-97.6851,-26.170027,0.0,78.56371,35.27222,0.0
-83.06309,-34.807743,0.0,-49.74003,19.091038,0.0
55.22196,-97.2681,0.0,22.345152,-17.773441,0.0
-71.46752,-3.9002357,0.0,-68.68497,22.985352,0.0
-91.13122,-28.634289,0.0,-53.888855,76.22619,0.0
69.02706,-70.00873,0.0,67.72121,84.77403,0.0
-57.201065,-43.34312,0.0,-19.937433,62.373222,0.0
-6.303496,-83.78703,0.0,64.272194,-33.33155,0.0
5.22559,48.574463,0.0,28.823942,-26.924042,0.0
39.408424,-12.559753,0.0,46.75532,83.082405,0.0
59.88318,38.939297,0.0,-45.570972,18.046127,0.0
74.982086,9.269993,0.0,57.722942,58.986515,0.0
-78.14262,-79.30568,0.0,-41.400337,-74.84728,0.0
38.517403,35.393097,0.0,10.427356,90.50434,0.0
-75.86314,77.39365,0.0,49.589256,-9.433349,0.0
-54.158756,-71.27053,0.0,82.57635,33.79061,0.0
-81.14794,26.345415,0.0,-82.64881,-72.53262,0.0
37.126694,81.62141,0.0,-42.44153,-42.89511,0.0
62.140686,77.8535,0.0,-56.562572,-33.19914,0.0
14.448301,46.164158,0.0,65.73132,75.27091,0.0
-54.43985,-60.129974,0.0,-14.913763,51.098934,0.0
14.773842,-93.63853,0.0,8.583268,61.18808,0.0
-55.619205,96.65241,0.0,-90.05301,83.06208,0.0
-79.08817,-6.157379,0.0,-21.140781,-95.61028,0.0
-62.875904,51.42923,0.0,82.213425,-13.976388,0.0
-42.973297,-32.49339,0.0,-94.61805,-58.187645,0.0
70.32996,70.3279,0.0,-89.979614,-95.55061,0.0
-6.811655,-25.818857,0.0,-29.058064,61.175884,0.0
-41.28515,61.870003,0.0,-32.175194,-20.033602,0.0
-32.683243,71.549866,0.0,2.0133321,-81.71103,0.0
98.64058,26.95172,0.0,65.97949,25.185616,0.0
-17.875229,-33.05397,0.0,13.720823,-28.799686,0.0
60.301212,-40.114582,0.0,-76.537094,-32.57185,0.0
-91.26004,-79.212975,0.0,71.66351,9.635751,0.0
-67.704094,-28.007982,0.0,76.617645,-15.286819,0.0
4.1002107,72.09842,0.0,35.036327,-94.5102,0.0
-32.37968,-31.083755,0.0,86.2612,72.31652,0.0
53.839844,-50.72386,0.0,15.786445,64.471794,0.0
-6.300927,78.88936,0.0,-74.65017,-65.12429,0.0
89.27749,10.560932,0.0,-87.15338,18.658304,0.0
-73.16666,69.86472,0.0,-30.278275,-23.019527,0.0
-61.103165,-52.556995,0.0,98.7571,-55.172203,0.0
-11.099264,9.036012,0.0,68.05726,-34.70287,0.0
-48.933125,-31.080198,0.0,97.13399,14.423856,0.0
-87.25533,69.19239,0.0,21.495682,-23.911108,0.0
-70.31124,-82.37366,0.0,-65.15897,0.3015432,0.0
38.264065,-28.468357,0.0,6.359506,10.814601,0.0
18.873384,-68.411934,0.0,97.81517,98.097824,0.0
-68.14135,39.37536,0.0,20.428885,49.20261,0.0
-77.2207,56.508873,0.0,39.62604,-49.36863,0.0
36.00893,-93.19181,0.0,-82.305885,-39.649975,0.0
30.84975,-95.52215,0.0,-77.3857,-3.8308158,0.0
35.536396,-43.475502,0.0,-81.45469,71.15319,0.0
42.794014,97.888885,0.0,-18.406927,50.061985,0.0
38.727455,-96.138725,0.0,0.98995066,12.903251,0.0
-68.72757,50.35964,0.0,-5.113015,-33.244682,0.0
-90.34449,-45.290962,0.0,-31.843994,99.14053,0.0
31.2574,44.359863,0.0,-4.014509,93.64145,0.0
-72.53516,48.9218,0.0,-86.05935,-81.27281,0.0
-14.762315,90.56319,0.0,-39.704403,-89.70615,0.0
-77.36806,-66.215706,0.0,46.127625,-18.11057,0.0
-67.67046,-81.84563,0.0,51.38136,93.620636,0.0
13.356335,83.61778,0.0,-64.3735,-88.546295,0.0
-11.693901,77.54085,0.0,-29.816996,-76.58659,0.0
-66.5605,30.70571,0.0,-37.08606,-48.41565,0.0
-31.31388,-19.819454,0.0,88.063225,-41.264717,0.0
-27.426382,13.87011,0.0,-59.97521,22.738771,0.0
82.36353,-95.765114,0.0,-10.185977,-25.88092,0.0
92.699844,3.806453,0.0,35.50845,-37.627228,0.0
85.93853,42.67878,0.0,-24.879555,-86.517845,0.0
50.820644,-52.8314,0.0,-95.149414,-20.54587,0.0
-97.27717,-35.002514,0.0,86.45852,-39.190945,0.0
-30.712091,-46.968445,0.0,16.936699,-92.45046,0.0
-27.741142,84.469345,0.0,-86.06469,34.661453,0.0
-8.747382,19.043068,0.0,27.125193,12.909736,0.0
-70.25405,98.59988,0.0,61.430927,76.76853,0.0
-28.057062,-30.664293,0.0,-65.05913,2.7216485,0.0
-75.49617,-57.59443,0.0,-94.091606,-13.212951,0.0
88.08916,-94.75418,0.0,57.852364,-22.837343,0.0
88.73603,-85.987595,0.0,-4.767976,83.91585,0.0
-48.619953,-31.56153,0.0,71.32938,-73.77246,0.0
20.647593,72.09054,0.0,-54.253746,91.41042,0.0
46.374973,57.48824,0.0,43.828644,45.288628,0.0
-64.74628,-66.20841,0.0,55.928898,-39.593964,0.0
-71.6378,-93.87229,0.0,83.191574,9.675494,0.0
6.1195545,-62.936684,0.0,-99.69977,-46.80717,0.0
69.381516,8.441808,0.0,-57.666595,64.69708,0.0
-47.771423,89.35058,0.0,-65.80289,32.18369,0.0
-1.2376662,-35.72756,0.0,-69.276726,93.962364,0.0
-37.44213,52.848305,0.0,-60.2009,-69.21109,0.0
-96.56903,36.411613,0.0,-28.3822,16.790068,0.0
96.45188,37.135323,0.0,95.096405,-88.52231,0.0
-77.40157,32.646988,0.0,-90.26236,-43.441956,0.0
32.12811,35.978374,0.0,80.29509,62.5409,0.0
99.022545,-6.5996647,0.0,-34.075703,-21.337606,0.0
-87.110466,49.622013,0.0,-26.413631,-35.318195,0.0
-1.0935338,-83.80732,0.0,18.183355,46.464474,0.0
-1.4928811,-93.25373,0.0,74.65879,-67.83687,0.0
-91.818924,-38.378414,0.0,-49.47955,-7.4416323,0.0
85.20764,93.38238,0.0,47.881104,-61.957695,0.0
-21.866789,50.743294,0.0,91.12113,9.071461,0.0
86.626465,51.329094,0.0,-14.89388,-69.53182,0.0
24.963484,-89.398506,0.0,-7.0137672,-16.481571,0.0
91.39681,38.274178,0.0,89.06815,-26.420647,0.0
-27.891651,-91.22125,0.0,13.402885,-25.32147,0.0
-43.519238,66.00922,0.0,-3.6832862,16.152632,0.0
-55.27619,-87.1583,0.0,38.646206,56.85849,0.0
-74.32891,19.648466,0.0,-43.34013,85.77131,0.0
6.8078523,-32.925964,0.0,32.378605,-21.457647,0.0
-97.92393,79.34034,0.0,-38.610043,71.09928,0.0
-31.200916,-63.273567,0.0,37.673298,-23.180767,0.0
89.52223,8.128875,0.0,-59.16052,-53.03613,0.0
1.2378151,47.965843,0.0,60.41236,31.3652,0.0
-83.226074,-35.728863,0.0,38.275963,85.44821,0.0
98.05527,98.61294,0.0,-67.126175,-97.03766,0.0
-22.044495,-28.991686,0.0,-16.290308,-31.471855,0.0
24.540289,-16.619476,0.0,-22.652025,54.515297,0.0
42.43448,-20.632208,0.0,-15.893604,15.46476,0.0
9.557538,62.978516,0.0,-31.624243,98.16986,0.0
15.550781,-34.607384,0.0,-42.699734,66.093864,0.0
-49.213345,-88.061676,0.0,7.8036294,-32.774994,0.0
-11.481236,-88.24598,0.0,94.020805,30.051395,0.0
-72.964615,34.149593,0.0,-75.16798,-39.174244,0.0
-46.942814,54.906895,0.0,20.4898,-72.2729,0.0
16.007341,92.01586,0.0,-41.297474,43.140587,0.0
67.04912,-34.5817,0.0,-2.3879693,88.228065,0.0
-29.195358,-96.37389,0.0,77.21233,-10.675504,0.0
11.738585,-93.08775,0.0,-27.423792,83.76665,0.0
-33.245995,12.751331,0.0,-83.66103,34.903694,0.0
92.53842,-87.37033,0.0,74.69731,-82.64739,0.0
-15.475986,45.18625,0.0,-25.81036,-62.108177,0.0
52.895184,6.808241,0.0,29.08752,-93.53891,0.0
-39.54786,-80.920616,0.0,92.82337,-43.84938,0.0
-33.93624,-69.73097,0.0,-61.925823,96.46527,0.0
94.82429,-1.6936543,0.0,45.13395,-1.9800494,0.0
-46.74567,-85.87727,0.0,-77.69273,-6.1366553,0.0
-60.602036,38.876892,0.0,64.03942,-37.109333,0.0
-56.04771,-40.83502,0.0,-2.6877573,94.42538,0.0
97.20521,-85.68458,0.0,76.16702,-96.47409,0.0
25.526567,-23.8647,0.0,58.36554,-39.10522,0.0
-92.58754,-63.796215,0.0,-5.460528,-90.685814,0.0
-50.173035,78.30483,0.0,-38.38082,21.849047,0.0
2.4082668,68.94685,0.0,15.509979,68.10476,0.0
68.513115,99.7499,0.0,-52.236984,-88.458664,0.0
62.518127,99.86248,0.0,19.305727,-60.881424,0.0
25.5511,77.349075,0.0,10.265592,-37.071075,0.0
77.611626,34.642647,0.0,41.309486,1.4985605,0.0
-98.83733,9.77758,0.0,74.18902,-54.820847,0.0
10.734153,96.71974,0.0,36.41548,-78.91922,0.0
-83.04727,-47.353798,0.0,0.16625297,80.63677,0.0
-15.732821,16.007425,0.0,-78.91348,-63.399082,0.0
-35.405037,84.06747,0.0,-93.77419,-3.4782014,0.0
59.11605,54.740257,0.0,-74.38537,14.207102,0.0
24.917065,77.53659,0.0,17.142916,-32.2737,0.0
26.504763,10.833477,0.0,41.545776,54.5968,0.0
48.44565,-83.75019,0.0,39.60294,-9.477134,0.0
57.6585,-37.39128,0.0,-0.70994353,-64.63117,0.0
34.730072,67.98717,0.0,4.070967,14.156426,0.0
29.95226,-14.705247,0.0,31.502157,-18.32366,0.0
56.997288,-35.006508,0.0,77.56444,59.457623,0.0
54.884712,50.449688,0.0,-3.4009082,-19.122465,0.0
-78.00835,9.607041,0.0,-97.260025,44.20729,0.0
46.681194,44.601795,0.0,-49.25924,-23.427443,0.0
-26.591764,20.80154,0.0,-28.572706,83.189476,0.0
42.859863,19.845625,0.0,-56.03441,32.20667,0.0
-11.150254,3.0495179,0.0,29.248379,-32.702744,0.0
92.27459,-90.06129,0.0,15.332194,-64.26585,0.0
-0.3199142,80.70162,0.0,23.486704,71.08658,0.0
92.45568,31.957764,0.0,-53.470486,-81.617294,0.0
40.187664,-55.338814,0.0,94.470146,-4.423084,0.0
-84.035736,-52.838287,0.0,80.58119,-71.72944,0.0
-85.73397,-97.24118,0.0,-35.886684,-67.13945,0.0
-94.35764,40.494984,0.0,66.14698,-55.084087,0.0
-41.210316,-42.32036,0.0,11.257967,-26.719994,0.0
35.613213,58.131065,0.0,10.169141,-67.72556,0.0
61.609703,54.966797,0.0,-24.318207,-75.11294,0.0
-76.93169,40.713375,0.0,92.51696,-6.7539387,0.0
-85.84708,-4.3567486,0.0,27.533655,67.474976,0.0
-86.99773,-59.303204,0.0,72.458374,43.691956,0.0
-62.18608,95.414795,0.0,4.0586767,88.74265,0.0
45.412636,61.308414,0.0,68.8554,-50.70947,0.0
-96.485954,-44.510277,0.0,-48.036,-79.732834,0.0
-33.780434,37.52411,0.0,-46.380276,-71.46982,0.0
11.167146,54.908638,0.0,11.527518,20.50463,0.0
-69.76812,61.101097,0.0,97.162384,-82.85361,0.0
89.04914,-59.989063,0.0,44.164413,97.232216,0.0
32.720875,-10.677746,0.0,34.28984,-76.54298,0.0
39.32909,-49.47253,0.0,25.28213,-62.62132,0.0
26.218739,-4.4820304,0.0,-99.24087,69.39134,0.0
-79.85936,31.101694,0.0,67.73105,-80.34998,0.0
49.16624,9.499719,0.0,11.86379,-69.18206,0.0
-59.38439,-36.154182,0.0,-36.9558,-78.16665,0.0
74.426575,-80.04177,0.0,-53.43866,48.883484,0.0
-93.97268,-46.189774,0.0,29.361887,68.563736,0.0
84.91138,93.758736,0.0,21.897718,-19.810345,0.0
-93.66577,22.444502,0.0,91.940926,-77.76102,0.0
21.817759,52.080963,0.0,-60.820583,-58.983646,0.0
2.4826157,-35.878998,0.0,-68.19731,26.960108,0.0
-96.31386,47.369125,0.0,-37.03658,7.891657,0.0
-47.828976,2.0341997,0.0,47.558968,-80.96975,0.0
-81.91271,26.170527,0.0,19.800568,-67.65977,0.0
4.576857,91.886345,0.0,11.18903,-68.8696,0.0
37.868027,33.52145,0.0,-86.05845,71.97029,0.0
90.10582,-59.978153,0.0,81.857895,69.68741,0.0
-76.24029,71.768005,0.0,-70.60714,13.188085,0.0
4.9350486,-90.35691,0.0,43.448326,24.755636,0.0
3.184169,-87.99251,0.0,44.122025,-81.98581,0.0
80.8491,5.6246247,0.0,-98.86828,16.38388,0.0
-50.854626,21.725714,0.0,49.788536,-37.90747,0.0
22.635336,-97.60777,0.0,92.02669,15.01883,0.0
-71.957726,55.797714,0.0,6.5258718,51.778736,0.0
90.015495,-48.37903,0.0,-0.5840608,11.032321,0.0
30.396935,-76.00389,0.0,-68.24812,-4.0468845,0.0
91.910164,80.2017,0.0,-39.10905,-16.728443,0.0
-66.96919,37.456516,0.0,-91.3236,-43.30978,0.0
99.624,-97.793236,0.0,-91.85621,-87.26527,0.0
42.144806,-84.45407,0.0,-83.79608,-93.968056,0.0
22.469746,60.145515,0.0,7.5588856,-90.679344,0.0
-21.26818,-78.54749,0.0,93.755394,-57.20152,0.0
17.371635,-38.05414,0.0,3.4730954,-74.04972,0.0
53.265472,-53.093246,0.0,63.764122,67.03225,0.0
92.71122,-7.2387447,0.0,70.39177,40.526474,0.0
0.42120376,71.88223,0.0,-36.424942,33.54763,0.0
39.16739,27.866735,0.0,-67.72728,32.860916,0.0
-94.62668,-28.92646,0.0,86.337654,-45.07431,0.0
-91.07453,25.230011,0.0,-80.22365,55.71352,0.0
-16.055412,14.077508,0.0,55.768658,36.260723,0.0
-63.27575,72.08832,0.0,-57.95268,-27.249094,0.0
98.00381,59.869717,0.0,-85.90164,30.964497,0.0
-80.669914,89.31688,0.0,89.868454,-37.957165,0.0
93.26482,58.542812,0.0,51.50017,-59.175728,0.0
-86.64059,88.4687,0.0,97.26336,-82.28636,0.0
-26.930235,92.86639,0.0,-2.0960188,-72.33261,0.0
-89.20176,-7.0758348,0.0,84.49198,92.64687,0.0
9.763026,-35.554077,0.0,-88.56125,49.437366,0.0
-40.04179,89.250694,0.0,-39.188152,-40.0155,0.0
21.566353,6.7478743,0.0,51.05646,45.79119,0.0
-68.235,34.513416,0.0,84.918236,-97.608925,0.0
-73.56537,-54.142326,0.0,41.917168,-72.82084,0.0
67.73658,59.03539,0.0,77.10098,35.53722,0.0
-91.150826,-66.19645,0.0,9.457521,67.17827,0.0
96.062065,-56.925827,0.0,12.952188,72.75167,0.0
-82.2677,50.631645,0.0,-87.39809,-2.2836995,0.0
-1.501446,-24.031078,0.0,90.276726,-53.923424,0.0
-1.6176425,9.431305,0.0,-92.58238,24.479683,0.0
-61.724743,-34.427357,0.0,-57.369358,-87.556,0.0
92.71995,-99.715164,0.0,40.767628,41.646973,0.0
4.2180223,95.17601,0.0,-84.469345,-2.0555134,0.0
-52.661293,47.028835,0.0,-58.427773,-75.12692,0.0
-45.66082,-74.15521,0.0,-39.177814,33.76286,0.0
29.823349,-35.157475,0.0,-52.25974,94.22496,0.0
-19.66743,-21.027275,0.0,0.41159323,-30.6244,0.0
-96.85813,21.553755,0.0,18.570814,-88.98133,0.0
-35.226246,-23.468315,0.0,1.1946293,-71.98002,0.0
-50.959785,-62.72558,0.0,42.047794,-92.42541,0.0
-34.992508,-91.49264,0.0,-76.84555,-44.664955,0.0
-73.5367,94.28228,0.0,79.35075,31.557314,0.0
-66.8849,60.50328,0.0,2.2730727,-94.78901,0.0
3.3303518,53.667088,0.0,37.22565,18.343824,0.0
-77.95615,12.095425,0.0,-3.6761217,8.148596,0.0
65.782974,-35.318447,0.0,25.833797,85.93037,0.0
-3.3003836,-14.170098,0.0,-85.02083,-78.76793,0.0
82.179245,-94.58288,0.0,19.308527,70.78601,0.0
45.993015,74.86448,0.0,-55.340622,33.081425,0.0
-86.780716,4.3148036,0.0,-93.30084,-4.740604,0.0
-88.200714,-15.38307,0.0,-98.0295,32.37585,0.0
-60.79991,91.60305,0.0,61.699047,-62.793877,0.0
80.445625,-61.91039,0.0,99.327705,79.72961,0.0
36.84912,-81.39227,0.0,-39.60555,3.6680567,0.0
84.99583,-91.59836,0.0,-88.49173,29.677599,0.0
20.785599,-96.27677,0.0,-9.243496,-78.50387,0.0
-22.488317,-32.151478,0.0,85.96248,86.908936,0.0
44.849575,54.14939,0.0,-74.85527,-36.632805,0.0
-60.29803,49.813057,0.0,-48.01049,-62.179733,0.0
30.369982,-41.766098,0.0,-64.283646,97.312065,0.0
90.53936,-90.55886,0.0,-68.60941,-13.171496,0.0
-13.217955,-13.7951,0.0,49.154747,93.87672,0.0
-53.462524,-49.10692,0.0,64.48412,-86.27573,0.0
5.2417307,-28.95143,0.0,19.226274,95.63137,0.0
-0.46896985,15.642792,0.0,-21.902212,84.307625,0.0
74.20536,23.165138,0.0,-39.395016,-1.8456136,0.0
-40.452976,-21.788395,0.0,-95.9123,-2.051049,0.0
-13.440668,62.594738,0.0,-59.84849,-98.92584,0.0
72.54801,-97.464325,0.0,-98.59802,22.300793,0.0
-16.369772,2.8806717,0.0,34.195084,80.25354,0.0
42.07562,-36.05198,0.0,-4.454044,-37.619522,0.0
38.850918,57.078236,0.0,70.06684,-73.240135,0.0
-69.12304,82.64247,0.0,-33.187702,-7.8117104,0.0
7.3658094,-91.95966,0.0,-71.60428,-27.860298,0.0
96.0528,-59.933445,0.0,97.90352,-63.175186,0.0
-98.4058,20.816645,0.0,-49.841232,58.578266,0.0
-44.43342,73.981186,0.0,20.988169,22.818151,0.0
3.725843,88.6046,0.0,-84.83656,-31.418657,0.0
-93.719925,-21.264261,0.0,-77.076584,-7.858046,0.0
-33.41768,43.46963,0.0,-52.630714,-26.467728,0.0
-35.745514,55.24324,0.0,-76.15079,56.10577,0.0
34.84724,72.32801,0.0,30.274036,30.435612,0.0
-97.48827,46.114296,0.0,2.2972836,50.06802,0.0
-82.388504,74.17701,0.0,-1.4320409,86.5946,0.0
51.36659,-50.593998,0.0,41.609627,-72.253944,0.0
18.23972,-63.982903,0.0,-85.258766,23.488382,0.0
-25.336916,74.9153,0.0,-57.330685,-34.921913,0.0
-17.018856,-71.33042,0.0,67.66824,27.90829,0.0
55.98315,92.63154,0.0,-0.29850596,23.167107,0.0
-56.11771,-41.984634,0.0,-61.683624,4.6838555,0.0
-26.704285,-34.649498,0.0,85.05092,-42.89759,0.0
-40.23603,82.59057,0.0,81.69813,-96.21432,0.0
-76.24823,78.34407,0.0,-43.15107,46.288895,0.0
40.269688,17.872208,0.0,-43.853813,-26.608578,0.0
22.44265,52.31925,0.0,54.198223,34.047035,0.0
32.704628,78.289185,0.0,85.502,16.053415,0.0
78.526726,94.22304,0.0,-84.3601,-17.834547,0.0
-28.546606,67.89046,0.0,61.82709,-67.49512,0.0
13.065472,68.40225,0.0,91.54363,-89.81779,0.0
67.04133,-55.330524,0.0,-11.078893,61.80792,0.0
-72.82249,38.984894,0.0,65.3925,58.023014,0.0
-93.63126,-73.543495,0.0,77.7052,67.231384,0.0
30.560175,-0.50276655,0.0,60.42575,26.271008,0.0
-26.017036,69.02281,0.0,-43.085407,-59.800953,0.0
18.36571,-34.23738,0.0,-64.982315,90.902374,0.0
48.24431,28.88531,0.0,3.9146626,-24.914299,0.0
40.180286,-96.968544,0.0,-70.73642,76.23514,0.0
26.396727,-89.54903,0.0,-51.936382,47.883823,0.0
36.5412,-65.60711,0.0,61.206352,14.279555,0.0
35.10653,-6.725638,0.0,-31.067854,25.960318,0.0
-5.4356794,72.58469,0.0,-73.819115,96.250084,0.0
-84.37236,82.865616,0.0,-76.40616,12.970878,0.0
35.750076,79.10521,0.0,-68.363556,-31.279644,0.0
-80.61523,-82.71384,0.0,60.23962,51.02337,0.0
-97.00148,75.43799,0.0,63.3615,16.39101,0.0
50.33054,-37.43783,0.0,45.9676,52.54749,0.0
84.91383,27.58549,0.0,44.57403,72.89121,0.0
63.800373,83.8744,0.0,-58.984367,59.04216,0.0
77.100075,21.640432,0.0,2.1370573,55.49648,0.0
-64.11316,-18.147223,0.0,-5.611265,-92.82646,0.0
18.272621,-66.73092,0.0,8.903673,10.746999,0.0
-25.683455,99.75446,0.0,61.528976,59.51402,0.0
-28.077423,-76.89833,0.0,-8.1925535,-2.2533255,0.0
-2.3912024,89.14812,0.0,-96.35435,-16.518812,0.0
-16.286137,11.979733,0.0,9.829996,61.830235,0.0
91.42299,-11.819937,0.0,-44.05587,72.78049,0.0
-44.469723,62.943516,0.0,10.691304,-90.549324,0.0
48.30166,-76.08294,0.0,-25.361485,51.009956,0.0
13.016382,69.126396,0.0,-87.80126,-54.649014,0.0
2.5415394,68.56213,0.0,-35.033127,-13.878293,0.0
7.9878163,84.61684,0.0,34.02667,-82.21404,0.0
-62.471973,-42.16628,0.0,37.616306,84.39482,0.0
59.806126,95.274345,0.0,72.072685,11.580816,0.0
-12.561509,-36.08296,0.0,30.698164,-75.14668,0.0
-24.31378,-80.63214,0.0,-72.49577,-87.1262,0.0
-92.59238,-81.0146,0.0,15.358491,72.74329,0.0
-61.14731,35.25142,0.0,40.554024,16.2222,0.0
-55.02549,60.72743,0.0,-13.688725,-66.52327,0.0
-35.42037,-50.66807,0.0,-18.587019,73.34169,0.0
35.931053,-85.44769,0.0,30.17928,-93.08065,0.0
27.82402,-10.43905,0.0,-94.95616,4.4969745,0.0
54.28831,11.574367,0.0,-5.9916615,-3.7980697,0.0
50.774014,82.92186,0.0,32.529293,-80.0051,0.0
-56.139458,-99.73836,0.0,62.630356,93.87657,0.0
-15.166639,-75.6224,0.0,18.37014,-33.843903,0.0
-91.40938,63.252586,0.0,-64.91424,-16.131872,0.0
51.514297,-96.71833,0.0,53.270603,-90.76161,0.0
-45.152405,93.60976,0.0,-48.973225,73.97,0.0
-25.197515,20.179014,0.0,28.014418,90.45028,0.0
84.077545,-60.846413,0.0,74.34072,-53.453953,0.0
36.152706,27.344582,0.0,30.526232,-19.831003,0.0
-40.50146,-40.73039,0.0,45.113647,-54.03479,0.0
-41.35514,-64.88094,0.0,68.5213,-78.720924,0.0
-56.444916,9.693027,0.0,-72.578255,15.126498,0.0
-0.25843948,70.17392,0.0,16.723831,79.14438,0.0
-7.947924,-39.154106,0.0,99.351326,41.846645,0.0
-90.48296,1.3135995,0.0,-55.51799,-80.35291,0.0
90.204765,66.57644,0.0,77.353966,33.441666,0.0
24.239365,77.10163,0.0,-2.8779464,99.24935,0.0
94.52584,55.757492,0.0,-70.13311,-66.06847,0.0
-11.518137,57.14863,0.0,-59.528957,41.153755,0.0
-31.685036,-74.84483,0.0,-93.2789,34.58727,0.0
-71.560356,89.56403,0.0,-64.02315,14.504082,0.0
38.67484,79.54619,0.0,61.341354,72.302666,0.0
-62.195908,-25.319263,0.0,-86.4646,-83.13275,0.0
-3.6600351,-19.868431,0.0,97.23606,64.224724,0.0
-9.801679,-13.319419,0.0,-71.08602,64.70741,0.0
-74.99538,51.301807,0.0,85.40063,67.1376,0.0
-40.99034,-56.68585,0.0,48.909504,-55.720512,0.0
41.828682,46.982033,0.0,51.95161,53.977077,0.0
-36.506096,-49.88808,0.0,66.596245,94.884766,0.0
43.06335,-64.77187,0.0,-36.877453,-53.095604,0.0
85.29606,-26.510939,0.0,-21.026468,51.296806,0.0
30.981283,-91.57103,0.0,-39.261677,34.794357,0.0
-67.76014,40.418682,0.0,-91.96729,-22.90097,0.0
83.00544,73.05061,0.0,-4.956866,-86.45027,0.0
33.034733,-85.774635,0.0,51.183987,65.995445,0.0
85.0324,-96.33619,0.0,66.77606,-70.35572,0.0
-16.087276,99.17782,0.0,95.70295,-79.106186,0.0
72.4568,-58.249348,0.0,23.812294,23.965973,0.0
-28.357574,-29.952168,0.0,26.68136,-62.975754,0.0
-79.405396,-46.9811,0.0,56.691357,95.352104,0.0
66.97872,-93.9925,0.0,-85.20677,-86.43931,0.0
-90.14697,26.500957,0.0,-50.546333,34.3222,0.0
-23.556145,79.73454,0.0,-51.207302,-42.84622,0.0
-58.349815,-5.4566507,0.0,-37.172997,-81.6453,0.0
-82.69584,-26.156294,0.0,-60.335407,-40.58431,0.0
52.703163,-78.26349,0.0,96.25152,-23.676699,0.0
64.86098,-63.030678,0.0,-91.22275,-82.57396,0.0
-49.41708,48.43581,0.0,-89.074745,26.249146,0.0
58.035564,24.927221,0.0,-31.744553,-95.478065,0.0
43.457615,-60.911674,0.0,-53.766335,-77.22468,0.0
8.927556,56.49142,0.0,-85.70218,84.123665,0.0
-7.276715,-94.40591,0.0,64.59516,87.730896,0.0
-70.960335,-53.318035,0.0,-65.73002,98.3308,0.0
63.64707,-35.95326,0.0,-68.978096,-18.765888,0.0
-16.673628,-29.272427,0.0,4.9754395,19.928026,0.0
87.29678,28.405281,0.0,47.312187,57.2526,0.0
-62.55035,46.278076,0.0,-69.56477,38.338238,0.0
-9.3271475,18.098392,0.0,84.78409,54.770615,0.0
81.23314,18.716522,0.0,86.251114,69.32827,0.0
-66.754036,-49.72373,0.0,-17.518423,23.947567,0.0
-82.26905,84.845634,0.0,99.543785,-79.54415,0.0
-87.02899,13.256487,0.0,68.98214,67.05461,0.0
-76.42275,3.4292073,0.0,-66.86593,-25.360628,0.0
-98.30711,90.022995,0.0,76.99283,81.55868,0.0
-89.731445,76.58314,0.0,-91.63739,-88.98901,0.0
27.642134,5.8116384,0.0,63.44447,60.139797,0.0
97.43919,39.405376,0.0,-35.719597,-69.74124,0.0
76.783676,1.748053,0.0,28.632292,-21.152454,0.0
93.934814,23.346357,0.0,95.58555,89.464165,0.0
5.290224,-84.56883,0.0,-68.718475,-65.10123,0.0
-72.92264,39.793663,0.0,-32.439774,-27.197824,0.0
-97.33441,70.74867,0.0,-58.35551,86.45466,0.0
-92.296074,39.689198,0.0,76.048454,-26.733793,0.0
-38.36517,-3.1884866,0.0,74.39074,-36.10927,0.0
-29.513454,10.981962,0.0,-62.39178,71.93311,0.0
-37.979248,76.28471,0.0,-24.468689,-25.272076,0.0
-71.43868,5.2605877,0.0,33.288464,72.4855,0.0
-57.894444,80.8132,0.0,67.899315,9.474678,0.0
27.773882,-93.51173,0.0,63.98884,-51.14435,0.0
46.48349,-3.4184685,0.0,-66.54875,23.214336,0.0
-57.0191,-45.804356,0.0,24.267868,47.97236,0.0
36.647556,-55.10154,0.0,-49.050488,-56.91925,0.0
-37.938885,-48.114548,0.0,12.057597,61.80798,0.0
92.59994,28.719944,0.0,-94.86311,49.69222,0.0
-85.5512,-96.27978,0.0,-64.77351,-26.930937,0.0
-93.249,27.60412,0.0,42.51119,-77.04388,0.0
-65.41003,-53.697754,0.0,-30.751371,-89.28627,0.0
-19.073711,-70.05718,0.0,-36.85816,38.64925,0.0
-77.75113,9.942183,0.0,-32.16915,62.193127,0.0
-93.13326,74.425735,0.0,76.92656,74.111694,0.0
24.99741,-14.119465,0.0,-62.29319,61.436947,0.0
-53.54985,-92.88963,0.0,75.97781,85.49407,0.0
-37.415047,79.742744,0.0,75.93167,-38.657654,0.0
35.057858,31.531273,0.0,6.622585,-35.092945,0.0
-53.01689,61.61186,0.0,-15.451567,-82.66712,0.0
-11.736445,85.37082,0.0,81.98484,-86.18251,0.0
90.569496,-11.249217,0.0,-42.211643,95.069145,0.0
-80.55656,6.8381023,0.0,-24.239376,-69.76854,0.0
-97.85373,62.60245,0.0,-51.521492,0.25399154,0.0
17.887226,59.22647,0.0,-50.97265,83.2967,0.0
56.85268,-45.190434,0.0,-19.676287,-17.349798,0.0
90.754974,-13.791488,0.0,13.714791,-77.21036,0.0
45.545288,-23.769684,0.0,-35.840633,-82.9551,0.0
-40.051655,36.05449,0.0,-91.44931,90.54835,0.0
-5.9853163,12.4848175,0.0,72.78982,-70.363815,0.0
43.003105,47.963615,0.0,-31.610092,-3.9141536,0.0
-55.886307,-46.472164,0.0,33.154427,-87.539764,0.0
71.03217,30.716236,0.0,87.266205,-71.55207,0.0
44.525177,45.284916,0.0,-70.1384,-66.11966,0.0
-13.394231,9.933612,0.0,-61.020233,-32.49719,0.0
-18.545341,-80.62292,0.0,-76.78394,-27.909258,0.0
70.92886,77.59085,0.0,13.8647175,-29.114595,0.0
12.467794,68.07008,0.0,14.140801,-25.978174,0.0
-49.148872,80.60433,0.0,-84.84754,-68.2218,0.0
-63.258595,68.17997,0.0,52.852913,-83.254135,0.0
80.83174,-30.34891,0.0,2.7978942,56.730606,0.0
52.88046,-22.585253,0.0,-60.13085,-30.483557,0.0
-59.110077,23.564854,0.0,-51.289158,86.209755,0.0
28.547852,-32.475853,0.0,-92.64335,-5.1150928,0.0
30.848797,34.099823,0.0,-63.362656,-69.453735,0.0
47.67466,-94.76637,0.0,88.65572,97.266,0.0
-48.770023,28.574545,0.0,25.041605,-36.758366,0.0
56.43007,-78.82453,0.0,47.746338,39.34219,0.0
94.59875,-0.3200088,0.0,-91.375755,-60.213257,0.0
-76.44605,9.661293,0.0,84.011505,74.2297,0.0
-96.07518,88.00398,0.0,93.295006,-39.06923,0.0
-53.77776,-56.21876,0.0,11.130022,17.076927,0.0
-26.788456,70.80488,0.0,-94.240295,6.018295,0.0
6.8619957,62.99313,0.0,59.646732,-54.15949,0.0
15.90964,59.750996,0.0,-48.29814,57.541607,0.0
24.03136,-86.26472,0.0,67.62432,-25.43582,0.0
-35.795006,-37.923016,0.0,89.78558,-7.947839,0.0
68.52941,52.260265,0.0,-44.6071,-15.224527,0.0
-68.13516,53.185677,0.0,-15.556212,-5.538683,0.0
64.70567,68.03526,0.0,64.86647,44.437717,0.0
-0.28304365,-61.852474,0.0,-61.974216,-71.8434,0.0
42.19404,68.839745,0.0,69.579,-46.954884,0.0
87.10591,-74.72861,0.0,-71.426865,-5.038204,0.0
-78.19496,23.16372,0.0,-47.37183,4.6207833,0.0
97.63312,40.13889,0.0,77.37342,94.656715,0.0
-78.566505,92.889,0.0,-15.0370655,-33.000935,0.0
55.29571,82.226746,0.0,96.15557,41.48092,0.0
-52.7155,-98.16289,0.0,-19.706833,-71.03793,0.0
31.721174,99.93257,0.0,-36.00261,-96.45247,0.0
97.51967,-77.48325,0.0,-82.66332,31.465155,0.0
33.05457,-84.260284,0.0,20.75103,-67.21365,0.0
8.90139,-94.742905,0.0,-98.37583,-90.42898,0.0
-66.72724,21.970459,0.0,-31.702246,50.20283,0.0
78.68392,-61.889412,0.0,-40.67082,-79.09597,0.0
87.92307,-55.413784,0.0,-87.86617,54.611164,0.0
-68.32493,-70.23564,0.0,36.9227,-20.045105,0.0
-58.08747,-89.28444,0.0,1.2043209,-76.07933,0.0
-99.482216,-28.99777,0.0,-62.546192,-82.37107,0.0
95.78183,94.244835,0.0,48.653507,1.6106867,0.0
-31.21721,-14.986971,0.0,66.93871,-61.47895,0.0
63.627464,20.988733,0.0,67.99903,20.549583,0.0
-48.658047,80.71294,0.0,90.1641,-73.065605,0.0
-13.042268,22.860298,0.0,-61.799294,-34.33172,0.0
-55.49007,15.579171,0.0,97.20339,38.5335,0.0
52.024986,-32.262383,0.0,-5.340397,-31.167036,0.0
-39.063034,44.481133,0.0,-88.19405,47.25051,0.0
99.309616,-86.26445,0.0,-95.42379,-33.270264,0.0
46.811783,-94.59223,0.0,-41.533035,-28.76369,0.0
58.842068,-27.92664,0.0,-2.9293365,22.320343,0.0
-20.8972,-37.632317,0.0,-7.615251,45.972755,0.0
-76.819855,84.350685,0.0,94.00673,73.03937,0.0
-26.923958,-34.406418,0.0,90.698814,86.32168,0.0
58.10946,-83.6347,0.0,-4.2596645,56.63406,0.0
96.44415,-65.64999,0.0,58.69676,95.50365,0.0
28.732218,66.409325,0.0,-74.406395,53.51513,0.0
-89.197586,52.888477,0.0,-38.659824,-89.50652,0.0
81.620865,1.2917367,0.0,-99.77579,-93.11363,0.0
-46.92544,45.50283,0.0,42.81394,95.16952,0.0
-80.25006,85.28884,0.0,41.16291,-82.840675,0.0
59.373833,-85.53783,0.0,23.970886,-91.349075,0.0
-98.89126,88.954185,0.0,88.9379,57.59543,0.0
-52.098934,12.092004,0.0,19.574562,-88.77102,0.0
92.735016,21.033937,0.0,-65.234856,-34.350407,0.0
-50.651337,-4.1040874,0.0,79.36047,-69.34049,0.0
29.171158,-71.91434,0.0,-52.787136,-12.598922,0.0
-4.937731,92.29756,0.0,-60.489784,-21.183186,0.0
-31.429506,-69.202194,0.0,-54.59894,82.24533,0.0
72.63931,-98.65192,0.0,-96.121994,-4.9781775,0.0
-6.582338,-60.281593,0.0,-29.690035,51.11283,0.0
-79.29329,99.38546,0.0,-2.0126038,64.63807,0.0
49.181534,1.2397859,0.0,-34.99979,0.9336027,0.0
72.53715,-31.909355,0.0,-59.687153,-45.42475,0.0
-40.50201,-87.77229,0.0,-60.349434,22.567352,0.0
99.497314,56.89145,0.0,93.911354,-42.00166,0.0
-12.89956,-96.41842,0.0,-82.46009,-34.714287,0.0
-52.65863,-4.322989,0.0,89.19541,14.774504,0.0
49.2646,10.783362,0.0,-84.21337,44.841003,0.0
-58.8236,-29.503792,0.0,-74.77797,-74.028595,0.0
-75.31679,-93.32952,0.0,-93.36789,-43.798077,0.0
39.559517,-23.078457,0.0,24.488997,-71.11718,0.0
15.756305,-67.314705,0.0,-27.278013,73.576164,0.0
9.1710825,-34.08399,0.0,-83.127815,-65.73778,0.0
-94.32308,86.89077,0.0,54.77197,-86.528786,0.0
57.395164,-88.72363,0.0,12.069733,45.72303,0.0
-89.00607,52.265377,0.0,-43.028286,-2.5739925,0.0
-22.257172,18.991285,0.0,38.70915,5.5105443,0.0
-22.662188,67.73579,0.0,-91.16244,-56.12082,0.0
2.1773162,-18.158333,0.0,-16.971052,95.51138,0.0
-44.09486,45.353165,0.0,-96.29423,8.140871,0.0
-58.345207,75.37758,0.0,49.47469,28.006733,0.0
-84.16864,-34.83761,0.0,-78.92249,31.52421,0.0
-37.807034,-50.221134,0.0,-38.533836,94.713875,0.0
32.414013,-83.62989,0.0,56.922585,97.083145,0.0
-61.81089,-58.1502,0.0,-84.38206,-51.94882,0.0
48.28906,-3.1326497,0.0,-76.41305,78.92829,0.0
55.08782,63.213238,0.0,70.776184,44.912483,0.0
52.09823,94.413,0.0,37.108803,-71.005424,0.0
55.72401,-63.497807,0.0,-58.395607,53.721203,0.0
25.913391,-1.4514654,0.0,-56.510372,-34.531334,0.0
-93.95005,49.245518,0.0,10.953774,52.19162,0.0
88.686775,88.84641,0.0,92.170555,95.59036,0.0
-61.842834,74.345345,0.0,-77.771866,36.27573,0.0
53.84466,-84.120804,0.0,-55.426064,29.639284,0.0
85.35816,-57.32999,0.0,67.55447,39.604942,0.0
-80.7507,17.842346,0.0,25.292776,7.615907,0.0
-48.1758,-90.93071,0.0,57.003586,30.476225,0.0
-84.26258,-93.31864,0.0,49.79979,-90.45385,0.0
45.51135,-95.446,0.0,-74.625725,-14.594304,0.0
55.48977,-34.059742,0.0,36.97486,94.7129,0.0
-67.676704,80.15492,0.0,55.99127,49.02546,0.0
99.3035,-8.536085,0.0,-15.537265,-36.478054,0.0
98.46281,9.977159,0.0,-84.85834,14.928972,0.0
99.585915,72.24637,0.0,-40.978653,-45.65656,0.0
-40.37736,-8.022662,0.0,36.151596,-8.771089,0.0
-85.03347,-90.04924,0.0,-74.50593,-76.709045,0.0
72.57352,-88.52144,0.0,-49.835808,-47.595676,0.0
49.517242,40.97116,0.0,4.477869,98.296906,0.0
-83.68924,52.917244,0.0,-72.69129,-2.8862255,0.0
78.95735,34.109264,0.0,-12.515869,74.68439,0.0
33.910755,-90.5753,0.0,-93.26927,14.825035,0.0
-54.17114,22.60523,0.0,0.2507351,-62.122757,0.0
67.33222,-37.083015,0.0,-68.60734,-49.895306,0.0
-90.13523,-57.843502,0.0,17.898294,67.85936,0.0
70.42982,-99.083015,0.0,-22.012444,80.592384,0.0
-53.246704,80.53744,0.0,85.511505,-35.67653,0.0
-46.52995,51.064705,0.0,-15.515789,99.01126,0.0
47.635906,27.506693,0.0,-62.68275,87.70926,0.0
-25.697319,95.10477,0.0,-99.32127,-38.39585,0.0
3.3321042,-22.971855,0.0,-88.59868,-23.843254,0.0
-97.69441,53.714878,0.0,48.391117,51.946922,0.0
84.79265,19.607292,0.0,-32.57236,-92.419334,0.0
-81.97121,-34.23366,0.0,-80.58753,-22.195862,0.0
66.73665,-35.211834,0.0,44.791847,-89.217964,0.0
-54.700855,-7.0380044,0.0,0.020927519,97.80205,0.0
69.19928,-51.622635,0.0,-15.823445,97.49684,0.0
-92.07325,-65.61178,0.0,21.177576,-73.583725,0.0
-22.347452,53.703255,0.0,37.2753,-21.338512,0.0
-16.879705,-79.9658,0.0,82.23392,1.5461956,0.0
55.008247,97.98954,0.0,95.46352,-75.24619,0.0
-23.79247,-79.479256,0.0,-35.366207,28.279621,0.0
95.28922,79.92835,0.0,-11.844197,70.772,0.0
-51.34004,44.709988,0.0,-36.825085,34.657112,0.0
77.41449,-93.28392,0.0,-54.57061,48.566128,0.0
8.108978,51.644173,0.0,-63.93254,-54.945564,0.0
-77.83768,79.03008,0.0,68.084335,35.76147,0.0
-77.13778,39.800766,0.0,68.2577,-77.88091,0.0
11.371752,51.212223,0.0,-46.69803,-23.314774,0.0
30.598738,-40.01333,0.0,-83.51545,-74.555336,0.0
-19.28107,89.51723,0.0,4.2701263,-83.87748,0.0
-22.923178,89.05444,0.0,57.297634,-27.392769,0.0
22.884739,21.211355,0.0,68.51609,54.200356,0.0
71.134315,-88.47241,0.0,-70.058655,-6.4898596,0.0
93.2374,31.391418,0.0,21.448856,88.5508,0.0
22.644133,13.701467,0.0,28.05992,-36.914238,0.0
-31.290709,98.73288,0.0,-32.7573,-48.72325,0.0
-20.589151,61.928043,0.0,-56.86168,-69.25563,0.0
-62.00696,-3.6404696,0.0,-58.874615,-63.630974,0.0
36.714275,57.4955,0.0,-76.51051,94.78608,0.0
-40.72999,-57.315697,0.0,52.08225,96.55498,0.0
-99.55531,82.73562,0.0,65.84238,84.48253,0.0
-37.081615,75.87181,0.0,-61.135094,-90.53096,0.0
71.0847,-25.62288,0.0,63.156227,-82.24906,0.0
-37.818993,20.300379,0.0,94.52291,23.374205,0.0
-98.95002,-60.24079,0.0,-78.41168,97.43014,0.0
74.5206,-42.050842,0.0,34.097034,-79.54488,0.0
-66.290855,-1.6781572,0.0,-6.5616264,66.5453,0.0
91.11839,-12.007427,0.0,99.723175,-52.223366,0.0
71.20063,46.381226,0.0,-57.77516,-6.635292,0.0
92.29655,43.28065,0.0,17.712368,73.351364,0.0
10.4113655,96.108116,0.0,-94.58949,83.22996,0.0
68.96723,56.151535,0.0,-88.46351,-42.41547,0.0
-46.025913,-43.390327,0.0,-56.19769,92.06096,0.0
-38.261353,-54.69372,0.0,53.69648,57.28883,0.0
82.663994,39.377186,0.0,37.25642,35.399868,0.0
33.403103,-94.34559,0.0,-11.629076,2.0031161,0.0
-91.5888,-3.9758554,0.0,-59.672104,44.523903,0.0
-43.789486,-55.400063,0.0,23.404188,51.593582,0.0
63.914726,99.36224,0.0,-63.777927,52.50883,0.0
-49.23107,64.14002,0.0,69.19026,-78.46101,0.0
31.168533,-34.83761,0.0,16.380049,10.361638,0.0
50.109867,-57.87249,0.0,-44.785873,60.525703,0.0
-6.85628,47.18469,0.0,18.6267,87.1555,0.0
-36.220726,74.47174,0.0,25.143742,-66.225945,0.0
-13.487754,59.75072,0.0,52.091343,-37.573902,0.0
55.98587,27.57092,0.0,89.0072,-13.877375,0.0
-81.941376,95.45365,0.0,96.86952,-62.867336,0.0
-1.4956288,82.97723,0.0,-60.123837,-38.468983,0.0
-52.246426,-55.372227,0.0,49.408348,-96.474785,0.0
21.965122,-91.11466,0.0,-12.33002,-72.713684,0.0
-46.74583,-9.130445,0.0,-93.49491,-33.872375,0.0
-77.4539,77.144165,0.0,-78.98848,-69.59834,0.0
57.338253,16.317867,0.0,22.036,-30.83213,0.0
9.232975,77.527374,0.0,-82.2566,11.554233,0.0
-82.52462,52.408703,0.0,-64.12806,-52.67813,0.0
-52.915577,8.010776,0.0,72.68991,7.554718,0.0
31.948881,12.672606,0.0,-86.110435,19.166985,0.0
87.220505,99.57875,0.0,-3.3429377,73.78988,0.0
44.427048,-58.710567,0.0,40.778572,22.751158,0.0
56.71676,-50.330452,0.0,88.84692,-34.817806,0.0
-88.13227,-95.4862,0.0,-10.989279,85.16113,0.0
-57.726673,-92.05417,0.0,-70.55995,93.10938,0.0
-46.827526,99.33392,0.0,-13.269551,-28.226961,0.0
34.578194,-88.39999,0.0,78.242325,-36.981968,0.0
63.360405,-58.18316,0.0,-33.168453,32.87174,0.0
-88.92318,51.26302,0.0,-38.78651,58.211754,0.0
10.982864,50.99214,0.0,-70.89961,22.809689,0.0
-67.71389,-2.6045344,0.0,98.12847,49.620434,0.0
-20.435787,-85.12477,0.0,-16.404144,14.416286,0.0
33.23563,-68.07844,0.0,-7.631958,22.176353,0.0
-68.28166,-32.68479,0.0,89.834076,92.48844,0.0
89.127594,-61.893524,0.0,-89.186844,17.968811,0.0
-34.174118,55.172432,0.0,-17.753433,5.899302,0.0
29.907484,-18.66735,0.0,-59.586887,78.67622,0.0
-46.794743,-85.626495,0.0,5.2970366,-95.09681,0.0
58.438244,35.27221,0.0,35.92664,89.18493,0.0
-81.08097,66.47255,0.0,-51.94441,-0.5813159,0.0
-67.20037,31.221308,0.0,-53.317688,46.654476,0.0
-53.52418,-75.24244,0.0,-20.909264,54.162876,0.0
-33.99418,59.916004,0.0,-41.77541,-2.453784,0.0
99.0184,-31.673424,0.0,-10.066854,97.07595,0.0
62.25579,-36.126595,0.0,-64.3411,-43.776333,0.0
-62.512657,91.82185,0.0,-10.447,64.949486,0.0
29.630867,-81.374084,0.0,44.64012,34.07717,0.0
-6.3003073,-80.62226,0.0,69.01454,79.98005,0.0
25.17374,52.177773,0.0,-56.56706,91.97034,0.0
94.00882,-49.04389,0.0,81.542015,63.769173,0.0
-51.336426,-17.685726,0.0,-90.12223,97.571754,0.0
-24.500217,-80.38681,0.0,45.15151,48.3823,0.0
-71.296776,-45.85698,0.0,96.902954,-78.46487,0.0
-44.694523,96.960815,0.0,-94.8442,-53.45071,0.0
47.022934,-64.09304,0.0,-75.0056,37.41362,0.0
-34.45941,-59.22304,0.0,-89.53688,66.3398,0.0
-9.87151,-14.103235,0.0,32.156616,11.080624,0.0
90.346596,22.284119,0.0,-56.47538,-37.514076,0.0
-77.04226,-69.72656,0.0,-79.05315,41.269207,0.0
-79.85005,89.81421,0.0,30.63917,-25.298748,0.0
-29.478003,-90.33142,0.0,16.696508,-64.81813,0.0
38.100002,79.336685,0.0,-79.48077,78.470665,0.0
-32.500824,76.77764,0.0,-72.50937,-13.876123,0.0
-47.716167,-17.487621,0.0,66.092415,-98.3838,0.0
48.517708,-11.773255,0.0,-94.697845,55.876442,0.0
-99.88685,9.816025,0.0,83.88563,57.59631,0.0
-34.191296,98.3663,0.0,74.25018,39.633087,0.0
81.95635,64.11455,0.0,-19.740915,-7.1575737,0.0
-12.975101,-16.507427,0.0,11.307498,-89.8729,0.0
-90.30783,-96.60527,0.0,88.049194,94.631355,0.0
84.19502,-8.204931,0.0,-84.041855,36.568943,0.0
-56.447205,88.96079,0.0,49.33475,47.73731,0.0
-77.5889,-77.1722,0.0,-10.912169,48.541225,0.0
68.82128,-79.33075,0.0,32.939365,-58.565228,0.0
32.171608,46.28394,0.0,89.10172,-54.72787,0.0
24.361479,81.29184,0.0,-62.549355,88.504715,0.0
-98.07089,-35.02085,0.0,6.959202,94.82785,0.0
-78.602715,33.66232,0.0,-90.356445,87.826195,0.0
98.88934,86.37578,0.0,-79.50315,52.15059,0.0
49.258064,-86.95351,0.0,-8.786336,-12.840679,0.0
40.897953,95.80407,0.0,-32.48478,-27.80302,0.0
-97.2208,-2.2276285,0.0,-95.67771,10.517728,0.0
